{
"type": "FeatureCollection",
"name": "shadows-1600",
"crs": { "type": "name", "properties": { "name": "urn:ogc:def:crs:OGC:1.3:CRS84" } },
"features": [
{ "type": "Feature", "properties": { "time": "2026-06-21T16:00:00+05:00", "altitude_deg": 39.17, "azimuth_deg": 258.85 }, "geometry": { "type": "MultiPolygon", "coordinates": [ [ [ [ 71.444948310919003, 51.15291407099884 ], [ 71.4447259, 51.1528898 ], [ 71.4446669, 51.1530974 ], [ 71.444889411162549, 51.153121771023301 ], [ 71.444948310919003, 51.15291407099884 ] ] ], [ [ [ 71.444531, 51.1531177 ], [ 71.4445088, 51.1531942 ], [ 71.444628811237521, 51.153207171145795 ], [ 71.444651011147997, 51.153130771136532 ], [ 71.444531, 51.1531177 ] ] ], [ [ [ 71.4445075, 51.1531998 ], [ 71.4444824, 51.153283 ], [ 71.44460471134262, 51.153296671155729 ], [ 71.444629811245207, 51.153213471145207 ], [ 71.4445075, 51.1531998 ] ] ], [ [ [ 71.445271573838383, 51.154065425348669 ], [ 71.445579974067712, 51.15406992446794 ], [ 71.445580758643587, 51.154048942709707 ], [ 71.44585075501935, 51.154076644188464 ], [ 71.4458473, 51.1540901 ], [ 71.446900563221206, 51.154196950505131 ], [ 71.446998960970191, 51.15381395030397 ], [ 71.4465405, 51.1537673 ], [ 71.445905704618966, 51.153953410561449 ], [ 71.446048358172177, 51.153432752597745 ], [ 71.4455836, 51.1533842 ], [ 71.445444377610528, 51.153892323838804 ], [ 71.445054663649856, 51.153869898266557 ], [ 71.445052458227053, 51.15360028470942 ], [ 71.445178511782046, 51.153611270877363 ], [ 71.445202711650509, 51.153499770867768 ], [ 71.445051522637058, 51.153485905622105 ], [ 71.445051057619438, 51.153429054970161 ], [ 71.444774, 51.1534007 ], [ 71.4445648, 51.1534013 ], [ 71.4445692, 51.1539396 ], [ 71.444941444003717, 51.15396768223912 ], [ 71.4449391, 51.1540314 ], [ 71.445271573838383, 51.154065425348669 ] ] ], [ [ [ 71.4442897, 51.1537094 ], [ 71.4442894, 51.1537582 ], [ 71.444397311882582, 51.153763971246363 ], [ 71.444397611823916, 51.153715171247065 ], [ 71.4442897, 51.1537094 ] ] ], [ [ [ 71.44231, 51.1536655 ], [ 71.442281, 51.153686 ], [ 71.4422822, 51.1539151 ], [ 71.4423216, 51.1540694 ], [ 71.442476, 51.1541002 ], [ 71.442753060603465, 51.154128560376037 ], [ 71.444004761243647, 51.154124257399197 ], [ 71.44400315940014, 51.153817857429281 ], [ 71.4424924, 51.1536651 ], [ 71.44231, 51.1536655 ] ] ], [ [ [ 71.444280612031349, 51.153897971299585 ], [ 71.4442252, 51.1538923 ], [ 71.4441783, 51.1539247 ], [ 71.444242, 51.153961 ], [ 71.444297412115773, 51.153966671290419 ], [ 71.444344312081796, 51.15393427126866 ], [ 71.444280612031349, 51.153897971299585 ] ] ], [ [ [ 71.4441689, 51.1542118 ], [ 71.4441395, 51.1543147 ], [ 71.444349612567677, 51.154337771259208 ], [ 71.44437901244703, 51.154234871246999 ], [ 71.4441689, 51.1542118 ] ] ], [ [ [ 71.4442878, 51.1544363 ], [ 71.444262, 51.1545397 ], [ 71.444482712851027, 51.154561571192062 ], [ 71.444508512729527, 51.154458271181554 ], [ 71.4442878, 51.1544363 ] ] ], [ [ [ 71.4429679, 51.1544532 ], [ 71.4429563, 51.1548156 ], [ 71.443416926115091, 51.154832843415278 ], [ 71.443513125746094, 51.154670943329315 ], [ 71.443515825625909, 51.154620743328451 ], [ 71.443446625334531, 51.154505743398225 ], [ 71.443379525239664, 51.154472243463232 ], [ 71.4429679, 51.1544532 ] ] ], [ [ [ 71.4440711, 51.1545349 ], [ 71.444036, 51.1546379 ], [ 71.444567613035559, 51.154707471149166 ], [ 71.44460271291527, 51.154604371134241 ], [ 71.4440711, 51.1545349 ] ] ], [ [ [ 71.4449465, 51.1546671 ], [ 71.4449216, 51.1547522 ], [ 71.445116413173807, 51.154773870886949 ], [ 71.445141313074217, 51.154688870876548 ], [ 71.4449465, 51.1546671 ] ] ], [ [ [ 71.444260513033555, 51.154732971294813 ], [ 71.4440631, 51.1547082 ], [ 71.444033300000015, 51.154795699999987 ], [ 71.444230713135497, 51.154820371307487 ], [ 71.444260513033555, 51.154732971294813 ] ] ], [ [ [ 71.4449089, 51.1547798 ], [ 71.444884, 51.1548649 ], [ 71.445078913305494, 51.154886670902847 ], [ 71.445103813205804, 51.154801570892474 ], [ 71.4449089, 51.1547798 ] ] ], [ [ [ 71.4440115, 51.1548436 ], [ 71.4439817, 51.154931 ], [ 71.444179213292884, 51.154955771329668 ], [ 71.444209013190815, 51.154868271317007 ], [ 71.4440115, 51.1548436 ] ] ], [ [ [ 71.4427532, 51.1548736 ], [ 71.4427467, 51.1549337 ], [ 71.4428707, 51.1550597 ], [ 71.4429885, 51.1550969 ], [ 71.443061, 51.155117 ], [ 71.443352526827411, 51.155134643466205 ], [ 71.443485526735927, 51.155084843341385 ], [ 71.443499726421635, 51.154952943332376 ], [ 71.443435026295035, 51.154906043395542 ], [ 71.4427532, 51.1548736 ] ] ], [ [ [ 71.4448727, 51.1549203 ], [ 71.4448478, 51.1550054 ], [ 71.44504261347052, 51.155027070917711 ], [ 71.44506761337081, 51.154941970907288 ], [ 71.4448727, 51.1549203 ] ] ], [ [ [ 71.4439673, 51.154995 ], [ 71.4439375, 51.1550824 ], [ 71.444134913470293, 51.155107171348156 ], [ 71.444164713368195, 51.155019671335474 ], [ 71.4439673, 51.154995 ] ] ], [ [ [ 71.444119113514205, 51.155145071355022 ], [ 71.4439217, 51.1551203 ], [ 71.4438919, 51.1552078 ], [ 71.444089313616146, 51.15523247136769 ], [ 71.444119113514205, 51.155145071355022 ] ] ], [ [ [ 71.4448043, 51.1551179 ], [ 71.4447794, 51.155203 ], [ 71.444974213701045, 51.155224770946866 ], [ 71.444999213601349, 51.155139670936435 ], [ 71.4448043, 51.1551179 ] ] ], [ [ [ 71.4438855, 51.155249 ], [ 71.4438557, 51.1553365 ], [ 71.444053113767112, 51.155361171382708 ], [ 71.444082913665156, 51.155273771370041 ], [ 71.4438855, 51.155249 ] ] ], [ [ [ 71.443464968532439, 51.155383958575122 ], [ 71.443414067694022, 51.15524905870776 ], [ 71.443137, 51.1552207 ], [ 71.4428776, 51.1552194 ], [ 71.4428754, 51.1554342 ], [ 71.443152468838889, 51.155462559311687 ], [ 71.44343496900305, 51.155464858639547 ], [ 71.443464968532439, 51.155383958575122 ] ] ], [ [ [ 71.4447534, 51.155322299999987 ], [ 71.4447284, 51.1554074 ], [ 71.444923313941501, 51.155429170967572 ], [ 71.444948213841798, 51.155344070957184 ], [ 71.4447534, 51.155322299999987 ] ] ], [ [ [ 71.4438412, 51.1553752 ], [ 71.4438114, 51.1554626 ], [ 71.444008913914217, 51.15548737140157 ], [ 71.444038613812126, 51.155399871388958 ], [ 71.4438412, 51.1553752 ] ] ], [ [ [ 71.4447105, 51.1554502 ], [ 71.4446855, 51.1555353 ], [ 71.444880414090775, 51.155557070985779 ], [ 71.444905313991072, 51.155471970975412 ], [ 71.4447105, 51.1554502 ] ] ], [ [ [ 71.44399981395776, 51.155524371405271 ], [ 71.4438023, 51.1554997 ], [ 71.4437725, 51.1555871 ], [ 71.443970014059829, 51.155611871417953 ], [ 71.44399981395776, 51.155524371405271 ] ] ], [ [ [ 71.4446568, 51.1556226 ], [ 71.4446319, 51.1557077 ], [ 71.444826714292446, 51.155729471008385 ], [ 71.444851714192751, 51.155644370997919 ], [ 71.4446568, 51.1556226 ] ] ], [ [ [ 71.4437473, 51.1556595 ], [ 71.4437176, 51.1557469 ], [ 71.443915014246187, 51.155771671441364 ], [ 71.443944814144245, 51.155684271428697 ], [ 71.4437473, 51.1556595 ] ] ], [ [ [ 71.445272814334743, 51.155725170796224 ], [ 71.4450779, 51.1557034 ], [ 71.445053, 51.1557885 ], [ 71.445247814434325, 51.155810170806667 ], [ 71.445272814334743, 51.155725170796224 ] ] ], [ [ [ 71.4437071, 51.1557832 ], [ 71.4436773, 51.1558706 ], [ 71.443874714390589, 51.155895271458419 ], [ 71.443904514288633, 51.155807871445731 ], [ 71.4437071, 51.1557832 ] ] ], [ [ [ 71.4426548, 51.1561324 ], [ 71.442824829143973, 51.15614424393366 ], [ 71.442977129063323, 51.156097243790363 ], [ 71.443342028399769, 51.155789143453752 ], [ 71.443371828289173, 51.155740543427051 ], [ 71.443372828164769, 51.155688743427895 ], [ 71.4427357, 51.1556734 ], [ 71.4426625, 51.155736299999987 ], [ 71.4426548, 51.1561324 ] ] ], [ [ [ 71.445231214472983, 51.155843770813981 ], [ 71.4450363, 51.155822 ], [ 71.4450114, 51.155907099999986 ], [ 71.445206314572573, 51.155928770824367 ], [ 71.445231214472983, 51.155843770813981 ] ] ], [ [ [ 71.4445777, 51.1558741 ], [ 71.4445528, 51.1559592 ], [ 71.444747614586575, 51.155980971041686 ], [ 71.444772514486857, 51.155895871031312 ], [ 71.4445777, 51.1558741 ] ] ], [ [ [ 71.443765614436614, 51.155943171509506 ], [ 71.4436406, 51.1559483 ], [ 71.4436949, 51.1560859 ], [ 71.4438199146079, 51.156080771481314 ], [ 71.443765614436614, 51.155943171509506 ] ] ], [ [ [ 71.4445227, 51.1561034 ], [ 71.4444978, 51.1561884 ], [ 71.444692614856436, 51.156210171063933 ], [ 71.444717514756718, 51.156125071053545 ], [ 71.4445227, 51.1561034 ] ] ], [ [ [ 71.443954, 51.1561929 ], [ 71.4437538, 51.156225 ], [ 71.4438008, 51.1563402 ], [ 71.443856214930662, 51.156345871459493 ], [ 71.444056314913468, 51.156313871364844 ], [ 71.444009414769781, 51.156198571389133 ], [ 71.443954, 51.1561929 ] ] ], [ [ [ 71.443507, 51.1563422 ], [ 71.4423612, 51.1563252 ], [ 71.4423607, 51.15646 ], [ 71.442637774734706, 51.156488360448009 ], [ 71.443179675027309, 51.156489059158979 ], [ 71.443179727103129, 51.156474996588948 ], [ 71.443596575464511, 51.156524858164282 ], [ 71.443779875573469, 51.156526757728102 ], [ 71.443784074636184, 51.156370557731499 ], [ 71.443507, 51.1563422 ] ] ], [ [ [ 71.444685415055957, 51.156376671064493 ], [ 71.44463, 51.156371 ], [ 71.4445221, 51.1564249 ], [ 71.4446104, 51.1564945 ], [ 71.444665815202427, 51.156500171071691 ], [ 71.444773715149083, 51.156446271021295 ], [ 71.444685415055957, 51.156376671064493 ] ] ], [ [ [ 71.4448473, 51.1565178 ], [ 71.4447393, 51.1565717 ], [ 71.4448276, 51.1566413 ], [ 71.444883015402127, 51.156646970965845 ], [ 71.444991015348776, 51.156593070915406 ], [ 71.444902715255665, 51.156523470958611 ], [ 71.4448473, 51.1565178 ] ] ], [ [ [ 71.4449753, 51.156618299999984 ], [ 71.4448674, 51.156672199999988 ], [ 71.4449557, 51.1567418 ], [ 71.445011115536659, 51.156747470903184 ], [ 71.4451190154833, 51.156693570852788 ], [ 71.445030715390175, 51.156623970895971 ], [ 71.4449753, 51.156618299999984 ] ] ], [ [ [ 71.4439739, 51.1567849 ], [ 71.4440391, 51.1568213 ], [ 71.444149931082251, 51.156832642649292 ], [ 71.444345231055962, 51.156804442464427 ], [ 71.444282030628926, 51.15663254253046 ], [ 71.4441712, 51.1566212 ], [ 71.4439721, 51.1566499 ], [ 71.4439476, 51.1567131 ], [ 71.4439739, 51.1567849 ] ] ], [ [ [ 71.4451034, 51.1567353 ], [ 71.4449955, 51.1567891 ], [ 71.4450838, 51.1568587 ], [ 71.445139215690929, 51.156864370840246 ], [ 71.445247115637557, 51.156810470789843 ], [ 71.445158815544559, 51.156740970833035 ], [ 71.4451034, 51.1567353 ] ] ], [ [ [ 71.44320397939741, 51.157213459039099 ], [ 71.4429269, 51.1571851 ], [ 71.442625648507047, 51.157180073240809 ], [ 71.442632775178936, 51.156562660453531 ], [ 71.4423557, 51.1565343 ], [ 71.4421853, 51.156533499999988 ], [ 71.4421779, 51.1571657 ], [ 71.442363217709499, 51.157184668547515 ], [ 71.4423586, 51.157293 ], [ 71.442635679743987, 51.157321360381616 ], [ 71.443198980100306, 51.157330759040924 ], [ 71.44320397939741, 51.157213459039099 ] ] ], [ [ [ 71.4433158, 51.15659260000001 ], [ 71.4432842, 51.1572081 ], [ 71.443732179837895, 51.157239957780412 ], [ 71.443763776151926, 51.156624357758048 ], [ 71.4433158, 51.15659260000001 ] ] ], [ [ [ 71.444875, 51.1567978 ], [ 71.4445263, 51.156961 ], [ 71.4446443, 51.1570384 ], [ 71.444699715860338, 51.157044071046244 ], [ 71.445035015736138, 51.156911170889018 ], [ 71.444930415595451, 51.156803470940609 ], [ 71.444875, 51.1567978 ] ] ], [ [ [ 71.444421815616892, 51.156866271181478 ], [ 71.4442636, 51.1568296 ], [ 71.4440091, 51.156868 ], [ 71.4440904, 51.1570642 ], [ 71.444145815832414, 51.157069871309304 ], [ 71.44446911577505, 51.156993571156811 ], [ 71.444421815616892, 51.156866271181478 ] ] ], [ [ [ 71.4438749, 51.1572188 ], [ 71.4438377, 51.1572326 ], [ 71.4439138, 51.1573135 ], [ 71.443969216113558, 51.157319171389041 ], [ 71.444006416100891, 51.157305371371571 ], [ 71.443930315995473, 51.15722447140918 ], [ 71.4438749, 51.1572188 ] ] ], [ [ [ 71.444432716073834, 51.157245171169819 ], [ 71.4443773, 51.1572395 ], [ 71.4442581, 51.1572844 ], [ 71.4443298, 51.1573593 ], [ 71.444385216212922, 51.157364971190368 ], [ 71.444504416171469, 51.157319971134413 ], [ 71.444432716073834, 51.157245171169819 ] ] ], [ [ [ 71.4432415, 51.1575977 ], [ 71.4431195, 51.1576246 ], [ 71.443137725171454, 51.157692682070042 ], [ 71.4429591, 51.1576744 ], [ 71.4412096, 51.1576659 ], [ 71.4412083, 51.1577741 ], [ 71.441290032352626, 51.157782466479084 ], [ 71.4411263, 51.1577819 ], [ 71.4411253, 51.1579031 ], [ 71.443121416740567, 51.157915371782153 ], [ 71.443122369994001, 51.157810413322402 ], [ 71.443169302201639, 51.157810640916665 ], [ 71.4431785, 51.157845 ], [ 71.443587625157463, 51.157886872073405 ], [ 71.4435836, 51.15794540000001 ], [ 71.443850516859669, 51.157949871434695 ], [ 71.443849716789188, 51.157891371436087 ], [ 71.443726412371817, 51.157886085037745 ], [ 71.443847550319788, 51.157861543891173 ], [ 71.443882449679762, 51.157799343751336 ], [ 71.443740247912956, 51.157648744383422 ], [ 71.443682718026238, 51.157642856598635 ], [ 71.443663941451376, 51.157413551528926 ], [ 71.443840116142269, 51.157354471449864 ], [ 71.443755616025953, 51.157265271491589 ], [ 71.4437002, 51.1572596 ], [ 71.4431822, 51.1574425 ], [ 71.44333872877688, 51.157607651061127 ], [ 71.4432415, 51.1575977 ] ] ], [ [ [ 71.44533191658482, 51.157590370736116 ], [ 71.445421116493009, 51.157506170695122 ], [ 71.445448116277419, 51.157324570685404 ], [ 71.445374016168216, 51.157240370722093 ], [ 71.4453186, 51.1572347 ], [ 71.4450535, 51.1573 ], [ 71.4451236, 51.1576156 ], [ 71.445179016605721, 51.157621270808328 ], [ 71.44533191658482, 51.157590370736116 ] ] ], [ [ [ 71.4447009, 51.157626 ], [ 71.4445812, 51.1576708 ], [ 71.4446544, 51.1577477 ], [ 71.44470981671472, 51.15775337102928 ], [ 71.444829516673437, 51.157708470973091 ], [ 71.444756316573248, 51.157631671009227 ], [ 71.4447009, 51.157626 ] ] ], [ [ [ 71.4425638, 51.1579349 ], [ 71.4425636, 51.1579518 ], [ 71.442647616741013, 51.15795767200683 ], [ 71.442647816720566, 51.157940672007008 ], [ 71.4425638, 51.1579349 ] ] ], [ [ [ 71.442153017005836, 51.158221572237586 ], [ 71.4420474, 51.158222 ], [ 71.4420422, 51.1582672 ], [ 71.442119417075176, 51.158282172252534 ], [ 71.442169617073304, 51.158276172228753 ], [ 71.442186417038627, 51.158245872221286 ], [ 71.442153017005836, 51.158221572237586 ] ] ], [ [ [ 71.445079495231923, 51.15967985436636 ], [ 71.445235295162604, 51.159654553997918 ], [ 71.444778588267468, 51.15854875517914 ], [ 71.4445015, 51.1585204 ], [ 71.444376899254948, 51.158540633644243 ], [ 71.444338187821387, 51.158513556229742 ], [ 71.4440611, 51.1584852 ], [ 71.4426944, 51.1592539 ], [ 71.4428082, 51.1593335 ], [ 71.443085292257635, 51.15936185913727 ], [ 71.444381640555051, 51.158632724333863 ], [ 71.4448024, 51.1596515 ], [ 71.445079495231923, 51.15967985436636 ] ] ], [ [ [ 71.4452344, 51.15902 ], [ 71.4450896, 51.159046899999986 ], [ 71.4451244, 51.1591207 ], [ 71.445179818416563, 51.159126370782111 ], [ 71.445324718399633, 51.159099470713649 ], [ 71.445289818307131, 51.159025670731509 ], [ 71.4452344, 51.15902 ] ] ], [ [ [ 71.443286, 51.159407 ], [ 71.4442438, 51.1595755 ], [ 71.444520894477478, 51.15960385570164 ], [ 71.44461391872909, 51.159436171046011 ], [ 71.4444351, 51.1594137 ], [ 71.444417599507688, 51.159464130011585 ], [ 71.443623992343419, 51.159328457858713 ], [ 71.4433469, 51.1593001 ], [ 71.443286, 51.159407 ] ] ], [ [ [ 71.4415694, 51.1597695 ], [ 71.4407389, 51.1604876 ], [ 71.4406939, 51.1606431 ], [ 71.442038938406554, 51.160790640855758 ], [ 71.4419259, 51.1611024 ], [ 71.4420289, 51.1611612 ], [ 71.442184020566188, 51.161177972172183 ], [ 71.442778220594448, 51.161148871889978 ], [ 71.442905120580988, 51.161126471830002 ], [ 71.442929720488209, 51.161047171819654 ], [ 71.442455354359694, 51.160428117252913 ], [ 71.442575405839506, 51.159985722377741 ], [ 71.442613019181948, 51.159989571988447 ], [ 71.443122618799094, 51.159626271752238 ], [ 71.443216518612715, 51.159463071710348 ], [ 71.4425716, 51.159324 ], [ 71.4424777, 51.1594872 ], [ 71.442362441308774, 51.159772439076285 ], [ 71.4418501, 51.15972 ], [ 71.4415694, 51.1597695 ] ] ], [ [ [ 71.444235818940172, 51.159645071222322 ], [ 71.4434213, 51.159552 ], [ 71.4432736, 51.1600801 ], [ 71.444088119540979, 51.160157471283789 ], [ 71.444235818940172, 51.159645071222322 ] ] ], [ [ [ 71.4442809, 51.1597654 ], [ 71.4441947, 51.1600493 ], [ 71.444889739174585, 51.16013034183225 ], [ 71.444975938509998, 51.159846541759968 ], [ 71.4442809, 51.1597654 ] ] ], [ [ [ 71.445143319618268, 51.160128370782289 ], [ 71.4450879, 51.1601227 ], [ 71.4447965, 51.16018720000001 ], [ 71.4448206, 51.1602301 ], [ 71.444876019719047, 51.160235770907605 ], [ 71.445167419672444, 51.160171270770086 ], [ 71.445143319618268, 51.160128370782289 ] ] ], [ [ [ 71.443945819943224, 51.160504371345546 ], [ 71.444016019619696, 51.160229271316872 ], [ 71.4437772, 51.16020120000001 ], [ 71.4432857, 51.1602091 ], [ 71.4432267, 51.1604315 ], [ 71.443945819943224, 51.160504371345546 ] ] ], [ [ [ 71.4440221, 51.16029850000001 ], [ 71.4438611, 51.160904 ], [ 71.444088220462319, 51.160923171270625 ], [ 71.444238419753702, 51.160320971209508 ], [ 71.4440221, 51.16029850000001 ] ] ], [ [ [ 71.4428987, 51.1605158 ], [ 71.4428268, 51.1607932 ], [ 71.443109120236429, 51.16082207173816 ], [ 71.443181019910313, 51.160544671708713 ], [ 71.4428987, 51.1605158 ] ] ], [ [ [ 71.4436844, 51.1605321 ], [ 71.4436048, 51.160835 ], [ 71.443837720358516, 51.160859071390895 ], [ 71.443917320002527, 51.160556171358209 ], [ 71.4436844, 51.1605321 ] ] ], [ [ [ 71.445480399928357, 51.160425053348803 ], [ 71.4452033, 51.1603967 ], [ 71.444983, 51.1604355 ], [ 71.4453471, 51.161227 ], [ 71.445624205000186, 51.161255352935498 ], [ 71.445839304934751, 51.161225452426386 ], [ 71.445480399928357, 51.160425053348803 ] ] ], [ [ [ 71.4434508, 51.1608283 ], [ 71.4434338, 51.160896899999983 ], [ 71.443693220419078, 51.160922171458559 ], [ 71.443713320338901, 51.160853771450164 ], [ 71.4434508, 51.1608283 ] ] ], [ [ [ 71.444537, 51.1606559 ], [ 71.4444351, 51.161063 ], [ 71.444662220726755, 51.161092170994642 ], [ 71.44475872023105, 51.160671670955942 ], [ 71.444537, 51.1606559 ] ] ], [ [ [ 71.443048, 51.1610374 ], [ 71.4430167, 51.1611669 ], [ 71.443722720797737, 51.161234271439177 ], [ 71.443788520479629, 51.160964071412501 ], [ 71.4435425, 51.16094 ], [ 71.4435079, 51.1610806 ], [ 71.443048, 51.1610374 ] ] ], [ [ [ 71.444145120506263, 51.160954671243019 ], [ 71.4438205, 51.160925 ], [ 71.4437455, 51.1612544 ], [ 71.444427020971133, 51.161316071102696 ], [ 71.444454320829763, 51.161196171091767 ], [ 71.444145120506263, 51.160954671243019 ] ] ], [ [ [ 71.445013620970272, 51.161263470824522 ], [ 71.4446573, 51.1612191 ], [ 71.44461440000002, 51.1613503 ], [ 71.444970721123596, 51.161394670842682 ], [ 71.445013620970272, 51.161263470824522 ] ] ], [ [ [ 71.445488521100714, 51.161329870597442 ], [ 71.4450986, 51.1612829 ], [ 71.4450606, 51.1614074 ], [ 71.445446721246668, 51.161454870615195 ], [ 71.445488521100714, 51.161329870597442 ] ] ], [ [ [ 71.4417673, 51.1618521 ], [ 71.4417107, 51.1620558 ], [ 71.4417232, 51.16216210000001 ], [ 71.44247601580652, 51.162240204667533 ], [ 71.4424726, 51.1622537 ], [ 71.442672721936788, 51.162273771920901 ], [ 71.442972804133092, 51.161754944310452 ], [ 71.443005202300526, 51.161636044134895 ], [ 71.442827057354421, 51.161601838388243 ], [ 71.442869420972229, 51.161454771841349 ], [ 71.442727220938792, 51.161439571909263 ], [ 71.4426718, 51.1614339 ], [ 71.442629134283493, 51.161581582602821 ], [ 71.4421007, 51.1615275 ], [ 71.4419426, 51.1615255 ], [ 71.4418903, 51.1615498 ], [ 71.4417673, 51.1618521 ] ] ], [ [ [ 71.4430622, 51.1614737 ], [ 71.4430112, 51.1616586 ], [ 71.443179821271926, 51.161676371689879 ], [ 71.443232621056978, 51.161493071667898 ], [ 71.4430622, 51.1614737 ] ] ], [ [ [ 71.4433214, 51.161718 ], [ 71.443472821374357, 51.161735571549464 ], [ 71.443497621281821, 51.161656471539025 ], [ 71.443479921169114, 51.161564371549034 ], [ 71.4433611, 51.1615509 ], [ 71.4432893, 51.1615736 ], [ 71.4432634, 51.1616563 ], [ 71.4433214, 51.161718 ] ] ], [ [ [ 71.443949921281231, 51.161615971324537 ], [ 71.4436841, 51.1615846 ], [ 71.443652, 51.1616912 ], [ 71.4437814, 51.1617418 ], [ 71.443907721446166, 51.161756771342183 ], [ 71.443949921281231, 51.161615971324537 ] ] ], [ [ [ 71.444278021304115, 51.161605971168612 ], [ 71.4441831, 51.1615955 ], [ 71.4441247, 51.1616071 ], [ 71.4440826, 51.1617421 ], [ 71.444233521483355, 51.16175887118716 ], [ 71.444278021304115, 51.161605971168612 ] ] ], [ [ [ 71.444580021471381, 51.161718271022998 ], [ 71.4444014, 51.1616969 ], [ 71.4443602, 51.1618235 ], [ 71.444538821619446, 51.161844971040424 ], [ 71.444580021471381, 51.161718271022998 ] ] ], [ [ [ 71.4436224, 51.1617352 ], [ 71.4435947, 51.1618326 ], [ 71.443874721570907, 51.161863371356077 ], [ 71.443902521456678, 51.161765971344522 ], [ 71.4436224, 51.1617352 ] ] ], [ [ [ 71.4446134, 51.1617236 ], [ 71.4445773, 51.1618628 ], [ 71.444748021684205, 51.161880270940301 ], [ 71.44478422152055, 51.161741070925466 ], [ 71.4446134, 51.1617236 ] ] ], [ [ [ 71.445004121551776, 51.161747570820737 ], [ 71.4448414, 51.1617217 ], [ 71.4447718, 51.1618672 ], [ 71.444934521719446, 51.161893070851349 ], [ 71.445004121551776, 51.161747570820737 ] ] ], [ [ [ 71.4450165, 51.1617556 ], [ 71.4449799, 51.1618788 ], [ 71.445150721748249, 51.161897870748419 ], [ 71.445187221604002, 51.161774770733153 ], [ 71.4450165, 51.1617556 ] ] ], [ [ [ 71.444375821610777, 51.161852171117864 ], [ 71.444340721567571, 51.161819371135124 ], [ 71.4441285, 51.161798099999984 ], [ 71.4441005, 51.1618965 ], [ 71.444354321695386, 51.161924371126851 ], [ 71.444375821610777, 51.161852171117864 ] ] ], [ [ [ 71.4451939, 51.1617714 ], [ 71.44515730000002, 51.1618839 ], [ 71.445764621873494, 51.161947670455497 ], [ 71.44580532172705, 51.16182237043828 ], [ 71.4451939, 51.1617714 ] ] ], [ [ [ 71.4435658, 51.1618653 ], [ 71.4435381, 51.1619627 ], [ 71.443818121721435, 51.161993471380761 ], [ 71.443845921607206, 51.16189607136922 ], [ 71.4435658, 51.1618653 ] ] ], [ [ [ 71.4440975, 51.1619325 ], [ 71.4440776, 51.1620114 ], [ 71.444313521824114, 51.162034971144365 ], [ 71.444333521731295, 51.16195607113621 ], [ 71.4440975, 51.1619325 ] ] ], [ [ [ 71.4434421, 51.1620137 ], [ 71.4434246, 51.1620831 ], [ 71.443785121869197, 51.162119171394309 ], [ 71.443802721787421, 51.162049671387123 ], [ 71.4434421, 51.1620137 ] ] ], [ [ [ 71.4440722, 51.1620544 ], [ 71.4440416, 51.1621484 ], [ 71.44426712198873, 51.162175871164038 ], [ 71.444297721878741, 51.162081771151072 ], [ 71.4440722, 51.1620544 ] ] ], [ [ [ 71.4434529, 51.1621279 ], [ 71.4434348, 51.1621993 ], [ 71.44376402200291, 51.162232171402408 ], [ 71.443782021919048, 51.162160871395074 ], [ 71.4434529, 51.1621279 ] ] ], [ [ [ 71.4427655, 51.1621668 ], [ 71.4427389, 51.1622719 ], [ 71.442891921976511, 51.162287371816376 ], [ 71.442918521852732, 51.162182171805533 ], [ 71.4427655, 51.1621668 ] ] ], [ [ [ 71.443131321901276, 51.162203671703921 ], [ 71.4429582, 51.1621863 ], [ 71.442931800000011, 51.1622908 ], [ 71.443104922024219, 51.162308171714677 ], [ 71.443131321901276, 51.162203671703921 ] ] ], [ [ [ 71.4440296, 51.1621865 ], [ 71.4440061, 51.1622657 ], [ 71.444241222126152, 51.162292371174352 ], [ 71.444264722033481, 51.162213271164518 ], [ 71.4440296, 51.1621865 ] ] ], [ [ [ 71.4431935, 51.1622207 ], [ 71.4431672, 51.1623131 ], [ 71.443370222085051, 51.162335271587992 ], [ 71.443396521976666, 51.162242871577099 ], [ 71.4431935, 51.1622207 ] ] ], [ [ [ 71.443752722072119, 51.162290671406794 ], [ 71.4434299, 51.1622577 ], [ 71.4434059, 51.1623503 ], [ 71.443728822180887, 51.162383171416558 ], [ 71.443752722072119, 51.162290671406794 ] ] ], [ [ [ 71.4454138, 51.1622346 ], [ 71.4453965, 51.1623032 ], [ 71.445641222317647, 51.162327670507679 ], [ 71.445658522237039, 51.162259170500604 ], [ 71.4454138, 51.1622346 ] ] ], [ [ [ 71.4418306, 51.1623375 ], [ 71.4418038, 51.1624361 ], [ 71.442063222100302, 51.162463572207614 ], [ 71.442090021984512, 51.162364972196549 ], [ 71.4418306, 51.1623375 ] ] ], [ [ [ 71.4440153, 51.1623015 ], [ 71.4439884, 51.1624078 ], [ 71.444303422306305, 51.162436571142273 ], [ 71.44433022219016, 51.162337671131247 ], [ 71.4440153, 51.1623015 ] ] ], [ [ [ 71.4421306, 51.1623712 ], [ 71.4421038, 51.1624698 ], [ 71.442363222172787, 51.162497272064314 ], [ 71.442390022056998, 51.16239867205325 ], [ 71.4421306, 51.1623712 ] ] ], [ [ [ 71.4445451, 51.1624793 ], [ 71.444774322435478, 51.162502270917109 ], [ 71.444808022278906, 51.162369170903375 ], [ 71.4444095, 51.1623364 ], [ 71.444369, 51.1624609 ], [ 71.444540922385613, 51.162481471028528 ], [ 71.444557243226129, 51.162431339745439 ], [ 71.4445451, 51.1624793 ] ] ], [ [ [ 71.4425769, 51.1623984 ], [ 71.4425461, 51.16249710000001 ], [ 71.442744022235971, 51.16251607188282 ], [ 71.442777522125809, 51.162421571868506 ], [ 71.4425769, 51.1623984 ] ] ], [ [ [ 71.445640222376738, 51.162376870507309 ], [ 71.4453975, 51.1623526 ], [ 71.4453798, 51.162422799999987 ], [ 71.445622422459437, 51.162447170514575 ], [ 71.445640222376738, 51.162376870507309 ] ] ], [ [ [ 71.4428064, 51.1624159 ], [ 71.4427709, 51.1625233 ], [ 71.442968422297639, 51.162547471775532 ], [ 71.44300402217219, 51.162440071760422 ], [ 71.4428064, 51.1624159 ] ] ], [ [ [ 71.445179922371565, 51.162413270725693 ], [ 71.444960800000018, 51.162391 ], [ 71.4449259, 51.1625257 ], [ 71.44514502253007, 51.162548070739987 ], [ 71.445179922371565, 51.162413270725693 ] ] ], [ [ [ 71.4430128, 51.16245150000001 ], [ 71.4429804, 51.1625592 ], [ 71.443177922361102, 51.162581671675248 ], [ 71.443210422234955, 51.162473971661662 ], [ 71.4430128, 51.16245150000001 ] ] ], [ [ [ 71.4432513, 51.1624824 ], [ 71.4432284, 51.162577299999988 ], [ 71.443431522407224, 51.162597571554343 ], [ 71.443452922292195, 51.162500071545828 ], [ 71.4432513, 51.1624824 ] ] ], [ [ [ 71.443672422351042, 51.162529571440885 ], [ 71.4434699, 51.1625041 ], [ 71.4434459, 51.1626001 ], [ 71.443642922453094, 51.162616971453438 ], [ 71.443672422351042, 51.162529571440885 ] ] ], [ [ [ 71.4453844, 51.1624849 ], [ 71.445363, 51.1625505 ], [ 71.445600222616278, 51.16257947052285 ], [ 71.445621522539611, 51.162513870513855 ], [ 71.4453844, 51.1624849 ] ] ], [ [ [ 71.4434396, 51.1626338 ], [ 71.4434177, 51.1627214 ], [ 71.443619622606917, 51.162746871462289 ], [ 71.443641522497586, 51.162654071453453 ], [ 71.4434396, 51.1626338 ] ] ], [ [ [ 71.4423492, 51.16270440000001 ], [ 71.4423332, 51.1628019 ], [ 71.44263162259584, 51.162825071930996 ], [ 71.442650822479237, 51.162726471923555 ], [ 71.4423492, 51.16270440000001 ] ] ], [ [ [ 71.443552522661889, 51.162798471493332 ], [ 71.443233600000013, 51.1627601 ], [ 71.4432262, 51.1627868 ], [ 71.4432603, 51.1628213 ], [ 71.443536522727811, 51.162854671499979 ], [ 71.443552522661889, 51.162798471493332 ] ] ], [ [ [ 71.442866322597837, 51.162805971819672 ], [ 71.4426474, 51.1627832 ], [ 71.442608691323642, 51.162934863304578 ], [ 71.442600022708859, 51.162921771944383 ], [ 71.4423413, 51.1629035 ], [ 71.4423247, 51.1630038 ], [ 71.442617970289277, 51.16302515954407 ], [ 71.4426247, 51.1630457 ], [ 71.442798822901608, 51.163064371847355 ], [ 71.442866322597837, 51.162805971819672 ] ] ], [ [ [ 71.4437872, 51.1631551 ], [ 71.4442599, 51.1632494 ], [ 71.445225578531563, 51.163338148877713 ], [ 71.445392976579996, 51.162746748682231 ], [ 71.4438389, 51.1625833 ], [ 71.4436926, 51.1631233 ], [ 71.4437872, 51.1631551 ] ] ], [ [ [ 71.44317332341744, 51.163459871662411 ], [ 71.44318720379826, 51.163369918032707 ], [ 71.443451223374467, 51.163399571531208 ], [ 71.443489323217733, 51.163265971515386 ], [ 71.4432921, 51.1632435 ], [ 71.443199040446331, 51.163293208833309 ], [ 71.443206823159755, 51.163242771650189 ], [ 71.4431514, 51.1632371 ], [ 71.4429238, 51.1632216 ], [ 71.4428387, 51.1632398 ], [ 71.442836837038598, 51.163252335293116 ], [ 71.4417966, 51.1631851 ], [ 71.4417658, 51.1633653 ], [ 71.442201647909286, 51.163400726108222 ], [ 71.4421796, 51.1635304 ], [ 71.4423095, 51.1635639 ], [ 71.443009697980813, 51.163619986498269 ], [ 71.443037519939679, 51.163449886784484 ], [ 71.44317332341744, 51.163459871662411 ] ] ], [ [ [ 71.443513, 51.1643213 ], [ 71.443683046140436, 51.16434012504903 ], [ 71.4436698, 51.1643832 ], [ 71.443920180797733, 51.164409489117602 ], [ 71.44393201146913, 51.164366993117959 ], [ 71.445359012938837, 51.164516006217774 ], [ 71.445416412866933, 51.16450710579344 ], [ 71.445558208877344, 51.164282404799557 ], [ 71.445707499072824, 51.163747803832997 ], [ 71.445700094374587, 51.163498603954828 ], [ 71.445534342421624, 51.163465986790619 ], [ 71.445537523659354, 51.163451770537719 ], [ 71.445378, 51.163434 ], [ 71.445374099768827, 51.163447619120305 ], [ 71.4442362, 51.1633302 ], [ 71.4440678, 51.1633315 ], [ 71.4438329, 51.1633088 ], [ 71.4437968, 51.1634555 ], [ 71.44396994902273, 51.163473020982181 ], [ 71.4434826, 51.1641908 ], [ 71.4434688, 51.1642996 ], [ 71.443513, 51.1643213 ] ] ], [ [ [ 71.4430696, 51.1636534 ], [ 71.4430508, 51.1637459 ], [ 71.44327222379502, 51.16376487161012 ], [ 71.443291023685589, 51.163672271602763 ], [ 71.4430696, 51.1636534 ] ] ], [ [ [ 71.44239232382553, 51.163868072026972 ], [ 71.442501723824549, 51.1638575719751 ], [ 71.442521423710744, 51.163761271967402 ], [ 71.4421042, 51.1637264 ], [ 71.4420852, 51.1638191 ], [ 71.442166, 51.1638486 ], [ 71.44239232382553, 51.163868072026972 ] ] ], [ [ [ 71.4430059, 51.1638054 ], [ 71.4429906, 51.1638938 ], [ 71.44321702396509, 51.163911071633869 ], [ 71.443232223860335, 51.163822671628154 ], [ 71.4430059, 51.1638054 ] ] ], [ [ [ 71.4432421, 51.1640563 ], [ 71.4432273, 51.1641092 ], [ 71.443336960216271, 51.164120817099111 ], [ 71.443351760158166, 51.164068017093363 ], [ 71.4432421, 51.1640563 ] ] ], [ [ [ 71.443316860304293, 51.1642006171068 ], [ 71.4432046, 51.164188899999985 ], [ 71.4431913, 51.1642386 ], [ 71.443303560359027, 51.164250317111929 ], [ 71.443316860304293, 51.1642006171068 ] ] ], [ [ [ 71.44295762477293, 51.164605271745394 ], [ 71.4413416, 51.1644357 ], [ 71.4412394, 51.1647772 ], [ 71.4416389, 51.1648485 ], [ 71.442839725225184, 51.164991471794863 ], [ 71.44295762477293, 51.164605271745394 ] ] ], [ [ [ 71.443646008379602, 51.165406984935601 ], [ 71.44380158700362, 51.165088703019457 ], [ 71.443959225482061, 51.165105871260273 ], [ 71.44397522542647, 51.165058271253486 ], [ 71.443824576427829, 51.165041671002058 ], [ 71.443833325269821, 51.165021564058222 ], [ 71.444379525501887, 51.165085171060667 ], [ 71.444440125288551, 51.164902571034951 ], [ 71.44437602525359, 51.164879171065863 ], [ 71.4439532, 51.1648252 ], [ 71.4438831, 51.164829 ], [ 71.443858137822417, 51.16490762898848 ], [ 71.443674105353907, 51.16486818491623 ], [ 71.4434143, 51.1648416 ], [ 71.4433026, 51.164846700000012 ], [ 71.4431459, 51.1653552 ], [ 71.4431767, 51.1653857 ], [ 71.4433455, 51.1654048 ], [ 71.443605308496942, 51.165431385024412 ], [ 71.443646008379602, 51.165406984935601 ] ] ], [ [ [ 71.44293672539942, 51.165127671746376 ], [ 71.4427255, 51.1651046 ], [ 71.4427034, 51.1651825 ], [ 71.442914625490701, 51.165205471755563 ], [ 71.44293672539942, 51.165127671746376 ] ] ], [ [ [ 71.444890125635183, 51.165150770816595 ], [ 71.4446925, 51.1651282 ], [ 71.443727, 51.1653772 ], [ 71.4437074, 51.1654601 ], [ 71.444777326122548, 51.165565670863138 ], [ 71.444890125635183, 51.165150770816595 ] ] ], [ [ [ 71.4430979, 51.1654661 ], [ 71.4430764, 51.1655452 ], [ 71.443313925972291, 51.165570271559325 ], [ 71.443335425879496, 51.165491271550444 ], [ 71.4430979, 51.1654661 ] ] ], [ [ [ 71.4434506, 51.165525 ], [ 71.44342850000001, 51.16560290000001 ], [ 71.443642126074508, 51.165626171402224 ], [ 71.443664225983113, 51.165548271393035 ], [ 71.4434506, 51.165525 ] ] ], [ [ [ 71.443948, 51.1655709 ], [ 71.4439233, 51.1656584 ], [ 71.444121226190148, 51.165679871173332 ], [ 71.444145926087458, 51.1655923711631 ], [ 71.443948, 51.1655709 ] ] ], [ [ [ 71.4441711, 51.16559860000001 ], [ 71.4441475, 51.1656825 ], [ 71.444348726243732, 51.165704271064676 ], [ 71.44437232614527, 51.165620371054906 ], [ 71.4441711, 51.16559860000001 ] ] ], [ [ [ 71.4443642, 51.1657064 ], [ 71.444744026339379, 51.165748770875844 ], [ 71.444785026158272, 51.165594670858987 ], [ 71.4445778, 51.1655731 ], [ 71.444559862474236, 51.165640518967145 ], [ 71.444387, 51.1656223 ], [ 71.4443642, 51.1657064 ] ] ], [ [ [ 71.4431108, 51.1656415 ], [ 71.4430841, 51.1657299 ], [ 71.443349126205064, 51.165760571539309 ], [ 71.443375926101396, 51.165672071528085 ], [ 71.4431108, 51.1656415 ] ] ], [ [ [ 71.4435049, 51.1656818 ], [ 71.4434739, 51.165789899999986 ], [ 71.443755526321283, 51.165821171344923 ], [ 71.443786526194458, 51.165713071332021 ], [ 71.4435049, 51.1656818 ] ] ], [ [ [ 71.444073626290148, 51.165767171194503 ], [ 71.4438649, 51.16574450000001 ], [ 71.4438408, 51.1658303 ], [ 71.444049526390842, 51.165852971204501 ], [ 71.444073626290148, 51.165767171194503 ] ] ], [ [ [ 71.442987, 51.1658159 ], [ 71.4429652, 51.1658873 ], [ 71.443217526378817, 51.165916571599254 ], [ 71.443239326295199, 51.165845171590107 ], [ 71.442987, 51.1658159 ] ] ], [ [ [ 71.444181, 51.1657623 ], [ 71.4441327, 51.1659293 ], [ 71.444391126553711, 51.165958071040158 ], [ 71.44443942635786, 51.165791071020031 ], [ 71.444181, 51.1657623 ] ] ], [ [ [ 71.444745426439411, 51.165831770873766 ], [ 71.4445116, 51.165806 ], [ 71.4444731, 51.1659401 ], [ 71.444706926596851, 51.165965970889779 ], [ 71.444745426439411, 51.165831770873766 ] ] ], [ [ [ 71.4445331, 51.1659549 ], [ 71.4445, 51.1660689 ], [ 71.444716926750885, 51.166093070882845 ], [ 71.444750026617214, 51.165979070869049 ], [ 71.4445331, 51.1659549 ] ] ], [ [ [ 71.4434459, 51.1659977 ], [ 71.443424, 51.1660726 ], [ 71.443728426662261, 51.166106871352916 ], [ 71.443750326574573, 51.166032071343771 ], [ 71.4434459, 51.1659977 ] ] ], [ [ [ 71.444705126818491, 51.166150270887471 ], [ 71.4443181, 51.1661108 ], [ 71.4442436, 51.1664029 ], [ 71.444495727129592, 51.166427270982346 ], [ 71.444676126915539, 51.166233470899847 ], [ 71.444705126818491, 51.166150270887471 ] ] ], [ [ [ 71.4433432, 51.1662849 ], [ 71.4433043, 51.1663982 ], [ 71.443508827020551, 51.166423971451962 ], [ 71.443547626888304, 51.166310671435433 ], [ 71.4433432, 51.1662849 ] ] ], [ [ [ 71.4436767, 51.1663251 ], [ 71.4436503, 51.1664513 ], [ 71.444096227181547, 51.166505771171074 ], [ 71.444141827038607, 51.166382971151492 ], [ 71.4436767, 51.1663251 ] ] ], [ [ [ 71.444658827320652, 51.166571570902271 ], [ 71.444691927186952, 51.16645757088849 ], [ 71.444475, 51.166433399999988 ], [ 71.444467997991183, 51.166457515724915 ], [ 71.4442751, 51.1664333 ], [ 71.4442362, 51.1665466 ], [ 71.444440727298385, 51.166572371006026 ], [ 71.444449000166841, 51.166548213336831 ], [ 71.444658827320652, 51.166571570902271 ] ] ], [ [ [ 71.445048, 51.1667706 ], [ 71.4449469, 51.1671563 ], [ 71.445487440775253, 51.167212652749846 ], [ 71.445588538501113, 51.166825852542509 ], [ 71.445048, 51.1667706 ] ] ], [ [ [ 71.4439419, 51.167552 ], [ 71.4439177, 51.1676176 ], [ 71.444218428582417, 51.167658771093166 ], [ 71.44424252850601, 51.167593171082835 ], [ 71.4439419, 51.167552 ] ] ], [ [ [ 71.4453953, 51.1684964 ], [ 71.446748999322622, 51.168627183816866 ], [ 71.4468571, 51.1686595 ], [ 71.447601862033451, 51.16873613532514 ], [ 71.447783962183635, 51.16873043428658 ], [ 71.447856770153805, 51.168714996065503 ], [ 71.4478233, 51.1688456 ], [ 71.448775466437027, 51.168937228582784 ], [ 71.449105025165977, 51.168919963328449 ], [ 71.4490519, 51.1689368 ], [ 71.4487594, 51.1695155 ], [ 71.4488672, 51.1696494 ], [ 71.449356095503404, 51.169699396996414 ], [ 71.4493033, 51.1697187 ], [ 71.449209, 51.1699352 ], [ 71.4494332, 51.170111699999985 ], [ 71.449598932130769, 51.170130668490643 ], [ 71.450093631976429, 51.169958768258205 ], [ 71.449824194973985, 51.169624943710424 ], [ 71.450368575913487, 51.169452419380285 ], [ 71.449948667851004, 51.168931421885269 ], [ 71.449588773050763, 51.168894618554383 ], [ 71.44982956632515, 51.168836322584937 ], [ 71.4495238600786, 51.16843092441399 ], [ 71.448783557749621, 51.168335128660637 ], [ 71.4481184, 51.1682671 ], [ 71.447985557837868, 51.168356858300761 ], [ 71.448020255271274, 51.168231033040314 ], [ 71.4451211, 51.1679378 ], [ 71.445088149612047, 51.168116845963667 ], [ 71.4448465, 51.1680747 ], [ 71.4446456, 51.1681993 ], [ 71.4445822, 51.1684193 ], [ 71.445040229646025, 51.168469670688239 ], [ 71.445145629441868, 51.168290770641171 ], [ 71.445180529299833, 51.168169670626618 ], [ 71.445161572058069, 51.168152613108539 ], [ 71.445985840146122, 51.168399036842132 ], [ 71.4454329, 51.1683451 ], [ 71.4453953, 51.1684964 ] ] ], [ [ [ 71.445129830324021, 51.169024970636109 ], [ 71.445143930031435, 51.168780670633566 ], [ 71.4448308, 51.1687495 ], [ 71.4447317, 51.1689854 ], [ 71.445129830324021, 51.169024970636109 ] ] ], [ [ [ 71.4457476, 51.1686628 ], [ 71.4456615, 51.1687086 ], [ 71.4455192, 51.1691877 ], [ 71.4455843, 51.1692691 ], [ 71.445839130726384, 51.169296470293951 ], [ 71.446003130014077, 51.168690270226314 ], [ 71.4457476, 51.1686628 ] ] ], [ [ [ 71.4453799, 51.1692803 ], [ 71.4453178, 51.169406599999981 ], [ 71.445575, 51.1695295 ], [ 71.445802131031712, 51.169553370307149 ], [ 71.445839631000084, 51.169523770289821 ], [ 71.445895530756815, 51.16931677026674 ], [ 71.4454292, 51.1692675 ], [ 71.4453799, 51.1692803 ] ] ], [ [ [ 71.4464854, 51.1503728 ], [ 71.4464199, 51.1504974 ], [ 71.446679108254187, 51.150545170216148 ], [ 71.44674460811143, 51.150420670187152 ], [ 71.4464854, 51.1503728 ] ] ], [ [ [ 71.445549540914115, 51.152846406461514 ], [ 71.44622366415507, 51.153026924233124 ], [ 71.4451164, 51.1529133 ], [ 71.4450467, 51.153132 ], [ 71.446561211557835, 51.153302570224916 ], [ 71.446623502926172, 51.153133991157006 ], [ 71.446783, 51.1531767 ], [ 71.447306869129548, 51.153232919625147 ], [ 71.447425566291315, 51.152829119327954 ], [ 71.445829249049581, 51.152644358067214 ], [ 71.445853310691149, 51.15264457057296 ], [ 71.445877610595829, 51.152563170562793 ], [ 71.4448266, 51.152445299999982 ], [ 71.444787, 51.1525782 ], [ 71.4448655, 51.1526191 ], [ 71.444976121697806, 51.152632052537186 ], [ 71.4449595, 51.1526884 ], [ 71.445281307547461, 51.152774577026292 ], [ 71.4448523, 51.1527333 ], [ 71.4448269, 51.1528418 ], [ 71.445534287470636, 51.152911566501786 ], [ 71.445549540914115, 51.152846406461514 ] ] ], [ [ [ 71.4447438, 51.1531384 ], [ 71.4447066, 51.153263 ], [ 71.44581515778593, 51.153389153156155 ], [ 71.44585235705641, 51.15326455307838 ], [ 71.4447438, 51.1531384 ] ] ], [ [ [ 71.448125800000014, 51.1538908 ], [ 71.448347512510736, 51.153936869364244 ], [ 71.448470912410542, 51.153842669307167 ], [ 71.44736581183767, 51.153464069839373 ], [ 71.4473104, 51.1534584 ], [ 71.44727102215839, 51.153494211738682 ], [ 71.4460762, 51.153371499999984 ], [ 71.446039, 51.1535135 ], [ 71.447358308076232, 51.153649029510383 ], [ 71.44736116994423, 51.153638104753405 ], [ 71.448125800000014, 51.1538908 ] ] ], [ [ [ 71.4459556, 51.154367700000016 ], [ 71.4459307, 51.1544528 ], [ 71.446125612921051, 51.154474470411998 ], [ 71.446150512821461, 51.154389470401611 ], [ 71.4459556, 51.154367700000016 ] ] ], [ [ [ 71.445659012795389, 51.154411270635059 ], [ 71.4454642, 51.1543895 ], [ 71.4454392, 51.1544746 ], [ 71.445634112895107, 51.154496370645433 ], [ 71.445659012795389, 51.154411270635059 ] ] ], [ [ [ 71.4468856, 51.1544603 ], [ 71.4467456, 51.1544824 ], [ 71.4467791, 51.1545663 ], [ 71.446834513113728, 51.154571970073107 ], [ 71.446974513102035, 51.154549870006875 ], [ 71.44694101299757, 51.154465970024255 ], [ 71.4468856, 51.1544603 ] ] ], [ [ [ 71.4454172, 51.1545636 ], [ 71.4453923, 51.1546487 ], [ 71.445587113099521, 51.154670470664811 ], [ 71.445612112999811, 51.154585370654388 ], [ 71.4454172, 51.1545636 ] ] ], [ [ [ 71.446964, 51.1546344 ], [ 71.446824, 51.1546564 ], [ 71.4468576, 51.1547404 ], [ 71.446913013331482, 51.154746070032765 ], [ 71.447053013319803, 51.154723969966547 ], [ 71.447019413215315, 51.154640069983955 ], [ 71.446964, 51.1546344 ] ] ], [ [ [ 71.4465196, 51.154619 ], [ 71.4463877, 51.1546401 ], [ 71.4464596, 51.154817 ], [ 71.446515013381301, 51.154822670220781 ], [ 71.446646913370074, 51.154801670158406 ], [ 71.446575013149513, 51.154624670195638 ], [ 71.4465196, 51.154619 ] ] ], [ [ [ 71.4464433, 51.154868699999987 ], [ 71.44609, 51.154943899999985 ], [ 71.4461383, 51.1550331 ], [ 71.446193713607059, 51.155038770369927 ], [ 71.446547013554181, 51.15496357020313 ], [ 71.446498713441756, 51.154874370227645 ], [ 71.4464433, 51.154868699999987 ] ] ], [ [ [ 71.4453099, 51.154922 ], [ 71.445285, 51.155007 ], [ 71.445479813519071, 51.155028770709713 ], [ 71.44550481341939, 51.154943670699282 ], [ 71.4453099, 51.154922 ] ] ], [ [ [ 71.445465913561023, 51.155064870715698 ], [ 71.445271, 51.1550431 ], [ 71.4452461, 51.1551282 ], [ 71.445441013660613, 51.155149870726092 ], [ 71.445465913561023, 51.155064870715698 ] ] ], [ [ [ 71.4467213, 51.1550247 ], [ 71.4465813, 51.1550467 ], [ 71.4466148, 51.1551307 ], [ 71.44667021377515, 51.155136370141577 ], [ 71.446810313763464, 51.155114270075288 ], [ 71.446776713658949, 51.155030370092717 ], [ 71.4467213, 51.1550247 ] ] ], [ [ [ 71.4452214, 51.155197 ], [ 71.4451965, 51.1552821 ], [ 71.445391313840574, 51.155303870747069 ], [ 71.445416313740864, 51.155218770736646 ], [ 71.4452214, 51.155197 ] ] ], [ [ [ 71.446842413840017, 51.155175070058981 ], [ 71.446787, 51.1551694 ], [ 71.446647, 51.155191399999985 ], [ 71.4466806, 51.1552753 ], [ 71.44673601395607, 51.155280970107782 ], [ 71.446876013944504, 51.155258970041551 ], [ 71.446842413840017, 51.155175070058981 ] ] ], [ [ [ 71.4458178, 51.155257699999986 ], [ 71.4457898, 51.15534490000001 ], [ 71.445980413979996, 51.155367670465751 ], [ 71.446008413878076, 51.155280470453931 ], [ 71.4458178, 51.155257699999986 ] ] ], [ [ [ 71.4463454, 51.1552537 ], [ 71.4462137, 51.1552794 ], [ 71.4462557, 51.1553643 ], [ 71.446311114017931, 51.155369970308385 ], [ 71.44644291400104, 51.155344270246133 ], [ 71.446400813894442, 51.155259370267615 ], [ 71.4463454, 51.1552537 ] ] ], [ [ [ 71.445381413897024, 51.155351670750974 ], [ 71.4451865, 51.1553299 ], [ 71.4451616, 51.155415 ], [ 71.445356513996742, 51.155436770761362 ], [ 71.445381413897024, 51.155351670750974 ] ] ], [ [ [ 71.4466453, 51.155339299999987 ], [ 71.4464843, 51.1553628 ], [ 71.4465187, 51.1554553 ], [ 71.446574114155368, 51.155460970181707 ], [ 71.446735014144096, 51.155437370105588 ], [ 71.446700714029305, 51.15534497012348 ], [ 71.4466453, 51.155339299999987 ] ] ], [ [ [ 71.4451463, 51.1554553 ], [ 71.4451214, 51.1555403 ], [ 71.445316214143176, 51.155562070778373 ], [ 71.445341214043466, 51.155476970767957 ], [ 71.4451463, 51.1554553 ] ] ], [ [ [ 71.4468835, 51.1553988 ], [ 71.4467366, 51.1554234 ], [ 71.4468094, 51.1555944 ], [ 71.446864814353617, 51.155600070041025 ], [ 71.447011714339652, 51.155575469971566 ], [ 71.446938914126207, 51.155404470009159 ], [ 71.4468835, 51.1553988 ] ] ], [ [ [ 71.4451061, 51.1555814 ], [ 71.4450811, 51.1556665 ], [ 71.445276014290698, 51.155688270795338 ], [ 71.44530091419098, 51.15560317078495 ], [ 71.4451061, 51.1555814 ] ] ], [ [ [ 71.4461627, 51.155705399999988 ], [ 71.4460377, 51.1557337 ], [ 71.4461354, 51.1559034 ], [ 71.446190814653633, 51.155909070356358 ], [ 71.446315814632868, 51.155880770297394 ], [ 71.446218114418357, 51.155711070346769 ], [ 71.4461627, 51.155705399999988 ] ] ], [ [ [ 71.4470136, 51.15571 ], [ 71.4468666, 51.1557346 ], [ 71.4469395, 51.1559056 ], [ 71.446994914741808, 51.155911269973778 ], [ 71.447141814727843, 51.155886669904348 ], [ 71.447069014514398, 51.155715669941891 ], [ 71.4470136, 51.15571 ] ] ], [ [ [ 71.445876114626884, 51.155914670505986 ], [ 71.4458207, 51.155909 ], [ 71.4456957, 51.155937199999983 ], [ 71.4457934, 51.156107 ], [ 71.44584881486216, 51.156112670515554 ], [ 71.445973814841423, 51.156084370456583 ], [ 71.445876114626884, 51.155914670505986 ] ] ], [ [ [ 71.4451779, 51.155985200000011 ], [ 71.4450562, 51.1560186 ], [ 71.4451718, 51.1561839 ], [ 71.445227214888519, 51.156189570809957 ], [ 71.445348914861199, 51.156156070752644 ], [ 71.445233314650167, 51.15599087081047 ], [ 71.4451779, 51.155985200000011 ] ] ], [ [ [ 71.4463173, 51.156013299999984 ], [ 71.4461856, 51.1560389 ], [ 71.4462276, 51.15612380000001 ], [ 71.446283014928568, 51.156129470308713 ], [ 71.446414714911768, 51.156103870246504 ], [ 71.446372714805179, 51.156018970267937 ], [ 71.4463173, 51.156013299999984 ] ] ], [ [ [ 71.445404114983376, 51.15625277072472 ], [ 71.4453487, 51.1562471 ], [ 71.4452237, 51.156275399999984 ], [ 71.4453213, 51.1564451 ], [ 71.445376715218643, 51.156450770734352 ], [ 71.445501815197915, 51.156422470675331 ], [ 71.445404114983376, 51.15625277072472 ] ] ], [ [ [ 71.4462247, 51.1562808 ], [ 71.446093, 51.156306400000013 ], [ 71.446135, 51.1563913 ], [ 71.446190415240508, 51.156396970348183 ], [ 71.446322215223731, 51.156371370285918 ], [ 71.446280115117105, 51.156286470307407 ], [ 71.4462247, 51.1562808 ] ] ], [ [ [ 71.4470683, 51.1563803 ], [ 71.4469252, 51.1564023 ], [ 71.4469585, 51.1564877 ], [ 71.44701391544406, 51.156493369954767 ], [ 71.447157015432936, 51.156471469887052 ], [ 71.447123715326541, 51.156385969904377 ], [ 71.4470683, 51.1563803 ] ] ], [ [ [ 71.446814815371653, 51.156450770050213 ], [ 71.4467594, 51.1564451 ], [ 71.4464897, 51.1564865 ], [ 71.446523, 51.1565719 ], [ 71.446578415499033, 51.156577570160486 ], [ 71.446848215477928, 51.156536170032858 ], [ 71.446814815371653, 51.156450770050213 ] ] ], [ [ [ 71.4463263, 51.156514 ], [ 71.4460565, 51.1565554 ], [ 71.4460899, 51.1566409 ], [ 71.446145315535972, 51.156646570365353 ], [ 71.446415015514845, 51.156605170237754 ], [ 71.446381715408435, 51.156519670255065 ], [ 71.4463263, 51.156514 ] ] ], [ [ [ 71.445818, 51.1565948 ], [ 71.4455483, 51.1566362 ], [ 71.4455816, 51.1567216 ], [ 71.445637015578967, 51.156727270605771 ], [ 71.445906715557868, 51.156685870478171 ], [ 71.445873415451572, 51.156600470495484 ], [ 71.445818, 51.1565948 ] ] ], [ [ [ 71.447031815663351, 51.156674069943151 ], [ 71.4469764, 51.1566684 ], [ 71.4468333, 51.1566904 ], [ 71.4468666, 51.1567758 ], [ 71.446922015780871, 51.156781469993525 ], [ 71.447065215769641, 51.156759469925774 ], [ 71.447031815663351, 51.156674069943151 ] ] ], [ [ [ 71.4467391, 51.1567105 ], [ 71.4465959, 51.1567325 ], [ 71.446600870962399, 51.156745248375628 ], [ 71.4465486, 51.1567399 ], [ 71.4464055, 51.1567619 ], [ 71.44643880000001, 51.1568473 ], [ 71.446494215821374, 51.156852970195821 ], [ 71.446637415810144, 51.15683097012807 ], [ 71.446632433441962, 51.156818230844245 ], [ 71.446684615806262, 51.15682357010575 ], [ 71.446827815795018, 51.156801570037999 ], [ 71.446794515688737, 51.156716170055319 ], [ 71.4467391, 51.1567105 ] ] ], [ [ [ 71.446396215727333, 51.156783470243646 ], [ 71.4463408, 51.1567778 ], [ 71.4461976, 51.1567997 ], [ 71.4462309, 51.1568852 ], [ 71.446286315844844, 51.156890870294077 ], [ 71.446429515833614, 51.156868870226319 ], [ 71.446396215727333, 51.156783470243646 ] ] ], [ [ [ 71.445882715888885, 51.156963170484836 ], [ 71.446025815877633, 51.156941170417149 ], [ 71.446017870353614, 51.15692079370794 ], [ 71.446070415864341, 51.156926170396183 ], [ 71.446213615853111, 51.156904170328446 ], [ 71.446180215746836, 51.156818770345801 ], [ 71.4461248, 51.1568131 ], [ 71.4459817, 51.1568351 ], [ 71.445989645481774, 51.156855476731927 ], [ 71.4459371, 51.1568501 ], [ 71.4457939, 51.1568721 ], [ 71.4458273, 51.1569575 ], [ 71.445882715888885, 51.156963170484836 ] ] ], [ [ [ 71.4452409, 51.1568488 ], [ 71.445133, 51.1569027 ], [ 71.4452213, 51.1569723 ], [ 71.445276715842212, 51.156977970772893 ], [ 71.445384615788853, 51.156924070722482 ], [ 71.445296315695728, 51.156854470765666 ], [ 71.4452409, 51.1568488 ] ] ], [ [ [ 71.4456769, 51.1568896 ], [ 71.4455338, 51.1569116 ], [ 71.4455671, 51.156997 ], [ 71.445622515908724, 51.157002670607937 ], [ 71.445765615897599, 51.156980770540244 ], [ 71.44573231579119, 51.156895270557548 ], [ 71.4456769, 51.1568896 ] ] ], [ [ [ 71.4453919, 51.15700660000001 ], [ 71.4452602, 51.157032300000012 ], [ 71.4453022, 51.1571172 ], [ 71.445357616025149, 51.157122870731904 ], [ 71.445489316008349, 51.157097270669702 ], [ 71.445447315901646, 51.157012270691141 ], [ 71.4453919, 51.15700660000001 ] ] ], [ [ [ 71.445802715999221, 51.157061970521212 ], [ 71.4457473, 51.1570563 ], [ 71.4456156, 51.1570819 ], [ 71.4456576, 51.1571668 ], [ 71.445713016122625, 51.157172470561989 ], [ 71.445844716105839, 51.157146870499766 ], [ 71.445802715999221, 51.157061970521212 ] ] ], [ [ [ 71.4458157, 51.157223699999989 ], [ 71.445684, 51.1572493 ], [ 71.445726, 51.1573342 ], [ 71.445781416331272, 51.15733987052657 ], [ 71.4459131163145, 51.157314270464362 ], [ 71.445871116207897, 51.15722937048578 ], [ 71.4458157, 51.157223699999989 ] ] ], [ [ [ 71.44687841650115, 51.157384070003921 ], [ 71.447020416489437, 51.157361769936756 ], [ 71.44701624610525, 51.157351300458018 ], [ 71.447064816487554, 51.157356269915731 ], [ 71.447206816475941, 51.157334069848552 ], [ 71.447173316371206, 51.157249969865944 ], [ 71.4471179, 51.1572443 ], [ 71.4469759, 51.157266499999984 ], [ 71.446980070365143, 51.157276969501844 ], [ 71.446931500000019, 51.157272 ], [ 71.4467895, 51.1572943 ], [ 71.446823, 51.1573784 ], [ 71.44687841650115, 51.157384070003921 ] ] ], [ [ [ 71.4467196, 51.157310699999982 ], [ 71.4465776, 51.157333 ], [ 71.446582693860762, 51.157345787892652 ], [ 71.4465359, 51.157341 ], [ 71.4463939, 51.1573633 ], [ 71.4464274, 51.157447399999988 ], [ 71.446482816542087, 51.15745307019094 ], [ 71.446624816530374, 51.157430770123767 ], [ 71.446619722644343, 51.157417982252944 ], [ 71.446666516525184, 51.15742277010407 ], [ 71.446808516513443, 51.157400470036919 ], [ 71.446775016408722, 51.157316370054282 ], [ 71.4467196, 51.157310699999982 ] ] ], [ [ [ 71.446328, 51.157378799999989 ], [ 71.446186, 51.1574011 ], [ 71.4462195, 51.1574852 ], [ 71.446274916565443, 51.157490870289209 ], [ 71.446416916553829, 51.157468670222016 ], [ 71.446383416448981, 51.157384470239407 ], [ 71.446328, 51.157378799999989 ] ] ], [ [ [ 71.446175316468583, 51.15741917033781 ], [ 71.4461199, 51.1574135 ], [ 71.4459786, 51.1574375 ], [ 71.4460146, 51.1575212 ], [ 71.446070016586958, 51.157526870386057 ], [ 71.446211316573098, 51.157502870319263 ], [ 71.446175316468583, 51.15741917033781 ] ] ], [ [ [ 71.4459174, 51.1574472 ], [ 71.4457761, 51.1574711 ], [ 71.4458121, 51.1575548 ], [ 71.44586751660583, 51.157560470481819 ], [ 71.446008816592098, 51.157536570414997 ], [ 71.445972816487583, 51.157452870433566 ], [ 71.4459174, 51.1574472 ] ] ], [ [ [ 71.4469566, 51.1617445 ], [ 71.4469425, 51.161797 ], [ 71.447143121863974, 51.16181786980188 ], [ 71.4471572218023, 51.161765369796072 ], [ 71.4469566, 51.1617445 ] ] ], [ [ [ 71.446331, 51.1618817 ], [ 71.4462991, 51.1619662 ], [ 71.446553122022024, 51.162001370079423 ], [ 71.446585121923746, 51.161916870065646 ], [ 71.446331, 51.1618817 ] ] ], [ [ [ 71.4455353, 51.1619662 ], [ 71.4455175, 51.1620364 ], [ 71.445737622003946, 51.162058470466434 ], [ 71.44575542192139, 51.161988270459176 ], [ 71.4455353, 51.1619662 ] ] ], [ [ [ 71.446523922134446, 51.162097370091665 ], [ 71.446294, 51.1620658 ], [ 71.4462642, 51.1621447 ], [ 71.446494122226213, 51.162176270104496 ], [ 71.446523922134446, 51.162097370091665 ] ] ], [ [ [ 71.4455009, 51.1620987 ], [ 71.4454831, 51.1621689 ], [ 71.44570322215975, 51.162190970480516 ], [ 71.445721022077151, 51.162120770473265 ], [ 71.4455009, 51.1620987 ] ] ], [ [ [ 71.4461545, 51.1622747 ], [ 71.4461247, 51.162353599999989 ], [ 71.446354622462749, 51.162385170167276 ], [ 71.446384422370983, 51.162306270154446 ], [ 71.4461545, 51.1622747 ] ] ], [ [ [ 71.4470015, 51.1622961 ], [ 71.4469188, 51.1624515 ], [ 71.447103022661523, 51.162484169809524 ], [ 71.44718562248319, 51.162328669772883 ], [ 71.4470015, 51.1622961 ] ] ], [ [ [ 71.4461272, 51.1626024 ], [ 71.4460869, 51.1627167 ], [ 71.446365422906865, 51.162753270155818 ], [ 71.446405622773469, 51.162638870138657 ], [ 71.4461272, 51.1626024 ] ] ], [ [ [ 71.4472085, 51.1626534 ], [ 71.4471817, 51.162761 ], [ 71.44738862304979, 51.162781569668525 ], [ 71.447415522923038, 51.162673869657567 ], [ 71.4472085, 51.1626534 ] ] ], [ [ [ 71.4466979, 51.1626914 ], [ 71.4466657, 51.1627789 ], [ 71.446993023058596, 51.162823869856027 ], [ 71.447025222956853, 51.162736469842194 ], [ 71.4466979, 51.1626914 ] ] ], [ [ [ 71.446331522937669, 51.162781870171457 ], [ 71.4460874, 51.1627678 ], [ 71.4460766, 51.162862 ], [ 71.446320723049865, 51.162876070174981 ], [ 71.446331522937669, 51.162781870171457 ] ] ], [ [ [ 71.4466907, 51.1628439 ], [ 71.4466666, 51.1629314 ], [ 71.446950123220105, 51.162961869874067 ], [ 71.44697422311738, 51.162874369864092 ], [ 71.4466907, 51.1628439 ] ] ], [ [ [ 71.4460374, 51.1629049 ], [ 71.4460053, 51.1629991 ], [ 71.446317123245763, 51.163039170173882 ], [ 71.446349323135848, 51.162944970160197 ], [ 71.4460374, 51.1629049 ] ] ], [ [ [ 71.446939423263501, 51.162998869878521 ], [ 71.4467103, 51.1629693 ], [ 71.4466728, 51.163077 ], [ 71.44690182338897, 51.163106469894551 ], [ 71.446939423263501, 51.162998869878521 ] ] ], [ [ [ 71.447340123321055, 51.163011269687651 ], [ 71.4470959, 51.16301 ], [ 71.4471012, 51.1631008 ], [ 71.447345423430875, 51.163102069683575 ], [ 71.447340123321055, 51.163011269687651 ] ] ], [ [ [ 71.4459881, 51.1630434 ], [ 71.4459586, 51.1631275 ], [ 71.446271523396774, 51.163168670193372 ], [ 71.446301023298702, 51.163084570180771 ], [ 71.4459881, 51.1630434 ] ] ], [ [ [ 71.446877923486923, 51.163189969904479 ], [ 71.4465914, 51.1631569 ], [ 71.446564600000016, 51.1632461 ], [ 71.446851023591293, 51.16327906991576 ], [ 71.446877923486923, 51.163189969904479 ] ] ], [ [ [ 71.4459601, 51.1631819 ], [ 71.4459199, 51.1632627 ], [ 71.446153523546187, 51.163303270247198 ], [ 71.446193723453348, 51.163222570229465 ], [ 71.4459601, 51.1631819 ] ] ], [ [ [ 71.447063700000015, 51.1632068 ], [ 71.4470503, 51.1633043 ], [ 71.447281323685701, 51.163319469710345 ], [ 71.447294723569797, 51.163221969705653 ], [ 71.447063700000015, 51.1632068 ] ] ], [ [ [ 71.4466395, 51.163282 ], [ 71.4466127, 51.1633712 ], [ 71.44689912374696, 51.163404169890732 ], [ 71.44692602364259, 51.163315069879459 ], [ 71.4466395, 51.163282 ] ] ], [ [ [ 71.445904, 51.163317 ], [ 71.4458718, 51.1634096 ], [ 71.446129323711617, 51.163442870256311 ], [ 71.44616152360372, 51.163350370242583 ], [ 71.445904, 51.163317 ] ] ], [ [ [ 71.446568, 51.1634004 ], [ 71.4465304, 51.1634811 ], [ 71.446759723869803, 51.163518569955109 ], [ 71.446797223776684, 51.163437869938647 ], [ 71.446568, 51.1634004 ] ] ], [ [ [ 71.4470771, 51.1633985 ], [ 71.447061, 51.1634877 ], [ 71.447308223914206, 51.163506969694318 ], [ 71.447324323808559, 51.163417769688195 ], [ 71.4470771, 51.1633985 ] ] ], [ [ [ 71.446093923790528, 51.163511570271979 ], [ 71.4458612, 51.1634712 ], [ 71.4458242, 51.1635455 ], [ 71.446056923876014, 51.163585870288294 ], [ 71.446093923790528, 51.163511570271979 ] ] ], [ [ [ 71.4465282, 51.1635133 ], [ 71.4464907, 51.1636025 ], [ 71.446706024003802, 51.163634669978642 ], [ 71.44674362390046, 51.163545469962287 ], [ 71.4465282, 51.1635133 ] ] ], [ [ [ 71.4469935, 51.163595 ], [ 71.4468303, 51.1636492 ], [ 71.4468786, 51.1637063 ], [ 71.446934024121092, 51.163711969868849 ], [ 71.447097224073346, 51.163657869792139 ], [ 71.447048923999375, 51.163600669816084 ], [ 71.4469935, 51.163595 ] ] ], [ [ [ 71.446043523945448, 51.163644770293672 ], [ 71.4458166, 51.1636168 ], [ 71.4457844, 51.163714400000011 ], [ 71.44601132405937, 51.16374227030731 ], [ 71.446043523945448, 51.163644770293672 ] ] ], [ [ [ 71.4465951, 51.1636808 ], [ 71.4465629, 51.1637633 ], [ 71.446762324198019, 51.16379106994917 ], [ 71.446794524102273, 51.163708669935261 ], [ 71.4465951, 51.1636808 ] ] ], [ [ [ 71.4463468, 51.1637085 ], [ 71.4462261, 51.1637388 ], [ 71.4462966, 51.1638493 ], [ 71.44635202423126, 51.163854970143298 ], [ 71.446472724207638, 51.163824670086377 ], [ 71.446402224067143, 51.163714170121821 ], [ 71.4463468, 51.1637085 ] ] ], [ [ [ 71.447439424166447, 51.163704969628505 ], [ 71.447384, 51.1636993 ], [ 71.4472579, 51.1637312 ], [ 71.4473319, 51.1638459 ], [ 71.447387324337328, 51.163851569650781 ], [ 71.447513424312348, 51.163819669591334 ], [ 71.447439424166447, 51.163704969628505 ] ] ], [ [ [ 71.4458245, 51.1637871 ], [ 71.4457976, 51.1638412 ], [ 71.446083724247231, 51.163891970270299 ], [ 71.44611062418511, 51.163837970258442 ], [ 71.4458245, 51.1637871 ] ] ], [ [ [ 71.4471766, 51.1637483 ], [ 71.4470317, 51.1637887 ], [ 71.44712, 51.16391320000001 ], [ 71.447175424395766, 51.163918869750439 ], [ 71.447320224362684, 51.16387856968224 ], [ 71.447232024203345, 51.163753969726351 ], [ 71.4471766, 51.1637483 ] ] ], [ [ [ 71.4469588, 51.1638154 ], [ 71.446822, 51.1638625 ], [ 71.4469135, 51.163967 ], [ 71.446968924438536, 51.163972669847766 ], [ 71.447105724396536, 51.163925669783474 ], [ 71.447014224260926, 51.16382106982882 ], [ 71.4469588, 51.1638154 ] ] ], [ [ [ 71.4467706, 51.163898399999987 ], [ 71.4466526, 51.1639439 ], [ 71.446774, 51.164068 ], [ 71.446829424545257, 51.164073669912405 ], [ 71.446947424503179, 51.164028269857049 ], [ 71.446826024340794, 51.163904069916924 ], [ 71.4467706, 51.163898399999987 ] ] ], [ [ [ 71.447458, 51.1638964 ], [ 71.4471649, 51.164002 ], [ 71.44723, 51.164073 ], [ 71.447285424599812, 51.164078669695364 ], [ 71.447578424503888, 51.16397306955777 ], [ 71.447513424411511, 51.163902069589916 ], [ 71.447458, 51.1638964 ] ] ], [ [ [ 71.4465337, 51.1639609 ], [ 71.4464076, 51.164001299999988 ], [ 71.4465085, 51.164125199999987 ], [ 71.446563924585845, 51.164130870037724 ], [ 71.44668992455064, 51.164090469978483 ], [ 71.446589124390798, 51.16396657002857 ], [ 71.4465337, 51.1639609 ] ] ], [ [ [ 71.446374824447304, 51.164032470129406 ], [ 71.4463194, 51.1640268 ], [ 71.4461718, 51.1640823 ], [ 71.4462885, 51.1642042 ], [ 71.446343924657512, 51.164209870141057 ], [ 71.446491424606435, 51.164154370071827 ], [ 71.446374824447304, 51.164032470129406 ] ] ], [ [ [ 71.446202124607765, 51.164181070209011 ], [ 71.4457057, 51.1641241 ], [ 71.445652, 51.164306899999985 ], [ 71.446148624821717, 51.164363570231345 ], [ 71.446202124607765, 51.164181070209011 ] ] ], [ [ [ 71.4473065, 51.1642515 ], [ 71.447167, 51.1642986 ], [ 71.4472434, 51.1643875 ], [ 71.447298824979725, 51.164393169683585 ], [ 71.447438324937991, 51.164346169618028 ], [ 71.447361924822758, 51.16425716965589 ], [ 71.4473065, 51.1642515 ] ] ], [ [ [ 71.447114824876735, 51.164323869772318 ], [ 71.4470594, 51.1643182 ], [ 71.4469575, 51.1643502 ], [ 71.4470369, 51.1644498 ], [ 71.447092325032727, 51.164455469780755 ], [ 71.447194225005063, 51.164423469732824 ], [ 71.447114824876735, 51.164323869772318 ] ] ], [ [ [ 71.4469242, 51.1643791 ], [ 71.4468008, 51.1644178 ], [ 71.4468652, 51.1644986 ], [ 71.44692062507319, 51.164504269861617 ], [ 71.447044025039744, 51.164465569803568 ], [ 71.446979624935665, 51.164384769835593 ], [ 71.4469242, 51.1643791 ] ] ], [ [ [ 71.4466442, 51.164425 ], [ 71.4465423, 51.1644637 ], [ 71.4466506, 51.1645759 ], [ 71.446706025143371, 51.164581569962387 ], [ 71.446807925107663, 51.16454286991457 ], [ 71.446699624961084, 51.164430669968006 ], [ 71.4466442, 51.164425 ] ] ], [ [ [ 71.446368125746261, 51.165112370114052 ], [ 71.4463127, 51.1651067 ], [ 71.4460739, 51.1651596 ], [ 71.4461222, 51.1652453 ], [ 71.446177625892815, 51.165250970202308 ], [ 71.446416425854665, 51.165198170089596 ], [ 71.446368125746261, 51.165112370114052 ] ] ], [ [ [ 71.4471176, 51.165112899999983 ], [ 71.4469539, 51.1651635 ], [ 71.4470185, 51.1652457 ], [ 71.447073925988676, 51.165251369775852 ], [ 71.447237525945184, 51.165200769698878 ], [ 71.447173025839376, 51.165118569730964 ], [ 71.4471176, 51.165112899999983 ] ] ], [ [ [ 71.4464763, 51.1652421 ], [ 71.4463132, 51.1652919 ], [ 71.4463694, 51.1653643 ], [ 71.446424826062341, 51.165369970082644 ], [ 71.446587926019774, 51.165320170005913 ], [ 71.446531725926633, 51.165247770033886 ], [ 71.4464763, 51.1652421 ] ] ], [ [ [ 71.4472812, 51.1652385 ], [ 71.4471135, 51.1652923 ], [ 71.4471672, 51.1653582 ], [ 71.447222626139904, 51.165363869703157 ], [ 71.447390426092994, 51.165310069624255 ], [ 71.447336626007967, 51.16524416965099 ], [ 71.4472812, 51.1652385 ] ] ], [ [ [ 71.4473447, 51.1653672 ], [ 71.4472006, 51.1654085 ], [ 71.447252, 51.1654789 ], [ 71.447307426294202, 51.165484569660755 ], [ 71.447451526259698, 51.165443169592898 ], [ 71.447400126169626, 51.165372869618572 ], [ 71.4473447, 51.1653672 ] ] ], [ [ [ 71.4465943, 51.1653982 ], [ 71.4464656, 51.1654333 ], [ 71.4465122, 51.1655006 ], [ 71.446567626241588, 51.165506270012365 ], [ 71.446696326213058, 51.165471169951743 ], [ 71.446649726127092, 51.165403869975066 ], [ 71.4465943, 51.1653982 ] ] ], [ [ [ 71.446663, 51.1654842 ], [ 71.4464831, 51.1655351 ], [ 71.4465327, 51.165604 ], [ 71.446588126368226, 51.16560967000084 ], [ 71.446768026326097, 51.16555876991611 ], [ 71.446718426237908, 51.165489869940913 ], [ 71.446663, 51.1654842 ] ] ], [ [ [ 71.445870426275604, 51.165596170342546 ], [ 71.445677700000019, 51.1655737 ], [ 71.4456335, 51.1657164 ], [ 71.445826326442543, 51.165738770361074 ], [ 71.445870426275604, 51.165596170342546 ] ] ], [ [ [ 71.4459203, 51.1655482 ], [ 71.4458654, 51.1657359 ], [ 71.446056926489348, 51.165757270251049 ], [ 71.446111926269282, 51.165569570228108 ], [ 71.4459203, 51.1655482 ] ] ], [ [ [ 71.4466066, 51.1656322 ], [ 71.4466533, 51.1657012 ], [ 71.446706740330853, 51.16570666676413 ], [ 71.4467536, 51.1657759 ], [ 71.446809026598615, 51.165781569892793 ], [ 71.446943226569829, 51.165745769829549 ], [ 71.446894326477832, 51.165673669854051 ], [ 71.446819640203159, 51.165673141703515 ], [ 71.446775426385869, 51.165607769911766 ], [ 71.44672, 51.1656021 ], [ 71.4466066, 51.1656322 ] ] ], [ [ [ 71.446276226394971, 51.165659470148377 ], [ 71.4461103, 51.1656404 ], [ 71.4460681, 51.1657768 ], [ 71.446234026554777, 51.16579597016613 ], [ 71.446276226394971, 51.165659470148377 ] ] ], [ [ [ 71.446627426471835, 51.16569226998071 ], [ 71.4464238, 51.1656951 ], [ 71.44643360000002, 51.1657623 ], [ 71.446637126553853, 51.165759569974959 ], [ 71.446627426471835, 51.16569226998071 ] ] ], [ [ [ 71.446141472124509, 51.166707565192205 ], [ 71.446157998854233, 51.166709255855395 ], [ 71.446141, 51.166749 ], [ 71.446306427738676, 51.166773170114894 ], [ 71.446326396280512, 51.166726482554715 ], [ 71.44635701900819, 51.16672961516722 ], [ 71.4463422, 51.166799399999988 ], [ 71.446518327811788, 51.166815170013365 ], [ 71.446548927641587, 51.166671070001279 ], [ 71.446504151470606, 51.166666489600239 ], [ 71.446702665055355, 51.166003716287221 ], [ 71.4467232, 51.1660286 ], [ 71.446840239333554, 51.166040572523393 ], [ 71.4469121, 51.1661256 ], [ 71.446967527036406, 51.166131269811366 ], [ 71.447197926966552, 51.166052869703094 ], [ 71.447140445493147, 51.165987825036787 ], [ 71.447220707361012, 51.165961778934097 ], [ 71.447123906754598, 51.165844379126391 ], [ 71.4469022, 51.1658217 ], [ 71.446629693791522, 51.165915291351737 ], [ 71.4454593, 51.165787 ], [ 71.4452157, 51.166603 ], [ 71.445965516055537, 51.166689564959633 ], [ 71.4459532, 51.1667204 ], [ 71.4460713, 51.1667389 ], [ 71.446126727685112, 51.166744570200883 ], [ 71.446141472124509, 51.166707565192205 ] ] ], [ [ [ 71.4471554, 51.1661001 ], [ 71.4469187, 51.166180699999984 ], [ 71.4469913, 51.1662646 ], [ 71.447046727212125, 51.166270269771296 ], [ 71.447283427140306, 51.166189669660078 ], [ 71.447210827031583, 51.166105769696053 ], [ 71.4471554, 51.1661001 ] ] ], [ [ [ 71.447301927170216, 51.16621286965087 ], [ 71.4472465, 51.1662072 ], [ 71.4471269, 51.1662453 ], [ 71.4471845, 51.1663163 ], [ 71.447239927294916, 51.166321969678492 ], [ 71.447359527261781, 51.166283869622241 ], [ 71.447301927170216, 51.16621286965087 ] ] ], [ [ [ 71.4472917, 51.1663218 ], [ 71.4471357, 51.1663715 ], [ 71.4472058, 51.166458 ], [ 71.447253269291977, 51.166462855627231 ], [ 71.4472039, 51.1664783 ], [ 71.4472753, 51.1665681 ], [ 71.447330727607664, 51.166573769630965 ], [ 71.447480327567249, 51.166526969560593 ], [ 71.447408927451562, 51.166437169596101 ], [ 71.447360087564391, 51.166432173834153 ], [ 71.447417227424523, 51.166413969592554 ], [ 71.447347127312938, 51.166327469627376 ], [ 71.4472917, 51.1663218 ] ] ], [ [ [ 71.447086227482089, 51.166491069748716 ], [ 71.4470308, 51.1664854 ], [ 71.4468812, 51.1665363 ], [ 71.44694698487146, 51.166612358390367 ], [ 71.4469034, 51.1666079 ], [ 71.4467697, 51.1666534 ], [ 71.4468437, 51.1667389 ], [ 71.446899127767324, 51.166744569833391 ], [ 71.447032727726778, 51.166699069770608 ], [ 71.447005707018832, 51.166667807755928 ], [ 71.447049327696277, 51.166672269763161 ], [ 71.447198927650931, 51.166621369692869 ], [ 71.447086227482089, 51.166491069748716 ] ] ], [ [ [ 71.4466059, 51.1666778 ], [ 71.4465755, 51.1667978 ], [ 71.44674892783631, 51.166815169903629 ], [ 71.446779427695247, 51.166695269891179 ], [ 71.4466059, 51.1666778 ] ] ], [ [ [ 71.4475725, 51.1666735 ], [ 71.4474321, 51.166714 ], [ 71.4474936, 51.1667979 ], [ 71.447549027907499, 51.166803569523147 ], [ 71.447689427873797, 51.166763169457049 ], [ 71.447627927766163, 51.166679169487765 ], [ 71.4475725, 51.1666735 ] ] ], [ [ [ 71.4472645, 51.1667689 ], [ 71.4471386, 51.1668067 ], [ 71.4472431, 51.1669438 ], [ 71.44729852805645, 51.166949469639832 ], [ 71.447424528024385, 51.166911669580529 ], [ 71.447319927848213, 51.166774569632658 ], [ 71.4472645, 51.1667689 ] ] ], [ [ [ 71.447049, 51.16683 ], [ 71.4469237, 51.166871 ], [ 71.44701670000002, 51.1669827 ], [ 71.447072128079199, 51.166988369746903 ], [ 71.447197428043182, 51.166947369687982 ], [ 71.447104427898836, 51.166835669734148 ], [ 71.447049, 51.16683 ] ] ], [ [ [ 71.4461418, 51.1668928 ], [ 71.4461103, 51.166986 ], [ 71.446317328027149, 51.167011870105618 ], [ 71.446348927918194, 51.166918570092179 ], [ 71.4461418, 51.1668928 ] ] ], [ [ [ 71.446573327962199, 51.166935269985132 ], [ 71.446362, 51.1669093 ], [ 71.4463315, 51.1670012 ], [ 71.446542828069681, 51.167027269998052 ], [ 71.446573327962199, 51.166935269985132 ] ] ], [ [ [ 71.4468438, 51.1669609 ], [ 71.4467151, 51.1669996 ], [ 71.4468089, 51.1671224 ], [ 71.446864328225232, 51.167128069843358 ], [ 71.446993028192338, 51.167089369782794 ], [ 71.446899228034553, 51.166966569829526 ], [ 71.4468438, 51.1669609 ] ] ], [ [ [ 71.4461279, 51.1671254 ], [ 71.446130600000018, 51.1672146 ], [ 71.44630372827487, 51.167218870108542 ], [ 71.446301028167213, 51.167129670111358 ], [ 71.4461279, 51.1671254 ] ] ], [ [ [ 71.446148128379761, 51.167319770180839 ], [ 71.445895, 51.1672909 ], [ 71.4458708, 51.1673716 ], [ 71.44612402847433, 51.16740047019092 ], [ 71.446148128379761, 51.167319770180839 ] ] ], [ [ [ 71.4458083, 51.16743049999998 ], [ 71.4457896, 51.1675028 ], [ 71.445973828604124, 51.167521570260305 ], [ 71.445992628519093, 51.167449270252597 ], [ 71.4458083, 51.16743049999998 ] ] ], [ [ [ 71.4460254, 51.1674201 ], [ 71.4459908, 51.1675159 ], [ 71.446188428651283, 51.167541770157854 ], [ 71.446223028539634, 51.167445970143028 ], [ 71.4460254, 51.1674201 ] ] ], [ [ [ 71.446479028548097, 51.167430370021499 ], [ 71.446319, 51.167406199999988 ], [ 71.4462644, 51.1675277 ], [ 71.446424428688545, 51.167551870045386 ], [ 71.446479028548097, 51.167430370021499 ] ] ], [ [ [ 71.4471521, 51.1674776 ], [ 71.4471897, 51.167637 ], [ 71.447245128885186, 51.167642669653354 ], [ 71.447390028884485, 51.167629269584637 ], [ 71.44738487245202, 51.167607454095887 ], [ 71.44754292886428, 51.167598969512397 ], [ 71.447514544708866, 51.167507696765149 ], [ 71.4475572, 51.167561299999981 ], [ 71.44761262883317, 51.167566969479786 ], [ 71.447783128787151, 51.167513669399575 ], [ 71.447711828671714, 51.167424069435036 ], [ 71.4476564, 51.1674184 ], [ 71.447501804268256, 51.167466728182752 ], [ 71.4474453, 51.1674576 ], [ 71.4471521, 51.1674776 ] ] ], [ [ [ 71.4465055, 51.1674629 ], [ 71.4464602, 51.1675832 ], [ 71.446663128784849, 51.167610769930803 ], [ 71.446708528644876, 51.167490469911272 ], [ 71.4465055, 51.1674629 ] ] ], [ [ [ 71.446824, 51.1674403 ], [ 71.4467981, 51.16762520000001 ], [ 71.447006428855815, 51.167639369766974 ], [ 71.447032328635871, 51.167454369757827 ], [ 71.446824, 51.1674403 ] ] ], [ [ [ 71.4461736, 51.1687674 ], [ 71.4461467, 51.1688767 ], [ 71.446427130316593, 51.168904070020908 ], [ 71.446453930187857, 51.168794770010031 ], [ 71.4461736, 51.1687674 ] ] ], [ [ [ 71.446711430300255, 51.168865369886284 ], [ 71.4464489, 51.168837 ], [ 71.4464194, 51.168943 ], [ 71.446681930424703, 51.168971369898514 ], [ 71.446711430300255, 51.168865369886284 ] ] ], [ [ [ 71.4467857, 51.1688333 ], [ 71.4467589, 51.1689275 ], [ 71.447065430453378, 51.168961269716213 ], [ 71.447092330342826, 51.168867069705016 ], [ 71.4467857, 51.1688333 ] ] ], [ [ [ 71.4473571, 51.168878199999988 ], [ 71.447317, 51.1690028 ], [ 71.447575830595568, 51.169034269472093 ], [ 71.447615930449714, 51.168909569455174 ], [ 71.4473571, 51.168878199999988 ] ] ], [ [ [ 71.447041330509549, 51.169010069726845 ], [ 71.446777, 51.1689815 ], [ 71.4467475, 51.1690874 ], [ 71.447011830633912, 51.169115969739046 ], [ 71.447041330509549, 51.169010069726845 ] ] ], [ [ [ 71.4473131, 51.169154 ], [ 71.4472751, 51.1692834 ], [ 71.447462430908658, 51.169304369521427 ], [ 71.447500430756932, 51.169174969505562 ], [ 71.4473131, 51.169154 ] ] ], [ [ [ 71.446844, 51.1692005 ], [ 71.4467794, 51.1693424 ], [ 71.446985030942855, 51.169374969747366 ], [ 71.447049630778892, 51.169233069719063 ], [ 71.446844, 51.1692005 ] ] ], [ [ [ 71.4472246, 51.1693592 ], [ 71.4472, 51.1694429 ], [ 71.447491931118265, 51.169475869504438 ], [ 71.447516531020113, 51.169392169494174 ], [ 71.4472246, 51.1693592 ] ] ], [ [ [ 71.4466118, 51.1693557 ], [ 71.4465635, 51.169476699999983 ], [ 71.446909931119038, 51.169527969780461 ], [ 71.446958130978501, 51.169406969759621 ], [ 71.4466118, 51.1693557 ] ] ], [ [ [ 71.445936500000016, 51.1693723 ], [ 71.4458594, 51.1695577 ], [ 71.446099831111809, 51.1695935701648 ], [ 71.44617703089682, 51.169408170131241 ], [ 71.445936500000016, 51.1693723 ] ] ], [ [ [ 71.4462751, 51.1693844 ], [ 71.4462, 51.16964680000001 ], [ 71.446400231238997, 51.169672670020518 ], [ 71.446480730935761, 51.169413669986646 ], [ 71.4462751, 51.1693844 ] ] ], [ [ [ 71.446931331180068, 51.169576769769442 ], [ 71.4465486, 51.1695148 ], [ 71.446503, 51.1696191 ], [ 71.446885731300767, 51.169681069789362 ], [ 71.446931331180068, 51.169576769769442 ] ] ], [ [ [ 71.4472273, 51.1695795 ], [ 71.4472054, 51.1696539 ], [ 71.447505331374771, 51.169687769494438 ], [ 71.44752723128768, 51.169613469485277 ], [ 71.4472273, 51.1695795 ] ] ], [ [ [ 71.447215, 51.1696889 ], [ 71.4471889, 51.1697686 ], [ 71.44731983147085, 51.16978396958104 ], [ 71.447345931377797, 51.169704369569985 ], [ 71.447215, 51.1696889 ] ] ], [ [ [ 71.447562531429142, 51.16972786946652 ], [ 71.4473641, 51.1697057 ], [ 71.4473418, 51.1697816 ], [ 71.447540231518275, 51.169803869475835 ], [ 71.447562531429142, 51.16972786946652 ] ] ], [ [ [ 71.445890700000021, 51.1697226 ], [ 71.4458487, 51.1698329 ], [ 71.446039331424629, 51.169858770189038 ], [ 71.446081331296412, 51.169748570170952 ], [ 71.445890700000021, 51.1697226 ] ] ], [ [ [ 71.4462155, 51.169742099999979 ], [ 71.4461849, 51.169833499999989 ], [ 71.446373431457658, 51.169856670030107 ], [ 71.446404031350866, 51.169765270017109 ], [ 71.4462155, 51.169742099999979 ] ] ], [ [ [ 71.44779503148051, 51.169749969355514 ], [ 71.4476001, 51.1697343 ], [ 71.4475787, 51.1698419 ], [ 71.447773531610878, 51.169860169363858 ], [ 71.44779503148051, 51.169749969355514 ] ] ], [ [ [ 71.4464753, 51.1697865 ], [ 71.4464565, 51.169875 ], [ 71.446698531539923, 51.169896269874741 ], [ 71.446717431435516, 51.169807869867256 ], [ 71.4464753, 51.1697865 ] ] ], [ [ [ 71.4471246, 51.1699565 ], [ 71.4469376, 51.1704255 ], [ 71.447154032262731, 51.170456369648392 ], [ 71.447340931718117, 51.169987469567509 ], [ 71.4471246, 51.1699565 ] ] ], [ [ [ 71.4464469, 51.1701791 ], [ 71.446423, 51.1703006 ], [ 71.446636232041598, 51.170318469897126 ], [ 71.446660131897858, 51.170196969887854 ], [ 71.4464469, 51.1701791 ] ] ], [ [ [ 71.4474236, 51.1702156 ], [ 71.447374, 51.1704225 ], [ 71.448165132419931, 51.170497569166578 ], [ 71.448214832176106, 51.170290669146482 ], [ 71.4474236, 51.1702156 ] ] ], [ [ [ 71.4474156, 51.17050720000001 ], [ 71.4473834, 51.1706199 ], [ 71.448103532657285, 51.170700169192415 ], [ 71.448135632525137, 51.170587569179062 ], [ 71.4474156, 51.17050720000001 ] ] ], [ [ [ 71.4469732, 51.1710654 ], [ 71.447102233014363, 51.171085269662242 ], [ 71.447270432975571, 51.171038169583028 ], [ 71.447321032856692, 51.170934969560697 ], [ 71.447072132740999, 51.170860869680411 ], [ 71.4467673, 51.1708077 ], [ 71.446721700000012, 51.1709019 ], [ 71.4469732, 51.1710654 ] ] ], [ [ [ 71.4475249, 51.1713361 ], [ 71.447807133428668, 51.171367069321995 ], [ 71.44785573325926, 51.171222069301358 ], [ 71.44781373320869, 51.171183769321985 ], [ 71.4475424, 51.171153199999985 ], [ 71.4474987, 51.1713095 ], [ 71.4475249, 51.1713361 ] ] ], [ [ [ 71.4484653, 51.1487957 ], [ 71.4483995, 51.1489 ], [ 71.448677206560077, 51.148959669292942 ], [ 71.448742306441332, 51.14885516926374 ], [ 71.4484653, 51.1487957 ] ] ], [ [ [ 71.448947507379685, 51.149617369153056 ], [ 71.449051207189783, 51.149450269106595 ], [ 71.44899930701807, 51.149312069133657 ], [ 71.4486131, 51.1492255 ], [ 71.448472, 51.1494529 ], [ 71.4486558, 51.149554 ], [ 71.448947507379685, 51.149617369153056 ] ] ], [ [ [ 71.447708607302928, 51.149663069741599 ], [ 71.4475006, 51.1496161 ], [ 71.44741, 51.1497478 ], [ 71.447617907451644, 51.149794769782467 ], [ 71.447708607302928, 51.149663069741599 ] ] ], [ [ [ 71.448205, 51.1496551 ], [ 71.4480981, 51.1498219 ], [ 71.448339207624045, 51.149874369438002 ], [ 71.448446107434847, 51.149707569390003 ], [ 71.448205, 51.1496551 ] ] ], [ [ [ 71.4485793, 51.14979060000001 ], [ 71.4484777, 51.1499309 ], [ 71.448699407794152, 51.149983969264774 ], [ 71.448801007636106, 51.149843569218838 ], [ 71.4485793, 51.14979060000001 ] ] ], [ [ [ 71.447737207583245, 51.149893669724015 ], [ 71.4474796, 51.1498313 ], [ 71.4473742, 51.1499792 ], [ 71.4476318077499, 51.150041569771609 ], [ 71.447737207583245, 51.149893669724015 ] ] ], [ [ [ 71.4479923, 51.1499829 ], [ 71.4478932, 51.1501207 ], [ 71.448094507950742, 51.150167669549354 ], [ 71.448193607795446, 51.150029769504577 ], [ 71.4479923, 51.1499829 ] ] ], [ [ [ 71.4470403, 51.1500708 ], [ 71.4469855, 51.1501598 ], [ 71.44722270790831, 51.150209469963322 ], [ 71.447277507807115, 51.150120469938798 ], [ 71.4470403, 51.1500708 ] ] ], [ [ [ 71.4482558, 51.1500625 ], [ 71.4481801, 51.1501939 ], [ 71.448408508069633, 51.150238769398769 ], [ 71.448484207919677, 51.150107369365017 ], [ 71.4482558, 51.1500625 ] ] ], [ [ [ 71.4473171, 51.1501442 ], [ 71.4472416, 51.1502627 ], [ 71.447424108038916, 51.150300269865987 ], [ 71.447499607904447, 51.150181769832109 ], [ 71.4473171, 51.1501442 ] ] ], [ [ [ 71.4485465, 51.1501156 ], [ 71.448461, 51.150229599999989 ], [ 71.448666308145974, 51.150279469275432 ], [ 71.448751808017988, 51.150165469236725 ], [ 71.4485465, 51.1501156 ] ] ], [ [ [ 71.4471229, 51.150301399999982 ], [ 71.4470703, 51.1503711 ], [ 71.44734220819953, 51.150441069902513 ], [ 71.447394808121189, 51.150371269878704 ], [ 71.4471229, 51.150301399999982 ] ] ], [ [ [ 71.448806108265103, 51.150366169207437 ], [ 71.4485693, 51.1503074 ], [ 71.4484728, 51.1504373 ], [ 71.448709608410937, 51.150495969251125 ], [ 71.448806108265103, 51.150366169207437 ] ] ], [ [ [ 71.4477397, 51.1503716 ], [ 71.4476506, 51.1505257 ], [ 71.447846608400226, 51.150563369660475 ], [ 71.447935608224384, 51.150409269620795 ], [ 71.4477397, 51.1503716 ] ] ], [ [ [ 71.448132, 51.1503845 ], [ 71.4480683, 51.1504986 ], [ 71.448261037938948, 51.150535677644484 ], [ 71.4481875, 51.1506276 ], [ 71.448390808598191, 51.150679869399596 ], [ 71.448489308460736, 51.150556869354865 ], [ 71.448289438057003, 51.150504962017365 ], [ 71.448335308282992, 51.150422669430426 ], [ 71.448132, 51.1503845 ] ] ], [ [ [ 71.447178508280857, 51.150523169978975 ], [ 71.4468022, 51.1504309 ], [ 71.4467122, 51.1505622 ], [ 71.447088408429167, 51.150654470019589 ], [ 71.447178508280857, 51.150523169978975 ] ] ], [ [ [ 71.4475483, 51.1506028 ], [ 71.4474481, 51.1507561 ], [ 71.447696808682778, 51.150811569727459 ], [ 71.447797108508965, 51.150658169682409 ], [ 71.4475483, 51.1506028 ] ] ], [ [ [ 71.44806250866948, 51.150768169554262 ], [ 71.447837, 51.1507134 ], [ 71.447759, 51.1508198 ], [ 71.447984508789133, 51.150874569589533 ], [ 71.44806250866948, 51.150768169554262 ] ] ], [ [ [ 71.4481581, 51.1507896 ], [ 71.4480834, 51.1509069 ], [ 71.448336308931772, 51.150962069420686 ], [ 71.448411008798644, 51.15084476938717 ], [ 71.4481581, 51.1507896 ] ] ], [ [ [ 71.4467781, 51.1508067 ], [ 71.4466991, 51.1509384 ], [ 71.447047808856453, 51.151013370032729 ], [ 71.447126808706457, 51.150881669997403 ], [ 71.4467781, 51.1508067 ] ] ], [ [ [ 71.4473587, 51.1509281 ], [ 71.4472943, 51.1510256 ], [ 71.447519408981151, 51.151075369807316 ], [ 71.447583708870624, 51.150977769778422 ], [ 71.4473587, 51.1509281 ] ] ], [ [ [ 71.4477664, 51.151033399999989 ], [ 71.4476932, 51.1511364 ], [ 71.447905909155267, 51.151185969621586 ], [ 71.447979009039173, 51.151082969588558 ], [ 71.4477664, 51.151033399999989 ] ] ], [ [ [ 71.447978609478099, 51.151447969582499 ], [ 71.447972209400561, 51.151384069586641 ], [ 71.447895809341688, 51.1513418696237 ], [ 71.4477386, 51.1513402 ], [ 71.4476712, 51.1513881 ], [ 71.4476776, 51.151451899999984 ], [ 71.447754, 51.1514942 ], [ 71.447911209528513, 51.151495869613726 ], [ 71.447978609478099, 51.151447969582499 ] ] ], [ [ [ 71.4489128, 51.1526617 ], [ 71.4487548, 51.1528232 ], [ 71.4488561, 51.1528622 ], [ 71.448911511284948, 51.15286786911431 ], [ 71.449069611107518, 51.152706369041873 ], [ 71.448968211049831, 51.152667369090793 ], [ 71.4489128, 51.1526617 ] ] ], [ [ [ 71.447352811583571, 51.153253969849175 ], [ 71.4472974, 51.1532483 ], [ 71.4471981, 51.153356 ], [ 71.4474016, 51.1534298 ], [ 71.447457011812972, 51.153435469796484 ], [ 71.447556311693972, 51.153327769751087 ], [ 71.447352811583571, 51.153253969849175 ] ] ], [ [ [ 71.448290238581777, 51.15320003459599 ], [ 71.4476253, 51.153132 ], [ 71.4475509, 51.1532092 ], [ 71.4486774, 51.1536362 ], [ 71.448778411012213, 51.153646534350514 ], [ 71.4487536, 51.1536719 ], [ 71.4489998, 51.1537667 ], [ 71.449055212388117, 51.153772369030428 ], [ 71.449141972465725, 51.153683729249309 ], [ 71.44934234720138, 51.153704228486077 ], [ 71.449417446171381, 51.153626228073449 ], [ 71.448882541962888, 51.153381931177321 ], [ 71.448604840090212, 51.153276732784278 ], [ 71.448290238581777, 51.15320003459599 ] ] ], [ [ [ 71.4472483, 51.1536577 ], [ 71.4471375, 51.1540852 ], [ 71.447369712613749, 51.154108969826453 ], [ 71.447480512111213, 51.153681369781097 ], [ 71.4472483, 51.1536577 ] ] ], [ [ [ 71.4486579, 51.1539058 ], [ 71.4485425, 51.154213799999987 ], [ 71.448762612905014, 51.154227969161781 ], [ 71.448880712600982, 51.153964769110111 ], [ 71.4486579, 51.1539058 ] ] ], [ [ [ 71.449313238829191, 51.154221506779209 ], [ 71.449274038304281, 51.154079506842479 ], [ 71.4489371, 51.1540502 ], [ 71.4489003, 51.1542505 ], [ 71.449301639052834, 51.154284506792521 ], [ 71.449313238829191, 51.154221506779209 ] ] ], [ [ [ 71.447027, 51.1541568 ], [ 71.4469937, 51.1542744 ], [ 71.447253112834574, 51.154302869878585 ], [ 71.447286512696678, 51.154185269864719 ], [ 71.447027, 51.1541568 ] ] ], [ [ [ 71.448330125734358, 51.15424003876106 ], [ 71.4474471, 51.1541472 ], [ 71.4473433, 51.1542772 ], [ 71.4473293, 51.1543293 ], [ 71.448279426178487, 51.154429138802811 ], [ 71.448330125734358, 51.15424003876106 ] ] ], [ [ [ 71.4484845, 51.15432830000001 ], [ 71.4484535, 51.1545478 ], [ 71.44874362809179, 51.15457165498286 ], [ 71.4487394, 51.1545989 ], [ 71.44968572703614, 51.154661337456815 ], [ 71.449689658057068, 51.154636006318306 ], [ 71.449863013568205, 51.1546820686305 ], [ 71.450029362232186, 51.154491241795071 ], [ 71.4507176, 51.1547621 ], [ 71.450773013768028, 51.154767768196123 ], [ 71.450885113645114, 51.154655668144706 ], [ 71.450146713217066, 51.154365068500972 ], [ 71.4500913, 51.1543594 ], [ 71.450043851036753, 51.154406848975256 ], [ 71.4499102, 51.1543743 ], [ 71.449691305449392, 51.154625390665792 ], [ 71.449703526763983, 51.154546637443829 ], [ 71.449670126542301, 51.154457437478669 ], [ 71.449359900000019, 51.1544339 ], [ 71.448808605743196, 51.15447990991629 ], [ 71.448826239155949, 51.15435510746736 ], [ 71.4484845, 51.15432830000001 ] ] ], [ [ [ 71.4474562, 51.154499 ], [ 71.4473162, 51.154521 ], [ 71.447349800000012, 51.1546049 ], [ 71.447405213220861, 51.154610569800944 ], [ 71.447545213209281, 51.154588569734706 ], [ 71.447511613104808, 51.154504669752143 ], [ 71.4474562, 51.154499 ] ] ], [ [ [ 71.4478921, 51.154745699999985 ], [ 71.447758, 51.1547687 ], [ 71.4477936, 51.1548503 ], [ 71.447849013563228, 51.154855969585604 ], [ 71.447983113549824, 51.154832969522211 ], [ 71.447947513447886, 51.154751369540534 ], [ 71.4478921, 51.154745699999985 ] ] ], [ [ [ 71.4485181, 51.1547369 ], [ 71.4484929, 51.15482 ], [ 71.448684913635276, 51.15484196918819 ], [ 71.448710113538013, 51.154758869177634 ], [ 71.4485181, 51.1547369 ] ] ], [ [ [ 71.449150713680837, 51.154838668966661 ], [ 71.4489446, 51.1548119 ], [ 71.4489157, 51.154893199999989 ], [ 71.449121813775562, 51.154919968979009 ], [ 71.449150713680837, 51.154838668966661 ] ] ], [ [ [ 71.4470941, 51.1548901 ], [ 71.4469541, 51.1549122 ], [ 71.4469877, 51.154996099999984 ], [ 71.44704311365291, 51.155001769966475 ], [ 71.447183113641202, 51.15497966990025 ], [ 71.447149513536715, 51.154895769917701 ], [ 71.4470941, 51.1548901 ] ] ], [ [ [ 71.447099413805532, 51.155123669937616 ], [ 71.447453413798058, 51.155086169769838 ], [ 71.447336113441679, 51.154800269830567 ], [ 71.4472807, 51.1547946 ], [ 71.4471198, 51.1548205 ], [ 71.447200484433196, 51.15501722460435 ], [ 71.4471504, 51.1550121 ], [ 71.4470104, 51.1550341 ], [ 71.447044, 51.155118 ], [ 71.447099413805532, 51.155123669937616 ] ] ], [ [ [ 71.448030013682796, 51.154939369498074 ], [ 71.4479746, 51.1549337 ], [ 71.4478405, 51.1549567 ], [ 71.4478761, 51.1550383 ], [ 71.447931513798153, 51.155043969543129 ], [ 71.448065613784749, 51.155020969479743 ], [ 71.448030013682796, 51.154939369498074 ] ] ], [ [ [ 71.448474600000011, 51.1550478 ], [ 71.44834, 51.1550696 ], [ 71.4483738, 51.1551515 ], [ 71.448429213987225, 51.155157169304424 ], [ 71.448563813975312, 51.155135369240753 ], [ 71.448530013873224, 51.155053469258256 ], [ 71.448474600000011, 51.1550478 ] ] ], [ [ [ 71.448093713843889, 51.155067669465559 ], [ 71.4480383, 51.155062 ], [ 71.4479042, 51.155085 ], [ 71.4479398, 51.1551666 ], [ 71.447995213959246, 51.155172269510608 ], [ 71.448129313945856, 51.155149269447222 ], [ 71.448093713843889, 51.155067669465559 ] ] ], [ [ [ 71.4492203, 51.1551337 ], [ 71.4490942, 51.1551606 ], [ 71.4491665, 51.1552939 ], [ 71.449221914242827, 51.155299568924868 ], [ 71.449348014223759, 51.155272568865342 ], [ 71.449275714055844, 51.15513936890202 ], [ 71.4492203, 51.1551337 ] ] ], [ [ [ 71.4480933, 51.155202 ], [ 71.4479592, 51.155225 ], [ 71.447994800000018, 51.1553066 ], [ 71.448050214133517, 51.155312269482081 ], [ 71.448184314120098, 51.15528926941866 ], [ 71.44814871401816, 51.155207669437004 ], [ 71.4480933, 51.155202 ] ] ], [ [ [ 71.4489394, 51.1552075 ], [ 71.4488047, 51.1552293 ], [ 71.4488385, 51.1553112 ], [ 71.448893914228748, 51.155316869080615 ], [ 71.449028514216849, 51.155295069016951 ], [ 71.448994814114755, 51.155213169034397 ], [ 71.4489394, 51.1552075 ] ] ], [ [ [ 71.4485626, 51.1552287 ], [ 71.4484238, 51.1552515 ], [ 71.4484937, 51.1554193 ], [ 71.44854911432212, 51.15542496924278 ], [ 71.448687914309588, 51.155402269177138 ], [ 71.448618014100191, 51.155234369213282 ], [ 71.4485626, 51.1552287 ] ] ], [ [ [ 71.4481563, 51.1553593 ], [ 71.4480222, 51.1553823 ], [ 71.4480578, 51.1554639 ], [ 71.448113214329425, 51.155469569449387 ], [ 71.448247314316006, 51.155446569385973 ], [ 71.448211714214068, 51.155364969404317 ], [ 71.4481563, 51.1553593 ] ] ], [ [ [ 71.44727, 51.155369 ], [ 71.4471223, 51.1553915 ], [ 71.4471889, 51.1555635 ], [ 71.447244314356809, 51.155569169861032 ], [ 71.447392114345462, 51.155546669791093 ], [ 71.447325414131484, 51.155374669825783 ], [ 71.44727, 51.155369 ] ] ], [ [ [ 71.448266714352471, 51.155475169376267 ], [ 71.4482113, 51.1554695 ], [ 71.4480772, 51.1554925 ], [ 71.4481128, 51.15557410000001 ], [ 71.448168214467827, 51.15557976942133 ], [ 71.448302314454423, 51.155556769357908 ], [ 71.448266714352471, 51.155475169376267 ] ] ], [ [ [ 71.44912, 51.1554585 ], [ 71.4489546, 51.155484 ], [ 71.4489922, 51.1555799 ], [ 71.449047614568329, 51.155585569002859 ], [ 71.449213014555241, 51.155560068924629 ], [ 71.449175414435857, 51.155464168944164 ], [ 71.44912, 51.1554585 ] ] ], [ [ [ 71.4486672, 51.1554837 ], [ 71.4485284, 51.1555065 ], [ 71.4485983, 51.1556743 ], [ 71.448653714639988, 51.15567996918864 ], [ 71.448792514627442, 51.15565726912299 ], [ 71.448722614418045, 51.155489369159135 ], [ 71.4486672, 51.1554837 ] ] ], [ [ [ 71.449201114641539, 51.155632868929032 ], [ 71.4491457, 51.1556272 ], [ 71.4490297, 51.1556488 ], [ 71.4490673, 51.1557279 ], [ 71.449122714754338, 51.155733568964592 ], [ 71.449238714740574, 51.15571186890979 ], [ 71.449201114641539, 51.155632868929032 ] ] ], [ [ [ 71.4473824, 51.1556494 ], [ 71.4472355, 51.1556741 ], [ 71.4473083, 51.155845 ], [ 71.447363714708146, 51.155850669799385 ], [ 71.447510614694153, 51.155826069729933 ], [ 71.447437814480722, 51.155655069767512 ], [ 71.4473824, 51.1556494 ] ] ], [ [ [ 71.4487624, 51.1557293 ], [ 71.4486236, 51.1557521 ], [ 71.4486936, 51.155919899999979 ], [ 71.448749014945562, 51.155925569139058 ], [ 71.448887714933008, 51.155902869073472 ], [ 71.448817814723597, 51.155734969109631 ], [ 71.4487624, 51.1557293 ] ] ], [ [ [ 71.4476512, 51.155709 ], [ 71.4478496, 51.1560644 ], [ 71.447905015029633, 51.15607006953811 ], [ 71.448044515016079, 51.156046469472152 ], [ 71.448398214720612, 51.155769569308639 ], [ 71.44836931463621, 51.155701969323566 ], [ 71.4479839, 51.1556529 ], [ 71.4476512, 51.155709 ] ] ], [ [ [ 71.448551414920814, 51.155922469233133 ], [ 71.4484125, 51.1559304 ], [ 71.4484609, 51.1560473 ], [ 71.448599815066586, 51.156039369208095 ], [ 71.448551414920814, 51.155922469233133 ] ] ], [ [ [ 71.4489408, 51.1559394 ], [ 71.4487367, 51.155972699999985 ], [ 71.4487721, 51.156058 ], [ 71.44882751512003, 51.156063669099375 ], [ 71.449031515101794, 51.156030469002879 ], [ 71.448996214995304, 51.155945069021136 ], [ 71.4489408, 51.1559394 ] ] ], [ [ [ 71.4475057, 51.1559405 ], [ 71.4473588, 51.1559651 ], [ 71.4474316, 51.1561361 ], [ 71.447487015071417, 51.156141769735726 ], [ 71.44763401505746, 51.156117169666224 ], [ 71.447561114844007, 51.155946169703846 ], [ 71.4475057, 51.1559405 ] ] ], [ [ [ 71.4471195, 51.1559809 ], [ 71.4469726, 51.1560055 ], [ 71.4470454, 51.1561764 ], [ 71.447100815078812, 51.156182069918763 ], [ 71.447247715064847, 51.156157469849326 ], [ 71.44717491485153, 51.155986569886885 ], [ 71.4471195, 51.1559809 ] ] ], [ [ [ 71.4484718, 51.1560603 ], [ 71.4483286, 51.1560823 ], [ 71.4483619, 51.1561677 ], [ 71.448417315208374, 51.156173369292624 ], [ 71.448560515197158, 51.156151369224879 ], [ 71.448527215090863, 51.156065969242185 ], [ 71.4484718, 51.1560603 ] ] ], [ [ [ 71.4490283, 51.1561455 ], [ 71.4488242, 51.1561787 ], [ 71.44885960000002, 51.1562641 ], [ 71.448915015377281, 51.156269769054205 ], [ 71.449119015359031, 51.156236568957716 ], [ 71.449083715252527, 51.156151168975967 ], [ 71.4490283, 51.1561455 ] ] ], [ [ [ 71.448023915234032, 51.156229469478809 ], [ 71.4479685, 51.1562238 ], [ 71.4478285, 51.1562458 ], [ 71.4478621, 51.1563297 ], [ 71.447917515350099, 51.156335369527604 ], [ 71.448057515338519, 51.156313369461387 ], [ 71.448023915234032, 51.156229469478809 ] ] ], [ [ [ 71.4476157, 51.1561928 ], [ 71.4474688, 51.1562174 ], [ 71.4475416, 51.1563884 ], [ 71.44759701538662, 51.156394069679074 ], [ 71.447743915372655, 51.156369469609608 ], [ 71.447671115159224, 51.15619846964718 ], [ 71.4476157, 51.1561928 ] ] ], [ [ [ 71.4472792, 51.1563457 ], [ 71.4471392, 51.1563678 ], [ 71.4471727, 51.1564517 ], [ 71.447228115423528, 51.156457369853463 ], [ 71.447368215411871, 51.156435269787217 ], [ 71.447334615307355, 51.156351369804639 ], [ 71.4472792, 51.1563457 ] ] ], [ [ [ 71.449120215558722, 51.156402468954305 ], [ 71.4490648, 51.1563968 ], [ 71.448931, 51.156420400000016 ], [ 71.4489697, 51.1565067 ], [ 71.449025115680826, 51.156512368997653 ], [ 71.44915881566665, 51.156488768934445 ], [ 71.449120215558722, 51.156402468954305 ] ] ], [ [ [ 71.4483727, 51.1564287 ], [ 71.4482295, 51.1564507 ], [ 71.4482628, 51.1565361 ], [ 71.448318215641009, 51.15654176933343 ], [ 71.448461415629779, 51.156519769265692 ], [ 71.448428115523484, 51.156434369283005 ], [ 71.4483727, 51.1564287 ] ] ], [ [ [ 71.4486297, 51.1564191 ], [ 71.4484768, 51.156446099999989 ], [ 71.4485228, 51.15654880000001 ], [ 71.448578215683938, 51.156554469209539 ], [ 71.44873111566784, 51.156527569137246 ], [ 71.448685115539291, 51.1564247691609 ], [ 71.4486297, 51.1564191 ] ] ], [ [ [ 71.448155915546621, 51.156477669411757 ], [ 71.4481005, 51.156472 ], [ 71.4478308, 51.156513399999987 ], [ 71.4478641, 51.1565988 ], [ 71.447919515674045, 51.156604469522023 ], [ 71.448189315652925, 51.156563069394387 ], [ 71.448155915546621, 51.156477669411757 ] ] ], [ [ [ 71.4477487, 51.156533 ], [ 71.4474789, 51.1565744 ], [ 71.4475123, 51.1566598 ], [ 71.447567715709994, 51.156665469688349 ], [ 71.44783741568888, 51.156624069560763 ], [ 71.447804115582599, 51.156538669578069 ], [ 71.4477487, 51.156533 ] ] ], [ [ [ 71.4473801, 51.1565969 ], [ 71.447237, 51.1566189 ], [ 71.4472703, 51.1567043 ], [ 71.44732571573779, 51.156709969802712 ], [ 71.447468815726552, 51.15668796973501 ], [ 71.447435515620271, 51.156602569752323 ], [ 71.4473801, 51.1565969 ] ] ], [ [ [ 71.447231715642133, 51.156638769848662 ], [ 71.4471763, 51.1566331 ], [ 71.4470331, 51.1566551 ], [ 71.4470664, 51.1567405 ], [ 71.447121815759658, 51.156746169899087 ], [ 71.447265015748414, 51.15672416983135 ], [ 71.447231715642133, 51.156638769848662 ] ] ], [ [ [ 71.4491631, 51.1566445 ], [ 71.4490294, 51.156668 ], [ 71.449068, 51.1567543 ], [ 71.449123415989121, 51.156759968946631 ], [ 71.449257115975087, 51.156736468883423 ], [ 71.449218515867159, 51.156650168903276 ], [ 71.4491631, 51.1566445 ] ] ], [ [ [ 71.4487193, 51.156653699999985 ], [ 71.4484643, 51.1566937 ], [ 71.4485347, 51.1568704 ], [ 71.448590116072083, 51.156876069198347 ], [ 71.448845116051203, 51.1568361690777 ], [ 71.448774715831021, 51.156659369114244 ], [ 71.4487193, 51.156653699999985 ] ] ], [ [ [ 71.448905416157942, 51.156919569047588 ], [ 71.44885, 51.1569139 ], [ 71.4481694, 51.1570156 ], [ 71.4482096, 51.1571216 ], [ 71.448265016339704, 51.157127269348685 ], [ 71.448945616289734, 51.157025569026658 ], [ 71.448905416157942, 51.156919569047588 ] ] ], [ [ [ 71.447337116457916, 51.157307569787022 ], [ 71.447479116446203, 51.157285269719864 ], [ 71.447465977058968, 51.157252284123963 ], [ 71.447518616417184, 51.157257669701536 ], [ 71.447657816404075, 51.157234469635704 ], [ 71.447557016107652, 51.156996969687754 ], [ 71.4475016, 51.1569913 ], [ 71.4473625, 51.157014599999989 ], [ 71.447441458345438, 51.157200744326794 ], [ 71.4473902, 51.1571955 ], [ 71.4472482, 51.157217699999983 ], [ 71.4472817, 51.157301899999986 ], [ 71.447337116457916, 51.157307569787022 ] ] ], [ [ [ 71.4480446, 51.1570844 ], [ 71.4479026, 51.1571067 ], [ 71.4479362, 51.1571908 ], [ 71.447991616393878, 51.157196469477569 ], [ 71.448133516382271, 51.15717426941044 ], [ 71.448100016277422, 51.157090069427824 ], [ 71.4480446, 51.1570844 ] ] ], [ [ [ 71.447847116301872, 51.157132769547403 ], [ 71.4477917, 51.1571271 ], [ 71.4476497, 51.1571494 ], [ 71.4476833, 51.1572335 ], [ 71.447738716418343, 51.15723916959714 ], [ 71.447880716406743, 51.157216969529976 ], [ 71.447847116301872, 51.157132769547403 ] ] ], [ [ [ 71.4483595, 51.1612962 ], [ 71.4483514, 51.1613901 ], [ 71.448694843062185, 51.161409338167729 ], [ 71.44870294283794, 51.161315438163271 ], [ 71.4483595, 51.1612962 ] ] ], [ [ [ 71.449393708704918, 51.16153784394433 ], [ 71.4489606, 51.1614978 ], [ 71.4489496, 51.161555 ], [ 71.449382709031184, 51.161593043965752 ], [ 71.449393708704918, 51.16153784394433 ] ] ], [ [ [ 71.4470819, 51.161586699999987 ], [ 71.448726109336022, 51.16170174551835 ], [ 71.448744308667614, 51.161589045484732 ], [ 71.448602227830847, 51.161574512102582 ], [ 71.448610921662493, 51.161520669108647 ], [ 71.4485555, 51.161515 ], [ 71.4484754, 51.16151 ], [ 71.4484672, 51.1615607 ], [ 71.4471, 51.161474 ], [ 71.4470819, 51.161586699999987 ] ] ], [ [ [ 71.4468815, 51.1618543 ], [ 71.4468605, 51.1619728 ], [ 71.448958812022298, 51.162127644928212 ], [ 71.448979711320433, 51.162009144888678 ], [ 71.4468815, 51.1618543 ] ] ], [ [ [ 71.4490695, 51.1616551 ], [ 71.448962, 51.1622947 ], [ 71.449421913517682, 51.162335243808712 ], [ 71.449529409723482, 51.161695143608007 ], [ 71.4490695, 51.1616551 ] ] ], [ [ [ 71.4477674, 51.1621741 ], [ 71.4477527, 51.1622936 ], [ 71.448062122555839, 51.162311569356177 ], [ 71.448076822413597, 51.162192069351228 ], [ 71.4477674, 51.1621741 ] ] ], [ [ [ 71.4475889, 51.1623933 ], [ 71.4474177, 51.1624482 ], [ 71.4474794, 51.1625239 ], [ 71.447534822762094, 51.162529569603294 ], [ 71.447706022714229, 51.162474669522801 ], [ 71.447644322616583, 51.16239896955345 ], [ 71.4475889, 51.1623933 ] ] ], [ [ [ 71.4495666, 51.162640499999988 ], [ 71.450029315926741, 51.162681942334018 ], [ 71.450167211448289, 51.161925442070988 ], [ 71.4497045, 51.1618817 ], [ 71.449596311120217, 51.162477015355215 ], [ 71.4481938, 51.1623641 ], [ 71.4481725, 51.1624796 ], [ 71.449575057618304, 51.162593962289044 ], [ 71.4495666, 51.162640499999988 ] ] ], [ [ [ 71.4476964, 51.1625201 ], [ 71.4475197, 51.1625861 ], [ 71.4475867, 51.1626568 ], [ 71.447642122933431, 51.162662469549964 ], [ 71.447818922872813, 51.162596469466983 ], [ 71.447751822780603, 51.162525769500128 ], [ 71.4476964, 51.1625201 ] ] ], [ [ [ 71.4477745, 51.1626887 ], [ 71.4476373, 51.1627444 ], [ 71.4476806, 51.1627863 ], [ 71.447736023099253, 51.162791969503068 ], [ 71.447873123046818, 51.162736269438788 ], [ 71.447829922991801, 51.16269436946007 ], [ 71.4477745, 51.1626887 ] ] ], [ [ [ 71.448178823005563, 51.162674969294407 ], [ 71.4481234, 51.1626693 ], [ 71.4479595, 51.1627358 ], [ 71.4480185, 51.162793 ], [ 71.448073923143284, 51.162798669342187 ], [ 71.448237823080675, 51.16273216926534 ], [ 71.448178823005563, 51.162674969294407 ] ] ], [ [ [ 71.4484855, 51.1627173 ], [ 71.448340400000021, 51.1627728 ], [ 71.4483994, 51.162833399999982 ], [ 71.44845482323241, 51.16283906916027 ], [ 71.448599923180936, 51.162783469092204 ], [ 71.448540923101845, 51.162722969121305 ], [ 71.4484855, 51.1627173 ] ] ], [ [ [ 71.449407846775571, 51.162889237438456 ], [ 71.449432946596801, 51.162812737417191 ], [ 71.449312846308658, 51.162703637535223 ], [ 71.4490746, 51.162687 ], [ 71.4490562, 51.1627922 ], [ 71.4491518, 51.1628648 ], [ 71.449407846775571, 51.162889237438456 ] ] ], [ [ [ 71.447925423114469, 51.16278786941303 ], [ 71.44787, 51.1627822 ], [ 71.4477235, 51.1628317 ], [ 71.4477986, 51.1629192 ], [ 71.447854023271745, 51.162924869444645 ], [ 71.448000523227762, 51.16287536937579 ], [ 71.447925423114469, 51.16278786941303 ] ] ], [ [ [ 71.4486239, 51.1628514 ], [ 71.4483994, 51.162939299999984 ], [ 71.4484799, 51.1630201 ], [ 71.448535323465634, 51.163025769118768 ], [ 71.448759723383631, 51.162937769013517 ], [ 71.448679323277958, 51.162857069053153 ], [ 71.4486239, 51.1628514 ] ] ], [ [ [ 71.4480209, 51.1629176 ], [ 71.4478335, 51.162971299999988 ], [ 71.4478898, 51.1630487 ], [ 71.447945223437301, 51.163054369399028 ], [ 71.448132723392604, 51.163000669310755 ], [ 71.448076323293478, 51.162923269338918 ], [ 71.4480209, 51.1629176 ] ] ], [ [ [ 71.4490599, 51.1629279 ], [ 71.4490545, 51.1629952 ], [ 71.44924952351694, 51.163005268779322 ], [ 71.449254823436519, 51.16293796877796 ], [ 71.4490599, 51.1629279 ] ] ], [ [ [ 71.4488144, 51.1629631 ], [ 71.4486247, 51.163015 ], [ 71.4486891, 51.1631075 ], [ 71.448744523593078, 51.163113169017734 ], [ 71.448934223550793, 51.163061268928367 ], [ 71.448869823432631, 51.162968768960603 ], [ 71.4488144, 51.1629631 ] ] ], [ [ [ 71.4481208, 51.1630454 ], [ 71.4479381, 51.1631042 ], [ 71.4479917, 51.1631698 ], [ 71.448047123593867, 51.163175469348467 ], [ 71.448229823542547, 51.163116669262543 ], [ 71.448176223457892, 51.163051069289196 ], [ 71.4481208, 51.1630454 ] ] ], [ [ [ 71.4482453, 51.1631618 ], [ 71.4480239, 51.1632219 ], [ 71.4480937, 51.1633228 ], [ 71.448149123788838, 51.163328469297312 ], [ 71.448370423740059, 51.163268369193048 ], [ 71.448300723611212, 51.163167469227943 ], [ 71.4482453, 51.1631618 ] ] ], [ [ [ 71.449071823712003, 51.16318306886081 ], [ 71.4490164, 51.1631774 ], [ 71.4488903, 51.1632229 ], [ 71.4489681, 51.1633077 ], [ 71.449023523863673, 51.163313368881546 ], [ 71.449149523822442, 51.163267968822382 ], [ 71.449071823712003, 51.16318306886081 ] ] ], [ [ [ 71.4477734, 51.1632165 ], [ 71.4475867, 51.1632909 ], [ 71.447694, 51.1633968 ], [ 71.447749423835376, 51.163402469486201 ], [ 71.447936123765814, 51.163328169398653 ], [ 71.44782882362685, 51.163222169451537 ], [ 71.4477734, 51.1632165 ] ] ], [ [ [ 71.4488139, 51.1632628 ], [ 71.4486784, 51.1633043 ], [ 71.4487374, 51.16338 ], [ 71.448792823926155, 51.163385668990081 ], [ 71.448928323890627, 51.163344168926329 ], [ 71.448869323793261, 51.163268468955685 ], [ 71.4488139, 51.1632628 ] ] ], [ [ [ 71.449186723888261, 51.163319368803798 ], [ 71.4491313, 51.1633137 ], [ 71.4489896, 51.1633539 ], [ 71.4490442, 51.1634295 ], [ 71.449099624018359, 51.163435168843264 ], [ 71.449241223985041, 51.163394968776586 ], [ 71.449186723888261, 51.163319368803798 ] ] ], [ [ [ 71.4486088, 51.163318 ], [ 71.4484935, 51.1633516 ], [ 71.4485657, 51.163449 ], [ 71.448621123990932, 51.163454669070575 ], [ 71.448736523962765, 51.163421069016259 ], [ 71.448664223837866, 51.163323669052332 ], [ 71.4486088, 51.163318 ] ] ], [ [ [ 71.4474683, 51.163402799999986 ], [ 71.4473587, 51.1634406 ], [ 71.4474177, 51.1635079 ], [ 71.447473123939687, 51.163513569615759 ], [ 71.447582723905867, 51.163475769564258 ], [ 71.447523723818591, 51.163408469593477 ], [ 71.4474683, 51.163402799999986 ] ] ], [ [ [ 71.448460423893565, 51.163387969148175 ], [ 71.448405, 51.1633823 ], [ 71.4482682, 51.163426100000017 ], [ 71.4483511, 51.163528 ], [ 71.448406524063174, 51.163533669171308 ], [ 71.448543324025138, 51.163489969106983 ], [ 71.448460423893565, 51.163387969148175 ] ] ], [ [ [ 71.4481816, 51.1634401 ], [ 71.4480609, 51.1634872 ], [ 71.4481848, 51.1636121 ], [ 71.448240224146716, 51.163617769249008 ], [ 71.448360924102971, 51.16357076919239 ], [ 71.448237023939356, 51.163445769253485 ], [ 71.4481816, 51.1634401 ] ] ], [ [ [ 71.44940312422635, 51.163581168696346 ], [ 71.44936242411022, 51.163488268717316 ], [ 71.44930862407513, 51.163463868743321 ], [ 71.4492532, 51.1634582 ], [ 71.449099500000017, 51.1635082 ], [ 71.4491913, 51.1636228 ], [ 71.449246724266629, 51.163628468769943 ], [ 71.44940312422635, 51.163581168696346 ] ] ], [ [ [ 71.4479872, 51.1635207 ], [ 71.4478585, 51.1635728 ], [ 71.447989, 51.1636996 ], [ 71.448044424231171, 51.16370526934066 ], [ 71.44817322418217, 51.163653169280266 ], [ 71.44804262401567, 51.163526369344588 ], [ 71.4479872, 51.1635207 ] ] ], [ [ [ 71.4477702, 51.1635837 ], [ 71.4476602, 51.1636308 ], [ 71.4478067, 51.1637652 ], [ 71.447862124290722, 51.163770869426266 ], [ 71.447972024245729, 51.163723769374784 ], [ 71.4478256240684, 51.163589369446747 ], [ 71.4477702, 51.1635837 ] ] ], [ [ [ 71.4493608, 51.1636006 ], [ 71.4492384, 51.163643699999987 ], [ 71.4493141, 51.1637282 ], [ 71.449369524406535, 51.163733868709713 ], [ 71.449491924367692, 51.163690768652216 ], [ 71.449416224257931, 51.163606268689684 ], [ 71.4493608, 51.1636006 ] ] ], [ [ [ 71.4475936, 51.1636374 ], [ 71.4474622, 51.1636929 ], [ 71.4475813, 51.1638039 ], [ 71.447636724313298, 51.163809569532837 ], [ 71.447768224260514, 51.163754069471231 ], [ 71.447649024114256, 51.16364306952984 ], [ 71.4475936, 51.1636374 ] ] ], [ [ [ 71.449218924321073, 51.163676168782345 ], [ 71.4491635, 51.1636705 ], [ 71.4490314, 51.1637134 ], [ 71.4491048, 51.1638022 ], [ 71.449160224473331, 51.163807868808028 ], [ 71.449292324435774, 51.163764968745895 ], [ 71.449218924321073, 51.163676168782345 ] ] ], [ [ [ 71.4489253, 51.163718699999983 ], [ 71.4487939, 51.163764099999987 ], [ 71.4488983, 51.1638829 ], [ 71.448953724548488, 51.163888568904881 ], [ 71.449085124507832, 51.163843168843137 ], [ 71.44898072435376, 51.163724368894854 ], [ 71.4489253, 51.163718699999983 ] ] ], [ [ [ 71.448851424548693, 51.16389776895339 ], [ 71.448757024345852, 51.163737569001057 ], [ 71.448662724284546, 51.163694969046666 ], [ 71.4486073, 51.1636893 ], [ 71.4484799, 51.163730799999989 ], [ 71.4484505, 51.1637784 ], [ 71.448548194279851, 51.163871554731948 ], [ 71.4484182, 51.1639082 ], [ 71.4484772, 51.1639906 ], [ 71.448532624633316, 51.163996269103372 ], [ 71.44866742460205, 51.163958369039904 ], [ 71.448653910808829, 51.163939472704172 ], [ 71.448708624590409, 51.163945069020507 ], [ 71.448851424548693, 51.16389776895339 ] ] ], [ [ [ 71.4483674, 51.1639387 ], [ 71.4482143, 51.1639906 ], [ 71.448268, 51.1640528 ], [ 71.448323424685924, 51.164058469201848 ], [ 71.448476524639759, 51.164006569129882 ], [ 71.448422824559159, 51.163944369156503 ], [ 71.4483674, 51.1639387 ] ] ], [ [ [ 71.4481488, 51.1639912 ], [ 71.4480388, 51.1640265 ], [ 71.4481097, 51.1641134 ], [ 71.448165124742019, 51.164119069276119 ], [ 71.448275124711216, 51.164083769224384 ], [ 71.448204224599095, 51.16399686925962 ], [ 71.4481488, 51.1639912 ] ] ], [ [ [ 71.448002324630949, 51.16404116935491 ], [ 71.4479469, 51.1640355 ], [ 71.4477879, 51.164093199999989 ], [ 71.4478764, 51.1641891 ], [ 71.447931824808293, 51.164194769385823 ], [ 71.448090824755639, 51.164136969311159 ], [ 71.448002324630949, 51.16404116935491 ] ] ], [ [ [ 71.4477118, 51.1641328 ], [ 71.4475894, 51.1641689 ], [ 71.4476538, 51.1642547 ], [ 71.447709224863559, 51.164260369490613 ], [ 71.447831624833029, 51.16422416943297 ], [ 71.447767224723023, 51.164138469465101 ], [ 71.4477118, 51.1641328 ] ] ], [ [ [ 71.4474285, 51.1641336 ], [ 71.4473199, 51.1641727 ], [ 71.4474875, 51.1643556 ], [ 71.447542924967294, 51.164361269567998 ], [ 71.447651424931792, 51.164322169517021 ], [ 71.447483924693856, 51.164139269599865 ], [ 71.4474285, 51.1641336 ] ] ], [ [ [ 71.449333805796698, 51.165450074947671 ], [ 71.449804605293167, 51.165303874061721 ], [ 71.450246004509893, 51.165102173235532 ], [ 71.449660200688555, 51.164360174401395 ], [ 71.4494385, 51.1643375 ], [ 71.4480502, 51.1647686 ], [ 71.4484817, 51.1653151 ], [ 71.4491121, 51.165427399999984 ], [ 71.449333805796698, 51.165450074947671 ] ] ], [ [ [ 71.4477966, 51.1648939 ], [ 71.4475719, 51.1649536 ], [ 71.4476284, 51.165037099999985 ], [ 71.4476838258025, 51.165042769489247 ], [ 71.447908525754556, 51.164983069383368 ], [ 71.447852025648061, 51.164899569411673 ], [ 71.4477966, 51.1648939 ] ] ], [ [ [ 71.44791, 51.1650293 ], [ 71.4477195, 51.165086 ], [ 71.4477815, 51.1651679 ], [ 71.447836925976219, 51.165173569414172 ], [ 71.448027425928231, 51.1651168693245 ], [ 71.447965425823071, 51.165034969355418 ], [ 71.44791, 51.1650293 ] ] ], [ [ [ 71.4479798, 51.1651696 ], [ 71.4477893, 51.165221699999982 ], [ 71.4478762, 51.1653467 ], [ 71.447931626201495, 51.16535236936604 ], [ 71.448122226159199, 51.165300369276238 ], [ 71.448035225999362, 51.165175269319789 ], [ 71.4479798, 51.1651696 ] ] ], [ [ [ 71.44781782610346, 51.165280969421403 ], [ 71.4477624, 51.165275299999983 ], [ 71.447641, 51.1653148 ], [ 71.4477069, 51.1653945 ], [ 71.447762326241005, 51.165400169445768 ], [ 71.447883826206294, 51.165360569388632 ], [ 71.44781782610346, 51.165280969421403 ] ] ], [ [ [ 71.448067080050393, 51.165751407963604 ], [ 71.448316579954536, 51.165702807609975 ], [ 71.448487179824113, 51.165651607369099 ], [ 71.448300778882867, 51.165407407647756 ], [ 71.4481345, 51.1653904 ], [ 71.4478462, 51.165445 ], [ 71.4477109, 51.1654856 ], [ 71.4479008, 51.1657344 ], [ 71.448067080050393, 51.165751407963604 ] ] ], [ [ [ 71.449386027270592, 51.166112068660993 ], [ 71.449525727230565, 51.166066468595318 ], [ 71.449506311442278, 51.166043061389466 ], [ 71.449557227212011, 51.166048268580624 ], [ 71.449756427142944, 51.165973268487164 ], [ 71.449684027044242, 51.165897668522895 ], [ 71.4496286, 51.165892 ], [ 71.4494294, 51.165966899999987 ], [ 71.449444858114845, 51.165983062722589 ], [ 71.4494022, 51.1659787 ], [ 71.4492624, 51.166024299999989 ], [ 71.4493306, 51.1661064 ], [ 71.449386027270592, 51.166112068660993 ] ] ], [ [ [ 71.448811609798753, 51.166327475881218 ], [ 71.448930109346534, 51.166223075662863 ], [ 71.448758407802629, 51.165917576010621 ], [ 71.448663007196814, 51.16580017620025 ], [ 71.4484413, 51.1657775 ], [ 71.448029, 51.165909299999988 ], [ 71.4484, 51.1663656 ], [ 71.44862171001067, 51.16638827623845 ], [ 71.448811609798753, 51.166327475881218 ] ] ], [ [ [ 71.4492022, 51.1660414 ], [ 71.449062500000011, 51.166087 ], [ 71.4491306, 51.1661691 ], [ 71.449186027324785, 51.166174768755077 ], [ 71.449325827284781, 51.166129168689331 ], [ 71.449257627178696, 51.166047068723202 ], [ 71.4492022, 51.1660414 ] ] ], [ [ [ 71.449055127454344, 51.166293968815317 ], [ 71.4489997, 51.1662883 ], [ 71.448891, 51.1663221 ], [ 71.4489721, 51.166425 ], [ 71.449027527615954, 51.166430668826088 ], [ 71.449136227586834, 51.166396868774953 ], [ 71.449055127454344, 51.166293968815317 ] ] ], [ [ [ 71.4476777, 51.1668103 ], [ 71.4475276, 51.1668573 ], [ 71.4476026, 51.1669516 ], [ 71.447658028104087, 51.166957269468661 ], [ 71.447808228063636, 51.166910369398003 ], [ 71.447733127942016, 51.166815969435333 ], [ 71.4476777, 51.1668103 ] ] ], [ [ [ 71.4478085, 51.166922699999986 ], [ 71.4476345, 51.1669731 ], [ 71.4476814, 51.1670368 ], [ 71.447736828215028, 51.167042469429695 ], [ 71.44791082817288, 51.166992069347756 ], [ 71.447863928091223, 51.166928369371178 ], [ 71.4478085, 51.166922699999986 ] ] ], [ [ [ 71.4488589, 51.1669833 ], [ 71.448433, 51.1671208 ], [ 71.448521, 51.1672279 ], [ 71.448631857081509, 51.167239238027392 ], [ 71.449057756841114, 51.167101737626844 ], [ 71.448969756564551, 51.166994637714247 ], [ 71.4488589, 51.1669833 ] ] ], [ [ [ 71.447871, 51.1670702 ], [ 71.4477209, 51.1671172 ], [ 71.4477959, 51.1672115 ], [ 71.447857964020855, 51.167215097411486 ], [ 71.4479193, 51.1672922 ], [ 71.447974728547763, 51.167297869312108 ], [ 71.448132428505218, 51.167248569237927 ], [ 71.448068628401899, 51.167168369269667 ], [ 71.447999030617609, 51.16716712962959 ], [ 71.447926428275423, 51.167075869338923 ], [ 71.447871, 51.1670702 ] ] ], [ [ [ 71.4481018, 51.1672836 ], [ 71.4479726, 51.1673146 ], [ 71.448028, 51.1674054 ], [ 71.448083428695597, 51.16741106925847 ], [ 71.448212728672047, 51.167380069197463 ], [ 71.448157228556852, 51.167289269225449 ], [ 71.4481018, 51.1672836 ] ] ], [ [ [ 71.447923128610185, 51.167354269335704 ], [ 71.4478677, 51.1673486 ], [ 71.4477289, 51.1673831 ], [ 71.4477745, 51.167455399999987 ], [ 71.447829928728822, 51.16746106937822 ], [ 71.447968728702179, 51.167426669312761 ], [ 71.447923128610185, 51.167354269335704 ] ] ], [ [ [ 71.450030154782056, 51.168019521608002 ], [ 71.450209854234274, 51.167965720593052 ], [ 71.450138955767713, 51.167823281343864 ], [ 71.450545153204715, 51.167864818699421 ], [ 71.450724852681475, 51.167812717684129 ], [ 71.450629634730518, 51.167683638469484 ], [ 71.450852929230109, 51.167610367937293 ], [ 71.450667428942808, 51.167388068029368 ], [ 71.450612, 51.1673824 ], [ 71.450508, 51.16741660000001 ], [ 71.450604, 51.1675315 ], [ 71.450534285811244, 51.167554380888376 ], [ 71.450469547356221, 51.167466619213215 ], [ 71.450325525423011, 51.167451891600052 ], [ 71.450658228885487, 51.167341268034555 ], [ 71.450408928484748, 51.167030368158528 ], [ 71.4503535, 51.1670247 ], [ 71.4499883, 51.1671461 ], [ 71.4500161, 51.1673066 ], [ 71.450121302090551, 51.167431007499523 ], [ 71.4498044, 51.1673986 ], [ 71.4495575, 51.1674702 ], [ 71.449629805976485, 51.167568227481873 ], [ 71.4493489, 51.1675395 ], [ 71.4491022, 51.1676058 ], [ 71.449365, 51.167951499999987 ], [ 71.450030154782056, 51.168019521608002 ] ] ], [ [ [ 71.449949930327008, 51.168601368349904 ], [ 71.4498945, 51.1685957 ], [ 71.449768, 51.1686355 ], [ 71.4498802, 51.168775599999989 ], [ 71.449935630542072, 51.168781268353627 ], [ 71.450062130507604, 51.16874146829413 ], [ 71.449949930327008, 51.168601368349904 ] ] ], [ [ [ 71.4477544, 51.1689843 ], [ 71.4477249, 51.1690684 ], [ 71.447974730718173, 51.169100869281159 ], [ 71.448004230620086, 51.169016769268545 ], [ 71.4477544, 51.1689843 ] ] ], [ [ [ 71.4478576, 51.169133899999984 ], [ 71.4478345, 51.169212499999986 ], [ 71.448039130886954, 51.16923536924822 ], [ 71.448062230794804, 51.169156769238576 ], [ 71.4478576, 51.169133899999984 ] ] ], [ [ [ 71.448015230936434, 51.169278569258836 ], [ 71.447804, 51.1692549 ], [ 71.4477796, 51.1693378 ], [ 71.447990831033749, 51.169361569269022 ], [ 71.448015230936434, 51.169278569258836 ] ] ], [ [ [ 71.4477262, 51.1693542 ], [ 71.4476998, 51.169444 ], [ 71.447923731156138, 51.169469169299106 ], [ 71.447950231050726, 51.169379269288036 ], [ 71.4477262, 51.1693542 ] ] ], [ [ [ 71.4477128, 51.1695257 ], [ 71.447687400000021, 51.169612 ], [ 71.447883531350257, 51.169633969315406 ], [ 71.44790893124906, 51.169547669304805 ], [ 71.4477128, 51.1695257 ] ] ], [ [ [ 71.448393131777081, 51.169943469067611 ], [ 71.44849103175909, 51.169919869021435 ], [ 71.448527231631346, 51.169810569006081 ], [ 71.448358331339037, 51.169582669090367 ], [ 71.4483029, 51.169577 ], [ 71.4480185, 51.1696611 ], [ 71.4481835, 51.1698747 ], [ 71.4483377, 51.1699378 ], [ 71.448393131777081, 51.169943469067611 ] ] ], [ [ [ 71.4488384324723, 51.17048156884649 ], [ 71.448854568285071, 51.170418837786265 ], [ 71.448969132427948, 51.170433168785131 ], [ 71.449159932352657, 51.170353768695698 ], [ 71.449130932263614, 51.170282368710723 ], [ 71.448897695979539, 51.170251169827367 ], [ 71.44892213208945, 51.170156168812227 ], [ 71.4475538, 51.1700229 ], [ 71.447527, 51.1701323 ], [ 71.448672266090298, 51.170243076520876 ], [ 71.4486167, 51.1704591 ], [ 71.4488384324723, 51.17048156884649 ] ] ], [ [ [ 71.4485608, 51.170463500000011 ], [ 71.4485516, 51.1705273 ], [ 71.448683732522895, 51.170537268919141 ], [ 71.448692932447187, 51.170473568915853 ], [ 71.4485608, 51.170463500000011 ] ] ], [ [ [ 71.448045133025857, 51.171011469214868 ], [ 71.4478577, 51.1709645 ], [ 71.4478378, 51.1709908 ], [ 71.448024633054615, 51.171037169224171 ], [ 71.448045133025857, 51.171011469214868 ] ] ], [ [ [ 71.448805533409583, 51.17126296884873 ], [ 71.448932733353402, 51.171205068789185 ], [ 71.449171132965915, 51.170862168681644 ], [ 71.449082632826006, 51.170753768725604 ], [ 71.4490272, 51.1707481 ], [ 71.4488082, 51.1708182 ], [ 71.4486509, 51.1711139 ], [ 71.4487501, 51.1712573 ], [ 71.448805533409583, 51.17126296884873 ] ] ], [ [ [ 71.4498112, 51.171098799999989 ], [ 71.4489441, 51.1713617 ], [ 71.4490605, 51.1715127 ], [ 71.449115933750107, 51.171518368696645 ], [ 71.449983033525825, 51.171255468288557 ], [ 71.449866633331638, 51.171104468346542 ], [ 71.4498112, 51.171098799999989 ] ] ], [ [ [ 71.449034, 51.1717261 ], [ 71.449089434004222, 51.171731768705577 ], [ 71.450212133724179, 51.171399968177042 ], [ 71.450125533576269, 51.171284768220232 ], [ 71.4500701, 51.1712791 ], [ 71.4489474, 51.1716109 ], [ 71.449034, 51.1717261 ] ] ], [ [ [ 71.449821333874993, 51.171559768360275 ], [ 71.4497659, 51.171554099999987 ], [ 71.4495884, 51.1716091 ], [ 71.449736, 51.1717963 ], [ 71.449762572889057, 51.171799017190246 ], [ 71.449336200000019, 51.171918199999986 ], [ 71.449405575219288, 51.172008267827998 ], [ 71.4493701, 51.172019 ], [ 71.4495439, 51.1722448 ], [ 71.449599334683015, 51.172250468454045 ], [ 71.449749734644115, 51.172204868383261 ], [ 71.449625234436184, 51.172043168445271 ], [ 71.450200718158584, 51.171869002592707 ], [ 71.4503924, 51.172117900000011 ], [ 71.450447834620491, 51.172123568052477 ], [ 71.450623534575243, 51.172070467969775 ], [ 71.45057343433875, 51.171878467996919 ], [ 71.450470334166553, 51.171744568048268 ], [ 71.4504149, 51.171738899999987 ], [ 71.4503770150055, 51.17175036583405 ], [ 71.450316634062801, 51.171671968122659 ], [ 71.45027393478793, 51.171667602132167 ], [ 71.450294334047896, 51.171661568133437 ], [ 71.450151733804802, 51.17147226820456 ], [ 71.4500963, 51.1714666 ], [ 71.4498682, 51.1715341 ], [ 71.4500107, 51.1717234 ], [ 71.450036688852066, 51.171726057412158 ], [ 71.450006157574833, 51.171734183779371 ], [ 71.449931133982176, 51.171639068306661 ], [ 71.449821333874993, 51.171559768360275 ] ] ], [ [ [ 71.4484891, 51.1716426 ], [ 71.4483384, 51.1716854 ], [ 71.4484553, 51.1718474 ], [ 71.4485107340887, 51.171853068978848 ], [ 71.448661534053215, 51.171810268907834 ], [ 71.448544533845705, 51.171648268966294 ], [ 71.4484891, 51.1716426 ] ] ], [ [ [ 71.44933643420606, 51.171877568585543 ], [ 71.449475381798663, 51.171835524971591 ], [ 71.4494856, 51.1718488 ], [ 71.449541034200024, 51.171854468488576 ], [ 71.449631434176638, 51.171827068446035 ], [ 71.449512533977853, 51.171672468505264 ], [ 71.4494571, 51.1716668 ], [ 71.4493666, 51.1716942 ], [ 71.449423099978944, 51.171767602641779 ], [ 71.4493732, 51.1717625 ], [ 71.4492301, 51.1718058 ], [ 71.449281, 51.1718719 ], [ 71.44933643420606, 51.171877568585543 ] ] ], [ [ [ 71.44907, 51.1717675 ], [ 71.4489734, 51.1717961 ], [ 71.4490096, 51.171839 ], [ 71.449065034137561, 51.171844668715231 ], [ 71.449160234114231, 51.171816868670433 ], [ 71.449125434057919, 51.171773168687743 ], [ 71.44907, 51.1717675 ] ] ], [ [ [ 71.4486684, 51.1718913 ], [ 71.4484974, 51.1719416 ], [ 71.4486007, 51.1720797 ], [ 71.448656134383867, 51.172085368905677 ], [ 71.448827134341485, 51.172035068825181 ], [ 71.448723834164227, 51.171896968876688 ], [ 71.4486684, 51.1718913 ] ] ], [ [ [ 71.4495865, 51.17225830000001 ], [ 71.4496684, 51.1723672 ], [ 71.449723834843638, 51.172372868392678 ], [ 71.450346334688319, 51.172188868099653 ], [ 71.450254834532046, 51.172067168145276 ], [ 71.4501994, 51.1720615 ], [ 71.4495865, 51.17225830000001 ] ] ], [ [ [ 71.448940334574729, 51.172218768768161 ], [ 71.4488849, 51.1722131 ], [ 71.4487723, 51.1722472 ], [ 71.4488715, 51.1723763 ], [ 71.448926934769801, 51.172381968771731 ], [ 71.449039534740749, 51.172347868718738 ], [ 71.448940334574729, 51.172218768768161 ] ] ], [ [ [ 71.4497271, 51.172531 ], [ 71.4496493, 51.1725604 ], [ 71.4496936, 51.1726067 ], [ 71.449749035134701, 51.172612368376583 ], [ 71.449825435104302, 51.172580368340782 ], [ 71.44978253504712, 51.172536668361936 ], [ 71.4497271, 51.172531 ] ] ], [ [ [ 71.45065800496964, 51.147461868376453 ], [ 71.4504316, 51.147416699999987 ], [ 71.4503402, 51.1475722 ], [ 71.450826905258609, 51.147687268292238 ], [ 71.450934405084141, 51.147532668243755 ], [ 71.4506632, 51.147468 ], [ 71.450606532068889, 51.147549496529919 ], [ 71.45065800496964, 51.147461868376453 ] ] ], [ [ [ 71.4500373, 51.147712199999987 ], [ 71.4499465, 51.1478262 ], [ 71.450196605438833, 51.147892868588514 ], [ 71.450287405311414, 51.147778868547292 ], [ 71.4500373, 51.147712199999987 ] ] ], [ [ [ 71.4503326, 51.1477936 ], [ 71.4502526, 51.1479181 ], [ 71.450483105559712, 51.147968068450957 ], [ 71.450563205418504, 51.147843568414977 ], [ 71.4503326, 51.1477936 ] ] ], [ [ [ 71.4497231, 51.1479019 ], [ 71.4496174, 51.1480474 ], [ 71.449841905652193, 51.148101668753654 ], [ 71.449949705490866, 51.14795796870483 ], [ 71.4497231, 51.1479019 ] ] ], [ [ [ 71.451142405684365, 51.148013468136547 ], [ 71.4509099, 51.1479669 ], [ 71.4508407, 51.1480848 ], [ 71.451073205818759, 51.148131368167427 ], [ 71.451142405684365, 51.148013468136547 ] ] ], [ [ [ 71.4501697, 51.1480341 ], [ 71.4501053, 51.1481519 ], [ 71.450342405819612, 51.148196668513933 ], [ 71.450406805684821, 51.148078868485328 ], [ 71.4501697, 51.1480341 ] ] ], [ [ [ 71.4495771, 51.1481807 ], [ 71.4494714, 51.1483262 ], [ 71.449695905971907, 51.14838046881831 ], [ 71.449803705810567, 51.148236768769493 ], [ 71.4495771, 51.1481807 ] ] ], [ [ [ 71.450969605939662, 51.148241068214823 ], [ 71.4507455, 51.1481989 ], [ 71.4506767, 51.1483239 ], [ 71.450900706082635, 51.148366068245458 ], [ 71.450969605939662, 51.148241068214823 ] ] ], [ [ [ 71.4498478, 51.1482932 ], [ 71.4497942, 51.1483908 ], [ 71.450035706075724, 51.148436768655706 ], [ 71.450089405964064, 51.148339168631828 ], [ 71.4498478, 51.1482932 ] ] ], [ [ [ 71.4493019, 51.1483107 ], [ 71.4491907, 51.1484664 ], [ 71.449454706127355, 51.148531068930446 ], [ 71.4495683059545, 51.148377268879059 ], [ 71.4493019, 51.1483107 ] ] ], [ [ [ 71.450732806080779, 51.148379368325081 ], [ 71.4504937, 51.1483365 ], [ 71.4504345, 51.1484515 ], [ 71.450673506212766, 51.148494368351322 ], [ 71.450732806080779, 51.148379368325081 ] ] ], [ [ [ 71.4491937, 51.1485058 ], [ 71.449105100000011, 51.1486347 ], [ 71.449322206297367, 51.148684168990862 ], [ 71.44941090615167, 51.148555168950885 ], [ 71.4491937, 51.1485058 ] ] ], [ [ [ 71.4496805, 51.1485096 ], [ 71.4495841, 51.1486355 ], [ 71.449851706378908, 51.148705168738616 ], [ 71.449948206237636, 51.148579168694873 ], [ 71.4496805, 51.1485096 ] ] ], [ [ [ 71.4503807, 51.1485156 ], [ 71.4503068, 51.1486337 ], [ 71.450526806420228, 51.148679868417922 ], [ 71.450600706286195, 51.148561868384796 ], [ 71.4503807, 51.1485156 ] ] ], [ [ [ 71.4509021, 51.1485419 ], [ 71.4508163, 51.1486824 ], [ 71.451056006539602, 51.148732368165263 ], [ 71.451141806379766, 51.148591868126879 ], [ 71.4509021, 51.1485419 ] ] ], [ [ [ 71.4502868, 51.1486914 ], [ 71.4502117, 51.1487999 ], [ 71.45041330660753, 51.148845668469043 ], [ 71.450488606486644, 51.148738468435091 ], [ 71.4502868, 51.1486914 ] ] ], [ [ [ 71.4497406, 51.1487279 ], [ 71.4496585, 51.148851 ], [ 71.449886506619364, 51.148902068718677 ], [ 71.449968706480064, 51.148778968681704 ], [ 71.4497406, 51.1487279 ] ] ], [ [ [ 71.449274406439457, 51.148806569011491 ], [ 71.4490416, 51.1487527 ], [ 71.4489653, 51.1488634 ], [ 71.449198206564361, 51.148917169045824 ], [ 71.449274406439457, 51.148806569011491 ] ] ], [ [ [ 71.4507572, 51.1487926 ], [ 71.45068120000002, 51.1489162 ], [ 71.450894806796384, 51.148960168238048 ], [ 71.450970806655718, 51.148836468204017 ], [ 71.4507572, 51.1487926 ] ] ], [ [ [ 71.4496236, 51.148894 ], [ 71.4495492, 51.1490147 ], [ 71.44977200679827, 51.149060968770407 ], [ 71.449846406660924, 51.148940168737091 ], [ 71.4496236, 51.148894 ] ] ], [ [ [ 71.449190506634238, 51.148975969048493 ], [ 71.4489024, 51.1489184 ], [ 71.4488374, 51.1490329 ], [ 71.449125506765014, 51.149090469077414 ], [ 71.449190506634238, 51.148975969048493 ] ] ], [ [ [ 71.4501074, 51.148931 ], [ 71.4500327, 51.1490582 ], [ 71.450265006903322, 51.149104768535153 ], [ 71.4503397067582, 51.148977468501798 ], [ 71.4501074, 51.148931 ] ] ], [ [ [ 71.4506305, 51.1489704 ], [ 71.4505508, 51.149085 ], [ 71.450780106998351, 51.149138268289541 ], [ 71.450859806869019, 51.149023668253591 ], [ 71.4506305, 51.1489704 ] ] ], [ [ [ 71.449733006853762, 51.149110568788089 ], [ 71.4495039, 51.1490711 ], [ 71.4494342, 51.1492122 ], [ 71.44966330701601, 51.149251668818835 ], [ 71.449733006853762, 51.149110568788089 ] ] ], [ [ [ 71.4505326, 51.1491109 ], [ 71.450442100000018, 51.1492392 ], [ 71.450690907181638, 51.149298568329201 ], [ 71.45078140703697, 51.149170268288373 ], [ 71.4505326, 51.1491109 ] ] ], [ [ [ 71.450220407027246, 51.149211768554515 ], [ 71.4499783, 51.149159 ], [ 71.4498419, 51.1492474 ], [ 71.4498031, 51.1493079 ], [ 71.450114007215802, 51.14937796860228 ], [ 71.450220407027246, 51.149211768554515 ] ] ], [ [ [ 71.4503945, 51.149279 ], [ 71.4503059, 51.1494131 ], [ 71.4505668073772, 51.149472168385266 ], [ 71.450655307225219, 51.149337968345463 ], [ 71.4503945, 51.149279 ] ] ], [ [ [ 71.4492962, 51.149385 ], [ 71.4492023, 51.1495057 ], [ 71.449475507388428, 51.149577968902555 ], [ 71.449569407253264, 51.149457268859962 ], [ 71.4492962, 51.149385 ] ] ], [ [ [ 71.450899800000016, 51.1494177 ], [ 71.4508227, 51.1495239 ], [ 71.451065607563692, 51.149583168146073 ], [ 71.451142707444163, 51.14947696811123 ], [ 71.450899800000016, 51.1494177 ] ] ], [ [ [ 71.4498752, 51.1495527 ], [ 71.4497776, 51.14969820000001 ], [ 71.450011007653146, 51.149750768644871 ], [ 71.450108607488673, 51.149605368600938 ], [ 71.4498752, 51.1495527 ] ] ], [ [ [ 71.449402507511252, 51.149686568935415 ], [ 71.4491554, 51.149626399999988 ], [ 71.4490432, 51.1497821 ], [ 71.449289907688211, 51.149843668986293 ], [ 71.449402507511252, 51.149686568935415 ] ] ], [ [ [ 71.450865507804565, 51.149801168237524 ], [ 71.4503393, 51.1496735 ], [ 71.4502756, 51.1497702 ], [ 71.450405, 51.149848499999983 ], [ 71.450776607957337, 51.149936068277484 ], [ 71.450865507804565, 51.149801168237524 ] ] ], [ [ [ 71.4497272, 51.1498088 ], [ 71.449636, 51.1499643 ], [ 71.449853007944782, 51.150007268715605 ], [ 71.449944207767487, 51.149851768674907 ], [ 71.4497272, 51.1498088 ] ] ], [ [ [ 71.449191807826296, 51.14996716903083 ], [ 71.4489253, 51.1499173 ], [ 71.4488664, 51.150028 ], [ 71.449132907953143, 51.150077869056936 ], [ 71.449191807826296, 51.14996716903083 ] ] ], [ [ [ 71.450779208060808, 51.150021868274777 ], [ 71.4502849, 51.1499061 ], [ 71.4501817, 51.150068 ], [ 71.45040270813297, 51.15011516845226 ], [ 71.450718108169383, 51.150117568302186 ], [ 71.450779208060808, 51.150021868274777 ] ] ], [ [ [ 71.4509158, 51.1498955 ], [ 71.4508041, 51.1500568 ], [ 71.451066008207803, 51.150118768136679 ], [ 71.451177708025568, 51.149957368086341 ], [ 71.4509158, 51.1498955 ] ] ], [ [ [ 71.44983510796105, 51.150022368723867 ], [ 71.4496086, 51.1499738 ], [ 71.4495119, 51.1501253 ], [ 71.449738408132944, 51.150173868767261 ], [ 71.44983510796105, 51.150022368723867 ] ] ], [ [ [ 71.4501297, 51.1501186 ], [ 71.4500497, 51.150264300000011 ], [ 71.450345408375441, 51.150321868475963 ], [ 71.450425408208872, 51.150176268440418 ], [ 71.4501297, 51.1501186 ] ] ], [ [ [ 71.4495024, 51.1501533 ], [ 71.4493871, 51.1503106 ], [ 71.449594108341429, 51.150359968832696 ], [ 71.449709408164509, 51.150202668780551 ], [ 71.4495024, 51.1501533 ] ] ], [ [ [ 71.4507076, 51.1502082 ], [ 71.4506158, 51.1503332 ], [ 71.450925308545919, 51.150412368198552 ], [ 71.451017108405338, 51.150287368157045 ], [ 71.4507076, 51.1502082 ] ] ], [ [ [ 71.4500153, 51.1503035 ], [ 71.4499527, 51.150410099999988 ], [ 71.450187808521633, 51.150457368548608 ], [ 71.450250508400117, 51.150350768520624 ], [ 71.4500153, 51.1503035 ] ] ], [ [ [ 71.4499884, 51.1505509 ], [ 71.4498977, 51.1506821 ], [ 71.45013700885346, 51.15073776856795 ], [ 71.450227708705313, 51.15060656852706 ], [ 71.4499884, 51.1505509 ] ] ], [ [ [ 71.4494012, 51.1504909 ], [ 71.4492134, 51.1507399 ], [ 71.4496038, 51.1508557 ], [ 71.449714617915319, 51.150867037559763 ], [ 71.449902317356333, 51.150618037389762 ], [ 71.449512016994831, 51.150502237765068 ], [ 71.4494012, 51.1504909 ] ] ], [ [ [ 71.451312208939385, 51.150705368009469 ], [ 71.4510857, 51.1506578 ], [ 71.4510149, 51.1507714 ], [ 71.451241409068487, 51.1508189680412 ], [ 71.451312208939385, 51.150705368009469 ] ] ], [ [ [ 71.4486896, 51.1509334 ], [ 71.4486252, 51.1510259 ], [ 71.449337309337878, 51.15121126894023 ], [ 71.449401609233462, 51.151118768911232 ], [ 71.4486896, 51.1509334 ] ] ], [ [ [ 71.4496932, 51.1529856 ], [ 71.4496289, 51.153075 ], [ 71.449792511671347, 51.153111268691042 ], [ 71.449856811570541, 51.153021768661972 ], [ 71.4496932, 51.1529856 ] ] ], [ [ [ 71.451031012287118, 51.153513768094953 ], [ 71.4509756, 51.15350810000001 ], [ 71.4508469, 51.1535623 ], [ 71.45091, 51.1536212 ], [ 71.450965412416167, 51.153626868124213 ], [ 71.451094012364663, 51.153572668063951 ], [ 71.451031012287118, 51.153513768094953 ] ] ], [ [ [ 71.45157854187913, 51.154866503512984 ], [ 71.451768441213986, 51.154665403252338 ], [ 71.451252040357218, 51.154473603999243 ], [ 71.451102108671336, 51.154458268153739 ], [ 71.451211139875412, 51.154343704064296 ], [ 71.450983387766684, 51.154258482557616 ], [ 71.45115765761004, 51.154264918007556 ], [ 71.451217956738645, 51.154199217676883 ], [ 71.451132455477762, 51.154119418181445 ], [ 71.450269249584721, 51.153787423177626 ], [ 71.4494513, 51.1537009 ], [ 71.4493801, 51.1537784 ], [ 71.4494267, 51.1538343 ], [ 71.4504185, 51.1542007 ], [ 71.4506035401334, 51.154219628134527 ], [ 71.4505024, 51.154325900000011 ], [ 71.450903, 51.1544758 ], [ 71.451053150640377, 51.154491158497095 ], [ 71.4508053, 51.1547535 ], [ 71.4511683, 51.1548884 ], [ 71.451334541941705, 51.154905403859203 ], [ 71.45157854187913, 51.154866503512984 ] ] ], [ [ [ 71.4499739, 51.1545659 ], [ 71.449716, 51.1548527 ], [ 71.4498532, 51.1549019 ], [ 71.4499086138443, 51.154907568604919 ], [ 71.450110378652084, 51.154686121446446 ], [ 71.451205, 51.1551021 ], [ 71.451260414228813, 51.155107767958405 ], [ 71.451308714173805, 51.155057767936292 ], [ 71.450029313452987, 51.154571568553273 ], [ 71.4499739, 51.1545659 ] ] ], [ [ [ 71.4492097, 51.1548287 ], [ 71.4491763, 51.1549186 ], [ 71.449377513833554, 51.154945568856931 ], [ 71.449410913728954, 51.154855668842579 ], [ 71.4492097, 51.1548287 ] ] ], [ [ [ 71.449552013963853, 51.155038468772311 ], [ 71.4494966, 51.1550328 ], [ 71.4493668, 51.1550542 ], [ 71.4494361, 51.1552192 ], [ 71.449491514181631, 51.155224868797887 ], [ 71.449621214169682, 51.155203468736552 ], [ 71.449552013963853, 51.155038468772311 ] ] ], [ [ [ 71.450507200000018, 51.1550597 ], [ 71.450275, 51.155302499999983 ], [ 71.4504632, 51.1553734 ], [ 71.450518614476309, 51.155379068306623 ], [ 71.450750914208811, 51.155136168200293 ], [ 71.450562614103646, 51.155065368291076 ], [ 71.450507200000018, 51.1550597 ] ] ], [ [ [ 71.4495429, 51.1553992 ], [ 71.4492715, 51.155439 ], [ 71.4493051, 51.1555292 ], [ 71.449360514540601, 51.155534868854886 ], [ 71.449631914521717, 51.155495168726453 ], [ 71.449598314409499, 51.155404868743993 ], [ 71.4495429, 51.1553992 ] ] ], [ [ [ 71.450089514478208, 51.155418568510072 ], [ 71.4500341, 51.1554129 ], [ 71.449920500000019, 51.15553 ], [ 71.4502114, 51.155641 ], [ 71.450266814771453, 51.155646668421802 ], [ 71.450380414642794, 51.155529668369788 ], [ 71.450089514478208, 51.155418568510072 ] ] ], [ [ [ 71.4494389, 51.1555908 ], [ 71.4493047, 51.1556169 ], [ 71.4493462, 51.155701 ], [ 71.449401614751636, 51.155706668832387 ], [ 71.449535914734511, 51.155680568768936 ], [ 71.449494314628936, 51.155596468790172 ], [ 71.4494389, 51.1555908 ] ] ], [ [ [ 71.4497189, 51.1555477 ], [ 71.449585, 51.1555706 ], [ 71.449657, 51.1557363 ], [ 71.449712414827147, 51.155741968683927 ], [ 71.449846314813939, 51.155719168620607 ], [ 71.449774314606842, 51.155553368657714 ], [ 71.4497189, 51.1555477 ] ] ], [ [ [ 71.450615214766984, 51.155612168256653 ], [ 71.4505598, 51.1556065 ], [ 71.450440900000018, 51.155727199999987 ], [ 71.4508815, 51.1558981 ], [ 71.450936915151942, 51.155903768098618 ], [ 71.451055815019402, 51.155783068044094 ], [ 71.450615214766984, 51.155612168256653 ] ] ], [ [ [ 71.449984715169094, 51.15600216854989 ], [ 71.449901414935042, 51.15581496859275 ], [ 71.449846, 51.1558093 ], [ 71.4496303, 51.1558471 ], [ 71.4497672, 51.1560249 ], [ 71.449822615186022, 51.156030568626534 ], [ 71.449984715169094, 51.15600216854989 ] ] ], [ [ [ 71.4504496, 51.1560577 ], [ 71.450766515379726, 51.156108168176168 ], [ 71.450875415253435, 51.15599356812632 ], [ 71.450426115003452, 51.155825468342961 ], [ 71.4503707, 51.1558198 ], [ 71.4502618, 51.155934399999985 ], [ 71.4504496, 51.1560577 ] ] ], [ [ [ 71.4511229, 51.1559229 ], [ 71.4510816, 51.1559617 ], [ 71.4511782, 51.1560021 ], [ 71.45123361530861, 51.156007767955664 ], [ 71.45127491526631, 51.155968967936687 ], [ 71.451178315207443, 51.155928567983338 ], [ 71.4511229, 51.1559229 ] ] ], [ [ [ 71.44952741497228, 51.155878968769585 ], [ 71.449472, 51.15587330000001 ], [ 71.4493544, 51.155893 ], [ 71.4495289, 51.1563021 ], [ 71.44958431549415, 51.156307768735132 ], [ 71.450128015435638, 51.156211068478143 ], [ 71.45006171524922, 51.156061968512255 ], [ 71.4500063, 51.15605630000001 ], [ 71.4499225, 51.1560709 ], [ 71.449646100770195, 51.156157149213016 ], [ 71.44952741497228, 51.155878968769585 ] ] ], [ [ [ 71.450983, 51.1561236 ], [ 71.450853600000016, 51.1561602 ], [ 71.4508912, 51.1562124 ], [ 71.45094661553108, 51.156218068088599 ], [ 71.451076015500803, 51.156181468027654 ], [ 71.451038415433999, 51.156129268046442 ], [ 71.450983, 51.1561236 ] ] ], [ [ [ 71.450200115456767, 51.156222268443642 ], [ 71.450106, 51.1562233 ], [ 71.4501195, 51.1562539 ], [ 71.450213715494911, 51.156252768436659 ], [ 71.450200115456767, 51.156222268443642 ] ] ], [ [ [ 71.4510763, 51.1562511 ], [ 71.4510709, 51.1563419 ], [ 71.451233015720291, 51.156350067950065 ], [ 71.451238415611655, 51.156259267949054 ], [ 71.4510763, 51.1562511 ] ] ], [ [ [ 71.4500557, 51.1562746 ], [ 71.4499202, 51.1562965 ], [ 71.449953, 51.1563762 ], [ 71.450008415628375, 51.15638186853208 ], [ 71.450143815616428, 51.15635996846806 ], [ 71.450111115517075, 51.156280268484991 ], [ 71.4500557, 51.1562746 ] ] ], [ [ [ 71.45016921567975, 51.156410368455113 ], [ 71.4501138, 51.1564047 ], [ 71.4499783, 51.15642660000001 ], [ 71.450011, 51.1565063 ], [ 71.450066415791056, 51.156511968502279 ], [ 71.450201915779104, 51.156490068438188 ], [ 71.45016921567975, 51.156410368455113 ] ] ], [ [ [ 71.450979616034061, 51.156633268065733 ], [ 71.451023815934931, 51.1565469680462 ], [ 71.450979715797203, 51.156436368069087 ], [ 71.4508498, 51.1564157 ], [ 71.4507633, 51.1565002 ], [ 71.4507192, 51.1565863 ], [ 71.450979616034061, 51.156633268065733 ] ] ], [ [ [ 71.4511548, 51.1565096 ], [ 71.4511413, 51.156543 ], [ 71.451275815978917, 51.156561267926058 ], [ 71.451289415940195, 51.156527867920175 ], [ 71.4511548, 51.1565096 ] ] ], [ [ [ 71.450222815835218, 51.156534868427464 ], [ 71.4501674, 51.1565292 ], [ 71.450032, 51.1565511 ], [ 71.4500647, 51.1566308 ], [ 71.450120115946532, 51.156636468474588 ], [ 71.450255515934586, 51.156614568410561 ], [ 71.450222815835218, 51.156534868427464 ] ] ], [ [ [ 71.450249200000016, 51.1567083 ], [ 71.4501138, 51.156730199999984 ], [ 71.4501465, 51.1568099 ], [ 71.450201916170684, 51.156815568432599 ], [ 71.450337316158723, 51.15679366836855 ], [ 71.450304616059384, 51.156713968385482 ], [ 71.450249200000016, 51.1567083 ] ] ], [ [ [ 71.449438, 51.1567286 ], [ 71.4493043, 51.1567521 ], [ 71.449343, 51.1568384 ], [ 71.44939841611955, 51.156844068814358 ], [ 71.449532116105487, 51.156820568751144 ], [ 71.449493415997551, 51.156734268771039 ], [ 71.449438, 51.1567286 ] ] ], [ [ [ 71.449744716304693, 51.156967368647486 ], [ 71.449688416147254, 51.156841468676447 ], [ 71.449633, 51.156835799999989 ], [ 71.4491389, 51.15692270000001 ], [ 71.4491537, 51.1569557 ], [ 71.4493, 51.1570302 ], [ 71.449355416345711, 51.157035868831521 ], [ 71.449744716304693, 51.156967368647486 ] ] ], [ [ [ 71.4507996, 51.1571336 ], [ 71.4507761, 51.1573972 ], [ 71.451078933967594, 51.157419236036411 ], [ 71.451108833339703, 51.157155636017038 ], [ 71.4507996, 51.1571336 ] ] ], [ [ [ 71.452852284068626, 51.157137036095506 ], [ 71.452852283896235, 51.157108487542821 ], [ 71.453001616818113, 51.157106367095658 ], [ 71.452996616648448, 51.156965767100452 ], [ 71.4527468, 51.1569627 ], [ 71.452702769783215, 51.157031846082035 ], [ 71.4525752, 51.1570188 ], [ 71.4514385, 51.15701270000001 ], [ 71.45143708327501, 51.157098459086022 ], [ 71.451126, 51.1570828 ], [ 71.4510982, 51.1577384 ], [ 71.451375287071514, 51.157766739554702 ], [ 71.451563087171309, 51.157766739107977 ], [ 71.45158630300358, 51.157118770102301 ], [ 71.451714083432478, 51.157131838803402 ], [ 71.452852284068626, 51.157137036095506 ] ] ], [ [ [ 71.4517897, 51.1624128 ], [ 71.452009462390109, 51.162424526089048 ], [ 71.4520081, 51.1624366 ], [ 71.452063523138648, 51.162442267450182 ], [ 71.452326623175878, 51.162449967324854 ], [ 71.452329123116598, 51.162400467324524 ], [ 71.452263223022456, 51.162328067357116 ], [ 71.452051583338644, 51.162315593376924 ], [ 71.452084222601016, 51.161993667448037 ], [ 71.451885704121295, 51.161747098896157 ], [ 71.452048111068578, 51.161696137616325 ], [ 71.451264804653093, 51.160699039565422 ], [ 71.4509877, 51.1606707 ], [ 71.4505558, 51.1607701 ], [ 71.4506221, 51.1608875 ], [ 71.4516056, 51.1617197 ], [ 71.4517897, 51.1624128 ] ] ], [ [ [ 71.4504837, 51.1613308 ], [ 71.4491022, 51.1612494 ], [ 71.4490851, 51.1613716 ], [ 71.449362207858471, 51.16139994403111 ], [ 71.450743709073762, 51.161479840737883 ], [ 71.450760808356648, 51.161359140707582 ], [ 71.4504837, 51.1613308 ] ] ], [ [ [ 71.4501865, 51.1622711 ], [ 71.450962722890083, 51.162332967975779 ], [ 71.450985322770833, 51.162231867966753 ], [ 71.450933422667958, 51.162150967992851 ], [ 71.4502836, 51.162099499999989 ], [ 71.4502031, 51.1621717 ], [ 71.4501865, 51.1622711 ] ] ], [ [ [ 71.452215723310189, 51.162571367375527 ], [ 71.4511769, 51.162507 ], [ 71.4511596, 51.1626233 ], [ 71.452196623449311, 51.162688667382611 ], [ 71.452215723310189, 51.162571367375527 ] ] ], [ [ [ 71.4502535, 51.1627436 ], [ 71.4502332, 51.1628646 ], [ 71.451277523646795, 51.162933967815668 ], [ 71.451298323503892, 51.162813367807843 ], [ 71.4502535, 51.1627436 ] ] ], [ [ [ 71.449367, 51.1630172 ], [ 71.4493471, 51.1631359 ], [ 71.45036862388109, 51.163208968243389 ], [ 71.450389823740508, 51.163090268235329 ], [ 71.449367, 51.1630172 ] ] ], [ [ [ 71.451692024163819, 51.163326967611702 ], [ 71.4516366, 51.1633213 ], [ 71.4510396, 51.1635105 ], [ 71.4511781, 51.1636823 ], [ 71.451233524549536, 51.163687967823648 ], [ 71.451830424385292, 51.163498767542897 ], [ 71.451692024163819, 51.163326967611702 ] ] ], [ [ [ 71.451104524597426, 51.163739167884131 ], [ 71.45103792447108, 51.163640067917534 ], [ 71.4508993, 51.1636371 ], [ 71.4507656, 51.1636725 ], [ 71.4508433, 51.1637879 ], [ 71.450898724641021, 51.163793567981131 ], [ 71.451104524597426, 51.163739167884131 ] ] ], [ [ [ 71.4518971, 51.1636136 ], [ 71.4515646, 51.1637203 ], [ 71.4516927, 51.1638773 ], [ 71.451748124838915, 51.163882967575454 ], [ 71.452080624745861, 51.163776267419081 ], [ 71.451952524543287, 51.16361926748273 ], [ 71.4518971, 51.1636136 ] ] ], [ [ [ 71.4515063, 51.1637326 ], [ 71.4512933, 51.1637947 ], [ 71.4513352, 51.1638512 ], [ 71.451390624769502, 51.163856867745999 ], [ 71.451603624717407, 51.163794767645705 ], [ 71.451561724644975, 51.163738267666645 ], [ 71.4515063, 51.1637326 ] ] ], [ [ [ 71.4506407, 51.1639394 ], [ 71.451027924841071, 51.163948367916987 ], [ 71.451188424804201, 51.163903567841395 ], [ 71.451120024680776, 51.163807067875588 ], [ 71.4510646, 51.1638014 ], [ 71.4507162, 51.1638551 ], [ 71.4506032, 51.1638866 ], [ 71.4506407, 51.1639394 ] ] ], [ [ [ 71.4514858, 51.1640431 ], [ 71.451595425045568, 51.164068167644913 ], [ 71.451753724993694, 51.16401106757057 ], [ 71.451619524803334, 51.163864767636944 ], [ 71.4515641, 51.16385910000001 ], [ 71.4514028, 51.1639173 ], [ 71.4514858, 51.1640431 ] ] ], [ [ [ 71.4511782, 51.1639696 ], [ 71.4510162, 51.1640179 ], [ 71.4510705, 51.1640896 ], [ 71.451125925028279, 51.164095267867829 ], [ 71.451287924987383, 51.164046967791592 ], [ 71.451233624895309, 51.163975267818664 ], [ 71.4511782, 51.1639696 ] ] ], [ [ [ 71.4503309, 51.1641962 ], [ 71.450386325077915, 51.164201868217894 ], [ 71.450589325020914, 51.164136568122437 ], [ 71.450732624956345, 51.16407026805539 ], [ 71.450671124859312, 51.163995068085953 ], [ 71.4506157, 51.1639894 ], [ 71.4504395, 51.1640156 ], [ 71.4502366, 51.1640809 ], [ 71.4503309, 51.1641962 ] ] ], [ [ [ 71.4512638, 51.164078399999987 ], [ 71.4511464, 51.1641216 ], [ 71.4512151, 51.1641952 ], [ 71.451270525170742, 51.16420086779722 ], [ 71.451387925131229, 51.164157667742103 ], [ 71.451319225035363, 51.164084067776052 ], [ 71.4512638, 51.164078399999987 ] ] ], [ [ [ 71.4517306, 51.164066899999987 ], [ 71.4515743, 51.164117 ], [ 71.4516777, 51.1642438 ], [ 71.451733125278423, 51.164249467576283 ], [ 71.451889425234626, 51.164199267502774 ], [ 71.451786025071144, 51.16407256755415 ], [ 71.4517306, 51.164066899999987 ] ] ], [ [ [ 71.450882525009476, 51.164101167983532 ], [ 71.4508271, 51.164095499999988 ], [ 71.4506627, 51.1641501 ], [ 71.45075030000001, 51.1642536 ], [ 71.4508057251916, 51.164259268017361 ], [ 71.450970025143249, 51.164204567940139 ], [ 71.450882525009476, 51.164101167983532 ] ] ], [ [ [ 71.450733925390963, 51.16443126804856 ], [ 71.450692064655996, 51.164426987185003 ], [ 71.450833225316075, 51.164360268002547 ], [ 71.450761325211431, 51.164279668038134 ], [ 71.45070856238523, 51.164274272268457 ], [ 71.450728025186351, 51.164261768054281 ], [ 71.450654925075909, 51.164176468090538 ], [ 71.4505995, 51.1641708 ], [ 71.4503718, 51.1642474 ], [ 71.4504442, 51.164332 ], [ 71.450537486626288, 51.164333165913561 ], [ 71.4504927, 51.1643489 ], [ 71.450515, 51.16444580000001 ], [ 71.450562729933722, 51.164464669871748 ], [ 71.4506408, 51.1645563 ], [ 71.450696225544263, 51.164561968064248 ], [ 71.450812225509893, 51.16452316800973 ], [ 71.450733925390963, 51.16443126804856 ] ] ], [ [ [ 71.4513845, 51.1642309 ], [ 71.4512068, 51.1642867 ], [ 71.4512477, 51.164338 ], [ 71.451303125346058, 51.164343667779256 ], [ 71.451480925297929, 51.164287967695635 ], [ 71.451439925231711, 51.164236567716003 ], [ 71.4513845, 51.1642309 ] ] ], [ [ [ 71.451930025280703, 51.164233967482872 ], [ 71.4518746, 51.1642283 ], [ 71.451739700000019, 51.1642715 ], [ 71.4518082, 51.1643554 ], [ 71.451863625426611, 51.164361067512267 ], [ 71.451998425388823, 51.164317767448885 ], [ 71.451930025280703, 51.164233967482872 ] ] ], [ [ [ 71.451507, 51.1643866 ], [ 71.4513594, 51.1644371 ], [ 71.4514137, 51.1644995 ], [ 71.451469125558091, 51.164505167697484 ], [ 71.451616725513105, 51.164454767628136 ], [ 71.451562425432144, 51.164392267655046 ], [ 71.451507, 51.1643866 ] ] ], [ [ [ 71.451559, 51.1645117 ], [ 71.4513963, 51.164568499999987 ], [ 71.4514669, 51.1646481 ], [ 71.451522325742587, 51.164653767669634 ], [ 71.451685025691532, 51.164596967593177 ], [ 71.451614425588218, 51.164517367628157 ], [ 71.451559, 51.1645117 ] ] ], [ [ [ 71.450873, 51.1645487 ], [ 71.4506988, 51.1645973 ], [ 71.4507547, 51.1646761 ], [ 71.450810125700571, 51.164681768007995 ], [ 71.450984225660576, 51.164633167926006 ], [ 71.450928425559809, 51.16455436795389 ], [ 71.450873, 51.1645487 ] ] ], [ [ [ 71.4517101, 51.164655599999989 ], [ 71.4515956, 51.1646935 ], [ 71.4516593, 51.1647692 ], [ 71.451714725908815, 51.164774867576 ], [ 71.451829225875358, 51.164736967522188 ], [ 71.451765525777475, 51.164661267553782 ], [ 71.4517101, 51.164655599999989 ] ] ], [ [ [ 71.45108112571036, 51.164665967879337 ], [ 71.4510257, 51.1646603 ], [ 71.4507999, 51.1647322 ], [ 71.4508692, 51.1648177 ], [ 71.450924625883161, 51.164823367951101 ], [ 71.451150425820629, 51.164751467844894 ], [ 71.45108112571036, 51.164665967879337 ] ] ], [ [ [ 71.4518374, 51.1647789 ], [ 71.4516864, 51.164822 ], [ 71.4517194, 51.164867399999984 ], [ 71.451774826033386, 51.164873067545706 ], [ 71.451925725997413, 51.164829867474658 ], [ 71.45189282593941, 51.164784567491111 ], [ 71.4518374, 51.1647789 ] ] ], [ [ [ 71.451342925982061, 51.164868567751284 ], [ 71.451284125887327, 51.164795067780517 ], [ 71.4512287, 51.164789399999989 ], [ 71.4510836, 51.1648049 ], [ 71.4509111, 51.1648592 ], [ 71.4509893, 51.1649568 ], [ 71.451044726063344, 51.164962467891549 ], [ 71.451342925982061, 51.164868567751284 ] ] ], [ [ [ 71.451254, 51.1650037 ], [ 71.4513323, 51.1650602 ], [ 71.451387726224269, 51.165065867726589 ], [ 71.451567126177622, 51.16501126764215 ], [ 71.451459825999166, 51.164872467695602 ], [ 71.4514044, 51.1648668 ], [ 71.4512233, 51.1649219 ], [ 71.451254, 51.1650037 ] ] ], [ [ [ 71.4519095, 51.1649051 ], [ 71.4517585, 51.1649587 ], [ 71.4518154, 51.1650216 ], [ 71.451870826229182, 51.165027267497386 ], [ 71.452021826180712, 51.164973667426473 ], [ 71.451964926098967, 51.164910767454622 ], [ 71.4519095, 51.1649051 ] ] ], [ [ [ 71.4512745, 51.1650972 ], [ 71.4511183, 51.1651509 ], [ 71.4511739, 51.1652144 ], [ 71.451229326393005, 51.165220067799297 ], [ 71.451385526344879, 51.165166267725901 ], [ 71.451329926262659, 51.165102867753447 ], [ 71.4512745, 51.1650972 ] ] ], [ [ [ 71.451903526643449, 51.165368567475959 ], [ 71.451912826597123, 51.165329267472224 ], [ 71.451822226452322, 51.165216967517239 ], [ 71.4517668, 51.1652113 ], [ 71.4516297, 51.1652548 ], [ 71.451641641682443, 51.165269590972869 ], [ 71.4515987, 51.1652652 ], [ 71.4512733, 51.1653695 ], [ 71.4513249, 51.1654327 ], [ 71.451380326671824, 51.165438367723688 ], [ 71.451596426672054, 51.165419467621206 ], [ 71.451728445625804, 51.165377106043621 ], [ 71.4517437, 51.165396 ], [ 71.451799126672171, 51.16540166752506 ], [ 71.451903526643449, 51.165368567475959 ] ] ], [ [ [ 71.4517329, 51.1654102 ], [ 71.4516306, 51.165442099999986 ], [ 71.4517101, 51.1655423 ], [ 71.451765526844682, 51.165547967538537 ], [ 71.451867826817178, 51.165516067490415 ], [ 71.451788326688103, 51.165415867529944 ], [ 71.4517329, 51.1654102 ] ] ], [ [ [ 71.451709026894648, 51.165594467564617 ], [ 71.451625426725457, 51.16546126760668 ], [ 71.45157, 51.165455599999987 ], [ 71.4513886, 51.1655004 ], [ 71.4514559, 51.1656077 ], [ 71.451646226906632, 51.165609967594222 ], [ 71.451709026894648, 51.165594467564617 ] ] ], [ [ [ 71.450999926817929, 51.165593367902019 ], [ 71.450946926735014, 51.165529167928355 ], [ 71.4508915, 51.1655235 ], [ 71.4507554, 51.1655418 ], [ 71.4506722, 51.1655688 ], [ 71.4507421, 51.1656535 ], [ 71.450797526875604, 51.165659167997191 ], [ 71.450999926817929, 51.165593367902019 ] ] ], [ [ [ 71.4504192, 51.1656707 ], [ 71.4502931, 51.1657112 ], [ 71.4503494, 51.1657802 ], [ 71.450404826986329, 51.165785868181864 ], [ 71.450530926950989, 51.165745368122572 ], [ 71.450474626861961, 51.165676368150542 ], [ 71.4504192, 51.1656707 ] ] ], [ [ [ 71.4502026, 51.1657207 ], [ 71.4500838, 51.1657567 ], [ 71.450159, 51.1658542 ], [ 71.450214427055158, 51.165859868271191 ], [ 71.450333127024578, 51.165823968215321 ], [ 71.450258026899093, 51.165726368252734 ], [ 71.4502026, 51.1657207 ] ] ], [ [ [ 71.450966308897492, 51.165949871806397 ], [ 71.451198008646017, 51.165877171370411 ], [ 71.451075407853878, 51.165723471614321 ], [ 71.4508537, 51.16570080000001 ], [ 71.450622, 51.1657735 ], [ 71.4507446, 51.1659272 ], [ 71.450966308897492, 51.165949871806397 ] ] ], [ [ [ 71.4500404, 51.1657795 ], [ 71.449888, 51.1658273 ], [ 71.4499605, 51.1659181 ], [ 71.450015927110954, 51.165923768364529 ], [ 71.450168227069739, 51.165876068292874 ], [ 71.450095826952634, 51.165785168328895 ], [ 71.4500404, 51.1657795 ] ] ], [ [ [ 71.451506482203698, 51.166043803039194 ], [ 71.451377981626834, 51.16589540323028 ], [ 71.4512117, 51.1658784 ], [ 71.451027600000018, 51.165941 ], [ 71.4511561, 51.1660895 ], [ 71.451322382371373, 51.166106503298735 ], [ 71.451506482203698, 51.166043803039194 ] ] ], [ [ [ 71.450035727219955, 51.16601256835358 ], [ 71.4499803, 51.1660069 ], [ 71.4498355, 51.166052299999983 ], [ 71.4499202, 51.1661586 ], [ 71.449975627396142, 51.166164268379575 ], [ 71.450120527356916, 51.166118868311386 ], [ 71.450035727219955, 51.16601256835358 ] ] ], [ [ [ 71.4508079, 51.1659727 ], [ 71.4504552, 51.1660907 ], [ 71.4506272, 51.166293 ], [ 71.450682627633114, 51.166298668040874 ], [ 71.451035427528709, 51.166180767875026 ], [ 71.450863327266802, 51.165978367960413 ], [ 71.4508079, 51.1659727 ] ] ], [ [ [ 71.4515159, 51.1661842 ], [ 71.4506785, 51.1664447 ], [ 71.4507475, 51.1665319 ], [ 71.451024639794468, 51.166560239632915 ], [ 71.451862038671905, 51.166299737663138 ], [ 71.451793038110424, 51.166212537834788 ], [ 71.4515159, 51.1661842 ] ] ], [ [ [ 71.4492496, 51.1665594 ], [ 71.449319300000013, 51.1666507 ], [ 71.4495801, 51.1668174 ], [ 71.449801812688094, 51.166840073961446 ], [ 71.450530111944943, 51.16662137259037 ], [ 71.450494210751046, 51.166376572675524 ], [ 71.450427810304419, 51.166289672807892 ], [ 71.4502061, 51.166267 ], [ 71.4492496, 51.1665594 ] ] ], [ [ [ 71.4510615, 51.1667418 ], [ 71.4509395, 51.1667805 ], [ 71.4509851, 51.1668272 ], [ 71.451040528314167, 51.166832867861416 ], [ 71.45116122828199, 51.166795467804604 ], [ 71.451116928219491, 51.166747467826504 ], [ 71.4510615, 51.1667418 ] ] ], [ [ [ 71.451624395039417, 51.167176248009511 ], [ 71.4516529, 51.16720140000001 ], [ 71.452318046866651, 51.167269408699575 ], [ 71.45250844625734, 51.167210407624601 ], [ 71.452254941288516, 51.166888809138399 ], [ 71.4515898, 51.166820799999989 ], [ 71.4513408, 51.166899799999989 ], [ 71.4514089, 51.1669861 ], [ 71.451546212263295, 51.167107261505748 ], [ 71.450907, 51.1670419 ], [ 71.4506409, 51.1671244 ], [ 71.4508912, 51.1674419 ], [ 71.451556349368687, 51.167509912998995 ], [ 71.451751048746104, 51.167449611899755 ], [ 71.451624395039417, 51.167176248009511 ] ] ], [ [ [ 71.4518622, 51.1677592 ], [ 71.452236329537456, 51.167743467276765 ], [ 71.452410629487844, 51.167686867194796 ], [ 71.45220902917282, 51.167442967294924 ], [ 71.452153600000017, 51.1674373 ], [ 71.4519793, 51.167493899999982 ], [ 71.4517743, 51.1676529 ], [ 71.4518622, 51.1677592 ] ] ], [ [ [ 71.4514226, 51.1676182 ], [ 71.451292, 51.1676578 ], [ 71.4514099, 51.1678106 ], [ 71.451465329543097, 51.167816267642372 ], [ 71.451595929509182, 51.167776567580908 ], [ 71.451478029312852, 51.167623867639641 ], [ 71.4514226, 51.1676182 ] ] ], [ [ [ 71.451663529621356, 51.167863767547246 ], [ 71.4516081, 51.1678581 ], [ 71.4513643, 51.1679374 ], [ 71.4514587, 51.1680515 ], [ 71.451514129838287, 51.168057167615011 ], [ 71.451757829768852, 51.167977967500399 ], [ 71.451663529621356, 51.167863767547246 ] ] ], [ [ [ 71.4511788, 51.1680203 ], [ 71.4509908, 51.1680813 ], [ 71.4510768, 51.1681853 ], [ 71.451132229958731, 51.168190967794409 ], [ 71.451320229905178, 51.168129867706 ], [ 71.451234229770947, 51.168025967748719 ], [ 71.4511788, 51.1680203 ] ] ], [ [ [ 71.45099942999758, 51.16823496785684 ], [ 71.450887729823179, 51.168099967912312 ], [ 71.450832300000016, 51.1680943 ], [ 71.4506864, 51.1681417 ], [ 71.4505503, 51.1682335 ], [ 71.4506309, 51.1683311 ], [ 71.450686330086825, 51.168336768004082 ], [ 71.45099942999758, 51.16823496785684 ] ] ], [ [ [ 71.45195762995165, 51.168112167403045 ], [ 71.4519022, 51.1681065 ], [ 71.4516406, 51.168191499999985 ], [ 71.4517314, 51.1683013 ], [ 71.45178683016799, 51.168306967480966 ], [ 71.452048430093484, 51.168221967357937 ], [ 71.45195762995165, 51.168112167403045 ] ] ], [ [ [ 71.4511454, 51.1684482 ], [ 71.451320630297772, 51.168455967700218 ], [ 71.451590730179518, 51.1683338675738 ], [ 71.451504630044923, 51.168229667616565 ], [ 71.4514492, 51.168224 ], [ 71.4511567, 51.1683191 ], [ 71.4510809, 51.1683703 ], [ 71.4511454, 51.1684482 ] ] ], [ [ [ 71.4503625, 51.1682834 ], [ 71.4501026, 51.1683787 ], [ 71.4501858, 51.1684679 ], [ 71.450241230204156, 51.168473568213521 ], [ 71.450501130116962, 51.168378168091493 ], [ 71.450417930000853, 51.168289068132594 ], [ 71.4503625, 51.1682834 ] ] ], [ [ [ 71.4510294, 51.1683965 ], [ 71.4508578, 51.1684523 ], [ 71.4509298, 51.1685393 ], [ 71.450985230369241, 51.168544967858281 ], [ 71.451156730320321, 51.168489167777629 ], [ 71.451084830207932, 51.168402167813333 ], [ 71.4510294, 51.1683965 ] ] ], [ [ [ 71.4504886, 51.1685497 ], [ 71.450305, 51.1686094 ], [ 71.45037, 51.168688 ], [ 71.450425430488721, 51.168693668122081 ], [ 71.450609030436382, 51.168633968035749 ], [ 71.450544030334839, 51.168555368068027 ], [ 71.4504886, 51.1685497 ] ] ], [ [ [ 71.450913, 51.1693256 ], [ 71.450968431314053, 51.169331267852755 ], [ 71.451188031254446, 51.169262367749447 ], [ 71.450920468095404, 51.168923647024073 ], [ 71.45207935209298, 51.168510436956055 ], [ 71.451997351408949, 51.168404037160286 ], [ 71.4517202, 51.1683757 ], [ 71.4504765, 51.1687606 ], [ 71.4505938, 51.1689104 ], [ 71.450772796911494, 51.168928703026857 ], [ 71.4506327, 51.1689724 ], [ 71.450913, 51.1693256 ] ] ], [ [ [ 71.4520419, 51.1687378 ], [ 71.4517468, 51.1688185 ], [ 71.4518259, 51.1689228 ], [ 71.451881330926213, 51.168928467425296 ], [ 71.452175030858243, 51.168846067286957 ], [ 71.45209733072646, 51.168743467325704 ], [ 71.4520419, 51.1687378 ] ] ], [ [ [ 71.451683730812377, 51.168851367520659 ], [ 71.4516283, 51.1688457 ], [ 71.4513816, 51.1689156 ], [ 71.4514633, 51.169028799999985 ], [ 71.451518731015256, 51.169034467596006 ], [ 71.451765330957343, 51.168964567479861 ], [ 71.451683730812377, 51.168851367520659 ] ] ], [ [ [ 71.4520789, 51.1689929 ], [ 71.4518854, 51.1690536 ], [ 71.452032879553101, 51.169238517811799 ], [ 71.4519437, 51.1692294 ], [ 71.4514812, 51.1693587 ], [ 71.4516039, 51.1695312 ], [ 71.451881058302348, 51.169559537337619 ], [ 71.452343557769353, 51.169430136248415 ], [ 71.452307396254056, 51.169379328102352 ], [ 71.452411831485961, 51.16934656716569 ], [ 71.452134331037499, 51.168998567303731 ], [ 71.4520789, 51.1689929 ] ] ], [ [ [ 71.4507508, 51.169356 ], [ 71.4506113, 51.1693944 ], [ 71.4507071, 51.1695314 ], [ 71.450762531539908, 51.169537067947175 ], [ 71.450902031508633, 51.16949876788145 ], [ 71.450806231333374, 51.169361667929408 ], [ 71.4507508, 51.169356 ] ] ], [ [ [ 71.4521525, 51.1704628 ], [ 71.4515174, 51.1706694 ], [ 71.4516518, 51.1708317 ], [ 71.451707233205823, 51.170837367475315 ], [ 71.45234223302451, 51.170630667176724 ], [ 71.452207932814943, 51.170468467243417 ], [ 71.4521525, 51.1704628 ] ] ], [ [ [ 71.450664832992402, 51.170752167972793 ], [ 71.4506094, 51.1707465 ], [ 71.4500207, 51.1709473 ], [ 71.4502228, 51.1711801 ], [ 71.450278233473313, 51.171185768149279 ], [ 71.450866833294185, 51.17098496787267 ], [ 71.450664832992402, 51.170752167972793 ] ] ], [ [ [ 71.4523066, 51.1707983 ], [ 71.4517048, 51.1709982 ], [ 71.4517959, 51.1711059 ], [ 71.451906767115318, 51.171117234777597 ], [ 71.452508566762205, 51.170917434211745 ], [ 71.452417466483254, 51.170809634302159 ], [ 71.4523066, 51.1707983 ] ] ], [ [ [ 71.45129213347424, 51.171096967668369 ], [ 71.451173833296366, 51.170959667727026 ], [ 71.451118400000013, 51.170954 ], [ 71.4509465, 51.1710123 ], [ 71.4509934, 51.1710668 ], [ 71.4511018, 51.171137 ], [ 71.451157233514934, 51.171142667731779 ], [ 71.45129213347424, 51.171096967668369 ] ] ], [ [ [ 71.450931633340304, 51.171017567841268 ], [ 71.4508762, 51.1710119 ], [ 71.4504817, 51.1711559 ], [ 71.4505773, 51.1712554 ], [ 71.450817133650077, 51.171284967891147 ], [ 71.450977033594356, 51.171224567816111 ], [ 71.450928886427675, 51.171174453272101 ], [ 71.451044533501005, 51.171141067785427 ], [ 71.450931633340304, 51.171017567841268 ] ] ], [ [ [ 71.451773434367169, 51.17179606742733 ], [ 71.451718, 51.1717904 ], [ 71.451480014635223, 51.171867662099608 ], [ 71.451472548998794, 51.171808659478266 ], [ 71.451599834314138, 51.171767367510427 ], [ 71.451509734173214, 51.171658267555195 ], [ 71.451440327939551, 51.171657127986194 ], [ 71.451390934087243, 51.171597367612748 ], [ 71.4513355, 51.1715917 ], [ 71.451146352679373, 51.171653085855027 ], [ 71.451269935736562, 51.171516297431722 ], [ 71.4513066, 51.1715606 ], [ 71.451362034046724, 51.171566267627043 ], [ 71.451575533985746, 51.171496767526641 ], [ 71.451367533661056, 51.171245467629944 ], [ 71.4513121, 51.1712398 ], [ 71.4511434, 51.1712947 ], [ 71.451170185835281, 51.171355464286314 ], [ 71.4508198, 51.1713029 ], [ 71.4506898, 51.1713452 ], [ 71.4509832, 51.1716997 ], [ 71.451029698005883, 51.171704454115684 ], [ 71.4513459, 51.172087399999988 ], [ 71.451401334685187, 51.17209306759927 ], [ 71.451888134546607, 51.171934967370362 ], [ 71.451773434367169, 51.17179606742733 ] ] ], [ [ [ 71.4506499, 51.1715827 ], [ 71.4504762, 51.1716401 ], [ 71.4508011, 51.1720268 ], [ 71.450856534554276, 51.172032467859552 ], [ 71.45103033450367, 51.171975067777851 ], [ 71.450705334003473, 51.171588367939137 ], [ 71.4506499, 51.1715827 ] ] ], [ [ [ 71.4509676, 51.172731 ], [ 71.451023035419908, 51.172736667768234 ], [ 71.451430635311681, 51.172610767576451 ], [ 71.45155243520361, 51.172510267520209 ], [ 71.451547935012655, 51.172352067525082 ], [ 71.451478734899212, 51.172263967559516 ], [ 71.451283034752805, 51.172159667654427 ], [ 71.451157434707525, 51.172133167714648 ], [ 71.451102, 51.1721275 ], [ 71.4506122, 51.1722789 ], [ 71.4509676, 51.172731 ] ] ], [ [ [ 71.450331735045822, 51.172487068101475 ], [ 71.4502763, 51.1724814 ], [ 71.450161, 51.1725166 ], [ 71.4502487, 51.172629699999987 ], [ 71.450304135221458, 51.172635368112047 ], [ 71.450419435191321, 51.172600168057798 ], [ 71.450331735045822, 51.172487068101475 ] ] ], [ [ [ 71.4505751, 51.172474 ], [ 71.450402, 51.17253 ], [ 71.4505538, 51.1727144 ], [ 71.450609235355884, 51.172720067965415 ], [ 71.450782335306897, 51.172664067884014 ], [ 71.450630535068683, 51.172479667959415 ], [ 71.4505751, 51.172474 ] ] ], [ [ [ 71.452454, 51.172631899999985 ], [ 71.452066400000021, 51.1727489 ], [ 71.4521458, 51.1728522 ], [ 71.452201235691163, 51.172857867205494 ], [ 71.452588835591484, 51.17274086702308 ], [ 71.45250943545868, 51.172637567062623 ], [ 71.452454, 51.172631899999985 ] ] ], [ [ [ 71.451895, 51.172801099999987 ], [ 71.4514878, 51.1729233 ], [ 71.4516374, 51.1731192 ], [ 71.451692835958582, 51.173124867442837 ], [ 71.452099935854747, 51.173002667251225 ], [ 71.451950435602953, 51.172806767325739 ], [ 71.451895, 51.172801099999987 ] ] ], [ [ [ 71.4509548, 51.1732541 ], [ 71.451010236048418, 51.17325976776533 ], [ 71.451188135997626, 51.173201867681676 ], [ 71.451207035957012, 51.173166467673283 ], [ 71.451122635800999, 51.173044367715555 ], [ 71.4510672, 51.1730387 ], [ 71.4507901, 51.1731289 ], [ 71.450833, 51.1731807 ], [ 71.4509548, 51.1732541 ] ] ], [ [ [ 71.4503673, 51.1733993 ], [ 71.450490736190034, 51.173423268009728 ], [ 71.450805436108155, 51.173327467861611 ], [ 71.450684835907708, 51.173171667921679 ], [ 71.4506294, 51.173166 ], [ 71.4503186, 51.1732606 ], [ 71.4503104, 51.1733259 ], [ 71.4503673, 51.1733993 ] ] ], [ [ [ 71.451025310880283, 51.174026103314368 ], [ 71.451250610703283, 51.173957202996299 ], [ 71.451215961665866, 51.173919951105745 ], [ 71.452507636473797, 51.173480767048993 ], [ 71.452298336123533, 51.173208367153272 ], [ 71.4522429, 51.1732027 ], [ 71.450920195750712, 51.173601964173379 ], [ 71.450867309092217, 51.173545103564727 ], [ 71.450701, 51.1735281 ], [ 71.4505078, 51.173592 ], [ 71.450859, 51.1740091 ], [ 71.451025310880283, 51.174026103314368 ] ] ], [ [ [ 71.4524762, 51.1464421 ], [ 71.4523953, 51.1465604 ], [ 71.452626804158768, 51.146613467454536 ], [ 71.452707804025138, 51.146495167418038 ], [ 71.4524762, 51.1464421 ] ] ], [ [ [ 71.4527546, 51.1464972 ], [ 71.4526623, 51.1466321 ], [ 71.453062804346004, 51.14673066724513 ], [ 71.453155104193598, 51.146595767203543 ], [ 71.4527546, 51.1464972 ] ] ], [ [ [ 71.452233104247867, 51.146722367639931 ], [ 71.452004, 51.1466706 ], [ 71.4519119, 51.1468073 ], [ 71.452141104402443, 51.146859067681341 ], [ 71.452233104247867, 51.146722367639931 ] ] ], [ [ [ 71.4522875, 51.146740699999988 ], [ 71.4521881, 51.146885 ], [ 71.452441304536904, 51.146944367537074 ], [ 71.452540804373868, 51.14679996749225 ], [ 71.4522875, 51.146740699999988 ] ] ], [ [ [ 71.4525294, 51.1468271 ], [ 71.452461, 51.1469275 ], [ 71.452753904633241, 51.146996867387486 ], [ 71.452822304519913, 51.14689656735667 ], [ 71.4525294, 51.1468271 ] ] ], [ [ [ 71.451669804507361, 51.146987967903321 ], [ 71.4514063, 51.1469242 ], [ 71.4513255, 51.147038 ], [ 71.451588904635713, 51.147101867939845 ], [ 71.451669804507361, 51.146987967903321 ] ] ], [ [ [ 71.4529216, 51.1469297 ], [ 71.452849, 51.1470367 ], [ 71.453075604777183, 51.14708816723288 ], [ 71.453148204656117, 51.146981067200194 ], [ 71.4529216, 51.1469297 ] ] ], [ [ [ 71.4517603, 51.1470384 ], [ 71.4516859, 51.1471437 ], [ 71.451901404779548, 51.147193867789611 ], [ 71.451975804660833, 51.147088567756029 ], [ 71.4517603, 51.1470384 ] ] ], [ [ [ 71.4520022, 51.1471021 ], [ 71.4519321, 51.1472066 ], [ 71.452206704903588, 51.147270067643063 ], [ 71.452276804785399, 51.14716556761153 ], [ 71.4520022, 51.1471021 ] ] ], [ [ [ 71.4509664, 51.147174199999988 ], [ 71.4508915, 51.1472887 ], [ 71.451114904868859, 51.147337668161235 ], [ 71.451189904739152, 51.147223168127532 ], [ 71.4509664, 51.147174199999988 ] ] ], [ [ [ 71.4523554, 51.1471624 ], [ 71.4522605, 51.1473005 ], [ 71.452443405013611, 51.147340667529264 ], [ 71.452538404857677, 51.147202567486453 ], [ 71.4523554, 51.1471624 ] ] ], [ [ [ 71.451218, 51.1472416 ], [ 71.4511318, 51.1473704 ], [ 71.451376505003182, 51.147426268035282 ], [ 71.451462104857299, 51.147297367996785 ], [ 71.451218, 51.1472416 ] ] ], [ [ [ 71.452939805083204, 51.147354667292888 ], [ 71.4526988, 51.1472993 ], [ 71.4526166, 51.1474158 ], [ 71.452857605214405, 51.147471067329988 ], [ 71.452939805083204, 51.147354667292888 ] ] ], [ [ [ 71.4515658, 51.147338 ], [ 71.4514575, 51.1474977 ], [ 71.4516498, 51.1475486 ], [ 71.451705205192013, 51.14755426787675 ], [ 71.451725445381626, 51.147524701904736 ], [ 71.45195250524101, 51.147573167758772 ], [ 71.452023905115269, 51.147462267726716 ], [ 71.451802252708163, 51.147412504799156 ], [ 71.45181350501332, 51.147396067827941 ], [ 71.4515658, 51.147338 ] ] ], [ [ [ 71.452338305234875, 51.147533967575939 ], [ 71.4521275, 51.147487 ], [ 71.4520411, 51.1476149 ], [ 71.452251905379484, 51.147661867614829 ], [ 71.452338305234875, 51.147533967575939 ] ] ], [ [ [ 71.45101, 51.147581 ], [ 71.4509294, 51.1477025 ], [ 71.451151705370691, 51.147751768136622 ], [ 71.451232405233171, 51.147630268100329 ], [ 71.45101, 51.147581 ] ] ], [ [ [ 71.4524445, 51.14757 ], [ 71.4523531, 51.1477082 ], [ 71.452625805549644, 51.147770367435108 ], [ 71.452717205393327, 51.147632267394002 ], [ 71.4524445, 51.14757 ] ] ], [ [ [ 71.451560505403776, 51.147743167942309 ], [ 71.4513332, 51.1477025 ], [ 71.451268700000014, 51.1478274 ], [ 71.451496005546986, 51.147867967970861 ], [ 71.451560505403776, 51.147743167942309 ] ] ], [ [ [ 71.4516077, 51.1477377 ], [ 71.4515213, 51.1478853 ], [ 71.451782005661883, 51.147938267833595 ], [ 71.451868405493599, 51.147790667795036 ], [ 71.4516077, 51.1477377 ] ] ], [ [ [ 71.4518905, 51.1479296 ], [ 71.4518292, 51.1480345 ], [ 71.452058905862046, 51.14808026769942 ], [ 71.452120205742318, 51.147975267672074 ], [ 71.4518905, 51.1479296 ] ] ], [ [ [ 71.4521909, 51.1479054 ], [ 71.4521102, 51.1480368 ], [ 71.452424505930722, 51.148105067525087 ], [ 71.452505205781293, 51.147973667488969 ], [ 71.4521909, 51.1479054 ] ] ], [ [ [ 71.4512389, 51.1480281 ], [ 71.4511524, 51.1481629 ], [ 71.451397605955563, 51.148216468011661 ], [ 71.451484005802655, 51.148081667972882 ], [ 71.4512389, 51.1480281 ] ] ], [ [ [ 71.4529432, 51.1479913 ], [ 71.4528371, 51.1481341 ], [ 71.453129006130482, 51.148208967188175 ], [ 71.453235105970066, 51.148066167140179 ], [ 71.4529432, 51.1479913 ] ] ], [ [ [ 71.451814706276807, 51.14844676780929 ], [ 71.451895506130512, 51.14831796777306 ], [ 71.45170358676323, 51.14827554687642 ], [ 71.451763205934171, 51.148166367838613 ], [ 71.451494, 51.1481147 ], [ 71.4514294, 51.1482331 ], [ 71.451676929449306, 51.148282450420268 ], [ 71.4516019, 51.1484022 ], [ 71.451814706276807, 51.14844676780929 ] ] ], [ [ [ 71.4529086, 51.1482889 ], [ 71.4528118, 51.1484318 ], [ 71.453072406465381, 51.148492467210232 ], [ 71.453169206305617, 51.148351067166615 ], [ 71.4529086, 51.1482889 ] ] ], [ [ [ 71.4513459, 51.1483841 ], [ 71.4512487, 51.1485215 ], [ 71.451469406392093, 51.148573167971364 ], [ 71.451566606237321, 51.148435867927496 ], [ 71.4513459, 51.1483841 ] ] ], [ [ [ 71.451738906419038, 51.148571767843187 ], [ 71.451511, 51.1485261 ], [ 71.4514454, 51.1486375 ], [ 71.451673306546041, 51.148683167872491 ], [ 71.451738906419038, 51.148571767843187 ] ] ], [ [ [ 71.4530727, 51.1484963 ], [ 71.4529493, 51.1486999 ], [ 71.453162106776361, 51.148743167163261 ], [ 71.453285506544646, 51.14853956710806 ], [ 71.4530727, 51.1484963 ] ] ], [ [ [ 71.4519493, 51.148602 ], [ 71.4518654, 51.1487262 ], [ 71.452092906704124, 51.14877756767126 ], [ 71.452176706563677, 51.148653367633528 ], [ 71.4519493, 51.148602 ] ] ], [ [ [ 71.452643606672694, 51.148702767410597 ], [ 71.4523982, 51.148655 ], [ 71.4523367, 51.1487642 ], [ 71.452582106797465, 51.148811967437958 ], [ 71.452643606672694, 51.148702767410597 ] ] ], [ [ [ 71.4513657, 51.1487208 ], [ 71.4512787, 51.1488585 ], [ 71.451541106811575, 51.148915667931377 ], [ 71.451628206655229, 51.148777967892293 ], [ 71.4513657, 51.1487208 ] ] ], [ [ [ 71.4518894, 51.14879950000001 ], [ 71.4518036, 51.148927 ], [ 71.452155406991537, 51.14901106763751 ], [ 71.452241206847333, 51.148883567598901 ], [ 71.4518894, 51.14879950000001 ] ] ], [ [ [ 71.4524584, 51.1488316 ], [ 71.4523676, 51.1489629 ], [ 71.452576507035445, 51.149010367437207 ], [ 71.452667306887065, 51.148878967396293 ], [ 71.4524584, 51.1488316 ] ] ], [ [ [ 71.4512522, 51.1489009 ], [ 71.4511715, 51.1490445 ], [ 71.451435907017654, 51.149096367978309 ], [ 71.451516606853559, 51.14895276794239 ], [ 71.4512522, 51.1489009 ] ] ], [ [ [ 71.4523463, 51.1490103 ], [ 71.4522608, 51.1491321 ], [ 71.452458207223202, 51.149176967490618 ], [ 71.452543607085815, 51.149055167452083 ], [ 71.4523463, 51.1490103 ] ] ], [ [ [ 71.4516748, 51.1490195 ], [ 71.4515884, 51.1491476 ], [ 71.451823307184469, 51.149200867792224 ], [ 71.451909707039732, 51.149072867753326 ], [ 71.4516748, 51.1490195 ] ] ], [ [ [ 71.451292207153912, 51.149222368044484 ], [ 71.4510747, 51.1491762 ], [ 71.4509928, 51.1493053 ], [ 71.451210207300434, 51.149351468081285 ], [ 71.451292207153912, 51.149222368044484 ] ] ], [ [ [ 71.4521922, 51.149167 ], [ 71.4521258, 51.1492801 ], [ 71.452341107385976, 51.149322667543814 ], [ 71.452407507257149, 51.149209667514185 ], [ 71.4521922, 51.149167 ] ] ], [ [ [ 71.4515518, 51.149208499999986 ], [ 71.4514827, 51.1493368 ], [ 71.451747207399961, 51.149386767825234 ], [ 71.451816307253011, 51.149258467794574 ], [ 71.4515518, 51.149208499999986 ] ] ], [ [ [ 71.453265007458384, 51.149301267104697 ], [ 71.4531062, 51.1492647 ], [ 71.4530387, 51.1493536 ], [ 71.45319750755813, 51.149390167135266 ], [ 71.453265007458384, 51.149301267104697 ] ] ], [ [ [ 71.451474, 51.1493505 ], [ 71.4513879, 51.1495013 ], [ 71.451642607587118, 51.14955166787216 ], [ 71.451728707415057, 51.149400967833792 ], [ 71.451474, 51.1493505 ] ] ], [ [ [ 71.4520891, 51.1493705 ], [ 71.4520098, 51.1494733 ], [ 71.452212407613871, 51.149523567601577 ], [ 71.452291607498793, 51.149420867565681 ], [ 71.4520891, 51.1493705 ] ] ], [ [ [ 71.452979407589297, 51.14943536723824 ], [ 71.452924, 51.1494297 ], [ 71.4528758, 51.149482 ], [ 71.453004, 51.1495285 ], [ 71.453059407716609, 51.149534167198482 ], [ 71.453107607658964, 51.149481967176463 ], [ 71.452979407589297, 51.14943536723824 ] ] ], [ [ [ 71.4519739, 51.149489499999987 ], [ 71.4518827, 51.149608 ], [ 71.452129307783025, 51.149671567638578 ], [ 71.452220507650097, 51.149552967597224 ], [ 71.4519739, 51.149489499999987 ] ] ], [ [ [ 71.4513328, 51.1495124 ], [ 71.4512366, 51.1496631 ], [ 71.451525407786562, 51.149727867924867 ], [ 71.451623507615878, 51.149577267880794 ], [ 71.4513328, 51.1495124 ] ] ], [ [ [ 71.4518618, 51.1496462 ], [ 71.4517644, 51.1497868 ], [ 71.452001807974497, 51.149842067696284 ], [ 71.452099807816197, 51.149701767652083 ], [ 71.4518618, 51.1496462 ] ] ], [ [ [ 71.4527283, 51.1497895 ], [ 71.4526474, 51.1499038 ], [ 71.452802308173915, 51.149937167313851 ], [ 71.452883308045074, 51.149822867277287 ], [ 71.4527283, 51.1497895 ] ] ], [ [ [ 71.4512269, 51.1500013 ], [ 71.4511671, 51.150112 ], [ 71.451524208332245, 51.15018176791763 ], [ 71.451584008205486, 51.150071067891091 ], [ 71.4512269, 51.1500013 ] ] ], [ [ [ 71.4512937, 51.1503751 ], [ 71.4512198, 51.15047770000001 ], [ 71.45143310873901, 51.150528067955008 ], [ 71.4515069086236, 51.150425567921658 ], [ 71.4512937, 51.1503751 ] ] ], [ [ [ 71.451937516657054, 51.150147435469677 ], [ 71.4518267, 51.1501361 ], [ 71.4512521, 51.1509171 ], [ 71.4516048, 51.1510192 ], [ 71.4517156187339, 51.151030535650406 ], [ 71.452290216977588, 51.150249535130605 ], [ 71.451937516657054, 51.150147435469677 ] ] ], [ [ [ 71.4526962, 51.1503844 ], [ 71.4521951, 51.1510475 ], [ 71.4522732, 51.1510707 ], [ 71.452328609493549, 51.151076367519593 ], [ 71.452829608749354, 51.150413267292677 ], [ 71.4526962, 51.1503844 ] ] ], [ [ [ 71.452930910251837, 51.151653667223144 ], [ 71.450245509031433, 51.15087616851396 ], [ 71.4501901, 51.150870500000011 ], [ 71.4495716, 51.1516881 ], [ 71.4522582, 51.1524734 ], [ 71.452313611178937, 51.15247906750259 ], [ 71.452930910251837, 51.151653667223144 ] ] ], [ [ [ 71.452731612359472, 51.153423667287491 ], [ 71.452557412249419, 51.153347567371668 ], [ 71.4520311, 51.1533289 ], [ 71.4520244, 51.1534525 ], [ 71.45272781241728, 51.153472067288448 ], [ 71.452731612359472, 51.153423667287491 ] ] ], [ [ [ 71.45217383717042, 51.153509002733436 ], [ 71.4517567, 51.1534835 ], [ 71.4517407, 51.1537604 ], [ 71.4524495, 51.1539887 ], [ 71.452615739103578, 51.154005702077143 ], [ 71.452723538912423, 51.153943201926523 ], [ 71.45217383717042, 51.153509002733436 ] ] ], [ [ [ 71.4521273, 51.1549684 ], [ 71.4512761, 51.1558634 ], [ 71.4514433, 51.155926 ], [ 71.451720376353222, 51.155954338889693 ], [ 71.452571571421885, 51.155059236941959 ], [ 71.45240437095714, 51.154996737345051 ], [ 71.4521273, 51.1549684 ] ] ], [ [ [ 71.45316031537142, 51.155889767041103 ], [ 71.4531049, 51.1558841 ], [ 71.4529994, 51.155955 ], [ 71.4530598, 51.1559903 ], [ 71.453115215494364, 51.155995967060726 ], [ 71.453220615420406, 51.155925167011802 ], [ 71.45316031537142, 51.155889767041103 ] ] ], [ [ [ 71.4529482, 51.1559743 ], [ 71.4527274, 51.1561143 ], [ 71.452828, 51.1561827 ], [ 71.452883415701194, 51.156188367167694 ], [ 71.453116315572203, 51.156060567059079 ], [ 71.45300361546326, 51.155979967114085 ], [ 71.4529482, 51.1559743 ] ] ], [ [ [ 71.4533619, 51.1564943 ], [ 71.4533566, 51.156565 ], [ 71.453492016228665, 51.156573066871552 ], [ 71.453497416144174, 51.156502366870185 ], [ 71.4533619, 51.1564943 ] ] ], [ [ [ 71.4523343, 51.1566436 ], [ 71.4523358, 51.1567448 ], [ 71.452612881752515, 51.156773136696266 ], [ 71.453757982395231, 51.156778833971934 ], [ 71.45375488177342, 51.156675733988166 ], [ 71.4534778, 51.156647399999983 ], [ 71.4523343, 51.1566436 ] ] ], [ [ [ 71.4527982, 51.1568601 ], [ 71.4527982, 51.156913900000013 ], [ 71.453019916595323, 51.156919567090171 ], [ 71.453019916530607, 51.156865767091105 ], [ 71.4527982, 51.1568601 ] ] ], [ [ [ 71.4534134, 51.1570022 ], [ 71.4532293, 51.1569986 ], [ 71.4531973, 51.1576553 ], [ 71.453474387687123, 51.157683634568663 ], [ 71.453658487805995, 51.157687134130441 ], [ 71.453690483873373, 51.157030534110845 ], [ 71.4534134, 51.1570022 ] ] ], [ [ [ 71.4517681, 51.1576319 ], [ 71.4517636, 51.157749699999989 ], [ 71.452040687493124, 51.157778037970914 ], [ 71.453071788133087, 51.157793335516892 ], [ 71.453076287426882, 51.157675535516326 ], [ 71.4527992, 51.1576472 ], [ 71.4517681, 51.1576319 ] ] ], [ [ [ 71.4528251, 51.157941699999988 ], [ 71.452809, 51.1581991 ], [ 71.453135318155816, 51.15820646701313 ], [ 71.453147317846103, 51.157947967011872 ], [ 71.4528251, 51.157941699999988 ] ] ], [ [ [ 71.4516278, 51.1577842 ], [ 71.4514241, 51.157783 ], [ 71.4513978, 51.158439099999988 ], [ 71.451775569051549, 51.158468829806708 ], [ 71.4517404, 51.15903620000001 ], [ 71.452200095339762, 51.159068337480768 ], [ 71.452251291428496, 51.158413637415293 ], [ 71.45189370702208, 51.15838292401633 ], [ 71.451904887628487, 51.157812538291005 ], [ 71.4516278, 51.1577842 ] ] ], [ [ [ 71.4532507, 51.1580514 ], [ 71.4532324, 51.158582 ], [ 71.453614237340531, 51.158597033583568 ], [ 71.453627613088457, 51.158211291651774 ], [ 71.454750455011833, 51.15822519881258 ], [ 71.454753454372508, 51.158047798817456 ], [ 71.4545872, 51.1580308 ], [ 71.4535329, 51.158023899999989 ], [ 71.453532354128143, 51.158056179221177 ], [ 71.4532507, 51.1580514 ] ] ], [ [ [ 71.452931091861927, 51.15842563579718 ], [ 71.4524661, 51.1583922 ], [ 71.4524207, 51.1590478 ], [ 71.452885595782277, 51.15908133584901 ], [ 71.452931091861927, 51.15842563579718 ] ] ], [ [ [ 71.4530129, 51.159157399999984 ], [ 71.4526372, 51.1592719 ], [ 71.4527352, 51.1593983 ], [ 71.452790619559963, 51.159403967156514 ], [ 71.453166219462005, 51.159289366979792 ], [ 71.453068319299632, 51.159163067028523 ], [ 71.4530129, 51.159157399999984 ] ] ], [ [ [ 71.4524335, 51.1593354 ], [ 71.452121, 51.15940950000001 ], [ 71.4521505, 51.1594591 ], [ 71.452205919570972, 51.159464767433647 ], [ 71.452518419512018, 51.159388167286274 ], [ 71.452488919452207, 51.159341067301128 ], [ 71.4524335, 51.1593354 ] ] ], [ [ [ 71.45321370000002, 51.1593898 ], [ 71.4528865, 51.159484 ], [ 71.4530665, 51.1597299 ], [ 71.45312191999416, 51.159735566993191 ], [ 71.453449119915604, 51.159641366839146 ], [ 71.453269119600606, 51.159395466928999 ], [ 71.45321370000002, 51.1593898 ] ] ], [ [ [ 71.4515341, 51.1590288 ], [ 71.4514545, 51.159045399999989 ], [ 71.4520479, 51.1601619 ], [ 71.452103320405669, 51.16016756747036 ], [ 71.452182920394051, 51.160150867432783 ], [ 71.451589518987731, 51.159034467734287 ], [ 71.4515341, 51.1590288 ] ] ], [ [ [ 71.4521317, 51.1594659 ], [ 71.4519547, 51.1595096 ], [ 71.4522135, 51.1599217 ], [ 71.452268920134259, 51.159927367395696 ], [ 71.452445920100388, 51.159883567312249 ], [ 71.452187119577161, 51.159471567442466 ], [ 71.4521317, 51.1594659 ] ] ], [ [ [ 71.4528583, 51.1596112 ], [ 71.4525676, 51.1596963 ], [ 71.4526802, 51.1598477 ], [ 71.452735620094842, 51.159853367174946 ], [ 71.453026420023349, 51.159768267038054 ], [ 71.452913719829212, 51.159616867094279 ], [ 71.4528583, 51.1596112 ] ] ], [ [ [ 71.452618720100347, 51.159868267230301 ], [ 71.4525633, 51.1598626 ], [ 71.4523047, 51.159962 ], [ 71.4524066, 51.1600663 ], [ 71.452462020328795, 51.160071967301342 ], [ 71.452720720236684, 51.159972567179992 ], [ 71.452618720100347, 51.159868267230301 ] ] ], [ [ [ 71.4535516, 51.160015399999985 ], [ 71.453391, 51.1600475 ], [ 71.453434, 51.1601321 ], [ 71.453489420517158, 51.160137766811424 ], [ 71.453650020495616, 51.160105666735546 ], [ 71.453607020389228, 51.160021066757466 ], [ 71.4535516, 51.160015399999985 ] ] ], [ [ [ 71.4531473, 51.1600856 ], [ 71.452997100000019, 51.1601234 ], [ 71.4530745, 51.1602442 ], [ 71.453129920613833, 51.160249866980536 ], [ 71.453280120584324, 51.160212066909715 ], [ 71.453202720430738, 51.160091266948626 ], [ 71.4531473, 51.1600856 ] ] ], [ [ [ 71.4516483, 51.1605486 ], [ 71.4515864, 51.1607041 ], [ 71.4523505, 51.1616171 ], [ 71.45301556710551, 51.16168510586958 ], [ 71.453242766367168, 51.161613904587135 ], [ 71.453378775235365, 51.160993333888854 ], [ 71.45355412149145, 51.160941766766797 ], [ 71.453489121386369, 51.160860166799125 ], [ 71.453407392223255, 51.160862760539587 ], [ 71.453498471561474, 51.160447179926891 ], [ 71.4535658, 51.1605316 ], [ 71.453621221011872, 51.160537266741834 ], [ 71.453741620979315, 51.160499566685203 ], [ 71.453657320843135, 51.160393866727134 ], [ 71.4536019, 51.1603882 ], [ 71.453504729349874, 51.160418626372383 ], [ 71.453397647348538, 51.160283103977626 ], [ 71.4527326, 51.1602151 ], [ 71.4516483, 51.1605486 ] ] ], [ [ [ 71.453653921276214, 51.160754066722539 ], [ 71.4535985, 51.160748399999989 ], [ 71.4534691, 51.160789 ], [ 71.4535675, 51.1609124 ], [ 71.453622921470256, 51.160918066734467 ], [ 71.453752221435153, 51.160877466673668 ], [ 71.453653921276214, 51.160754066722539 ] ] ], [ [ [ 71.4525963, 51.1616605 ], [ 71.4523668, 51.1617306 ], [ 71.4528721, 51.1623815 ], [ 71.453537178809114, 51.162449502733743 ], [ 71.453766578090864, 51.16237950143848 ], [ 71.45326136804573, 51.16172850445728 ], [ 71.4525963, 51.1616605 ] ] ], [ [ [ 71.451828500000019, 51.1628079 ], [ 71.4518227, 51.1629034 ], [ 71.452032223700442, 51.162911867456977 ], [ 71.452038023588528, 51.162818367455834 ], [ 71.451828500000019, 51.1628079 ] ] ], [ [ [ 71.4534902, 51.1630448 ], [ 71.4533443, 51.163081600000012 ], [ 71.4534038, 51.1631742 ], [ 71.453459224174665, 51.163179866773433 ], [ 71.453605024145887, 51.163143066704691 ], [ 71.453545624028109, 51.163050466734546 ], [ 71.4534902, 51.1630448 ] ] ], [ [ [ 71.453662224185535, 51.163170966677001 ], [ 71.4536068, 51.1631653 ], [ 71.4534538, 51.1632108 ], [ 71.4535312, 51.163313099999989 ], [ 71.453586624355353, 51.163318766710425 ], [ 71.453739624316867, 51.163273266638413 ], [ 71.453662224185535, 51.163170966677001 ] ] ], [ [ [ 71.4538375, 51.163311 ], [ 71.4535893, 51.1633915 ], [ 71.4536655, 51.1634839 ], [ 71.45372092457518, 51.163489566643577 ], [ 71.453969124504695, 51.163409066526881 ], [ 71.4538929243854, 51.163316666564725 ], [ 71.4538375, 51.163311 ] ] ], [ [ [ 71.45382810000001, 51.163485399999985 ], [ 71.4536946, 51.1635253 ], [ 71.4537398, 51.1635848 ], [ 71.453795224704507, 51.1635904666065 ], [ 71.453928724670689, 51.163550566543677 ], [ 71.453883524594275, 51.163491066566181 ], [ 71.45382810000001, 51.163485399999985 ] ] ], [ [ [ 71.453974324796988, 51.163651466520243 ], [ 71.4539189, 51.163645799999983 ], [ 71.4538141, 51.1636737 ], [ 71.4538513, 51.1637287 ], [ 71.453906724889549, 51.163734366550969 ], [ 71.454011524867113, 51.163706466501594 ], [ 71.453974324796988, 51.163651466520243 ] ] ], [ [ [ 71.4529903, 51.1635309 ], [ 71.4526275, 51.163638299999988 ], [ 71.4527719, 51.1638301 ], [ 71.453326149540544, 51.163886769436886 ], [ 71.453688948633626, 51.163779367729212 ], [ 71.453544546171841, 51.163587568449259 ], [ 71.4529903, 51.1635309 ] ] ], [ [ [ 71.4520294, 51.1638021 ], [ 71.4518849, 51.1638485 ], [ 71.451953, 51.1639319 ], [ 71.452008424932316, 51.163937567450652 ], [ 71.452152924891934, 51.163891267382709 ], [ 71.452084824784237, 51.163807767416557 ], [ 71.4520294, 51.1638021 ] ] ], [ [ [ 71.4521992, 51.1638855 ], [ 71.451963, 51.1639613 ], [ 71.4520255, 51.1640378 ], [ 71.452080925067477, 51.164043467414352 ], [ 71.452317025001477, 51.163967767303326 ], [ 71.452254624902636, 51.16389116733432 ], [ 71.4521992, 51.1638855 ] ] ], [ [ [ 71.4522658, 51.164052199999986 ], [ 71.4519884, 51.1641412 ], [ 71.4520513, 51.16421840000001 ], [ 71.452106725287564, 51.164224067398969 ], [ 71.45238422520984, 51.164134967268467 ], [ 71.452321225110353, 51.164057867299775 ], [ 71.4522658, 51.164052199999986 ] ] ], [ [ [ 71.4536989, 51.1641334 ], [ 71.4535076, 51.1641963 ], [ 71.4537023, 51.1644292 ], [ 71.453757725716784, 51.164434866609803 ], [ 71.45394912566141, 51.164371966519816 ], [ 71.453754325360421, 51.164139066616521 ], [ 71.4536989, 51.1641334 ] ] ], [ [ [ 71.452884725394341, 51.164244067028463 ], [ 71.452693125077914, 51.163998067123856 ], [ 71.4526377, 51.1639924 ], [ 71.4524355, 51.164054299999989 ], [ 71.4529318, 51.1646917 ], [ 71.452987225950821, 51.164697366971886 ], [ 71.45315532590682, 51.164645966892806 ], [ 71.452884725394341, 51.164244067028463 ] ] ], [ [ [ 71.45253882543004, 51.164304267192001 ], [ 71.4524834, 51.1642986 ], [ 71.4523596, 51.1643383 ], [ 71.4524327, 51.1644279 ], [ 71.45248812558026, 51.164433567213905 ], [ 71.452611925545526, 51.164393767155673 ], [ 71.45253882543004, 51.164304267192001 ] ] ], [ [ [ 71.4520264, 51.1643822 ], [ 71.4518578, 51.1644363 ], [ 71.4519386, 51.1645354 ], [ 71.451994025657115, 51.164541067447132 ], [ 71.45216262560993, 51.164486967367836 ], [ 71.452081825482054, 51.164387867407996 ], [ 71.4520264, 51.1643822 ] ] ], [ [ [ 71.452565025801832, 51.164610867174261 ], [ 71.452694225756105, 51.164561467113629 ], [ 71.452618725654432, 51.164483667150897 ], [ 71.452561725613947, 51.164455067178515 ], [ 71.4525063, 51.1644494 ], [ 71.4524407, 51.164474399999989 ], [ 71.4524292, 51.1645223 ], [ 71.4525096, 51.1646052 ], [ 71.452565025801832, 51.164610867174261 ] ] ], [ [ [ 71.452149425717437, 51.164577467372574 ], [ 71.452094, 51.1645718 ], [ 71.4519564, 51.1646098 ], [ 71.4520159, 51.1646946 ], [ 71.452071325856934, 51.164700267407625 ], [ 71.452208925825943, 51.1646623673428 ], [ 71.452149425717437, 51.164577467372574 ] ] ], [ [ [ 71.4525965, 51.1647755 ], [ 71.452651926016017, 51.164781167129981 ], [ 71.452849425961546, 51.16471846703709 ], [ 71.452792625874039, 51.164650767065282 ], [ 71.4525969, 51.1646609 ], [ 71.452496, 51.1646946 ], [ 71.4525965, 51.1647755 ] ] ], [ [ [ 71.4541211, 51.1648796 ], [ 71.454176526303357, 51.164885266402806 ], [ 71.454341026259357, 51.164834166325413 ], [ 71.454070125818106, 51.164491466460198 ], [ 71.4540147, 51.1644858 ], [ 71.4534541, 51.1646585 ], [ 71.4536436, 51.1649004 ], [ 71.453699026277675, 51.164906066629626 ], [ 71.454054932575943, 51.164796460300671 ], [ 71.4541211, 51.1648796 ] ] ], [ [ [ 71.453227425983314, 51.164703166857514 ], [ 71.453172, 51.1646975 ], [ 71.4530171, 51.164744799999987 ], [ 71.4530624, 51.1648032 ], [ 71.453117826098875, 51.164808866907833 ], [ 71.453272726058557, 51.164761666834941 ], [ 71.453227425983314, 51.164703166857514 ] ] ], [ [ [ 71.452335, 51.1647825 ], [ 71.4522075, 51.1648235 ], [ 71.4522632, 51.1648916 ], [ 71.452318626120331, 51.164897267286577 ], [ 71.452446126084524, 51.164856267226625 ], [ 71.452390425996654, 51.164788167254279 ], [ 71.452335, 51.1647825 ] ] ], [ [ [ 71.4528923, 51.165036 ], [ 71.452947726361003, 51.165041666984763 ], [ 71.453127226333507, 51.165002966900012 ], [ 71.453075750093348, 51.164942227545808 ], [ 71.45312112626533, 51.164946866903882 ], [ 71.453310726216046, 51.164889166814675 ], [ 71.453238326095573, 51.164795466850734 ], [ 71.4531829, 51.1647898 ], [ 71.4530769, 51.1648221 ], [ 71.453032293648775, 51.164890950998284 ], [ 71.452995526132483, 51.164847566965364 ], [ 71.4529401, 51.1648419 ], [ 71.4527746, 51.1648971 ], [ 71.4528923, 51.165036 ] ] ], [ [ [ 71.4526731, 51.1649188 ], [ 71.4525276, 51.164972 ], [ 71.4526445, 51.16509760000001 ], [ 71.452699926408812, 51.165103267101621 ], [ 71.452845426360241, 51.165050067033285 ], [ 71.452728526196637, 51.164924467091076 ], [ 71.4526731, 51.1649188 ] ] ], [ [ [ 71.452596426368657, 51.165079067151261 ], [ 71.452514526255854, 51.164992567191732 ], [ 71.4524591, 51.1649869 ], [ 71.4523425, 51.1650303 ], [ 71.452352100000013, 51.1651002 ], [ 71.4523826, 51.1651324 ], [ 71.452438026422854, 51.16513806722562 ], [ 71.452596426368657, 51.165079067151261 ] ] ], [ [ [ 71.451894, 51.1651561 ], [ 71.4519623, 51.165282 ], [ 71.452017726558225, 51.165287667423023 ], [ 71.452106126569063, 51.165288867380937 ], [ 71.452184226543537, 51.16526076734425 ], [ 71.4521502094304, 51.165223483675391 ], [ 71.452180500000011, 51.165254199999985 ], [ 71.452235926547957, 51.165259867319669 ], [ 71.452386426493661, 51.165201467249084 ], [ 71.452260426326461, 51.165073667311212 ], [ 71.452205, 51.165068 ], [ 71.4520961, 51.1651102 ], [ 71.452129704395858, 51.165201009572584 ], [ 71.452058226363931, 51.1651226674066 ], [ 71.4520028, 51.165117 ], [ 71.451894, 51.1651561 ] ] ], [ [ [ 71.453231726455343, 51.16509496684872 ], [ 71.45317630000001, 51.1650893 ], [ 71.4530342, 51.165139499999988 ], [ 71.4530927, 51.16520460000001 ], [ 71.453148126585234, 51.165210266886518 ], [ 71.453290226539792, 51.165159966819758 ], [ 71.453231726455343, 51.16509496684872 ] ] ], [ [ [ 71.4528885, 51.1655117 ], [ 71.4518795, 51.1658392 ], [ 71.4520053, 51.1659915 ], [ 71.452559574739638, 51.166048172712408 ], [ 71.453568471870298, 51.165720667968436 ], [ 71.45344276990356, 51.165568368592716 ], [ 71.4528885, 51.1655117 ] ] ], [ [ [ 71.453964382722944, 51.165970499534573 ], [ 71.4537981, 51.1659535 ], [ 71.4533186, 51.1661057 ], [ 71.453361508257942, 51.166157567201026 ], [ 71.4532138, 51.1662036 ], [ 71.4531143, 51.1663524 ], [ 71.4532378, 51.1664987 ], [ 71.453348656329268, 51.166510033563938 ], [ 71.454168255845346, 51.1662366327934 ], [ 71.453964382722944, 51.165970499534573 ] ] ], [ [ [ 71.4536991, 51.1665681 ], [ 71.4535663, 51.1666186 ], [ 71.453696, 51.1667526 ], [ 71.453751428512604, 51.166758266572828 ], [ 71.453884228465824, 51.166707666510504 ], [ 71.453754528290858, 51.166573766574516 ], [ 71.4536991, 51.1665681 ] ] ], [ [ [ 71.453477228507182, 51.166777966702966 ], [ 71.453507728440485, 51.166719866689441 ], [ 71.453454428365006, 51.166661866715799 ], [ 71.453399, 51.1666562 ], [ 71.4532667, 51.166704 ], [ 71.4533525, 51.1667974 ], [ 71.453407928530012, 51.16680306673549 ], [ 71.453477228507182, 51.166777966702966 ] ] ], [ [ [ 71.4529672, 51.1666718 ], [ 71.4528396, 51.1667184 ], [ 71.4529167, 51.1668015 ], [ 71.452972128488639, 51.166807166942768 ], [ 71.453099728446105, 51.166760566882857 ], [ 71.453022628337877, 51.166677466920987 ], [ 71.4529672, 51.1666718 ] ] ], [ [ [ 71.453841, 51.166752699999989 ], [ 71.4537389, 51.1667844 ], [ 71.4538785, 51.1669614 ], [ 71.453933928783343, 51.166967066482378 ], [ 71.454036028756164, 51.166935466434367 ], [ 71.453896428528139, 51.166758366503814 ], [ 71.453841, 51.166752699999989 ] ] ], [ [ [ 71.4528999, 51.1668898 ], [ 71.4527719, 51.1669367 ], [ 71.452844, 51.167014 ], [ 71.452899428736686, 51.167019666973708 ], [ 71.453027328693821, 51.166972766913659 ], [ 71.452955328593134, 51.166895466949242 ], [ 71.4528999, 51.1668898 ] ] ], [ [ [ 71.4535713, 51.1668758 ], [ 71.4534586, 51.1669111 ], [ 71.4535654, 51.167045 ], [ 71.453620828850688, 51.167050666629933 ], [ 71.453733428820172, 51.167015366576948 ], [ 71.453626728647649, 51.166881466630031 ], [ 71.4535713, 51.1668758 ] ] ], [ [ [ 71.4540173, 51.1669893 ], [ 71.4538999, 51.1670261 ], [ 71.4540284, 51.1671872 ], [ 71.454083829071081, 51.167192866407184 ], [ 71.454201229039398, 51.167156166351944 ], [ 71.45407272883169, 51.166994966415864 ], [ 71.4540173, 51.1669893 ] ] ], [ [ [ 71.4529796, 51.1670419 ], [ 71.4528642, 51.1670772 ], [ 71.452978, 51.1672233 ], [ 71.453033429002872, 51.167228966906372 ], [ 71.453148728972636, 51.1671936668521 ], [ 71.453035028784697, 51.167047566908721 ], [ 71.4529796, 51.1670419 ] ] ], [ [ [ 71.453733028859745, 51.167048266576593 ], [ 71.4536776, 51.1670426 ], [ 71.45353, 51.167093 ], [ 71.4536565, 51.1672384 ], [ 71.453711929093174, 51.167244066583265 ], [ 71.453859529048202, 51.167193666513889 ], [ 71.453733028859745, 51.167048266576593 ] ] ], [ [ [ 71.4537236, 51.167246 ], [ 71.4535654, 51.1672906 ], [ 71.4536338, 51.167368799999984 ], [ 71.453689229247743, 51.167374466591809 ], [ 71.45384072920811, 51.167328166520527 ], [ 71.453779029109469, 51.167251666551181 ], [ 71.4537236, 51.167246 ] ] ], [ [ [ 71.4531502, 51.1672694 ], [ 71.4530321, 51.1673064 ], [ 71.4531389, 51.1674402 ], [ 71.453194329281075, 51.167445866826064 ], [ 71.453312329249073, 51.167408866770558 ], [ 71.453205629076663, 51.167275066823628 ], [ 71.4531502, 51.1672694 ] ] ], [ [ [ 71.453968029205384, 51.167314666460193 ], [ 71.4539126, 51.167309 ], [ 71.4538053, 51.1673409 ], [ 71.453906, 51.1674739 ], [ 71.453961429403179, 51.167479566460479 ], [ 71.454068729376075, 51.16744756640999 ], [ 71.453968029205384, 51.167314666460193 ] ] ], [ [ [ 71.4533186, 51.1674941 ], [ 71.453222, 51.1675243 ], [ 71.453324, 51.1676522 ], [ 71.453379429555937, 51.167657866734345 ], [ 71.453475929529716, 51.16762756668895 ], [ 71.453374029365065, 51.167499766739631 ], [ 71.4533186, 51.1674941 ] ] ], [ [ [ 71.4541016, 51.1675265 ], [ 71.4539595, 51.1675736 ], [ 71.4540696, 51.1677043 ], [ 71.45412502969792, 51.167709966378666 ], [ 71.454267229656338, 51.167662866311822 ], [ 71.454157029487305, 51.167532166366513 ], [ 71.4541016, 51.1675265 ] ] ], [ [ [ 71.453542729636268, 51.167710166655738 ], [ 71.4534873, 51.1677045 ], [ 71.4533881, 51.1677382 ], [ 71.453501, 51.1678691 ], [ 71.453556429835871, 51.167874766646378 ], [ 71.453655629805951, 51.167841166599757 ], [ 71.453542729636268, 51.167710166655738 ] ] ], [ [ [ 71.4536845, 51.1679093 ], [ 71.453553, 51.1679547 ], [ 71.45367, 51.1680878 ], [ 71.453725430117103, 51.168093466562219 ], [ 71.45385683007629, 51.168047966500481 ], [ 71.453739929903762, 51.167914966558385 ], [ 71.4536845, 51.1679093 ] ] ], [ [ [ 71.452490430317184, 51.168368767145118 ], [ 71.452756230244574, 51.168284967020085 ], [ 71.452542029782791, 51.167920267128281 ], [ 71.452435829619688, 51.167794167180972 ], [ 71.4523804, 51.1677885 ], [ 71.452115, 51.167876400000011 ], [ 71.4523715, 51.1682838 ], [ 71.452435, 51.1683631 ], [ 71.452490430317184, 51.168368767145118 ] ] ], [ [ [ 71.453965330312201, 51.168234366445631 ], [ 71.453948030223344, 51.16816206645511 ], [ 71.453899530136454, 51.168094166479364 ], [ 71.4538441, 51.1680885 ], [ 71.4536924, 51.1681314 ], [ 71.4537878, 51.1682629 ], [ 71.453843230340397, 51.168268566503144 ], [ 71.453965330312201, 51.168234366445631 ] ] ], [ [ [ 71.4540014, 51.168338 ], [ 71.4538983, 51.1683711 ], [ 71.4540123, 51.1685109 ], [ 71.454067730662814, 51.168516566392057 ], [ 71.454170830634069, 51.168483566343568 ], [ 71.45405683045351, 51.168343666400226 ], [ 71.4540014, 51.168338 ] ] ], [ [ [ 71.4537866, 51.1683592 ], [ 71.4536088, 51.1684172 ], [ 71.453698, 51.1685248 ], [ 71.453753430646131, 51.168530466541363 ], [ 71.453931330595225, 51.168472466457715 ], [ 71.453842030456201, 51.168364866502067 ], [ 71.4537866, 51.1683592 ] ] ], [ [ [ 71.4524594, 51.1686735 ], [ 71.4524486, 51.1688841 ], [ 71.4521815, 51.1689714 ], [ 71.4522638, 51.1690704 ], [ 71.452319231150454, 51.169076067214405 ], [ 71.452586331073775, 51.168988767088813 ], [ 71.452572731052456, 51.168972267095569 ], [ 71.452879130964533, 51.168872166951495 ], [ 71.452675130647435, 51.168626767052793 ], [ 71.4526197, 51.16862110000001 ], [ 71.4524594, 51.1686735 ] ] ], [ [ [ 71.4530039, 51.1685824 ], [ 71.4528426, 51.168633 ], [ 71.4531865, 51.1690643 ], [ 71.453241931241237, 51.16906996677546 ], [ 71.45340323119747, 51.16901936669958 ], [ 71.453059330641693, 51.168588066870647 ], [ 71.4530039, 51.1685824 ] ] ], [ [ [ 71.453061731107468, 51.168974766862846 ], [ 71.4530063, 51.1689691 ], [ 71.4525936, 51.169107399999987 ], [ 71.4527006, 51.1692329 ], [ 71.452756031392539, 51.169238567003767 ], [ 71.453168731269912, 51.169100266809771 ], [ 71.453061731107468, 51.168974766862846 ] ] ], [ [ [ 71.4539218, 51.1698595 ], [ 71.4537478, 51.1699114 ], [ 71.453907700000016, 51.1701169 ], [ 71.454073997793529, 51.170133899163126 ], [ 71.454247997661582, 51.170081998917432 ], [ 71.454088096868347, 51.16987649915631 ], [ 71.4539218, 51.1698595 ] ] ], [ [ [ 71.453674032391149, 51.169986966554092 ], [ 71.4536186, 51.1699813 ], [ 71.4534357, 51.17004 ], [ 71.4535726, 51.1702067 ], [ 71.453628032657605, 51.170212366572095 ], [ 71.453810032605091, 51.170152666486516 ], [ 71.453674032391149, 51.169986966554092 ] ] ], [ [ [ 71.4539406, 51.170131699999985 ], [ 71.4536163, 51.1702423 ], [ 71.4536825, 51.17031870000001 ], [ 71.453737932804145, 51.170324366517882 ], [ 71.454062332705476, 51.170213766365421 ], [ 71.45399603260644, 51.170137366398279 ], [ 71.4539406, 51.170131699999985 ] ] ], [ [ [ 71.4531941, 51.1700772 ], [ 71.4530275, 51.1701318 ], [ 71.4533414, 51.1705116 ], [ 71.453507699038511, 51.170528599951162 ], [ 71.453675798899965, 51.170475399713922 ], [ 71.453360397422529, 51.170094200183854 ], [ 71.4531941, 51.1700772 ] ] ], [ [ [ 71.4526407, 51.1702546 ], [ 71.4524535, 51.1703153 ], [ 71.4527631, 51.1706908 ], [ 71.452929399501286, 51.17070780076741 ], [ 71.453116599342124, 51.170647200503325 ], [ 71.452806997886753, 51.170271600964654 ], [ 71.4526407, 51.1702546 ] ] ], [ [ [ 71.4530054, 51.170889699999989 ], [ 71.4524491, 51.1710666 ], [ 71.4525264, 51.1711621 ], [ 71.452637267406018, 51.171173434080465 ], [ 71.45319346709833, 51.170996533557222 ], [ 71.45311626685195, 51.170901033633982 ], [ 71.4530054, 51.170889699999989 ] ] ], [ [ [ 71.4538577, 51.1708734 ], [ 71.4531409, 51.1710908 ], [ 71.4532304, 51.1712061 ], [ 71.453341267661685, 51.17121743340897 ], [ 71.454055567286218, 51.170998432736731 ], [ 71.453968566993936, 51.170884732823438 ], [ 71.4538577, 51.1708734 ] ] ], [ [ [ 71.4523873, 51.1711984 ], [ 71.4520958, 51.1712892 ], [ 71.4521923, 51.1714109 ], [ 71.452247733960675, 51.171416567208169 ], [ 71.452539233882348, 51.171325767071025 ], [ 71.452442733725562, 51.171204067119021 ], [ 71.4523873, 51.1711984 ] ] ], [ [ [ 71.454179633981767, 51.171263466291521 ], [ 71.4541242, 51.1712578 ], [ 71.4539293, 51.1713205 ], [ 71.4540085, 51.1714173 ], [ 71.45406393416151, 51.17142296634384 ], [ 71.454258834106739, 51.171360266252186 ], [ 71.454179633981767, 51.171263466291521 ] ] ], [ [ [ 71.4527124, 51.1714286 ], [ 71.4522785, 51.1715614 ], [ 71.452384, 51.171697 ], [ 71.452439434325541, 51.171702667112044 ], [ 71.452873334211773, 51.171569866907845 ], [ 71.452767834037289, 51.171434266960382 ], [ 71.4527124, 51.1714286 ] ] ], [ [ [ 71.4540973, 51.171487799999987 ], [ 71.4534135, 51.1717079 ], [ 71.4535196, 51.171834599999983 ], [ 71.453575034611973, 51.171840266569291 ], [ 71.454256734421719, 51.171622066248666 ], [ 71.454152734255828, 51.171493466300362 ], [ 71.4540973, 51.171487799999987 ] ] ], [ [ [ 71.453376634577268, 51.171828966663895 ], [ 71.4533212, 51.1718233 ], [ 71.4531129, 51.17188860000001 ], [ 71.4532008, 51.1719988 ], [ 71.453256234775793, 51.172004466718178 ], [ 71.45346443471928, 51.171939166620234 ], [ 71.453376634577268, 51.171828966663895 ] ] ], [ [ [ 71.452625069829551, 51.172180934057408 ], [ 71.452720469827227, 51.172171533966946 ], [ 71.452808169779871, 51.17214413388443 ], [ 71.452518668842245, 51.171780334172446 ], [ 71.4524078, 51.171769 ], [ 71.452251, 51.1718388 ], [ 71.4525142, 51.1721696 ], [ 71.452625069829551, 51.172180934057408 ] ] ], [ [ [ 71.45338457187141, 51.172961733307737 ], [ 71.453620971732647, 51.172883233085457 ], [ 71.453463587729203, 51.172696899340465 ], [ 71.453723342200519, 51.172622166099963 ], [ 71.453648241674429, 51.172519566249953 ], [ 71.4534265, 51.172496899999985 ], [ 71.4530101, 51.1726167 ], [ 71.4530852, 51.1727193 ], [ 71.45316575573213, 51.172727534587544 ], [ 71.453103, 51.1727484 ], [ 71.4532737, 51.1729504 ], [ 71.45338457187141, 51.172961733307737 ] ] ], [ [ [ 71.4536093, 51.1729477 ], [ 71.4533411, 51.1730318 ], [ 71.4534956, 51.1732255 ], [ 71.45355103628421, 51.173231166556789 ], [ 71.453819236211459, 51.173147066430602 ], [ 71.45366473596178, 51.172953366507457 ], [ 71.4536093, 51.1729477 ] ] ], [ [ [ 71.4526984, 51.172939 ], [ 71.4523239, 51.173048 ], [ 71.4526832, 51.1735336 ], [ 71.45273863656881, 51.173539266938072 ], [ 71.453113136477384, 51.173430266761741 ], [ 71.452753835854438, 51.172944666941071 ], [ 71.4526984, 51.172939 ] ] ], [ [ [ 71.4544129, 51.1741661 ], [ 71.45469008769912, 51.174194430255724 ], [ 71.455097364327372, 51.174070854250978 ], [ 71.4551803, 51.1741775 ], [ 71.455235737609712, 51.174183165738739 ], [ 71.455623537508103, 51.174064565556229 ], [ 71.455539937369764, 51.173957065597861 ], [ 71.4554845, 51.173951399999986 ], [ 71.455142857761388, 51.174055883774471 ], [ 71.455044686287238, 51.173928629434904 ], [ 71.454619885527336, 51.173839930453255 ], [ 71.454410079483267, 51.1738184867557 ], [ 71.454534885113688, 51.173778730660764 ], [ 71.454089881572273, 51.173229831766768 ], [ 71.4538127, 51.1732015 ], [ 71.4536482, 51.173253899999985 ], [ 71.4540932, 51.173802799999983 ], [ 71.454301513993983, 51.173824091788447 ], [ 71.4539942, 51.1739173 ], [ 71.4541201, 51.1740806 ], [ 71.4544129, 51.1741661 ] ] ], [ [ [ 71.4532809, 51.1736172 ], [ 71.4520162, 51.1739644 ], [ 71.4524182, 51.1745398 ], [ 71.452529075517319, 51.174551134067237 ], [ 71.453209084375089, 51.174424451554131 ], [ 71.4533169, 51.1745848 ], [ 71.453372337902081, 51.174590466618426 ], [ 71.453927837784335, 51.174443666356623 ], [ 71.45381075361469, 51.174274230753241 ], [ 71.453837675110918, 51.174266832831592 ], [ 71.453391773478799, 51.173628533277935 ], [ 71.4532809, 51.1736172 ] ] ], [ [ [ 71.4529186, 51.1744988 ], [ 71.4520623, 51.1747485 ], [ 71.4522097, 51.1749471 ], [ 71.452265138220611, 51.174952767139061 ], [ 71.453121438010982, 51.17470306673588 ], [ 71.45297403775615, 51.174504466809445 ], [ 71.4529186, 51.1744988 ] ] ], [ [ [ 71.453677127824307, 51.174814829698086 ], [ 71.453706838211474, 51.174817866455349 ], [ 71.453790438190737, 51.174793266415982 ], [ 71.453779821562676, 51.174779083432774 ], [ 71.453825638183048, 51.174783766399408 ], [ 71.454073838124657, 51.174713366282504 ], [ 71.454017938025515, 51.17463596631044 ], [ 71.4539625, 51.1746303 ], [ 71.453719948703025, 51.1746990977975 ], [ 71.4536579, 51.1746846 ], [ 71.4535742, 51.1747092 ], [ 71.453600545871467, 51.174744350638797 ], [ 71.4535707, 51.1747413 ], [ 71.4533612, 51.1748032 ], [ 71.4534165, 51.1748769 ], [ 71.453471938264428, 51.174882566566019 ], [ 71.453677127824307, 51.174814829698086 ] ] ], [ [ [ 71.453233938155051, 51.174812766680468 ], [ 71.4531785, 51.174807099999988 ], [ 71.4530504, 51.1748481 ], [ 71.4531215, 51.1749354 ], [ 71.4531769383035, 51.174941066705394 ], [ 71.453305038267743, 51.174900066645129 ], [ 71.453233938155051, 51.174812766680468 ] ] ], [ [ [ 71.4541118, 51.1748007 ], [ 71.4539599, 51.1748521 ], [ 71.454171, 51.1750975 ], [ 71.454226438610306, 51.175103166203186 ], [ 71.454378338564553, 51.175051766131794 ], [ 71.454167238246598, 51.174806366236453 ], [ 71.4541118, 51.1748007 ] ] ], [ [ [ 71.4533466, 51.1749104 ], [ 71.4531634, 51.174969 ], [ 71.4532317, 51.1750529 ], [ 71.45328713845673, 51.175058566650918 ], [ 71.453470438405645, 51.174999966564712 ], [ 71.453402038297341, 51.174916066598698 ], [ 71.4533466, 51.1749104 ] ] ], [ [ [ 71.453944338298157, 51.174868866341455 ], [ 71.4538889, 51.1748632 ], [ 71.4535644, 51.1749607 ], [ 71.4537541, 51.175209 ], [ 71.453809538700256, 51.17521466639964 ], [ 71.45413403861734, 51.175117166246892 ], [ 71.453944338298157, 51.174868866341455 ] ] ], [ [ [ 71.4544097, 51.1752353 ], [ 71.454193800000013, 51.1753034 ], [ 71.4545993, 51.1758091 ], [ 71.454654739512833, 51.175814765987127 ], [ 71.454870639453773, 51.175746665885541 ], [ 71.454465138801638, 51.175240966087223 ], [ 71.4544097, 51.1752353 ] ] ], [ [ [ 71.4546379, 51.1454293 ], [ 71.4545622, 51.145539799999987 ], [ 71.454756603146038, 51.145582966459195 ], [ 71.45483230302122, 51.14547246642509 ], [ 71.4546379, 51.1454293 ] ] ], [ [ [ 71.4545081, 51.1455617 ], [ 71.454408, 51.1457067 ], [ 71.454623903339908, 51.145755966519353 ], [ 71.454724103176119, 51.145610866474172 ], [ 71.4545081, 51.1455617 ] ] ], [ [ [ 71.45437, 51.1457624 ], [ 71.4542975, 51.1458715 ], [ 71.454531103531806, 51.145923766560585 ], [ 71.454603603408231, 51.145814566527989 ], [ 71.45437, 51.1457624 ] ] ], [ [ [ 71.4536859, 51.1457776 ], [ 71.4536097, 51.1458941 ], [ 71.453842203484498, 51.1459452668879 ], [ 71.453918403352532, 51.145828766853668 ], [ 71.4536859, 51.1457776 ] ] ], [ [ [ 71.4535985, 51.1459231 ], [ 71.4535295, 51.1460206 ], [ 71.453728503617896, 51.146066266939904 ], [ 71.453797503508014, 51.145968766908766 ], [ 71.4535985, 51.1459231 ] ] ], [ [ [ 71.454465303603456, 51.145989166590752 ], [ 71.4542457, 51.1459389 ], [ 71.454156, 51.1460687 ], [ 71.4543755037501, 51.146119066631236 ], [ 71.454465303603456, 51.145989166590752 ] ] ], [ [ [ 71.4535063, 51.1460655 ], [ 71.453453600000017, 51.1461462 ], [ 71.453652903757259, 51.146188866973759 ], [ 71.453705703665861, 51.146108166950036 ], [ 71.4535063, 51.1460655 ] ] ], [ [ [ 71.4537877, 51.146125299999987 ], [ 71.4537377, 51.1461981 ], [ 71.453867403821164, 51.146223066871144 ], [ 71.453917303739544, 51.146150766848649 ], [ 71.4537877, 51.146125299999987 ] ] ], [ [ [ 71.45436620378733, 51.146150866635118 ], [ 71.4541466, 51.1461006 ], [ 71.4540569, 51.1462304 ], [ 71.454276403933974, 51.146280766675588 ], [ 71.45436620378733, 51.146150866635118 ] ] ], [ [ [ 71.4547269, 51.1461042 ], [ 71.4546484, 51.1462122 ], [ 71.4548035, 51.1462547 ], [ 71.454969711952003, 51.146271699117236 ], [ 71.455045511573999, 51.146160199014815 ], [ 71.454893111384777, 51.146121199234329 ], [ 71.4547269, 51.1461042 ] ] ], [ [ [ 71.452997, 51.1461612 ], [ 71.4529229, 51.1462709 ], [ 71.453152203865059, 51.146322767209632 ], [ 71.453226203741025, 51.146213067176312 ], [ 71.452997, 51.1461612 ] ] ], [ [ [ 71.453573803917052, 51.146328767008974 ], [ 71.4532854, 51.1462629 ], [ 71.4532049, 51.1463857 ], [ 71.453493304056039, 51.146451467045154 ], [ 71.453573803917052, 51.146328767008974 ] ] ], [ [ [ 71.4535735, 51.1463368 ], [ 71.4534989, 51.1464492 ], [ 71.453758904152664, 51.146508366917828 ], [ 71.45383350402544, 51.146395966884299 ], [ 71.4535735, 51.1463368 ] ] ], [ [ [ 71.45380440000001, 51.1464894 ], [ 71.4537509, 51.1465943 ], [ 71.453958504320781, 51.146630566820775 ], [ 71.454012104200245, 51.146525566797109 ], [ 71.45380440000001, 51.1464894 ] ] ], [ [ [ 71.454088, 51.146491 ], [ 71.454027, 51.1465813 ], [ 71.454264204359021, 51.146635366675291 ], [ 71.45432530425694, 51.146545066647789 ], [ 71.454088, 51.146491 ] ] ], [ [ [ 71.4545779, 51.1465402 ], [ 71.454538425940498, 51.146597674968817 ], [ 71.4543568, 51.1465564 ], [ 71.4542917, 51.14664710000001 ], [ 71.454521604466436, 51.146701966551703 ], [ 71.454582896699918, 51.146616440160258 ], [ 71.454644507301396, 51.146624103152064 ], [ 71.454580800000016, 51.1467199 ], [ 71.454839404592519, 51.146778766399201 ], [ 71.454920404454668, 51.146656966362791 ], [ 71.454663948041514, 51.146598319690611 ], [ 71.454688604316445, 51.146562466474656 ], [ 71.4545779, 51.1465402 ] ] ], [ [ [ 71.455164604611781, 51.146766066244723 ], [ 71.4549586, 51.1467223 ], [ 71.4549096, 51.1467985 ], [ 71.455115704698201, 51.146842266266695 ], [ 71.455164604611781, 51.146766066244723 ] ] ], [ [ [ 71.454387, 51.1467528 ], [ 71.4543469, 51.1468104 ], [ 71.454487604627531, 51.146838966565525 ], [ 71.454527604561932, 51.146780866547495 ], [ 71.454387, 51.1467528 ] ] ], [ [ [ 71.453744, 51.146761 ], [ 71.453649, 51.1468999 ], [ 71.453907204711612, 51.146960166839513 ], [ 71.454002204554584, 51.146821166796713 ], [ 71.453744, 51.146761 ] ] ], [ [ [ 71.454361904742115, 51.14694536662347 ], [ 71.4541143, 51.1468793 ], [ 71.4540054, 51.1470157 ], [ 71.454253004894554, 51.147081766672919 ], [ 71.454361904742115, 51.14694536662347 ] ] ], [ [ [ 71.4545675, 51.1469153 ], [ 71.4544708, 51.1470633 ], [ 71.454875805053405, 51.147158866375335 ], [ 71.454972504885845, 51.147010966331891 ], [ 71.4545675, 51.1469153 ] ] ], [ [ [ 71.4531661, 51.1470191 ], [ 71.4530981, 51.1471194 ], [ 71.453323604902494, 51.147170467113497 ], [ 71.453391604789104, 51.147070167082887 ], [ 71.4531661, 51.1470191 ] ] ], [ [ [ 71.453790204962758, 51.147179366891393 ], [ 71.4535171, 51.1471131 ], [ 71.4534433, 51.1472174 ], [ 71.453716405080314, 51.1472836669247 ], [ 71.453790204962758, 51.147179366891393 ] ] ], [ [ [ 71.4540564, 51.1471622 ], [ 71.4539801, 51.1472635 ], [ 71.454233805188537, 51.147327966677821 ], [ 71.454310105074839, 51.14722666664327 ], [ 71.4540564, 51.1471622 ] ] ], [ [ [ 71.4544499, 51.1472596 ], [ 71.4543851, 51.1473605 ], [ 71.454692305359615, 51.147429766457968 ], [ 71.454757105245193, 51.147328866428879 ], [ 71.4544499, 51.1472596 ] ] ], [ [ [ 71.453082, 51.1473855 ], [ 71.4530075, 51.1474856 ], [ 71.453198105322485, 51.147530867166999 ], [ 71.45327250520991, 51.147430667133328 ], [ 71.453082, 51.1473855 ] ] ], [ [ [ 71.45347, 51.1474486 ], [ 71.4533736, 51.1475923 ], [ 71.453581505492224, 51.147638166982752 ], [ 71.453677905329798, 51.147494566939372 ], [ 71.45347, 51.1474486 ] ] ], [ [ [ 71.4533883, 51.1477447 ], [ 71.4533186, 51.1478423 ], [ 71.453550005800651, 51.147897466993285 ], [ 71.453619805690721, 51.147799866961769 ], [ 71.4533883, 51.1477447 ] ] ], [ [ [ 71.4545254, 51.1478423 ], [ 71.45444, 51.1479601 ], [ 71.455074506243349, 51.148130966264077 ], [ 71.455160006110646, 51.148013066225438 ], [ 71.4545254, 51.1478423 ] ] ], [ [ [ 71.454023830656638, 51.148151734082148 ], [ 71.4537468, 51.1481234 ], [ 71.4532995, 51.1487562 ], [ 71.4537161, 51.1488738 ], [ 71.45399313515189, 51.148902134090534 ], [ 71.454111917436066, 51.148733715277395 ], [ 71.4541769, 51.1487744 ], [ 71.455806511628325, 51.149255214798671 ], [ 71.4557511, 51.1493478 ], [ 71.4560381, 51.14943 ], [ 71.456093507920414, 51.149435665756883 ], [ 71.456177413166444, 51.149320324812791 ], [ 71.456508278093054, 51.149354156800221 ], [ 71.456601876644797, 51.149225456377152 ], [ 71.456284448800417, 51.149131940675993 ], [ 71.456352507429031, 51.149004165641109 ], [ 71.4560411, 51.1489252 ], [ 71.455954865137983, 51.149034842489804 ], [ 71.45530783786937, 51.148844218755684 ], [ 71.455394407006722, 51.14873756610146 ], [ 71.455009406842095, 51.148634666286362 ], [ 71.454954, 51.148629 ], [ 71.454872711222691, 51.148743731615845 ], [ 71.454852254959917, 51.148741639601432 ], [ 71.454970368369729, 51.148574907940997 ], [ 71.4551223, 51.148615399999983 ], [ 71.455454741252154, 51.148649396842487 ], [ 71.455547640377759, 51.148519996590721 ], [ 71.454662238088574, 51.148280899142492 ], [ 71.454379176481339, 51.148251949899773 ], [ 71.454023830656638, 51.148151734082148 ] ], [ [ 71.454726552442636, 51.148728784214384 ], [ 71.454458570915591, 51.148707305461684 ], [ 71.454199789691103, 51.148604842089952 ], [ 71.454337706621061, 51.148402571987724 ], [ 71.4548574, 51.1485448 ], [ 71.454726552442636, 51.148728784214384 ] ] ], [ [ [ 71.4532082, 51.1489298 ], [ 71.4531282, 51.149043599999985 ], [ 71.453365907226811, 51.149099767060157 ], [ 71.453446007098478, 51.148985967024018 ], [ 71.4532082, 51.1489298 ] ] ], [ [ [ 71.453899207347064, 51.149152666805563 ], [ 71.453656, 51.1490881 ], [ 71.4533642, 51.1494542 ], [ 71.4535519, 51.1495131 ], [ 71.4536073077563, 51.149518766938115 ], [ 71.453899207347064, 51.149152666805563 ] ] ], [ [ [ 71.4542601, 51.1502153 ], [ 71.454481734779975, 51.150237966197828 ], [ 71.455469334607884, 51.150114964327095 ], [ 71.455550234097728, 51.150001764180963 ], [ 71.454342631941557, 51.149660166502315 ], [ 71.454121, 51.1496375 ], [ 71.4534539, 51.1496482 ], [ 71.4533761, 51.1497587 ], [ 71.4537902, 51.1500821 ], [ 71.4542601, 51.1502153 ] ] ], [ [ [ 71.4552151, 51.1505769 ], [ 71.4551627, 51.150653 ], [ 71.455290409330402, 51.150679066117497 ], [ 71.455343709243934, 51.150602466093453 ], [ 71.4552151, 51.1505769 ] ] ], [ [ [ 71.4535007, 51.1511665 ], [ 71.45333, 51.1513985 ], [ 71.45396351026281, 51.151571566733338 ], [ 71.454134210001925, 51.151339566656119 ], [ 71.4535007, 51.1511665 ] ] ], [ [ [ 71.454054947577816, 51.151953995088761 ], [ 71.4534579, 51.1517898 ], [ 71.4533373, 51.151952 ], [ 71.453720478691778, 51.152064166530096 ], [ 71.4525412, 51.1524526 ], [ 71.4523582, 51.152667 ], [ 71.4536126, 51.1530344 ], [ 71.4540459, 51.1531392 ], [ 71.454212136547113, 51.153156199842705 ], [ 71.454533135573058, 51.152857899399983 ], [ 71.455047832796055, 51.152042798707548 ], [ 71.454514732018225, 51.151874299477072 ], [ 71.4543485, 51.1518573 ], [ 71.454054947577816, 51.151953995088761 ] ] ], [ [ [ 71.4550525, 51.1519716 ], [ 71.4550084, 51.1520301 ], [ 71.455165710985113, 51.152065966152918 ], [ 71.455209810919541, 51.152007566132951 ], [ 71.4550525, 51.1519716 ] ] ], [ [ [ 71.4536016, 51.1543938 ], [ 71.45371061366356, 51.154421366804584 ], [ 71.453744113640766, 51.154399466789023 ], [ 71.453745513605554, 51.154370066788864 ], [ 71.4536364, 51.1543492 ], [ 71.4536016, 51.1543938 ] ] ], [ [ [ 71.4535166, 51.1558994 ], [ 71.4535198, 51.1559944 ], [ 71.453796877868001, 51.156022733944468 ], [ 71.454925478471736, 51.156023431259833 ], [ 71.454924477895588, 51.155927731270459 ], [ 71.4546474, 51.15589940000001 ], [ 71.4535166, 51.1558994 ] ] ], [ [ [ 71.455226415802187, 51.156065366055152 ], [ 71.4546378, 51.1560559 ], [ 71.4546333, 51.1563053 ], [ 71.45518131609704, 51.156314466072324 ], [ 71.455223216017401, 51.156244566053594 ], [ 71.455226415802187, 51.156065366055152 ] ] ], [ [ [ 71.4540973, 51.1562676 ], [ 71.4529613, 51.1562676 ], [ 71.4529583, 51.1563584 ], [ 71.453235379759093, 51.156386735248795 ], [ 71.45437288040371, 51.156393432542451 ], [ 71.454374379818049, 51.156295932547273 ], [ 71.4540973, 51.1562676 ] ] ], [ [ [ 71.4539462, 51.1564832 ], [ 71.4539382, 51.156558899999986 ], [ 71.454154516290856, 51.156566266556474 ], [ 71.454149216197195, 51.156488866560331 ], [ 71.4539462, 51.1564832 ] ] ], [ [ [ 71.45383531620439, 51.156522566709093 ], [ 71.453619, 51.1565203 ], [ 71.4536215, 51.1565673 ], [ 71.453837816261185, 51.156569566707091 ], [ 71.45383531620439, 51.156522566709093 ] ] ], [ [ [ 71.4549176, 51.1566916 ], [ 71.4545784, 51.1566889 ], [ 71.4545741, 51.1567973 ], [ 71.455081750054063, 51.156822298412209 ], [ 71.455083849644382, 51.156708598415101 ], [ 71.4549176, 51.1566916 ] ] ], [ [ [ 71.45582553252008, 51.156828649072672 ], [ 71.45607768408216, 51.156854428447517 ], [ 71.456928076332304, 51.156856412035609 ], [ 71.457024729164743, 51.156960111026905 ], [ 71.457018391729832, 51.157469822263536 ], [ 71.4567316, 51.1574566 ], [ 71.456702813822659, 51.158025707783217 ], [ 71.4564846, 51.1580034 ], [ 71.4554704, 51.1579914 ], [ 71.455467, 51.1581056 ], [ 71.455744091601659, 51.158133929130834 ], [ 71.456758192212448, 51.158145926717495 ], [ 71.456758830130909, 51.158125108292822 ], [ 71.456975192335491, 51.15814722620118 ], [ 71.457240692508364, 51.158152525569172 ], [ 71.457204832546367, 51.157496268438628 ], [ 71.457480088748866, 51.15750642505536 ], [ 71.457494585031881, 51.15688722507425 ], [ 71.457374286252318, 51.156874927592064 ], [ 71.457374516991166, 51.156864065019441 ], [ 71.457106387745299, 51.156772147171779 ], [ 71.457106583935015, 51.156739126009967 ], [ 71.4568295, 51.1567108 ], [ 71.4558473025659, 51.156708507571388 ], [ 71.455864003082411, 51.156616342696566 ], [ 71.456145949651528, 51.156616796903968 ], [ 71.456147449430063, 51.156555296905012 ], [ 71.45605694878985, 51.156385897042924 ], [ 71.45590851009915, 51.156370720891488 ], [ 71.45591398043311, 51.156262228887904 ], [ 71.455867580251493, 51.156236129000526 ], [ 71.4555446, 51.1562074 ], [ 71.4554097, 51.1562345 ], [ 71.4553921, 51.1568012 ], [ 71.45555496975642, 51.156817852112688 ], [ 71.4555522, 51.1568538 ], [ 71.455607616797963, 51.15685946586013 ], [ 71.455696116809904, 51.156861565817977 ], [ 71.455699963638438, 51.156830063120132 ], [ 71.45582553252008, 51.156828649072672 ] ] ], [ [ [ 71.453779900000015, 51.1569644 ], [ 71.453779900000015, 51.1570249 ], [ 71.45411961684573, 51.157030566565084 ], [ 71.454119616772942, 51.156970066566124 ], [ 71.453779900000015, 51.1569644 ] ] ], [ [ [ 71.455324, 51.1569815 ], [ 71.4553202, 51.1570253 ], [ 71.455453516991057, 51.157033565930448 ], [ 71.455457316938876, 51.156989865929376 ], [ 71.455324, 51.1569815 ] ] ], [ [ [ 71.4537746, 51.157072 ], [ 71.4537746, 51.1571292 ], [ 71.453915816949547, 51.157134866660257 ], [ 71.453915816880738, 51.157077666661245 ], [ 71.4537746, 51.157072 ] ] ], [ [ [ 71.4540358, 51.1575619 ], [ 71.4542016, 51.1577765 ], [ 71.454637917806934, 51.157783766305549 ], [ 71.454635817383704, 51.157432166312589 ], [ 71.45449081711638, 51.157222766385175 ], [ 71.4540425, 51.157215499999985 ], [ 71.4540358, 51.1575619 ] ] ], [ [ [ 71.45522671778312, 51.157711966026639 ], [ 71.455237217470952, 51.157451566026147 ], [ 71.4549841, 51.1574427 ], [ 71.4547509, 51.1575666 ], [ 71.4547455, 51.1576995 ], [ 71.45522671778312, 51.157711966026639 ] ] ], [ [ [ 71.4537557, 51.158893 ], [ 71.45434815748456, 51.158945799349553 ], [ 71.454999157612292, 51.158923698421539 ], [ 71.455020855802942, 51.158420498416554 ], [ 71.4548546, 51.1584035 ], [ 71.4537304, 51.1583892 ], [ 71.4537557, 51.158893 ] ] ], [ [ [ 71.4549185, 51.1591311 ], [ 71.453779900000015, 51.1594557 ], [ 71.4539073, 51.1596012 ], [ 71.453962719928654, 51.159606866595375 ], [ 71.455094619670518, 51.159292366062289 ], [ 71.45497391947049, 51.159136766122387 ], [ 71.4549185, 51.1591311 ] ] ], [ [ [ 71.454386520204238, 51.159798466390455 ], [ 71.4543311, 51.1597928 ], [ 71.4541702, 51.1598348 ], [ 71.4543352, 51.1600832 ], [ 71.454390620554094, 51.160088866383504 ], [ 71.454551520520525, 51.160046766307673 ], [ 71.454386520204238, 51.159798466390455 ] ] ], [ [ [ 71.4537417, 51.159952 ], [ 71.4536301, 51.1599827 ], [ 71.4536833, 51.1600588 ], [ 71.453738720455448, 51.160064466694067 ], [ 71.45385032043049, 51.160033866641513 ], [ 71.453797120333149, 51.15995766666812 ], [ 71.4537417, 51.159952 ] ] ], [ [ [ 71.4540353, 51.1598658 ], [ 71.4538543, 51.1599155 ], [ 71.4540157, 51.1601467 ], [ 71.454071120596538, 51.160152366534419 ], [ 71.454252120555964, 51.160102666449163 ], [ 71.454090720260638, 51.159871466529935 ], [ 71.4540353, 51.1598658 ] ] ], [ [ [ 71.454548720555835, 51.160076366308516 ], [ 71.4544933, 51.1600707 ], [ 71.4543213, 51.1601278 ], [ 71.4543852, 51.1602034 ], [ 71.454440620704034, 51.160209066357645 ], [ 71.454612620653592, 51.160151966276807 ], [ 71.454548720555835, 51.160076366308516 ] ] ], [ [ [ 71.456799021171037, 51.160388965232485 ], [ 71.456546193061783, 51.16007000201261 ], [ 71.456543564171781, 51.159633336397221 ], [ 71.456688340362561, 51.159581430624606 ], [ 71.456381639487404, 51.159244830928046 ], [ 71.4562708, 51.1592335 ], [ 71.455970400000012, 51.1593412 ], [ 71.456024905437559, 51.15940101956744 ], [ 71.4557968, 51.1593777 ], [ 71.454926, 51.1596542 ], [ 71.4548868, 51.1597316 ], [ 71.454935, 51.1598385 ], [ 71.4556707, 51.1607514 ], [ 71.4557267, 51.1607776 ], [ 71.456391759288366, 51.160845586767422 ], [ 71.456550558761577, 51.160795085871229 ], [ 71.456548680102273, 51.160483076677274 ], [ 71.456725021217949, 51.16043446526691 ], [ 71.456799021171037, 51.160388965232485 ] ] ], [ [ [ 71.4546068, 51.1601882 ], [ 71.45447630000001, 51.1602316 ], [ 71.4545363, 51.1603026 ], [ 71.454591720839446, 51.160308266284048 ], [ 71.454722220801074, 51.160264866222704 ], [ 71.454662220709281, 51.160193866252463 ], [ 71.4546068, 51.1601882 ] ] ], [ [ [ 71.4539533, 51.1602454 ], [ 71.4538268, 51.1602874 ], [ 71.4538879, 51.1603597 ], [ 71.453943320839258, 51.160365366591549 ], [ 71.454069820802161, 51.160323366532097 ], [ 71.454008720708671, 51.16025106656241 ], [ 71.4539533, 51.1602454 ] ] ], [ [ [ 71.4547392, 51.1603338 ], [ 71.4546047, 51.1603786 ], [ 71.4546653, 51.1604503 ], [ 71.454720721030881, 51.160455966220134 ], [ 71.454855320991399, 51.160411266156864 ], [ 71.454794620898554, 51.160339466186983 ], [ 71.4547392, 51.1603338 ] ] ], [ [ [ 71.4541235, 51.1603673 ], [ 71.4539415, 51.1604278 ], [ 71.453999700000011, 51.1604967 ], [ 71.454055121015983, 51.160502366536015 ], [ 71.454237220962526, 51.160441866450398 ], [ 71.454178920873431, 51.160372966479322 ], [ 71.4541235, 51.1603673 ] ] ], [ [ [ 71.45495992115616, 51.160538966104895 ], [ 71.454896121058667, 51.160463566136542 ], [ 71.4548407, 51.1604579 ], [ 71.4546457, 51.1605227 ], [ 71.4546806, 51.160564 ], [ 71.454817021198139, 51.160586466172056 ], [ 71.45495992115616, 51.160538966104895 ] ] ], [ [ [ 71.454242621003431, 51.160475366447258 ], [ 71.4541872, 51.1604697 ], [ 71.4540208, 51.160525 ], [ 71.4540926, 51.16061 ], [ 71.454148021162169, 51.160615666489853 ], [ 71.454314321113316, 51.160560366411687 ], [ 71.454242621003431, 51.160475366447258 ] ] ], [ [ [ 71.454879221270559, 51.160641166141531 ], [ 71.454851221228481, 51.160608666155419 ], [ 71.4547958, 51.160603 ], [ 71.4546511, 51.1606511 ], [ 71.4546844, 51.160687 ], [ 71.45473982131773, 51.160692666206963 ], [ 71.454879221270559, 51.160641166141531 ] ] ], [ [ [ 71.4543712, 51.160603499999986 ], [ 71.4541486, 51.160677499999984 ], [ 71.4542319, 51.1607761 ], [ 71.454287321376853, 51.160781766420719 ], [ 71.45450992131147, 51.160707766316094 ], [ 71.454426621183956, 51.160609166357403 ], [ 71.4543712, 51.160603499999986 ] ] ], [ [ [ 71.454075621381321, 51.160804166521054 ], [ 71.453996121252885, 51.160704466560603 ], [ 71.453726421120876, 51.160618566690388 ], [ 71.453671, 51.1606129 ], [ 71.4535995, 51.1606354 ], [ 71.4537876, 51.1608714 ], [ 71.4538430214443, 51.160877066630469 ], [ 71.454075621381321, 51.160804166521054 ] ] ], [ [ [ 71.454940921370252, 51.160718566110837 ], [ 71.454912921328187, 51.160686066124725 ], [ 71.4548575, 51.1606804 ], [ 71.4547128, 51.1607285 ], [ 71.4547462, 51.160764299999983 ], [ 71.454801621417303, 51.160769966176233 ], [ 71.454940921370252, 51.160718566110837 ] ] ], [ [ [ 71.454780821466599, 51.160812766185394 ], [ 71.454672521300935, 51.160684666239142 ], [ 71.4546171, 51.160679 ], [ 71.4542564, 51.1608261 ], [ 71.4543468, 51.160932900000013 ], [ 71.454402221577737, 51.16093856636337 ], [ 71.454780821466599, 51.160812766185394 ] ] ], [ [ [ 71.45572119703948, 51.161942056405408 ], [ 71.456389194650285, 51.161730352321165 ], [ 71.456214327471415, 51.161513319832302 ], [ 71.456904170624242, 51.161585383688987 ], [ 71.457883267395729, 51.16127537816309 ], [ 71.457800065793705, 51.161171778659529 ], [ 71.457135, 51.1611038 ], [ 71.456132, 51.1612871 ], [ 71.456052604070663, 51.161312598347344 ], [ 71.45602487085047, 51.161278177317783 ], [ 71.456148822119019, 51.161234165527276 ], [ 71.456004621911404, 51.16107436559863 ], [ 71.4559492, 51.16106869999998 ], [ 71.455876778124249, 51.161094371327643 ], [ 71.455697580266843, 51.16087195679102 ], [ 71.4549771, 51.1607983 ], [ 71.454324, 51.1610052 ], [ 71.4550007, 51.1618684 ], [ 71.45572119703948, 51.161942056405408 ] ] ], [ [ [ 71.4540294, 51.1613363 ], [ 71.4536248, 51.161475899999985 ], [ 71.4534967, 51.1616949 ], [ 71.4537021, 51.1619385 ], [ 71.453812945451318, 51.161949833279074 ], [ 71.454014145445456, 51.161929633088334 ], [ 71.454205645333346, 51.161866132908294 ], [ 71.454381644619858, 51.161554132751547 ], [ 71.454277044299204, 51.161430132855358 ], [ 71.454140244071567, 51.161347632988367 ], [ 71.4540294, 51.1613363 ] ] ], [ [ [ 71.4542215, 51.161905799999985 ], [ 71.4539962, 51.1619698 ], [ 71.4541447, 51.1621757 ], [ 71.454200123051791, 51.162181366438105 ], [ 71.454425422998824, 51.162117466332013 ], [ 71.454276922735161, 51.16191146640621 ], [ 71.4542215, 51.161905799999985 ] ] ], [ [ [ 71.454360824026296, 51.162976966347941 ], [ 71.4543054, 51.162971299999981 ], [ 71.45415736180982, 51.163023941196052 ], [ 71.454110467619827, 51.162976413390751 ], [ 71.454296223939295, 51.16291036637984 ], [ 71.454236123859602, 51.162849466409469 ], [ 71.4541807, 51.1628438 ], [ 71.4540072, 51.1629111 ], [ 71.454058846376725, 51.162963433861137 ], [ 71.4538583, 51.1629405 ], [ 71.4537555, 51.1629803 ], [ 71.4538831, 51.1631097 ], [ 71.453938524147972, 51.163115366546485 ], [ 71.454126352440483, 51.163042504231775 ], [ 71.4541903, 51.1631133 ], [ 71.454245724184943, 51.163118966400276 ], [ 71.454429924125705, 51.163053466313762 ], [ 71.454360824026296, 51.162976966347941 ] ] ], [ [ [ 71.4543737, 51.1631195 ], [ 71.4541648, 51.1631942 ], [ 71.4542429, 51.1632801 ], [ 71.454298324391274, 51.16328576637239 ], [ 71.454507324323714, 51.163211166274209 ], [ 71.454429124211927, 51.163125166312916 ], [ 71.4543737, 51.1631195 ] ] ], [ [ [ 71.454554024407983, 51.16327706625087 ], [ 71.4544986, 51.1632714 ], [ 71.4543504, 51.1633214 ], [ 71.4544216, 51.1634045 ], [ 71.454477024560006, 51.163410166285217 ], [ 71.45462532451559, 51.163360166215526 ], [ 71.454554024407983, 51.16327706625087 ] ] ], [ [ [ 71.4554566, 51.1638796 ], [ 71.455622875763396, 51.163896597274366 ], [ 71.455893575564815, 51.16381769689206 ], [ 71.456501273929064, 51.163310996050832 ], [ 71.456384373322095, 51.163153196225842 ], [ 71.455857471823009, 51.162784496996984 ], [ 71.4556912, 51.1627675 ], [ 71.4553786, 51.1628586 ], [ 71.4550616, 51.1633466 ], [ 71.4554566, 51.1638796 ] ] ], [ [ [ 71.4545986, 51.1634017 ], [ 71.4544571, 51.1634454 ], [ 71.4545099, 51.1635127 ], [ 71.454565324699601, 51.163518366241334 ], [ 71.454706824662154, 51.163474766174772 ], [ 71.454654024575419, 51.163407366201049 ], [ 71.4545986, 51.1634017 ] ] ], [ [ [ 71.454723724713418, 51.163515866166016 ], [ 71.4546683, 51.1635102 ], [ 71.4545312, 51.163556 ], [ 71.4545834, 51.1636174 ], [ 71.45463882483341, 51.163623066204558 ], [ 71.454775824792847, 51.163577266140166 ], [ 71.454723724713418, 51.163515866166016 ] ] ], [ [ [ 71.454925024998971, 51.163735366066454 ], [ 71.454873724919864, 51.163674166091916 ], [ 71.4548183, 51.163668499999986 ], [ 71.4545589, 51.1637364 ], [ 71.4546218, 51.1638114 ], [ 71.454677225070967, 51.163817066182965 ], [ 71.454925024998971, 51.163735366066454 ] ] ], [ [ [ 71.4540594, 51.163742 ], [ 71.45391, 51.163792 ], [ 71.4539616, 51.1638527 ], [ 71.454017025050504, 51.163858366496363 ], [ 71.454166425006093, 51.163808266426152 ], [ 71.454114824927686, 51.163747666451734 ], [ 71.4540594, 51.163742 ] ] ], [ [ [ 71.454921825051471, 51.16377926606723 ], [ 71.4548664, 51.1637736 ], [ 71.454708, 51.163825 ], [ 71.4547717, 51.1639023 ], [ 71.454827125196289, 51.163907966110067 ], [ 71.454985525151272, 51.163856566035591 ], [ 71.454921825051471, 51.16377926606723 ] ] ], [ [ [ 71.4541261, 51.1638511 ], [ 71.4539812, 51.1639004 ], [ 71.454043500000012, 51.1639724 ], [ 71.454098925203269, 51.163978066455343 ], [ 71.454243825159352, 51.163928766387244 ], [ 71.454181525066076, 51.163856766418135 ], [ 71.4541261, 51.1638511 ] ] ], [ [ [ 71.4544204, 51.1639173 ], [ 71.4542485, 51.1639716 ], [ 71.454317, 51.1640568 ], [ 71.454372425333915, 51.164062466323749 ], [ 71.454544225286938, 51.164008266242945 ], [ 71.454475825177013, 51.163922966276971 ], [ 71.4544204, 51.1639173 ] ] ], [ [ [ 71.456226525457524, 51.164001465442645 ], [ 71.456351125422501, 51.163961365384047 ], [ 71.456269225293326, 51.163861265424735 ], [ 71.4562138, 51.1638556 ], [ 71.456099962793161, 51.163908975117664 ], [ 71.4560464, 51.1639035 ], [ 71.4558723, 51.1639585 ], [ 71.455925400000012, 51.1640247 ], [ 71.455980825466199, 51.16403036555905 ], [ 71.456154539288704, 51.163975587238468 ], [ 71.4561711, 51.1639958 ], [ 71.456226525457524, 51.164001465442645 ] ] ], [ [ [ 71.4550057, 51.163942699999986 ], [ 71.4548225, 51.164011 ], [ 71.4548875, 51.1640795 ], [ 71.454942925421861, 51.164085166051919 ], [ 71.455126025359121, 51.164016865965969 ], [ 71.455061125269779, 51.163948365998031 ], [ 71.4550057, 51.163942699999986 ] ] ], [ [ [ 71.4557765, 51.1640206 ], [ 71.4556529, 51.1640579 ], [ 71.4557012, 51.1641208 ], [ 71.455756625558024, 51.164126465664069 ], [ 71.455880225526272, 51.164089165605894 ], [ 71.455831925445452, 51.164026265629964 ], [ 71.4557765, 51.1640206 ] ] ], [ [ [ 71.45433970000002, 51.1641389 ], [ 71.4541935, 51.1641788 ], [ 71.4542453, 51.1642534 ], [ 71.454300725562902, 51.164259066354482 ], [ 71.454446925530547, 51.164219266285613 ], [ 71.454395125435155, 51.164144566311549 ], [ 71.45433970000002, 51.1641389 ] ] ], [ [ [ 71.455849525570912, 51.164128965619817 ], [ 71.4557941, 51.1641233 ], [ 71.4556705, 51.164160599999988 ], [ 71.4557188, 51.1642235 ], [ 71.455774225683513, 51.164229165653914 ], [ 71.455897825651746, 51.164191865595768 ], [ 71.455849525570912, 51.164128965619817 ] ] ], [ [ [ 71.4551811, 51.1641836 ], [ 71.4550422, 51.164228 ], [ 71.4551103, 51.1643119 ], [ 71.455165725725251, 51.164317565941914 ], [ 71.455304725686574, 51.164273165876558 ], [ 71.455236525578371, 51.164189265910437 ], [ 71.4551811, 51.1641836 ] ] ], [ [ [ 71.4545718, 51.1643668 ], [ 71.4543602, 51.1644411 ], [ 71.4544645, 51.164558 ], [ 71.454519925952809, 51.164563666244938 ], [ 71.454731525885862, 51.164489366145553 ], [ 71.454678442440652, 51.16442987013567 ], [ 71.454731225820737, 51.164435266146619 ], [ 71.454885244043894, 51.1643811709937 ], [ 71.454943125788603, 51.164389866046569 ], [ 71.455092625747085, 51.164342165976258 ], [ 71.45502362563731, 51.164257066010556 ], [ 71.4549682, 51.1642514 ], [ 71.454831260522397, 51.164295092406263 ], [ 71.4547643, 51.1642765 ], [ 71.4545929, 51.1643367 ], [ 71.454624574304091, 51.164372195140963 ], [ 71.4545718, 51.1643668 ] ] ], [ [ [ 71.4546759, 51.1645879 ], [ 71.4545451, 51.1646296 ], [ 71.4545973, 51.164694 ], [ 71.454652726130604, 51.164699666179416 ], [ 71.454783526094189, 51.164657866117906 ], [ 71.454731326011256, 51.16459356614385 ], [ 71.4546759, 51.1645879 ] ] ], [ [ [ 71.4542281, 51.1650838 ], [ 71.4532175, 51.1653861 ], [ 71.4533351, 51.1655408 ], [ 71.453889370728518, 51.165597466462785 ], [ 71.454899968164128, 51.165295161706403 ], [ 71.45478236617717, 51.165140462292584 ], [ 71.4542281, 51.1650838 ] ] ], [ [ [ 71.45447750000001, 51.1661915 ], [ 71.4543269, 51.1662363 ], [ 71.4543649, 51.1662866 ], [ 71.454420328022792, 51.166292266262573 ], [ 71.454570927984747, 51.166247366191698 ], [ 71.454532927920297, 51.16619716621063 ], [ 71.45447750000001, 51.1661915 ] ] ], [ [ [ 71.4542555, 51.1664044 ], [ 71.4541484, 51.1664402 ], [ 71.4544451, 51.1667961 ], [ 71.454500528644587, 51.166801766215642 ], [ 71.454610528613784, 51.166766466163907 ], [ 71.45431092815295, 51.166410066312608 ], [ 71.4542555, 51.1664044 ] ] ], [ [ [ 71.4550934, 51.1671097 ], [ 71.455518097677967, 51.167153111428874 ], [ 71.4552791, 51.16725850000001 ], [ 71.455394, 51.1674143 ], [ 71.45544942948959, 51.167419965753496 ], [ 71.456102729373271, 51.167265665445292 ], [ 71.45595923799489, 51.167071157350392 ], [ 71.456060690401614, 51.167040155883193 ], [ 71.456191388875752, 51.166901855285118 ], [ 71.455737081357356, 51.166317357547406 ], [ 71.4549184, 51.166228 ], [ 71.4545232, 51.1663487 ], [ 71.4550934, 51.1671097 ] ] ], [ [ [ 71.454582800000011, 51.1668236 ], [ 71.4544911, 51.1668557 ], [ 71.4546159, 51.166996 ], [ 71.454671328903359, 51.167001666130922 ], [ 71.454763028874595, 51.166969666087866 ], [ 71.454638228692346, 51.166829266149655 ], [ 71.454582800000011, 51.1668236 ] ] ], [ [ [ 71.45482242894532, 51.167023166058669 ], [ 71.454767, 51.1670175 ], [ 71.4546669, 51.1670485 ], [ 71.4547567, 51.1671624 ], [ 71.454812129118636, 51.167168066061073 ], [ 71.454912129091952, 51.167137066014021 ], [ 71.45482242894532, 51.167023166058669 ] ] ], [ [ [ 71.4542682, 51.1672564 ], [ 71.4541335, 51.1673054 ], [ 71.4542232, 51.1674024 ], [ 71.454278629350839, 51.16740806631077 ], [ 71.454413329306291, 51.167359166247536 ], [ 71.454323629179868, 51.167262066291897 ], [ 71.4542682, 51.1672564 ] ] ], [ [ [ 71.454974929216959, 51.167235365982442 ], [ 71.4549195, 51.167229699999986 ], [ 71.4548122, 51.1672583 ], [ 71.4549333, 51.1674369 ], [ 71.454988729467829, 51.167442565972308 ], [ 71.455096029444817, 51.167413965921753 ], [ 71.454974929216959, 51.167235365982442 ] ] ], [ [ [ 71.4559515, 51.1673397 ], [ 71.4557893, 51.1673886 ], [ 71.4558308, 51.167442800000011 ], [ 71.455886229570325, 51.167448465545192 ], [ 71.456048429528693, 51.167399565468834 ], [ 71.456006929459051, 51.167345365489517 ], [ 71.4559515, 51.1673397 ] ] ], [ [ [ 71.454553029460769, 51.167475166179088 ], [ 71.454494129367347, 51.16740276620834 ], [ 71.4544387, 51.1673971 ], [ 71.4542515, 51.167457 ], [ 71.4543678, 51.1675998 ], [ 71.454423229603833, 51.16760546623857 ], [ 71.454548329568851, 51.167565366179751 ], [ 71.454553029460769, 51.167475166179088 ] ] ], [ [ [ 71.4557368, 51.1674825 ], [ 71.4554487, 51.1675041 ], [ 71.455375765185082, 51.167526085919611 ], [ 71.455312629500213, 51.167440865818236 ], [ 71.4552572, 51.1674352 ], [ 71.4551532, 51.1674688 ], [ 71.4552484, 51.1675946 ], [ 71.455290555156694, 51.167598908948001 ], [ 71.4551933, 51.1676954 ], [ 71.4553887, 51.167950599999983 ], [ 71.455444130134623, 51.167956265746781 ], [ 71.455599930094721, 51.167909365673459 ], [ 71.456181729862934, 51.167665465400844 ], [ 71.456054029648698, 51.167498765464451 ], [ 71.4557368, 51.1674825 ] ] ], [ [ [ 71.4548473, 51.1676485 ], [ 71.454974629745962, 51.16767486597503 ], [ 71.455224829676155, 51.167594765857359 ], [ 71.455116929505166, 51.167462265910991 ], [ 71.4550615, 51.1674566 ], [ 71.4548462, 51.1675256 ], [ 71.454796, 51.1675855 ], [ 71.4548473, 51.1676485 ] ] ], [ [ [ 71.4545163, 51.1676001 ], [ 71.4543722, 51.1676462 ], [ 71.454522, 51.1678302 ], [ 71.454577429897569, 51.167835866161248 ], [ 71.45472152985738, 51.167789766093485 ], [ 71.454571729619957, 51.167605766167931 ], [ 71.4545163, 51.1676001 ] ] ], [ [ [ 71.454385229962966, 51.167907166251474 ], [ 71.454276229761533, 51.167749466306063 ], [ 71.4542208, 51.1677438 ], [ 71.4541022, 51.167776 ], [ 71.4541183, 51.1678496 ], [ 71.4541819, 51.1679417 ], [ 71.454237329995635, 51.167947366321165 ], [ 71.454385229962966, 51.167907166251474 ] ] ], [ [ [ 71.4546892, 51.167822 ], [ 71.4545574, 51.1678642 ], [ 71.4547107, 51.1680524 ], [ 71.454766130185106, 51.168058066067644 ], [ 71.454897830148425, 51.16801596600569 ], [ 71.454744629905477, 51.167827666081827 ], [ 71.4546892, 51.167822 ] ] ], [ [ [ 71.454446200000021, 51.1679396 ], [ 71.4543332, 51.1679772 ], [ 71.4544489, 51.1681139 ], [ 71.454504330231316, 51.168119566191159 ], [ 71.454617330198076, 51.16808196613804 ], [ 71.454501630021213, 51.167945266195431 ], [ 71.454446200000021, 51.1679396 ] ] ], [ [ [ 71.454902930257433, 51.168106066001712 ], [ 71.4547833, 51.1680997 ], [ 71.4547809, 51.168179 ], [ 71.454900530352759, 51.168185466001496 ], [ 71.454902930257433, 51.168106066001712 ] ] ], [ [ [ 71.4553146, 51.168423 ], [ 71.45537003069542, 51.168428665773902 ], [ 71.455511730660518, 51.168387165707202 ], [ 71.455565830599568, 51.168331765682417 ], [ 71.455533130518944, 51.168267665699084 ], [ 71.4554111, 51.1682575 ], [ 71.455359737280915, 51.16827256125319 ], [ 71.45530553039363, 51.168183665808812 ], [ 71.455249361786386, 51.168178156905775 ], [ 71.455251430298077, 51.168109065835843 ], [ 71.455184330251356, 51.168076165868356 ], [ 71.4549312, 51.168068199999986 ], [ 71.4549293, 51.1681327 ], [ 71.4550307, 51.1682031 ], [ 71.455104350377908, 51.168208978669824 ], [ 71.4549222, 51.1682555 ], [ 71.4551284, 51.1683935 ], [ 71.455183830640124, 51.168399165863022 ], [ 71.455282758347309, 51.168364082737234 ], [ 71.4553146, 51.168423 ] ] ], [ [ [ 71.456437430351883, 51.168049065272569 ], [ 71.456377030255183, 51.167974065302587 ], [ 71.4563216, 51.1679684 ], [ 71.4555975, 51.1680324 ], [ 71.4554899, 51.1680665 ], [ 71.4556567, 51.1682734 ], [ 71.455712130551689, 51.16827906561371 ], [ 71.456437430351883, 51.168049065272569 ] ] ], [ [ [ 71.45432493033249, 51.168219466274799 ], [ 71.4542695, 51.1682138 ], [ 71.4540414, 51.1682927 ], [ 71.4540877, 51.1683453 ], [ 71.454143130471479, 51.168350966359029 ], [ 71.454371230400866, 51.16827216625186 ], [ 71.45432493033249, 51.168219466274799 ] ] ], [ [ [ 71.454987130841673, 51.168583965953431 ], [ 71.45500173076654, 51.168520265947571 ], [ 71.454892430597837, 51.16838976600183 ], [ 71.4548463277834, 51.168385053468796 ], [ 71.454882530575603, 51.168372166006833 ], [ 71.454767530410479, 51.168245166063762 ], [ 71.4547121, 51.1682395 ], [ 71.4544118, 51.1683464 ], [ 71.4545268, 51.1684734 ], [ 71.454556414711632, 51.168476427232399 ], [ 71.4544947, 51.1684735 ], [ 71.4540262, 51.1686277 ], [ 71.4541507, 51.1687764 ], [ 71.45420613099715, 51.16878206632164 ], [ 71.454674630861305, 51.168627866101374 ], [ 71.45486513087711, 51.168624166010794 ], [ 71.454987130841673, 51.168583965953431 ] ] ], [ [ [ 71.4543683, 51.1683929 ], [ 71.4542065, 51.1684406 ], [ 71.4542503, 51.168499 ], [ 71.454305730673781, 51.16850466627902 ], [ 71.454467530633565, 51.168456966202847 ], [ 71.454423730558602, 51.168398566224695 ], [ 71.4543683, 51.1683929 ] ] ], [ [ [ 71.455408, 51.1689521 ], [ 71.455629725445476, 51.168974762722584 ], [ 71.456129724968449, 51.168831561780813 ], [ 71.456050224409296, 51.168722461939645 ], [ 71.4558285, 51.1686998 ], [ 71.4554412, 51.1687313 ], [ 71.4552937, 51.1687736 ], [ 71.455408, 51.1689521 ] ] ], [ [ [ 71.4553728, 51.1691473 ], [ 71.4547348, 51.1693409 ], [ 71.4548362, 51.1694723 ], [ 71.454891631907799, 51.169477965983482 ], [ 71.455529731742544, 51.169284365683197 ], [ 71.455428231573563, 51.169152965733744 ], [ 71.4553728, 51.1691473 ] ] ], [ [ [ 71.4561616, 51.1692853 ], [ 71.4557911, 51.1693949 ], [ 71.4558845, 51.1695189 ], [ 71.455939932075296, 51.169524565483876 ], [ 71.456310331982607, 51.169414865309498 ], [ 71.456217031823527, 51.169290965356041 ], [ 71.4561616, 51.1692853 ] ] ], [ [ [ 71.455199531989635, 51.16951876583628 ], [ 71.4551441, 51.1695131 ], [ 71.4549156, 51.1695849 ], [ 71.4552143, 51.1699585 ], [ 71.45526973253331, 51.169964165795193 ], [ 71.455498532470955, 51.169892165687585 ], [ 71.455199531989635, 51.16951876583628 ] ] ], [ [ [ 71.4542155, 51.1697274 ], [ 71.4540397, 51.169785699999984 ], [ 71.454275800000019, 51.1700656 ], [ 71.454442097725646, 51.170082598640342 ], [ 71.454617997571177, 51.170024298392249 ], [ 71.45438179648491, 51.169744398743866 ], [ 71.4542155, 51.1697274 ] ] ], [ [ [ 71.4544716, 51.1701607 ], [ 71.4538752, 51.1703558 ], [ 71.4539658, 51.1704629 ], [ 71.454132099061752, 51.170479899062329 ], [ 71.454727398545501, 51.170284398222634 ], [ 71.454637898131566, 51.170177698355907 ], [ 71.4544716, 51.1701607 ] ] ], [ [ [ 71.4561702, 51.1703214 ], [ 71.456007385035534, 51.170378992799137 ], [ 71.455968833055479, 51.170336165456135 ], [ 71.4559134, 51.1703305 ], [ 71.4557714, 51.170380699999988 ], [ 71.455876, 51.170497 ], [ 71.455931433251962, 51.170502665471055 ], [ 71.456073433206512, 51.170452365404373 ], [ 71.456207433207027, 51.170440965340795 ], [ 71.456299033177743, 51.17040856529777 ], [ 71.456225633071824, 51.170327065334085 ], [ 71.4561702, 51.1703214 ] ] ], [ [ [ 71.454778, 51.1704147 ], [ 71.4546074, 51.170468 ], [ 71.4549063, 51.1708477 ], [ 71.455072600751578, 51.170864697699898 ], [ 71.455240700620593, 51.170813597462569 ], [ 71.454944299146689, 51.170431697905407 ], [ 71.454778, 51.1704147 ] ] ], [ [ [ 71.455705233265732, 51.17053406557816 ], [ 71.4556498, 51.1705284 ], [ 71.4554935, 51.1705815 ], [ 71.4557934, 51.1709251 ], [ 71.455848833758623, 51.170930765502987 ], [ 71.456003533711495, 51.1708779654303 ], [ 71.455705233265732, 51.17053406557816 ] ] ], [ [ [ 71.4566294, 51.1707891 ], [ 71.4560143, 51.1710029 ], [ 71.4560886, 51.171087 ], [ 71.456144033984913, 51.17109266535973 ], [ 71.456759133792886, 51.17087886507074 ], [ 71.456684833683724, 51.170794765107537 ], [ 71.4566294, 51.1707891 ] ] ], [ [ [ 71.45545833407688, 51.17122956568366 ], [ 71.455371833880335, 51.171073965727501 ], [ 71.455243833729341, 51.170959865790373 ], [ 71.4551884, 51.1709542 ], [ 71.4549911, 51.17101610000001 ], [ 71.455201, 51.1712862 ], [ 71.455256434130419, 51.171291865778642 ], [ 71.45545833407688, 51.17122956568366 ] ] ], [ [ [ 71.4546286, 51.171074099999984 ], [ 71.4544183, 51.1711311 ], [ 71.4545062, 51.1712586 ], [ 71.454561634023335, 51.171264266109752 ], [ 71.454771933977057, 51.171207266010661 ], [ 71.454684033814232, 51.171079766054689 ], [ 71.4546286, 51.171074099999984 ] ] ], [ [ [ 71.4550055, 51.1712871 ], [ 71.4544628, 51.1714469 ], [ 71.4545449, 51.1715569 ], [ 71.454600334386612, 51.171562566086202 ], [ 71.455143734251138, 51.171402065830399 ], [ 71.455060934110733, 51.171292765871669 ], [ 71.4550055, 51.1712871 ] ] ], [ [ [ 71.454445727498467, 51.172662695437445 ], [ 71.455237598125194, 51.172420203199245 ], [ 71.4551929, 51.172466300000011 ], [ 71.4551941, 51.1725338 ], [ 71.4552235, 51.1725704 ], [ 71.4553025, 51.1726026 ], [ 71.455434535737766, 51.172611065671191 ], [ 71.455489735722551, 51.172593565645236 ], [ 71.455524735681507, 51.172556365629227 ], [ 71.455521135603561, 51.172491965632048 ], [ 71.455488435550961, 51.172451165648312 ], [ 71.455416735505054, 51.172419365682977 ], [ 71.455284963294133, 51.172405698452607 ], [ 71.455413324451527, 51.172366389973512 ], [ 71.455295722121136, 51.172215490676194 ], [ 71.455094, 51.1721814 ], [ 71.455061781309624, 51.172191580631498 ], [ 71.4546305, 51.1721475 ], [ 71.4536629, 51.1724438 ], [ 71.4537805, 51.1725947 ], [ 71.454445727498467, 51.172662695437445 ] ] ], [ [ [ 71.456191435505502, 51.1723513653155 ], [ 71.455983535163128, 51.172085365419029 ], [ 71.4559281, 51.1720797 ], [ 71.4553832, 51.1722471 ], [ 71.4555968, 51.1725203 ], [ 71.455652235658434, 51.172525965569072 ], [ 71.456191435505502, 51.1723513653155 ] ] ], [ [ [ 71.456577135592255, 51.172389365131309 ], [ 71.4564585, 51.172359 ], [ 71.4563774, 51.1723626 ], [ 71.4563079, 51.17238660000001 ], [ 71.4562515, 51.1724304 ], [ 71.4562614, 51.1724856 ], [ 71.4562928, 51.1725214 ], [ 71.456406635767522, 51.172549965209676 ], [ 71.456564335749491, 51.172521065135143 ], [ 71.456612335703042, 51.172478265113035 ], [ 71.456607235636767, 51.172423665116412 ], [ 71.456577135592255, 51.172389365131309 ] ] ], [ [ [ 71.45658513589342, 51.17263876512321 ], [ 71.456555035848922, 51.172604465138122 ], [ 71.456491935812465, 51.172579765168585 ], [ 71.4563553, 51.1725777 ], [ 71.4562858, 51.172601699999987 ], [ 71.4562295, 51.172645499999987 ], [ 71.4562393, 51.1727007 ], [ 71.4562707, 51.172736499999985 ], [ 71.4563292, 51.1727594 ], [ 71.456487736022979, 51.172754965167577 ], [ 71.456542236006129, 51.172736165141934 ], [ 71.456590335959717, 51.172693365119798 ], [ 71.45658513589342, 51.17263876512321 ] ] ], [ [ [ 71.455867435794488, 51.172619965465053 ], [ 71.4557489, 51.172589600000016 ], [ 71.4556677, 51.1725932 ], [ 71.45559830000002, 51.1726172 ], [ 71.4555419, 51.172661 ], [ 71.4555518, 51.1727161 ], [ 71.4555832, 51.172752 ], [ 71.455697035969663, 51.172780465543369 ], [ 71.455854735951718, 51.17275166546883 ], [ 71.455902735905298, 51.172708865446729 ], [ 71.455897535839, 51.172654265450149 ], [ 71.455867435794488, 51.172619965465053 ] ] ], [ [ [ 71.4549513, 51.1725536 ], [ 71.4539465, 51.1728976 ], [ 71.4540459, 51.1730117 ], [ 71.454101336085273, 51.173017366298602 ], [ 71.455106135777982, 51.172673465826385 ], [ 71.455006735629922, 51.172559265875655 ], [ 71.4549513, 51.1725536 ] ] ], [ [ [ 71.455400435895598, 51.172745165685114 ], [ 71.455345, 51.1727395 ], [ 71.4552498, 51.1727706 ], [ 71.4552873, 51.1728093 ], [ 71.455342735973517, 51.172814965711368 ], [ 71.45544063595058, 51.172787265665264 ], [ 71.455400435895598, 51.172745165685114 ] ] ], [ [ [ 71.456166435956945, 51.172728465320908 ], [ 71.4560478, 51.1726982 ], [ 71.4559667, 51.1727019 ], [ 71.4558972, 51.1727258 ], [ 71.4558408, 51.1727696 ], [ 71.4558507, 51.1728248 ], [ 71.4558821, 51.1728606 ], [ 71.455995936132183, 51.172889065399282 ], [ 71.456153636114266, 51.172860265324722 ], [ 71.45620173606784, 51.172817465302579 ], [ 71.456196536001542, 51.172762865305977 ], [ 71.456166435956945, 51.172728465320908 ] ] ], [ [ [ 71.455190800000011, 51.1728813 ], [ 71.4544149, 51.1731371 ], [ 71.4545578, 51.1733075 ], [ 71.454613236495888, 51.173313166049937 ], [ 71.455389136270341, 51.173057365685125 ], [ 71.455246236049973, 51.172886965756057 ], [ 71.455190800000011, 51.1728813 ] ] ], [ [ [ 71.4549845, 51.1737906 ], [ 71.455187137176551, 51.173827765767982 ], [ 71.455410737114107, 51.173756165662809 ], [ 71.455008636489026, 51.173272565862483 ], [ 71.4549532, 51.1732669 ], [ 71.454756, 51.17333 ], [ 71.4547044, 51.1734469 ], [ 71.4549845, 51.1737906 ] ] ], [ [ [ 71.4556948, 51.1733621 ], [ 71.4555097, 51.1734161 ], [ 71.4557203, 51.1736999 ], [ 71.455775737091983, 51.173705565490003 ], [ 71.455960737046624, 51.173651565402885 ], [ 71.455750236682505, 51.17336776550794 ], [ 71.4556948, 51.1733621 ] ] ], [ [ [ 71.456379, 51.1736964 ], [ 71.4562556, 51.1737418 ], [ 71.4563066, 51.173804 ], [ 71.456362037279661, 51.173809665209205 ], [ 71.456489437238531, 51.173764265149359 ], [ 71.456434437157782, 51.17370206517662 ], [ 71.456379, 51.1736964 ] ] ], [ [ [ 71.456196672336532, 51.174583458320747 ], [ 71.455968037804467, 51.174280265388582 ], [ 71.4559126, 51.1742746 ], [ 71.4549918, 51.1745476 ], [ 71.4547966, 51.1746755 ], [ 71.4549886, 51.1749301 ], [ 71.455044038495643, 51.174935765816983 ], [ 71.456178770747997, 51.174599417886085 ], [ 71.4562839, 51.1747373 ], [ 71.456321284333427, 51.17474112027687 ], [ 71.4564301, 51.17487770000001 ], [ 71.456485538585781, 51.174883365131954 ], [ 71.456667438536471, 51.174826365046364 ], [ 71.456555638355738, 51.174686165101988 ], [ 71.456498536771107, 51.174681021476303 ], [ 71.456415572668845, 51.174572210272444 ], [ 71.4564968, 51.174631699999978 ], [ 71.456552238296609, 51.174637365104424 ], [ 71.456716038254413, 51.174587865027355 ], [ 71.456085637200545, 51.173768365341438 ], [ 71.4560302, 51.173762699999983 ], [ 71.4557914, 51.1738349 ], [ 71.4562853, 51.1744768 ], [ 71.456377318048737, 51.174544193065614 ], [ 71.4563402, 51.1745404 ], [ 71.456196672336532, 51.174583458320747 ] ] ], [ [ [ 71.4547235, 51.1742615 ], [ 71.4544873, 51.17433470000001 ], [ 71.4545813, 51.174454 ], [ 71.454636737878985, 51.174459666019004 ], [ 71.45487293781585, 51.174386365907864 ], [ 71.454778937662297, 51.174267165954653 ], [ 71.4547235, 51.1742615 ] ] ], [ [ [ 71.4547065, 51.1745964 ], [ 71.454761938063797, 51.174602065956982 ], [ 71.455110037949538, 51.174476465793489 ], [ 71.455020337822347, 51.174378765837865 ], [ 71.4549649, 51.1743731 ], [ 71.4546168, 51.1744987 ], [ 71.4547065, 51.1745964 ] ] ], [ [ [ 71.4562589, 51.174781 ], [ 71.4551078, 51.1751134 ], [ 71.4552938, 51.1753666 ], [ 71.45534923905376, 51.175372265664244 ], [ 71.456500438775834, 51.175039865122152 ], [ 71.456314338451122, 51.174786665215073 ], [ 71.4562589, 51.174781 ] ] ], [ [ [ 71.456972104105347, 51.175470934215376 ], [ 71.4570867, 51.1756146 ], [ 71.457142139543024, 51.175620264806795 ], [ 71.457317439495512, 51.175565364724328 ], [ 71.457002038985806, 51.175169964881221 ], [ 71.4569466, 51.1751643 ], [ 71.4567714, 51.1752192 ], [ 71.4560889, 51.1753746 ], [ 71.4556364, 51.175516399999985 ], [ 71.455668861135635, 51.175557096858583 ], [ 71.4556366, 51.1755538 ], [ 71.4554573, 51.1756057 ], [ 71.4555777, 51.175769 ], [ 71.455633139568576, 51.175774665522219 ], [ 71.455812339524982, 51.175722665437831 ], [ 71.455773682352046, 51.175670223043049 ], [ 71.455813239466806, 51.175674265438239 ], [ 71.456813139388203, 51.175520764965064 ], [ 71.456972104105347, 51.175470934215376 ] ] ], [ [ [ 71.4560227, 51.175788 ], [ 71.4558413, 51.175844 ], [ 71.455862193911841, 51.175870580423293 ], [ 71.4558252, 51.1758668 ], [ 71.455675, 51.1759109 ], [ 71.4557558, 51.176019 ], [ 71.45581123988859, 51.176024665433161 ], [ 71.455951047848643, 51.175983616557524 ], [ 71.4559688, 51.1760062 ], [ 71.456024239895797, 51.176011865332029 ], [ 71.456205639847511, 51.175955765246663 ], [ 71.456078139638748, 51.175793665310124 ], [ 71.4560227, 51.175788 ] ] ], [ [ [ 71.456539740547612, 51.176507565078168 ], [ 71.456769340486133, 51.176436264970121 ], [ 71.456410139900214, 51.175981465148908 ], [ 71.4563547, 51.1759758 ], [ 71.4559976, 51.176086599999984 ], [ 71.4562824, 51.1764473 ], [ 71.456539740547612, 51.176507565078168 ] ] ], [ [ [ 71.457820702057646, 51.144407065021959 ], [ 71.4568489, 51.1441388 ], [ 71.4562531, 51.1449571 ], [ 71.457082702914121, 51.145184665359601 ], [ 71.457728602199936, 51.14453356506359 ], [ 71.457820702057646, 51.144407065021959 ] ] ], [ [ [ 71.4561615, 51.1440046 ], [ 71.4547351, 51.145998 ], [ 71.4548952, 51.146041 ], [ 71.454950603724114, 51.14604666635892 ], [ 71.456387601486568, 51.144058565709656 ], [ 71.4561615, 51.1440046 ] ] ], [ [ [ 71.456580601578096, 51.144117665616818 ], [ 71.456452, 51.1440929 ], [ 71.4549757, 51.1460773 ], [ 71.45508420379926, 51.146097366294512 ], [ 71.456580601578096, 51.144117665616818 ] ] ], [ [ [ 71.457388832004, 51.145443253285556 ], [ 71.456622228655931, 51.145232456968394 ], [ 71.4560682, 51.1451758 ], [ 71.4554726, 51.1460287 ], [ 71.45622280000002, 51.1462349 ], [ 71.456436881702032, 51.146256792231547 ], [ 71.4563921, 51.1463171 ], [ 71.457213704565433, 51.146546565273809 ], [ 71.457928603483367, 51.145583464950349 ], [ 71.457665, 51.1455169 ], [ 71.457109284357443, 51.145833260465558 ], [ 71.457388832004, 51.145443253285556 ] ] ], [ [ [ 71.455958704194131, 51.146348565874206 ], [ 71.455178203843744, 51.146126066249295 ], [ 71.4551228, 51.1461204 ], [ 71.4550757, 51.1461867 ], [ 71.4551014, 51.1462269 ], [ 71.455177, 51.146248 ], [ 71.455940904222061, 51.146373365882241 ], [ 71.455958704194131, 51.146348565874206 ] ] ], [ [ [ 71.4557106, 51.1465938 ], [ 71.455876813464087, 51.146610797805238 ], [ 71.455936913174483, 51.146525197723911 ], [ 71.455128012110649, 51.146301698889772 ], [ 71.4549618, 51.1462847 ], [ 71.4548697, 51.1464159 ], [ 71.4550269, 51.1464594 ], [ 71.4557106, 51.1465938 ] ] ], [ [ [ 71.4571925, 51.1467943 ], [ 71.4571488, 51.1468698 ], [ 71.45726320498224, 51.146888865244364 ], [ 71.457306904896228, 51.146813465224866 ], [ 71.4571925, 51.1467943 ] ] ], [ [ [ 71.4554839, 51.14681 ], [ 71.4553276, 51.1470331 ], [ 71.4554833, 51.147076 ], [ 71.455649515130986, 51.147092998104689 ], [ 71.455805814376404, 51.146869997893162 ], [ 71.455650114171704, 51.146826998117589 ], [ 71.4554839, 51.14681 ] ] ], [ [ [ 71.4569024, 51.146841 ], [ 71.4568277, 51.1469448 ], [ 71.457078105103136, 51.147005765330405 ], [ 71.457152904986174, 51.146901865296599 ], [ 71.4569024, 51.146841 ] ] ], [ [ [ 71.456138016945502, 51.147552897383804 ], [ 71.456402123631875, 51.147172919523491 ], [ 71.456622515846689, 51.147205496710349 ], [ 71.456908314528079, 51.146814696322728 ], [ 71.456725414279731, 51.146761996586449 ], [ 71.4565592, 51.146745 ], [ 71.456290429939159, 51.147112607676632 ], [ 71.4560726, 51.1470815 ], [ 71.4557911, 51.1474865 ], [ 71.4559718, 51.1475359 ], [ 71.456138016945502, 51.147552897383804 ] ] ], [ [ [ 71.457058105212369, 51.147098365338316 ], [ 71.456764, 51.147025 ], [ 71.4566962, 51.1471191 ], [ 71.456990305318286, 51.147192465368938 ], [ 71.457058105212369, 51.147098365338316 ] ] ], [ [ [ 71.4552339, 51.1470319 ], [ 71.4550454, 51.1472877 ], [ 71.4552147, 51.1473335 ], [ 71.455325510636797, 51.147344832342895 ], [ 71.455515810064966, 51.14709023217064 ], [ 71.455344709915593, 51.147043232335037 ], [ 71.4552339, 51.1470319 ] ] ], [ [ [ 71.4555791, 51.1471517 ], [ 71.45554, 51.1472137 ], [ 71.455745505263209, 51.147256565959971 ], [ 71.455784605192932, 51.147194665942422 ], [ 71.4555791, 51.1471517 ] ] ], [ [ [ 71.456946305350073, 51.147222765389337 ], [ 71.4567029, 51.1471604 ], [ 71.4566125, 51.1472782 ], [ 71.45685580548222, 51.14734066543037 ], [ 71.456946305350073, 51.147222765389337 ] ] ], [ [ [ 71.4565932, 51.1472927 ], [ 71.4565244, 51.1473933 ], [ 71.456769305604453, 51.14744996546964 ], [ 71.456838105490803, 51.147349365438636 ], [ 71.4565932, 51.1472927 ] ] ], [ [ [ 71.457586605616925, 51.147388165081914 ], [ 71.4573571, 51.1473369 ], [ 71.4572826, 51.1474489 ], [ 71.457512005743666, 51.147500165115488 ], [ 71.457586605616925, 51.147388165081914 ] ] ], [ [ [ 71.4565074, 51.1474444 ], [ 71.4564029, 51.147594 ], [ 71.456686705851197, 51.147662465505256 ], [ 71.456791305682543, 51.147512965458077 ], [ 71.4565074, 51.1474444 ] ] ], [ [ [ 71.4551176, 51.1474314 ], [ 71.4550492, 51.1475288 ], [ 71.4557788, 51.1477303 ], [ 71.455945017585265, 51.147747297649168 ], [ 71.456013417255704, 51.147649897556605 ], [ 71.455283816296458, 51.147448398608184 ], [ 71.4551176, 51.1474314 ] ] ], [ [ [ 71.457189, 51.1474709 ], [ 71.4570999, 51.1475995 ], [ 71.457458705963688, 51.147687865137584 ], [ 71.457547805818535, 51.147559265097435 ], [ 71.457189, 51.1474709 ] ] ], [ [ [ 71.456388, 51.1476171 ], [ 71.4562747, 51.1477694 ], [ 71.456470506013048, 51.147816165605455 ], [ 71.456583905842095, 51.147663965554131 ], [ 71.456388, 51.1476171 ] ] ], [ [ [ 71.4550478, 51.1476217 ], [ 71.4549969, 51.147689699999987 ], [ 71.4556903, 51.147894 ], [ 71.455745706036495, 51.147899665948792 ], [ 71.455796605960145, 51.14783166592575 ], [ 71.455103205640853, 51.147627366259101 ], [ 71.4550478, 51.1476217 ] ] ], [ [ [ 71.4570958, 51.14765 ], [ 71.4570134, 51.1477665 ], [ 71.457265106110285, 51.147826865227287 ], [ 71.457347605978953, 51.147710365190044 ], [ 71.4570958, 51.14765 ] ] ], [ [ [ 71.456442806074676, 51.1478698656177 ], [ 71.4562186, 51.1478198 ], [ 71.4561372, 51.1479414 ], [ 71.456361406212253, 51.147991465654322 ], [ 71.456442806074676, 51.1478698656177 ] ] ], [ [ [ 71.4569486, 51.1478042 ], [ 71.4568697, 51.1479222 ], [ 71.457135506284573, 51.147983265286236 ], [ 71.457214506151061, 51.147865265250701 ], [ 71.4569486, 51.1478042 ] ] ], [ [ [ 71.4549751, 51.1478003 ], [ 71.4549398, 51.1478477 ], [ 71.455759206250875, 51.148076765939336 ], [ 71.455794406197612, 51.148029365923406 ], [ 71.4549751, 51.1478003 ] ] ], [ [ [ 71.45709000634659, 51.148038865306923 ], [ 71.456811, 51.1479661 ], [ 71.4567053, 51.1481046 ], [ 71.456984306501909, 51.148177365354819 ], [ 71.45709000634659, 51.148038865306923 ] ] ], [ [ [ 71.4552802, 51.1480784 ], [ 71.4552161, 51.1481659 ], [ 71.455367206356428, 51.148199166123668 ], [ 71.455431306257907, 51.148111566094684 ], [ 71.4552802, 51.1480784 ] ] ], [ [ [ 71.4557615, 51.1481837 ], [ 71.455726100000021, 51.148231 ], [ 71.455890206495539, 51.148268665873694 ], [ 71.455925606442548, 51.148221465857674 ], [ 71.4557615, 51.1481837 ] ] ], [ [ [ 71.4576821, 51.148672299999987 ], [ 71.457848321589552, 51.148689294884306 ], [ 71.457987420895776, 51.148484694696378 ], [ 71.457813920673146, 51.148438294946381 ], [ 71.457656793492689, 51.148422229754942 ], [ 71.45772510677439, 51.148338564999634 ], [ 71.4573764, 51.1482494 ], [ 71.4573079, 51.1483505 ], [ 71.45763776450174, 51.148435924545602 ], [ 71.4575087, 51.1486259 ], [ 71.4576821, 51.148672299999987 ] ] ], [ [ [ 71.4555808, 51.1484174 ], [ 71.4555396, 51.1484783 ], [ 71.455715606774589, 51.148516165952479 ], [ 71.455757506705822, 51.148455265933599 ], [ 71.4555808, 51.1484174 ] ] ], [ [ [ 71.457355706770414, 51.148367865174855 ], [ 71.4572189, 51.1483411 ], [ 71.4570911, 51.1485296 ], [ 71.457424107068064, 51.148609365138157 ], [ 71.457459007002882, 51.148552065122537 ], [ 71.457355706770414, 51.148367865174855 ] ] ], [ [ [ 71.4563818, 51.14838850000001 ], [ 71.4562111, 51.1486277 ], [ 71.456448507054802, 51.148684465600944 ], [ 71.456619206785291, 51.148445265523883 ], [ 71.4563818, 51.14838850000001 ] ] ], [ [ [ 71.456915451503889, 51.149941292539815 ], [ 71.456700850888097, 51.149874893159193 ], [ 71.4563684, 51.1498409 ], [ 71.4562383, 51.150043599999989 ], [ 71.4564448, 51.1500966 ], [ 71.456777252781734, 51.150130592914678 ], [ 71.456901652267149, 51.150048292568137 ], [ 71.456915451503889, 51.149941292539815 ] ] ], [ [ [ 71.4559426, 51.1502794 ], [ 71.4562607, 51.1503715 ], [ 71.456593154647976, 51.150405493411711 ], [ 71.456748953219716, 51.150193792988922 ], [ 71.456591252788783, 51.150147993443774 ], [ 71.4562588, 51.150114 ], [ 71.4560397, 51.1501475 ], [ 71.4559426, 51.1502794 ] ] ], [ [ [ 71.4553525, 51.1503313 ], [ 71.4552516, 51.1504574 ], [ 71.455422009128156, 51.150499266057963 ], [ 71.455522908987206, 51.150373166012173 ], [ 71.4553525, 51.1503313 ] ] ], [ [ [ 71.456548546011831, 51.1504826278764 ], [ 71.456116345347041, 51.150410228910644 ], [ 71.4558393, 51.150381900000014 ], [ 71.4557514, 51.1505187 ], [ 71.4561454, 51.1506393 ], [ 71.456422447057292, 51.150667628160406 ], [ 71.456539746922942, 51.150634927884219 ], [ 71.456548546011831, 51.1504826278764 ] ] ], [ [ [ 71.455864038818149, 51.153639697460186 ], [ 71.4556978, 51.1536227 ], [ 71.4551915, 51.1538837 ], [ 71.4551413, 51.1539597 ], [ 71.4550985, 51.1542407 ], [ 71.455185, 51.1543459 ], [ 71.455401941328574, 51.154376198081621 ], [ 71.455637141375362, 51.154368397746346 ], [ 71.456253640384588, 51.154039396883491 ], [ 71.456425039532746, 51.15378819665186 ], [ 71.455864038818149, 51.153639697460186 ] ] ], [ [ [ 71.4577203, 51.1570152 ], [ 71.45757540000001, 51.157166599999989 ], [ 71.4577442, 51.1572302 ], [ 71.457799617483587, 51.157235864810794 ], [ 71.457944517316847, 51.157084464744464 ], [ 71.457775717222404, 51.157020864825881 ], [ 71.4577203, 51.1570152 ] ] ], [ [ [ 71.4566123, 51.1571578 ], [ 71.456615, 51.1572217 ], [ 71.456871617368819, 51.15722236525253 ], [ 71.456871617297963, 51.157163465253532 ], [ 71.4566123, 51.1571578 ] ] ], [ [ [ 71.4554629, 51.1571516 ], [ 71.4554398, 51.1577933 ], [ 71.455716889708555, 51.157821629222447 ], [ 71.455909289826977, 51.157824328764534 ], [ 71.455932385979196, 51.157182628764858 ], [ 71.4556553, 51.1571543 ], [ 71.4554629, 51.1571516 ] ] ], [ [ [ 71.456543017862302, 51.157661565401298 ], [ 71.4563532, 51.1576589 ], [ 71.4563585, 51.1577531 ], [ 71.4565483179762, 51.157755765397155 ], [ 71.456543017862302, 51.157661565401298 ] ] ], [ [ [ 71.4555895, 51.158876 ], [ 71.455847619256375, 51.158881665711114 ], [ 71.456199219174124, 51.158782265545554 ], [ 71.456202419045482, 51.158675065545879 ], [ 71.455983818766484, 51.158462465653535 ], [ 71.4553075, 51.158452799999985 ], [ 71.4553044, 51.158574 ], [ 71.4555895, 51.158876 ] ] ], [ [ [ 71.4575531, 51.1594557 ], [ 71.458107301980547, 51.159512347442558 ], [ 71.458288401455761, 51.159452746591235 ], [ 71.457933795865728, 51.159019448353 ], [ 71.457730195091216, 51.15897304932966 ], [ 71.457176, 51.1589164 ], [ 71.4564745, 51.1591407 ], [ 71.4565665, 51.1592523 ], [ 71.4575531, 51.1594557 ] ] ], [ [ [ 71.45778118458388, 51.160297259225956 ], [ 71.458354383943686, 51.160113658147772 ], [ 71.458060281715007, 51.159676558737615 ], [ 71.457910881177938, 51.159578159028719 ], [ 71.457743448046884, 51.159561044977536 ], [ 71.457704541748924, 51.159514979547538 ], [ 71.4570395, 51.159447 ], [ 71.4567222, 51.1595524 ], [ 71.4568117, 51.1596583 ], [ 71.457041513918895, 51.159681792015164 ], [ 71.4566634, 51.1598393 ], [ 71.4567478, 51.1599406 ], [ 71.4575595, 51.1602746 ], [ 71.45778118458388, 51.160297259225956 ] ] ], [ [ [ 71.4583095, 51.160690700000011 ], [ 71.4575761, 51.1609262 ], [ 71.4576566, 51.1610249 ], [ 71.457712022040084, 51.161030564787055 ], [ 71.458445521834577, 51.160795064442134 ], [ 71.458364921707258, 51.160696364482178 ], [ 71.4583095, 51.160690700000011 ] ] ], [ [ [ 71.457467450162113, 51.162324912570647 ], [ 71.4574821, 51.1623429 ], [ 71.45753752360757, 51.162348564847356 ], [ 71.457678823568074, 51.16230326478091 ], [ 71.457667097852337, 51.162288892685154 ], [ 71.458003555573498, 51.162182040581712 ], [ 71.458157623447562, 51.16216086455556 ], [ 71.458322723405161, 51.162111064477862 ], [ 71.458303978578712, 51.162086631142252 ], [ 71.458372223387812, 51.162092264454628 ], [ 71.458471523361865, 51.162061964407926 ], [ 71.458453752021001, 51.162039065111223 ], [ 71.458860964907316, 51.161909738321413 ], [ 71.458921223240665, 51.161921564196376 ], [ 71.459081023198209, 51.161872164121213 ], [ 71.459060700099641, 51.161846303620614 ], [ 71.459296092409701, 51.161771543776382 ], [ 71.459355423117458, 51.161780863992227 ], [ 71.459617423051554, 51.161702963868898 ], [ 71.459597006984282, 51.161675973236427 ], [ 71.459959274163879, 51.161560866251364 ], [ 71.459650368249783, 51.161178568094144 ], [ 71.4589853, 51.1611106 ], [ 71.4565646, 51.1618886 ], [ 71.4568676, 51.1622636 ], [ 71.457467450162113, 51.162324912570647 ] ] ], [ [ [ 71.4581615, 51.1622216 ], [ 71.4579886, 51.1622744 ], [ 71.458047600000015, 51.1623505 ], [ 71.458103023676784, 51.162356164578192 ], [ 71.458275923631604, 51.162303364496829 ], [ 71.458216923533755, 51.162227264526209 ], [ 71.4581615, 51.1622216 ] ] ], [ [ [ 71.457024523608069, 51.162394265090654 ], [ 71.4569691, 51.1623886 ], [ 71.4568538, 51.1624239 ], [ 71.4569342, 51.162527199999985 ], [ 71.456989623771165, 51.162532865104865 ], [ 71.457104923740928, 51.162497565050614 ], [ 71.457024523608069, 51.162394265090654 ] ] ], [ [ [ 71.457731, 51.1623961 ], [ 71.4576029, 51.1624372 ], [ 71.4576599, 51.1625071 ], [ 71.457715323824061, 51.162512764759924 ], [ 71.457843423788205, 51.162471664699702 ], [ 71.457786423698025, 51.162401764728024 ], [ 71.457731, 51.1623961 ] ] ], [ [ [ 71.4582397, 51.1623953 ], [ 71.4581113, 51.1624344 ], [ 71.458157, 51.1624933 ], [ 71.458212423860246, 51.16249896452365 ], [ 71.458340823826831, 51.162459864463244 ], [ 71.458295123751085, 51.162400964485997 ], [ 71.4582397, 51.1623953 ] ] ], [ [ [ 71.457839323837234, 51.162512764700942 ], [ 71.4577839, 51.1625071 ], [ 71.4576665, 51.1625525 ], [ 71.4577308, 51.162618099999989 ], [ 71.457786223965158, 51.162623764724295 ], [ 71.45790372392301, 51.162578364669166 ], [ 71.457839323837234, 51.162512764700942 ] ] ], [ [ [ 71.4571154, 51.1625461 ], [ 71.4569883, 51.1625868 ], [ 71.4570601, 51.1626748 ], [ 71.457115523962173, 51.162680465042413 ], [ 71.457242523926681, 51.162639764982693 ], [ 71.457170823813172, 51.162551765018314 ], [ 71.4571154, 51.1625461 ] ] ], [ [ [ 71.4578391, 51.1626148 ], [ 71.4577362, 51.1626478 ], [ 71.4578312, 51.1627644 ], [ 71.457886624151911, 51.162770064674 ], [ 71.457989524123121, 51.162737064625603 ], [ 71.457894523972698, 51.162620464672806 ], [ 71.4578391, 51.1626148 ] ] ], [ [ [ 71.4572461, 51.1626764 ], [ 71.4571368, 51.1627115 ], [ 71.4572019, 51.1627913 ], [ 71.457257324117435, 51.162796964972941 ], [ 71.457366624086816, 51.162761864921535 ], [ 71.457301523983858, 51.162682064953906 ], [ 71.4572461, 51.1626764 ] ] ], [ [ [ 71.4580184, 51.1627913 ], [ 71.4578541, 51.162844 ], [ 71.4579363, 51.1629448 ], [ 71.457991724380165, 51.162950464620877 ], [ 71.458156024334201, 51.162897764543629 ], [ 71.458073824204149, 51.162796964584473 ], [ 71.4580184, 51.1627913 ] ] ], [ [ [ 71.4573909, 51.1628647 ], [ 71.4572446, 51.1629116 ], [ 71.4572993, 51.1629786 ], [ 71.457354724353195, 51.162984264923381 ], [ 71.457500924312271, 51.162937364854614 ], [ 71.457446324225842, 51.162870364881762 ], [ 71.4573909, 51.1628647 ] ] ], [ [ [ 71.4574475, 51.1629799 ], [ 71.4572728, 51.1630359 ], [ 71.4573353, 51.1631126 ], [ 71.457390724518262, 51.163118264903936 ], [ 71.457565424469436, 51.163062264821789 ], [ 71.457502924370488, 51.162985564852839 ], [ 71.4574475, 51.1629799 ] ] ], [ [ [ 71.458093824592112, 51.163117564569419 ], [ 71.458303824533417, 51.16305026447067 ], [ 71.458247524444289, 51.162981164498639 ], [ 71.4580764, 51.1629843 ], [ 71.4579638, 51.1630204 ], [ 71.4580384, 51.1631119 ], [ 71.458093824592112, 51.163117564569419 ] ] ], [ [ [ 71.457539424706766, 51.163261764830708 ], [ 71.457801024636112, 51.163179964707666 ], [ 71.457743124542347, 51.163107164736459 ], [ 71.4576061, 51.1630993 ], [ 71.4574849, 51.1631115 ], [ 71.457392, 51.1631405 ], [ 71.457484, 51.163256099999984 ], [ 71.457539424706766, 51.163261764830708 ] ] ], [ [ [ 71.45816972481235, 51.16329386453026 ], [ 71.458398924722232, 51.163198764422859 ], [ 71.458322924602115, 51.163105664460609 ], [ 71.4582675, 51.1631 ], [ 71.4581442, 51.1631395 ], [ 71.4580666, 51.1632296 ], [ 71.4581143, 51.1632882 ], [ 71.45816972481235, 51.16329386453026 ] ] ], [ [ [ 71.457818952882803, 51.163398491988815 ], [ 71.457932724869138, 51.163361964641858 ], [ 71.457874324776895, 51.163290464670872 ], [ 71.4576608, 51.1632722 ], [ 71.4575148, 51.163319 ], [ 71.4575913, 51.1634129 ], [ 71.457749196019748, 51.163408069576022 ], [ 71.4576434, 51.163442 ], [ 71.4576989, 51.1635101 ], [ 71.4577932, 51.1635495 ], [ 71.457848625092723, 51.163555164678534 ], [ 71.457944725065857, 51.163524364633346 ], [ 71.457844124906771, 51.163401064683342 ], [ 71.457818952882803, 51.163398491988815 ] ] ], [ [ [ 71.458079, 51.1632974 ], [ 71.4580054, 51.163319499999979 ], [ 71.4581163, 51.1634643 ], [ 71.458171725024499, 51.163469964526286 ], [ 71.458245225005712, 51.163447864491694 ], [ 71.458134424819661, 51.163303064546895 ], [ 71.458079, 51.1632974 ] ] ], [ [ [ 71.4571525, 51.1636975 ], [ 71.457207925202781, 51.163703164980824 ], [ 71.457291625177007, 51.1636743649415 ], [ 71.457363325083534, 51.163590364908835 ], [ 71.45731132500616, 51.163530664934619 ], [ 71.4572559, 51.163525 ], [ 71.4571085, 51.1635756 ], [ 71.4570977, 51.1636346 ], [ 71.4571525, 51.1636975 ] ] ], [ [ [ 71.4564784, 51.1637681 ], [ 71.4565458, 51.163842799999983 ], [ 71.456601225313193, 51.163848465266987 ], [ 71.456763425261116, 51.163790865190812 ], [ 71.456748476351905, 51.163774297242149 ], [ 71.456856725281128, 51.163799265146267 ], [ 71.456986625245833, 51.163758465085159 ], [ 71.456888725088106, 51.163636065133851 ], [ 71.4568333, 51.1636304 ], [ 71.4566717, 51.1636812 ], [ 71.456728063305448, 51.163751673340812 ], [ 71.456696025164035, 51.163716165224166 ], [ 71.4566406, 51.1637105 ], [ 71.4564784, 51.1637681 ] ] ], [ [ [ 71.4573946, 51.1636904 ], [ 71.4571904, 51.1637554 ], [ 71.4572436, 51.163821 ], [ 71.457299025361081, 51.163826664935364 ], [ 71.457503225304549, 51.163761664839328 ], [ 71.457450025219941, 51.163696064865761 ], [ 71.4573946, 51.1636904 ] ] ], [ [ [ 71.456564625354432, 51.163885965283754 ], [ 71.456478125218041, 51.163780265326743 ], [ 71.4564227, 51.1637746 ], [ 71.4562782, 51.1638211 ], [ 71.4563377, 51.1638938 ], [ 71.456490725375232, 51.163909765318522 ], [ 71.456564625354432, 51.163885965283754 ] ] ], [ [ [ 71.458198359205511, 51.164259646191084 ], [ 71.458079357220825, 51.164105246783897 ], [ 71.4575251, 51.1640486 ], [ 71.4548739, 51.1648662 ], [ 71.4549946, 51.16502 ], [ 71.45554886622385, 51.165076658656574 ], [ 71.458198359205511, 51.164259646191084 ] ] ], [ [ [ 71.458075126333782, 51.164566364553338 ], [ 71.4580197, 51.1645607 ], [ 71.4578784, 51.1646011 ], [ 71.4579347, 51.1646785 ], [ 71.457990126466541, 51.164684164591748 ], [ 71.458131526432808, 51.16464366452518 ], [ 71.458075126333782, 51.164566364553338 ] ] ], [ [ [ 71.4581603, 51.1646978 ], [ 71.4580406, 51.1647362 ], [ 71.4581017, 51.1648111 ], [ 71.458157126643869, 51.164816764510022 ], [ 71.458276826610486, 51.164778464453718 ], [ 71.458215726513743, 51.164703464484077 ], [ 71.4581603, 51.1646978 ] ] ], [ [ [ 71.4575828, 51.1647189 ], [ 71.4574545, 51.1647601 ], [ 71.4575372, 51.1648614 ], [ 71.45759262664447, 51.164867064777731 ], [ 71.457720926608488, 51.164825864717393 ], [ 71.457638226477783, 51.164724564758487 ], [ 71.4575828, 51.1647189 ] ] ], [ [ [ 71.4573952, 51.16478930000001 ], [ 71.457201, 51.164852 ], [ 71.4572537, 51.1649162 ], [ 71.457307470136129, 51.16492563565496 ], [ 71.4571807, 51.1649666 ], [ 71.4572348, 51.1650324 ], [ 71.457290226818131, 51.165038064918669 ], [ 71.457463426769252, 51.164982164837227 ], [ 71.457434507313351, 51.164946872487263 ], [ 71.457475526733106, 51.164951064832003 ], [ 71.457557126710014, 51.164924664793624 ], [ 71.457450626542581, 51.16479496484655 ], [ 71.4573952, 51.16478930000001 ] ] ], [ [ [ 71.458004426959846, 51.165092764577928 ], [ 71.458423026850014, 51.164964564380959 ], [ 71.458329926696052, 51.164844864427316 ], [ 71.4582745, 51.16483920000001 ], [ 71.4577807, 51.1649905 ], [ 71.4578371, 51.165062899999988 ], [ 71.458004426959846, 51.165092764577928 ] ] ], [ [ [ 71.458522027072959, 51.165141064330797 ], [ 71.458405626891121, 51.16500026438861 ], [ 71.4583502, 51.1649946 ], [ 71.4582431, 51.1650295 ], [ 71.4583156, 51.165184499999988 ], [ 71.45837102711603, 51.165190164401793 ], [ 71.458522027072959, 51.165141064330797 ] ] ], [ [ [ 71.457527, 51.165077199999985 ], [ 71.4573313, 51.1651447 ], [ 71.4573902, 51.1652117 ], [ 71.457445627050461, 51.165217364841645 ], [ 71.457641226989992, 51.165149864749743 ], [ 71.457582426903102, 51.16508286477886 ], [ 71.457527, 51.165077199999985 ] ] ], [ [ [ 71.4576583, 51.1652314 ], [ 71.4574487, 51.1653037 ], [ 71.4575112, 51.16537490000001 ], [ 71.457566627259737, 51.165380564781252 ], [ 71.457776227194984, 51.165308264682757 ], [ 71.457713727102643, 51.16523706471375 ], [ 71.4576583, 51.1652314 ] ] ], [ [ [ 71.4577461, 51.165339 ], [ 71.4575269, 51.1654114 ], [ 71.4575937, 51.165491 ], [ 71.457649127408246, 51.165496664739997 ], [ 71.457868327344499, 51.165424364636927 ], [ 71.457801527241486, 51.165344664670101 ], [ 71.4577461, 51.165339 ] ] ], [ [ [ 71.4577388, 51.1654721 ], [ 71.4576344, 51.1655109 ], [ 71.4577151, 51.1655965 ], [ 71.457770527548135, 51.165602164680401 ], [ 71.457875027512529, 51.165563364631367 ], [ 71.457794227400925, 51.16547776467128 ], [ 71.4577388, 51.1654721 ] ] ], [ [ [ 71.4579225, 51.1655754 ], [ 71.4577263, 51.1656417 ], [ 71.457784, 51.1657088 ], [ 71.457839427690629, 51.165714464645689 ], [ 71.458035627631659, 51.165648164553488 ], [ 71.457977927544761, 51.165581064582106 ], [ 71.4579225, 51.1655754 ] ] ], [ [ [ 71.458211427778053, 51.165754264468021 ], [ 71.458185627735929, 51.165721564480833 ], [ 71.457979, 51.165702 ], [ 71.4578525, 51.1657413 ], [ 71.4579168, 51.1658228 ], [ 71.457972227841935, 51.165828464580542 ], [ 71.458211427778053, 51.165754264468021 ] ] ], [ [ [ 71.4565427, 51.1652491 ], [ 71.4556091, 51.1655597 ], [ 71.4557623, 51.1658114 ], [ 71.4559226, 51.166013 ], [ 71.4562279, 51.166341 ], [ 71.456394184896894, 51.166357996046209 ], [ 71.456592784735591, 51.16629579576594 ], [ 71.45699328244352, 51.16562569522889 ], [ 71.456708981054419, 51.165266095653301 ], [ 71.4565427, 51.1652491 ] ] ], [ [ [ 71.45804320000002, 51.1658199 ], [ 71.4579314, 51.16585460000001 ], [ 71.4579861, 51.16592390000001 ], [ 71.458041527970991, 51.165929564545827 ], [ 71.458153327941091, 51.165894864493247 ], [ 71.458098627851896, 51.16582556452046 ], [ 71.45804320000002, 51.1658199 ] ] ], [ [ [ 71.458339428091108, 51.166003064402808 ], [ 71.458272727982546, 51.165918764436 ], [ 71.4581066, 51.1659134 ], [ 71.4579633, 51.165958 ], [ 71.4580517, 51.1660697 ], [ 71.458107128153443, 51.166075364512096 ], [ 71.458339428091108, 51.166003064402808 ] ] ], [ [ [ 71.458384628264426, 51.1661430643789 ], [ 71.458315528149598, 51.166053764413313 ], [ 71.4582601, 51.1660481 ], [ 71.4580806, 51.1661026 ], [ 71.4581332, 51.1661707 ], [ 71.458314228282703, 51.166164464412027 ], [ 71.458384628264426, 51.1661430643789 ] ] ], [ [ [ 71.4583284, 51.1661877 ], [ 71.4582101, 51.1662243 ], [ 71.4582593, 51.1662867 ], [ 71.458314728436704, 51.166292364409593 ], [ 71.458433028405224, 51.166255764353927 ], [ 71.458383828324884, 51.166193364378408 ], [ 71.4583284, 51.1661877 ] ] ], [ [ [ 71.458496828443899, 51.166282264323108 ], [ 71.458441400000012, 51.1662766 ], [ 71.4582878, 51.1663269 ], [ 71.4583497, 51.1664012 ], [ 71.458405128584133, 51.166406864364603 ], [ 71.458558728539913, 51.166356564292371 ], [ 71.458496828443899, 51.166282264323108 ] ] ], [ [ [ 71.45762908626115, 51.166626794269582 ], [ 71.457266484546238, 51.166183894810075 ], [ 71.4571002, 51.1661669 ], [ 71.4564251, 51.1663943 ], [ 71.4565117, 51.1665001 ], [ 71.456539020283671, 51.166508510488597 ], [ 71.4567599, 51.1668045 ], [ 71.456815328900703, 51.166810165114086 ], [ 71.457070128834602, 51.166732764994187 ], [ 71.457008583607603, 51.16665306302297 ], [ 71.4571721, 51.1667034 ], [ 71.457338386506507, 51.166720394679686 ], [ 71.45762908626115, 51.166626794269582 ] ] ], [ [ [ 71.458081029350296, 51.16707196450735 ], [ 71.458464629260703, 51.166963664326694 ], [ 71.458454129072749, 51.166808464334345 ], [ 71.458415629002104, 51.166753164353622 ], [ 71.458264, 51.1667555 ], [ 71.4578811, 51.1668662 ], [ 71.4580256, 51.1670663 ], [ 71.458081029350296, 51.16707196450735 ] ] ], [ [ [ 71.4574841, 51.1668025 ], [ 71.457, 51.1669645 ], [ 71.4571082, 51.1670916 ], [ 71.457385346543532, 51.167119924452372 ], [ 71.457869345825614, 51.166957923314875 ], [ 71.457761245003226, 51.166830823582991 ], [ 71.4574841, 51.1668025 ] ] ], [ [ [ 71.4576989, 51.1671384 ], [ 71.4575031, 51.1672032 ], [ 71.4575605, 51.1672714 ], [ 71.457615929547785, 51.167277064725106 ], [ 71.457811729490572, 51.167212264633058 ], [ 71.457754329402391, 51.167144064661549 ], [ 71.4576989, 51.1671384 ] ] ], [ [ [ 71.4568205, 51.16728 ], [ 71.4566846, 51.1673226 ], [ 71.4567449, 51.1673983 ], [ 71.456800329613884, 51.167403965110999 ], [ 71.456936329577061, 51.167361365047029 ], [ 71.456875929479523, 51.167285665077067 ], [ 71.4568205, 51.16728 ] ] ], [ [ [ 71.458385229721955, 51.167353864357736 ], [ 71.4583298, 51.1673482 ], [ 71.4581721, 51.1673959 ], [ 71.4582508, 51.1674981 ], [ 71.458306229894006, 51.167503764392748 ], [ 71.458463929853338, 51.167456064318529 ], [ 71.458385229721955, 51.167353864357736 ] ] ], [ [ [ 71.4562771, 51.1674302 ], [ 71.4562154, 51.167447 ], [ 71.4563012, 51.167563 ], [ 71.456356629764997, 51.167568665319287 ], [ 71.456421029753656, 51.167553565288898 ], [ 71.456332529602562, 51.16743586533304 ], [ 71.4562771, 51.1674302 ] ] ], [ [ [ 71.4577035, 51.1674965 ], [ 71.4578006, 51.1676052 ], [ 71.457911459962915, 51.167616529183746 ], [ 71.458026710678524, 51.167576014782398 ], [ 71.458130929984449, 51.167594364474581 ], [ 71.458195829963785, 51.167571464444109 ], [ 71.458227329902357, 51.167517664430044 ], [ 71.458177629830047, 51.16746196445466 ], [ 71.458090729761096, 51.167412364496847 ], [ 71.4580353, 51.167406699999987 ], [ 71.457942242152043, 51.16743945416821 ], [ 71.457883, 51.1674334 ], [ 71.4577035, 51.1674965 ] ] ], [ [ [ 71.4577013, 51.1675647 ], [ 71.4575458, 51.1676185 ], [ 71.4576175, 51.1677001 ], [ 71.457672930069904, 51.167705764690588 ], [ 71.457828530021544, 51.16765186461749 ], [ 71.457756729915801, 51.167570364653066 ], [ 71.4577013, 51.1675647 ] ] ], [ [ [ 71.4572655, 51.1676816 ], [ 71.4571213, 51.1677259 ], [ 71.457192, 51.1678163 ], [ 71.457247430164571, 51.167821964891047 ], [ 71.457391630126565, 51.167777664823205 ], [ 71.457320930010241, 51.167687264858415 ], [ 71.4572655, 51.1676816 ] ] ], [ [ [ 71.456410429851488, 51.167635765292516 ], [ 71.456355, 51.1676301 ], [ 71.4561924, 51.167684099999988 ], [ 71.4565022, 51.168051 ], [ 71.456557630373808, 51.168056665215232 ], [ 71.456720230326084, 51.168002665138793 ], [ 71.456410429851488, 51.167635765292516 ] ] ], [ [ [ 71.4586836, 51.1677913 ], [ 71.458376300000012, 51.16789 ], [ 71.4584659, 51.1679996 ], [ 71.458521330520554, 51.16800526428176 ], [ 71.458828630434255, 51.167906464137225 ], [ 71.458739030292932, 51.167796964181747 ], [ 71.4586836, 51.1677913 ] ] ], [ [ [ 71.4579278, 51.168004499999988 ], [ 71.4576499, 51.1680896 ], [ 71.4577309, 51.1681937 ], [ 71.457786330676143, 51.168199364628137 ], [ 71.458064330603221, 51.168114264497319 ], [ 71.457983230469281, 51.168010164537705 ], [ 71.4579278, 51.168004499999988 ] ] ], [ [ [ 71.457652067157952, 51.168473874807717 ], [ 71.458266490738566, 51.168254603583037 ], [ 71.458331300000012, 51.1683316 ], [ 71.458386730905929, 51.168337264340082 ], [ 71.458636930832824, 51.16825446422245 ], [ 71.458568330727445, 51.168172964256499 ], [ 71.4585129, 51.1681673 ], [ 71.458283294320424, 51.168243284644568 ], [ 71.458231130693306, 51.168174364416927 ], [ 71.4581757, 51.16816870000001 ], [ 71.4574798, 51.1683757 ], [ 71.4575584, 51.1684796 ], [ 71.457596398486217, 51.16848348321308 ], [ 71.457524, 51.168505 ], [ 71.4575826, 51.1685825 ], [ 71.45763803112844, 51.168588164692004 ], [ 71.457748731100594, 51.168555264639899 ], [ 71.457690131001058, 51.168477764669106 ], [ 71.457652067157952, 51.168473874807717 ] ] ], [ [ [ 71.458128331800523, 51.169103164449822 ], [ 71.458251423329372, 51.169064115205586 ], [ 71.4585797, 51.1694714 ], [ 71.4583883, 51.1695321 ], [ 71.4586194, 51.1698188 ], [ 71.458755232767402, 51.169850964138632 ], [ 71.458937932717106, 51.169793064052698 ], [ 71.458795840709513, 51.169616794589423 ], [ 71.459086832559422, 51.169648963984308 ], [ 71.459251232839549, 51.169596829810374 ], [ 71.4593388, 51.1697185 ], [ 71.459394232682598, 51.169724163836761 ], [ 71.459652832621956, 51.169650963714957 ], [ 71.459563732463451, 51.169527163759497 ], [ 71.4595083, 51.169521499999988 ], [ 71.45930843745262, 51.169578073691341 ], [ 71.458588431345703, 51.168684764238108 ], [ 71.458999040665432, 51.168554601377913 ], [ 71.458964, 51.1686007 ], [ 71.4589179, 51.1687521 ], [ 71.4590325, 51.1688946 ], [ 71.459087931658189, 51.168900263996726 ], [ 71.459898131435551, 51.168643863615614 ], [ 71.45969573111131, 51.168392363716258 ], [ 71.45950623095105, 51.168275963808441 ], [ 71.4594508, 51.1682703 ], [ 71.4591405, 51.1683685 ], [ 71.459066007277272, 51.168466501501264 ], [ 71.458937630928219, 51.168307164078463 ], [ 71.4588822, 51.1683015 ], [ 71.458666376643507, 51.168369942591866 ], [ 71.458631830920169, 51.168327464223616 ], [ 71.4585764, 51.1683218 ], [ 71.457793, 51.1685643 ], [ 71.4578475, 51.1686319 ], [ 71.457906690736905, 51.168636376453549 ], [ 71.458009070727471, 51.16876340926926 ], [ 71.4577773, 51.1688368 ], [ 71.457895, 51.1689829 ], [ 71.4580729, 51.1690975 ], [ 71.458128331800523, 51.169103164449822 ] ], [ [ 71.458459912386218, 51.168433370516716 ], [ 71.458488231035886, 51.168436264290072 ], [ 71.458583981391115, 51.16840557840856 ], [ 71.458426253707486, 51.168483614090668 ], [ 71.458418648578643, 51.168474186022891 ], [ 71.458477731057883, 51.168455464294738 ], [ 71.458459912386218, 51.168433370516716 ] ] ], [ [ [ 71.457436648891004, 51.168628719038203 ], [ 71.4569932, 51.1685834 ], [ 71.4567682, 51.168654 ], [ 71.4574393, 51.1694956 ], [ 71.457882758055604, 51.169540917214285 ], [ 71.458107857567924, 51.169470416367126 ], [ 71.457436648891004, 51.168628719038203 ] ] ], [ [ [ 71.4563836, 51.1687863 ], [ 71.4561586, 51.1688569 ], [ 71.4568297, 51.1696985 ], [ 71.457273159491649, 51.169743819506856 ], [ 71.457498259003984, 51.16967331865969 ], [ 71.456827050326922, 51.168831621330732 ], [ 71.4563836, 51.1687863 ] ] ], [ [ [ 71.458167332767928, 51.169903264417464 ], [ 71.4581119, 51.1698976 ], [ 71.4579551, 51.1699504 ], [ 71.4583123, 51.17036670000001 ], [ 71.458367733353981, 51.170372364314034 ], [ 71.45852443330692, 51.170319464240379 ], [ 71.458167332767928, 51.169903264417464 ] ] ], [ [ [ 71.4565134, 51.1700946 ], [ 71.4562382, 51.1701867 ], [ 71.4563011, 51.1702607 ], [ 71.456356533012666, 51.170266365272859 ], [ 71.456631832931038, 51.170174265143451 ], [ 71.456568832835245, 51.170100265174696 ], [ 71.4565134, 51.1700946 ] ] ], [ [ [ 71.4569318, 51.1701395 ], [ 71.4566529, 51.1702223 ], [ 71.4567051, 51.170291400000011 ], [ 71.456760533092535, 51.170297065080099 ], [ 71.457039433022501, 51.170214264948825 ], [ 71.45698723293377, 51.170145164974841 ], [ 71.4569318, 51.1701395 ] ] ], [ [ [ 71.4575511, 51.1702068 ], [ 71.4574294, 51.1702455 ], [ 71.4575082, 51.1703431 ], [ 71.457563633240127, 51.170348764697032 ], [ 71.457685433206478, 51.170310064639771 ], [ 71.457606533080593, 51.170212464678983 ], [ 71.4575511, 51.1702068 ] ] ], [ [ [ 71.4573383, 51.17022679999998 ], [ 71.4570741, 51.1703108 ], [ 71.4571367, 51.1703883 ], [ 71.457192133255077, 51.170393964873043 ], [ 71.457456433182031, 51.170309964748725 ], [ 71.457393733082057, 51.1702324647799 ], [ 71.4573383, 51.17022679999998 ] ] ], [ [ [ 71.457102833209206, 51.170363764916061 ], [ 71.457069833140594, 51.170309664932709 ], [ 71.4570144, 51.170304 ], [ 71.4568669, 51.1703394 ], [ 71.4569433, 51.1704645 ], [ 71.456998733326273, 51.170470164963774 ], [ 71.457112033305691, 51.17044306491033 ], [ 71.457102833209206, 51.170363764916061 ] ] ], [ [ [ 71.4578493, 51.170319 ], [ 71.4575245, 51.1704306 ], [ 71.4576211, 51.1705411 ], [ 71.457676533490513, 51.170546764639909 ], [ 71.458001333390655, 51.170435164487287 ], [ 71.457904733247361, 51.170324664535165 ], [ 71.4578493, 51.170319 ] ] ], [ [ [ 71.456609133424166, 51.170585865147146 ], [ 71.456884333348057, 51.170498365017721 ], [ 71.456801833216474, 51.170396365058707 ], [ 71.4567464, 51.1703907 ], [ 71.456652, 51.1704207 ], [ 71.4564932, 51.1705054 ], [ 71.4565537, 51.170580199999989 ], [ 71.456609133424166, 51.170585865147146 ] ] ], [ [ [ 71.4574678, 51.1705341 ], [ 71.4571098, 51.1706489 ], [ 71.4571955, 51.1707539 ], [ 71.457250933701488, 51.170759564838789 ], [ 71.457608933601321, 51.170644764670406 ], [ 71.457523233465793, 51.170539764712991 ], [ 71.4574678, 51.1705341 ] ] ], [ [ [ 71.4583103, 51.1713236 ], [ 71.4577693, 51.1715004 ], [ 71.4578735, 51.1716258 ], [ 71.457928934823329, 51.171631464501118 ], [ 71.458469934667946, 51.171454664246738 ], [ 71.458365734505875, 51.171329264298478 ], [ 71.4583103, 51.1713236 ] ] ], [ [ [ 71.457239134584484, 51.171493964831726 ], [ 71.4571837, 51.1714883 ], [ 71.4570657, 51.1715152 ], [ 71.4570925, 51.171572399999988 ], [ 71.457147934676044, 51.171578064873678 ], [ 71.457276634661426, 51.171554564812837 ], [ 71.457239134584484, 51.171493964831726 ] ] ], [ [ [ 71.4572784, 51.1716132 ], [ 71.4564054, 51.1718914 ], [ 71.4564972, 51.1720047 ], [ 71.456552635133306, 51.172010365149511 ], [ 71.457425734891103, 51.171732164738827 ], [ 71.457333834744944, 51.171618864784527 ], [ 71.4572784, 51.1716132 ] ] ], [ [ [ 71.458204934965607, 51.171725264368177 ], [ 71.4581495, 51.1717196 ], [ 71.4579922, 51.17176580000001 ], [ 71.4580325, 51.1718619 ], [ 71.4582057, 51.17208560000001 ], [ 71.4582987, 51.1721624 ], [ 71.458354135514625, 51.172168064289551 ], [ 71.458517635474067, 51.17211996421257 ], [ 71.458403935230436, 51.17192766426998 ], [ 71.458204934965607, 51.171725264368177 ] ] ], [ [ [ 71.45736783500044, 51.171828064764746 ], [ 71.4573124, 51.1718224 ], [ 71.4570886, 51.171895 ], [ 71.4573402, 51.172199899999981 ], [ 71.457395635457928, 51.172205564744992 ], [ 71.45761933539427, 51.172132964639815 ], [ 71.45736783500044, 51.171828064764746 ] ] ], [ [ [ 71.4588983, 51.1721109 ], [ 71.4583625, 51.1722813 ], [ 71.4584463, 51.1723849 ], [ 71.458470474424402, 51.172387370052611 ], [ 71.458441400000012, 51.1723966 ], [ 71.4587487, 51.1727772 ], [ 71.458804136302717, 51.1727828640648 ], [ 71.458986836252279, 51.172724863978885 ], [ 71.458679535761348, 51.172344264131667 ], [ 71.458655175943875, 51.172341775178317 ], [ 71.459037635649963, 51.172220163963409 ], [ 71.458953735516317, 51.172116564005115 ], [ 71.4588983, 51.1721109 ] ] ], [ [ [ 71.4577897, 51.1722711 ], [ 71.4573681, 51.172427099999986 ], [ 71.457466, 51.1725311 ], [ 71.457521435870092, 51.172536764679421 ], [ 71.457943035727055, 51.172380764481503 ], [ 71.457845135591427, 51.172276764529883 ], [ 71.4577897, 51.1722711 ] ] ], [ [ [ 71.4577952, 51.1730035 ], [ 71.457476, 51.1731044 ], [ 71.4575458, 51.1731852 ], [ 71.457601236666207, 51.173190864630186 ], [ 71.457920336582589, 51.173093264480023 ], [ 71.457850636473921, 51.173009164514639 ], [ 71.4577952, 51.1730035 ] ] ], [ [ [ 71.4587856, 51.1730477 ], [ 71.4587018, 51.1730716 ], [ 71.4587427, 51.1731246 ], [ 71.458798136720404, 51.173130264061676 ], [ 71.458881936701005, 51.173106764022194 ], [ 71.458841036632364, 51.173053364042595 ], [ 71.4587856, 51.1730477 ] ] ], [ [ [ 71.4584114, 51.173030899999986 ], [ 71.4581349, 51.1731255 ], [ 71.4582853, 51.1732984 ], [ 71.458340736881098, 51.173304064276344 ], [ 71.458617336796578, 51.173209464146339 ], [ 71.458466836572384, 51.173036564220943 ], [ 71.4584114, 51.173030899999986 ] ] ], [ [ [ 71.45673153626791, 51.172936865048413 ], [ 71.4566761, 51.1729312 ], [ 71.4564136, 51.1730147 ], [ 71.4569761, 51.1737096 ], [ 71.457031537237143, 51.173715264892245 ], [ 71.457293937164479, 51.173631764768821 ], [ 71.45673153626791, 51.172936865048413 ] ] ], [ [ [ 71.458373537110717, 51.1734918642575 ], [ 71.4583181, 51.1734862 ], [ 71.4579958, 51.1735894 ], [ 71.4581713, 51.1738048 ], [ 71.458547900000013, 51.1741744 ], [ 71.458603337963893, 51.174180064136273 ], [ 71.458865637890725, 51.174096164012916 ], [ 71.458373537110717, 51.1734918642575 ] ] ], [ [ [ 71.4577534, 51.1737313 ], [ 71.4576064, 51.1737783 ], [ 71.4577588, 51.1739655 ], [ 71.457814237628455, 51.173971164515386 ], [ 71.457961237587369, 51.17392406444624 ], [ 71.457808837345866, 51.173736964521979 ], [ 71.4577534, 51.1737313 ] ] ], [ [ [ 71.4569427, 51.1738621 ], [ 71.4573956, 51.1744183 ], [ 71.457451038135147, 51.174423964680386 ], [ 71.457801938037207, 51.174311664515365 ], [ 71.457453549890317, 51.173883779924829 ], [ 71.457497337472688, 51.17386976466792 ], [ 71.457392837307083, 51.173741464719868 ], [ 71.4573374, 51.1737358 ], [ 71.4569427, 51.1738621 ] ] ], [ [ [ 71.458850737966927, 51.174160764018872 ], [ 71.4587953, 51.1741551 ], [ 71.4583176, 51.1743037 ], [ 71.4584404, 51.1744589 ], [ 71.458495838295065, 51.174464564182507 ], [ 71.458973538166873, 51.174315963957774 ], [ 71.458850737966927, 51.174160764018872 ] ] ], [ [ [ 71.458522738808881, 51.174888864162419 ], [ 71.45829203833857, 51.174518664278565 ], [ 71.4582366, 51.174513 ], [ 71.4575479, 51.1746817 ], [ 71.4570768, 51.1749148 ], [ 71.4572438, 51.1751828 ], [ 71.457299239039685, 51.175188464739463 ], [ 71.458522738808881, 51.174888864162419 ] ] ], [ [ [ 71.4588589, 51.1745771 ], [ 71.4584691, 51.1746999 ], [ 71.4588463, 51.1751705 ], [ 71.45890173919517, 51.175176163977099 ], [ 71.459291439088688, 51.175053363793772 ], [ 71.458914338481875, 51.174582763981334 ], [ 71.4588589, 51.1745771 ] ] ], [ [ [ 71.456728638931111, 51.175148665011683 ], [ 71.456901838881365, 51.175092064930247 ], [ 71.457022038695541, 51.174927164875889 ], [ 71.456934038559012, 51.174821564919569 ], [ 71.4568786, 51.1748159 ], [ 71.4565916, 51.1749098 ], [ 71.4565856, 51.1750379 ], [ 71.4566732, 51.175143 ], [ 71.456728638931111, 51.175148665011683 ] ] ], [ [ [ 71.4575723, 51.1751922 ], [ 71.4573065, 51.1752755 ], [ 71.4574322, 51.1754331 ], [ 71.457487639361148, 51.175438764645506 ], [ 71.45775343928905, 51.175355464520457 ], [ 71.457627739085908, 51.175197864582984 ], [ 71.4575723, 51.1751922 ] ] ], [ [ [ 71.4583859, 51.1758225 ], [ 71.4585443, 51.1760369 ], [ 71.458852170866706, 51.176244763810494 ], [ 71.4586139, 51.1763158 ], [ 71.4586992, 51.1764283 ], [ 71.458754640694366, 51.176433964025421 ], [ 71.459573740503174, 51.176202963639618 ], [ 71.459113539783928, 51.175646363868204 ], [ 71.458752039099764, 51.175110164049492 ], [ 71.4586966, 51.17510450000001 ], [ 71.4581816, 51.1752541 ], [ 71.4581299, 51.1754208 ], [ 71.458369500000018, 51.1757451 ], [ 71.458523667660785, 51.175785240445165 ], [ 71.4583859, 51.1758225 ] ] ], [ [ [ 71.457907539490307, 51.175508964444475 ], [ 71.4578521, 51.1755033 ], [ 71.4576196, 51.1755627 ], [ 71.4579572, 51.1760828 ], [ 71.458012640199385, 51.17608846438447 ], [ 71.458245140152698, 51.176029164274858 ], [ 71.457907539490307, 51.175508964444475 ] ] ], [ [ [ 71.458033640574499, 51.176398064369145 ], [ 71.457577439704281, 51.175715764597996 ], [ 71.457522, 51.1757101 ], [ 71.4565848, 51.175956399999983 ], [ 71.4568246, 51.1763151 ], [ 71.4571982, 51.1765973 ], [ 71.457253640738386, 51.176602964736801 ], [ 71.458033640574499, 51.176398064369145 ] ] ], [ [ [ 71.458329640268516, 51.17611786423312 ], [ 71.4582742, 51.1761122 ], [ 71.4580477, 51.1761682 ], [ 71.4582488, 51.176488 ], [ 71.458304240718419, 51.17649366423872 ], [ 71.45853074067503, 51.176437664131896 ], [ 71.458329640268516, 51.17611786423312 ] ] ], [ [ [ 71.4581305, 51.1766358 ], [ 71.4579052, 51.1767031 ], [ 71.4579588, 51.176783799999988 ], [ 71.458014241043841, 51.176789464371623 ], [ 71.458247640985547, 51.176720464261749 ], [ 71.458185940883837, 51.176641464292494 ], [ 71.4581305, 51.1766358 ] ] ], [ [ [ 71.4574024, 51.1775891 ], [ 71.4575191, 51.1777309 ], [ 71.457574542137863, 51.177736564564555 ], [ 71.458956641746454, 51.177289663914543 ], [ 71.458486141007626, 51.1767177641483 ], [ 71.4584307, 51.1767121 ], [ 71.4577638, 51.176846 ], [ 71.4571112, 51.177057 ], [ 71.4574024, 51.1775891 ] ] ], [ [ [ 71.4586269, 51.1446421 ], [ 71.458533, 51.14477 ], [ 71.458613507812302, 51.144793266436089 ], [ 71.4578637, 51.1447166 ], [ 71.4577752, 51.1448461 ], [ 71.458379598362924, 51.145002344298064 ], [ 71.4583417, 51.145057799999989 ], [ 71.4589085, 51.1452102 ], [ 71.45929493731721, 51.145249709094173 ], [ 71.4592149, 51.145365599999984 ], [ 71.4595856, 51.145466399999982 ], [ 71.459641003531161, 51.145472064137721 ], [ 71.459761676291677, 51.145297426376395 ], [ 71.460016565436973, 51.145323484258626 ], [ 71.460105062510962, 51.145193983461382 ], [ 71.459500659223337, 51.145037744988585 ], [ 71.459538556218533, 51.144982288923877 ], [ 71.459289046520254, 51.144915204716916 ], [ 71.45930170280738, 51.144899964308991 ], [ 71.459061702687634, 51.144821564424483 ], [ 71.4590063, 51.144815899999983 ], [ 71.458990493656913, 51.144834933597906 ], [ 71.458813789690154, 51.144813744020631 ], [ 71.458891302533232, 51.14470816450752 ], [ 71.4586269, 51.1446421 ] ] ], [ [ [ 71.4583748, 51.1452732 ], [ 71.4580905, 51.1456585 ], [ 71.458371003705878, 51.145729464737393 ], [ 71.458655303272806, 51.145344164608801 ], [ 71.4583748, 51.1452732 ] ] ], [ [ [ 71.4578041, 51.1463449 ], [ 71.4577128, 51.1464741 ], [ 71.458165504719105, 51.146590364820284 ], [ 71.458256904573489, 51.146461164779048 ], [ 71.4578041, 51.1463449 ] ] ], [ [ [ 71.4586485, 51.1463902 ], [ 71.4584687, 51.1466466 ], [ 71.458582586036272, 51.146678020998309 ], [ 71.4577158, 51.1465868 ], [ 71.4575726, 51.1467911 ], [ 71.4586326, 51.1470834 ], [ 71.458854221572892, 51.147106058093875 ], [ 71.459070620178636, 51.146797057703452 ], [ 71.458923409102553, 51.146756467533415 ], [ 71.459099704715697, 51.146505064377386 ], [ 71.4586485, 51.1463902 ] ] ], [ [ [ 71.457842805193465, 51.147013364966504 ], [ 71.4574323, 51.1469091 ], [ 71.4573093, 51.1470834 ], [ 71.457719805389971, 51.147187665022017 ], [ 71.457842805193465, 51.147013364966504 ] ] ], [ [ [ 71.4581122, 51.1471213 ], [ 71.4579939, 51.1472792 ], [ 71.458215405618375, 51.147333864783732 ], [ 71.458333705441063, 51.147175964730174 ], [ 71.4581122, 51.1471213 ] ] ], [ [ [ 71.4574636, 51.1471876 ], [ 71.45739380000002, 51.1472874 ], [ 71.45761450556023, 51.147338565069511 ], [ 71.457684305447643, 51.147238765038018 ], [ 71.4574636, 51.1471876 ] ] ], [ [ [ 71.4580962, 51.1474893 ], [ 71.458296505867082, 51.147533564741707 ], [ 71.458393205705775, 51.147390864698181 ], [ 71.4582083, 51.1473507 ], [ 71.4581161, 51.147378499999988 ], [ 71.4580786, 51.1474339 ], [ 71.4580962, 51.1474893 ] ] ], [ [ [ 71.4580431, 51.1475389 ], [ 71.4579513, 51.1476499 ], [ 71.458180606069533, 51.147712164793774 ], [ 71.45827240594582, 51.147601164752011 ], [ 71.4580431, 51.1475389 ] ] ], [ [ [ 71.4579141, 51.1476918 ], [ 71.4578265, 51.1478215 ], [ 71.458029406238907, 51.147866364863035 ], [ 71.458117106092374, 51.147736764823556 ], [ 71.4579141, 51.1476918 ] ] ], [ [ [ 71.457741125528514, 51.148026760148326 ], [ 71.4575195, 51.1480041 ], [ 71.457385, 51.1481799 ], [ 71.4579169, 51.1483401 ], [ 71.458138527313324, 51.148362759368986 ], [ 71.458273026524864, 51.148186959125169 ], [ 71.457741125528514, 51.148026760148326 ] ] ], [ [ [ 71.4591016, 51.1484123 ], [ 71.4589173, 51.1486296 ], [ 71.459409607303343, 51.148629764193316 ], [ 71.459404307043044, 51.148413764199567 ], [ 71.4591016, 51.1484123 ] ] ], [ [ [ 71.4585428, 51.14905490000001 ], [ 71.4586077, 51.1491731 ], [ 71.459106371415473, 51.149224079898133 ], [ 71.459687259411211, 51.149229186836749 ], [ 71.4596851, 51.1493275 ], [ 71.460086408270556, 51.149374363858506 ], [ 71.460090808031353, 51.149175063859857 ], [ 71.459835438447215, 51.149165589875388 ], [ 71.459837569766464, 51.149007176801341 ], [ 71.459254968418875, 51.148934079306969 ], [ 71.4586819, 51.1488854 ], [ 71.4585428, 51.14905490000001 ] ] ], [ [ [ 71.4583625, 51.149307 ], [ 71.4583638, 51.149349 ], [ 71.458526608079765, 51.14935336460087 ], [ 71.458525208028988, 51.149311264602254 ], [ 71.4583625, 51.149307 ] ] ], [ [ [ 71.4584333, 51.1494089 ], [ 71.458422, 51.1502318 ], [ 71.458699045815493, 51.150260122780558 ], [ 71.458870845912088, 51.150261022371843 ], [ 71.458882140970147, 51.149438122415958 ], [ 71.4586051, 51.1494098 ], [ 71.4584333, 51.1494089 ] ] ], [ [ [ 71.4579145, 51.1501747 ], [ 71.45818171807359, 51.15018492952764 ], [ 71.458241917991614, 51.1501455294717 ], [ 71.458229317503339, 51.149943629490679 ], [ 71.4579405, 51.1499367 ], [ 71.4578324, 51.1500827 ], [ 71.4579145, 51.1501747 ] ] ], [ [ [ 71.4588735, 51.1505855 ], [ 71.459246409647704, 51.150593664237071 ], [ 71.459290009493117, 51.150461264218606 ], [ 71.459292609333787, 51.150328564219663 ], [ 71.4589231, 51.150320399999984 ], [ 71.4588783, 51.150345799999982 ], [ 71.4588735, 51.1505855 ] ] ], [ [ [ 71.4578658, 51.1508487 ], [ 71.458074709836851, 51.150854364789936 ], [ 71.458074809218843, 51.150340464798774 ], [ 71.4580194, 51.1503348 ], [ 71.4578706, 51.1503348 ], [ 71.457568, 51.1504831 ], [ 71.457568, 51.1507287 ], [ 71.4578658, 51.1508487 ] ] ], [ [ [ 71.4588588, 51.1506487 ], [ 71.458856, 51.150701 ], [ 71.459072309769084, 51.150709964317876 ], [ 71.459075009706609, 51.150657764317501 ], [ 71.4588588, 51.1506487 ] ] ], [ [ [ 71.4583608, 51.1502668 ], [ 71.4581973, 51.1502664 ], [ 71.458192352468728, 51.150907464987121 ], [ 71.4577405, 51.1508857 ], [ 71.4577378, 51.1511843 ], [ 71.45802310000002, 51.151267 ], [ 71.45818933105906, 51.151283994263437 ], [ 71.458192303287646, 51.151147684354342 ], [ 71.458467551198808, 51.151175823252231 ], [ 71.458631151288046, 51.151176222863057 ], [ 71.458637845993465, 51.150295122923104 ], [ 71.4583608, 51.1502668 ] ] ], [ [ [ 71.460812657403764, 51.15200071760303 ], [ 71.460884956822724, 51.151897717439944 ], [ 71.459874073350989, 51.151626262826248 ], [ 71.459881754592203, 51.151615319850521 ], [ 71.458915452474415, 51.151348422171971 ], [ 71.4586384, 51.1513201 ], [ 71.4585661, 51.1514231 ], [ 71.459576981323764, 51.15169455705864 ], [ 71.4595693, 51.1517055 ], [ 71.4605356, 51.1519724 ], [ 71.460812657403764, 51.15200071760303 ] ] ], [ [ [ 71.459189411913158, 51.152482364231602 ], [ 71.4587989, 51.1523912 ], [ 71.4587789, 51.152422 ], [ 71.459169411948196, 51.152513264240575 ], [ 71.459189411913158, 51.152482364231602 ] ] ], [ [ [ 71.4586621, 51.15243550000001 ], [ 71.4585977, 51.152534 ], [ 71.458704711946623, 51.152552964460959 ], [ 71.458769111834982, 51.152454464432033 ], [ 71.4586621, 51.15243550000001 ] ] ], [ [ [ 71.4591059, 51.1525458 ], [ 71.4590318, 51.152649 ], [ 71.459142012134009, 51.152670164250914 ], [ 71.459216012017606, 51.152566864217476 ], [ 71.4591059, 51.1525458 ] ] ], [ [ [ 71.459023312138243, 51.152684164307125 ], [ 71.4586655, 51.1525918 ], [ 71.4586363, 51.1526318 ], [ 71.458994112183248, 51.15272416432034 ], [ 71.459023312138243, 51.152684164307125 ] ] ], [ [ [ 71.458150812826347, 51.153333264711009 ], [ 71.457996512772553, 51.15330216478494 ], [ 71.4578768, 51.153302399999987 ], [ 71.4580551, 51.1534521 ], [ 71.458110512971814, 51.153457764728039 ], [ 71.458149412958733, 51.15344346470976 ], [ 71.458150812826347, 51.153333264711009 ] ] ], [ [ [ 71.4577776, 51.153482 ], [ 71.457886112994402, 51.153496364834133 ], [ 71.457930012974174, 51.153475664813584 ], [ 71.457931612932967, 51.153441264813424 ], [ 71.457889712901803, 51.153419064833734 ], [ 71.4577805, 51.15342 ], [ 71.4577552, 51.1534506 ], [ 71.4577776, 51.153482 ] ] ], [ [ [ 71.4579628, 51.153577 ], [ 71.4576557, 51.1536065 ], [ 71.45781, 51.1536595 ], [ 71.457909613199931, 51.153665164820019 ], [ 71.458038413126516, 51.153592764759985 ], [ 71.4579628, 51.153577 ] ] ], [ [ [ 71.4581736, 51.1542681 ], [ 71.4581415, 51.1543206 ], [ 71.458274114054902, 51.15434376463493 ], [ 71.458306314001646, 51.154296664620425 ], [ 71.4581736, 51.1542681 ] ] ], [ [ [ 71.4585617, 51.1560024 ], [ 71.4585037, 51.1560929 ], [ 71.4586616, 51.1561511 ], [ 71.45944538214448, 51.15623502049003 ], [ 71.459552081520826, 51.156121920245987 ], [ 71.459193280505716, 51.155984821111296 ], [ 71.4588951, 51.1559544 ], [ 71.4585617, 51.1560024 ] ] ], [ [ [ 71.4588184, 51.1565767 ], [ 71.459095484184317, 51.156605021290446 ], [ 71.459191269374784, 51.156502622902309 ], [ 71.4602621, 51.1568979 ], [ 71.460594604297313, 51.15693188131484 ], [ 71.460688195084671, 51.156834425475736 ], [ 71.4608722, 51.1569943 ], [ 71.4610216, 51.1570532 ], [ 71.461298688219927, 51.157081516008432 ], [ 71.461407487774181, 51.156997815756853 ], [ 71.461307186372935, 51.156773716014783 ], [ 71.460932785357372, 51.156637916917099 ], [ 71.4606557, 51.1566096 ], [ 71.4605565, 51.15672 ], [ 71.460609676495821, 51.156766203375135 ], [ 71.459523599492883, 51.156360784431122 ], [ 71.4591911, 51.156326799999988 ], [ 71.459107875303005, 51.156415387555583 ], [ 71.458899181793811, 51.156224921790162 ], [ 71.45874138138042, 51.156170122170259 ], [ 71.4584643, 51.1561418 ], [ 71.4583736, 51.156218 ], [ 71.4584835, 51.1564475 ], [ 71.4588184, 51.1565767 ] ] ], [ [ [ 71.4594582, 51.1579426 ], [ 71.459513618522678, 51.157948263983059 ], [ 71.459835418417157, 51.157832163831976 ], [ 71.459367638068883, 51.157647435714779 ], [ 71.459380818130086, 51.157633664051673 ], [ 71.459154218003889, 51.157548764160943 ], [ 71.459095729905172, 51.15754614385898 ], [ 71.458722417771199, 51.157393464369058 ], [ 71.458668658940539, 51.157387969564283 ], [ 71.45831639610897, 51.157258197178933 ], [ 71.458330417548879, 51.15724326455814 ], [ 71.457996017364778, 51.157119764719369 ], [ 71.4579406, 51.1571141 ], [ 71.4578002, 51.1572636 ], [ 71.459440904697303, 51.157861635356092 ], [ 71.4593898, 51.1579131 ], [ 71.4594582, 51.1579426 ] ] ], [ [ [ 71.4580071, 51.1575027 ], [ 71.457971, 51.157541 ], [ 71.458089, 51.1575847 ], [ 71.458144417946698, 51.157590364640647 ], [ 71.458180517904481, 51.157552064624127 ], [ 71.458062517839352, 51.157508364681028 ], [ 71.4580071, 51.1575027 ] ] ], [ [ [ 71.4585159, 51.1582141 ], [ 71.458571318749264, 51.15821976442669 ], [ 71.45905041863881, 51.15808566420106 ], [ 71.458979618511449, 51.157986064236461 ], [ 71.458758618370936, 51.157888764343298 ], [ 71.458644618327313, 51.157862564397981 ], [ 71.4585892, 51.1578569 ], [ 71.4584632, 51.1578922 ], [ 71.4584374, 51.1581038 ], [ 71.4585159, 51.1582141 ] ] ], [ [ [ 71.4579644, 51.1582937 ], [ 71.458221918811333, 51.158302164591497 ], [ 71.45822801823482, 51.157822464596876 ], [ 71.4579749, 51.1578131 ], [ 71.4579297, 51.1579361 ], [ 71.4579251, 51.158042 ], [ 71.4579644, 51.1582937 ] ] ], [ [ [ 71.458779895177443, 51.159285344239706 ], [ 71.459603365411354, 51.159925900312658 ], [ 71.4589514, 51.1601163 ], [ 71.4590589, 51.1602429 ], [ 71.459271857760953, 51.160264664445918 ], [ 71.4589614, 51.1603663 ], [ 71.4590612, 51.1604862 ], [ 71.459116621540986, 51.160491864128062 ], [ 71.45954655198183, 51.160351144528626 ], [ 71.4596266, 51.160450700000013 ], [ 71.459682021558322, 51.16045636385968 ], [ 71.460090821445775, 51.160326763667413 ], [ 71.460061360261477, 51.160297953242122 ], [ 71.46011109259922, 51.160282666429985 ], [ 71.460154121404713, 51.160287063637981 ], [ 71.460286438248986, 51.160228768132846 ], [ 71.46057613883184, 51.160139718211745 ], [ 71.460465636224129, 51.160014019087626 ], [ 71.460439892528697, 51.160011388337573 ], [ 71.460498252193062, 51.159991763498937 ], [ 71.460521651635204, 51.159951063373782 ], [ 71.460333536244619, 51.159664204594129 ], [ 71.460331920621883, 51.159620763564909 ], [ 71.460123345430247, 51.159410568123775 ], [ 71.46024542031499, 51.159373363610307 ], [ 71.460295520273633, 51.159334563587144 ], [ 71.460027819835531, 51.158994063720392 ], [ 71.4597718, 51.1589864 ], [ 71.459678, 51.1590138 ], [ 71.459789322708318, 51.15915438308425 ], [ 71.459473357326502, 51.159122091581672 ], [ 71.459673319870802, 51.159054663888 ], [ 71.459593019749548, 51.158960963927818 ], [ 71.4595376, 51.1589553 ], [ 71.4592704, 51.159045399999982 ], [ 71.459322950395418, 51.159106719752209 ], [ 71.459110256779027, 51.159092454843702 ], [ 71.459353773683858, 51.158649177375914 ], [ 71.459271472510466, 51.158548077743994 ], [ 71.4587727, 51.1584971 ], [ 71.457926, 51.1587694 ], [ 71.4583069, 51.159237 ], [ 71.458779895177443, 51.159285344239706 ] ] ], [ [ [ 71.458742, 51.1599533 ], [ 71.458797420865892, 51.15995896428911 ], [ 71.45896602081929, 51.159905364209834 ], [ 71.458489120058758, 51.159315364446918 ], [ 71.4584337, 51.1593097 ], [ 71.4582684, 51.1593652 ], [ 71.4584263, 51.1597117 ], [ 71.4584775, 51.159772 ], [ 71.458742, 51.1599533 ] ] ], [ [ [ 71.45861206393262, 51.160355693190816 ], [ 71.4584458, 51.1603387 ], [ 71.4582666, 51.1603955 ], [ 71.4585877, 51.1607782 ], [ 71.45875396556437, 51.160795192965537 ], [ 71.458931065413211, 51.160737692715728 ], [ 71.45861206393262, 51.160355693190816 ] ] ], [ [ [ 71.460285321984685, 51.16075746356745 ], [ 71.460213621874061, 51.160671863603042 ], [ 71.4601582, 51.1606662 ], [ 71.4598308, 51.1607646 ], [ 71.459865713600976, 51.160806725144987 ], [ 71.4597637, 51.1607963 ], [ 71.4594763, 51.1608791 ], [ 71.4595548, 51.1609822 ], [ 71.459721066608878, 51.160999191574597 ], [ 71.46000696639922, 51.160915891170845 ], [ 71.459960363836331, 51.160853795219282 ], [ 71.460285321984685, 51.16075746356745 ] ] ], [ [ [ 71.459614, 51.1617836 ], [ 71.4594461, 51.1618325 ], [ 71.4594904, 51.161892299999977 ], [ 71.459545823278603, 51.161897963899612 ], [ 71.459713623237462, 51.161848963820617 ], [ 71.459669423160932, 51.161789263842692 ], [ 71.459614, 51.1617836 ] ] ], [ [ [ 71.4590601, 51.1618977 ], [ 71.4589072, 51.161947 ], [ 71.4589636, 51.1620157 ], [ 71.459019023371155, 51.162021364148117 ], [ 71.459171923328057, 51.161972064076224 ], [ 71.459115523239404, 51.161903364104248 ], [ 71.4590601, 51.1618977 ] ] ], [ [ [ 71.4597435, 51.1619151 ], [ 71.4595707, 51.1619663 ], [ 71.4596208, 51.1620349 ], [ 71.459676223464058, 51.162040563835106 ], [ 71.459848023422722, 51.161991063754208 ], [ 71.459798923332912, 51.161920763778802 ], [ 71.4597435, 51.1619151 ] ] ], [ [ [ 71.4586261, 51.1620325 ], [ 71.4584899, 51.162074099999984 ], [ 71.4585457, 51.162146 ], [ 71.458601123483589, 51.162151664344712 ], [ 71.458737323447991, 51.162110064280618 ], [ 71.458681523355551, 51.162038164308406 ], [ 71.4586261, 51.1620325 ] ] ], [ [ [ 71.4592087, 51.1620956 ], [ 71.4590808, 51.1621292 ], [ 71.4591271, 51.1621984 ], [ 71.459182523608391, 51.162204064067183 ], [ 71.459310423581528, 51.162170464006905 ], [ 71.459264123493341, 51.162101264030142 ], [ 71.4592087, 51.1620956 ] ] ], [ [ [ 71.459897223591497, 51.162126963728454 ], [ 71.4598418, 51.1621213 ], [ 71.459718, 51.1621563 ], [ 71.4598361, 51.1623206 ], [ 71.459891523830734, 51.162326263727749 ], [ 71.460015323801755, 51.162291263669452 ], [ 71.459897223591497, 51.162126963728454 ] ] ], [ [ [ 71.4592924, 51.1622035 ], [ 71.4591519, 51.1622441 ], [ 71.4592161, 51.1623316 ], [ 71.459271523778128, 51.16233726402254 ], [ 71.459412123744087, 51.16229656395636 ], [ 71.459347823632072, 51.162209163988443 ], [ 71.4592924, 51.1622035 ] ] ], [ [ [ 71.4587394, 51.1622246 ], [ 71.4585811, 51.1622766 ], [ 71.4586401, 51.1623473 ], [ 71.458695523735855, 51.162352964296332 ], [ 71.458853923689986, 51.162300864221869 ], [ 71.458794823598737, 51.1622302642512 ], [ 71.4587394, 51.1622246 ] ] ], [ [ [ 71.45891642373897, 51.162336064191507 ], [ 71.458861, 51.1623304 ], [ 71.4586925, 51.1623818 ], [ 71.4587449, 51.1624495 ], [ 71.45880032386998, 51.162455164244705 ], [ 71.458968923825907, 51.162403664165375 ], [ 71.45891642373897, 51.162336064191507 ] ] ], [ [ [ 71.4594364, 51.1623501 ], [ 71.4593222, 51.1623884 ], [ 71.4593995, 51.162479 ], [ 71.459454923974988, 51.16248466393273 ], [ 71.459569123941151, 51.162446463879064 ], [ 71.459491823823797, 51.162355763917404 ], [ 71.4594364, 51.1623501 ] ] ], [ [ [ 71.4583389, 51.1625099 ], [ 71.4582221, 51.1625466 ], [ 71.4582764, 51.1626147 ], [ 71.458331824019041, 51.162620364464757 ], [ 71.458448723987402, 51.16258376440976 ], [ 71.458394323899554, 51.162515564436831 ], [ 71.4583389, 51.1625099 ] ] ], [ [ [ 71.4590013, 51.1624877 ], [ 71.4588429, 51.1625361 ], [ 71.4589097, 51.1626222 ], [ 71.458965124095315, 51.162627864163312 ], [ 71.459123524054007, 51.16257956408878 ], [ 71.459056723943178, 51.162493364122057 ], [ 71.4590013, 51.1624877 ] ] ], [ [ [ 71.4595574, 51.1624768 ], [ 71.4594142, 51.16252320000001 ], [ 71.4595077, 51.1626368 ], [ 71.459563124176384, 51.162642463878534 ], [ 71.459706324135752, 51.162596063811208 ], [ 71.459612823989104, 51.162482463857664 ], [ 71.4595574, 51.1624768 ] ] ], [ [ [ 71.4591063, 51.162637599999989 ], [ 71.4589569, 51.1626832 ], [ 71.4590259, 51.1627721 ], [ 71.45908132428805, 51.162777764105435 ], [ 71.459230624249031, 51.162732164035184 ], [ 71.459161724134731, 51.162643264069509 ], [ 71.4591063, 51.162637599999989 ] ] ], [ [ [ 71.4585763, 51.1626579 ], [ 71.458321, 51.1627357 ], [ 71.4583882, 51.1628223 ], [ 71.458443624280747, 51.162827964407995 ], [ 71.458698924214104, 51.162750064287863 ], [ 71.458631724102872, 51.162663564321321 ], [ 71.4585763, 51.1626579 ] ] ], [ [ [ 71.4596779, 51.1628436 ], [ 71.459733324443334, 51.162849263794001 ], [ 71.459809324418785, 51.162822163758285 ], [ 71.459949124291754, 51.162704263693811 ], [ 71.459875824186838, 51.162623563730079 ], [ 71.4598204, 51.1626179 ], [ 71.459577, 51.162704799999986 ], [ 71.4596779, 51.1628436 ] ] ], [ [ [ 71.4592068, 51.1627931 ], [ 71.4590648, 51.1628364 ], [ 71.4591442, 51.1629387 ], [ 71.45919962450111, 51.162944364046261 ], [ 71.459341624464074, 51.162901063979461 ], [ 71.459262224332534, 51.162798764019016 ], [ 71.4592068, 51.1627931 ] ] ], [ [ [ 71.458664, 51.162812700000011 ], [ 71.4584471, 51.1628789 ], [ 71.4585055, 51.1629541 ], [ 71.458560924451817, 51.1629597643499 ], [ 71.458777824395298, 51.162893664247839 ], [ 71.458719424298479, 51.16281836427693 ], [ 71.458664, 51.162812700000011 ] ] ], [ [ [ 71.459416324522422, 51.162942963943195 ], [ 71.4593609, 51.16293730000001 ], [ 71.4592285, 51.1629777 ], [ 71.4592939, 51.163062 ], [ 71.459349324665396, 51.163067663972917 ], [ 71.459481724630834, 51.163027263910628 ], [ 71.459416324522422, 51.162942963943195 ] ] ], [ [ [ 71.4587162, 51.1629808 ], [ 71.4585462, 51.1630403 ], [ 71.458610600000014, 51.1631126 ], [ 71.458666024653724, 51.163118264297161 ], [ 71.458835924600166, 51.163058764217332 ], [ 71.458771624506326, 51.162986464249201 ], [ 71.4587162, 51.1629808 ] ] ], [ [ [ 71.4590326, 51.163069 ], [ 71.4588909, 51.1631122 ], [ 71.4589432, 51.1631797 ], [ 71.458998624769791, 51.163185364137767 ], [ 71.459140324732729, 51.163142064071089 ], [ 71.459088024646064, 51.163074664097138 ], [ 71.4590326, 51.163069 ] ] ], [ [ [ 71.45885792468566, 51.163127864205705 ], [ 71.4588025, 51.1631222 ], [ 71.45867890000001, 51.163159899999989 ], [ 71.4587355, 51.1632329 ], [ 71.45879092481178, 51.163238564235662 ], [ 71.45891452477953, 51.163200864177512 ], [ 71.45885792468566, 51.163127864205705 ] ] ], [ [ [ 71.458547924907151, 51.163339264349545 ], [ 71.458492324821933, 51.16327336437714 ], [ 71.4584369, 51.1632677 ], [ 71.4582158, 51.163341 ], [ 71.4582862, 51.1634244 ], [ 71.458341624994532, 51.163430064446125 ], [ 71.45845542496123, 51.163392364392649 ], [ 71.458547924907151, 51.163339264349545 ] ] ], [ [ [ 71.461476393468885, 51.163219629757684 ], [ 71.461555525334234, 51.163227714867013 ], [ 71.462429024121377, 51.16294911281301 ], [ 71.462317423205278, 51.162806713090788 ], [ 71.462113790235207, 51.162785908409262 ], [ 71.462403720357074, 51.162669716752013 ], [ 71.4623967, 51.1627541 ], [ 71.4623078, 51.1627822 ], [ 71.462332, 51.1628122 ], [ 71.462387424687307, 51.162817862531725 ], [ 71.462435956968577, 51.162802504892127 ], [ 71.462494424691442, 51.162811862480929 ], [ 71.46283092459754, 51.162704162322669 ], [ 71.46277232450467, 51.162632162351798 ], [ 71.462532975419293, 51.162617696702739 ], [ 71.463079321149124, 51.162397811313568 ], [ 71.46297412031349, 51.162268211575039 ], [ 71.462697, 51.1622399 ], [ 71.461846323598607, 51.162457323916179 ], [ 71.461758919206517, 51.16234573626604 ], [ 71.461961024006129, 51.162289462743715 ], [ 71.461920068868011, 51.162235823768235 ], [ 71.461972323949226, 51.162241162739186 ], [ 71.462027723935122, 51.162224562713106 ], [ 71.462256623838456, 51.162124062605947 ], [ 71.462189123728038, 51.162038262639548 ], [ 71.4621337, 51.1620326 ], [ 71.461866, 51.1620811 ], [ 71.4618068, 51.1620997 ], [ 71.461822063899859, 51.16211852691815 ], [ 71.4617758, 51.1621138 ], [ 71.4616593, 51.1621476 ], [ 71.461663909095506, 51.162224437824023 ], [ 71.461511776819577, 51.162030210567345 ], [ 71.4614783869104, 51.162026798926057 ], [ 71.461699123603836, 51.16197826287371 ], [ 71.461687397878833, 51.161961477611484 ], [ 71.462008874405981, 51.161861006829859 ], [ 71.461877671142901, 51.16170310787227 ], [ 71.461804406581948, 51.161695622167336 ], [ 71.461772323215698, 51.161649262844556 ], [ 71.4617169, 51.1616436 ], [ 71.461609582131445, 51.161675716013178 ], [ 71.461266867914404, 51.161640698415432 ], [ 71.461240948962015, 51.16157790825455 ], [ 71.461402423031174, 51.16152856302265 ], [ 71.461330922928042, 51.161449163058023 ], [ 71.4612755, 51.1614435 ], [ 71.461196956450664, 51.161471333429461 ], [ 71.461138518988719, 51.161329763915269 ], [ 71.461168362808507, 51.161332813374145 ], [ 71.461502361359905, 51.161228110860492 ], [ 71.461378258230312, 51.161076511847064 ], [ 71.46100078409124, 51.161037941177689 ], [ 71.460970322342121, 51.160994063237453 ], [ 71.4609149, 51.1609884 ], [ 71.460806213345947, 51.161018059249393 ], [ 71.4604915, 51.1609859 ], [ 71.459844, 51.1611887 ], [ 71.459942, 51.1613671 ], [ 71.4602083, 51.1617162 ], [ 71.4602762, 51.1617602 ], [ 71.460451834013583, 51.161778147408548 ], [ 71.4602922, 51.1618272 ], [ 71.4604223, 51.161989099999985 ], [ 71.460455467270577, 51.16199248920374 ], [ 71.4604362, 51.161998499999989 ], [ 71.4607893, 51.1624554 ], [ 71.461564231234135, 51.162534580484284 ], [ 71.4615256, 51.1625469 ], [ 71.4617255, 51.1627931 ], [ 71.461935830401089, 51.162814589648526 ], [ 71.46124491985141, 51.163069144872431 ], [ 71.4602756, 51.1629701 ], [ 71.4580469, 51.1636903 ], [ 71.4580611, 51.1637665 ], [ 71.4581322, 51.1638468 ], [ 71.4593386125904, 51.163969984278339 ], [ 71.461149502198481, 51.163378467250041 ], [ 71.461462999990161, 51.163259064308036 ], [ 71.461476393468885, 51.163219629757684 ] ] ], [ [ [ 71.4599188, 51.1639693 ], [ 71.4598047, 51.1640069 ], [ 71.4598761, 51.1640923 ], [ 71.459931525967193, 51.164097963678152 ], [ 71.460045625934157, 51.164060463624516 ], [ 71.459974225823686, 51.163974963659953 ], [ 71.4599188, 51.1639693 ] ] ], [ [ [ 71.4597199, 51.1640417 ], [ 71.459626, 51.1640745 ], [ 71.4597009, 51.1641588 ], [ 71.459756326028625, 51.164164463760365 ], [ 71.459850225999119, 51.16413166371624 ], [ 71.459775325889709, 51.164047363753333 ], [ 71.4597199, 51.1640417 ] ] ], [ [ [ 71.4595447, 51.1641024 ], [ 71.4594521, 51.16413450000001 ], [ 71.4595101, 51.1642003 ], [ 71.459565526058299, 51.164205963850421 ], [ 71.459658226029518, 51.164173863806866 ], [ 71.459600125944149, 51.164108063835656 ], [ 71.4595447, 51.1641024 ] ] ], [ [ [ 71.4593259, 51.1641561 ], [ 71.4592428, 51.1641822 ], [ 71.4593616, 51.1643312 ], [ 71.459417026200086, 51.16433686391882 ], [ 71.459500226177511, 51.164310763879691 ], [ 71.459381325985547, 51.164161763938829 ], [ 71.4593259, 51.1641561 ] ] ], [ [ [ 71.459187126052072, 51.16423416402997 ], [ 71.4591317, 51.164228499999986 ], [ 71.4590351, 51.164265499999985 ], [ 71.4591376, 51.164370699999985 ], [ 71.459193026223844, 51.164376364024719 ], [ 71.459289626189573, 51.164339363979394 ], [ 71.459187126052072, 51.16423416402997 ] ] ], [ [ [ 71.4589091, 51.1642921 ], [ 71.4588125, 51.164333299999988 ], [ 71.4588869, 51.1644018 ], [ 71.458942326234649, 51.164407464143473 ], [ 71.459038826195311, 51.164366264098263 ], [ 71.458964526104978, 51.164297764134794 ], [ 71.4589091, 51.1642921 ] ] ], [ [ [ 71.4585764, 51.1644105 ], [ 71.4584663, 51.1644457 ], [ 71.4585244, 51.1645172 ], [ 71.45857982633504, 51.164522864313952 ], [ 71.458689926304359, 51.164487664262168 ], [ 71.458631826212141, 51.164416164291055 ], [ 71.4585764, 51.1644105 ] ] ], [ [ [ 71.460068026319163, 51.164378363608357 ], [ 71.4600126, 51.1643727 ], [ 71.4598964, 51.1644105 ], [ 71.4599709, 51.1645005 ], [ 71.460026326468551, 51.164506163626001 ], [ 71.460142526435376, 51.164468363571359 ], [ 71.460068026319163, 51.164378363608357 ] ] ], [ [ [ 71.459501590745646, 51.164542608446943 ], [ 71.4593537, 51.164531 ], [ 71.4592686, 51.1645566 ], [ 71.4593693, 51.1646879 ], [ 71.459424726630232, 51.164693563909005 ], [ 71.459545126599195, 51.16465716385234 ], [ 71.459568817352732, 51.164623933141399 ], [ 71.459619026573222, 51.164629063817692 ], [ 71.459709026550158, 51.164601963775326 ], [ 71.459715258208405, 51.164552031161698 ], [ 71.4597396, 51.1645822 ], [ 71.459795026542324, 51.164587863734646 ], [ 71.45994742650025, 51.164539463662969 ], [ 71.459862526364745, 51.164434363705183 ], [ 71.4598071, 51.1644287 ], [ 71.459666754824823, 51.164473300841216 ], [ 71.4595397, 51.1644478 ], [ 71.4594497, 51.164475 ], [ 71.459501590745646, 51.164542608446943 ] ] ], [ [ [ 71.458706, 51.1644932 ], [ 71.458593, 51.1645292 ], [ 71.45866, 51.164611799999989 ], [ 71.458715426463286, 51.164617464247797 ], [ 71.458828426431964, 51.164581464194654 ], [ 71.458761426325452, 51.16449886422798 ], [ 71.458706, 51.1644932 ] ] ], [ [ [ 71.459264926517449, 51.164613963986405 ], [ 71.4591365, 51.1645793 ], [ 71.4590673, 51.1646002 ], [ 71.4591762, 51.1647422 ], [ 71.459231626675063, 51.164747863999935 ], [ 71.459342126646717, 51.164714563947939 ], [ 71.459264926517449, 51.164613963986405 ] ] ], [ [ [ 71.4588266, 51.1646316 ], [ 71.4586347, 51.164683599999989 ], [ 71.4586776, 51.1647458 ], [ 71.458733026626462, 51.164751464237128 ], [ 71.458924926584245, 51.164699464146715 ], [ 71.458882026504824, 51.164637264168199 ], [ 71.4588266, 51.1646316 ] ] ], [ [ [ 71.4589177, 51.1647585 ], [ 71.4587527, 51.1648033 ], [ 71.4588138, 51.1648902 ], [ 71.458869226814713, 51.164895864169836 ], [ 71.459033826778636, 51.164851364092272 ], [ 71.458973126667217, 51.164764164122666 ], [ 71.4589177, 51.1647585 ] ] ], [ [ [ 71.4596119, 51.1648201 ], [ 71.4594815, 51.1648565 ], [ 71.4595459, 51.1649473 ], [ 71.459601326961177, 51.164952963820525 ], [ 71.459731726931338, 51.16491666375908 ], [ 71.459667326815094, 51.164825763791299 ], [ 71.4596119, 51.1648201 ] ] ], [ [ [ 71.4594134, 51.1648672 ], [ 71.459283, 51.1649036 ], [ 71.4593474, 51.1649944 ], [ 71.459402826996794, 51.165000063914142 ], [ 71.459533226966954, 51.164963763852725 ], [ 71.45946882685071, 51.164872863884938 ], [ 71.4594134, 51.1648672 ] ] ], [ [ [ 71.45976922698793, 51.164960363740498 ], [ 71.4597138, 51.1649547 ], [ 71.4595834, 51.164991 ], [ 71.4596478, 51.1650819 ], [ 71.459703227134014, 51.165087563769696 ], [ 71.459833627104047, 51.16505116370827 ], [ 71.45976922698793, 51.164960363740498 ] ] ], [ [ [ 71.4588222, 51.1650431 ], [ 71.4589625, 51.165241899999984 ], [ 71.459017927253811, 51.165247564093008 ], [ 71.459287227187573, 51.165168763966236 ], [ 71.459252627052351, 51.165059463984576 ], [ 71.459199326961951, 51.164989064011152 ], [ 71.4589696, 51.1650001 ], [ 71.4588222, 51.1650431 ] ] ], [ [ [ 71.4598318, 51.1650825 ], [ 71.4597014, 51.1651189 ], [ 71.4597658, 51.1652097 ], [ 71.459821227300367, 51.16521536371134 ], [ 71.459951627270527, 51.165179063649937 ], [ 71.459887227154283, 51.16508816368215 ], [ 71.4598318, 51.1650825 ] ] ], [ [ [ 71.458592027157437, 51.165205064296394 ], [ 71.4585366, 51.1651994 ], [ 71.4584412, 51.1652254 ], [ 71.4585072, 51.1653203 ], [ 71.458562627299827, 51.165325964308295 ], [ 71.458657927278651, 51.165299964263397 ], [ 71.458592027157437, 51.165205064296394 ] ] ], [ [ [ 71.4591926, 51.165488299999986 ], [ 71.459248027574816, 51.165493963979287 ], [ 71.459513927505924, 51.165413263854155 ], [ 71.45944819896232, 51.165309618031166 ], [ 71.45960742735096, 51.165276263812032 ], [ 71.459543127234838, 51.165185463844182 ], [ 71.4594877, 51.1651798 ], [ 71.459379093717615, 51.165210033204552 ], [ 71.4593225, 51.1652028 ], [ 71.4590315, 51.16529 ], [ 71.4591926, 51.165488299999986 ] ] ], [ [ [ 71.4599232, 51.1652292 ], [ 71.4597928, 51.1652655 ], [ 71.4598677, 51.16537120000001 ], [ 71.459923127505576, 51.165376863660086 ], [ 71.460053527475623, 51.16534046359866 ], [ 71.459978627340547, 51.165234863636122 ], [ 71.4599232, 51.1652292 ] ] ], [ [ [ 71.4586649, 51.1653298 ], [ 71.4585534, 51.165369899999988 ], [ 71.4586043, 51.1654256 ], [ 71.458659727436881, 51.165431264260285 ], [ 71.458771227400462, 51.165391164207918 ], [ 71.45872032732801, 51.165335464233095 ], [ 71.4586649, 51.1653298 ] ] ], [ [ [ 71.4600786, 51.1654088 ], [ 71.4599482, 51.1654452 ], [ 71.4600126, 51.165536 ], [ 71.460065992041393, 51.165541455583814 ], [ 71.4599756, 51.165567899999985 ], [ 71.4600174, 51.165624099999988 ], [ 71.460072827825869, 51.165629763584484 ], [ 71.460279527775114, 51.16556936348718 ], [ 71.460237827702926, 51.165513063507987 ], [ 71.460188772926543, 51.16550805117614 ], [ 71.460134027573218, 51.165414463559081 ], [ 71.4600786, 51.1654088 ] ] ], [ [ [ 71.4587634, 51.1654519 ], [ 71.4586213, 51.1654993 ], [ 71.4586884, 51.1655784 ], [ 71.458743827629732, 51.165584064217619 ], [ 71.458885827587764, 51.165536664150878 ], [ 71.45881882748543, 51.165457564184123 ], [ 71.4587634, 51.1654519 ] ] ], [ [ [ 71.4595974, 51.1654854 ], [ 71.4593265, 51.1655763 ], [ 71.4594078, 51.1656709 ], [ 71.459463227817466, 51.165676563873717 ], [ 71.459734127736823, 51.165585663746405 ], [ 71.459652827614335, 51.165491063786739 ], [ 71.4595974, 51.1654854 ] ] ], [ [ [ 71.4588921, 51.1655828 ], [ 71.4587087, 51.1656446 ], [ 71.4587705, 51.1657167 ], [ 71.458825927804924, 51.165722364176169 ], [ 71.459009327749996, 51.165660564089968 ], [ 71.458947527656662, 51.165588464120624 ], [ 71.4588921, 51.1655828 ] ] ], [ [ [ 71.45906022782691, 51.165719964064714 ], [ 71.4590048, 51.165714299999983 ], [ 71.4588797, 51.1657484 ], [ 71.4589277, 51.1658177 ], [ 71.458983127943171, 51.165823364099644 ], [ 71.459108227915408, 51.165789264040697 ], [ 71.45906022782691, 51.165719964064714 ] ] ], [ [ [ 71.4596158, 51.1657199 ], [ 71.4594374, 51.1657748 ], [ 71.459621, 51.1660046 ], [ 71.459676428241764, 51.166010263766523 ], [ 71.459853228193865, 51.165954863683368 ], [ 71.459671227898525, 51.165725563773911 ], [ 71.4596158, 51.1657199 ] ] ], [ [ [ 71.459133027966075, 51.165829164028217 ], [ 71.4590776, 51.1658235 ], [ 71.458903, 51.1658448 ], [ 71.4588219, 51.165869099999988 ], [ 71.458846735829141, 51.165901733574202 ], [ 71.4587965, 51.1658966 ], [ 71.4586661, 51.1659329 ], [ 71.4587305, 51.1660238 ], [ 71.4587859281703, 51.166029464189918 ], [ 71.458916328140361, 51.165993064128507 ], [ 71.458895909096142, 51.165964274650278 ], [ 71.458949628115832, 51.165969764113051 ], [ 71.45918612805562, 51.16589886400174 ], [ 71.459133027966075, 51.165829164028217 ] ] ], [ [ [ 71.4591385, 51.1659576 ], [ 71.4589861, 51.165998899999984 ], [ 71.4590371, 51.1660729 ], [ 71.459092528261976, 51.16607856404319 ], [ 71.459244928228443, 51.166037263971369 ], [ 71.459193928133956, 51.165963263996929 ], [ 71.4591385, 51.1659576 ] ] ], [ [ [ 71.4592481, 51.1660868 ], [ 71.4591041, 51.1661267 ], [ 71.4591551, 51.166199 ], [ 71.459210528426297, 51.166204663984857 ], [ 71.459354428393539, 51.166164763917088 ], [ 71.459303528301106, 51.166092463942547 ], [ 71.4592481, 51.1660868 ] ] ], [ [ [ 71.459960428343194, 51.166069463630379 ], [ 71.459905, 51.1660638 ], [ 71.4597135, 51.1661203 ], [ 71.4598743, 51.1663308 ], [ 71.459929728661322, 51.16633646364037 ], [ 71.460118528614686, 51.166281063551516 ], [ 71.459960428343194, 51.166069463630379 ] ] ], [ [ [ 71.45882772855559, 51.166345864164569 ], [ 71.4587723, 51.1663402 ], [ 71.4586221, 51.1663923 ], [ 71.458683, 51.1664614 ], [ 71.458738428691987, 51.166467064204973 ], [ 71.458775227463505, 51.166454275291606 ], [ 71.4587005, 51.1664814 ], [ 71.4587581, 51.1665438 ], [ 71.458813528799141, 51.166549464167822 ], [ 71.458966428748596, 51.16649396409602 ], [ 71.458908828667361, 51.166431564124501 ], [ 71.458856084807223, 51.16642617435474 ], [ 71.458888628645113, 51.166414864134403 ], [ 71.45882772855559, 51.166345864164569 ] ] ], [ [ [ 71.459449628940149, 51.166610463864103 ], [ 71.45972192886903, 51.166527363735973 ], [ 71.45944012845861, 51.166211263875496 ], [ 71.4593847, 51.1662056 ], [ 71.4592076, 51.1662597 ], [ 71.45932190000002, 51.1665118 ], [ 71.4593942, 51.1666048 ], [ 71.459449628940149, 51.166610463864103 ] ] ], [ [ [ 71.460087087539478, 51.166763890753828 ], [ 71.459929833656929, 51.166747823037937 ], [ 71.459797828944019, 51.166582963698886 ], [ 71.4597424, 51.1665773 ], [ 71.459578, 51.1666349 ], [ 71.4597146, 51.1667987 ], [ 71.459747135485017, 51.16680202445098 ], [ 71.4592737, 51.1669523 ], [ 71.4593542, 51.167056599999988 ], [ 71.459564788514584, 51.167079991483021 ], [ 71.460000088198967, 51.166954190868168 ], [ 71.460162087913645, 51.16686089064175 ], [ 71.460087087539478, 51.166763890753828 ] ] ], [ [ [ 71.4591466, 51.1666552 ], [ 71.4587505, 51.1667888 ], [ 71.4588406, 51.1668935 ], [ 71.458896029228853, 51.166899164122533 ], [ 71.45929242910907, 51.166764663936227 ], [ 71.459202028974516, 51.166660863981036 ], [ 71.4591466, 51.1666552 ] ] ], [ [ [ 71.45922512949025, 51.167087263962706 ], [ 71.4591697, 51.1670816 ], [ 71.4590439, 51.1671258 ], [ 71.4591101, 51.1671997 ], [ 71.459165529626077, 51.167205363989012 ], [ 71.459291229586341, 51.16716126392997 ], [ 71.45922512949025, 51.167087263962706 ] ] ], [ [ [ 71.458983529705449, 51.167287364074205 ], [ 71.458891029551907, 51.167167964120267 ], [ 71.4588356, 51.1671623 ], [ 71.4587277, 51.1671952 ], [ 71.4587264, 51.1672466 ], [ 71.4587868, 51.1673247 ], [ 71.458842229742203, 51.167330364140703 ], [ 71.458983529705449, 51.167287364074205 ] ] ], [ [ [ 71.4586255, 51.1672998 ], [ 71.4585267, 51.1673346 ], [ 71.4585851, 51.1673999 ], [ 71.458640529811305, 51.167405564235359 ], [ 71.458739329780016, 51.167370864188953 ], [ 71.458680929695092, 51.167305464217876 ], [ 71.4586255, 51.1672998 ] ] ], [ [ [ 71.460435659905897, 51.167370126790111 ], [ 71.4603248, 51.1673588 ], [ 71.4589036, 51.1677929 ], [ 71.459137, 51.1680933 ], [ 71.459247861421986, 51.168104627895133 ], [ 71.460669060678697, 51.167670526557636 ], [ 71.460435659905897, 51.167370126790111 ] ] ], [ [ [ 71.458951, 51.1679826 ], [ 71.4587427, 51.1680511 ], [ 71.4588308, 51.1681563 ], [ 71.458886230747964, 51.168161964105416 ], [ 71.459094430687728, 51.168093564007535 ], [ 71.459006430551625, 51.167988264051218 ], [ 71.458951, 51.1679826 ] ] ], [ [ [ 71.459996931495297, 51.168684763567903 ], [ 71.460409931384945, 51.168556663373586 ], [ 71.460501031295777, 51.168474563331657 ], [ 71.460326631011213, 51.168253563418467 ], [ 71.460165830887945, 51.168165363496492 ], [ 71.459770830634483, 51.167989663687472 ], [ 71.4597154, 51.167984 ], [ 71.4594564, 51.1680644 ], [ 71.4599415, 51.1686791 ], [ 71.459996931495297, 51.168684763567903 ] ] ], [ [ [ 71.4593760324382, 51.169522763848896 ], [ 71.46038263215722, 51.169200563375483 ], [ 71.460281532005382, 51.169083363425592 ], [ 71.460245847821199, 51.169079717615837 ], [ 71.460324031977777, 51.169056663405833 ], [ 71.460161731700012, 51.168840263486786 ], [ 71.4601063, 51.1688346 ], [ 71.4593844, 51.1690474 ], [ 71.4592407, 51.1691666 ], [ 71.4591981, 51.1692913 ], [ 71.4592444, 51.169353 ], [ 71.459299832232546, 51.169358663887976 ], [ 71.460048151495158, 51.169138012118879 ], [ 71.4598508, 51.1692049 ], [ 71.459860050830756, 51.169215633188855 ], [ 71.4598333, 51.1692129 ], [ 71.4592299, 51.169405500000011 ], [ 71.4593206, 51.1695171 ], [ 71.4593760324382, 51.169522763848896 ] ] ], [ [ [ 71.4605636, 51.1693279 ], [ 71.4599135, 51.1695253 ], [ 71.4599963, 51.169632599999986 ], [ 71.460051732649035, 51.169638263525371 ], [ 71.460701932480291, 51.169440763219391 ], [ 71.46061903234245, 51.1693335632607 ], [ 71.4605636, 51.1693279 ] ] ], [ [ [ 71.460095333045075, 51.169963363499022 ], [ 71.45983833264502, 51.169653763626648 ], [ 71.4597829, 51.1696481 ], [ 71.4591326, 51.1698602 ], [ 71.4593227, 51.1700893 ], [ 71.459378133127316, 51.170094963838018 ], [ 71.459905133099639, 51.170025463588466 ], [ 71.460095333045075, 51.169963363499022 ] ] ], [ [ [ 71.459113732800887, 51.169847163968115 ], [ 71.4588937, 51.169833199999985 ], [ 71.4586728, 51.169905299999989 ], [ 71.4587659, 51.1700174 ], [ 71.458821332981628, 51.170023064104214 ], [ 71.459166332882717, 51.169910463941989 ], [ 71.459113732800887, 51.169847163968115 ] ] ], [ [ [ 71.459767533152927, 51.17008186365296 ], [ 71.459712100000019, 51.1700762 ], [ 71.4595576, 51.1701231 ], [ 71.4597192, 51.1703325 ], [ 71.459774633462246, 51.170338163645148 ], [ 71.459929133422193, 51.170291263572437 ], [ 71.459767533152927, 51.17008186365296 ] ] ], [ [ [ 71.45943433330909, 51.170240963808773 ], [ 71.459332033128206, 51.170099763859859 ], [ 71.4592766, 51.170094099999986 ], [ 71.4589207, 51.1701955 ], [ 71.4590858, 51.1704233 ], [ 71.459141233504283, 51.170428963945 ], [ 71.45933733345781, 51.170373063852651 ], [ 71.45943433330909, 51.170240963808773 ] ] ], [ [ [ 71.460580733648882, 51.170422063260141 ], [ 71.460748333576745, 51.170347363181676 ], [ 71.46068612209146, 51.170268934736391 ], [ 71.4608241, 51.1703472 ], [ 71.460879533597279, 51.170352863119135 ], [ 71.461165733388938, 51.170154562986383 ], [ 71.460637732972287, 51.169855063242785 ], [ 71.4605823, 51.169849399999983 ], [ 71.4602961, 51.1700477 ], [ 71.460589972524431, 51.17021439552245 ], [ 71.460282633173449, 51.170053463408337 ], [ 71.4602272, 51.1700478 ], [ 71.4599751, 51.1701264 ], [ 71.4602687, 51.1704964 ], [ 71.460324133717947, 51.170502063380837 ], [ 71.460580733648882, 51.170422063260141 ] ] ], [ [ [ 71.459969133519266, 51.170368363552079 ], [ 71.4599137, 51.1703627 ], [ 71.4597623, 51.1704127 ], [ 71.4598807, 51.1705538 ], [ 71.459936133745842, 51.170559463564494 ], [ 71.460087533701852, 51.170509563493304 ], [ 71.459969133519266, 51.170368363552079 ] ] ], [ [ [ 71.459771033636798, 51.170483463644352 ], [ 71.459669333480079, 51.170362263694841 ], [ 71.4596139, 51.1703566 ], [ 71.4592327, 51.1704822 ], [ 71.4594433, 51.1707333 ], [ 71.459498733915495, 51.170738963769537 ], [ 71.459696933857927, 51.170673663676318 ], [ 71.459771033636798, 51.170483463644352 ] ] ], [ [ [ 71.4597602, 51.1708887 ], [ 71.4595253, 51.170962399999986 ], [ 71.4599186, 51.1714555 ], [ 71.45997403483554, 51.171461163530893 ], [ 71.46020893477187, 51.171387563420403 ], [ 71.459815634136277, 51.170894363616057 ], [ 71.4597602, 51.1708887 ] ] ], [ [ [ 71.459078534317442, 51.171109863963082 ], [ 71.4589348, 51.1711098 ], [ 71.4588633, 51.17113590000001 ], [ 71.4586206, 51.171273 ], [ 71.4585093, 51.1713661 ], [ 71.4586058, 51.1714703 ], [ 71.458739834714308, 51.171469364118039 ], [ 71.45883103468401, 51.171436164075232 ], [ 71.45906443454686, 51.171301663966481 ], [ 71.459171734448589, 51.171210563917008 ], [ 71.459078534317442, 51.171109863963082 ] ] ], [ [ [ 71.4593602, 51.1713573 ], [ 71.4592953, 51.1713785 ], [ 71.4593558, 51.1714513 ], [ 71.459411234770698, 51.171456963798782 ], [ 71.459476234752088, 51.17143576376823 ], [ 71.459415634657987, 51.171362963798316 ], [ 71.4593602, 51.1713573 ] ] ], [ [ [ 71.4604412, 51.1713519 ], [ 71.4602375, 51.1714183 ], [ 71.460356, 51.1715613 ], [ 71.460411435009391, 51.171566963320942 ], [ 71.46061513495107, 51.171500563225145 ], [ 71.460496634766315, 51.171357563284005 ], [ 71.4604412, 51.1713519 ] ] ], [ [ [ 71.459300534798814, 51.171490063850896 ], [ 71.459148234702425, 51.171423463924498 ], [ 71.4590928, 51.1714178 ], [ 71.4589991, 51.1714476 ], [ 71.4589371, 51.1714894 ], [ 71.4589427, 51.1715352 ], [ 71.4589984, 51.1716042 ], [ 71.4592212, 51.1717486 ], [ 71.4593506, 51.1718113 ], [ 71.4594060352036, 51.171816963795038 ], [ 71.459514935173516, 51.171782363743823 ], [ 71.459586835128661, 51.171738763710366 ], [ 71.45958223507111, 51.171691363713364 ], [ 71.459536034997441, 51.171634263736344 ], [ 71.459300534798814, 51.171490063850896 ] ] ], [ [ [ 71.459577135274998, 51.171861163712869 ], [ 71.4595217, 51.1718555 ], [ 71.4593617, 51.1719064 ], [ 71.4594143, 51.1719713 ], [ 71.459469735403033, 51.171976963761985 ], [ 71.459629735358604, 51.171925963686725 ], [ 71.459577135274998, 51.171861163712869 ] ] ], [ [ [ 71.4593338, 51.1719447 ], [ 71.4590951, 51.1720211 ], [ 71.459175, 51.172119299999984 ], [ 71.459230435555824, 51.172124963873301 ], [ 71.459469235489067, 51.172048463760987 ], [ 71.459389235362451, 51.171950363800754 ], [ 71.4593338, 51.1719447 ] ] ], [ [ [ 71.459837035486359, 51.17201376358657 ], [ 71.459724435417215, 51.171966263640961 ], [ 71.459669, 51.1719606 ], [ 71.4594752, 51.1720244 ], [ 71.4596073, 51.172182 ], [ 71.459662735677227, 51.17218766366652 ], [ 71.459913535604542, 51.172105163548608 ], [ 71.459837035486359, 51.17201376358657 ] ] ], [ [ [ 71.460031135784888, 51.172244563490217 ], [ 71.459975700000015, 51.1722389 ], [ 71.4597988, 51.1722967 ], [ 71.459965, 51.1724965 ], [ 71.460020436093913, 51.172502163490869 ], [ 71.460197336043123, 51.172444363407699 ], [ 71.460031135784888, 51.172244563490217 ] ] ], [ [ [ 71.4602139, 51.1725775 ], [ 71.459998, 51.1726443 ], [ 71.4600538, 51.1727151 ], [ 71.460109236366577, 51.172720763444836 ], [ 71.460325136309081, 51.172653963343251 ], [ 71.460269336217905, 51.17258316337103 ], [ 71.4602139, 51.1725775 ] ] ], [ [ [ 71.4592437, 51.172681 ], [ 71.4589034, 51.1727956 ], [ 71.4589708, 51.172874199999988 ], [ 71.459026236443123, 51.172879863957441 ], [ 71.45936653634125, 51.17276526379748 ], [ 71.459299136239466, 51.172686663830923 ], [ 71.4592437, 51.172681 ] ] ], [ [ [ 71.459619136319461, 51.172724863677992 ], [ 71.4595637, 51.17271920000001 ], [ 71.4589745, 51.1729119 ], [ 71.4590504, 51.1730031 ], [ 71.459105836606781, 51.173008763917366 ], [ 71.459695036437353, 51.172816063640298 ], [ 71.459619136319461, 51.172724863677992 ] ] ], [ [ [ 71.4595547, 51.1731044 ], [ 71.4596003, 51.173165 ], [ 71.459648236964881, 51.173169897434995 ], [ 71.4600752, 51.1736999 ], [ 71.460130637554727, 51.173705563417677 ], [ 71.460449737467016, 51.17360456326756 ], [ 71.459969736692415, 51.173003663506336 ], [ 71.4599143, 51.172998 ], [ 71.4595547, 51.1731044 ] ] ], [ [ [ 71.4603278, 51.172812 ], [ 71.4600674, 51.1728935 ], [ 71.4604159, 51.1733311 ], [ 71.460471337146814, 51.173336763261901 ], [ 71.460731637076307, 51.173255263139453 ], [ 71.460383236512371, 51.172817663312792 ], [ 71.4603278, 51.172812 ] ] ], [ [ [ 71.4591184, 51.1732021 ], [ 71.4585754, 51.1733767 ], [ 71.4586623, 51.173483 ], [ 71.458717737143445, 51.173488664093767 ], [ 71.459260736990871, 51.173314063838383 ], [ 71.459173836853637, 51.173207763881557 ], [ 71.4591184, 51.1732021 ] ] ], [ [ [ 71.4588927, 51.1734903 ], [ 71.4585856, 51.1735814 ], [ 71.4590022, 51.1741331 ], [ 71.459057637962403, 51.174138763920816 ], [ 71.459364737885338, 51.174047663776228 ], [ 71.458948137176719, 51.173495963983981 ], [ 71.4588927, 51.1734903 ] ] ], [ [ [ 71.4602249, 51.1740368 ], [ 71.4600319, 51.1740925 ], [ 71.460123, 51.1742165 ], [ 71.460178438181913, 51.174222163386013 ], [ 71.460371438135226, 51.174166363295136 ], [ 71.460280337976315, 51.174042463340626 ], [ 71.4602249, 51.1740368 ] ] ], [ [ [ 71.460534538126524, 51.174144763217875 ], [ 71.4604791, 51.1741391 ], [ 71.4591861, 51.17450620000001 ], [ 71.4593402, 51.1747196 ], [ 71.459395638704621, 51.174725263749856 ], [ 71.460688638399887, 51.17435816314088 ], [ 71.460534538126524, 51.174144763217875 ] ] ], [ [ [ 71.4605043, 51.1744651 ], [ 71.4601896, 51.1745651 ], [ 71.4606569, 51.175143099999985 ], [ 71.460712339354515, 51.175148763115956 ], [ 71.461027039267492, 51.175048762967926 ], [ 71.460559738521781, 51.174470763200276 ], [ 71.4605043, 51.1744651 ] ] ], [ [ [ 71.4600395, 51.1746227 ], [ 71.4598536, 51.1746805 ], [ 71.4601381, 51.1750404 ], [ 71.460193539175705, 51.175046063364618 ], [ 71.460379439125859, 51.174988263277136 ], [ 71.460094938662209, 51.174628363418741 ], [ 71.4600395, 51.1746227 ] ] ], [ [ [ 71.459724238728327, 51.174715963593634 ], [ 71.4596688, 51.1747103 ], [ 71.4593717, 51.1748079 ], [ 71.4599025, 51.175443199999989 ], [ 71.459957939635785, 51.175448863469775 ], [ 71.460255039549807, 51.175351263330086 ], [ 71.459724238728327, 51.174715963593634 ] ] ], [ [ [ 71.4596743, 51.1759908 ], [ 71.459729740271058, 51.175996463568929 ], [ 71.459934140228214, 51.175942863472592 ], [ 71.459774439922668, 51.175703263552705 ], [ 71.459719, 51.175697599999978 ], [ 71.45963, 51.1756998 ], [ 71.4595145, 51.1757512 ], [ 71.4596743, 51.1759908 ] ] ], [ [ [ 71.460662662223498, 51.175736304735047 ], [ 71.461316739869474, 51.175523062821881 ], [ 71.461077839497278, 51.175235062940544 ], [ 71.4610224, 51.1752294 ], [ 71.4600065, 51.1755606 ], [ 71.4602454, 51.1758486 ], [ 71.460293278189241, 51.175853490834001 ], [ 71.4601503, 51.1758995 ], [ 71.4602077, 51.1759695 ], [ 71.460263140302061, 51.175975163315471 ], [ 71.460771440159135, 51.175811663076402 ], [ 71.460714140068632, 51.175741563104872 ], [ 71.460662662223498, 51.175736304735047 ] ] ], [ [ [ 71.46071984047849, 51.176081363096309 ], [ 71.4606644, 51.1760757 ], [ 71.4605141, 51.176115199999984 ], [ 71.4605349, 51.1761463 ], [ 71.460590340549757, 51.176151963156705 ], [ 71.460740540518145, 51.176112463085921 ], [ 71.46071984047849, 51.176081363096309 ] ] ], [ [ [ 71.460109141188028, 51.176724363375833 ], [ 71.460064320389122, 51.176719784886103 ], [ 71.460024941033836, 51.17660376341798 ], [ 71.460218640996956, 51.176556063326629 ], [ 71.460290640720743, 51.176320363296426 ], [ 71.460240540619054, 51.176240363321639 ], [ 71.4601851, 51.1762347 ], [ 71.4594212, 51.1764227 ], [ 71.4589285, 51.1765906 ], [ 71.4590574, 51.176796499999988 ], [ 71.459112841175894, 51.176802163848606 ], [ 71.459829059509374, 51.176651939234169 ], [ 71.4598605, 51.1767445 ], [ 71.4598321, 51.1767483 ], [ 71.4598762, 51.176878 ], [ 71.459931641361038, 51.176883663457552 ], [ 71.460153241348934, 51.176854063352614 ], [ 71.460109141188028, 51.176724363375833 ] ] ], [ [ [ 71.460758541083351, 51.176580163069289 ], [ 71.460631040996702, 51.176519463131001 ], [ 71.4605756, 51.1765138 ], [ 71.4602257, 51.1765399 ], [ 71.4602812, 51.1768329 ], [ 71.460336641349741, 51.176838563265605 ], [ 71.460796141326057, 51.17677836304798 ], [ 71.460758541083351, 51.176580163069289 ] ] ], [ [ [ 71.459977641475163, 51.176974363434098 ], [ 71.4597344, 51.1769855 ], [ 71.4597505, 51.1770461 ], [ 71.459991041549571, 51.177034963426678 ], [ 71.459977641475163, 51.176974363434098 ] ] ], [ [ [ 71.4592363, 51.1769548 ], [ 71.4590792, 51.1770064 ], [ 71.4592707, 51.1772358 ], [ 71.459326141727672, 51.177241463739513 ], [ 71.459483341682201, 51.17718986366561 ], [ 71.459291741385542, 51.176960463760736 ], [ 71.4592363, 51.1769548 ] ] ], [ [ [ 71.4598282, 51.1781282 ], [ 71.4600086, 51.1782214 ], [ 71.46006404299321, 51.178227063371374 ], [ 71.460618042961116, 51.178151563109047 ], [ 71.460307141848745, 51.177255463272431 ], [ 71.4602517, 51.1772498 ], [ 71.4597104, 51.1773236 ], [ 71.4596123, 51.1775059 ], [ 71.4598282, 51.1781282 ] ] ], [ [ [ 71.4602709, 51.1435885 ], [ 71.460198, 51.143697499999988 ], [ 71.460918601750507, 51.143878163557503 ], [ 71.46099150162722, 51.143769163524723 ], [ 71.4602709, 51.1435885 ] ] ], [ [ [ 71.460908902022013, 51.144104863558219 ], [ 71.4604635, 51.1439855 ], [ 71.460085100690478, 51.144133558020933 ], [ 71.459786423568147, 51.143759593264967 ], [ 71.459594722110637, 51.143705194831064 ], [ 71.4586529, 51.1436089 ], [ 71.4585889, 51.1436351 ], [ 71.4584173, 51.1438127 ], [ 71.4583062, 51.143993299999984 ], [ 71.4589681, 51.1442976 ], [ 71.4591569, 51.144351399999984 ], [ 71.459671839230083, 51.144404046740704 ], [ 71.4595829, 51.1445242 ], [ 71.460424602757001, 51.144758963777285 ], [ 71.460908902022013, 51.144104863558219 ] ] ], [ [ [ 71.4591986, 51.1454172 ], [ 71.4591115, 51.145535199999983 ], [ 71.459589603756072, 51.145663664158867 ], [ 71.459676703623558, 51.145545764119476 ], [ 71.4591986, 51.1454172 ] ] ], [ [ [ 71.4591005, 51.1455578 ], [ 71.4588601, 51.1458896 ], [ 71.459310804140443, 51.146007964285531 ], [ 71.459551103767026, 51.145676164176976 ], [ 71.4591005, 51.1455578 ] ] ], [ [ [ 71.460981809454921, 51.146354026995844 ], [ 71.4607739, 51.1463448 ], [ 71.4607739, 51.146445599999986 ], [ 71.460978509701661, 51.146456926995434 ], [ 71.460981809454921, 51.146354026995844 ] ] ], [ [ [ 71.462999526525167, 51.146672212861532 ], [ 71.462997125853576, 51.146560712876862 ], [ 71.4627201, 51.1465324 ], [ 71.4609197, 51.1465471 ], [ 71.46092002650866, 51.146562914435926 ], [ 71.4606626, 51.1465366 ], [ 71.4604694, 51.1465362 ], [ 71.4604646, 51.1474548 ], [ 71.460741630202662, 51.14748311816183 ], [ 71.460934830307565, 51.14748351770227 ], [ 71.46093912719256, 51.146660250735763 ], [ 71.461199025658019, 51.146686817142665 ], [ 71.462999526525167, 51.146672212861532 ] ] ], [ [ [ 71.460346505623534, 51.147150063773161 ], [ 71.4600698, 51.1471444 ], [ 71.4598828, 51.147434 ], [ 71.460027705956549, 51.147455163919538 ], [ 71.460353006002137, 51.147464363764641 ], [ 71.460346505623534, 51.147150063773161 ] ] ], [ [ [ 71.461278112646625, 51.148047677933022 ], [ 71.4612813, 51.1483859 ], [ 71.46155833623385, 51.148414216138939 ], [ 71.461727036319729, 51.148413615737745 ], [ 71.461719331403046, 51.147596515826613 ], [ 71.4614423, 51.1475682 ], [ 71.4612736, 51.1475688 ], [ 71.461274570147154, 51.147671753503687 ], [ 71.46087, 51.147630399999983 ], [ 71.460613753645802, 51.147628918030549 ], [ 71.460613455392178, 51.147610473696439 ], [ 71.4601148, 51.1475595 ], [ 71.4597476, 51.1475618 ], [ 71.4597493, 51.1476671 ], [ 71.460247956207581, 51.147718075244526 ], [ 71.460419187458626, 51.147716955497643 ], [ 71.4604151, 51.1479946 ], [ 71.460913760387541, 51.148045572343179 ], [ 71.461278112646625, 51.148047677933022 ] ] ], [ [ [ 71.4600246, 51.1481181 ], [ 71.4600246, 51.148239199999985 ], [ 71.460301634685166, 51.148267519140639 ], [ 71.461267235197411, 51.148267516843987 ], [ 71.461267234469332, 51.148146416854431 ], [ 71.4609902, 51.1481181 ], [ 71.4600246, 51.1481181 ] ] ], [ [ [ 71.4595095, 51.1478244 ], [ 71.4594923, 51.1487657 ], [ 71.459769337568247, 51.148794020361294 ], [ 71.459986837692668, 51.148795519843851 ], [ 71.460004032043017, 51.147854319884168 ], [ 71.459727, 51.147826 ], [ 71.4595095, 51.1478244 ] ] ], [ [ [ 71.4612722, 51.1486362 ], [ 71.4601295, 51.148633 ], [ 71.4601287, 51.1487541 ], [ 71.460405737836169, 51.148782418848626 ], [ 71.461548338461569, 51.148785616130667 ], [ 71.461549237733919, 51.148664516138986 ], [ 71.4612722, 51.1486362 ] ] ], [ [ [ 71.4602628, 51.1491682 ], [ 71.4602628, 51.1492632 ], [ 71.460414808178541, 51.149268863704108 ], [ 71.4604148080643, 51.149173863705741 ], [ 71.4602628, 51.1491682 ] ] ], [ [ [ 71.4602612, 51.1495796 ], [ 71.4589038, 51.1495705 ], [ 71.4589015, 51.1497048 ], [ 71.459178542901199, 51.149733121685514 ], [ 71.460535943676774, 51.149742318456092 ], [ 71.460538242869873, 51.149607918462223 ], [ 71.4602612, 51.1495796 ] ] ], [ [ [ 71.4600725, 51.1499026 ], [ 71.4600664, 51.1501943 ], [ 71.460565083861155, 51.150245273494313 ], [ 71.460755784060581, 51.150246872677599 ], [ 71.46076188090926, 51.149955172696806 ], [ 71.4602632, 51.1499042 ], [ 71.4600725, 51.1499026 ] ] ], [ [ [ 71.4597856, 51.1502362 ], [ 71.4597851, 51.1502542 ], [ 71.459868809312681, 51.150260163946747 ], [ 71.459869309291093, 51.150242163946807 ], [ 71.4597856, 51.1502362 ] ] ], [ [ [ 71.4595804, 51.1502696 ], [ 71.4595795, 51.1503214 ], [ 71.459779509384873, 51.150328063988049 ], [ 71.459780509322684, 51.150276263988459 ], [ 71.4595804, 51.1502696 ] ] ], [ [ [ 71.459952253071549, 51.1513562197052 ], [ 71.459973170818174, 51.15065155610813 ], [ 71.4599718, 51.1507574 ], [ 71.460138029840948, 51.150774391508747 ], [ 71.460493829960711, 51.150776191000858 ], [ 71.460497029042443, 51.150521391009498 ], [ 71.4603308, 51.15050440000001 ], [ 71.459977592130699, 51.15050261261505 ], [ 71.459978547759022, 51.150470419719063 ], [ 71.4597015, 51.1504421 ], [ 71.459517, 51.1504399 ], [ 71.4594907, 51.1513257 ], [ 71.459767752960403, 51.15135402014424 ], [ 71.459952253071549, 51.1513562197052 ] ] ], [ [ [ 71.4608658, 51.1505659 ], [ 71.4604126, 51.151179299999988 ], [ 71.4605558, 51.1512209 ], [ 71.460832852895365, 51.151249217619842 ], [ 71.461286049447907, 51.150635916594808 ], [ 71.461142849121174, 51.150594216939027 ], [ 71.4608658, 51.1505659 ] ] ], [ [ [ 71.461332710613547, 51.151212663233892 ], [ 71.4611304, 51.1511653 ], [ 71.4606906, 51.1517749 ], [ 71.4608375, 51.1518166 ], [ 71.460892911300022, 51.151822263432585 ], [ 71.461332710613547, 51.151212663233892 ] ] ], [ [ [ 71.4610001, 51.1518253 ], [ 71.4609827, 51.15185 ], [ 71.46107901137367, 51.151867063343275 ], [ 71.461096411345665, 51.151842263335439 ], [ 71.4610001, 51.1518253 ] ] ], [ [ [ 71.461014311474671, 51.151956763372517 ], [ 71.4608792, 51.151929 ], [ 71.4608199, 51.1520134 ], [ 71.460954911569871, 51.152041163399318 ], [ 71.461014311474671, 51.151956763372517 ] ] ], [ [ [ 71.4608026, 51.1520591 ], [ 71.4607852, 51.1520839 ], [ 71.460881511633886, 51.152100863433191 ], [ 71.460898911605909, 51.152076063425348 ], [ 71.4608026, 51.1520591 ] ] ], [ [ [ 71.46049612628957, 51.153396327214836 ], [ 71.460854325137561, 51.152885826891627 ], [ 71.46082012494459, 51.152808626926848 ], [ 71.460538924698227, 51.152731027197056 ], [ 71.4604281, 51.1527197 ], [ 71.4603304, 51.1527518 ], [ 71.4599672, 51.1532696 ], [ 71.4603853, 51.153385 ], [ 71.46049612628957, 51.153396327214836 ] ] ], [ [ [ 71.46116401284425, 51.153082263281881 ], [ 71.4609134, 51.1530236 ], [ 71.4608506, 51.1531144 ], [ 71.461101212946929, 51.153173163310186 ], [ 71.46116401284425, 51.153082263281881 ] ] ], [ [ [ 71.4594942, 51.1532543 ], [ 71.4594574, 51.1533076 ], [ 71.459642013002792, 51.153348364001346 ], [ 71.459678812942585, 51.153295063984736 ], [ 71.4594942, 51.1532543 ] ] ], [ [ [ 71.4603621, 51.1565169 ], [ 71.4603254, 51.1565608 ], [ 71.4604935170088, 51.156603463540073 ], [ 71.460530116959873, 51.156559563523416 ], [ 71.4603621, 51.1565169 ] ] ], [ [ [ 71.4603058, 51.156995 ], [ 71.4602044, 51.1571074 ], [ 71.4605666, 51.1572543 ], [ 71.460862489198135, 51.157282617028685 ], [ 71.461189889023004, 51.157224616254894 ], [ 71.461264588473725, 51.157126716085664 ], [ 71.461114088020906, 51.157064716449 ], [ 71.4603058, 51.156995 ] ] ], [ [ [ 71.4602026, 51.1580189 ], [ 71.4598271, 51.1581514 ], [ 71.4605578, 51.159994499999989 ], [ 71.460643200000021, 51.1600982 ], [ 71.461141991635913, 51.160149169486004 ], [ 71.462123389241142, 51.159841465331475 ], [ 71.46218308849356, 51.159767165087381 ], [ 71.462180987825562, 51.159705665105939 ], [ 71.460953169555211, 51.158126770608625 ], [ 71.46076536880409, 51.158073971420954 ], [ 71.4602026, 51.1580189 ] ] ], [ [ [ 71.4615218, 51.160212799999989 ], [ 71.4613703, 51.1602659 ], [ 71.4613994, 51.1602987 ], [ 71.461454821563635, 51.160304363018831 ], [ 71.46160642151581, 51.160251262947646 ], [ 71.461577221473235, 51.160218462962085 ], [ 71.4615218, 51.160212799999989 ] ] ], [ [ [ 71.461275921750641, 51.160475563101009 ], [ 71.46118792161171, 51.160367863144735 ], [ 71.4611325, 51.1603622 ], [ 71.4609752, 51.1604107 ], [ 71.4610381, 51.160493 ], [ 71.461162921783398, 51.160512763154131 ], [ 71.461275921750641, 51.160475563101009 ] ] ], [ [ [ 71.4605711, 51.160862699999988 ], [ 71.460626522154357, 51.160868363403196 ], [ 71.460779122110395, 51.160818363331451 ], [ 71.460755115257669, 51.160789538555349 ], [ 71.46096757309428, 51.16073184495496 ], [ 71.460979, 51.1607468 ], [ 71.461034422058191, 51.160752463211125 ], [ 71.461220733437727, 51.160696482660185 ], [ 71.461274500000016, 51.16076060000001 ], [ 71.461329922106174, 51.160766263070293 ], [ 71.461470822065181, 51.160719763004067 ], [ 71.461414721978699, 51.160652863031913 ], [ 71.461375530793845, 51.160648858469521 ], [ 71.461282621813538, 51.160527263096924 ], [ 71.4612272, 51.160521599999988 ], [ 71.460946817997964, 51.160605845956702 ], [ 71.460908321795969, 51.160545663274682 ], [ 71.4607088, 51.160505 ], [ 71.4603905, 51.160645 ], [ 71.4605052, 51.160802 ], [ 71.46062161446136, 51.160801979572327 ], [ 71.4605422, 51.160828 ], [ 71.4605711, 51.160862699999988 ] ] ], [ [ [ 71.4607204, 51.1608557 ], [ 71.4606069, 51.160894 ], [ 71.4606718, 51.1609696 ], [ 71.460727222293684, 51.160975263353436 ], [ 71.460840722259647, 51.160936963300102 ], [ 71.460775822161779, 51.16086136333228 ], [ 71.4607204, 51.1608557 ] ] ], [ [ [ 71.461456, 51.1608436 ], [ 71.4612761, 51.1608947 ], [ 71.4613323, 51.1609725 ], [ 71.461387722367277, 51.16097816303914 ], [ 71.461567622324779, 51.160926962954434 ], [ 71.4615114222253, 51.160849262982509 ], [ 71.461456, 51.1608436 ] ] ], [ [ [ 71.461596722375631, 51.160966662939899 ], [ 71.4615413, 51.160961 ], [ 71.4614004, 51.1610075 ], [ 71.4614565, 51.1610744 ], [ 71.461511922503092, 51.161080062978279 ], [ 71.461652822462085, 51.161033562912053 ], [ 71.461596722375631, 51.160966662939899 ] ] ], [ [ [ 71.4617026, 51.161132 ], [ 71.4615098, 51.1611994 ], [ 71.4615811, 51.1612796 ], [ 71.461636522763257, 51.161285262915456 ], [ 71.461829322702485, 51.161217762824876 ], [ 71.461758022598517, 51.161137662860206 ], [ 71.4617026, 51.161132 ] ] ], [ [ [ 71.460099523856414, 51.162329263628727 ], [ 71.4600441, 51.1623236 ], [ 71.4598451, 51.16238 ], [ 71.4599021, 51.1624591 ], [ 71.459923821133359, 51.162461319652579 ], [ 71.4597861, 51.1624991 ], [ 71.4598149, 51.1625404 ], [ 71.4600712, 51.1626447 ], [ 71.460126624245717, 51.16265036361029 ], [ 71.460323924201575, 51.162596263517358 ], [ 71.460194023961279, 51.162408063582397 ], [ 71.460153281209926, 51.162403900224618 ], [ 71.460099523856414, 51.162329263628727 ] ] ], [ [ [ 71.460370224275692, 51.162653763494333 ], [ 71.4603148, 51.1626481 ], [ 71.460173, 51.1626964 ], [ 71.4602454, 51.1627768 ], [ 71.4603008244232, 51.162782463525126 ], [ 71.460441124383451, 51.162737063459154 ], [ 71.460370224275692, 51.162653763494333 ] ] ], [ [ [ 71.461370124688585, 51.162908663014179 ], [ 71.461297624573916, 51.162819763050216 ], [ 71.4612422, 51.1628141 ], [ 71.4610587, 51.162873 ], [ 71.4611609, 51.1629982 ], [ 71.461216324786832, 51.16300386308572 ], [ 71.461352624748599, 51.162960063021629 ], [ 71.461370124688585, 51.162908663014179 ] ] ], [ [ [ 71.461648, 51.1634796 ], [ 71.4615258, 51.1635205 ], [ 71.4616034, 51.1636115 ], [ 71.461658825571917, 51.163617162864611 ], [ 71.461781025535544, 51.163576162807175 ], [ 71.461703425417895, 51.163485262845647 ], [ 71.461648, 51.1634796 ] ] ], [ [ [ 71.461133325518659, 51.163619263114576 ], [ 71.4610779, 51.1636136 ], [ 71.4609417, 51.163657 ], [ 71.4610039, 51.163733799999989 ], [ 71.461059325655469, 51.163739463147721 ], [ 71.461195625617719, 51.16369606308362 ], [ 71.461133325518659, 51.163619263114576 ] ] ], [ [ [ 71.46088102557276, 51.163686463233475 ], [ 71.4608256, 51.1636808 ], [ 71.4607163, 51.1637173 ], [ 71.46078949920016, 51.163803546682892 ], [ 71.460760425661178, 51.163770563289404 ], [ 71.460705, 51.1637649 ], [ 71.4606138, 51.163796499999989 ], [ 71.4606719, 51.1638623 ], [ 71.460727325774855, 51.16386796330346 ], [ 71.460817595701982, 51.163836651180517 ], [ 71.46088112577182, 51.163851863230576 ], [ 71.460990425739496, 51.163815363179204 ], [ 71.46088102557276, 51.163686463233475 ] ] ], [ [ [ 71.4604354, 51.1639243 ], [ 71.460568825866716, 51.163958263377339 ], [ 71.460662125844493, 51.163931563333399 ], [ 71.460568325679532, 51.163802763380239 ], [ 71.4605129, 51.163797099999989 ], [ 71.4604196, 51.1638238 ], [ 71.4603911, 51.1638634 ], [ 71.4604354, 51.1639243 ] ] ], [ [ [ 71.4602873, 51.1638447 ], [ 71.4601711, 51.1638811 ], [ 71.460178505804549, 51.163890389301173 ], [ 71.4601287, 51.1638853 ], [ 71.460017100000016, 51.1639231 ], [ 71.4601065, 51.1640268 ], [ 71.460161925912814, 51.164032463569654 ], [ 71.460264145830067, 51.163997809590413 ], [ 71.460324825903157, 51.164010063492533 ], [ 71.46044102587156, 51.163973563437878 ], [ 71.460342725712863, 51.16385036348678 ], [ 71.4602873, 51.1638447 ] ] ], [ [ [ 71.4613504, 51.1639329 ], [ 71.4612549, 51.1639669 ], [ 71.4613482, 51.1640702 ], [ 71.461403626096896, 51.164075862978102 ], [ 71.46149922606611, 51.164041862933196 ], [ 71.461405825931877, 51.163938562979418 ], [ 71.4613504, 51.1639329 ] ] ], [ [ [ 71.461184326166418, 51.164152963081122 ], [ 71.461334426118185, 51.16409966301061 ], [ 71.461153425857916, 51.163899363100199 ], [ 71.461098, 51.1638937 ], [ 71.460914, 51.1639591 ], [ 71.4610123, 51.164068 ], [ 71.4611289, 51.1641473 ], [ 71.461184326166418, 51.164152963081122 ] ] ], [ [ [ 71.4609395, 51.1640856 ], [ 71.4608139, 51.1641302 ], [ 71.460843060325132, 51.16416247278152 ], [ 71.4608032, 51.1641584 ], [ 71.4607185, 51.1641885 ], [ 71.4607787, 51.1642551 ], [ 71.460834126258973, 51.164260763245878 ], [ 71.460918726231725, 51.164230663206141 ], [ 71.460908095990632, 51.164218883310603 ], [ 71.460948026225566, 51.164222963192344 ], [ 71.461073526185217, 51.164178363133402 ], [ 71.460994926072019, 51.164091263172295 ], [ 71.4609395, 51.1640856 ] ] ], [ [ [ 71.460603126205442, 51.164236663356206 ], [ 71.4605477, 51.164231 ], [ 71.4604577, 51.1642629 ], [ 71.460518600000015, 51.1643304 ], [ 71.460574026321993, 51.164336063368339 ], [ 71.460664026293017, 51.164304063326064 ], [ 71.460603126205442, 51.164236663356206 ] ] ], [ [ [ 71.4615718, 51.1642119 ], [ 71.461406, 51.1642693 ], [ 71.4614486, 51.1643177 ], [ 71.461504026405422, 51.164323362926055 ], [ 71.461669826353955, 51.164265962848155 ], [ 71.461627226291171, 51.164217562869268 ], [ 71.4615718, 51.1642119 ] ] ], [ [ [ 71.4603833, 51.1642761 ], [ 71.4602792, 51.164312 ], [ 71.4603529, 51.164396 ], [ 71.460408326383345, 51.164401663446043 ], [ 71.460512426351187, 51.164365763397129 ], [ 71.460438726242273, 51.16428176343365 ], [ 71.4603833, 51.1642761 ] ] ], [ [ [ 71.460286826288467, 51.164333563505032 ], [ 71.4602314, 51.1643279 ], [ 71.460084, 51.164374099999989 ], [ 71.460143, 51.1644481 ], [ 71.460198426423759, 51.164453763545019 ], [ 71.460345826383801, 51.164407563475677 ], [ 71.460286826288467, 51.164333563505032 ] ] ], [ [ [ 71.4612196, 51.1643268 ], [ 71.4610931, 51.1643739 ], [ 71.4611578, 51.1644423 ], [ 71.461213226524521, 51.164447963062273 ], [ 71.461339826481151, 51.164400763002845 ], [ 71.461275026392073, 51.164332463034867 ], [ 71.4612196, 51.1643268 ] ] ], [ [ [ 71.461759026526025, 51.164401062803385 ], [ 71.461701426444435, 51.164338362831877 ], [ 71.461646, 51.16433270000001 ], [ 71.4614761, 51.1643743 ], [ 71.4615473, 51.1644519 ], [ 71.461602726577425, 51.164457562876777 ], [ 71.461759026526025, 51.164401062803385 ] ] ], [ [ [ 71.4609906, 51.1643674 ], [ 71.4608548, 51.1644159 ], [ 71.4609159, 51.1644832 ], [ 71.460971326548076, 51.164488863176658 ], [ 71.461107126504118, 51.164440363112888 ], [ 71.461046026416625, 51.164373063143124 ], [ 71.4609906, 51.1643674 ] ] ], [ [ [ 71.4617391, 51.164473 ], [ 71.461608, 51.164512599999988 ], [ 71.461655, 51.1645738 ], [ 71.461710426735564, 51.164579462823419 ], [ 71.461841526701818, 51.164539862761742 ], [ 71.46179452662318, 51.164478662785164 ], [ 71.4617391, 51.164473 ] ] ], [ [ [ 71.4605941, 51.1645077 ], [ 71.4604494, 51.164553 ], [ 71.4605088, 51.1646275 ], [ 71.460564226678528, 51.164633163367874 ], [ 71.460708926639242, 51.164587763299799 ], [ 71.460649526543392, 51.164513363329341 ], [ 71.4605941, 51.1645077 ] ] ], [ [ [ 71.4611035, 51.1644972 ], [ 71.4609266, 51.164567599999984 ], [ 71.4609918, 51.164632 ], [ 71.461047226735218, 51.164637663137974 ], [ 71.46122402666937, 51.164567363055063 ], [ 71.461158926584829, 51.164502863087179 ], [ 71.4611035, 51.1644972 ] ] ], [ [ [ 71.461840426757206, 51.164585962761464 ], [ 71.461785, 51.1645803 ], [ 71.4616808, 51.164616 ], [ 71.4617263, 51.1646683 ], [ 71.461781726856884, 51.164673962787873 ], [ 71.461885926824991, 51.164638262738919 ], [ 71.461840426757206, 51.164585962761464 ] ] ], [ [ [ 71.4606999, 51.1646245 ], [ 71.4605432, 51.1646736 ], [ 71.4605957, 51.1647394 ], [ 71.460651126822427, 51.164745063324595 ], [ 71.460807726779962, 51.164695963250914 ], [ 71.460755326695192, 51.164630163276996 ], [ 71.4606999, 51.1646245 ] ] ], [ [ [ 71.4612103, 51.16462820000001 ], [ 71.4610567, 51.1646667 ], [ 71.4611104, 51.1647508 ], [ 71.461165826890792, 51.164756463079506 ], [ 71.46131932686076, 51.164717963007121 ], [ 71.461265726753837, 51.164633863034098 ], [ 71.4612103, 51.16462820000001 ] ] ], [ [ [ 71.460437626939495, 51.164861163424177 ], [ 71.460321426809216, 51.164763163481155 ], [ 71.460280911952708, 51.16475902369794 ], [ 71.460158526666959, 51.16465936356046 ], [ 71.4601031, 51.1646537 ], [ 71.460019, 51.1646788 ], [ 71.4599539, 51.1647354 ], [ 71.4600042, 51.164798499999989 ], [ 71.460127288628172, 51.164799901939269 ], [ 71.4600936, 51.164810199999984 ], [ 71.4601401, 51.1649315 ], [ 71.460195527005268, 51.164937163538049 ], [ 71.460437626939495, 51.164861163424177 ] ] ], [ [ [ 71.4613073, 51.164734 ], [ 71.4611462, 51.1647796 ], [ 71.4611957, 51.1648483 ], [ 71.461251127017206, 51.164853963037231 ], [ 71.461412226979547, 51.164808462961361 ], [ 71.46136272689148, 51.164739662986101 ], [ 71.4613073, 51.164734 ] ] ], [ [ [ 71.460866226902198, 51.16479236322143 ], [ 71.4608108, 51.1647867 ], [ 71.4606547, 51.1648357 ], [ 71.4606907, 51.1648808 ], [ 71.460746127002693, 51.16488646327695 ], [ 71.460902226960428, 51.16483756320352 ], [ 71.460866226902198, 51.16479236322143 ] ] ], [ [ [ 71.4608856, 51.1649071 ], [ 71.4607251, 51.1649575 ], [ 71.4607605, 51.1650018 ], [ 71.460815927155764, 51.165007463241643 ], [ 71.460976427112243, 51.164957163166164 ], [ 71.460941027055043, 51.164912763183757 ], [ 71.4608856, 51.1649071 ] ] ], [ [ [ 71.461405, 51.1648941 ], [ 71.4612802, 51.1649347 ], [ 71.4613436, 51.16501130000001 ], [ 71.461399027229106, 51.165016962964046 ], [ 71.461523727193466, 51.164976362905421 ], [ 71.461460427094551, 51.164899762936848 ], [ 71.461405, 51.1648941 ] ] ], [ [ [ 71.460673227358583, 51.165188563306423 ], [ 71.460625044947605, 51.165142605197452 ], [ 71.460752627271205, 51.165108963270008 ], [ 71.460667727128694, 51.164998063312325 ], [ 71.4606123, 51.1649924 ], [ 71.460364161269723, 51.165056013436285 ], [ 71.46043912712031, 51.165011263420872 ], [ 71.46038002702582, 51.164937963450249 ], [ 71.4603246, 51.1649323 ], [ 71.4601593, 51.1649846 ], [ 71.4602182, 51.1650553 ], [ 71.460344004917744, 51.1650625021392 ], [ 71.4602883, 51.165144 ], [ 71.4603234, 51.165188 ], [ 71.460369122640572, 51.16519267184367 ], [ 71.4604264, 51.1652697 ], [ 71.46048182744272, 51.165275363395992 ], [ 71.460660927399402, 51.16522356331167 ], [ 71.460673227358583, 51.165188563306423 ] ] ], [ [ [ 71.461469800000017, 51.1650146 ], [ 71.4613545, 51.1650542 ], [ 71.4614211, 51.1651305 ], [ 71.461476527380796, 51.165136162925116 ], [ 71.461591827345373, 51.165096562870943 ], [ 71.461525227246469, 51.165020262903944 ], [ 71.461469800000017, 51.1650146 ] ] ], [ [ [ 71.4610125, 51.1651199 ], [ 71.4609133, 51.165151 ], [ 71.460973900000013, 51.1652269 ], [ 71.461029327449353, 51.165232563136229 ], [ 71.461128427422437, 51.165201463089609 ], [ 71.461067927324649, 51.165125563119716 ], [ 71.4610125, 51.1651199 ] ] ], [ [ [ 71.461598627391112, 51.16513396286706 ], [ 71.4615432, 51.1651283 ], [ 71.4614389, 51.1651669 ], [ 71.461516800000012, 51.1652496 ], [ 71.461572227534319, 51.165255262877523 ], [ 71.461605328778504, 51.165242969034516 ], [ 71.4615766, 51.165272099999989 ], [ 71.4616329, 51.165342599999988 ], [ 71.461688327658564, 51.165348262820672 ], [ 71.461931327592765, 51.165272162706366 ], [ 71.461852627465746, 51.165173562745508 ], [ 71.4617972, 51.1651679 ], [ 71.461668582871226, 51.165208234245263 ], [ 71.461598627391112, 51.16513396286706 ] ] ], [ [ [ 71.4604567, 51.1652911 ], [ 71.4605027, 51.1654006 ], [ 71.460558127608394, 51.165406263357418 ], [ 71.460764527524503, 51.165318363260738 ], [ 71.46067262743145, 51.165249163305667 ], [ 71.4606172, 51.16524350000001 ], [ 71.4604567, 51.1652911 ] ] ], [ [ [ 71.4611819, 51.1652415 ], [ 71.4610122, 51.1652948 ], [ 71.4610796, 51.1653794 ], [ 71.461135027644133, 51.165385063083299 ], [ 71.461304827597999, 51.165331763003429 ], [ 71.461237327489002, 51.165247163037002 ], [ 71.4611819, 51.1652415 ] ] ], [ [ [ 71.4612653, 51.165365799999989 ], [ 71.4611301, 51.1654082 ], [ 71.4611879, 51.1654807 ], [ 71.461243327777538, 51.165486363030027 ], [ 71.461378527740877, 51.165443962966435 ], [ 71.461320727647447, 51.165371462995175 ], [ 71.4612653, 51.165365799999989 ] ] ], [ [ [ 71.461841727706869, 51.165374862747221 ], [ 71.4617863, 51.1653692 ], [ 71.4616536, 51.165410799999989 ], [ 71.461696, 51.1654639 ], [ 71.461751427811279, 51.165469562788552 ], [ 71.461884027775284, 51.165427962726184 ], [ 71.461841727706869, 51.165374862747221 ] ] ], [ [ [ 71.4607302, 51.1653842 ], [ 71.4605146, 51.1654718 ], [ 71.4605397, 51.1655037 ], [ 71.4606169, 51.1655425 ], [ 71.46058690000001, 51.1655517 ], [ 71.4606322, 51.1656117 ], [ 71.46068762787624, 51.165617363292178 ], [ 71.460906327819885, 51.165551263189265 ], [ 71.460785627612808, 51.165389863249473 ], [ 71.4607302, 51.1653842 ] ] ], [ [ [ 71.4618636, 51.1654819 ], [ 71.4617293, 51.1655294 ], [ 71.4617745, 51.1655796 ], [ 71.46182992795886, 51.165585262749204 ], [ 71.461964127915806, 51.165537662686162 ], [ 71.461919027850726, 51.165487562708513 ], [ 71.4618636, 51.1654819 ] ] ], [ [ [ 71.4613127, 51.165510399999988 ], [ 71.4611194, 51.165571 ], [ 71.4611769, 51.1656431 ], [ 71.461232327971842, 51.165648763032458 ], [ 71.461425627919439, 51.165588162941525 ], [ 71.461368127826546, 51.165516062970134 ], [ 71.4613127, 51.165510399999988 ] ] ], [ [ [ 71.460260600000012, 51.1656064 ], [ 71.460084, 51.1656568 ], [ 71.4601538, 51.165753 ], [ 71.460209227995506, 51.165758663517359 ], [ 71.460385827953601, 51.165708263434219 ], [ 71.460316027830402, 51.165612063469069 ], [ 71.460260600000012, 51.1656064 ] ] ], [ [ [ 71.461031028019917, 51.16570646312725 ], [ 71.460957827900927, 51.165614063163659 ], [ 71.4609024, 51.165608399999989 ], [ 71.46082, 51.1656334 ], [ 71.4607371, 51.1656923 ], [ 71.4607901, 51.1657587 ], [ 71.460845528069925, 51.165764363214507 ], [ 71.461031028019917, 51.16570646312725 ] ] ], [ [ [ 71.461440528143811, 51.165773262931239 ], [ 71.4616317280978, 51.165718162841202 ], [ 71.461537827933384, 51.165589862888105 ], [ 71.4614824, 51.1655842 ], [ 71.4613026, 51.165654899999986 ], [ 71.4613851, 51.1657676 ], [ 71.461440528143811, 51.165773262931239 ] ] ], [ [ [ 71.461279328114401, 51.165763063008114 ], [ 71.461223428014605, 51.165685063036058 ], [ 71.461168, 51.1656794 ], [ 71.4610132, 51.1657231 ], [ 71.461054609742149, 51.165780881064236 ], [ 71.4609478, 51.16575970000001 ], [ 71.4608239, 51.1657918 ], [ 71.4608646, 51.1658569 ], [ 71.460920028196028, 51.165862563177363 ], [ 71.461106328183803, 51.165835963089179 ], [ 71.461086665844149, 51.16580289470113 ], [ 71.461124528150592, 51.165806763081029 ], [ 71.461279328114401, 51.165763063008114 ] ] ], [ [ [ 71.461996781886668, 51.165964929594679 ], [ 71.462028428440817, 51.165968162648127 ], [ 71.46269742826955, 51.165766862333292 ], [ 71.462619628135982, 51.165662762372108 ], [ 71.4625642, 51.165657099999983 ], [ 71.461894, 51.1658607 ], [ 71.461902073028412, 51.165871102989385 ], [ 71.4618717, 51.165868 ], [ 71.4611977, 51.1660682 ], [ 71.4612752, 51.1661684 ], [ 71.46133062861459, 51.166174062976609 ], [ 71.462003828445447, 51.165974162659751 ], [ 71.461996781886668, 51.165964929594679 ] ] ], [ [ [ 71.4611089, 51.16643220000001 ], [ 71.461164328914478, 51.166437863051193 ], [ 71.461391328856465, 51.166369662944355 ], [ 71.461180028503875, 51.166095363049642 ], [ 71.4611246, 51.1660897 ], [ 71.4608994, 51.1661583 ], [ 71.4609478, 51.166268699999989 ], [ 71.4611089, 51.16643220000001 ] ] ], [ [ [ 71.4606753, 51.1661744 ], [ 71.4603113, 51.1662822 ], [ 71.4603856, 51.1663809 ], [ 71.460441028775904, 51.166386563396237 ], [ 71.460805028684689, 51.166278663224908 ], [ 71.460730728558119, 51.166180063261955 ], [ 71.4606753, 51.1661744 ] ] ], [ [ [ 71.461662628918617, 51.166397362814791 ], [ 71.462145628794644, 51.1662517625875 ], [ 71.462047728621855, 51.166116862636393 ], [ 71.4619923, 51.16611120000001 ], [ 71.4614228, 51.1662759 ], [ 71.4614844, 51.1663602 ], [ 71.461662628918617, 51.166397362814791 ] ] ], [ [ [ 71.460432829178771, 51.166721963394345 ], [ 71.460772229039179, 51.166576063235382 ], [ 71.460675828885826, 51.166457163283283 ], [ 71.4606204, 51.166451499999987 ], [ 71.4602455, 51.1665537 ], [ 71.4603774, 51.1667163 ], [ 71.460432829178771, 51.166721963394345 ] ] ], [ [ [ 71.4606479, 51.1671046 ], [ 71.4605513, 51.167141 ], [ 71.4605885, 51.1671791 ], [ 71.460643929758291, 51.16718476328591 ], [ 71.460739729723912, 51.167147763240976 ], [ 71.460703329674914, 51.167110263258962 ], [ 71.4606479, 51.1671046 ] ] ], [ [ [ 71.461872228185399, 51.167971578704538 ], [ 71.461924930847943, 51.167976962662713 ], [ 71.462045330814618, 51.167938662606097 ], [ 71.462000330741105, 51.167881562628473 ], [ 71.4619449, 51.1678759 ], [ 71.461825666667394, 51.167912782326063 ], [ 71.461549951431678, 51.167564614506013 ], [ 71.461457091089102, 51.167555127730942 ], [ 71.461533751221438, 51.167531114547444 ], [ 71.461610949023992, 51.167159214395873 ], [ 71.461529048357576, 51.16705571459967 ], [ 71.4612519, 51.1670274 ], [ 71.4607834, 51.1671732 ], [ 71.4610874, 51.1675558 ], [ 71.461179837735884, 51.167565243900903 ], [ 71.4611151, 51.167585400000014 ], [ 71.461502, 51.1680739 ], [ 71.461779154789184, 51.168102213914331 ], [ 71.46193505456317, 51.16805091354783 ], [ 71.461872228185399, 51.167971578704538 ] ] ], [ [ [ 71.46071, 51.1673242 ], [ 71.460593, 51.1673665 ], [ 71.460642, 51.1674205 ], [ 71.460697430054566, 51.167426163256302 ], [ 71.460815630014366, 51.167382363200815 ], [ 71.460765429945852, 51.167329863225604 ], [ 71.46071, 51.1673242 ] ] ], [ [ [ 71.4618747, 51.1676893 ], [ 71.4618323, 51.167701 ], [ 71.46186, 51.1677398 ], [ 71.461956530559249, 51.167734362651849 ], [ 71.461930130509018, 51.167694962665109 ], [ 71.4618747, 51.1676893 ] ] ], [ [ [ 71.4605176, 51.167891 ], [ 71.4603456, 51.1679445 ], [ 71.460737200000011, 51.168439 ], [ 71.460792631290758, 51.168444663193426 ], [ 71.460964631244494, 51.168391063112495 ], [ 71.460573030607733, 51.167896663307367 ], [ 71.4605176, 51.167891 ] ] ], [ [ [ 71.460986131352115, 51.16847856310077 ], [ 71.4609307, 51.1684729 ], [ 71.4607269, 51.168536799999984 ], [ 71.4607698, 51.1685873 ], [ 71.460825231472725, 51.168592963175357 ], [ 71.461029031421432, 51.168532363079436 ], [ 71.460986131352115, 51.16847856310077 ] ] ], [ [ [ 71.461784147928213, 51.169083295591911 ], [ 71.461798760676857, 51.169078613783405 ], [ 71.461518357975166, 51.168654514487123 ], [ 71.4612412, 51.1686262 ], [ 71.461038670612623, 51.168697145421426 ], [ 71.4609932, 51.1686925 ], [ 71.4608185, 51.168728 ], [ 71.4609277, 51.1689398 ], [ 71.460983131913864, 51.168945463094126 ], [ 71.461157831889693, 51.168909963011629 ], [ 71.461064320287122, 51.168728592227581 ], [ 71.4613671, 51.1690998 ], [ 71.461395085647325, 51.16910265898364 ], [ 71.4610639, 51.1692061 ], [ 71.4612165, 51.1693981 ], [ 71.461271932496302, 51.169403762948804 ], [ 71.461886332330494, 51.169211862659765 ], [ 71.461784147928213, 51.169083295591911 ] ] ], [ [ [ 71.461412, 51.1695003 ], [ 71.4612216, 51.1695543 ], [ 71.4612996, 51.1696623 ], [ 71.461355032823192, 51.169667962904697 ], [ 71.461545332778272, 51.169613862815083 ], [ 71.461467432640092, 51.169505962854018 ], [ 71.461412, 51.1695003 ] ] ], [ [ [ 71.4610241, 51.1695814 ], [ 71.4607655, 51.1696669 ], [ 71.4608695, 51.169790599999985 ], [ 71.460924932931988, 51.169796263107131 ], [ 71.461183532856396, 51.16971066298558 ], [ 71.461079532696544, 51.169587063037206 ], [ 71.4610241, 51.1695814 ] ] ], [ [ [ 71.4617496, 51.1693899 ], [ 71.4614528, 51.1694847 ], [ 71.4618622, 51.1699891 ], [ 71.461917633276386, 51.169994762631362 ], [ 71.462214433193878, 51.169900062491756 ], [ 71.461805032543026, 51.169395562695279 ], [ 71.4617496, 51.1693899 ] ] ], [ [ [ 71.4613067, 51.1699711 ], [ 71.461362133195706, 51.169976762895992 ], [ 71.461476531398233, 51.169913896733775 ], [ 71.4615614, 51.170033599999989 ], [ 71.461616833298024, 51.170039262773713 ], [ 71.461777433264629, 51.16999736269802 ], [ 71.461594433045093, 51.169831162787965 ], [ 71.461487632953094, 51.16976416283994 ], [ 71.4614322, 51.1697585 ], [ 71.4611999, 51.1699041 ], [ 71.4613067, 51.1699711 ] ] ], [ [ [ 71.462228833363483, 51.170039662482502 ], [ 71.4621734, 51.170034 ], [ 71.4619614, 51.1700933 ], [ 71.4620656, 51.1702397 ], [ 71.462121033599701, 51.17024536253026 ], [ 71.462333033550792, 51.170186062430375 ], [ 71.462228833363483, 51.170039662482502 ] ] ], [ [ [ 71.460810933975537, 51.170673063146261 ], [ 71.4607555, 51.1706674 ], [ 71.4601664, 51.1708284 ], [ 71.460367100000013, 51.171117 ], [ 71.460422534475612, 51.171122663323338 ], [ 71.46073840459124, 51.171036315973218 ], [ 71.4604589, 51.1711286 ], [ 71.4607211, 51.17144050000001 ], [ 71.46077653490272, 51.171446163149298 ], [ 71.461082034813657, 51.171345263005669 ], [ 71.460819934410296, 51.171033363135763 ], [ 71.460768447511384, 51.171028103275574 ], [ 71.46071175440774, 51.170926992125025 ], [ 71.460884597024915, 51.170879746126133 ], [ 71.460865, 51.170941 ], [ 71.4611134, 51.1712892 ], [ 71.461168834762191, 51.171294862965226 ], [ 71.461967934577231, 51.171070762588847 ], [ 71.461595833909584, 51.17054906277491 ], [ 71.4615404, 51.1705434 ], [ 71.4609382, 51.1707122 ], [ 71.460906664449055, 51.170810770406206 ], [ 71.460810933975537, 51.170673063146261 ] ] ], [ [ [ 71.462571235399139, 51.171700162290897 ], [ 71.462156434668287, 51.171129762498126 ], [ 71.462101, 51.1711241 ], [ 71.4612024, 51.171381 ], [ 71.4616367, 51.1719781 ], [ 71.461692135647255, 51.171983762704322 ], [ 71.462003335573257, 51.171894862557785 ], [ 71.462571235399139, 51.171700162290897 ] ] ], [ [ [ 71.4613307, 51.1723448 ], [ 71.461386136056305, 51.17235046284361 ], [ 71.46170483597902, 51.172258162693545 ], [ 71.461130834979954, 51.171479062980147 ], [ 71.4610754, 51.1714734 ], [ 71.4607567, 51.171565699999988 ], [ 71.4613307, 51.1723448 ] ] ], [ [ [ 71.4622406, 51.1723212 ], [ 71.4620302, 51.1723863 ], [ 71.462296, 51.172724100000011 ], [ 71.462351436615549, 51.17272976237772 ], [ 71.462561836559487, 51.17266466227872 ], [ 71.462296036124499, 51.172326862411033 ], [ 71.4622406, 51.1723212 ] ] ], [ [ [ 71.460979075553013, 51.172735965265126 ], [ 71.4609432, 51.17274590000001 ], [ 71.4611468, 51.1730349 ], [ 71.461202236867749, 51.173040562919205 ], [ 71.461397236823444, 51.172986562827354 ], [ 71.46119366043871, 51.17269759697475 ], [ 71.461862536301837, 51.172512362614114 ], [ 71.461768336130859, 51.172378662661252 ], [ 71.4617129, 51.172373 ], [ 71.460885, 51.1726023 ], [ 71.460979075553013, 51.172735965265126 ] ] ], [ [ [ 71.4616893, 51.1729855 ], [ 71.461296, 51.1730925 ], [ 71.461316222806374, 51.173121738836208 ], [ 71.461262, 51.17311620000001 ], [ 71.4611694, 51.1731414 ], [ 71.4611976, 51.1731835 ], [ 71.461253037052103, 51.173189162892463 ], [ 71.461344240204056, 51.173161924536593 ], [ 71.461399437041635, 51.173167562823181 ], [ 71.46179273695455, 51.173060562637872 ], [ 71.461744736865882, 51.172991162661901 ], [ 71.4616893, 51.1729855 ] ] ], [ [ [ 71.461292137640527, 51.173674362865484 ], [ 71.4612367, 51.173668699999986 ], [ 71.460909373069057, 51.17375960776036 ], [ 71.460879737652718, 51.173720863060922 ], [ 71.4608243, 51.1737152 ], [ 71.4603951, 51.1738441 ], [ 71.4605171, 51.1740037 ], [ 71.460572537967508, 51.174009363202146 ], [ 71.46099062939318, 51.173883701785947 ], [ 71.461047337875598, 51.173891162978229 ], [ 71.461380037799785, 51.173798862821499 ], [ 71.461292137640527, 51.173674362865484 ] ] ], [ [ [ 71.461777058153672, 51.174540613349258 ], [ 71.461501938148217, 51.174077462758696 ], [ 71.461334337886939, 51.173875262841946 ], [ 71.461278900000011, 51.1738696 ], [ 71.4609643, 51.1739721 ], [ 71.461172, 51.1745322 ], [ 71.4612279, 51.1745998 ], [ 71.461537831174212, 51.174624391601029 ], [ 71.4620178, 51.1752173 ], [ 71.462073239588406, 51.175222962467068 ], [ 71.462339439514665, 51.175138262341839 ], [ 71.461854538741804, 51.174539262582933 ], [ 71.461777058153672, 51.174540613349258 ] ] ], [ [ [ 71.4616599, 51.175226199999983 ], [ 71.4615066, 51.175275 ], [ 71.4616691, 51.1754756 ], [ 71.461724539862459, 51.175481262628537 ], [ 71.461877839819962, 51.175432462556429 ], [ 71.46171533956111, 51.175231862637219 ], [ 71.4616599, 51.175226199999983 ] ] ], [ [ [ 71.460940540027153, 51.175687162998074 ], [ 71.4608851, 51.1756815 ], [ 71.4608006, 51.175706699999985 ], [ 71.4608489, 51.1757647 ], [ 71.46090434012352, 51.175770363013861 ], [ 71.460991540103521, 51.175746062972799 ], [ 71.460940540027153, 51.175687162998074 ] ] ], [ [ [ 71.4618742, 51.1756489 ], [ 71.4615838, 51.1757384 ], [ 71.4616753, 51.175855 ], [ 71.46173074032005, 51.175860662619044 ], [ 71.462021040242973, 51.17577106248244 ], [ 71.461929640092947, 51.17565456252796 ], [ 71.4618742, 51.1756489 ] ] ], [ [ [ 71.4614121, 51.1757899 ], [ 71.4613129, 51.1758168 ], [ 71.4613612, 51.1758942 ], [ 71.461416640333894, 51.175899862767842 ], [ 71.461521240316699, 51.175876362718476 ], [ 71.46146754021369, 51.175795562745414 ], [ 71.4614121, 51.1757899 ] ] ], [ [ [ 71.462867340810391, 51.176167562072855 ], [ 71.462837640644523, 51.176032462089331 ], [ 71.46242733997839, 51.175515562293498 ], [ 71.4623719, 51.1755099 ], [ 71.4619563, 51.1756395 ], [ 71.4624585, 51.1762722 ], [ 71.462513940905694, 51.176277862239132 ], [ 71.462867340810391, 51.176167562072855 ] ] ], [ [ [ 71.4610836, 51.175906 ], [ 71.4609414, 51.1759464 ], [ 71.460979, 51.1759968 ], [ 71.461034440416867, 51.176002462947949 ], [ 71.461173940381101, 51.175960462882294 ], [ 71.461139040318628, 51.17591166289975 ], [ 71.4610836, 51.175906 ] ] ], [ [ [ 71.461784840857874, 51.176302462585667 ], [ 71.461831897613251, 51.176286411305988 ], [ 71.462074, 51.176565399999987 ], [ 71.462146748649687, 51.176565160054835 ], [ 71.4622554, 51.1766904 ], [ 71.462310841387804, 51.176696062328567 ], [ 71.462450641345214, 51.176648362262853 ], [ 71.462067040771871, 51.176206162453049 ], [ 71.461999965340326, 51.176204467184355 ], [ 71.461826840503932, 51.176004862570814 ], [ 71.4617714, 51.1759992 ], [ 71.4615398, 51.1760782 ], [ 71.461548114794283, 51.176087786623 ], [ 71.461513, 51.1760842 ], [ 71.461193, 51.176187499999983 ], [ 71.4613389, 51.1763651 ], [ 71.461394340898664, 51.176370762770325 ], [ 71.461476509725657, 51.176344237726369 ], [ 71.4618044, 51.1767434 ], [ 71.461859841403751, 51.176749062542271 ], [ 71.462057541347917, 51.176685262449297 ], [ 71.461739267572483, 51.176297807850325 ], [ 71.461784840857874, 51.176302462585667 ] ] ], [ [ [ 71.461185940827889, 51.176330362870203 ], [ 71.4611305, 51.1763247 ], [ 71.4610125, 51.1763617 ], [ 71.4611091, 51.1764727 ], [ 71.461164541003853, 51.17647836287783 ], [ 71.461287940976376, 51.176444662819669 ], [ 71.461185940827889, 51.176330362870203 ] ] ], [ [ [ 71.460959340838258, 51.176358962977538 ], [ 71.460878840736484, 51.176281563017163 ], [ 71.4608234, 51.1762759 ], [ 71.460582, 51.17636670000001 ], [ 71.4607859, 51.1765786 ], [ 71.46084134109708, 51.176584263029802 ], [ 71.460953941052296, 51.176537162977041 ], [ 71.460959340838258, 51.176358962977538 ] ] ], [ [ [ 71.4612763, 51.17645 ], [ 71.4611369, 51.1764989 ], [ 71.4615248, 51.1769335 ], [ 71.461580241603016, 51.176939162672035 ], [ 71.461719641558915, 51.176890262606562 ], [ 71.461331740994268, 51.176455662798652 ], [ 71.4612763, 51.17645 ] ] ], [ [ [ 71.461372641499295, 51.176871362772012 ], [ 71.4613172, 51.1768657 ], [ 71.461042, 51.176966899999989 ], [ 71.4619645, 51.1779519 ], [ 71.462019942876339, 51.177957562445222 ], [ 71.46229504278368, 51.177856362316057 ], [ 71.461372641499295, 51.176871362772012 ] ] ], [ [ [ 71.4625537, 51.1436137 ], [ 71.4623025, 51.1439375 ], [ 71.462579702086217, 51.144010862765086 ], [ 71.462830901723606, 51.143687062651189 ], [ 71.4625537, 51.1436137 ] ] ], [ [ [ 71.462488302146141, 51.144068762807557 ], [ 71.4621988, 51.14399920000001 ], [ 71.4620628, 51.1441957 ], [ 71.462274302333938, 51.144243862906336 ], [ 71.462379102323908, 51.144226262856783 ], [ 71.462488302146141, 51.144068762807557 ] ] ], [ [ [ 71.4625996, 51.144177699999986 ], [ 71.4626005, 51.1443093 ], [ 71.46286205620207, 51.144320159222438 ], [ 71.462861970126596, 51.144330265943744 ], [ 71.462608, 51.144322799999983 ], [ 71.4625989, 51.144809 ], [ 71.462875915429166, 51.144837313314014 ], [ 71.463071515541898, 51.14483881284869 ], [ 71.463080458720611, 51.144360838358338 ], [ 71.463360523161015, 51.144389462436358 ], [ 71.464135623888822, 51.144388359118231 ], [ 71.464133222413949, 51.144252259149702 ], [ 71.46363460000002, 51.1442013 ], [ 71.462936870535216, 51.144197954012824 ], [ 71.462936804662206, 51.144188325210749 ], [ 71.462826, 51.144177 ], [ 71.4625996, 51.144177699999986 ] ] ], [ [ [ 71.4620609, 51.1443026 ], [ 71.462049, 51.1449017 ], [ 71.462326015694799, 51.144930014613898 ], [ 71.462538115816898, 51.144931614109304 ], [ 71.462550012221968, 51.144332514132749 ], [ 71.462273, 51.1443042 ], [ 71.4620609, 51.1443026 ] ] ], [ [ [ 71.461854803085558, 51.144906063094432 ], [ 71.461831402645231, 51.144541863111861 ], [ 71.4617267, 51.1445375 ], [ 71.4615221, 51.1447993 ], [ 71.461529, 51.1449072 ], [ 71.461854803085558, 51.144906063094432 ] ] ], [ [ [ 71.461317, 51.145308 ], [ 71.461648803553743, 51.14531366318537 ], [ 71.461653303283228, 51.145088263187141 ], [ 71.4614069, 51.1450825 ], [ 71.4613403, 51.1451852 ], [ 71.461317, 51.145308 ] ] ], [ [ [ 71.4618925, 51.144967800000011 ], [ 71.4618814, 51.1456359 ], [ 71.462158420019406, 51.1456642149491 ], [ 71.462310720106203, 51.145665214586778 ], [ 71.462321816095937, 51.144997114618093 ], [ 71.4620448, 51.1449688 ], [ 71.4618925, 51.144967800000011 ] ] ], [ [ [ 71.4625167, 51.1449567 ], [ 71.4625122, 51.1456278 ], [ 71.462789220305254, 51.145656113449498 ], [ 71.462968120403119, 51.145656613023966 ], [ 71.462972716371354, 51.144985513071013 ], [ 71.4626957, 51.1449572 ], [ 71.4625167, 51.1449567 ] ] ], [ [ [ 71.4612514, 51.1456456 ], [ 71.461540703944209, 51.145647963231028 ], [ 71.461629903757569, 51.145484863191413 ], [ 71.461626203633813, 51.145382263194946 ], [ 71.4613498, 51.1453797 ], [ 71.4612433, 51.145422600000011 ], [ 71.4612514, 51.1456456 ] ] ], [ [ [ 71.4624402, 51.1456659 ], [ 71.462439900000021, 51.1458369 ], [ 71.463509004387646, 51.145843162291371 ], [ 71.46350920418206, 51.145672162294233 ], [ 71.4624402, 51.1456659 ] ] ], [ [ [ 71.4609603, 51.1457728 ], [ 71.4609656, 51.1459498 ], [ 71.46114100426982, 51.145954063415893 ], [ 71.461135604056437, 51.145777063421498 ], [ 71.4609603, 51.1457728 ] ] ], [ [ [ 71.463015204863211, 51.14628226251866 ], [ 71.4629186, 51.146277199999986 ], [ 71.4629196, 51.1463035 ], [ 71.463016204894942, 51.14630856251776 ], [ 71.463015204863211, 51.14628226251866 ] ] ], [ [ [ 71.461265, 51.1470257 ], [ 71.4612668, 51.1471401 ], [ 71.461543828736239, 51.147168416280984 ], [ 71.462752429333335, 51.147161113407016 ], [ 71.462750628645225, 51.14704681342117 ], [ 71.4624736, 51.1470185 ], [ 71.461265, 51.1470257 ] ] ], [ [ [ 71.4630054, 51.1470285 ], [ 71.463015, 51.1476928 ], [ 71.463292032986232, 51.147721112075203 ], [ 71.463453033066216, 51.147720211692345 ], [ 71.463445661865364, 51.147210432858877 ], [ 71.463683230269396, 51.147234711186783 ], [ 71.464444930689496, 51.147237409374846 ], [ 71.46444612990075, 51.147106109383344 ], [ 71.4641691, 51.1470778 ], [ 71.463443708305192, 51.147075324048082 ], [ 71.463443429067922, 51.147056011772584 ], [ 71.4631664, 51.14702770000001 ], [ 71.4630054, 51.1470285 ] ] ], [ [ [ 71.4619421, 51.14789720000001 ], [ 71.4620855, 51.148094 ], [ 71.462544606998051, 51.148099262711149 ], [ 71.462544306629937, 51.147793162716589 ], [ 71.462362406349612, 51.147576062806856 ], [ 71.4619391, 51.1475708 ], [ 71.4619421, 51.14789720000001 ] ] ], [ [ [ 71.464097793514412, 51.148706356981791 ], [ 71.463535311456923, 51.148645985482815 ], [ 71.463615638720441, 51.148646311225576 ], [ 71.463624933545745, 51.147784811277909 ], [ 71.4633479, 51.1477565 ], [ 71.4631754, 51.1477558 ], [ 71.463166206742827, 51.148607411830803 ], [ 71.4619841, 51.1484866 ], [ 71.4616067, 51.1484906 ], [ 71.4616119, 51.148686 ], [ 71.4623221, 51.1487772 ], [ 71.463015374938749, 51.148848051969125 ], [ 71.463015, 51.1489044 ], [ 71.463292040270815, 51.148932711970517 ], [ 71.464283640811672, 51.14893520961175 ], [ 71.464284340180114, 51.148830109619169 ], [ 71.464099091387212, 51.148811179868666 ], [ 71.464097793514412, 51.148706356981791 ] ] ], [ [ [ 71.463335708264836, 51.149082962317827 ], [ 71.4629396, 51.149076 ], [ 71.4629382, 51.149211099999988 ], [ 71.462853800000019, 51.1493751 ], [ 71.462992408572362, 51.149368962476203 ], [ 71.463182808527876, 51.149315162386543 ], [ 71.463343808411338, 51.149204062311888 ], [ 71.463362508362806, 51.149162062303716 ], [ 71.463335708264836, 51.149082962317827 ] ] ], [ [ [ 71.4607892, 51.149088399999989 ], [ 71.4607813, 51.149798099999984 ], [ 71.460947526637682, 51.149815090403131 ], [ 71.461394226786723, 51.149816989765533 ], [ 71.462333527022551, 51.149799488425948 ], [ 71.462403725436587, 51.149353688348867 ], [ 71.462341424482034, 51.149094588451206 ], [ 71.4621752, 51.1490776 ], [ 71.4613815, 51.1490735 ], [ 71.4607892, 51.149088399999989 ] ] ], [ [ [ 71.4627541, 51.1505787 ], [ 71.4626634, 51.1506471 ], [ 71.4626479, 51.1507233 ], [ 71.462814130569726, 51.150740287691306 ], [ 71.463173530667504, 51.150735687178617 ], [ 71.463173430180774, 51.15060078718578 ], [ 71.4628887, 51.1505562 ], [ 71.4627541, 51.1505787 ] ] ], [ [ [ 71.461888177693496, 51.150892028339918 ], [ 71.461660450802853, 51.15082821568766 ], [ 71.461383400000017, 51.1507999 ], [ 71.4612656, 51.1509653 ], [ 71.4615957, 51.1510578 ], [ 71.461872752466292, 51.151086115160403 ], [ 71.461990551534186, 51.150920714894511 ], [ 71.461990610314473, 51.150905962926217 ], [ 71.461946510294894, 51.150893562947395 ], [ 71.461888177693496, 51.150892028339918 ] ] ], [ [ [ 71.4635931, 51.1508444 ], [ 71.4625289, 51.1508471 ], [ 71.4625301, 51.1509559 ], [ 71.462807152349171, 51.150984212946653 ], [ 71.463870752894607, 51.15098111041705 ], [ 71.463870152242464, 51.150872710427848 ], [ 71.4635931, 51.1508444 ] ] ], [ [ [ 71.4622711, 51.1510671 ], [ 71.462189, 51.1511843 ], [ 71.462355232086949, 51.151201288322333 ], [ 71.462752532224584, 51.151204387755165 ], [ 71.462755631800533, 51.151086587756858 ], [ 71.4625894, 51.1510696 ], [ 71.4622711, 51.1510671 ] ] ], [ [ [ 71.4625953, 51.1512856 ], [ 71.4625953, 51.1514067 ], [ 71.462872355094589, 51.151435012752636 ], [ 71.463887155630971, 51.151434710338847 ], [ 71.463887154903333, 51.151313710349307 ], [ 71.4636101, 51.1512854 ], [ 71.4625953, 51.1512856 ] ] ], [ [ [ 71.462154311684273, 51.152030462828918 ], [ 71.462375958548236, 51.152053113880008 ], [ 71.462605558679655, 51.152054713333733 ], [ 71.462611554940608, 51.151432413373207 ], [ 71.4623345, 51.1514041 ], [ 71.4619182, 51.1514059 ], [ 71.4619182, 51.1520273 ], [ 71.462154311684273, 51.152030462828918 ] ] ], [ [ [ 71.4613455, 51.1516687 ], [ 71.4612292, 51.1518186 ], [ 71.461352011375908, 51.151844863213789 ], [ 71.46146831120798, 51.151694963161056 ], [ 71.4613455, 51.1516687 ] ] ], [ [ [ 71.4611697, 51.1519973 ], [ 71.4611523, 51.152022099999982 ], [ 71.461248611598521, 51.15203906325965 ], [ 71.461266111570538, 51.152014263251743 ], [ 71.4611697, 51.1519973 ] ] ], [ [ [ 71.461565111664441, 51.152065963108605 ], [ 71.4614688, 51.152049 ], [ 71.461443, 51.1520858 ], [ 71.461481336687939, 51.152096391799454 ], [ 71.4614413, 51.1520923 ], [ 71.4614239, 51.1521171 ], [ 71.4615202117416, 51.152134063128791 ], [ 71.461537611713752, 51.152109363120921 ], [ 71.461499239504633, 51.152098667712309 ], [ 71.461539311705977, 51.15210276312024 ], [ 71.461565111664441, 51.152065963108605 ] ] ], [ [ [ 71.461820611925731, 51.152260662983686 ], [ 71.4615507, 51.152194299999984 ], [ 71.4614673, 51.1523103 ], [ 71.461952212152468, 51.152437562918031 ], [ 71.462011912059083, 51.152354662891071 ], [ 71.461820611925731, 51.152260662983686 ] ] ], [ [ [ 71.462659460820859, 51.152406013175174 ], [ 71.46238240000001, 51.1523777 ], [ 71.4623044, 51.152486 ], [ 71.4635513, 51.1528392 ], [ 71.463828364216241, 51.152867510354902 ], [ 71.463906363606284, 51.152759210178736 ], [ 71.462659460820859, 51.152406013175174 ] ] ], [ [ [ 71.4622146, 51.153414599999984 ], [ 71.461834500547283, 51.153498237044843 ], [ 71.4616396, 51.1534485 ], [ 71.4614363, 51.1535026 ], [ 71.4613746, 51.1535529 ], [ 71.4613993, 51.1537191 ], [ 71.461707313749045, 51.153786563011252 ], [ 71.461742902120861, 51.153725145446934 ], [ 71.4620496, 51.1539268 ], [ 71.462756842254123, 51.153983587604998 ], [ 71.462863541776031, 51.153841687460073 ], [ 71.462380840142544, 51.153431588170228 ], [ 71.4622146, 51.153414599999984 ] ] ], [ [ [ 71.464088914727526, 51.154389961867778 ], [ 71.4629444, 51.1540805 ], [ 71.4625482, 51.1546393 ], [ 71.463692615357672, 51.154948762046665 ], [ 71.464088914727526, 51.154389961867778 ] ] ], [ [ [ 71.4634289, 51.1554457 ], [ 71.4633461, 51.15556930000001 ], [ 71.463442816097583, 51.155585862154517 ], [ 71.463525715957687, 51.155462262117211 ], [ 71.4634289, 51.1554457 ] ] ], [ [ [ 71.4616383, 51.1569607 ], [ 71.4615879, 51.1570147 ], [ 71.4617058, 51.157058 ], [ 71.461761217696989, 51.157063662929019 ], [ 71.461811617637494, 51.157009762905965 ], [ 71.461693717572757, 51.156966362962812 ], [ 71.4616383, 51.1569607 ] ] ], [ [ [ 71.4619333, 51.156943199999986 ], [ 71.4618827, 51.1569949 ], [ 71.4622618, 51.15714040000001 ], [ 71.462317217855116, 51.157146062663088 ], [ 71.462367617798265, 51.157094362639981 ], [ 71.461988717583012, 51.156948862822766 ], [ 71.4619333, 51.156943199999986 ] ] ], [ [ [ 71.462005407630471, 51.157269177252694 ], [ 71.4615401, 51.1572184 ], [ 71.4614196, 51.1572847 ], [ 71.461394, 51.1573793 ], [ 71.4615129, 51.1574693 ], [ 71.4616196, 51.1575081 ], [ 71.4617913, 51.1575509 ], [ 71.46212380998476, 51.157584876882012 ], [ 71.462229409863596, 51.157558776583265 ], [ 71.462313709245933, 51.157465776352275 ], [ 71.462308408644134, 51.157382876375991 ], [ 71.462005407630471, 51.157269177252694 ] ] ], [ [ [ 71.4619838, 51.1592427 ], [ 71.462268520457783, 51.159313562648805 ], [ 71.462546120053617, 51.158953162522963 ], [ 71.462245919881695, 51.158836762667782 ], [ 71.4619325, 51.1587885 ], [ 71.4618722, 51.1588746 ], [ 71.4619838, 51.1592427 ] ] ], [ [ [ 71.463974621225532, 51.159801161828668 ], [ 71.464182821258916, 51.159810561729444 ], [ 71.464202421009389, 51.159601461723739 ], [ 71.464101320847305, 51.159475661774003 ], [ 71.4640459, 51.15947 ], [ 71.4635828, 51.15962420000001 ], [ 71.4636778, 51.1597349 ], [ 71.463974621225532, 51.159801161828668 ] ] ], [ [ [ 71.4626185, 51.1599605 ], [ 71.462895606557183, 51.159988811958641 ], [ 71.463537313261881, 51.159988601805665 ], [ 71.4635347, 51.1601151 ], [ 71.463756386353339, 51.160137747865541 ], [ 71.464017586477183, 51.160140447368249 ], [ 71.464056785116796, 51.159854347313413 ], [ 71.463835100000011, 51.1598317 ], [ 71.4635415, 51.159825 ], [ 71.4626221, 51.159825399999988 ], [ 71.4626185, 51.1599605 ] ] ], [ [ [ 71.4630611, 51.1602169 ], [ 71.4630604, 51.160293 ], [ 71.463190921743546, 51.160300762192904 ], [ 71.463190921650408, 51.160223362194237 ], [ 71.4630611, 51.1602169 ] ] ], [ [ [ 71.462456409921401, 51.160586712951826 ], [ 71.462637809675925, 51.160529912525192 ], [ 71.462472107871463, 51.160244612943998 ], [ 71.462292406886903, 51.160096813384264 ], [ 71.4620153, 51.1600685 ], [ 71.461834300000021, 51.1601251 ], [ 71.4621793, 51.1605584 ], [ 71.462456409921401, 51.160586712951826 ] ] ], [ [ [ 71.463537590196296, 51.160955448225423 ], [ 71.463997690368942, 51.160950747350114 ], [ 71.464444290066552, 51.160848546507211 ], [ 71.464439687692135, 51.160355646550059 ], [ 71.463922286948858, 51.160246847542268 ], [ 71.4637006, 51.1602242 ], [ 71.4633174, 51.1602289 ], [ 71.4633159, 51.1609328 ], [ 71.463537590196296, 51.160955448225423 ] ] ], [ [ [ 71.461945722151427, 51.160749562777603 ], [ 71.461873221975281, 51.1606095628145 ], [ 71.46177560000001, 51.1605925 ], [ 71.4616534, 51.1606294 ], [ 71.4617718, 51.1607808 ], [ 71.461827222183246, 51.160786462833343 ], [ 71.461945722151427, 51.160749562777603 ] ] ], [ [ [ 71.461973622458956, 51.161002662759948 ], [ 71.462171922411159, 51.160945462666596 ], [ 71.462115422312991, 51.160868862694805 ], [ 71.462037722237497, 51.160812962732727 ], [ 71.4619249, 51.1608045 ], [ 71.46180050000001, 51.1608409 ], [ 71.4619182, 51.160997 ], [ 71.461973622458956, 51.161002662759948 ] ] ], [ [ [ 71.4625039, 51.1606311 ], [ 71.4623232, 51.160688299999983 ], [ 71.46267, 51.1611196 ], [ 71.462947113558343, 51.16114791173603 ], [ 71.463127813310649, 51.161090811311084 ], [ 71.462781010531046, 51.160659412173352 ], [ 71.4625039, 51.1606311 ] ] ], [ [ [ 71.4623826, 51.161028 ], [ 71.4622583, 51.1610698 ], [ 71.4623344, 51.1611586 ], [ 71.462389822697588, 51.16116426255914 ], [ 71.46251412266048, 51.161122462500721 ], [ 71.462438022545541, 51.161033662538472 ], [ 71.4623826, 51.161028 ] ] ], [ [ [ 71.4620729, 51.1610429 ], [ 71.4619401, 51.1610832 ], [ 71.4620473, 51.161226 ], [ 71.462102722748213, 51.161231662694568 ], [ 71.462236222714012, 51.161191462631749 ], [ 71.462128322530617, 51.161048562685551 ], [ 71.4620729, 51.1610429 ] ] ], [ [ [ 71.4630892, 51.1612404 ], [ 71.46285, 51.161310199999988 ], [ 71.4629091, 51.1613899 ], [ 71.462964523036916, 51.161395562281726 ], [ 71.463203722978307, 51.161325762169106 ], [ 71.463144622876143, 51.161246062198607 ], [ 71.4630892, 51.1612404 ] ] ], [ [ [ 71.46182180000001, 51.1612825 ], [ 71.4616512, 51.1613372 ], [ 71.4617169, 51.1614178 ], [ 71.461772322943972, 51.161423462848454 ], [ 71.46194292289637, 51.161368862768228 ], [ 71.461877222792282, 51.161288162800901 ], [ 71.46182180000001, 51.1612825 ] ] ], [ [ [ 71.4623311, 51.1613061 ], [ 71.4621884, 51.1613549 ], [ 71.4622529, 51.1614291 ], [ 71.462308323014454, 51.161434762593245 ], [ 71.46245112297089, 51.161385962526147 ], [ 71.462386522874738, 51.161311762558157 ], [ 71.4623311, 51.1613061 ] ] ], [ [ [ 71.461949522967956, 51.16142776276407 ], [ 71.4618941, 51.161422099999989 ], [ 71.4617699, 51.1614593 ], [ 71.4618101, 51.161512 ], [ 71.461865523067203, 51.161517662802503 ], [ 71.461989723035629, 51.161480462744052 ], [ 71.461949522967956, 51.16142776276407 ] ] ], [ [ [ 71.4631778, 51.1613945 ], [ 71.4630096, 51.161456 ], [ 71.4630617, 51.1615104 ], [ 71.463117123198117, 51.161516062207028 ], [ 71.463284523142491, 51.161455062128439 ], [ 71.463233223070972, 51.161400162153789 ], [ 71.4631778, 51.1613945 ] ] ], [ [ [ 71.4623931, 51.1614261 ], [ 71.4622754, 51.161463 ], [ 71.4623614, 51.161569 ], [ 71.462416823194317, 51.161574662539216 ], [ 71.462533823160655, 51.161536362484199 ], [ 71.462448523025728, 51.161431762526568 ], [ 71.4623931, 51.1614261 ] ] ], [ [ [ 71.462062623138067, 51.161559162707995 ], [ 71.4620072, 51.1615535 ], [ 71.4618867, 51.1615988 ], [ 71.4619399, 51.1616544 ], [ 71.461995323252367, 51.161660062738285 ], [ 71.46211582321051, 51.161614662681721 ], [ 71.462062623138067, 51.161559162707995 ] ] ], [ [ [ 71.4625466, 51.161576599999989 ], [ 71.4623905, 51.1616272 ], [ 71.4624749, 51.1617322 ], [ 71.46253032340276, 51.16173786248239 ], [ 71.462690223358834, 51.161687262407185 ], [ 71.462602023223113, 51.161582262450935 ], [ 71.4625466, 51.161576599999989 ] ] ], [ [ [ 71.4633494, 51.1616385 ], [ 71.4630919, 51.1617231 ], [ 71.463182, 51.1618309 ], [ 71.463237423596581, 51.161836562144245 ], [ 71.463494923521978, 51.161751862023195 ], [ 71.463404823382803, 51.161644162067944 ], [ 71.4633494, 51.1616385 ] ] ], [ [ [ 71.462225823309311, 51.161687062628133 ], [ 71.4621704, 51.1616814 ], [ 71.4619535, 51.16175 ], [ 71.4620421, 51.1618602 ], [ 71.462097523510863, 51.161865862686092 ], [ 71.46231452345134, 51.161797262584024 ], [ 71.462225823309311, 51.161687062628133 ] ] ], [ [ [ 71.4634836, 51.1617779 ], [ 71.4633154, 51.1618394 ], [ 71.4633675, 51.1618938 ], [ 71.463422923691965, 51.161899462054926 ], [ 71.463590323636311, 51.161838461976309 ], [ 71.463539023564806, 51.161783562001659 ], [ 71.4634836, 51.1617779 ] ] ], [ [ [ 71.4628777, 51.1618078 ], [ 71.4627491, 51.1618466 ], [ 71.4628109, 51.1619242 ], [ 71.462866323669459, 51.161929862319205 ], [ 71.462993023636471, 51.161891262259587 ], [ 71.462933123536487, 51.16181346228943 ], [ 71.4628777, 51.1618078 ] ] ], [ [ [ 71.462770023707989, 51.161970362364315 ], [ 71.462695823579764, 51.161870362401366 ], [ 71.4626404, 51.1618647 ], [ 71.4624927, 51.1619095 ], [ 71.4626042, 51.1620587 ], [ 71.462659623809401, 51.162064362415236 ], [ 71.462742823788858, 51.16203996237607 ], [ 71.462770023707989, 51.161970362364315 ] ] ], [ [ [ 71.4635851, 51.161898 ], [ 71.4634169, 51.1619595 ], [ 71.463469, 51.1620139 ], [ 71.463524423847261, 51.162019562004531 ], [ 71.463691823791606, 51.161958561925942 ], [ 71.463640523720102, 51.161903661951307 ], [ 71.4635851, 51.161898 ] ] ], [ [ [ 71.4623832, 51.1619198 ], [ 71.4621959, 51.161981 ], [ 71.4623581, 51.1621744 ], [ 71.462413523922507, 51.162180062530311 ], [ 71.462600723867041, 51.162117462442339 ], [ 71.462438623618795, 51.161925462522774 ], [ 71.4623832, 51.1619198 ] ] ], [ [ [ 71.463769523945842, 51.162079861886873 ], [ 71.4637141, 51.1620742 ], [ 71.4635633, 51.1621196 ], [ 71.4636025, 51.1621683 ], [ 71.463657924047212, 51.16217396193835 ], [ 71.463808824011494, 51.162130961867298 ], [ 71.463769523945842, 51.162079861886873 ] ] ], [ [ [ 71.46404352097835, 51.16228440902956 ], [ 71.4637664, 51.1622561 ], [ 71.4629036, 51.162534500000014 ], [ 71.4629993, 51.1626512 ], [ 71.463276422948766, 51.162679510820354 ], [ 71.464139221731344, 51.162401108791819 ], [ 71.46404352097835, 51.16228440902956 ] ] ], [ [ [ 71.4641759, 51.162660799999983 ], [ 71.4638543, 51.1627728 ], [ 71.4639214, 51.1628485 ], [ 71.46397682489966, 51.16285416177486 ], [ 71.464298324798989, 51.162742161623832 ], [ 71.464231324700762, 51.162666461657004 ], [ 71.4641759, 51.162660799999983 ] ] ], [ [ [ 71.4636397, 51.1627341 ], [ 71.4634627, 51.162784599999988 ], [ 71.4635056, 51.1628552 ], [ 71.463542858501015, 51.162859006175907 ], [ 71.4635294, 51.16286310000001 ], [ 71.4635919, 51.1629439 ], [ 71.463647324979505, 51.162949561929985 ], [ 71.463857724924807, 51.16288556183099 ], [ 71.463795224820942, 51.162804761862134 ], [ 71.463735253513065, 51.16280048296764 ], [ 71.463695124732098, 51.162739761910892 ], [ 71.4636397, 51.1627341 ] ] ], [ [ [ 71.4633098, 51.1629253 ], [ 71.463077, 51.1629913 ], [ 71.4631348, 51.1630715 ], [ 71.463190225084574, 51.163077162145285 ], [ 71.463422925029832, 51.163011162035701 ], [ 71.463365224927188, 51.162930962064536 ], [ 71.4633098, 51.1629253 ] ] ], [ [ [ 71.4628297, 51.162973 ], [ 71.4626956, 51.1630167 ], [ 71.4627439, 51.1630739 ], [ 71.462793488309913, 51.16307896604016 ], [ 71.462658, 51.1631244 ], [ 71.462755, 51.163238 ], [ 71.462810425244641, 51.163243662323111 ], [ 71.462927825209675, 51.163204262267932 ], [ 71.4629608251104, 51.163118862253697 ], [ 71.462913225038193, 51.16306306227731 ], [ 71.462865987163497, 51.163058236410563 ], [ 71.462933425008572, 51.163036662268155 ], [ 71.462885124933635, 51.16297866229214 ], [ 71.4628297, 51.162973 ] ] ], [ [ [ 71.4624929, 51.1631714 ], [ 71.4622203, 51.1632433 ], [ 71.462296, 51.163356 ], [ 71.462351425337928, 51.163361662539472 ], [ 71.462624025280334, 51.163289762410997 ], [ 71.46254832513668, 51.163177062448966 ], [ 71.4624929, 51.1631714 ] ] ], [ [ [ 71.4639265, 51.1631854 ], [ 71.463698500000021, 51.1632563 ], [ 71.4637663, 51.163342 ], [ 71.463821725477132, 51.163347661840142 ], [ 71.464049725415862, 51.163276661732873 ], [ 71.46398192530566, 51.163191061766625 ], [ 71.4639265, 51.1631854 ] ] ], [ [ [ 71.4628455, 51.1633068 ], [ 71.4629324, 51.1634613 ], [ 71.46298782553221, 51.163466962234857 ], [ 71.463387325421522, 51.163339762046959 ], [ 71.463295425267589, 51.163219962092761 ], [ 71.46324, 51.1632143 ], [ 71.4628455, 51.1633068 ] ] ], [ [ [ 71.46215042535573, 51.163394162634532 ], [ 71.462077125244434, 51.163308162670916 ], [ 71.4620217, 51.1633025 ], [ 71.461904, 51.163342 ], [ 71.4618797, 51.16338 ], [ 71.4619333, 51.1634427 ], [ 71.461988725403785, 51.16344836271054 ], [ 71.46215042535573, 51.163394162634532 ] ] ], [ [ [ 71.4635658, 51.1633089 ], [ 71.4633048, 51.1633938 ], [ 71.4633665, 51.1634685 ], [ 71.463421925586957, 51.163474162028173 ], [ 71.463682925512458, 51.163389261905472 ], [ 71.463621225416006, 51.163314561936104 ], [ 71.4635658, 51.1633089 ] ] ], [ [ [ 71.463183225525142, 51.16344386214228 ], [ 71.4631278, 51.1634382 ], [ 71.4628668, 51.1635231 ], [ 71.462882699244929, 51.16354234919379 ], [ 71.462846, 51.1635386 ], [ 71.4626392, 51.1636024 ], [ 71.4627017, 51.1636798 ], [ 71.462757125770693, 51.163685462340844 ], [ 71.462961725713697, 51.163620062244611 ], [ 71.462945388209363, 51.163599525285726 ], [ 71.462983925696079, 51.163603462234349 ], [ 71.463244925621595, 51.163518562111626 ], [ 71.463183225525142, 51.16344386214228 ] ] ], [ [ [ 71.4619124, 51.1636256 ], [ 71.4617836, 51.1636559 ], [ 71.4618426, 51.1637434 ], [ 71.461898025756042, 51.163749062748494 ], [ 71.462032125729721, 51.163715362685281 ], [ 71.461967825621684, 51.163631262717331 ], [ 71.4619124, 51.1636256 ] ] ], [ [ [ 71.462609625707373, 51.16364586241172 ], [ 71.4625542, 51.1636402 ], [ 71.4623344, 51.1637094 ], [ 71.4623904, 51.1637793 ], [ 71.462445825857415, 51.163784962487249 ], [ 71.462665625797456, 51.163715762383852 ], [ 71.462609625707373, 51.16364586241172 ] ] ], [ [ [ 71.461809, 51.1638308 ], [ 71.46181420000002, 51.163887899999985 ], [ 71.4618436, 51.1639253 ], [ 71.461963626003723, 51.163949062713854 ], [ 71.462255525903643, 51.16384016257684 ], [ 71.462178625776801, 51.163741562615122 ], [ 71.4621232, 51.1637359 ], [ 71.461809, 51.1638308 ] ] ], [ [ [ 71.4637239, 51.16383230000001 ], [ 71.4636314, 51.1638612 ], [ 71.463684, 51.1639272 ], [ 71.463739426172708, 51.163932861869178 ], [ 71.463831926147606, 51.163903861825681 ], [ 71.463779326062721, 51.163837961851847 ], [ 71.4637239, 51.16383230000001 ] ] ], [ [ [ 71.462905926065844, 51.163917562266036 ], [ 71.4628505, 51.1639119 ], [ 71.4627349, 51.1639448 ], [ 71.4628147, 51.1640548 ], [ 71.462870126234023, 51.164060462280602 ], [ 71.462985626206674, 51.16402756222621 ], [ 71.462905926065844, 51.163917562266036 ] ] ], [ [ [ 71.462093, 51.164227899999986 ], [ 71.4621817, 51.164311 ], [ 71.462237126475188, 51.164316662577349 ], [ 71.462446226427573, 51.164258662478879 ], [ 71.462331326142774, 51.164032162537438 ], [ 71.4621112, 51.1640286 ], [ 71.4619942, 51.1640602 ], [ 71.462093, 51.164227899999986 ] ] ], [ [ [ 71.463035, 51.1641334 ], [ 71.4629089, 51.16417340000001 ], [ 71.4629968, 51.1642823 ], [ 71.463052226527154, 51.164287962190031 ], [ 71.463178326492269, 51.164247862130708 ], [ 71.463090426352011, 51.164139062174414 ], [ 71.463035, 51.1641334 ] ] ], [ [ [ 71.4621424, 51.1643863 ], [ 71.4622238, 51.1644737 ], [ 71.462543226760431, 51.164526662428081 ], [ 71.462622426734768, 51.164498362390887 ], [ 71.462458726452141, 51.164277962472603 ], [ 71.4624033, 51.1642723 ], [ 71.4622105, 51.164342 ], [ 71.4621424, 51.1643863 ] ] ], [ [ [ 71.464278726992887, 51.164566761601627 ], [ 71.464285526887195, 51.164478361599919 ], [ 71.464131026614069, 51.164265061677121 ], [ 71.464010426518584, 51.164196361735691 ], [ 71.463955, 51.1641907 ], [ 71.4636674, 51.1642726 ], [ 71.4639357, 51.164643 ], [ 71.463991127060922, 51.164648661737047 ], [ 71.464278726992887, 51.164566761601627 ] ] ], [ [ [ 71.463228300000011, 51.1643601 ], [ 71.4630914, 51.1644077 ], [ 71.4632041, 51.164535 ], [ 71.463259526853307, 51.164540662087028 ], [ 71.463396426810419, 51.164492962022706 ], [ 71.463283726645358, 51.164365762078532 ], [ 71.463228300000011, 51.1643601 ] ] ], [ [ [ 71.46336506249871, 51.1647452121532 ], [ 71.4633327, 51.1647557 ], [ 71.4634053, 51.1648436 ], [ 71.463460727246087, 51.16484926198595 ], [ 71.46363432719663, 51.164792861904324 ], [ 71.463484926963289, 51.164612161978546 ], [ 71.4634295, 51.1646065 ], [ 71.4632883, 51.1646524 ], [ 71.46336506249871, 51.1647452121532 ] ] ], [ [ [ 71.4619193, 51.1646694 ], [ 71.461769, 51.1647102 ], [ 71.4618229, 51.1647883 ], [ 71.461878327011576, 51.164793962739836 ], [ 71.462028526978401, 51.164753162669079 ], [ 71.461974726878708, 51.164675062696027 ], [ 71.4619193, 51.1646694 ] ] ], [ [ [ 71.4642457, 51.164599399999986 ], [ 71.4639133, 51.1647074 ], [ 71.4639887, 51.1648005 ], [ 71.46404412725613, 51.164806161709116 ], [ 71.464379527161356, 51.164697861551389 ], [ 71.464301127041352, 51.164605061590301 ], [ 71.4642457, 51.164599399999986 ] ] ], [ [ [ 71.462176727133397, 51.164868862596563 ], [ 71.462125527038793, 51.164794762622215 ], [ 71.4620701, 51.1647891 ], [ 71.4619999, 51.1648081 ], [ 71.4618782, 51.1648715 ], [ 71.4619117, 51.16492 ], [ 71.46196712717952, 51.16492566269531 ], [ 71.462176727133397, 51.164868862596563 ] ] ], [ [ [ 71.462804927338141, 51.164983562295674 ], [ 71.463049527272617, 51.164907562180623 ], [ 71.462902427012907, 51.16470476225409 ], [ 71.462847, 51.164699099999986 ], [ 71.4626018, 51.1647752 ], [ 71.4627495, 51.1649779 ], [ 71.462804927338141, 51.164983562295674 ] ] ], [ [ [ 71.463713627489824, 51.165029461862517 ], [ 71.463904227408207, 51.164944861773293 ], [ 71.463816627262304, 51.16483136181693 ], [ 71.4637612, 51.1648257 ], [ 71.4634027, 51.1649346 ], [ 71.4634903, 51.165048 ], [ 71.463545727501142, 51.16505366194199 ], [ 71.463713627489824, 51.165029461862517 ] ] ], [ [ [ 71.462140527220896, 51.164944762612471 ], [ 71.4620851, 51.1649391 ], [ 71.4619763, 51.1649694 ], [ 71.4620379, 51.1650565 ], [ 71.462093327357209, 51.165062162632907 ], [ 71.462202127332404, 51.165031962581658 ], [ 71.462140527220896, 51.164944762612471 ] ] ], [ [ [ 71.462765, 51.1650357 ], [ 71.4629281, 51.1652481 ], [ 71.462983527682312, 51.165253762206028 ], [ 71.463218127625609, 51.16518596209557 ], [ 71.463086227343794, 51.164963462162184 ], [ 71.4630308, 51.1649578 ], [ 71.462765, 51.1650357 ] ] ], [ [ [ 71.46223, 51.1650571 ], [ 71.4620579, 51.1651047 ], [ 71.462121200000013, 51.1651949 ], [ 71.462176627532642, 51.165200562590883 ], [ 71.462348827493599, 51.165152962509772 ], [ 71.462285427378319, 51.165062762541488 ], [ 71.46223, 51.1650571 ] ] ], [ [ [ 71.462391027554432, 51.165199762488889 ], [ 71.4623356, 51.1651941 ], [ 71.4621792, 51.1652376 ], [ 71.4622307, 51.1653103 ], [ 71.462286127683157, 51.165315962536788 ], [ 71.462442527647269, 51.165272362463135 ], [ 71.462391027554432, 51.165199762488889 ] ] ], [ [ [ 71.4623908, 51.1652911 ], [ 71.4622582, 51.1653357 ], [ 71.4623202, 51.1654082 ], [ 71.462375627810474, 51.165413862492507 ], [ 71.462508227770996, 51.165369362430177 ], [ 71.462446227677034, 51.165296762460947 ], [ 71.4623908, 51.1652911 ] ] ], [ [ [ 71.463952913406331, 51.165740147104344 ], [ 71.464112213129241, 51.165668546806117 ], [ 71.464012012446346, 51.165535547006023 ], [ 71.4637903, 51.16551290000001 ], [ 71.4636111, 51.165512 ], [ 71.4633002, 51.1656067 ], [ 71.4634408, 51.1657738 ], [ 71.463672913562888, 51.165797347633315 ], [ 71.463952913406331, 51.165740147104344 ] ] ], [ [ [ 71.462878, 51.1658727 ], [ 71.4627814, 51.165903 ], [ 71.462878, 51.1660342 ], [ 71.462933428623188, 51.166039862216294 ], [ 71.463035328597527, 51.166009562168334 ], [ 71.462933428428798, 51.16587836221909 ], [ 71.462878, 51.1658727 ] ] ], [ [ [ 71.462843728576956, 51.166009362259494 ], [ 71.462748428418806, 51.165886362306971 ], [ 71.462693, 51.1658807 ], [ 71.4621829, 51.1660384 ], [ 71.4622288, 51.1660985 ], [ 71.462284228631688, 51.166104162524078 ], [ 71.46260612864009, 51.166082762371303 ], [ 71.462843728576956, 51.166009362259494 ] ] ], [ [ [ 71.4621633, 51.1660836 ], [ 71.4620851, 51.1661105 ], [ 71.4621587, 51.1661977 ], [ 71.462214128743653, 51.16620336255572 ], [ 71.462291728719023, 51.166176062519263 ], [ 71.4622187286068, 51.166089262555502 ], [ 71.4621633, 51.1660836 ] ] ], [ [ [ 71.464178829613743, 51.166752961611387 ], [ 71.464278029587675, 51.166722561564711 ], [ 71.464207829424595, 51.16659326160034 ], [ 71.464075229202635, 51.16642056166642 ], [ 71.4640198, 51.166414899999985 ], [ 71.4638734, 51.1664594 ], [ 71.4640095, 51.1666357 ], [ 71.4641234, 51.1667473 ], [ 71.464178829613743, 51.166752961611387 ] ] ], [ [ [ 71.4614616, 51.1669612 ], [ 71.4615474, 51.1670618 ], [ 71.461824548721481, 51.167090113893664 ], [ 71.462922747086481, 51.166721611312717 ], [ 71.462835546434121, 51.166620911528888 ], [ 71.4624153, 51.1665815 ], [ 71.461837500000016, 51.1667786 ], [ 71.4614616, 51.1669612 ] ] ], [ [ [ 71.464221351034183, 51.167263008176434 ], [ 71.463505245511755, 51.16640860995394 ], [ 71.4632281, 51.1663803 ], [ 71.4627795, 51.1665284 ], [ 71.4628729, 51.1666403 ], [ 71.4637976, 51.1672831 ], [ 71.464074751247722, 51.167311408521023 ], [ 71.464221351034183, 51.167263008176434 ] ] ], [ [ [ 71.4616784, 51.167320099999984 ], [ 71.4618164, 51.1674816 ], [ 71.462093551390993, 51.16750991321743 ], [ 71.463250549663741, 51.167120910498376 ], [ 71.463167149027214, 51.167022510705273 ], [ 71.462945429780049, 51.166999862194004 ], [ 71.462892029696974, 51.166935562220502 ], [ 71.4628366, 51.166929899999985 ], [ 71.4616784, 51.167320099999984 ] ] ], [ [ [ 71.463439751383831, 51.167390010024995 ], [ 71.4631184, 51.1673562 ], [ 71.4620441, 51.1676903 ], [ 71.4620289, 51.1677172 ], [ 71.4621056, 51.1678177 ], [ 71.462440353622753, 51.16785011236297 ], [ 71.463490052189982, 51.167519509894142 ], [ 71.463519052029014, 51.167490209827676 ], [ 71.463439751383831, 51.167390010024995 ] ] ], [ [ [ 71.4638408, 51.1674404 ], [ 71.464326, 51.1680322 ], [ 71.464603156036986, 51.168060507199158 ], [ 71.464814555738641, 51.167992306702097 ], [ 71.46433205192055, 51.167400507901185 ], [ 71.4640549, 51.1673722 ], [ 71.4638408, 51.1674404 ] ] ], [ [ [ 71.4633479, 51.1676339 ], [ 71.462795, 51.167816 ], [ 71.4629674, 51.1680217 ], [ 71.463022831025157, 51.168027362139426 ], [ 71.463574830865014, 51.167845661879909 ], [ 71.463403330598709, 51.167639561965068 ], [ 71.4633479, 51.1676339 ] ] ], [ [ [ 71.4626988, 51.1678427 ], [ 71.4625092, 51.1679071 ], [ 71.4627349, 51.1681684 ], [ 71.462790331177089, 51.168174062247537 ], [ 71.462978331120226, 51.168110262159175 ], [ 71.462754230781158, 51.167848362270334 ], [ 71.4626988, 51.1678427 ] ] ], [ [ [ 71.463155331235214, 51.168190162073572 ], [ 71.4630999, 51.1681845 ], [ 71.4629531, 51.1682282 ], [ 71.4629886, 51.1682698 ], [ 71.463044031326092, 51.16827546212506 ], [ 71.463192231290662, 51.168232962055257 ], [ 71.463155331235214, 51.168190162073572 ] ] ], [ [ [ 71.4638363, 51.1684886 ], [ 71.463891731679468, 51.16849426171791 ], [ 71.464717831432935, 51.168216661329623 ], [ 71.464719131390837, 51.168181561329604 ], [ 71.464690331347555, 51.168148161343893 ], [ 71.464597231258125, 51.168082061389327 ], [ 71.4645418, 51.1680764 ], [ 71.4643917, 51.1681261 ], [ 71.463757, 51.1683948 ], [ 71.4638363, 51.1684886 ] ] ], [ [ [ 71.4632615, 51.1682304 ], [ 71.4631099, 51.1682806 ], [ 71.46256152748802, 51.168758657690539 ], [ 71.46248835877843, 51.1687024121752 ], [ 71.462337812271187, 51.168687033715095 ], [ 71.462427858471216, 51.168656712323099 ], [ 71.462670456134489, 51.168247111781255 ], [ 71.462592855538944, 51.168155011973838 ], [ 71.4623157, 51.1681267 ], [ 71.4616967, 51.1683338 ], [ 71.4619936, 51.16868130000001 ], [ 71.462143081448531, 51.168696570118037 ], [ 71.4620381, 51.168731200000011 ], [ 71.4622735, 51.1690111 ], [ 71.462550660840037, 51.169039411997886 ], [ 71.462781460505667, 51.16896351145531 ], [ 71.46275453748062, 51.168931439413811 ], [ 71.462852160410151, 51.168941411289019 ], [ 71.463839758969584, 51.168615008967514 ], [ 71.463538656665108, 51.168258709714664 ], [ 71.4632615, 51.1682304 ] ] ], [ [ [ 71.4644694, 51.1686102 ], [ 71.4639308, 51.168797499999989 ], [ 71.4640198, 51.1688949 ], [ 71.464075232188094, 51.168900561623595 ], [ 71.464609332022647, 51.168716061372628 ], [ 71.464524831893044, 51.168615861414551 ], [ 71.4644694, 51.1686102 ] ] ], [ [ [ 71.464330145113493, 51.169396821217667 ], [ 71.464272332670561, 51.16928396152317 ], [ 71.464205032584459, 51.169218361556325 ], [ 71.4640018, 51.1691831 ], [ 71.463924, 51.1692146 ], [ 71.4638575, 51.1693114 ], [ 71.4639282, 51.1693804 ], [ 71.4641234, 51.1694786 ], [ 71.464194960429055, 51.169477751013716 ], [ 71.4643784, 51.1696566 ], [ 71.464433833143175, 51.169662261439782 ], [ 71.464586233085313, 51.169600761368329 ], [ 71.46438243282455, 51.169402161468732 ], [ 71.464330145113493, 51.169396821217667 ] ] ], [ [ [ 71.463247333231891, 51.169840562001298 ], [ 71.463461133166589, 51.169767461900811 ], [ 71.463540932833155, 51.169483461867756 ], [ 71.463430032667731, 51.169355861922725 ], [ 71.4633746, 51.1693502 ], [ 71.4629597, 51.1694921 ], [ 71.462942, 51.1695475 ], [ 71.4631919, 51.1698349 ], [ 71.463247333231891, 51.169840562001298 ] ] ], [ [ [ 71.464335701485837, 51.1700526719886 ], [ 71.4644261, 51.1701739 ], [ 71.46448153377105, 51.170179561408141 ], [ 71.464621433736539, 51.170138561342277 ], [ 71.464432533411269, 51.169885061436553 ], [ 71.4643771, 51.1698794 ], [ 71.463681, 51.1700834 ], [ 71.4637661, 51.170197599999987 ], [ 71.463821533729515, 51.170203261721781 ], [ 71.464335701485837, 51.1700526719886 ] ] ], [ [ [ 71.464374734106229, 51.170467361453987 ], [ 71.46455643406361, 51.17041596136842 ], [ 71.464773333970939, 51.170319861266854 ], [ 71.464683433811018, 51.170194961311807 ], [ 71.464628, 51.1701893 ], [ 71.4639474, 51.1703819 ], [ 71.4640372, 51.1705068 ], [ 71.464092634130594, 51.17051246158745 ], [ 71.464374734106229, 51.170467361453987 ] ] ], [ [ [ 71.4625809, 51.1703331 ], [ 71.4620505, 51.170483299999987 ], [ 71.4623522, 51.1709022 ], [ 71.462407634427777, 51.170907862382428 ], [ 71.462938034303249, 51.170757662132637 ], [ 71.462636333766866, 51.170338762283428 ], [ 71.4625809, 51.1703331 ] ] ], [ [ [ 71.463670934004796, 51.170445161789274 ], [ 71.4636155, 51.1704395 ], [ 71.4634508, 51.1704855 ], [ 71.4637722, 51.170938 ], [ 71.463827634621623, 51.17094366170609 ], [ 71.463992334583835, 51.170897761628524 ], [ 71.463670934004796, 51.170445161789274 ] ] ], [ [ [ 71.4638811, 51.1710688 ], [ 71.4640401, 51.1712849 ], [ 71.464257035105959, 51.171308061495466 ], [ 71.464639835013188, 51.171197261315214 ], [ 71.464945334805037, 51.170997461173314 ], [ 71.464856434650258, 51.170876761217706 ], [ 71.464801, 51.1708711 ], [ 71.4640618, 51.1710165 ], [ 71.4638811, 51.1710688 ] ] ], [ [ [ 71.4627138, 51.170833 ], [ 71.4623813, 51.1709266 ], [ 71.4628231, 51.1715436 ], [ 71.462878535250042, 51.171549262147259 ], [ 71.463211035172762, 51.171455761990664 ], [ 71.462769234382847, 51.170838662211544 ], [ 71.4627138, 51.170833 ] ] ], [ [ [ 71.4634185, 51.1718478 ], [ 71.4632506, 51.1718969 ], [ 71.4633261, 51.171998199999983 ], [ 71.463381535850829, 51.172003861900066 ], [ 71.463549335809518, 51.171954761821056 ], [ 71.463473935679545, 51.171853461858689 ], [ 71.4634185, 51.1718478 ] ] ], [ [ [ 71.4644328, 51.1721644 ], [ 71.464488236168435, 51.172170061370558 ], [ 71.464585436141661, 51.17213926132483 ], [ 71.464821735925057, 51.171938561215875 ], [ 71.464758735824347, 51.171860461247192 ], [ 71.4644837, 51.1718412 ], [ 71.4643374, 51.1718876 ], [ 71.4642611, 51.1719515 ], [ 71.4644328, 51.1721644 ] ] ], [ [ [ 71.463322336650819, 51.172673461916659 ], [ 71.463378036422782, 51.17247916189352 ], [ 71.463304036289685, 51.172375161930532 ], [ 71.4632486, 51.1723695 ], [ 71.463201227803268, 51.172382771826392 ], [ 71.462840435640103, 51.171876562159753 ], [ 71.462785, 51.1718709 ], [ 71.4623688, 51.1719875 ], [ 71.4627421, 51.1725114 ], [ 71.4627009, 51.172523 ], [ 71.4628638, 51.17275140000001 ], [ 71.463014736721846, 51.172759562061557 ], [ 71.463063075552583, 51.172746046256457 ], [ 71.4631812, 51.1729118 ], [ 71.463486, 51.1730681 ], [ 71.463541437156124, 51.173073761805512 ], [ 71.463598037145857, 51.173060261778801 ], [ 71.463322336650819, 51.172673461916659 ] ] ], [ [ [ 71.463948565080671, 51.172857225635354 ], [ 71.463735038437363, 51.1726164819625 ], [ 71.4640331, 51.1727216 ], [ 71.46408853679695, 51.172727261551131 ], [ 71.464275636744802, 51.172667461463142 ], [ 71.46406123640439, 51.17240366156971 ], [ 71.4640058, 51.172398 ], [ 71.4633952, 51.1725932 ], [ 71.4642486, 51.173643 ], [ 71.464304037929381, 51.173648661432665 ], [ 71.464593737887753, 51.173588561295851 ], [ 71.464754437843041, 51.173537261220254 ], [ 71.464657037688298, 51.17341736126869 ], [ 71.464049836938557, 51.172848261567459 ], [ 71.4639944, 51.1728426 ], [ 71.463948565080671, 51.172857225635354 ] ] ], [ [ [ 71.4625829, 51.1726807 ], [ 71.4624757, 51.1727076 ], [ 71.4625608, 51.1728341 ], [ 71.462616236776128, 51.172839762249808 ], [ 71.462724236756756, 51.17281416219884 ], [ 71.462638336593741, 51.17268636224194 ], [ 71.4625829, 51.1726807 ] ] ], [ [ [ 71.4629625, 51.172865 ], [ 71.4626142, 51.172972 ], [ 71.4627206, 51.1731083 ], [ 71.462776037123263, 51.17311396216904 ], [ 71.463124437031411, 51.17300696200509 ], [ 71.463017936855977, 51.172870662058138 ], [ 71.4629625, 51.172865 ] ] ], [ [ [ 71.463600738437336, 51.174132461758994 ], [ 71.463897638356727, 51.174039361619307 ], [ 71.463445294537109, 51.173494619524959 ], [ 71.46352843763016, 51.17346856180486 ], [ 71.463400537423411, 51.173308161868484 ], [ 71.4633451, 51.1733025 ], [ 71.463294434021861, 51.173318379111031 ], [ 71.463217637308261, 51.173228661956912 ], [ 71.4631622, 51.173223 ], [ 71.4628813, 51.173301 ], [ 71.4629021, 51.173398399999989 ], [ 71.46305430000001, 51.1736776 ], [ 71.4632326, 51.1739012 ], [ 71.463363875435078, 51.173899278161393 ], [ 71.4635453, 51.1741268 ], [ 71.463600738437336, 51.174132461758994 ] ] ], [ [ [ 71.464152138169879, 51.173861761501279 ], [ 71.464139437978375, 51.173703861510042 ], [ 71.46389063760202, 51.173413261633456 ], [ 71.463636437337087, 51.173215661757844 ], [ 71.463581, 51.17321 ], [ 71.4634466, 51.1732489 ], [ 71.4639289, 51.1739046 ], [ 71.463984338210466, 51.173910261580296 ], [ 71.464152138169879, 51.173861761501279 ] ] ], [ [ [ 71.462820637690001, 51.173580662139749 ], [ 71.462706137505762, 51.173437762196684 ], [ 71.4626507, 51.1734321 ], [ 71.461955, 51.1736512 ], [ 71.4625327, 51.1743722 ], [ 71.462588138625321, 51.174377862236632 ], [ 71.463124538478766, 51.174208861984297 ], [ 71.462820637690001, 51.173580662139749 ] ] ], [ [ [ 71.4642266, 51.1740001 ], [ 71.4639133, 51.1741 ], [ 71.4644068, 51.174708699999989 ], [ 71.464462239229562, 51.174714361338964 ], [ 71.464775539142607, 51.174614561191611 ], [ 71.464282038357069, 51.174005761436973 ], [ 71.4642266, 51.1740001 ] ] ], [ [ [ 71.462884039078972, 51.17472846208976 ], [ 71.463594138970109, 51.174575461754479 ], [ 71.463902238890455, 51.174482161609482 ], [ 71.463702538556873, 51.174222761708982 ], [ 71.4636471, 51.1742171 ], [ 71.4626596, 51.1745034 ], [ 71.4628286, 51.1747228 ], [ 71.462884039078972, 51.17472846208976 ] ] ], [ [ [ 71.462528438823725, 51.174547862262095 ], [ 71.462473, 51.1745422 ], [ 71.4623174, 51.1745876 ], [ 71.4623791, 51.1746616 ], [ 71.462434538957552, 51.174667262304723 ], [ 71.46258743892524, 51.174626962232658 ], [ 71.462528438823725, 51.174547862262095 ] ] ], [ [ [ 71.4627224, 51.1747693 ], [ 71.4626218, 51.1747966 ], [ 71.4626634, 51.1748533 ], [ 71.462718839218596, 51.17485896216612 ], [ 71.462820739197028, 51.174832062118099 ], [ 71.462777839123703, 51.174774962139495 ], [ 71.4627224, 51.1747693 ] ] ], [ [ [ 71.4641468, 51.1746861 ], [ 71.4638, 51.1748492 ], [ 71.463917100000018, 51.174947 ], [ 71.46397253946455, 51.1749526615679 ], [ 71.464319339305078, 51.174789661405676 ], [ 71.464202239174725, 51.174691761463095 ], [ 71.4641468, 51.1746861 ] ] ], [ [ [ 71.462890539245024, 51.174865762084288 ], [ 71.4628351, 51.1748601 ], [ 71.4626473, 51.1749139 ], [ 71.4627278, 51.1750282 ], [ 71.46278323943605, 51.175033862132459 ], [ 71.46297633938768, 51.174976662041551 ], [ 71.462890539245024, 51.174865762084288 ] ] ], [ [ [ 71.463425939587651, 51.175103061825403 ], [ 71.463302839405486, 51.174962661886418 ], [ 71.4632474, 51.174957 ], [ 71.4628893, 51.175080399999985 ], [ 71.4629666, 51.1751686 ], [ 71.4630566, 51.1752056 ], [ 71.463112039684631, 51.175211261972933 ], [ 71.463425939587651, 51.175103061825403 ] ] ], [ [ [ 71.4637979, 51.1751836 ], [ 71.4636606, 51.175224900000011 ], [ 71.4637607, 51.1753557 ], [ 71.46381613994015, 51.175361361635261 ], [ 71.463953439904984, 51.175320061570638 ], [ 71.463853339736843, 51.175189261620531 ], [ 71.4637979, 51.1751836 ] ] ], [ [ [ 71.463206139831186, 51.17532466192619 ], [ 71.4631507, 51.175319 ], [ 71.462915, 51.175404 ], [ 71.4629863, 51.1754818 ], [ 71.4630417400098, 51.175487462001605 ], [ 71.463277539932463, 51.175402461890876 ], [ 71.463206139831186, 51.17532466192619 ] ] ], [ [ [ 71.4628389, 51.1753992 ], [ 71.4625439, 51.1754861 ], [ 71.4626352, 51.1756079 ], [ 71.462690640124379, 51.175613562166518 ], [ 71.462985640051045, 51.175526662027629 ], [ 71.462894339894675, 51.175404862073179 ], [ 71.4628389, 51.1753992 ] ] ], [ [ [ 71.4632596, 51.1754229 ], [ 71.4631064, 51.1754725 ], [ 71.4632065, 51.1755941 ], [ 71.463261940168422, 51.17559976189488 ], [ 71.463415240125101, 51.175550261822771 ], [ 71.463315039967895, 51.175428561872565 ], [ 71.4632596, 51.1754229 ] ] ], [ [ [ 71.4644567, 51.1754924 ], [ 71.4641707, 51.1755369 ], [ 71.4644198, 51.1761662 ], [ 71.464475240986275, 51.176171861307601 ], [ 71.46476114096302, 51.176127361172341 ], [ 71.464512140178684, 51.175498061301688 ], [ 71.4644567, 51.1754924 ] ] ], [ [ [ 71.4631637, 51.1758388 ], [ 71.4629365, 51.1759091 ], [ 71.463021, 51.1760165 ], [ 71.463076440657446, 51.176022161975858 ], [ 71.463303640596905, 51.175951861868946 ], [ 71.463219140458591, 51.175844461911026 ], [ 71.4631637, 51.1758388 ] ] ], [ [ [ 71.462880700000014, 51.1762877 ], [ 71.4627224, 51.1763365 ], [ 71.4627895, 51.1764357 ], [ 71.462844941137746, 51.176441362078783 ], [ 71.463011241100745, 51.176395962000434 ], [ 71.462936140969191, 51.176293362037939 ], [ 71.462880700000014, 51.1762877 ] ] ], [ [ [ 71.463840841341792, 51.176522961603439 ], [ 71.463742741180099, 51.17639736165232 ], [ 71.4636873, 51.1763917 ], [ 71.4634968, 51.1764502 ], [ 71.4635686, 51.1765422 ], [ 71.463729741371054, 51.176557061655735 ], [ 71.463840841341792, 51.176522961603439 ] ] ], [ [ [ 71.463983641777048, 51.176871761529455 ], [ 71.463849141555372, 51.17669956159645 ], [ 71.46363994137549, 51.176568661698262 ], [ 71.4635845, 51.176563 ], [ 71.463486300000014, 51.1765932 ], [ 71.4637436, 51.1769227 ], [ 71.463799041825624, 51.176928361616334 ], [ 71.463983641777048, 51.176871761529455 ] ] ], [ [ [ 71.4650972, 51.1425179 ], [ 71.4650042, 51.1426434 ], [ 71.4662471, 51.1430057 ], [ 71.466302501279358, 51.143011361011531 ], [ 71.466395501138351, 51.142885860969471 ], [ 71.465152600571102, 51.142523561566939 ], [ 71.4650972, 51.1425179 ] ] ], [ [ [ 71.464144402367552, 51.14312742409858 ], [ 71.464284501941179, 51.142937723971848 ], [ 71.463748201041042, 51.142610624493365 ], [ 71.463593600900069, 51.142565624641989 ], [ 71.4634828, 51.1425543 ], [ 71.4631948, 51.1426392 ], [ 71.4631767, 51.1426637 ], [ 71.463285048800969, 51.142893379736101 ], [ 71.4631199, 51.1428765 ], [ 71.4628898, 51.1429923 ], [ 71.4627041, 51.1432526 ], [ 71.4626144, 51.1435103 ], [ 71.4628197, 51.1435679 ], [ 71.463096708086042, 51.143596212896107 ], [ 71.463523289363494, 51.142998383506963 ], [ 71.4640336, 51.1431161 ], [ 71.464144402367552, 51.14312742409858 ] ] ], [ [ [ 71.4653307, 51.14311 ], [ 71.4643921, 51.143118 ], [ 71.4639716, 51.1432234 ], [ 71.4639718, 51.1435097 ], [ 71.4641442, 51.1436161 ], [ 71.464513103643071, 51.14362542373059 ], [ 71.465275603233707, 51.143387923013414 ], [ 71.465444703014711, 51.143281922856204 ], [ 71.465441502627897, 51.143121322864801 ], [ 71.4653307, 51.14311 ] ] ], [ [ [ 71.467218113214685, 51.14408600305147 ], [ 71.467326812401907, 51.143941202805479 ], [ 71.466342010459684, 51.143704905168157 ], [ 71.466110602613327, 51.143681259762126 ], [ 71.46648640744786, 51.143191104869182 ], [ 71.466288106983356, 51.143131305345982 ], [ 71.4660111, 51.143103 ], [ 71.4655398, 51.1437177 ], [ 71.4657381, 51.1437775 ], [ 71.466015110892926, 51.143805805936928 ], [ 71.466028572222342, 51.143788248887539 ], [ 71.4669411, 51.1440577 ], [ 71.467218113214685, 51.14408600305147 ] ] ], [ [ [ 71.4634732, 51.1435987 ], [ 71.4631119, 51.1435995 ], [ 71.4631127, 51.1437345 ], [ 71.463278905507622, 51.143751487390261 ], [ 71.463640105619646, 51.14375068687486 ], [ 71.463639405132554, 51.14361568688286 ], [ 71.4634732, 51.1435987 ] ] ], [ [ [ 71.462932, 51.143871 ], [ 71.462932, 51.1440056 ], [ 71.463209010776538, 51.144033912591183 ], [ 71.4645823115046, 51.144033909324961 ], [ 71.464582310695533, 51.143899309336611 ], [ 71.464305300000021, 51.143871 ], [ 71.462932, 51.143871 ] ] ], [ [ [ 71.46608490259203, 51.144122461095812 ], [ 71.4658531, 51.1440633 ], [ 71.4658541, 51.1442753 ], [ 71.466204602794662, 51.144280461036132 ], [ 71.466204302706856, 51.144207461037546 ], [ 71.46608490259203, 51.144122461095812 ] ] ], [ [ [ 71.4642167, 51.1441172 ], [ 71.4642168, 51.1442496 ], [ 71.46449381292436, 51.144277909514351 ], [ 71.46571321357068, 51.144277906614143 ], [ 71.465713212801887, 51.144150006625203 ], [ 71.4654362, 51.1441217 ], [ 71.4642167, 51.1441172 ] ] ], [ [ [ 71.463899202760047, 51.14445496212975 ], [ 71.4637525, 51.144449200000011 ], [ 71.4637521, 51.1446128 ], [ 71.463860802952652, 51.14461856214519 ], [ 71.463898802925783, 51.144592862127546 ], [ 71.463899202760047, 51.14445496212975 ] ] ], [ [ [ 71.4639649, 51.1444814 ], [ 71.4639643, 51.1446059 ], [ 71.464241314932238, 51.144634210084114 ], [ 71.465719215733657, 51.14463720656881 ], [ 71.465719814985604, 51.144512706578148 ], [ 71.4654428, 51.1444844 ], [ 71.4639649, 51.1444814 ] ] ], [ [ [ 71.463539603147623, 51.144809062294691 ], [ 71.4633209, 51.1447937 ], [ 71.4633102, 51.1448644 ], [ 71.463528803231483, 51.144879762298601 ], [ 71.463539603147623, 51.144809062294691 ] ] ], [ [ [ 71.4650938, 51.144893 ], [ 71.463721, 51.144891 ], [ 71.463720876998281, 51.144911694942216 ], [ 71.4636707, 51.1449094 ], [ 71.4636706, 51.1449275 ], [ 71.46372075259589, 51.144932625582832 ], [ 71.4637202, 51.1450256 ], [ 71.463997217325712, 51.145053910628398 ], [ 71.465369518075434, 51.145057607364173 ], [ 71.465370817256783, 51.144921307372876 ], [ 71.4650938, 51.144893 ] ] ], [ [ [ 71.4638704, 51.145106799999986 ], [ 71.463865, 51.1452246 ], [ 71.464081403714957, 51.145233162029619 ], [ 71.464086703573884, 51.145115362029159 ], [ 71.4638704, 51.145106799999986 ] ] ], [ [ [ 71.466957813284381, 51.145583282045266 ], [ 71.466899610929005, 51.144935382161968 ], [ 71.466501210040249, 51.144724082741455 ], [ 71.466335, 51.144707099999984 ], [ 71.4660108, 51.14494770000001 ], [ 71.4661589, 51.1455942 ], [ 71.466325113183842, 51.14561118294673 ], [ 71.466957813284381, 51.145583282045266 ] ] ], [ [ [ 71.4632141, 51.1449697 ], [ 71.4632096, 51.14562930000001 ], [ 71.463486620684066, 51.145657611790654 ], [ 71.463668820783667, 51.145658111357257 ], [ 71.463673316820973, 51.144998511403564 ], [ 71.4633963, 51.1449702 ], [ 71.4632141, 51.1449697 ] ] ], [ [ [ 71.465326800000014, 51.1452946 ], [ 71.465333, 51.1455112 ], [ 71.465554616854462, 51.145533845453301 ], [ 71.46581381695043, 51.145530944960313 ], [ 71.465807615906144, 51.145314344987092 ], [ 71.465586, 51.14529169999998 ], [ 71.465326800000014, 51.1452946 ] ] ], [ [ [ 71.4647005, 51.1453353 ], [ 71.46469690927637, 51.145428485145644 ], [ 71.464183403851521, 51.145337761979299 ], [ 71.4639185, 51.1453307 ], [ 71.463916, 51.145474299999989 ], [ 71.4639832, 51.1458697 ], [ 71.464256104507271, 51.145876761935398 ], [ 71.464725009589429, 51.145664680159463 ], [ 71.4647632, 51.1458742 ], [ 71.465048204599185, 51.145883361558482 ], [ 71.465062004167322, 51.145522961558164 ], [ 71.464969103942622, 51.145344261605437 ], [ 71.4647005, 51.1453353 ] ] ], [ [ [ 71.465776504298731, 51.145569261217496 ], [ 71.465289, 51.1455701 ], [ 71.4653007, 51.1458755 ], [ 71.465469004639104, 51.14587946135839 ], [ 71.465787204634481, 51.145847561207582 ], [ 71.465776504298731, 51.145569261217496 ] ] ], [ [ [ 71.464333828550451, 51.146891409668996 ], [ 71.464335685118115, 51.146758772903581 ], [ 71.464425505586519, 51.146759461839572 ], [ 71.464426505525907, 51.146708961839956 ], [ 71.464336465310339, 51.146703034523725 ], [ 71.4643402637534, 51.146431667150445 ], [ 71.464553026033471, 51.146453409185497 ], [ 71.465800326686264, 51.146452006218951 ], [ 71.465799925938185, 51.146327606230678 ], [ 71.465522900000011, 51.14629930000001 ], [ 71.464342097999335, 51.146300625696895 ], [ 71.464342824691443, 51.146248709703151 ], [ 71.4638285, 51.1462045 ], [ 71.4638282, 51.1462261 ], [ 71.463904626222345, 51.146231909615224 ], [ 71.463895800000017, 51.1468622 ], [ 71.464172828459695, 51.146890510052032 ], [ 71.464333828550451, 51.146891409668996 ] ] ], [ [ [ 71.463352841963825, 51.146358600828584 ], [ 71.463353364799332, 51.146342579068403 ], [ 71.463443104983611, 51.14634466231405 ], [ 71.463440404939803, 51.146308462315965 ], [ 71.4632079, 51.1463162 ], [ 71.463206883032086, 51.146349759944243 ], [ 71.463046700000021, 51.1463521 ], [ 71.4630574, 51.1466402 ], [ 71.463334426680504, 51.146668512065304 ], [ 71.463546626774402, 51.146665411560853 ], [ 71.463535925036723, 51.146377311611211 ], [ 71.463352841963825, 51.146358600828584 ] ] ], [ [ [ 71.4634439, 51.1462972 ], [ 71.4634433, 51.146344299999988 ], [ 71.463611305008669, 51.146350662233935 ], [ 71.463612004952125, 51.146303562234429 ], [ 71.4634439, 51.1462972 ] ] ], [ [ [ 71.466398405228048, 51.14628736090922 ], [ 71.4662934, 51.1462695 ], [ 71.4662816, 51.1462885 ], [ 71.466386505249631, 51.146306360914558 ], [ 71.466398405228048, 51.14628736090922 ] ] ], [ [ [ 71.466679435973674, 51.147919304001086 ], [ 71.46668941866065, 51.146972411737508 ], [ 71.46677890609152, 51.146971960716378 ], [ 71.466777905991137, 51.14688856071831 ], [ 71.466690348156774, 51.146883044037352 ], [ 71.466690227715205, 51.146544704094318 ], [ 71.466601727405575, 51.146501004308611 ], [ 71.4663247, 51.1464727 ], [ 71.4662201, 51.1465282 ], [ 71.4662044, 51.147890099999984 ], [ 71.466481435863315, 51.147918404472108 ], [ 71.466679435973674, 51.147919304001086 ] ] ], [ [ [ 71.4654062, 51.1465404 ], [ 71.4653878, 51.1472 ], [ 71.465664831281487, 51.147228306474105 ], [ 71.465847331390236, 51.147230306039845 ], [ 71.465865727434533, 51.146570706053119 ], [ 71.4655887, 51.146542399999973 ], [ 71.4654062, 51.1465404 ] ] ], [ [ [ 71.4646602, 51.1468369 ], [ 71.4646475, 51.1474797 ], [ 71.46492453257062, 51.147508008210714 ], [ 71.465107332675942, 51.147509407775821 ], [ 71.465120028818149, 51.146866607801179 ], [ 71.464843, 51.1468383 ], [ 71.4646602, 51.1468369 ] ] ], [ [ [ 71.4637867, 51.1476818 ], [ 71.4637867, 51.1477664 ], [ 71.464503306812333, 51.147772061785048 ], [ 71.464503306710611, 51.147687461786504 ], [ 71.4637867, 51.1476818 ] ] ], [ [ [ 71.4653685, 51.1473093 ], [ 71.465344900000019, 51.1482044 ], [ 71.465621937297428, 51.148232706489289 ], [ 71.4658205374147, 51.148234706016737 ], [ 71.465844032046206, 51.147339706038238 ], [ 71.465567, 51.1473114 ], [ 71.4653685, 51.1473093 ] ] ], [ [ [ 71.465037606937642, 51.147829161529884 ], [ 71.4649299, 51.1478229 ], [ 71.4649272, 51.1479146 ], [ 71.465034907047624, 51.147920861529585 ], [ 71.465037606937642, 51.147829161529884 ] ] ], [ [ [ 71.4637555, 51.147917 ], [ 71.463755, 51.1480515 ], [ 71.464032035535212, 51.148079810284102 ], [ 71.465051736086068, 51.148081507858599 ], [ 71.465052235277668, 51.147947007869035 ], [ 71.4647752, 51.1479187 ], [ 71.4637555, 51.147917 ] ] ], [ [ [ 71.465339507397374, 51.14818486138013 ], [ 71.4649986, 51.1481807 ], [ 71.465000500000016, 51.1483187 ], [ 71.465341407563528, 51.14832286137684 ], [ 71.465339507397374, 51.14818486138013 ] ] ], [ [ [ 71.4662537, 51.1479853 ], [ 71.4662373, 51.1486986 ], [ 71.466662340828663, 51.148728303971765 ], [ 71.46667873654809, 51.148014903994493 ], [ 71.4662537, 51.1479853 ] ] ], [ [ [ 71.4641463, 51.1488143 ], [ 71.464423340328977, 51.148842609287463 ], [ 71.465790241068078, 51.148845006036034 ], [ 71.465792039206335, 51.14853520605854 ], [ 71.465515, 51.1485069 ], [ 71.4653376, 51.148506500000011 ], [ 71.46526148676584, 51.148700625219291 ], [ 71.4641468, 51.1486897 ], [ 71.4641463, 51.1488143 ] ] ], [ [ [ 71.4636275, 51.1490836 ], [ 71.4636268, 51.1491027 ], [ 71.463713808336095, 51.149108862137517 ], [ 71.463714508313089, 51.149089662137506 ], [ 71.4636275, 51.1490836 ] ] ], [ [ [ 71.465816144011782, 51.149332305932276 ], [ 71.465816443263947, 51.149207905942312 ], [ 71.46568901968034, 51.149194886962228 ], [ 71.465688808580751, 51.149138161197484 ], [ 71.4656334, 51.1491325 ], [ 71.4654059, 51.1491327 ], [ 71.46540599919345, 51.149179320925334 ], [ 71.4641567, 51.1491767 ], [ 71.464156, 51.149301 ], [ 71.464433043260485, 51.149329309222331 ], [ 71.465816144011782, 51.149332305932276 ] ] ], [ [ [ 71.466720229215426, 51.150020482154019 ], [ 71.467124229012342, 51.149928581582223 ], [ 71.467131126782419, 51.149309881604495 ], [ 71.4669649, 51.1492929 ], [ 71.465957, 51.1492885 ], [ 71.4659558, 51.1493947 ], [ 71.4660959, 51.1500015 ], [ 71.466262129062514, 51.150018482807894 ], [ 71.466720229215426, 51.150020482154019 ] ] ], [ [ [ 71.464248343989894, 51.14946690964976 ], [ 71.4639713, 51.1494386 ], [ 71.4636874, 51.1494363 ], [ 71.4636852, 51.1495406 ], [ 71.4637647, 51.1500841 ], [ 71.464041747761669, 51.150112410085384 ], [ 71.4642350478738, 51.150114009625455 ], [ 71.464248343989894, 51.14946690964976 ] ] ], [ [ [ 71.4646253, 51.149582700000011 ], [ 71.4644577, 51.1495817 ], [ 71.4644447, 51.1504508 ], [ 71.464721750327243, 51.150479108436244 ], [ 71.464889350422112, 51.150480108037513 ], [ 71.4649023452031, 51.14961100808172 ], [ 71.4646253, 51.149582700000011 ] ] ], [ [ [ 71.465676520353185, 51.150471522386972 ], [ 71.465681719534103, 51.150130522393837 ], [ 71.4655709, 51.1501192 ], [ 71.46496, 51.1501167 ], [ 71.464954700000021, 51.1504586 ], [ 71.465065520219781, 51.150469922968362 ], [ 71.465676520353185, 51.150471522386972 ] ] ], [ [ [ 71.4632549, 51.1500447 ], [ 71.4632563, 51.150712 ], [ 71.463956451615942, 51.150760910232229 ], [ 71.464977552135736, 51.150757307803744 ], [ 71.464976551443669, 51.150642307816078 ], [ 71.4646995, 51.150614 ], [ 71.46372189304887, 51.150617350774084 ], [ 71.463720747353335, 51.150072810852329 ], [ 71.463443700000013, 51.1500445 ], [ 71.4632549, 51.1500447 ] ] ], [ [ [ 71.466342428844115, 51.150931532012464 ], [ 71.4656775, 51.1508636 ], [ 71.4648313, 51.150854699999989 ], [ 71.4648221, 51.1512166 ], [ 71.465487032850291, 51.151284536822423 ], [ 71.465694733149206, 51.151286935636207 ], [ 71.466340130508101, 51.151047032001607 ], [ 71.466342428844115, 51.150931532012464 ] ] ], [ [ [ 71.467222300348197, 51.15177827716429 ], [ 71.46721629332491, 51.152304077973504 ], [ 71.4669845, 51.1522804 ], [ 71.4667969, 51.1522817 ], [ 71.4668078, 51.152918 ], [ 71.4669019, 51.1529741 ], [ 71.467178966804028, 51.153002402373204 ], [ 71.46732506687546, 51.153001402025758 ], [ 71.467265036139892, 51.152343033240648 ], [ 71.467526912637595, 51.152349360267507 ], [ 71.467577612554081, 51.152275460244645 ], [ 71.467611212435315, 51.152173760230419 ], [ 71.467634912118143, 51.151907960223753 ], [ 71.467637111914499, 51.151738460225637 ], [ 71.467587811765924, 51.151619260251159 ], [ 71.4672242, 51.151612 ], [ 71.467223972365332, 51.151631924908266 ], [ 71.465887, 51.151557700000012 ], [ 71.4654761, 51.151557 ], [ 71.46547510000002, 51.1517833 ], [ 71.465859458943854, 51.151811705614861 ], [ 71.467222300348197, 51.15177827716429 ] ] ], [ [ [ 71.464248340692578, 51.151937143758396 ], [ 71.464908923725076, 51.151941023066485 ], [ 71.465131323435727, 51.151801122859737 ], [ 71.465132523015271, 51.151626222864635 ], [ 71.4646363, 51.1515934 ], [ 71.464036457732888, 51.151607864197707 ], [ 71.463551400000014, 51.1515583 ], [ 71.4633783, 51.1515584 ], [ 71.4633513, 51.1516087 ], [ 71.4633501, 51.1518641 ], [ 71.4633502, 51.1520012 ], [ 71.463378600000013, 51.1520593 ], [ 71.46414364330154, 51.152127144316687 ], [ 71.464248442485257, 51.152061343732079 ], [ 71.464248340692578, 51.151937143758396 ] ] ], [ [ [ 71.4659382, 51.1519369 ], [ 71.4659438, 51.152576 ], [ 71.466220863901981, 51.152604304686676 ], [ 71.466380863983787, 51.152603804306125 ], [ 71.466375360137448, 51.151964704374492 ], [ 71.4660983, 51.1519364 ], [ 71.4659382, 51.1519369 ] ] ], [ [ [ 71.466781167684118, 51.153183803303769 ], [ 71.466852567100716, 51.153080503142867 ], [ 71.465639564472411, 51.152750406056761 ], [ 71.465438795896176, 51.152729894774716 ], [ 71.465464664035082, 51.152693106477756 ], [ 71.464194361250051, 51.152342009529718 ], [ 71.4639173, 51.1523137 ], [ 71.4638442, 51.1524177 ], [ 71.4651144, 51.1527689 ], [ 71.465315944808026, 51.152789491138314 ], [ 71.465291, 51.1528256 ], [ 71.4665041, 51.1531555 ], [ 71.466781167684118, 51.153183803303769 ] ] ], [ [ [ 71.466207512910856, 51.152692860889232 ], [ 71.466074, 51.1526868 ], [ 71.4660729, 51.1527743 ], [ 71.466206513015877, 51.152780260888207 ], [ 71.466207512910856, 51.152692860889232 ] ] ], [ [ [ 71.464341839146073, 51.152982485394773 ], [ 71.46400073870339, 51.152889885886395 ], [ 71.4638345, 51.1528729 ], [ 71.4637707, 51.1529654 ], [ 71.4641814, 51.1530769 ], [ 71.464347639549885, 51.153093885380713 ], [ 71.464374139419405, 51.153055385344899 ], [ 71.464341839146073, 51.152982485394773 ] ] ], [ [ [ 71.465817854196345, 51.15327364441702 ], [ 71.465839553970284, 51.153224744379123 ], [ 71.465807453198408, 51.1530671444511 ], [ 71.465136452039118, 51.152885345740565 ], [ 71.4645929, 51.1528323 ], [ 71.4644963, 51.1528527 ], [ 71.4644634, 51.1529432 ], [ 71.4644951, 51.1530623 ], [ 71.4648775, 51.1532195 ], [ 71.4654238, 51.1533206 ], [ 71.465645454458084, 51.153343244740299 ], [ 71.46570955445641, 51.153337244618733 ], [ 71.465817854196345, 51.15327364441702 ] ] ], [ [ [ 71.4639241, 51.1531455 ], [ 71.4639026, 51.1531766 ], [ 71.464007613282448, 51.153195761927115 ], [ 71.464029113247335, 51.153164661917423 ], [ 71.4639241, 51.1531455 ] ] ], [ [ [ 71.4660592, 51.1532847 ], [ 71.4660249, 51.153331 ], [ 71.466117713688817, 51.153347560920629 ], [ 71.466152013636759, 51.153301260905103 ], [ 71.4660592, 51.1532847 ] ] ], [ [ [ 71.466449827464402, 51.153359621551289 ], [ 71.466339, 51.1533483 ], [ 71.4661821, 51.1535668 ], [ 71.466498, 51.1536561 ], [ 71.466608828238591, 51.153667421389372 ], [ 71.46676572774598, 51.15344882124765 ], [ 71.466449827464402, 51.153359621551289 ] ] ], [ [ [ 71.466577849425875, 51.155633982065922 ], [ 71.464807547071189, 51.155137584618352 ], [ 71.4646413, 51.1551206 ], [ 71.464081, 51.1559066 ], [ 71.4658513, 51.156403 ], [ 71.466017552084338, 51.156419982824829 ], [ 71.466577849425875, 51.155633982065922 ] ] ], [ [ [ 71.4643156, 51.1561535 ], [ 71.4642695, 51.156211399999989 ], [ 71.464453717012759, 51.156257461661959 ], [ 71.464499816947992, 51.156199561641039 ], [ 71.4643156, 51.1561535 ] ] ], [ [ [ 71.4642332, 51.1562883 ], [ 71.4641507, 51.1563983 ], [ 71.464342917225849, 51.156444361711451 ], [ 71.464425417102134, 51.156334261674111 ], [ 71.4642332, 51.1562883 ] ] ], [ [ [ 71.465245136782855, 51.157338922559958 ], [ 71.465412436754335, 51.15731232240168 ], [ 71.465956135681722, 51.156818621901408 ], [ 71.464579434493416, 51.156446123224235 ], [ 71.4644686, 51.1564348 ], [ 71.4641458, 51.1568202 ], [ 71.4643062, 51.156957 ], [ 71.4651343, 51.1573276 ], [ 71.465245136782855, 51.157338922559958 ] ] ], [ [ [ 71.466082700000015, 51.15739940000001 ], [ 71.4660447, 51.157448100000011 ], [ 71.466206318676981, 51.157486260806913 ], [ 71.466244218622521, 51.157437660789718 ], [ 71.466082700000015, 51.15739940000001 ] ] ], [ [ [ 71.465925720576621, 51.15908986091268 ], [ 71.465491220311904, 51.158908161122561 ], [ 71.4654358, 51.1589025 ], [ 71.4653071, 51.1590236 ], [ 71.4657416, 51.1592053 ], [ 71.465797020708678, 51.159210960971812 ], [ 71.465925720576621, 51.15908986091268 ] ] ], [ [ [ 71.4642573, 51.159449 ], [ 71.4653129, 51.1600292 ], [ 71.4655246, 51.1601128 ], [ 71.465912552709923, 51.160152426859739 ], [ 71.46606305192546, 51.160046026371376 ], [ 71.465861150476726, 51.159891827062467 ], [ 71.464788945429575, 51.159387130694462 ], [ 71.464401, 51.1593475 ], [ 71.4642573, 51.159449 ] ] ], [ [ [ 71.4642167, 51.1596332 ], [ 71.4641949, 51.1599345 ], [ 71.464539821462608, 51.159948361557205 ], [ 71.464561521102354, 51.1596470615521 ], [ 71.4642167, 51.1596332 ] ] ], [ [ [ 71.4646048, 51.1599408 ], [ 71.4643646, 51.160125599999986 ], [ 71.464648, 51.1602912 ], [ 71.464703421899316, 51.160296861473356 ], [ 71.465065221602813, 51.160018561306011 ], [ 71.464803021441199, 51.159907361432708 ], [ 71.464666, 51.159912200000015 ], [ 71.4646048, 51.1599408 ] ] ], [ [ [ 71.465413143721278, 51.160207422300914 ], [ 71.465302300000019, 51.1601961 ], [ 71.4648907, 51.1604818 ], [ 71.4652325, 51.160675500000011 ], [ 71.465343344860187, 51.160686822350755 ], [ 71.465754944259942, 51.16040112196896 ], [ 71.465413143721278, 51.160207422300914 ] ] ], [ [ [ 71.466591012665759, 51.160678303107986 ], [ 71.46617801103524, 51.160443704110776 ], [ 71.4659009, 51.1604154 ], [ 71.4654824, 51.1607005 ], [ 71.4656514, 51.1607981 ], [ 71.465928513205498, 51.160826404671241 ], [ 71.466435413251702, 51.160789403468556 ], [ 71.466591012665759, 51.160678303107986 ] ] ], [ [ [ 71.4646585, 51.1606045 ], [ 71.464562, 51.1606839 ], [ 71.4646857, 51.160754 ], [ 71.464741122460211, 51.160759661447393 ], [ 71.464846722380329, 51.160683961398476 ], [ 71.464713922277426, 51.160610161462941 ], [ 71.4646585, 51.1606045 ] ] ], [ [ [ 71.4663434, 51.16100990000001 ], [ 71.4655665, 51.161015399999982 ], [ 71.4655684, 51.161123199999984 ], [ 71.465845515117536, 51.161151504840575 ], [ 71.466358809425373, 51.161147870375252 ], [ 71.4663576, 51.1613005 ], [ 71.466579293256899, 51.161323142411163 ], [ 71.467031493455494, 51.161324541550442 ], [ 71.46703289254441, 51.161135141560877 ], [ 71.4668112, 51.161112499999987 ], [ 71.466621815196859, 51.161111955642511 ], [ 71.466620514846838, 51.161038203006704 ], [ 71.4663434, 51.16100990000001 ] ] ], [ [ [ 71.4640042, 51.161192799999988 ], [ 71.4640096, 51.1618458 ], [ 71.464286718638547, 51.161874108486444 ], [ 71.464480818741521, 51.161874108024705 ], [ 71.46447551480604, 51.161220508093763 ], [ 71.464198400000015, 51.161192199999988 ], [ 71.4640042, 51.161192799999988 ] ] ], [ [ [ 71.4645912, 51.1611947 ], [ 71.4645965, 51.1618476 ], [ 71.464873618960723, 51.161875907090078 ], [ 71.465067819063734, 51.161875906628083 ], [ 71.465062415128784, 51.161222406697405 ], [ 71.4647853, 51.1611941 ], [ 71.4645912, 51.1611947 ] ] ], [ [ [ 71.465197800000013, 51.1614052 ], [ 71.4651828, 51.1617856 ], [ 71.465459918898645, 51.161813905700654 ], [ 71.465698219047312, 51.161817605133415 ], [ 71.465710316765481, 51.161437305137511 ], [ 71.4654332, 51.161409 ], [ 71.465197800000013, 51.1614052 ] ] ], [ [ [ 71.4665752, 51.1623761 ], [ 71.4663142, 51.1624726 ], [ 71.4664032, 51.1625663 ], [ 71.466458624823332, 51.162571960598896 ], [ 71.466712124737455, 51.162478260479908 ], [ 71.466630624612677, 51.162381760520361 ], [ 71.4665752, 51.1623761 ] ] ], [ [ [ 71.467116050149059, 51.162728020593264 ], [ 71.466904849507557, 51.162480120802812 ], [ 71.466794, 51.1624688 ], [ 71.4666265, 51.1625265 ], [ 71.466717, 51.1626334 ], [ 71.4668664, 51.1627602 ], [ 71.466977250224318, 51.162771520723858 ], [ 71.467116050149059, 51.162728020593264 ] ] ], [ [ [ 71.466598649881149, 51.162662321087886 ], [ 71.4664878, 51.162651 ], [ 71.4663244, 51.162704799999986 ], [ 71.466497800000013, 51.162912 ], [ 71.466608650511517, 51.16292332106935 ], [ 71.466772050416679, 51.162869520915727 ], [ 71.466598649881149, 51.162662321087886 ] ] ], [ [ [ 71.465390700000015, 51.1628396 ], [ 71.4650833, 51.1629242 ], [ 71.4651531, 51.1630239 ], [ 71.465263950495554, 51.163035222345101 ], [ 71.465571350357393, 51.162950722055498 ], [ 71.465501550102374, 51.162850922125379 ], [ 71.465390700000015, 51.1628396 ] ] ], [ [ [ 71.464311425016035, 51.162921361614501 ], [ 71.4642077, 51.1628971 ], [ 71.4640658, 51.1629496 ], [ 71.4641479, 51.163035 ], [ 71.464203325148148, 51.163040661663878 ], [ 71.464366825093521, 51.162980861587116 ], [ 71.464311425016035, 51.162921361614501 ] ] ], [ [ [ 71.4648911, 51.1630578 ], [ 71.464984125271542, 51.16307436129177 ], [ 71.465089925233073, 51.163033061242153 ], [ 71.465028525152178, 51.162971261272446 ], [ 71.4649731, 51.1629656 ], [ 71.4648667, 51.1630072 ], [ 71.4648911, 51.1630578 ] ] ], [ [ [ 71.4645232, 51.1630156 ], [ 71.4643093, 51.1630873 ], [ 71.4643696, 51.1631581 ], [ 71.464425025319812, 51.163163761556255 ], [ 71.464638925256111, 51.163091961455734 ], [ 71.46457862516462, 51.163021261485646 ], [ 71.4645232, 51.1630156 ] ] ], [ [ [ 71.46467, 51.163326 ], [ 71.4645341, 51.1633768 ], [ 71.4646329, 51.1634808 ], [ 71.46468832573612, 51.163486461425407 ], [ 71.46482432568942, 51.163435661361575 ], [ 71.464725425553752, 51.163331661410432 ], [ 71.46467, 51.163326 ] ] ], [ [ [ 71.46711516117162, 51.16363660387222 ], [ 71.467033159859426, 51.163534804279983 ], [ 71.465744955381865, 51.163276310454023 ], [ 71.4651907, 51.1632197 ], [ 71.4650131, 51.163276 ], [ 71.4655234, 51.1639089 ], [ 71.466077664029598, 51.163965508751858 ], [ 71.46711516117162, 51.16363660387222 ] ] ], [ [ [ 71.465023025935906, 51.163622961263798 ], [ 71.464879825823957, 51.163542561333315 ], [ 71.4648244, 51.1635369 ], [ 71.4646347, 51.1635959 ], [ 71.4647922, 51.16379520000001 ], [ 71.46484762613143, 51.163800861344178 ], [ 71.465101326063504, 51.163722061224824 ], [ 71.465023025935906, 51.163622961263798 ] ] ], [ [ [ 71.4643632, 51.1637144 ], [ 71.4642244, 51.1637556 ], [ 71.464321, 51.1638835 ], [ 71.464376426187698, 51.163889161566843 ], [ 71.464515226152713, 51.163847861501516 ], [ 71.464418625988657, 51.163720061549704 ], [ 71.4643632, 51.1637144 ] ] ], [ [ [ 71.465050726445554, 51.164043961243344 ], [ 71.46525702639029, 51.163979861146288 ], [ 71.46507282613797, 51.163786461237272 ], [ 71.4650174, 51.1637808 ], [ 71.4648223, 51.1638414 ], [ 71.4649953, 51.1640383 ], [ 71.465050726445554, 51.164043961243344 ] ] ], [ [ [ 71.4645567, 51.1639638 ], [ 71.4644179, 51.164005 ], [ 71.4645144, 51.1641328 ], [ 71.464569826508267, 51.164138461470522 ], [ 71.464708726473404, 51.164097261405132 ], [ 71.464612126309362, 51.163969461453306 ], [ 71.4645567, 51.1639638 ] ] ], [ [ [ 71.4662144, 51.1641157 ], [ 71.4662484, 51.1641672 ], [ 71.4663401, 51.1642135 ], [ 71.467005250281133, 51.164284745754209 ], [ 71.4671276, 51.1643366 ], [ 71.467403981504333, 51.164364823879161 ], [ 71.4672973, 51.1643992 ], [ 71.4673836, 51.1645039 ], [ 71.467549881815941, 51.164520880217303 ], [ 71.468240281231473, 51.164298179243346 ], [ 71.468219819689509, 51.164273263524109 ], [ 71.468295381186891, 51.164280979165596 ], [ 71.468710880845336, 51.164149778579286 ], [ 71.468682953150505, 51.164114786312915 ], [ 71.46882978081095, 51.164129778410604 ], [ 71.469196180716978, 51.164071477890616 ], [ 71.469201680514729, 51.164014977885707 ], [ 71.469052779805523, 51.163831678107776 ], [ 71.4688865, 51.16381470000001 ], [ 71.4685195, 51.1639323 ], [ 71.468607252012021, 51.164042294903595 ], [ 71.4684604, 51.1640273 ], [ 71.468045, 51.1641592 ], [ 71.468065288220075, 51.164184481922696 ], [ 71.468000963988487, 51.164177913584524 ], [ 71.467895021498165, 51.164138720407266 ], [ 71.467238884947491, 51.164071717545156 ], [ 71.467136819012353, 51.16403342475828 ], [ 71.4664424, 51.1639622 ], [ 71.466354, 51.1639681 ], [ 71.4662777, 51.1639966 ], [ 71.466227, 51.1640423 ], [ 71.4662144, 51.1641157 ] ] ], [ [ [ 71.466054826767405, 51.164222860762479 ], [ 71.465983526561715, 51.164058260799251 ], [ 71.4659281, 51.164052599999984 ], [ 71.4658071, 51.1640721 ], [ 71.4657565, 51.1641895 ], [ 71.4657856, 51.1642531 ], [ 71.465841026787928, 51.164258760863603 ], [ 71.466054826767405, 51.164222860762479 ] ] ], [ [ [ 71.464671800000019, 51.1643854 ], [ 71.464727226828998, 51.164391061391271 ], [ 71.464866026794141, 51.164349861325931 ], [ 71.464813026630111, 51.164218261353419 ], [ 71.464766626552731, 51.164158061376561 ], [ 71.4647112, 51.1641524 ], [ 71.4646386, 51.164173599999984 ], [ 71.46456, 51.164237 ], [ 71.464671800000019, 51.1643854 ] ] ], [ [ [ 71.464784, 51.1646846 ], [ 71.464839427200999, 51.164690261332709 ], [ 71.464979427169411, 51.164651661266753 ], [ 71.465101027081445, 51.164567861210344 ], [ 71.464925126857565, 51.164397361296992 ], [ 71.4648697, 51.16439170000001 ], [ 71.4647371, 51.1644291 ], [ 71.4647402, 51.1646237 ], [ 71.464784, 51.1646846 ] ] ], [ [ [ 71.4658760273512, 51.164723660838909 ], [ 71.4658206, 51.164718 ], [ 71.4656946, 51.164761 ], [ 71.4657488, 51.1648234 ], [ 71.465804227470443, 51.164829060871249 ], [ 71.465930127432031, 51.164786060812091 ], [ 71.4658760273512, 51.164723660838909 ] ] ], [ [ [ 71.4665318, 51.1646773 ], [ 71.4662966, 51.1647484 ], [ 71.4663828, 51.1648582 ], [ 71.466438227579587, 51.164863860568964 ], [ 71.466674327517367, 51.16479136045789 ], [ 71.466587227377644, 51.164682960501189 ], [ 71.4665318, 51.1646773 ] ] ], [ [ [ 71.465144127530877, 51.164937461183442 ], [ 71.465489627412637, 51.164808761021291 ], [ 71.465390827245685, 51.164678761070547 ], [ 71.4653354, 51.1646731 ], [ 71.4649557, 51.1647577 ], [ 71.4650887, 51.1649318 ], [ 71.465144127530877, 51.164937461183442 ] ] ], [ [ [ 71.466954027474685, 51.16473126032583 ], [ 71.4668986, 51.1647256 ], [ 71.4667055, 51.16479120000001 ], [ 71.4667645, 51.1648602 ], [ 71.466819927622467, 51.164865860387323 ], [ 71.467018427566629, 51.164801960293971 ], [ 71.466954027474685, 51.16473126032583 ] ] ], [ [ [ 71.4655441, 51.1648232 ], [ 71.4653242, 51.1648905 ], [ 71.4653993, 51.1649846 ], [ 71.465454727627389, 51.164990261034752 ], [ 71.465674627577897, 51.164929760931166 ], [ 71.465599527448489, 51.164828860968633 ], [ 71.4655441, 51.1648232 ] ] ], [ [ [ 71.464669627653251, 51.165080961406751 ], [ 71.46491022763918, 51.165048061292829 ], [ 71.465043427600364, 51.165004061230199 ], [ 71.464873427330886, 51.164795161314707 ], [ 71.464818, 51.1647895 ], [ 71.4644719, 51.1649011 ], [ 71.4646142, 51.1650753 ], [ 71.464669627653251, 51.165080961406751 ] ] ], [ [ [ 71.4655655, 51.1650719 ], [ 71.4654394, 51.1651168 ], [ 71.4655127, 51.1651978 ], [ 71.465568127896034, 51.165203460977111 ], [ 71.465694327855388, 51.165158560917853 ], [ 71.465620927750081, 51.165077560954181 ], [ 71.4655655, 51.1650719 ] ] ], [ [ [ 71.4651797, 51.165220299999987 ], [ 71.4649094, 51.1653056 ], [ 71.4650014, 51.1654203 ], [ 71.465056828109596, 51.165425961216549 ], [ 71.465327128035611, 51.165340661089409 ], [ 71.46523512788778, 51.165225961135157 ], [ 71.4651797, 51.165220299999987 ] ] ], [ [ [ 71.4666216, 51.1655607 ], [ 71.4662505, 51.1656767 ], [ 71.4663477, 51.1657988 ], [ 71.466403128708023, 51.165804460569412 ], [ 71.466774128607753, 51.165688460394882 ], [ 71.466677028450462, 51.165566360443194 ], [ 71.4666216, 51.1655607 ] ] ], [ [ [ 71.46552, 51.1659301 ], [ 71.4658403, 51.1663391 ], [ 71.465895729304563, 51.166344760801515 ], [ 71.466374829177838, 51.166197260576084 ], [ 71.466054628651548, 51.165788260735496 ], [ 71.4659992, 51.165782599999979 ], [ 71.46552, 51.1659301 ] ] ], [ [ [ 71.4676438, 51.1661529 ], [ 71.467792029268693, 51.166147859902601 ], [ 71.467882729243655, 51.16611905985993 ], [ 71.467515728654021, 51.165661560042487 ], [ 71.4674603, 51.1656559 ], [ 71.4673696, 51.1656846 ], [ 71.4673014, 51.1657321 ], [ 71.4676438, 51.1661529 ] ] ], [ [ [ 71.4648647, 51.1661231 ], [ 71.4643324, 51.1662775 ], [ 71.4644164, 51.1663915 ], [ 71.464471829216549, 51.166397161478123 ], [ 71.465004129087049, 51.166242661227507 ], [ 71.464920128941046, 51.166128761269441 ], [ 71.4648647, 51.1661231 ] ] ], [ [ [ 71.4671156, 51.1664394 ], [ 71.4675138, 51.1668774 ], [ 71.467569230130067, 51.166883059995882 ], [ 71.467818330062101, 51.166804659878714 ], [ 71.467325029268153, 51.166188560124105 ], [ 71.4672696, 51.1661829 ], [ 71.467039, 51.1662555 ], [ 71.4671156, 51.1664394 ] ] ], [ [ [ 71.4643255, 51.1667413 ], [ 71.464147, 51.1667912 ], [ 71.4643379, 51.1670577 ], [ 71.464393330010154, 51.167063361503949 ], [ 71.464570029968613, 51.167013261420749 ], [ 71.464380929627964, 51.166746961515329 ], [ 71.4643255, 51.1667413 ] ] ], [ [ [ 71.4653269, 51.1664701 ], [ 71.4649023, 51.1665981 ], [ 71.4657723, 51.1677325 ], [ 71.465827730974695, 51.167738160809762 ], [ 71.466252330865515, 51.167610060609924 ], [ 71.46538232940776, 51.166475761043536 ], [ 71.4653269, 51.1664701 ] ] ], [ [ [ 71.4647593, 51.1675015 ], [ 71.464991930607326, 51.167506661211469 ], [ 71.465071630585669, 51.167481661173973 ], [ 71.464710230151297, 51.167152661351629 ], [ 71.4646548, 51.167147 ], [ 71.4645106, 51.167192099999987 ], [ 71.4647593, 51.1675015 ] ] ], [ [ [ 71.467597630693689, 51.16734875997431 ], [ 71.4672926, 51.1673153 ], [ 71.4672084, 51.1673421 ], [ 71.4673422, 51.1675071 ], [ 71.467397630869883, 51.167512760066664 ], [ 71.46766223079635, 51.167428359942207 ], [ 71.467597630693689, 51.16734875997431 ] ] ], [ [ [ 71.4647126, 51.1675378 ], [ 71.4646281, 51.1675647 ], [ 71.464655, 51.1675967 ], [ 71.464710430692648, 51.167602361343768 ], [ 71.464797530674431, 51.167579561302709 ], [ 71.464768030627852, 51.167543461317372 ], [ 71.4647126, 51.1675378 ] ] ], [ [ [ 71.465303061792255, 51.167724422145781 ], [ 71.465168461325973, 51.167542622280145 ], [ 71.4650576, 51.167531299999986 ], [ 71.4648709, 51.1675867 ], [ 71.4650172, 51.1677868 ], [ 71.46512806193256, 51.167798122309769 ], [ 71.465279161859655, 51.167754522167478 ], [ 71.465303061792255, 51.167724422145781 ] ] ], [ [ [ 71.465235, 51.1678467 ], [ 71.4650527, 51.1679026 ], [ 71.4652615, 51.168167799999985 ], [ 71.465316931444519, 51.168173461045285 ], [ 71.465498031396564, 51.168117660960093 ], [ 71.465290431055166, 51.167852361063467 ], [ 71.465235, 51.1678467 ] ] ], [ [ [ 71.465887132422253, 51.168935360760813 ], [ 71.466142032352749, 51.168855160640902 ], [ 71.465875931924344, 51.168522760773264 ], [ 71.465667931665124, 51.168325760875661 ], [ 71.4656125, 51.16832010000001 ], [ 71.4654446, 51.1683729 ], [ 71.4655618, 51.1685926 ], [ 71.4658317, 51.1689297 ], [ 71.465887132422253, 51.168935360760813 ] ] ], [ [ [ 71.467181831555322, 51.168101160159139 ], [ 71.4665104, 51.1679433 ], [ 71.4660964, 51.1680663 ], [ 71.4675476, 51.169986699999981 ], [ 71.46760303387687, 51.169992359926006 ], [ 71.468426133669681, 51.169747759538566 ], [ 71.467181831555322, 51.168101160159139 ] ] ], [ [ [ 71.46661883160877, 51.169285341785134 ], [ 71.466369030103323, 51.168994742280709 ], [ 71.4661473, 51.1689721 ], [ 71.465931, 51.1690452 ], [ 71.4661808, 51.1693358 ], [ 71.466397301519322, 51.16935790809876 ], [ 71.4663736, 51.1693662 ], [ 71.4663638, 51.1696041 ], [ 71.4665584, 51.1698231 ], [ 71.466613833574954, 51.169828760399547 ], [ 71.466907233488826, 51.169731360261608 ], [ 71.466560232963914, 51.169325960433767 ], [ 71.46651293469354, 51.169321130660812 ], [ 71.46661883160877, 51.169285341785134 ] ] ], [ [ [ 71.4659853008787, 51.169831464588704 ], [ 71.466119500608727, 51.169782264210646 ], [ 71.465389694016295, 51.168933966382276 ], [ 71.465274993751848, 51.168907466712511 ], [ 71.4649424, 51.1688735 ], [ 71.4647086, 51.1689492 ], [ 71.4648021, 51.169058 ], [ 71.4656527, 51.1697975 ], [ 71.4659853008787, 51.169831464588704 ] ] ], [ [ [ 71.465421933466075, 51.169843360966482 ], [ 71.465172833096034, 51.169557961089936 ], [ 71.4651174, 51.1695523 ], [ 71.4649862, 51.1695917 ], [ 71.4652097, 51.1698847 ], [ 71.465265133506023, 51.169890361040267 ], [ 71.465421933466075, 51.169843360966482 ] ] ], [ [ [ 71.4647845, 51.169608 ], [ 71.4646004, 51.1696655 ], [ 71.4649087, 51.1700538 ], [ 71.464964133677668, 51.170059461180557 ], [ 71.465148233628099, 51.170002061093967 ], [ 71.464839933127749, 51.169613661247382 ], [ 71.4647845, 51.169608 ] ] ], [ [ [ 71.466198234037748, 51.170249760590032 ], [ 71.465891833507015, 51.169835960743008 ], [ 71.4658364, 51.1698303 ], [ 71.4655724, 51.169907099999989 ], [ 71.4658834, 51.1703196 ], [ 71.465938834101109, 51.170325260712161 ], [ 71.466198234037748, 51.170249760590032 ] ] ], [ [ [ 71.467210234135237, 51.170241560108629 ], [ 71.467146233972173, 51.17011176014131 ], [ 71.46698833371704, 51.16991376021987 ], [ 71.4669329, 51.1699081 ], [ 71.4667046, 51.169979 ], [ 71.4669564, 51.17029740000001 ], [ 71.467011834188227, 51.170303060201974 ], [ 71.467210234135237, 51.170241560108629 ] ] ], [ [ [ 71.4655901, 51.1703008 ], [ 71.4654899, 51.1703302 ], [ 71.465556, 51.1704239 ], [ 71.46561143419197, 51.170429560866161 ], [ 71.465707434169872, 51.170402760820949 ], [ 71.465645534047354, 51.170306460852061 ], [ 71.4655901, 51.1703008 ] ] ], [ [ [ 71.4650013, 51.1701216 ], [ 71.4648285, 51.1701764 ], [ 71.4651912, 51.170649899999987 ], [ 71.465246634425355, 51.170655561035851 ], [ 71.465427934383428, 51.170604760950447 ], [ 71.465056733769117, 51.170127261135335 ], [ 71.4650013, 51.1701216 ] ] ], [ [ [ 71.4672152, 51.170342 ], [ 71.4670384, 51.170397800000011 ], [ 71.4671721, 51.1705644 ], [ 71.467227534532597, 51.170570060094711 ], [ 71.467404334484172, 51.170514260011544 ], [ 71.467270634269383, 51.170347660078043 ], [ 71.4672152, 51.170342 ] ] ], [ [ [ 71.4659768, 51.1705386 ], [ 71.4655662, 51.170661699999989 ], [ 71.4656493, 51.1707707 ], [ 71.465704734619408, 51.170776360815772 ], [ 71.466115434514776, 51.17065326062248 ], [ 71.466032234374708, 51.170544260663931 ], [ 71.4659768, 51.1705386 ] ] ], [ [ [ 71.4654845, 51.1706345 ], [ 71.4653608, 51.17068 ], [ 71.465397, 51.1707228 ], [ 71.465452434534967, 51.170728460936644 ], [ 71.465578334500051, 51.170688360877428 ], [ 71.465539934437928, 51.170640160896554 ], [ 71.4654845, 51.1706345 ] ] ], [ [ [ 71.466787034759548, 51.170797360300391 ], [ 71.46647553433192, 51.170469660454295 ], [ 71.4664201, 51.170464 ], [ 71.4661939, 51.1705376 ], [ 71.466477700000013, 51.170876 ], [ 71.466533134834108, 51.170881660419759 ], [ 71.466787034759548, 51.170797360300391 ] ] ], [ [ [ 71.4671714, 51.170638 ], [ 71.467437, 51.1709329 ], [ 71.467492435004388, 51.170938559962273 ], [ 71.467659934963379, 51.170889759883423 ], [ 71.467679134825289, 51.170773359876293 ], [ 71.467593834683427, 51.170663059918809 ], [ 71.467421034570805, 51.17058476000237 ], [ 71.4673656, 51.1705791 ], [ 71.4671714, 51.170638 ] ] ], [ [ [ 71.4662939, 51.1709054 ], [ 71.4654685, 51.1711411 ], [ 71.4655344, 51.1712317 ], [ 71.465589835162277, 51.17123736086247 ], [ 71.466415234966078, 51.171001660473777 ], [ 71.466349334849994, 51.170911060506704 ], [ 71.4662939, 51.1709054 ] ] ], [ [ [ 71.466986935366393, 51.17128376019685 ], [ 71.467217935301676, 51.171209660088223 ], [ 71.467145035186434, 51.171120360124448 ], [ 71.466882734969815, 51.17096356025197 ], [ 71.4668273, 51.1709579 ], [ 71.4666119, 51.171027 ], [ 71.466812, 51.1712724 ], [ 71.466986935366393, 51.17128376019685 ] ] ], [ [ [ 71.46783343516698, 51.171043559798186 ], [ 71.467778, 51.171037899999988 ], [ 71.4675302, 51.1711134 ], [ 71.4675874, 51.1711872 ], [ 71.467642835326529, 51.171192859886304 ], [ 71.467890635261796, 51.171117259769694 ], [ 71.46783343516698, 51.171043559798186 ] ] ], [ [ [ 71.4664997, 51.1711745 ], [ 71.4659739, 51.171324199999987 ], [ 71.4660302, 51.1714018 ], [ 71.466085635419716, 51.171407460623605 ], [ 71.466611335295255, 51.171257760376037 ], [ 71.466555135195847, 51.17118016040412 ], [ 71.4664997, 51.1711745 ] ] ], [ [ [ 71.466601335582084, 51.171496860376664 ], [ 71.4665402354901, 51.171425860406949 ], [ 71.4664848, 51.1714202 ], [ 71.4654141, 51.171782 ], [ 71.4655462, 51.1719356 ], [ 71.465601636011115, 51.17194126084469 ], [ 71.466489135744155, 51.171641360427543 ], [ 71.466601335582084, 51.171496860376664 ] ] ], [ [ [ 71.467394635659986, 51.171491659999241 ], [ 71.4673392, 51.171486 ], [ 71.4671404, 51.1715459 ], [ 71.4675178, 51.1720388 ], [ 71.467573236344549, 51.172044459904704 ], [ 71.467772036293653, 51.17198465981113 ], [ 71.467394635659986, 51.171491659999241 ] ] ], [ [ [ 71.466932236423929, 51.172166860207611 ], [ 71.467029236407498, 51.172144660161834 ], [ 71.467061936295977, 51.172049160147935 ], [ 71.466893235931039, 51.171760960233186 ], [ 71.4667998, 51.1717429 ], [ 71.4666528, 51.1717765 ], [ 71.4668768, 51.1721612 ], [ 71.466932236423929, 51.172166860207611 ] ] ], [ [ [ 71.4663219, 51.17192 ], [ 71.466106, 51.1719881 ], [ 71.4664921, 51.172469 ], [ 71.466547536753765, 51.172474660385355 ], [ 71.466763436694649, 51.172406560283775 ], [ 71.466377336074615, 51.171925660475821 ], [ 71.4663219, 51.17192 ] ] ], [ [ [ 71.465867300000014, 51.1719964 ], [ 71.4656546, 51.1720602 ], [ 71.4661879, 51.17275930000001 ], [ 71.466243337071049, 51.172764960525086 ], [ 71.466456137016792, 51.172701160424928 ], [ 71.465922736118387, 51.172002060690843 ], [ 71.465867300000014, 51.1719964 ] ] ], [ [ [ 71.4651659, 51.17242 ], [ 71.4648011, 51.1725041 ], [ 71.4648636, 51.1726106 ], [ 71.464919036751439, 51.172616261157849 ], [ 71.465283836688883, 51.172532160985703 ], [ 71.465221336554023, 51.172425661017279 ], [ 71.4651659, 51.17242 ] ] ], [ [ [ 71.4667766, 51.1724534 ], [ 71.4664589, 51.17255 ], [ 71.4665505, 51.1726684 ], [ 71.466603786841659, 51.172673840814298 ], [ 71.4661975, 51.172797399999986 ], [ 71.4663033, 51.1729342 ], [ 71.466358737293916, 51.17293986046716 ], [ 71.467123237095038, 51.172707360107374 ], [ 71.467017436919093, 51.172570560160068 ], [ 71.466962, 51.1725649 ], [ 71.466922997138312, 51.17257676173984 ], [ 71.466832036765169, 51.172459060250233 ], [ 71.4667766, 51.1724534 ] ] ], [ [ [ 71.464683336860929, 51.172727961268087 ], [ 71.4646279, 51.1727223 ], [ 71.4644553, 51.1727786 ], [ 71.4646667, 51.1730334 ], [ 71.464686584444152, 51.173035430600258 ], [ 71.4645483, 51.1730785 ], [ 71.4649755, 51.173617799999988 ], [ 71.465030937976181, 51.173623461087196 ], [ 71.465282337908576, 51.173545160968914 ], [ 71.464855137213803, 51.173005861181522 ], [ 71.46483136238264, 51.173003433327793 ], [ 71.464894737190193, 51.17298276116307 ], [ 71.464683336860929, 51.172727961268087 ] ] ], [ [ [ 71.468253537581631, 51.173011859564227 ], [ 71.468000037229487, 51.172741759689529 ], [ 71.4679446, 51.172736099999987 ], [ 71.4676941, 51.1728285 ], [ 71.4677941, 51.1729351 ], [ 71.4680241, 51.1730704 ], [ 71.468079537640477, 51.173076059645929 ], [ 71.468253537581631, 51.173011859564227 ] ] ], [ [ [ 71.465521737005304, 51.172773960868305 ], [ 71.4654663, 51.1727683 ], [ 71.4652412, 51.1728353 ], [ 71.4660052, 51.1738444 ], [ 71.466060638358343, 51.173850060593267 ], [ 71.466285738301437, 51.173782960487301 ], [ 71.465521737005304, 51.172773960868305 ] ] ], [ [ [ 71.466696637812532, 51.173340760299411 ], [ 71.466548337570757, 51.173153060373238 ], [ 71.4664929, 51.1731474 ], [ 71.4661302, 51.17326 ], [ 71.4665534, 51.173796 ], [ 71.466608838358226, 51.173801660333226 ], [ 71.466729338325976, 51.173764260276528 ], [ 71.466696637812532, 51.173340760299411 ] ] ], [ [ [ 71.466494838599402, 51.174011960383844 ], [ 71.466347338334216, 51.173804760457621 ], [ 71.4662919, 51.1737991 ], [ 71.4661441, 51.1738405 ], [ 71.4661312, 51.1739684 ], [ 71.4662049, 51.1740719 ], [ 71.466260338653498, 51.174077560494297 ], [ 71.466494838599402, 51.174011960383844 ] ] ], [ [ [ 71.465304438140919, 51.173736160955094 ], [ 71.465249, 51.1737305 ], [ 71.4650897, 51.1737804 ], [ 71.4654703, 51.1742577 ], [ 71.4655257387993, 51.174263360840676 ], [ 71.465685038755993, 51.174213360765712 ], [ 71.465304438140919, 51.173736160955094 ] ] ], [ [ [ 71.4657369, 51.1742211 ], [ 71.4655131, 51.1742948 ], [ 71.4657406, 51.1745665 ], [ 71.465796039199873, 51.174572160706695 ], [ 71.466019839134873, 51.174498460601484 ], [ 71.465792338783515, 51.17422676071444 ], [ 71.4657369, 51.1742211 ] ] ], [ [ [ 71.4649245, 51.1742281 ], [ 71.4647465, 51.1742772 ], [ 71.4651359, 51.17483210000001 ], [ 71.465187467564348, 51.174837365627297 ], [ 71.4652875, 51.1749954 ], [ 71.465342939668304, 51.175001060914923 ], [ 71.465510939628089, 51.174952860835795 ], [ 71.465398239430186, 51.174798460892085 ], [ 71.465351218088117, 51.174793659568486 ], [ 71.465369339415318, 51.17478866090601 ], [ 71.464979938705724, 51.174233761100922 ], [ 71.4649245, 51.1742281 ] ] ], [ [ [ 71.4653832, 51.174396599999987 ], [ 71.4652776, 51.174428699999986 ], [ 71.4654693, 51.1746766 ], [ 71.465524739303675, 51.174682260833912 ], [ 71.465630439276111, 51.174650060784167 ], [ 71.465438638957323, 51.174402260879717 ], [ 71.4653832, 51.174396599999987 ] ] ], [ [ [ 71.466483039449088, 51.174718560377244 ], [ 71.466267739116617, 51.174461460484132 ], [ 71.4662123, 51.1744558 ], [ 71.4659398, 51.1745455 ], [ 71.4662338, 51.1748965 ], [ 71.466289239649626, 51.174902160466296 ], [ 71.466460339599877, 51.174845760385836 ], [ 71.466483039449088, 51.174718560377244 ] ] ], [ [ [ 71.4649701, 51.1747909 ], [ 71.4643034, 51.1750023 ], [ 71.4646021, 51.1753726 ], [ 71.464657540049828, 51.175378261234577 ], [ 71.465324239866007, 51.175166860920946 ], [ 71.465025539388336, 51.174796561069478 ], [ 71.4649701, 51.1747909 ] ] ], [ [ [ 71.466036639737368, 51.17499726058486 ], [ 71.4659812, 51.1749916 ], [ 71.4653679, 51.1751107 ], [ 71.4654296, 51.1752358 ], [ 71.465485039972904, 51.175241460843139 ], [ 71.466098439894694, 51.17512246055329 ], [ 71.466036639737368, 51.17499726058486 ] ] ], [ [ [ 71.466098, 51.1751433 ], [ 71.4658164, 51.1752022 ], [ 71.4658746, 51.1753117 ], [ 71.465930040111544, 51.175317360630061 ], [ 71.466211640070512, 51.175258460497055 ], [ 71.466153439932455, 51.175148960526656 ], [ 71.466098, 51.1751433 ] ] ], [ [ [ 71.4648055, 51.1754517 ], [ 71.464657300000013, 51.1754715 ], [ 71.4647762, 51.175822 ], [ 71.46483164060956, 51.175827661143941 ], [ 71.464979840601444, 51.175807861073771 ], [ 71.464860940166687, 51.175457361136395 ], [ 71.4648055, 51.1754517 ] ] ], [ [ [ 71.465394240414184, 51.175615860879873 ], [ 71.4650746, 51.1756204 ], [ 71.465091300000012, 51.1757904 ], [ 71.4654109406207, 51.175785860868977 ], [ 71.465394240414184, 51.175615860879873 ] ] ], [ [ [ 71.4660234, 51.1755803 ], [ 71.4658228, 51.1759336 ], [ 71.46605124091991, 51.175977860560955 ], [ 71.46625184051581, 51.175624660471598 ], [ 71.4660234, 51.1755803 ] ] ], [ [ [ 71.465454, 51.1760095 ], [ 71.4654098, 51.1763294 ], [ 71.465716441331082, 51.176348760713886 ], [ 71.465760640950364, 51.176028760698372 ], [ 71.465454, 51.1760095 ] ] ], [ [ [ 71.468255287422707, 51.178106518976975 ], [ 71.4681444, 51.1780952 ], [ 71.4671104, 51.178424399999983 ], [ 71.4673808, 51.1787582 ], [ 71.467491688857919, 51.178769519680834 ], [ 71.468525788284268, 51.178440318707963 ], [ 71.468255287422707, 51.178106518976975 ] ] ], [ [ [ 71.467959002099064, 51.142679420485067 ], [ 71.468085401724366, 51.142512420370586 ], [ 71.467829701361225, 51.142383920618315 ], [ 71.467631801177447, 51.142324920808633 ], [ 71.467521, 51.1423136 ], [ 71.4673297, 51.1425663 ], [ 71.467536, 51.1426278 ], [ 71.467959002099064, 51.142679420485067 ] ] ], [ [ [ 71.4671379, 51.1426523 ], [ 71.4671065, 51.1426928 ], [ 71.467233901028266, 51.142720360573506 ], [ 71.467265200982894, 51.142679860559326 ], [ 71.4671379, 51.1426523 ] ] ], [ [ [ 71.4687321, 51.1424081 ], [ 71.468339, 51.1429863 ], [ 71.468660901591662, 51.143063259888777 ], [ 71.469054100938365, 51.142485159711768 ], [ 71.4687321, 51.1424081 ] ] ], [ [ [ 71.469197301816308, 51.143202859631224 ], [ 71.469692501012744, 51.142490759407991 ], [ 71.4692359, 51.142374 ], [ 71.4687161, 51.1431125 ], [ 71.4689637, 51.1431811 ], [ 71.469197301816308, 51.143202859631224 ] ] ], [ [ [ 71.4678067, 51.1428426 ], [ 71.4677744, 51.1428843 ], [ 71.467922201338965, 51.142918160242687 ], [ 71.46795450129224, 51.142876460228045 ], [ 71.4678067, 51.1428426 ] ] ], [ [ [ 71.4665853, 51.1429942 ], [ 71.466491, 51.1431243 ], [ 71.4673898018264, 51.143370560488108 ], [ 71.467484001679978, 51.143240460445554 ], [ 71.4665853, 51.1429942 ] ] ], [ [ [ 71.469566005278935, 51.143133778450434 ], [ 71.4693998, 51.143116799999987 ], [ 71.4693028, 51.1432576 ], [ 71.469718, 51.1433702 ], [ 71.469884206293926, 51.143387177983186 ], [ 71.469981205816609, 51.143246277852079 ], [ 71.469566005278935, 51.143133778450434 ] ] ], [ [ [ 71.4675412, 51.1432594 ], [ 71.4674423, 51.1433948 ], [ 71.4690948, 51.1438693 ], [ 71.469371813223191, 51.14389759794539 ], [ 71.469470612461038, 51.143762097722124 ], [ 71.467818208734172, 51.143287701693289 ], [ 71.4675412, 51.1432594 ] ] ], [ [ [ 71.4670959, 51.1438637 ], [ 71.467428314594741, 51.143897663160757 ], [ 71.467701912052249, 51.143521062418984 ], [ 71.467462711406796, 51.143452663108789 ], [ 71.4671303, 51.1434187 ], [ 71.4670734, 51.1434971 ], [ 71.4669476, 51.143821299999985 ], [ 71.4670959, 51.1438637 ] ] ], [ [ [ 71.4678719, 51.1439729 ], [ 71.4676728, 51.1439841 ], [ 71.4677968, 51.1448544 ], [ 71.468073818457157, 51.144882700947313 ], [ 71.46827301849595, 51.144871600474495 ], [ 71.468148913198121, 51.144001200844997 ], [ 71.4678719, 51.1439729 ] ] ], [ [ [ 71.4685858, 51.1441331 ], [ 71.468353, 51.1441462 ], [ 71.4684447, 51.1447867 ], [ 71.468721718393454, 51.144814999412176 ], [ 71.468954518438011, 51.144801898859598 ], [ 71.468862814539293, 51.144161399133175 ], [ 71.4685858, 51.1441331 ] ] ], [ [ [ 71.469486919275482, 51.144894297585317 ], [ 71.4692099, 51.144866 ], [ 71.4680009, 51.1449367 ], [ 71.4680167, 51.1450431 ], [ 71.468293719708001, 51.145071400407957 ], [ 71.469502719923454, 51.145000697538507 ], [ 71.469486919275482, 51.144894297585317 ] ] ], [ [ [ 71.470069304674766, 51.145503659176576 ], [ 71.470512703981854, 51.144888258976295 ], [ 71.470348603908434, 51.144841659055174 ], [ 71.4702932, 51.144836 ], [ 71.46823779557964, 51.145485106576551 ], [ 71.468172819982982, 51.145127800690624 ], [ 71.4678958, 51.1450995 ], [ 71.4676892, 51.1451143 ], [ 71.4677571, 51.1454877 ], [ 71.468034122243139, 51.145516000986909 ], [ 71.468171019282209, 51.145506193947028 ], [ 71.4679354, 51.1455806 ], [ 71.4679545, 51.1456999 ], [ 71.469838604754798, 51.145590559284805 ], [ 71.470069304674766, 51.145503659176576 ] ] ], [ [ [ 71.4674257, 51.145397 ], [ 71.4674263, 51.1454743 ], [ 71.467561904380361, 51.145479760369732 ], [ 71.467561304287372, 51.145402460371358 ], [ 71.4674257, 51.145397 ] ] ], [ [ [ 71.467701104591569, 51.1456431603007 ], [ 71.467604, 51.1456397 ], [ 71.4676081, 51.1456688 ], [ 71.467705104626859, 51.14567216029829 ], [ 71.467701104591569, 51.1456431603007 ] ] ], [ [ [ 71.4686931, 51.1467293 ], [ 71.468970130203203, 51.146757598653153 ], [ 71.469071429390524, 51.146613498424685 ], [ 71.468636460758105, 51.146244304475019 ], [ 71.470001750058955, 51.146150086181223 ], [ 71.4710759, 51.1464412 ], [ 71.471316361169457, 51.146465758307663 ], [ 71.4710579, 51.146858299999984 ], [ 71.4714226, 51.1469556 ], [ 71.471478006576532, 51.146961258481184 ], [ 71.471795206082277, 51.146522258337889 ], [ 71.471749206041821, 51.146492658360295 ], [ 71.471442544445964, 51.146425491955313 ], [ 71.471496234853262, 51.146347551295719 ], [ 71.470336531848105, 51.146033154638452 ], [ 71.4696617, 51.1459784 ], [ 71.468423827979365, 51.14606382261141 ], [ 71.468139, 51.1460289 ], [ 71.4678564, 51.1460494 ], [ 71.4679418, 51.1465204 ], [ 71.4686931, 51.1467293 ] ] ], [ [ [ 71.466540400000014, 51.146200399999984 ], [ 71.4664469, 51.1462351 ], [ 71.4664655, 51.1462846 ], [ 71.4670089, 51.1464383 ], [ 71.467219805481406, 51.146425660516087 ], [ 71.467240005431222, 51.146382160507251 ], [ 71.467128605267092, 51.146255460562422 ], [ 71.467031205177776, 51.1461897606099 ], [ 71.4669114, 51.1461688 ], [ 71.466540400000014, 51.146200399999984 ] ] ], [ [ [ 71.4674459, 51.1461677 ], [ 71.4672866, 51.146208 ], [ 71.4673001, 51.1463072 ], [ 71.4673785, 51.1464974 ], [ 71.467593205645912, 51.146529560336681 ], [ 71.467599905266781, 51.146213660338951 ], [ 71.467560105227946, 51.146184860358389 ], [ 71.4674459, 51.1461677 ] ] ], [ [ [ 71.468416435460199, 51.147680799890225 ], [ 71.468785132486545, 51.147153699058876 ], [ 71.468251631320726, 51.147006800340549 ], [ 71.468077945171117, 51.146989057383934 ], [ 71.46809803097841, 51.14696340070963 ], [ 71.467101328603988, 51.146656303106873 ], [ 71.4668243, 51.146628 ], [ 71.4667356, 51.146741299999988 ], [ 71.4677323, 51.1470484 ], [ 71.467812728502309, 51.147056616461818 ], [ 71.4673231, 51.147292899999989 ], [ 71.4672439, 51.147406 ], [ 71.4681394, 51.1476525 ], [ 71.468229039032607, 51.147661656935419 ], [ 71.4681458, 51.147775 ], [ 71.468235, 51.1478008 ], [ 71.468290407255154, 51.147806459982903 ], [ 71.468385046488976, 51.147677593460315 ], [ 71.468416435460199, 51.147680799890225 ] ] ], [ [ [ 71.4701357, 51.147240099999983 ], [ 71.470438906887566, 51.147311458969412 ], [ 71.470578606653106, 51.147104158906558 ], [ 71.470512743065655, 51.147086696393849 ], [ 71.470536732813216, 51.147053694901309 ], [ 71.469308430051157, 51.146702497853276 ], [ 71.4690314, 51.1466742 ], [ 71.4689526, 51.1467826 ], [ 71.470205633584143, 51.14713632621698 ], [ 71.4701357, 51.147240099999983 ] ] ], [ [ [ 71.4691624, 51.147362799999989 ], [ 71.4690562, 51.1475041 ], [ 71.469083822683373, 51.147512267214623 ], [ 71.4690489, 51.1475087 ], [ 71.4686704, 51.1480126 ], [ 71.468835891217836, 51.148058037745024 ], [ 71.4687659, 51.1481521 ], [ 71.4692946, 51.148307 ], [ 71.469571640007359, 51.14833529708585 ], [ 71.46964723943654, 51.148233696914829 ], [ 71.469100596389765, 51.148076965530485 ], [ 71.469473435417797, 51.147580597384774 ], [ 71.469275630086258, 51.147531859389161 ], [ 71.469297918289399, 51.147502183752351 ], [ 71.4701157, 51.147736299999984 ], [ 71.470392737011011, 51.147764595182224 ], [ 71.47045303654393, 51.147681595045995 ], [ 71.46959793461977, 51.14743689710108 ], [ 71.469364834673058, 51.147413087658279 ], [ 71.4691624, 51.147362799999989 ] ] ], [ [ [ 71.468574038263711, 51.148133199476199 ], [ 71.468676437460573, 51.147990599244984 ], [ 71.468413021563748, 51.14791615650708 ], [ 71.468457107410131, 51.147920659901636 ], [ 71.468907806753847, 51.14733515969737 ], [ 71.468834206719237, 51.147312859732772 ], [ 71.4687788, 51.1473072 ], [ 71.4683282, 51.1478928 ], [ 71.468352963607757, 51.147900279627912 ], [ 71.468082, 51.1478726 ], [ 71.4679796, 51.1480153 ], [ 71.468297, 51.1481049 ], [ 71.468574038263711, 51.148133199476199 ] ] ], [ [ [ 71.469147071026711, 51.14830263705359 ], [ 71.4686484, 51.14825170000001 ], [ 71.467747167726316, 51.14825141219773 ], [ 71.467737462569943, 51.147645443191024 ], [ 71.4672388, 51.147594499999983 ], [ 71.4670725, 51.1475955 ], [ 71.4670848, 51.148364 ], [ 71.467901271364497, 51.148443642365386 ], [ 71.469146672555553, 51.148443937033278 ], [ 71.469147071026711, 51.14830263705359 ] ] ], [ [ [ 71.4667001, 51.1487777 ], [ 71.466977141462692, 51.148806003216286 ], [ 71.467676725469317, 51.14880607286149 ], [ 71.4676775, 51.1488772 ], [ 71.468016608519065, 51.148881660094553 ], [ 71.468014208253649, 51.148661160099515 ], [ 71.4667001, 51.1486526 ], [ 71.4667001, 51.1487777 ] ] ], [ [ [ 71.4695714, 51.148586 ], [ 71.4691559, 51.1485862 ], [ 71.469156009853279, 51.148658679431172 ], [ 71.4681599, 51.1486595 ], [ 71.4681605, 51.1487899 ], [ 71.468659176386126, 51.148840839058614 ], [ 71.469156284662986, 51.148839982105734 ], [ 71.4691563, 51.1488501 ], [ 71.469322525881694, 51.148867078500025 ], [ 71.469738126013084, 51.148866877906904 ], [ 71.469737625060873, 51.148602977921357 ], [ 71.4695714, 51.148586 ] ] ], [ [ [ 71.468332708500242, 51.148838159944923 ], [ 71.4681632, 51.1488326 ], [ 71.4681633, 51.1488788 ], [ 71.468332808555814, 51.148884359944077 ], [ 71.468332708500242, 51.148838159944923 ] ] ], [ [ [ 71.468241, 51.1488981 ], [ 71.4682411, 51.1489233 ], [ 71.468328708609008, 51.148928959945259 ], [ 71.46832870857871, 51.148903759945689 ], [ 71.468241, 51.1488981 ] ] ], [ [ [ 71.4672731, 51.1491972 ], [ 71.4672726, 51.149306 ], [ 71.467549644942622, 51.14933430180885 ], [ 71.468970845710146, 51.149336698428172 ], [ 71.468971345056218, 51.149227898436415 ], [ 71.4686943, 51.1491996 ], [ 71.4672731, 51.1491972 ] ] ], [ [ [ 71.469843637575465, 51.149463937019995 ], [ 71.470028536558516, 51.14923623668394 ], [ 71.469955336254273, 51.149179436827168 ], [ 71.4696106, 51.1491563 ], [ 71.4693877, 51.1492237 ], [ 71.4693979, 51.1493703 ], [ 71.469622, 51.1494413 ], [ 71.469843637575465, 51.149463937019995 ] ] ], [ [ [ 71.469291509244115, 51.149372259479549 ], [ 71.468888, 51.1493652 ], [ 71.4688875, 51.150002199999989 ], [ 71.469164549984569, 51.150030497907366 ], [ 71.469333350079424, 51.150031397505785 ], [ 71.469348646252456, 51.149393597524622 ], [ 71.469291497082665, 51.149387760360995 ], [ 71.469291509244115, 51.149372259479549 ] ] ], [ [ [ 71.4675847, 51.149421499999988 ], [ 71.467579200000017, 51.1502856 ], [ 71.467856250995439, 51.150313900994782 ], [ 71.468017351083205, 51.150314300611548 ], [ 71.468022945890326, 51.149450200673023 ], [ 71.4677459, 51.1494219 ], [ 71.4675847, 51.149421499999988 ] ] ], [ [ [ 71.468533309822803, 51.149920259830765 ], [ 71.46844160000002, 51.1499146 ], [ 71.46844160000002, 51.1499371 ], [ 71.46853330984986, 51.149942759830381 ], [ 71.468533309822803, 51.149920259830765 ] ] ], [ [ [ 71.468447200000014, 51.1500032 ], [ 71.4684309, 51.1506357 ], [ 71.468707953551984, 51.150663998938604 ], [ 71.468890853660326, 51.150665898503405 ], [ 71.468907149865018, 51.150033298519389 ], [ 71.4686301, 51.150005 ], [ 71.468447200000014, 51.1500032 ] ] ], [ [ [ 71.4681399, 51.150487 ], [ 71.4671097, 51.1504872 ], [ 71.4671098, 51.150598 ], [ 71.467386852625182, 51.150626302084277 ], [ 71.468417053169944, 51.150626099633818 ], [ 71.468416952503603, 51.150515299643658 ], [ 71.4681399, 51.150487 ] ] ], [ [ [ 71.4697321, 51.1506093 ], [ 71.4697035, 51.1506504 ], [ 71.469852410878275, 51.150681659190042 ], [ 71.469881010831855, 51.150640559177155 ], [ 71.4697321, 51.1506093 ] ] ], [ [ [ 71.467613355891402, 51.15114950150025 ], [ 71.467610355096042, 51.151017501518808 ], [ 71.467549054099607, 51.150857201678484 ], [ 71.467272, 51.1508289 ], [ 71.4669989, 51.1508314 ], [ 71.467009, 51.1512735 ], [ 71.467286056633768, 51.151301802265593 ], [ 71.46755925676355, 51.151299301615964 ], [ 71.467613355891402, 51.15114950150025 ] ] ], [ [ [ 71.4676714, 51.151615 ], [ 71.467884511851253, 51.151664060109233 ], [ 71.468423911171627, 51.151051459863226 ], [ 71.46855801094712, 51.150852959802869 ], [ 71.4682558, 51.15078 ], [ 71.4676714, 51.151615 ] ] ], [ [ [ 71.4696594, 51.1507732 ], [ 71.4692627, 51.1515952 ], [ 71.4694476, 51.1516301 ], [ 71.469724660070483, 51.151658396434129 ], [ 71.470119655334855, 51.150836095565765 ], [ 71.469936455029725, 51.15080149600454 ], [ 71.4696594, 51.1507732 ] ] ], [ [ [ 71.4699152, 51.1516489 ], [ 71.4698477, 51.1517589 ], [ 71.470093512261428, 51.151810459055795 ], [ 71.470161012136273, 51.151700459025598 ], [ 71.4699152, 51.1516489 ] ] ], [ [ [ 71.469239463613491, 51.152290297533533 ], [ 71.469824357899341, 51.152124318644205 ], [ 71.4703489, 51.1522898 ], [ 71.4714482, 51.1525933 ], [ 71.47172526692286, 51.152621591591831 ], [ 71.471774466584463, 51.152560991480065 ], [ 71.471783366271026, 51.152508091463453 ], [ 71.47175526609918, 51.152481991532575 ], [ 71.470253762601146, 51.152032595143154 ], [ 71.469980234137353, 51.152004660929755 ], [ 71.469986662239535, 51.151995995781668 ], [ 71.469356260799003, 51.151811997297131 ], [ 71.4690792, 51.1517837 ], [ 71.4687143, 51.15211750000001 ], [ 71.4686704, 51.1521768 ], [ 71.4689624, 51.152262 ], [ 71.469239463613491, 51.152290297533533 ] ] ], [ [ [ 71.469467369499313, 51.153248896908416 ], [ 71.470060465202565, 51.152482195563991 ], [ 71.46978806455968, 51.152399296219158 ], [ 71.469511, 51.152371 ], [ 71.4690393, 51.1531746 ], [ 71.4691903, 51.1532206 ], [ 71.469467369499313, 51.153248896908416 ] ] ], [ [ [ 71.4686703, 51.1522994 ], [ 71.467914, 51.1533332 ], [ 71.4680975, 51.1533861 ], [ 71.468374569915568, 51.153414399493577 ], [ 71.469130864098418, 51.152380497784065 ], [ 71.46894736368364, 51.152327698225115 ], [ 71.4686703, 51.1522994 ] ] ], [ [ [ 71.470366, 51.152608399999984 ], [ 71.4699047, 51.1532096 ], [ 71.4700822, 51.153263099999982 ], [ 71.47035927022749, 51.153291394783146 ], [ 71.470820466856722, 51.152690293738161 ], [ 71.470643066440388, 51.152636694164784 ], [ 71.470366, 51.152608399999984 ] ] ], [ [ [ 71.46931672167851, 51.153488265681688 ], [ 71.4691332, 51.1534417 ], [ 71.4690559, 51.1535412 ], [ 71.4699919, 51.1538193 ], [ 71.470490632572904, 51.153870230433292 ], [ 71.470565331570199, 51.153771030128915 ], [ 71.469766828245099, 51.153534233584807 ], [ 71.46931672167851, 51.153488265681688 ] ] ], [ [ [ 71.4675084, 51.153798 ], [ 71.4686036, 51.154107 ], [ 71.468872934206146, 51.154134507701571 ], [ 71.4688271, 51.1541919 ], [ 71.4693917, 51.1543635 ], [ 71.469447115270611, 51.154369159318996 ], [ 71.469538376546026, 51.154244796923365 ], [ 71.469771615224531, 51.154302259165767 ], [ 71.46979960300267, 51.15426406751007 ], [ 71.470043451780342, 51.154287091557919 ], [ 71.470308816049354, 51.1542432158613 ], [ 71.4714812, 51.1545595 ], [ 71.4715366157278, 51.15456515832151 ], [ 71.471574115665973, 51.154510458304614 ], [ 71.470390173465177, 51.154191056622494 ], [ 71.470477303447581, 51.154075741042696 ], [ 71.471416915436635, 51.154333658382463 ], [ 71.471632115102537, 51.154036958285239 ], [ 71.470741014702341, 51.153782758713582 ], [ 71.4706856, 51.1537771 ], [ 71.470484610584734, 51.154054336571782 ], [ 71.47025984840576, 51.153987490580299 ], [ 71.4697057, 51.1539309 ], [ 71.4690205, 51.1539433 ], [ 71.468985100788302, 51.153990157768042 ], [ 71.468495869630132, 51.153850732425475 ], [ 71.468507444710539, 51.15383469894379 ], [ 71.468394943300623, 51.153727399497583 ], [ 71.468195142406799, 51.153670700457944 ], [ 71.467920697740837, 51.153642668852093 ], [ 71.468008214095178, 51.153518760018279 ], [ 71.4677623, 51.1534601 ], [ 71.4675084, 51.153798 ] ] ], [ [ [ 71.468924415155797, 51.15431975956853 ], [ 71.4688217, 51.1543173 ], [ 71.4688113, 51.1543589 ], [ 71.46893311521842, 51.154371059563509 ], [ 71.468952415187744, 51.1543438595548 ], [ 71.468924415155797, 51.15431975956853 ] ] ], [ [ [ 71.469905515751293, 51.15472835909469 ], [ 71.4698122, 51.1547115 ], [ 71.4697961, 51.1547328 ], [ 71.469889315775319, 51.154749759102039 ], [ 71.469905515751293, 51.15472835909469 ] ] ], [ [ [ 71.46996886413848, 51.156135422238286 ], [ 71.470014417451722, 51.156132259018577 ], [ 71.470078817345211, 51.156038058989566 ], [ 71.470062724277241, 51.156033739909901 ], [ 71.470293601022078, 51.155623053764316 ], [ 71.470245300437028, 51.155546253910167 ], [ 71.469918899115029, 51.155391854857939 ], [ 71.4691765, 51.1553226 ], [ 71.4690566, 51.1553522 ], [ 71.4686881, 51.1557794 ], [ 71.4686818, 51.155883 ], [ 71.4687201, 51.1559438 ], [ 71.4689853, 51.1562406 ], [ 71.469317805104197, 51.15627455648211 ], [ 71.469734499720104, 51.156207666293227 ], [ 71.4694978, 51.1565443 ], [ 71.469719817978472, 51.156596059150701 ], [ 71.470031517478176, 51.156152759010077 ], [ 71.46996886413848, 51.156135422238286 ] ] ], [ [ [ 71.469670454487556, 51.157195770761426 ], [ 71.4694318, 51.1571714 ], [ 71.4692792, 51.1572257 ], [ 71.4703105, 51.1583666 ], [ 71.470587601046589, 51.158394893798004 ], [ 71.470740300800841, 51.158340593439441 ], [ 71.470705131921505, 51.158301692278314 ], [ 71.470792520109327, 51.158272658611303 ], [ 71.469800898480443, 51.157162104243213 ], [ 71.469923186389821, 51.157174591630096 ], [ 71.470094483390369, 51.156910190860891 ], [ 71.469990820259937, 51.156883739555759 ], [ 71.470069672784845, 51.156762036084274 ], [ 71.46966597211852, 51.156659136859673 ], [ 71.4694443, 51.1566365 ], [ 71.469166, 51.157066199999988 ], [ 71.469369, 51.157118 ], [ 71.469716698045346, 51.157153506066798 ], [ 71.4696528, 51.157176 ], [ 71.469670454487556, 51.157195770761426 ] ] ], [ [ [ 71.469117517999322, 51.156666459436032 ], [ 71.4683326, 51.156457599999989 ], [ 71.468227400000018, 51.1566061 ], [ 71.468067, 51.1570023 ], [ 71.468751518582295, 51.157183259601219 ], [ 71.469117517999322, 51.156666459436032 ] ] ], [ [ [ 71.470460018504824, 51.156968358792078 ], [ 71.4701897, 51.1569072 ], [ 71.4701446, 51.1569759 ], [ 71.470414918582705, 51.15703705881235 ], [ 71.470460018504824, 51.156968358792078 ] ] ], [ [ [ 71.4688654, 51.1570798 ], [ 71.4687012, 51.1573081 ], [ 71.468922718813985, 51.157360759516678 ], [ 71.469086918556727, 51.157132459442529 ], [ 71.4688654, 51.1570798 ] ] ], [ [ [ 71.471739398513549, 51.158022282842168 ], [ 71.472416654883602, 51.157774938154041 ], [ 71.4722632, 51.1579938 ], [ 71.4722668, 51.1581055 ], [ 71.4724522, 51.158318199999982 ], [ 71.472618461096033, 51.158335173303762 ], [ 71.472786361141814, 51.158333073064234 ], [ 71.473322160496323, 51.158107072311196 ], [ 71.473318560091627, 51.157995272322168 ], [ 71.473126259266039, 51.157783472607647 ], [ 71.47296, 51.1577665 ], [ 71.472437283256809, 51.15776740424517 ], [ 71.472455696125024, 51.157760679479502 ], [ 71.472343194546397, 51.157639380035782 ], [ 71.471844419397598, 51.157588458122682 ], [ 71.471722219226422, 51.15745695818309 ], [ 71.4716668, 51.1574513 ], [ 71.471123907768856, 51.157649607058197 ], [ 71.470756869455698, 51.15725332876594 ], [ 71.4702581, 51.15720240000001 ], [ 71.4700515, 51.1572777 ], [ 71.4707368, 51.1580176 ], [ 71.471235578739524, 51.158068526589034 ], [ 71.471440860227759, 51.157991802873092 ], [ 71.471739398513549, 51.158022282842168 ] ] ], [ [ [ 71.4669834, 51.1583926 ], [ 71.4676645, 51.1585824 ], [ 71.46788618072857, 51.158605040112036 ], [ 71.468716275439689, 51.157432938613432 ], [ 71.468663774418829, 51.157225438727714 ], [ 71.468282373745538, 51.157119139460917 ], [ 71.4680607, 51.1570965 ], [ 71.4677906, 51.1572146 ], [ 71.4670753, 51.1582246 ], [ 71.4669834, 51.1583926 ] ] ], [ [ [ 71.469027957418135, 51.157632478465139 ], [ 71.4688617, 51.157615499999984 ], [ 71.4686151, 51.1579502 ], [ 71.4686395, 51.1580623 ], [ 71.4686787, 51.158095799999984 ], [ 71.4688037, 51.158128899999987 ], [ 71.469043159278598, 51.158146578416755 ], [ 71.469205759120229, 51.158088378187664 ], [ 71.469445158005243, 51.157758377863125 ], [ 71.469027957418135, 51.157632478465139 ] ] ], [ [ [ 71.4699409, 51.1584331 ], [ 71.4698195, 51.1584761 ], [ 71.4699039, 51.1585698 ], [ 71.469959320385357, 51.158575459002471 ], [ 71.470080720346502, 51.158532458945452 ], [ 71.469996320224794, 51.158438758987238 ], [ 71.4699409, 51.1584331 ] ] ], [ [ [ 71.4697117, 51.1586043 ], [ 71.4696408, 51.1586336 ], [ 71.4697132, 51.1587074 ], [ 71.469768620530701, 51.158713059090815 ], [ 71.469842620502092, 51.158682759056141 ], [ 71.469767120406502, 51.158609959093312 ], [ 71.4697117, 51.1586043 ] ] ], [ [ [ 71.4703282, 51.1586733 ], [ 71.469837602886813, 51.158845627939066 ], [ 71.469386600639339, 51.158432996651769 ], [ 71.4691095, 51.1584047 ], [ 71.4688888, 51.1584825 ], [ 71.4692105, 51.1588413 ], [ 71.4696092, 51.1591422 ], [ 71.469886305341049, 51.159170495399152 ], [ 71.470070605048264, 51.159105594966341 ], [ 71.469935916815501, 51.158955319962203 ], [ 71.47018658354591, 51.158987735707591 ], [ 71.470660682925811, 51.158817134817141 ], [ 71.470549882295515, 51.158695935036405 ], [ 71.4703282, 51.1586733 ] ] ], [ [ [ 71.469051238566195, 51.163784935051908 ], [ 71.469495134769815, 51.163628849293886 ], [ 71.4695135, 51.163698 ], [ 71.4695778, 51.1637737 ], [ 71.469633226613098, 51.163779359067512 ], [ 71.46987982654187, 51.163698458951572 ], [ 71.469972626482502, 51.163640958908402 ], [ 71.469874626330935, 51.163523658957061 ], [ 71.4698192, 51.163518 ], [ 71.469545431444487, 51.163607376730909 ], [ 71.469929085018123, 51.163460957461389 ], [ 71.4700835, 51.1636443 ], [ 71.470204126522688, 51.163653958798029 ], [ 71.470276126502412, 51.163630758764178 ], [ 71.470294826456964, 51.163591358755951 ], [ 71.470146179140897, 51.163379081851218 ], [ 71.470288432496886, 51.16311562985814 ], [ 71.470111529587712, 51.162862630655106 ], [ 71.469940928359122, 51.162764231400999 ], [ 71.468425019169416, 51.162049338003868 ], [ 71.467956717633996, 51.16194884002487 ], [ 71.4674579, 51.1618979 ], [ 71.4670943, 51.1619868 ], [ 71.4671683, 51.1621046 ], [ 71.4691032, 51.1628099 ], [ 71.469362, 51.1628408 ], [ 71.4691517, 51.163356 ], [ 71.4688066, 51.1634667 ], [ 71.4684633, 51.1636248 ], [ 71.4685524, 51.163734 ], [ 71.469051238566195, 51.163784935051908 ] ] ], [ [ [ 71.4678368, 51.1624844 ], [ 71.4673431, 51.1626377 ], [ 71.4671768, 51.1628195 ], [ 71.4673463, 51.1630319 ], [ 71.467457150980096, 51.163043220257748 ], [ 71.467902950730675, 51.162900319838485 ], [ 71.468118050285995, 51.162696619640833 ], [ 71.467947649766302, 51.162495719809939 ], [ 71.4678368, 51.1624844 ] ] ], [ [ [ 71.4689541, 51.1630862 ], [ 71.4688394, 51.1631449 ], [ 71.4688922, 51.163187399999984 ], [ 71.468947625834772, 51.163193059403859 ], [ 71.469062325774132, 51.163132559350352 ], [ 71.469009525719542, 51.163091859376173 ], [ 71.4689541, 51.1630862 ] ] ], [ [ [ 71.4702445, 51.1634337 ], [ 71.4702842, 51.1634709 ], [ 71.4705872, 51.16358240000001 ], [ 71.470642626489862, 51.163588058590541 ], [ 71.470708726412383, 51.163517858560283 ], [ 71.47042402619492, 51.163362258698456 ], [ 71.470342, 51.1633555 ], [ 71.4702703, 51.1633668 ], [ 71.4702445, 51.1634337 ] ] ], [ [ [ 71.4675399, 51.163910199999989 ], [ 71.46826161970003, 51.163981918346636 ], [ 71.468317819692118, 51.163976418026891 ], [ 71.468414119281718, 51.163939517484707 ], [ 71.468468118453529, 51.163877417189269 ], [ 71.468474117948446, 51.163841917162394 ], [ 71.468442316927323, 51.163774017358058 ], [ 71.468360516118409, 51.163725217835278 ], [ 71.468307515866115, 51.163712418140541 ], [ 71.4675858, 51.1636407 ], [ 71.4675295, 51.163646199999988 ], [ 71.4674332, 51.1636831 ], [ 71.4673792, 51.1637452 ], [ 71.467382, 51.163816 ], [ 71.467405, 51.1638486 ], [ 71.4674408, 51.1638764 ], [ 71.4675399, 51.163910199999989 ] ] ], [ [ [ 71.471283827215601, 51.164134558275968 ], [ 71.4712284, 51.1641289 ], [ 71.4707295, 51.164271 ], [ 71.4707838, 51.164346 ], [ 71.470839227429778, 51.164351658483753 ], [ 71.471338127311739, 51.164209658248822 ], [ 71.471283827215601, 51.164134558275968 ] ] ], [ [ [ 71.4705924, 51.164309 ], [ 71.4704367, 51.1643665 ], [ 71.470498, 51.1644318 ], [ 71.47055342750275, 51.164437458618266 ], [ 71.470709227449916, 51.164379858545111 ], [ 71.470647827364942, 51.164314658575464 ], [ 71.4705924, 51.164309 ] ] ], [ [ [ 71.470086227527247, 51.164498958839495 ], [ 71.4700308, 51.1644933 ], [ 71.4695892, 51.1646405 ], [ 71.469688, 51.164757 ], [ 71.469743427808297, 51.164762658998043 ], [ 71.470185027677942, 51.164615458790458 ], [ 71.470086227527247, 51.164498958839495 ] ] ], [ [ [ 71.4695265, 51.1646784 ], [ 71.4690523, 51.1648315 ], [ 71.4691428, 51.1649418 ], [ 71.46919822797291, 51.164947459254272 ], [ 71.46967242783893, 51.164794359031291 ], [ 71.469581927696566, 51.164684059076251 ], [ 71.4695265, 51.1646784 ] ] ], [ [ [ 71.4706445, 51.1645341 ], [ 71.4704345, 51.16460330000001 ], [ 71.4708971, 51.1651557 ], [ 71.470952528416362, 51.165161358415808 ], [ 71.471162428355314, 51.165092158317137 ], [ 71.470699927641419, 51.164539758546788 ], [ 71.4706445, 51.1645341 ] ] ], [ [ [ 71.4702772, 51.1647936 ], [ 71.4694428, 51.1650501 ], [ 71.4696973, 51.1653756 ], [ 71.469752728553871, 51.165381258982912 ], [ 71.470587128333563, 51.165124758590323 ], [ 71.470332627914814, 51.164799258717068 ], [ 71.4702772, 51.1647936 ] ] ], [ [ [ 71.4688502, 51.165817 ], [ 71.4690764, 51.166098 ], [ 71.469575264675015, 51.166148932439562 ], [ 71.46977366418939, 51.166086631599626 ], [ 71.469597457749231, 51.165860886582031 ], [ 71.469816945697943, 51.165883294983026 ], [ 71.470085945316313, 51.165796194350591 ], [ 71.470602644096402, 51.165547993142752 ], [ 71.470468343068305, 51.165388993476071 ], [ 71.4701912, 51.1653607 ], [ 71.4695031, 51.165396800000011 ], [ 71.469289777718799, 51.165465951389152 ], [ 71.469092054147623, 51.165219734653625 ], [ 71.4685932, 51.165168799999982 ], [ 71.468474191422914, 51.165208040703128 ], [ 71.468553928138348, 51.165141659557463 ], [ 71.468444527967975, 51.165009759611806 ], [ 71.4683891, 51.165004099999983 ], [ 71.468104, 51.1650939 ], [ 71.4673512, 51.1654274 ], [ 71.4674319, 51.1655333 ], [ 71.467487328503438, 51.1655389600581 ], [ 71.468413628264059, 51.165258459622216 ], [ 71.46843827194246, 51.165237943740394 ], [ 71.4687169, 51.1655809 ], [ 71.469215758729987, 51.165631834059688 ], [ 71.469324770513325, 51.165594039194126 ], [ 71.469493553619671, 51.165798875462961 ], [ 71.469055, 51.1657541 ], [ 71.4688502, 51.165817 ] ] ], [ [ [ 71.471150329178442, 51.165777058311043 ], [ 71.471355729123658, 51.165713458214405 ], [ 71.471420528984638, 51.165592258185669 ], [ 71.47187902886229, 51.165450257969972 ], [ 71.471751028653031, 51.165287658033691 ], [ 71.4716956, 51.165282 ], [ 71.471237, 51.1654241 ], [ 71.4712734, 51.1654703 ], [ 71.4711074, 51.1654629 ], [ 71.470902, 51.1655265 ], [ 71.4710949, 51.1657714 ], [ 71.471150329178442, 51.165777058311043 ] ] ], [ [ [ 71.4681237, 51.1660917 ], [ 71.468179129248966, 51.166097359719274 ], [ 71.468864929041956, 51.165864959396984 ], [ 71.468779028912834, 51.165765259439574 ], [ 71.4687236, 51.1657596 ], [ 71.4685408, 51.1657922 ], [ 71.4680655, 51.1659533 ], [ 71.4680303, 51.1659834 ], [ 71.4681237, 51.1660917 ] ] ], [ [ [ 71.470783451184744, 51.166709792612004 ], [ 71.47034996345964, 51.166151188848211 ], [ 71.47112304658225, 51.165915191872841 ], [ 71.470957045206873, 51.165701292286322 ], [ 71.4706799, 51.165673 ], [ 71.4697242, 51.1659646 ], [ 71.4703238, 51.1667372 ], [ 71.470600951423251, 51.166765493041382 ], [ 71.470783451184744, 51.166709792612004 ] ] ], [ [ [ 71.469438788474378, 51.166586331035191 ], [ 71.469641629927423, 51.166532159015851 ], [ 71.469585229836966, 51.1664619590439 ], [ 71.4695298, 51.1664563 ], [ 71.469468945491954, 51.1664743517901 ], [ 71.469241617811349, 51.166188937007341 ], [ 71.4690199, 51.1661663 ], [ 71.4688461, 51.1662208 ], [ 71.468890017295806, 51.166275939869408 ], [ 71.4680357, 51.1661757 ], [ 71.4676352, 51.1663052 ], [ 71.4680675, 51.1668308 ], [ 71.4681787, 51.1668958 ], [ 71.468234130222726, 51.166901459679188 ], [ 71.468317430199178, 51.166874559640029 ], [ 71.469033140172172, 51.166455635139805 ], [ 71.4690766, 51.1665102 ], [ 71.469298319491259, 51.166532836875611 ], [ 71.469350282925106, 51.166516542167791 ], [ 71.469369453342892, 51.166538300764422 ], [ 71.469343, 51.1665356 ], [ 71.4691021, 51.1666203 ], [ 71.4691568, 51.16668150000001 ], [ 71.469212230068479, 51.166687159217496 ], [ 71.469453229992084, 51.166602459104283 ], [ 71.469438788474378, 51.166586331035191 ] ] ], [ [ [ 71.4709406, 51.1667085 ], [ 71.471051460592918, 51.166719816709971 ], [ 71.471682560215584, 51.166507516116731 ], [ 71.47156415985728, 51.1663691162342 ], [ 71.4714533, 51.1663578 ], [ 71.47131824237286, 51.166403233396089 ], [ 71.471194029766522, 51.166261758281841 ], [ 71.4711386, 51.1662561 ], [ 71.4707146, 51.1664025 ], [ 71.4708398, 51.166545 ], [ 71.470883541327808, 51.166549465208746 ], [ 71.4708222, 51.1665701 ], [ 71.4709406, 51.1667085 ] ] ], [ [ [ 71.469536, 51.1666698 ], [ 71.469330900000017, 51.1667341 ], [ 71.4695413, 51.1669979 ], [ 71.469596730490139, 51.167003559029048 ], [ 71.469801830434491, 51.166939258932572 ], [ 71.469591430094624, 51.166675459037251 ], [ 71.469536, 51.1666698 ] ] ], [ [ [ 71.4689665, 51.1666963 ], [ 71.4682209, 51.1669374 ], [ 71.4683095, 51.167045 ], [ 71.468364930416215, 51.167050659614361 ], [ 71.469110430205163, 51.166809659263819 ], [ 71.469021930066106, 51.16670195930778 ], [ 71.4689665, 51.1666963 ] ] ], [ [ [ 71.470801830664854, 51.167042558454931 ], [ 71.470912722882318, 51.166980552918901 ], [ 71.4709198, 51.1670305 ], [ 71.4711212, 51.1672851 ], [ 71.471305931042721, 51.167312058210406 ], [ 71.472652630681054, 51.16689305757685 ], [ 71.472274030065066, 51.166414657765294 ], [ 71.4722186, 51.166409 ], [ 71.4719064, 51.1665061 ], [ 71.471042780686048, 51.166874077885886 ], [ 71.471013330439774, 51.166836958357869 ], [ 71.4709579, 51.1668313 ], [ 71.4704579, 51.166987399999989 ], [ 71.4711982, 51.1679246 ], [ 71.471253631781394, 51.167930258224587 ], [ 71.471453431727568, 51.167867958130586 ], [ 71.470801830664854, 51.167042558454931 ] ] ], [ [ [ 71.4699148, 51.1671585 ], [ 71.4698195, 51.1671913 ], [ 71.4698531, 51.16723 ], [ 71.469908530802599, 51.167235658876663 ], [ 71.470006730774017, 51.167203258830497 ], [ 71.469970230723064, 51.16716415884855 ], [ 71.4699148, 51.1671585 ] ] ], [ [ [ 71.469081340614053, 51.167397826930028 ], [ 71.469130630921399, 51.167402859243936 ], [ 71.469350930862888, 51.167334859140276 ], [ 71.469253630703534, 51.167211059188723 ], [ 71.4691982, 51.167205399999986 ], [ 71.468978, 51.1672734 ], [ 71.46899096329409, 51.167289911342138 ], [ 71.4685253, 51.1674338 ], [ 71.4685967, 51.1675247 ], [ 71.468652131024143, 51.167530359469403 ], [ 71.469081340614053, 51.167397826930028 ] ] ], [ [ [ 71.4682312, 51.16767930000001 ], [ 71.46828663117148, 51.16768495964066 ], [ 71.468414331137467, 51.167645459580569 ], [ 71.468253230729502, 51.167320759662843 ], [ 71.468099830478124, 51.167125459739218 ], [ 71.4680444, 51.167119799999988 ], [ 71.4677638, 51.1672065 ], [ 71.4679172, 51.1674018 ], [ 71.4682312, 51.16767930000001 ] ] ], [ [ [ 71.469926, 51.1672335 ], [ 71.4696363, 51.1673316 ], [ 71.4699256, 51.1676676 ], [ 71.469981031337085, 51.16767325883459 ], [ 71.470270731249698, 51.167575158698433 ], [ 71.469981430814556, 51.167239158841916 ], [ 71.469926, 51.1672335 ] ] ], [ [ [ 71.4692029, 51.1677659 ], [ 71.46944803141227, 51.167782659086313 ], [ 71.469596031374877, 51.167738559016662 ], [ 71.469386831020671, 51.167462759120973 ], [ 71.4693314, 51.1674571 ], [ 71.4691834, 51.1675012 ], [ 71.4690978, 51.1676274 ], [ 71.4692029, 51.1677659 ] ] ], [ [ [ 71.470144731602545, 51.167879358753119 ], [ 71.470440131518529, 51.167783558614218 ], [ 71.470338331316213, 51.167624458665415 ], [ 71.4702829, 51.1676188 ], [ 71.4700999, 51.1676782 ], [ 71.469978, 51.1677389 ], [ 71.4700893, 51.1678737 ], [ 71.470144731602545, 51.167879358753119 ] ] ], [ [ [ 71.469066331750881, 51.168097559262506 ], [ 71.469247331702292, 51.168041259177336 ], [ 71.46909073144721, 51.167843159255284 ], [ 71.468927231232669, 51.167679359335935 ], [ 71.4688718, 51.167673700000016 ], [ 71.4686712, 51.1677361 ], [ 71.4688109, 51.1679128 ], [ 71.4690109, 51.1680919 ], [ 71.469066331750881, 51.168097559262506 ] ] ], [ [ [ 71.470040931644164, 51.167923058801755 ], [ 71.469936931470485, 51.167787958853587 ], [ 71.4698815, 51.1677823 ], [ 71.4694115, 51.1679243 ], [ 71.469645, 51.168228 ], [ 71.469700431981963, 51.1682336589584 ], [ 71.470114131875334, 51.168108658763721 ], [ 71.470040931644164, 51.167923058801755 ] ] ], [ [ [ 71.4703266, 51.1680111 ], [ 71.4701361, 51.1680618 ], [ 71.4702428, 51.1682194 ], [ 71.470298232034992, 51.168225058674096 ], [ 71.470488731994152, 51.168174358584324 ], [ 71.470382031793136, 51.168016758637826 ], [ 71.4703266, 51.1680111 ] ] ], [ [ [ 71.467942, 51.168102899999987 ], [ 71.4677185, 51.1681956 ], [ 71.4681906, 51.168643 ], [ 71.468246032327343, 51.168648659643296 ], [ 71.468469532239453, 51.168555959538558 ], [ 71.467997431650758, 51.168108559770921 ], [ 71.467942, 51.168102899999987 ] ] ], [ [ [ 71.470993432160839, 51.168268358342537 ], [ 71.470938, 51.1682627 ], [ 71.470849500000014, 51.1682929 ], [ 71.4709085, 51.1683653 ], [ 71.470963932281222, 51.168370958354785 ], [ 71.471052432258219, 51.16834405831316 ], [ 71.470993432160839, 51.168268358342537 ] ] ], [ [ [ 71.469569231894383, 51.168172459021896 ], [ 71.4695138, 51.1681668 ], [ 71.4692079, 51.1682609 ], [ 71.4694923, 51.168624199999989 ], [ 71.469547732442763, 51.1686298590242 ], [ 71.469853532361896, 51.168535758880324 ], [ 71.469569231894383, 51.168172459021896 ] ] ], [ [ [ 71.470279732118385, 51.168295958681675 ], [ 71.470226432023779, 51.168222058708324 ], [ 71.470171, 51.1682164 ], [ 71.4697941, 51.1683234 ], [ 71.4699459, 51.1685336 ], [ 71.470001332381784, 51.168539258809929 ], [ 71.470238832325805, 51.168471858698091 ], [ 71.470279732118385, 51.168295958681675 ] ] ], [ [ [ 71.4707771, 51.1683367 ], [ 71.4706644, 51.168377 ], [ 71.470753, 51.168476299999988 ], [ 71.470808432398371, 51.16848195842686 ], [ 71.470921032363705, 51.168443258373976 ], [ 71.470832532232876, 51.168342358417831 ], [ 71.4707771, 51.1683367 ] ] ], [ [ [ 71.4705999, 51.1683924 ], [ 71.4701861, 51.1685265 ], [ 71.4702789, 51.1686391 ], [ 71.470334332544098, 51.168644758649648 ], [ 71.470748132426536, 51.16851065845507 ], [ 71.47065533228114, 51.168398058501197 ], [ 71.4705999, 51.1683924 ] ] ], [ [ [ 71.47014163240749, 51.16854825874303 ], [ 71.4700862, 51.1685426 ], [ 71.469918800000016, 51.16860830000001 ], [ 71.4700745, 51.1687642 ], [ 71.470129932673032, 51.168769858744746 ], [ 71.470297332611693, 51.168704158666216 ], [ 71.47014163240749, 51.16854825874303 ] ] ], [ [ [ 71.4709635, 51.168687 ], [ 71.4707226, 51.1687665 ], [ 71.4711976, 51.1693323 ], [ 71.471252274880541, 51.169337880769376 ], [ 71.4711837, 51.1693603 ], [ 71.4712881, 51.1694859 ], [ 71.471398967353863, 51.169497216283027 ], [ 71.471794767125957, 51.169367715910823 ], [ 71.471690366801639, 51.169242216014538 ], [ 71.4715795, 51.1692309 ], [ 71.471354184153554, 51.169304563390412 ], [ 71.471493833405873, 51.169258458087263 ], [ 71.471018932674355, 51.168692658323053 ], [ 71.4709635, 51.168687 ] ] ], [ [ [ 71.4707507, 51.1693853 ], [ 71.4701912, 51.1695562 ], [ 71.470349, 51.1697592 ], [ 71.470404433900072, 51.169764858596885 ], [ 71.470963933753623, 51.169593958333607 ], [ 71.470806133492488, 51.169390958412215 ], [ 71.4707507, 51.1693853 ] ] ], [ [ [ 71.4710694, 51.1696804 ], [ 71.4709192, 51.1697208 ], [ 71.4709675, 51.1698083 ], [ 71.471022934024774, 51.169813958301724 ], [ 71.471178533988521, 51.169770158228431 ], [ 71.471124833881575, 51.169686058255451 ], [ 71.4710694, 51.1696804 ] ] ], [ [ [ 71.471724, 51.1696493 ], [ 71.4708129, 51.1699262 ], [ 71.4709454, 51.1700975 ], [ 71.471000834370628, 51.170103158307221 ], [ 71.471911934133828, 51.169826257878483 ], [ 71.471779433913525, 51.169654957944502 ], [ 71.471724, 51.1696493 ] ] ], [ [ [ 71.4705389, 51.170119899999989 ], [ 71.4702575, 51.170208199999983 ], [ 71.4707341, 51.1708059 ], [ 71.470789535201163, 51.170811558395528 ], [ 71.471070935124658, 51.170723258263138 ], [ 71.470594334354473, 51.170125558500274 ], [ 71.4705389, 51.170119899999989 ] ] ], [ [ [ 71.4697664, 51.1703652 ], [ 71.4694747, 51.170456 ], [ 71.4699513, 51.1710579 ], [ 71.470006735421592, 51.171063558763663 ], [ 71.470298435343054, 51.170972658626418 ], [ 71.469821834567924, 51.170370858863627 ], [ 71.4697664, 51.1703652 ] ] ], [ [ [ 71.468221512640255, 51.171261870825553 ], [ 71.4682854, 51.1713028 ], [ 71.468561735614358, 51.171350959446308 ], [ 71.468677835418632, 51.171178159394053 ], [ 71.4681831, 51.1710879 ], [ 71.4682091988862, 51.171243840887698 ], [ 71.468044535288954, 51.171126259696315 ], [ 71.4679891, 51.1711206 ], [ 71.4677589, 51.1711824 ], [ 71.4680376, 51.1715235 ], [ 71.4682488357913, 51.171525459592175 ], [ 71.468377835763192, 51.171490759531387 ], [ 71.468221512640255, 51.171261870825553 ] ] ], [ [ [ 71.4692733, 51.1713442 ], [ 71.4691991, 51.171570199999984 ], [ 71.469925136134052, 51.171662458792113 ], [ 71.469999335869673, 51.171436358760708 ], [ 71.4692733, 51.1713442 ] ] ], [ [ [ 71.468963935653193, 51.171347759254964 ], [ 71.4689085, 51.171342099999983 ], [ 71.46859950000001, 51.1716513 ], [ 71.4687866, 51.1717248 ], [ 71.468842036101066, 51.171730459306346 ], [ 71.469151035761527, 51.171421259164667 ], [ 71.468963935653193, 51.171347759254964 ] ] ], [ [ [ 71.4681313, 51.1715466 ], [ 71.4678802, 51.1716212 ], [ 71.4679393, 51.1716994 ], [ 71.467994735980596, 51.17170505971 ], [ 71.468245835917529, 51.171630559591783 ], [ 71.468186735816985, 51.171552259621265 ], [ 71.4681313, 51.1715466 ] ] ], [ [ [ 71.4712616, 51.1715984 ], [ 71.470515, 51.171857099999983 ], [ 71.4706635, 51.1720257 ], [ 71.470718936662422, 51.172031358407992 ], [ 71.471465636430082, 51.171772658057144 ], [ 71.471317036211332, 51.171604058130768 ], [ 71.4712616, 51.1715984 ] ] ], [ [ [ 71.468640336161783, 51.171798659401162 ], [ 71.4685849, 51.171793 ], [ 71.4684314, 51.1718475 ], [ 71.4685431, 51.1719712 ], [ 71.468598536371928, 51.171976859417967 ], [ 71.468752136322593, 51.171922359345807 ], [ 71.468640336161783, 51.171798659401162 ] ] ], [ [ [ 71.4686541, 51.1720248 ], [ 71.4685133, 51.1720668 ], [ 71.4685777, 51.172144199999984 ], [ 71.468633136583918, 51.172149859398495 ], [ 71.468767236549482, 51.172109459335402 ], [ 71.468709536448245, 51.172030459364223 ], [ 71.4686541, 51.1720248 ] ] ], [ [ [ 71.4686233, 51.1721829 ], [ 71.4684892, 51.1722165 ], [ 71.4685374, 51.1722871 ], [ 71.468592836751711, 51.172292759415207 ], [ 71.468727036725483, 51.172259159351917 ], [ 71.468678736635354, 51.172188559376131 ], [ 71.4686233, 51.1721829 ] ] ], [ [ [ 71.469959136722267, 51.172147958767532 ], [ 71.4699037, 51.1721423 ], [ 71.4688835, 51.1725864 ], [ 71.4690176, 51.1727075 ], [ 71.469073037308874, 51.172713159179423 ], [ 71.470093236882178, 51.172268958701615 ], [ 71.469959136722267, 51.172147958767532 ] ] ], [ [ [ 71.471576, 51.1725008 ], [ 71.4705886, 51.1730121 ], [ 71.470761, 51.1731429 ], [ 71.470816438018076, 51.173148558342234 ], [ 71.471803837507181, 51.1726373578812 ], [ 71.471631437331283, 51.172506457965511 ], [ 71.471576, 51.1725008 ] ] ], [ [ [ 71.4704314, 51.1729289 ], [ 71.4694294, 51.1734432 ], [ 71.4696326, 51.1735989 ], [ 71.469688038447543, 51.173604558871332 ], [ 71.470690137934355, 51.173090158403348 ], [ 71.470486837725431, 51.172934558502796 ], [ 71.4704314, 51.1729289 ] ] ], [ [ [ 71.471528238039838, 51.173103958004283 ], [ 71.4714728, 51.1730983 ], [ 71.4711044, 51.173243 ], [ 71.471238, 51.173376699999984 ], [ 71.471293438350216, 51.173382358111198 ], [ 71.471661838214885, 51.173237557938393 ], [ 71.471528238039838, 51.173103958004283 ] ] ], [ [ [ 71.4709669, 51.1731968 ], [ 71.4704118, 51.1733909 ], [ 71.4705078, 51.1734988 ], [ 71.470563238419814, 51.17350445845657 ], [ 71.471118338245077, 51.173310458195751 ], [ 71.471022338104817, 51.173202458243324 ], [ 71.4709669, 51.1731968 ] ] ], [ [ [ 71.4704932, 51.1770383 ], [ 71.4696402, 51.1773409 ], [ 71.4697444, 51.1774564 ], [ 71.469799843105278, 51.177462058751331 ], [ 71.470652842831171, 51.177159358350629 ], [ 71.470548642681123, 51.177043958402216 ], [ 71.4704932, 51.1770383 ] ] ], [ [ [ 71.471642843070697, 51.177271057877554 ], [ 71.4715874, 51.1772654 ], [ 71.4715186, 51.1773046 ], [ 71.4716321, 51.1773829 ], [ 71.471687543216973, 51.177388557854243 ], [ 71.471756343177063, 51.17734935782218 ], [ 71.471642843070697, 51.177271057877554 ] ] ], [ [ [ 71.4711046, 51.1773203 ], [ 71.4709426, 51.1774142 ], [ 71.4712252, 51.1776059 ], [ 71.471280643442441, 51.177611558044035 ], [ 71.471442643346492, 51.177517657968558 ], [ 71.471160043085646, 51.177325958106366 ], [ 71.4711046, 51.1773203 ] ] ], [ [ [ 71.470988643352683, 51.177562758183846 ], [ 71.470934443276221, 51.177504058210637 ], [ 71.470879, 51.1774984 ], [ 71.4708227, 51.177518599999985 ], [ 71.4709836, 51.1776951 ], [ 71.471039043524257, 51.177700758157464 ], [ 71.471228543462672, 51.177632958068457 ], [ 71.471189443406757, 51.177589958087793 ], [ 71.470988643352683, 51.177562758183846 ] ] ], [ [ [ 71.470481143064092, 51.177367858428738 ], [ 71.4704257, 51.1773622 ], [ 71.4697766, 51.1776009 ], [ 71.4700019, 51.17782960000001 ], [ 71.470057343582141, 51.177835258622338 ], [ 71.470701143370974, 51.177603258319955 ], [ 71.470481143064092, 51.177367858428738 ] ] ], [ [ [ 71.469747643845224, 51.178080958765477 ], [ 71.469442043331867, 51.177681658917813 ], [ 71.4693866, 51.177676 ], [ 71.4686463, 51.1779282 ], [ 71.4689681, 51.1783174 ], [ 71.46902354406005, 51.178323059105878 ], [ 71.469747643845224, 51.178080958765477 ] ] ], [ [ [ 71.4718111, 51.1780837 ], [ 71.4717052, 51.1781377 ], [ 71.471779400000017, 51.1781949 ], [ 71.47183484421069, 51.178200557770076 ], [ 71.471940744156981, 51.178146657720596 ], [ 71.471866544080086, 51.178089357756924 ], [ 71.4718111, 51.1780837 ] ] ], [ [ [ 71.471178244286563, 51.17832135808046 ], [ 71.471277569295495, 51.178262945653351 ], [ 71.4713401, 51.1783047 ], [ 71.471395544296371, 51.178310357977246 ], [ 71.471609644167401, 51.178184457877514 ], [ 71.471462044032975, 51.178085857949469 ], [ 71.4714066, 51.1780802 ], [ 71.471217604834422, 51.178191389266857 ], [ 71.471181244101018, 51.178167058081698 ], [ 71.4711258, 51.1781614 ], [ 71.4710015, 51.1782345 ], [ 71.4711228, 51.1783157 ], [ 71.471178244286563, 51.17832135808046 ] ] ], [ [ [ 71.4716622, 51.1782713 ], [ 71.4715941, 51.1783197 ], [ 71.4717243, 51.1783916 ], [ 71.47177974444179, 51.178397257792888 ], [ 71.471847844390695, 51.178348857761314 ], [ 71.47171764429028, 51.178276957824522 ], [ 71.4716622, 51.1782713 ] ] ], [ [ [ 71.471618444394693, 51.178372357870089 ], [ 71.471563, 51.1783667 ], [ 71.4714718, 51.17843 ], [ 71.4716113, 51.178509 ], [ 71.471666744571223, 51.17851465784463 ], [ 71.471757944504631, 51.178451357802331 ], [ 71.471618444394693, 51.178372357870089 ] ] ], [ [ [ 71.4698603, 51.1434808 ], [ 71.470564602490811, 51.143643458973187 ], [ 71.471187701602162, 51.142849358690555 ], [ 71.4704787, 51.1426638 ], [ 71.4698603, 51.1434808 ] ] ], [ [ [ 71.4716369, 51.1436675 ], [ 71.471747705304566, 51.14367881684602 ], [ 71.472077404295078, 51.143229916547938 ], [ 71.47127870357123, 51.142999217315783 ], [ 71.4711679, 51.1429879 ], [ 71.4710563, 51.1431398 ], [ 71.4709345, 51.1434646 ], [ 71.4716369, 51.1436675 ] ] ], [ [ [ 71.4724849, 51.1432474 ], [ 71.4720798, 51.1438255 ], [ 71.4722688, 51.1438776 ], [ 71.472545814953889, 51.143905890395523 ], [ 71.472950911693417, 51.143327789482129 ], [ 71.472761911280202, 51.143275689936182 ], [ 71.4724849, 51.1432474 ] ] ], [ [ [ 71.4704508, 51.1448263 ], [ 71.470949435677412, 51.144877229871021 ], [ 71.471288530751735, 51.144392128494935 ], [ 71.471120915104166, 51.144347400348991 ], [ 71.471198913034868, 51.144242134803022 ], [ 71.46994622398104, 51.143884634320727 ], [ 71.4694476, 51.1438337 ], [ 71.4693604, 51.1439543 ], [ 71.4702974, 51.1442209 ], [ 71.470622891430082, 51.144254146378977 ], [ 71.470846476071287, 51.14431936989746 ], [ 71.4706304, 51.1442973 ], [ 71.4702913, 51.1447824 ], [ 71.4704508, 51.1448263 ] ] ], [ [ [ 71.4715747, 51.1442191 ], [ 71.471564, 51.144233599999986 ], [ 71.4715895, 51.144241 ], [ 71.471644903330386, 51.144246658448864 ], [ 71.47165560331409, 51.144232158444012 ], [ 71.4715747, 51.1442191 ] ] ], [ [ [ 71.470026, 51.1443923 ], [ 71.4698805, 51.1445937 ], [ 71.470135903663007, 51.144656259159568 ], [ 71.470281403436289, 51.144454859093841 ], [ 71.470026, 51.1443923 ] ] ], [ [ [ 71.471898, 51.14442660000001 ], [ 71.471790098922924, 51.144466139689946 ], [ 71.471820414036799, 51.144395733609819 ], [ 71.47167371377364, 51.144353933891836 ], [ 71.4714521, 51.1443313 ], [ 71.4711388, 51.144801 ], [ 71.4713029, 51.1448478 ], [ 71.471524516194293, 51.144870434139925 ], [ 71.471640365234094, 51.144710556689112 ], [ 71.471865800000018, 51.144776 ], [ 71.471976608018394, 51.144787316589827 ], [ 71.472202007929297, 51.14473041637735 ], [ 71.472324407556087, 51.144564416266654 ], [ 71.472276107428257, 51.1445155163143 ], [ 71.472008807185048, 51.144437916571306 ], [ 71.471898, 51.14442660000001 ] ] ], [ [ [ 71.472250323979111, 51.145433290965926 ], [ 71.472518821924069, 51.145067790358993 ], [ 71.472416438285663, 51.14503820157276 ], [ 71.472647421956083, 51.145061790053624 ], [ 71.472897319846737, 51.14468888949159 ], [ 71.472713819458633, 51.144640489932236 ], [ 71.4724368, 51.1446122 ], [ 71.4721869, 51.1449851 ], [ 71.472307948022888, 51.145017027697001 ], [ 71.4720854, 51.1449943 ], [ 71.471817, 51.1453598 ], [ 71.4719733, 51.145405 ], [ 71.472250323979111, 51.145433290965926 ] ] ], [ [ [ 71.471003704052976, 51.144904158742463 ], [ 71.4708697, 51.1448753 ], [ 71.4708316, 51.1449262 ], [ 71.470965604110134, 51.144955058759706 ], [ 71.471003704052976, 51.144904158742463 ] ] ], [ [ [ 71.4715774, 51.144931 ], [ 71.4714944, 51.1450358 ], [ 71.471673404335263, 51.145079958420844 ], [ 71.471756404218041, 51.144975158383183 ], [ 71.4715774, 51.144931 ] ] ], [ [ [ 71.47143580948628, 51.145445417081511 ], [ 71.471519709259269, 51.145343617005224 ], [ 71.471516909014127, 51.145241917011404 ], [ 71.471469408704706, 51.145117417060916 ], [ 71.471105608401132, 51.145023217410298 ], [ 71.4709948, 51.1450119 ], [ 71.4707948, 51.1452837 ], [ 71.471325, 51.1454341 ], [ 71.47143580948628, 51.145445417081511 ] ] ], [ [ [ 71.4707877, 51.1455579 ], [ 71.470898509670164, 51.145569217588395 ], [ 71.471026509294759, 51.145401817472433 ], [ 71.470849809129632, 51.145348717642385 ], [ 71.470739, 51.14533740000001 ], [ 71.4706496, 51.1453881 ], [ 71.4706045, 51.1454472 ], [ 71.4706112, 51.1455048 ], [ 71.4707877, 51.1455579 ] ] ], [ [ [ 71.4718786, 51.1454286 ], [ 71.4716216, 51.14579 ], [ 71.4717944, 51.1458383 ], [ 71.472071426489222, 51.145866591353879 ], [ 71.472328324452647, 51.145505190774166 ], [ 71.472155624070851, 51.145456891189127 ], [ 71.4718786, 51.1454286 ] ] ], [ [ [ 71.4706517, 51.1456677 ], [ 71.4705696, 51.1457874 ], [ 71.4714601, 51.1460277 ], [ 71.471660263007408, 51.146048142225446 ], [ 71.471669700000021, 51.1460748 ], [ 71.4718632, 51.1461317 ], [ 71.472306445415256, 51.146176965546225 ], [ 71.472451043675562, 51.145983365022794 ], [ 71.472261942980552, 51.145927765750152 ], [ 71.471887031519685, 51.14588947840452 ], [ 71.47131656019269, 51.145735604696725 ], [ 71.4706517, 51.1456677 ] ] ], [ [ [ 71.4700748, 51.1466436 ], [ 71.4699967, 51.1467924 ], [ 71.470573806452393, 51.146937658911725 ], [ 71.470778606143909, 51.146663058819065 ], [ 71.470456705969497, 51.146546358974206 ], [ 71.4702151, 51.1464869 ], [ 71.4700748, 51.1466436 ] ] ], [ [ [ 71.4709961, 51.1475609 ], [ 71.471328543745329, 51.147594851644648 ], [ 71.471434542680711, 51.147437951358427 ], [ 71.471168250842283, 51.147367146481685 ], [ 71.471194807037861, 51.147369858608819 ], [ 71.47143690662692, 51.147006758499955 ], [ 71.4710157, 51.1469068 ], [ 71.4707787, 51.1472707 ], [ 71.471074338011391, 51.147347334860484 ], [ 71.4707734, 51.1473166 ], [ 71.4706674, 51.1474735 ], [ 71.4709961, 51.1475609 ] ] ], [ [ [ 71.470860322227594, 51.147718676365059 ], [ 71.470678621978649, 51.14766567662712 ], [ 71.4705124, 51.1476487 ], [ 71.470413916401696, 51.147781567157629 ], [ 71.4703557, 51.147775299999985 ], [ 71.4697817, 51.1485643 ], [ 71.470077808445737, 51.148639059118203 ], [ 71.470703507735195, 51.147993058831737 ], [ 71.470762707583575, 51.147861758805853 ], [ 71.470744221975266, 51.147856879375524 ], [ 71.470860322227594, 51.147718676365059 ] ] ], [ [ [ 71.470468208261735, 51.14845165893572 ], [ 71.4703776, 51.1484353 ], [ 71.4703601, 51.1484579 ], [ 71.470450708287061, 51.148474258943665 ], [ 71.470468208261735, 51.14845165893572 ] ] ], [ [ [ 71.4703465, 51.1484747 ], [ 71.470329, 51.1484973 ], [ 71.470346521306908, 51.148502626081047 ], [ 71.4703161, 51.1485199 ], [ 71.470398808353238, 51.148533858967319 ], [ 71.470437108305831, 51.148491058949844 ], [ 71.4703465, 51.1484747 ] ] ], [ [ [ 71.471142008662255, 51.148725358610463 ], [ 71.471330508337445, 51.148438658525755 ], [ 71.4711002, 51.1483877 ], [ 71.4709117, 51.1486744 ], [ 71.471142008662255, 51.148725358610463 ] ] ], [ [ [ 71.474018828672399, 51.149226971778923 ], [ 71.474197328205975, 51.1490819715317 ], [ 71.474258827898652, 51.148991371448638 ], [ 71.474319427170386, 51.148784171372959 ], [ 71.473219222214496, 51.148490099130974 ], [ 71.473249325780642, 51.148493172915309 ], [ 71.47347951157009, 51.148373028130344 ], [ 71.4736079, 51.1485253 ], [ 71.4745872, 51.148787 ], [ 71.474808836531551, 51.148809627617119 ], [ 71.475086234685023, 51.14840132711759 ], [ 71.475390630466634, 51.147497526601121 ], [ 71.474723729326655, 51.147319227882512 ], [ 71.4745021, 51.1472966 ], [ 71.474059432550632, 51.147601610828879 ], [ 71.472633320999165, 51.147221973860582 ], [ 71.4724671, 51.147205 ], [ 71.4721192, 51.1477193 ], [ 71.472853224061296, 51.14839240265372 ], [ 71.471991124187184, 51.148162274728179 ], [ 71.4718249, 51.1481453 ], [ 71.4715243, 51.1485881 ], [ 71.4738526, 51.14921 ], [ 71.474018828672399, 51.149226971778923 ] ] ], [ [ [ 71.4723335, 51.1488403 ], [ 71.472306, 51.1488821 ], [ 71.472522909054064, 51.148929557949977 ], [ 71.472550409006715, 51.148887757937622 ], [ 71.4723335, 51.1488403 ] ] ], [ [ [ 71.4711291, 51.1488798 ], [ 71.4711006, 51.1489231 ], [ 71.471225108937176, 51.148946658567084 ], [ 71.471253608888119, 51.148903358554264 ], [ 71.4711291, 51.1488798 ] ] ], [ [ [ 71.4728384, 51.1489707 ], [ 71.4728109, 51.1490125 ], [ 71.47300490925484, 51.149054057718516 ], [ 71.473032409207477, 51.149012257706168 ], [ 71.4728384, 51.1489707 ] ] ], [ [ [ 71.4710513, 51.1493065 ], [ 71.4710406, 51.1493213 ], [ 71.4710667, 51.1493287 ], [ 71.471122109392496, 51.149334358609359 ], [ 71.471132909375967, 51.149319658604462 ], [ 71.4710513, 51.1493065 ] ] ], [ [ [ 71.47169754933725, 51.149699691910968 ], [ 71.471784648649788, 51.14957769171437 ], [ 71.471074047179073, 51.149395693420381 ], [ 71.470797, 51.1493674 ], [ 71.4706174, 51.149619 ], [ 71.4707303, 51.1496507 ], [ 71.471007348847209, 51.149678993554495 ], [ 71.47169754933725, 51.149699691910968 ] ] ], [ [ [ 71.4717577, 51.1496978 ], [ 71.4718177, 51.1497149 ], [ 71.4718058, 51.149731399999986 ], [ 71.4727938, 51.1500124 ], [ 71.473010459428735, 51.150034522233241 ], [ 71.472965, 51.1500398 ], [ 71.4728043, 51.1502714 ], [ 71.472922010737292, 51.15029405773646 ], [ 71.473165810777047, 51.150305657620287 ], [ 71.473434510799137, 51.150300357492547 ], [ 71.473561310592842, 51.150117657435388 ], [ 71.473214210442194, 51.150022957602154 ], [ 71.473081254846363, 51.150026302961351 ], [ 71.473163051397108, 51.149913188406558 ], [ 71.473116337771174, 51.149899898127678 ], [ 71.473142610242917, 51.14986355763898 ], [ 71.471943909705885, 51.14952255821516 ], [ 71.4718885, 51.1495169 ], [ 71.4717577, 51.1496978 ] ] ], [ [ [ 71.470212254308706, 51.150657295361 ], [ 71.470793452057933, 51.150231794015362 ], [ 71.471111149551604, 51.149786993298228 ], [ 71.470882349043777, 51.149722693848034 ], [ 71.4706053, 51.1496944 ], [ 71.4700985, 51.1501283 ], [ 71.4697803, 51.1505867 ], [ 71.4699352, 51.150629 ], [ 71.470212254308706, 51.150657295361 ] ] ], [ [ [ 71.4711077, 51.1508701 ], [ 71.471453811380243, 51.150957958423426 ], [ 71.471701010992817, 51.150614058311788 ], [ 71.471677810773045, 51.150433358325962 ], [ 71.4709613, 51.1502458 ], [ 71.4708882, 51.1503503 ], [ 71.4711077, 51.1508701 ] ] ], [ [ [ 71.4726073, 51.1506457 ], [ 71.4725255, 51.1507659 ], [ 71.473148111517943, 51.150923257617983 ], [ 71.473229811382041, 51.150803057581207 ], [ 71.4726073, 51.1506457 ] ] ], [ [ [ 71.4723084, 51.150288 ], [ 71.4715309, 51.151354399999988 ], [ 71.4717032, 51.1514038 ], [ 71.471758611955536, 51.151409458270585 ], [ 71.472536110755343, 51.150343057919187 ], [ 71.4723084, 51.150288 ] ] ], [ [ [ 71.472414011548821, 51.151013557965662 ], [ 71.4722087, 51.1509682 ], [ 71.4721755, 51.1510175 ], [ 71.472380911604603, 51.151062857980541 ], [ 71.472414011548821, 51.151013557965662 ] ] ], [ [ [ 71.472015, 51.151162199999987 ], [ 71.4719332, 51.1512824 ], [ 71.472841712210254, 51.151525857753299 ], [ 71.472851512193742, 51.151511257748886 ], [ 71.472810667540415, 51.151503996723491 ], [ 71.472890112048688, 51.151387257732686 ], [ 71.472015, 51.151162199999987 ] ] ], [ [ [ 71.4706334, 51.1513855 ], [ 71.4705138, 51.151408699999983 ], [ 71.4705209, 51.1517325 ], [ 71.4706954, 51.1519421 ], [ 71.470976725038597, 51.151952317292782 ], [ 71.471494524635688, 51.151739216807485 ], [ 71.471492724371416, 51.15162951681301 ], [ 71.471313623789825, 51.151403516991245 ], [ 71.4706334, 51.1513855 ] ] ], [ [ [ 71.4721777, 51.1517942 ], [ 71.4718394, 51.1522883 ], [ 71.4720153, 51.1523356 ], [ 71.472292365673397, 51.152363890265192 ], [ 71.47263066288113, 51.151869789503323 ], [ 71.472454762503517, 51.151822489925834 ], [ 71.4721777, 51.1517942 ] ] ], [ [ [ 71.4723188, 51.1526564 ], [ 71.4722144, 51.1527935 ], [ 71.4731892, 51.1530856 ], [ 71.473355442445367, 51.153102572524041 ], [ 71.473459841983825, 51.152965472382185 ], [ 71.472485040620029, 51.152673373788645 ], [ 71.4723188, 51.1526564 ] ] ], [ [ [ 71.472778114135934, 51.153132457755703 ], [ 71.472566, 51.1530818 ], [ 71.4725373, 51.1531211 ], [ 71.472749414180285, 51.153171857768676 ], [ 71.472778114135934, 51.153132457755703 ] ] ], [ [ [ 71.4708296, 51.1530611 ], [ 71.4707441, 51.1531247 ], [ 71.4707135, 51.153214599999984 ], [ 71.471090600000011, 51.1535885 ], [ 71.471256843593224, 51.15360547549313 ], [ 71.47196164366639, 51.153563674489384 ], [ 71.472085443134858, 51.153405474320891 ], [ 71.471952141764902, 51.153037574530281 ], [ 71.471537141176896, 51.152911175129177 ], [ 71.4713709, 51.1528942 ], [ 71.4708296, 51.1530611 ] ] ], [ [ [ 71.4724877, 51.1531942 ], [ 71.4716734, 51.154308 ], [ 71.4718382, 51.1543556 ], [ 71.471893615520344, 51.154361258155205 ], [ 71.472707914266707, 51.153247357787109 ], [ 71.4724877, 51.1531942 ] ] ], [ [ [ 71.4735555, 51.1538365 ], [ 71.473832575515829, 51.153864786471296 ], [ 71.473904574923637, 51.153759986309105 ], [ 71.473369473769978, 51.15361528759454 ], [ 71.4730924, 51.153587 ], [ 71.473051165607515, 51.153646935767107 ], [ 71.4727703, 51.1536177 ], [ 71.4725544, 51.1539578 ], [ 71.4727301, 51.1540017 ], [ 71.473007176072329, 51.154029988420412 ], [ 71.473192334063683, 51.153738312568557 ], [ 71.4735555, 51.1538365 ] ] ], [ [ [ 71.4733973, 51.1546922 ], [ 71.473597, 51.1547463 ], [ 71.473818664782598, 51.154768929087865 ], [ 71.473887264642769, 51.154733828959756 ], [ 71.474107763227195, 51.154420228561897 ], [ 71.473866662810849, 51.15435492902526 ], [ 71.473645, 51.1543323 ], [ 71.473505217836149, 51.15453539964831 ], [ 71.472651178031597, 51.154387089236295 ], [ 71.4723741, 51.1543588 ], [ 71.472322300000016, 51.1544363 ], [ 71.4731766, 51.154657899999982 ], [ 71.47340486797097, 51.154681204074215 ], [ 71.4733973, 51.1546922 ] ] ], [ [ [ 71.473158916993526, 51.15547445753392 ], [ 71.473184149143748, 51.15543947653866 ], [ 71.473400534036756, 51.155479114864242 ], [ 71.47341698441052, 51.155454958981792 ], [ 71.473633052965113, 51.155477016727367 ], [ 71.473721151650238, 51.155347816370302 ], [ 71.473525637840098, 51.155295410595706 ], [ 71.473538233579461, 51.15527691474022 ], [ 71.473382933446459, 51.155235314889431 ], [ 71.472674819620963, 51.155139997590673 ], [ 71.472836765055177, 51.154912030946548 ], [ 71.472807176591601, 51.154903760070795 ], [ 71.472836116223718, 51.154862957698107 ], [ 71.4726019, 51.1548073 ], [ 71.472576651083727, 51.154842818722535 ], [ 71.4723747, 51.1548222 ], [ 71.472240693352788, 51.155010908187947 ], [ 71.471749280486051, 51.1548745913395 ], [ 71.471590235312291, 51.154858352095935 ], [ 71.471608080158632, 51.154832591679025 ], [ 71.470120976932421, 51.154427195251635 ], [ 71.4698439, 51.1543989 ], [ 71.469781, 51.1544896 ], [ 71.4712681, 51.1548951 ], [ 71.471426329101618, 51.154911256352257 ], [ 71.4713888, 51.1549644 ], [ 71.4720212, 51.1551399 ], [ 71.472140446263879, 51.155152075077147 ], [ 71.4721111, 51.1551934 ], [ 71.4723514, 51.1552606 ], [ 71.472494074967045, 51.155275166682046 ], [ 71.4724812, 51.1552931 ], [ 71.473158916993526, 51.15547445753392 ] ] ], [ [ [ 71.473063489220692, 51.156210988097385 ], [ 71.472704088426397, 51.156110588961056 ], [ 71.470392, 51.1559145 ], [ 71.4699446, 51.1565151 ], [ 71.4709899, 51.1568072 ], [ 71.472206, 51.1571062 ], [ 71.472483094468529, 51.157134489398018 ], [ 71.473035591422558, 51.156579488131818 ], [ 71.473171890341007, 51.156387687824207 ], [ 71.473063489220692, 51.156210988097385 ] ] ], [ [ [ 71.4725657, 51.1572219 ], [ 71.4724857, 51.1573354 ], [ 71.473274700000019, 51.1575559 ], [ 71.473551797739859, 51.15758418681672 ], [ 71.473631797121683, 51.157474386635933 ], [ 71.472842795355078, 51.157250188532295 ], [ 71.4725657, 51.1572219 ] ] ], [ [ [ 71.470861102779764, 51.15865889312451 ], [ 71.471831987922727, 51.158306914272337 ], [ 71.4719623, 51.158452199999985 ], [ 71.472067234213483, 51.158462912994736 ], [ 71.4719744, 51.1584944 ], [ 71.4718092, 51.158879 ], [ 71.4719177, 51.1590047 ], [ 71.472416490554934, 51.159055621378357 ], [ 71.472939306624369, 51.158878092813865 ], [ 71.472964077486267, 51.158895828740917 ], [ 71.4726131, 51.1590176 ], [ 71.472653920513807, 51.159063853371649 ], [ 71.4725574, 51.159054 ], [ 71.4714733, 51.1594369 ], [ 71.471482210535598, 51.159446822482103 ], [ 71.4712048, 51.1594185 ], [ 71.471145141832778, 51.159439792573828 ], [ 71.471077814504824, 51.159363788444608 ], [ 71.471244692959118, 51.159380826345391 ], [ 71.471399492516554, 51.159326325691005 ], [ 71.471083688392625, 51.158973327098344 ], [ 71.4705849, 51.158922399999987 ], [ 71.4704301, 51.1589769 ], [ 71.4707459, 51.1593299 ], [ 71.470863689285594, 51.159341926390695 ], [ 71.4706054, 51.1594319 ], [ 71.4706237, 51.1595039 ], [ 71.4706644, 51.1595499 ], [ 71.470786521681077, 51.159579458591494 ], [ 71.471061711158328, 51.159483597705069 ], [ 71.4712187, 51.1596567 ], [ 71.47171749694914, 51.159707624269828 ], [ 71.471870296503567, 51.159653023624053 ], [ 71.471790835947232, 51.159565509076486 ], [ 71.471845508789386, 51.159571090703636 ], [ 71.472928794603391, 51.159188475122853 ], [ 71.473017264298264, 51.159187172690217 ], [ 71.47324306408737, 51.159108872371981 ], [ 71.473307063905565, 51.15905287228356 ], [ 71.473171063305713, 51.158898672485698 ], [ 71.473042298043822, 51.158885527895976 ], [ 71.473024921059618, 51.158865857538871 ], [ 71.47298679918886, 51.158861965953214 ], [ 71.472667184555334, 51.158479520394728 ], [ 71.472337603445396, 51.158445874055182 ], [ 71.472411602162794, 51.158419789456701 ], [ 71.472209600701575, 51.158194689956758 ], [ 71.471916993398935, 51.158171869224702 ], [ 71.471888900211042, 51.158141390724289 ], [ 71.4716118, 51.1581131 ], [ 71.4704839, 51.158522 ], [ 71.470584, 51.1586306 ], [ 71.470861102779764, 51.15865889312451 ] ] ], [ [ [ 71.4729421, 51.1583367 ], [ 71.472755100000015, 51.1584016 ], [ 71.4728502, 51.1585093 ], [ 71.472905620624772, 51.158514957601717 ], [ 71.473092620566476, 51.158450057513861 ], [ 71.472997520426816, 51.158342357560976 ], [ 71.4729421, 51.1583367 ] ] ], [ [ [ 71.4730432, 51.1584946 ], [ 71.4728788, 51.1585514 ], [ 71.4729618, 51.1586498 ], [ 71.47301722080563, 51.158655457546189 ], [ 71.473184620753827, 51.158597657467524 ], [ 71.473098620627525, 51.158500257510134 ], [ 71.4730432, 51.1584946 ] ] ], [ [ [ 71.472457080368173, 51.160413819430119 ], [ 71.472068, 51.1603741 ], [ 71.471563507245563, 51.16055149720794 ], [ 71.471552645822612, 51.160539616447174 ], [ 71.4714418, 51.16052830000001 ], [ 71.4712395, 51.160601 ], [ 71.4714654, 51.16084810000001 ], [ 71.471576246597294, 51.160859416413643 ], [ 71.471778546465202, 51.160786716223654 ], [ 71.471705039809336, 51.160706311848507 ], [ 71.472128308624676, 51.160749522348198 ], [ 71.472680907050574, 51.160555520012139 ], [ 71.472659908007728, 51.160531503181332 ], [ 71.472830215194108, 51.16054888827631 ], [ 71.47403541326878, 51.160122785446092 ], [ 71.473974589090304, 51.160055146577697 ], [ 71.474327144964832, 51.159938913827794 ], [ 71.474262444650293, 51.159813913893693 ], [ 71.47419024444271, 51.159734013965185 ], [ 71.4740277, 51.1597191 ], [ 71.473859, 51.1597792 ], [ 71.4737292, 51.1598748 ], [ 71.47384999624056, 51.16000831587062 ], [ 71.473655807387146, 51.159992090508773 ], [ 71.473579522371367, 51.159907157256939 ], [ 71.4735241, 51.1599015 ], [ 71.472365, 51.1603113 ], [ 71.472457080368173, 51.160413819430119 ] ] ], [ [ [ 71.4733922, 51.160665199999983 ], [ 71.473285, 51.16069550000001 ], [ 71.473338600000019, 51.160766099999989 ], [ 71.473394023392117, 51.160771757330174 ], [ 71.473506723367592, 51.160741457277098 ], [ 71.473447623276385, 51.160670857306435 ], [ 71.4733922, 51.160665199999983 ] ] ], [ [ [ 71.472122, 51.1608082 ], [ 71.4725712, 51.1612637 ], [ 71.472835638101813, 51.161290693658508 ], [ 71.4728503, 51.161306 ], [ 71.472905723990095, 51.161311657553185 ], [ 71.473294523855103, 51.161165257370719 ], [ 71.473194423718624, 51.161060657420158 ], [ 71.473139, 51.161055 ], [ 71.472919649238946, 51.161137651727763 ], [ 71.472560516390558, 51.160771488898632 ], [ 71.4722834, 51.1607432 ], [ 71.472122, 51.1608082 ] ] ], [ [ [ 71.473548324149618, 51.161387657246109 ], [ 71.47345722408221, 51.161339657290291 ], [ 71.4734018, 51.161334 ], [ 71.4732372, 51.1613942 ], [ 71.473252987811293, 51.161411185547976 ], [ 71.4732208, 51.161407899999986 ], [ 71.4729652, 51.1615091 ], [ 71.4730761, 51.1616192 ], [ 71.473131524390936, 51.161624857440309 ], [ 71.473387124296224, 51.161523657320437 ], [ 71.473370894238485, 51.161507544410775 ], [ 71.473447724293379, 51.161515957291748 ], [ 71.473611824238574, 51.161455957214692 ], [ 71.473548324149618, 51.161387657246109 ] ] ], [ [ [ 71.472104180460335, 51.163744273756592 ], [ 71.4719379, 51.1637273 ], [ 71.471803100000017, 51.1638195 ], [ 71.4721064, 51.1639959 ], [ 71.472272681483744, 51.164012873502102 ], [ 71.472408081209053, 51.163924873313398 ], [ 71.472104180460335, 51.163744273756592 ] ] ], [ [ [ 71.471467827070569, 51.163997858190797 ], [ 71.471369826908997, 51.163872258239607 ], [ 71.4713144, 51.1638666 ], [ 71.4708267, 51.1640145 ], [ 71.4708947, 51.1640979 ], [ 71.470950127142913, 51.164103558435293 ], [ 71.471314027109742, 51.164043958263179 ], [ 71.471467827070569, 51.163997858190797 ] ] ], [ [ [ 71.472394927298936, 51.164105957747779 ], [ 71.47245672728657, 51.164090257718655 ], [ 71.472584227195142, 51.164003057659492 ], [ 71.472505127131626, 51.163957257697909 ], [ 71.4724497, 51.1639516 ], [ 71.4723205, 51.164041199999986 ], [ 71.4723064, 51.1640819 ], [ 71.472394927298936, 51.164105957747779 ] ] ], [ [ [ 71.472057928138597, 51.164833257895523 ], [ 71.471915913191921, 51.164594054394122 ], [ 71.47222832776211, 51.164505457820141 ], [ 71.472172527663517, 51.164428457848025 ], [ 71.4721171, 51.1644228 ], [ 71.471858048518513, 51.164496588990673 ], [ 71.471850727696577, 51.164484258000165 ], [ 71.472114427634139, 51.164409157876001 ], [ 71.471844827157355, 51.164036758010745 ], [ 71.4717894, 51.16403110000001 ], [ 71.4715256, 51.1641062 ], [ 71.471638075925483, 51.164261506852831 ], [ 71.4712362, 51.1643759 ], [ 71.4716383, 51.1649313 ], [ 71.471693728224821, 51.164936958067017 ], [ 71.472057928138597, 51.164833257895523 ] ] ], [ [ [ 71.472949627536792, 51.164254757481253 ], [ 71.472808027426723, 51.164175757550012 ], [ 71.4727526, 51.1641701 ], [ 71.4725431, 51.1643175 ], [ 71.4727511, 51.1644347 ], [ 71.472806527745021, 51.164440357546127 ], [ 71.472893527680228, 51.164378857505795 ], [ 71.472949627536792, 51.164254757481253 ] ] ], [ [ [ 71.473314428018995, 51.164623257301287 ], [ 71.473403227953909, 51.164561357260119 ], [ 71.473034627666294, 51.164354857439072 ], [ 71.4729792, 51.164349199999982 ], [ 71.4728241, 51.1644581 ], [ 71.4730359, 51.16457710000001 ], [ 71.473314428018995, 51.164623257301287 ] ] ], [ [ [ 71.4723301, 51.1645002 ], [ 71.4722013, 51.1645978 ], [ 71.472652, 51.1648333 ], [ 71.472707428214292, 51.164838957586383 ], [ 71.472836128108412, 51.164739657526866 ], [ 71.472385527779238, 51.164505857745333 ], [ 71.4723301, 51.1645002 ] ] ], [ [ [ 71.4724857, 51.1648097 ], [ 71.4717722, 51.1650015 ], [ 71.4718527, 51.1651024 ], [ 71.471908128453506, 51.165108057962044 ], [ 71.472610828295174, 51.164914657631037 ], [ 71.47254112816826, 51.164815357665923 ], [ 71.4724857, 51.1648097 ] ] ], [ [ [ 71.4725286, 51.1649628 ], [ 71.4720404, 51.1651158 ], [ 71.4721236, 51.1652151 ], [ 71.472179028617859, 51.165220757831186 ], [ 71.47266442849309, 51.165074357602755 ], [ 71.47258402835709, 51.164968457642843 ], [ 71.4725286, 51.1649628 ] ] ], [ [ [ 71.4715147, 51.1650755 ], [ 71.4709488, 51.1652487 ], [ 71.4710373, 51.165358 ], [ 71.471092728674734, 51.165363658345605 ], [ 71.471645228526853, 51.165192158085681 ], [ 71.471570128385295, 51.165081158123343 ], [ 71.4715147, 51.1650755 ] ] ], [ [ [ 71.4719763, 51.1651727 ], [ 71.4718435, 51.1652137 ], [ 71.4719271, 51.1653201 ], [ 71.471982528723416, 51.165325757922879 ], [ 71.472115328688162, 51.165284757860384 ], [ 71.472031728551201, 51.165178357902022 ], [ 71.4719763, 51.1651727 ] ] ], [ [ [ 71.473698744580986, 51.165225687042948 ], [ 71.4730336, 51.16515780000001 ], [ 71.4729221, 51.165371 ], [ 71.4732634, 51.165441 ], [ 71.473928548963812, 51.165508885671841 ], [ 71.474038146017833, 51.165295285090487 ], [ 71.473698744580986, 51.165225687042948 ] ] ], [ [ [ 71.4720363, 51.1653298 ], [ 71.4718618, 51.1653853 ], [ 71.4721038, 51.1656846 ], [ 71.472159229180889, 51.16569025783248 ], [ 71.472333729132586, 51.165634757750404 ], [ 71.472091728746676, 51.165335457870746 ], [ 71.4720363, 51.1653298 ] ] ], [ [ [ 71.473120646596087, 51.165416090304241 ], [ 71.4724555, 51.1653482 ], [ 71.4723454, 51.1655619 ], [ 71.4726851, 51.165630899999989 ], [ 71.473350250971492, 51.165698788934399 ], [ 71.473460648036635, 51.165485888348343 ], [ 71.473120646596087, 51.165416090304241 ] ] ], [ [ [ 71.472743629848296, 51.166193257545679 ], [ 71.472615229642699, 51.166033757609533 ], [ 71.472579599343206, 51.166030120888529 ], [ 71.472432529399086, 51.165847457699719 ], [ 71.472475229387371, 51.165833957679624 ], [ 71.472347429182548, 51.165675057743179 ], [ 71.472292, 51.1656694 ], [ 71.4720919, 51.1657327 ], [ 71.4725047, 51.1662457 ], [ 71.47256012989881, 51.166251357631992 ], [ 71.472743629848296, 51.166193257545679 ] ] ], [ [ [ 71.4714443, 51.1658665 ], [ 71.4712274, 51.1659339 ], [ 71.4715923, 51.1663957 ], [ 71.471647729982664, 51.166401358063553 ], [ 71.471864629924511, 51.166333957961513 ], [ 71.471499729329949, 51.165872158143131 ], [ 71.4714443, 51.1658665 ] ] ], [ [ [ 71.473976130236991, 51.166407656955492 ], [ 71.474145054112071, 51.166347932860468 ], [ 71.4742845, 51.1671095 ], [ 71.4743238, 51.1671587 ], [ 71.474379231190625, 51.167164356750554 ], [ 71.47523453095333, 51.166891956348287 ], [ 71.474707430152108, 51.16627275660985 ], [ 71.474407529779896, 51.16598995675745 ], [ 71.4743521, 51.1659843 ], [ 71.4740979, 51.1660904 ], [ 71.474131087376279, 51.166271653663301 ], [ 71.473966429829588, 51.166070056965971 ], [ 71.473911, 51.1660644 ], [ 71.4731486, 51.1663093 ], [ 71.4732708, 51.1664589 ], [ 71.473326230236623, 51.166464557263751 ], [ 71.473976130236991, 51.166407656955492 ] ] ], [ [ [ 71.4730715, 51.1665469 ], [ 71.4728976, 51.1665979 ], [ 71.4731323, 51.1669127 ], [ 71.473187730768245, 51.166918357321791 ], [ 71.47336163072525, 51.166867357239916 ], [ 71.473126930321442, 51.166552557357058 ], [ 71.4730715, 51.1665469 ] ] ], [ [ [ 71.473402, 51.1665906 ], [ 71.4732049, 51.1666509 ], [ 71.4733978, 51.1668987 ], [ 71.473453230779512, 51.166904357195698 ], [ 71.473650330727807, 51.166844057102956 ], [ 71.47345743040907, 51.166596257199032 ], [ 71.473402, 51.1665906 ] ] ], [ [ [ 71.473762331325318, 51.167330557041211 ], [ 71.473464530806595, 51.166925857189945 ], [ 71.4734091, 51.1669202 ], [ 71.4731762, 51.1669875 ], [ 71.4731393, 51.1670753 ], [ 71.4733903, 51.1674165 ], [ 71.473445731402066, 51.167422157190288 ], [ 71.473762331325318, 51.167330557041211 ] ] ], [ [ [ 71.4712981, 51.1674254 ], [ 71.4712757, 51.1674966 ], [ 71.4715215, 51.1677981 ], [ 71.471682531687463, 51.167814458022491 ], [ 71.472899131346892, 51.167424457450338 ], [ 71.473111631209193, 51.16729135735153 ], [ 71.472814630739279, 51.166927157499181 ], [ 71.4727592, 51.1669215 ], [ 71.4714366, 51.1673454 ], [ 71.4712981, 51.1674254 ] ] ], [ [ [ 71.471505731759592, 51.167889958105306 ], [ 71.4714503, 51.167884299999983 ], [ 71.4712518, 51.1679482 ], [ 71.4713508, 51.168069 ], [ 71.4714062319714, 51.168074658149457 ], [ 71.471604631915383, 51.168010658056168 ], [ 71.471505731759592, 51.167889958105306 ] ] ], [ [ [ 71.472892, 51.1678985 ], [ 71.4727378, 51.1679448 ], [ 71.4727941, 51.168018799999984 ], [ 71.472849532063947, 51.168024457463531 ], [ 71.473002432027542, 51.167980757391533 ], [ 71.472947431929512, 51.167904157419031 ], [ 71.472892, 51.1678985 ] ] ], [ [ [ 71.474237096992624, 51.16813457048351 ], [ 71.474052696043358, 51.167887970759573 ], [ 71.4738864, 51.167871 ], [ 71.4731325, 51.1680926 ], [ 71.4733221, 51.1683462 ], [ 71.47348839758024, 51.168363171540442 ], [ 71.474237096992624, 51.16813457048351 ] ] ], [ [ [ 71.472551832182276, 51.168148957603044 ], [ 71.4724964, 51.1681433 ], [ 71.472411900000012, 51.1681718 ], [ 71.4724857, 51.1682559 ], [ 71.472541132316707, 51.168261557606172 ], [ 71.472624232289149, 51.168231357567166 ], [ 71.472551832182276, 51.168148957603044 ] ] ], [ [ [ 71.4727196, 51.1683707 ], [ 71.472830464972091, 51.168382014959313 ], [ 71.473193164754022, 51.16825951461837 ], [ 71.473127164555095, 51.168182714683851 ], [ 71.4730163, 51.1681714 ], [ 71.4727413, 51.1681884 ], [ 71.4726727, 51.1682116 ], [ 71.4726284, 51.1682645 ], [ 71.4727196, 51.1683707 ] ] ], [ [ [ 71.472490832539023, 51.168450657626835 ], [ 71.472614532510008, 51.16841565756858 ], [ 71.472646232467866, 51.168377857554155 ], [ 71.472582932368937, 51.168301257585604 ], [ 71.4725275, 51.1682956 ], [ 71.472296600000021, 51.1683637 ], [ 71.4723615, 51.168446 ], [ 71.472490832539023, 51.168450657626835 ] ] ], [ [ [ 71.4718763, 51.1683394 ], [ 71.4715898, 51.1684292 ], [ 71.4716595, 51.1685166 ], [ 71.47171493254298, 51.168522257994809 ], [ 71.472001432465248, 51.168432457860028 ], [ 71.47193173235263, 51.168345057894726 ], [ 71.4718763, 51.1683394 ] ] ], [ [ [ 71.472501632625409, 51.168521457620493 ], [ 71.47232213250912, 51.168440657707308 ], [ 71.4722667, 51.168435 ], [ 71.4720995, 51.1684852 ], [ 71.4722503, 51.1686823 ], [ 71.472305732805097, 51.168687957710816 ], [ 71.472568532737725, 51.168608857587131 ], [ 71.472501632625409, 51.168521457620493 ] ] ], [ [ [ 71.4727683, 51.1685432 ], [ 71.4725406, 51.1686718 ], [ 71.4726599, 51.1688865 ], [ 71.472715333094342, 51.168892157512374 ], [ 71.473094733056669, 51.168827457332959 ], [ 71.473344432979104, 51.16874105721562 ], [ 71.473124932655594, 51.168491657324402 ], [ 71.4730695, 51.168486 ], [ 71.4728529, 51.168513899999986 ], [ 71.4727683, 51.1685432 ] ] ], [ [ [ 71.472570533057464, 51.168874257581592 ], [ 71.4724166, 51.1688428 ], [ 71.4723259, 51.1688758 ], [ 71.4724576, 51.169018 ], [ 71.472513033231238, 51.169023657606353 ], [ 71.472659533182593, 51.168970357537553 ], [ 71.472570533057464, 51.168874257581592 ] ] ], [ [ [ 71.473429333188577, 51.168907557172339 ], [ 71.4733739, 51.1689019 ], [ 71.4727928, 51.1690972 ], [ 71.4729842, 51.1693211 ], [ 71.473039633651965, 51.169326757350511 ], [ 71.473620733478413, 51.169131457077384 ], [ 71.473429333188577, 51.168907557172339 ] ] ], [ [ [ 71.4723071, 51.1691909 ], [ 71.4721779, 51.169238 ], [ 71.4723289, 51.1694012 ], [ 71.472384333678946, 51.16940685766096 ], [ 71.472513633636069, 51.169359857600227 ], [ 71.472362533423436, 51.169196557674972 ], [ 71.4723071, 51.1691909 ] ] ], [ [ [ 71.471662933702049, 51.169489558002795 ], [ 71.4716075, 51.1694839 ], [ 71.4713588, 51.1695815 ], [ 71.4714566, 51.1696795 ], [ 71.471512033921542, 51.169685158071218 ], [ 71.471760733830394, 51.169587557954571 ], [ 71.471662933702049, 51.169489558002795 ] ] ], [ [ [ 71.474335634506517, 51.169922456723469 ], [ 71.47374983359876, 51.169220057014414 ], [ 71.4736944, 51.1692144 ], [ 71.4728178, 51.1695017 ], [ 71.4731864, 51.170155500000014 ], [ 71.4732649, 51.1702497 ], [ 71.473320334799752, 51.17025535720083 ], [ 71.474335634506517, 51.169922456723469 ] ] ], [ [ [ 71.4727079, 51.1696473 ], [ 71.4724866, 51.1697167 ], [ 71.4729376, 51.1702822 ], [ 71.47299303480419, 51.170287857356023 ], [ 71.473214234744063, 51.170218457251963 ], [ 71.472763334015426, 51.169652957476337 ], [ 71.4727079, 51.1696473 ] ] ], [ [ [ 71.471988534321468, 51.169975357839448 ], [ 71.4719331, 51.1699697 ], [ 71.4717883, 51.1700202 ], [ 71.4718741, 51.1701312 ], [ 71.471929534509641, 51.170136857864719 ], [ 71.47206903446363, 51.170086357799207 ], [ 71.471988534321468, 51.169975357839448 ] ] ], [ [ [ 71.473199536342477, 51.171547257235922 ], [ 71.473462336254514, 51.171451057112527 ], [ 71.473584236140994, 51.171346057056347 ], [ 71.473061235409347, 51.170784457314952 ], [ 71.4730058, 51.1707788 ], [ 71.4728416, 51.1708389 ], [ 71.4730561, 51.1714471 ], [ 71.4731441, 51.1715416 ], [ 71.473199536342477, 51.171547257235922 ] ] ], [ [ [ 71.4721851, 51.1722359 ], [ 71.4716497, 51.1724823 ], [ 71.4717941, 51.172605699999984 ], [ 71.471849537480722, 51.172611357859907 ], [ 71.47238493724079, 51.172364957609403 ], [ 71.472240537076871, 51.172241557680252 ], [ 71.4721851, 51.1722359 ] ] ], [ [ [ 71.4741496, 51.1756351 ], [ 71.4740527, 51.175685 ], [ 71.4741993, 51.175797 ], [ 71.474254741578974, 51.175802656659982 ], [ 71.47435174152929, 51.175752856614686 ], [ 71.474205041378724, 51.175640756686455 ], [ 71.4741496, 51.1756351 ] ] ], [ [ [ 71.4736466, 51.1756931 ], [ 71.4735206, 51.1757534 ], [ 71.4735941, 51.1758137 ], [ 71.473649541534954, 51.17581935694772 ], [ 71.473775541475661, 51.175759056888808 ], [ 71.473702041395256, 51.175698756924824 ], [ 71.4736466, 51.1756931 ] ] ], [ [ [ 71.4734272, 51.1758353 ], [ 71.47331490000002, 51.1758856 ], [ 71.4734162, 51.1759745 ], [ 71.47347164170975, 51.175980157029585 ], [ 71.473583941661076, 51.175929856977014 ], [ 71.473482641543271, 51.175840957026757 ], [ 71.4734272, 51.1758353 ] ] ], [ [ [ 71.473225541777254, 51.176057857145359 ], [ 71.473122141654883, 51.175965357196176 ], [ 71.4730667, 51.1759597 ], [ 71.4729441, 51.1760136 ], [ 71.4729978, 51.1760616 ], [ 71.473168841801353, 51.17608285717192 ], [ 71.473225541777254, 51.176057857145359 ] ] ], [ [ [ 71.474374841842831, 51.176011156599209 ], [ 71.4743194, 51.176005499999988 ], [ 71.4741907, 51.1760626 ], [ 71.474272, 51.1761347 ], [ 71.474327441993424, 51.176140356619534 ], [ 71.474456241938171, 51.17608315655923 ], [ 71.474374841842831, 51.176011156599209 ] ] ], [ [ [ 71.4740739, 51.1761112 ], [ 71.4739806, 51.1761617 ], [ 71.4740677, 51.1762249 ], [ 71.474123142080416, 51.17623055671519 ], [ 71.474216442029473, 51.176180056671676 ], [ 71.474129341944121, 51.176116856714224 ], [ 71.4740739, 51.1761112 ] ] ], [ [ [ 71.4732442, 51.1761021 ], [ 71.4730723, 51.176174 ], [ 71.4731778, 51.1762731 ], [ 71.473233242044131, 51.176278757137865 ], [ 71.473405141975874, 51.176206957057289 ], [ 71.473299641845202, 51.176107757109236 ], [ 71.4732442, 51.1761021 ] ] ], [ [ [ 71.47288724191398, 51.176201157303872 ], [ 71.4728318, 51.1761955 ], [ 71.4726863, 51.1762621 ], [ 71.4727734, 51.17633690000001 ], [ 71.472828842078087, 51.176342557329214 ], [ 71.472974342013188, 51.176275857261118 ], [ 71.47288724191398, 51.176201157303872 ] ] ], [ [ [ 71.4723163, 51.176364699999986 ], [ 71.4722499, 51.1764044 ], [ 71.472352, 51.1764714 ], [ 71.472407442195433, 51.176477057527421 ], [ 71.472473842154642, 51.176437357496518 ], [ 71.472371742063117, 51.176370357546276 ], [ 71.4723163, 51.176364699999986 ] ] ], [ [ [ 71.47404, 51.1763329 ], [ 71.4739414, 51.1763893 ], [ 71.4740606, 51.1764712 ], [ 71.474116042376309, 51.176476856714316 ], [ 71.474214642318827, 51.17642045666836 ], [ 71.474095442207542, 51.176338556726499 ], [ 71.47404, 51.1763329 ] ] ], [ [ [ 71.471962142228676, 51.176543857738203 ], [ 71.4719067, 51.1765382 ], [ 71.4718085, 51.1765938 ], [ 71.4719138, 51.176667 ], [ 71.471969242384546, 51.176672657732588 ], [ 71.472067442327997, 51.176617057686805 ], [ 71.471962142228676, 51.176543857738203 ] ] ], [ [ [ 71.4725833, 51.1765773 ], [ 71.4724423, 51.1766555 ], [ 71.472513, 51.1767056 ], [ 71.472568442494577, 51.176711257446748 ], [ 71.472709442415336, 51.176633057381004 ], [ 71.472638742347485, 51.176582957415526 ], [ 71.4725833, 51.1765773 ] ] ], [ [ [ 71.472423942525154, 51.176749357514865 ], [ 71.472313442430547, 51.176680557568638 ], [ 71.472258, 51.1766749 ], [ 71.4720947, 51.1766881 ], [ 71.4720304, 51.1767287 ], [ 71.4722127, 51.1768421 ], [ 71.472268142627144, 51.176847757587304 ], [ 71.472423942525154, 51.176749357514865 ] ] ], [ [ [ 71.4731824, 51.176613899999985 ], [ 71.4727858, 51.1767979 ], [ 71.4729101, 51.1769031 ], [ 71.472965542774574, 51.176908757254353 ], [ 71.473362042595085, 51.176724857068827 ], [ 71.473237842455092, 51.176619557129769 ], [ 71.4731824, 51.176613899999985 ] ] ], [ [ [ 71.472461, 51.1767936 ], [ 71.472323500000016, 51.1768898 ], [ 71.4724433, 51.1769571 ], [ 71.472498742790094, 51.176962757475557 ], [ 71.472636342688716, 51.176866457411762 ], [ 71.472516442595037, 51.176799257469966 ], [ 71.472461, 51.1767936 ] ] ], [ [ [ 71.4743852, 51.1773218 ], [ 71.4742588, 51.1774118 ], [ 71.474397, 51.177488 ], [ 71.474452443636707, 51.177493656536569 ], [ 71.474578743541684, 51.177403656478035 ], [ 71.474440643435258, 51.177327456545072 ], [ 71.4743852, 51.1773218 ] ] ], [ [ [ 71.47399954370384, 51.177589256750458 ], [ 71.474068143639329, 51.177529656718832 ], [ 71.473986643586244, 51.177492756758262 ], [ 71.473941546262267, 51.177488155603108 ], [ 71.473999143516878, 51.177434056753334 ], [ 71.473858643431271, 51.177375356821216 ], [ 71.4738032, 51.1773697 ], [ 71.4737358, 51.1774332 ], [ 71.4738762, 51.1774918 ], [ 71.473920580774816, 51.177496328072849 ], [ 71.4738625, 51.1775468 ], [ 71.4739441, 51.1775836 ], [ 71.47399954370384, 51.177589256750458 ] ] ], [ [ [ 71.4734028, 51.1774913 ], [ 71.4733342, 51.1775452 ], [ 71.4735573, 51.1776567 ], [ 71.473612743750891, 51.177662356933261 ], [ 71.473681343693258, 51.177608456901567 ], [ 71.473458243535291, 51.17749695700968 ], [ 71.4734028, 51.1774913 ] ] ], [ [ [ 71.4727328, 51.177655899999984 ], [ 71.4726117, 51.1777245 ], [ 71.4727136, 51.1777952 ], [ 71.472769043828293, 51.1778008573324 ], [ 71.472890243758371, 51.177732157275912 ], [ 71.472788243662521, 51.177661557325678 ], [ 71.4727328, 51.177655899999984 ] ] ], [ [ [ 71.473761143851547, 51.177732856861432 ], [ 71.4737057, 51.1777272 ], [ 71.4735843, 51.1777909 ], [ 71.4736699, 51.177855 ], [ 71.473725344001693, 51.177860656876256 ], [ 71.473846743937955, 51.177797056819578 ], [ 71.473761143851547, 51.177732856861432 ] ] ], [ [ [ 71.472283744146253, 51.178107557558057 ], [ 71.472508944015345, 51.177979057453101 ], [ 71.472491170894912, 51.17796681943436 ], [ 71.472520944005538, 51.17796985744755 ], [ 71.472724443891124, 51.17785695735266 ], [ 71.472528643703299, 51.177718257448241 ], [ 71.4724732, 51.1777126 ], [ 71.4722697, 51.1778255 ], [ 71.472285452003774, 51.177836658383477 ], [ 71.4722496, 51.177833 ], [ 71.4720244, 51.1779615 ], [ 71.4722283, 51.1781019 ], [ 71.472283744146253, 51.178107557558057 ] ] ], [ [ [ 71.4743103, 51.1777434 ], [ 71.4741713, 51.1778541 ], [ 71.4742564, 51.177896099999984 ], [ 71.474311844113373, 51.177901756596405 ], [ 71.474450843994774, 51.177791056532172 ], [ 71.474365743935152, 51.177749056573418 ], [ 71.4743103, 51.1777434 ] ] ], [ [ [ 71.473127543871229, 51.177804957161705 ], [ 71.4730721, 51.1777993 ], [ 71.4729348, 51.1778952 ], [ 71.4730968, 51.1779864 ], [ 71.473152244099197, 51.177992057146717 ], [ 71.473289543998376, 51.177896257083042 ], [ 71.473127543871229, 51.177804957161705 ] ] ], [ [ [ 71.4744307, 51.1778076 ], [ 71.474316, 51.177903 ], [ 71.4744223, 51.1779532 ], [ 71.474477744199746, 51.177958856516447 ], [ 71.474592444096984, 51.177863456463527 ], [ 71.474486144025249, 51.177813256515009 ], [ 71.4744307, 51.1778076 ] ] ], [ [ [ 71.473309, 51.1780079 ], [ 71.4731857, 51.178085199999984 ], [ 71.4732958, 51.1781542 ], [ 71.473351244322444, 51.178159857049096 ], [ 71.473474544242279, 51.178082456991767 ], [ 71.473364444147606, 51.178013557045347 ], [ 71.473309, 51.1780079 ] ] ], [ [ [ 71.4725954, 51.1780879 ], [ 71.472515200000018, 51.1781475 ], [ 71.4726359, 51.1782114 ], [ 71.472691344321376, 51.178217057362161 ], [ 71.472771544258094, 51.178157457325028 ], [ 71.472650844168328, 51.178093557383598 ], [ 71.4725954, 51.1780879 ] ] ], [ [ [ 71.473506, 51.1780611 ], [ 71.4733828, 51.1781706 ], [ 71.4734632, 51.1782062 ], [ 71.473518644402816, 51.178211856968538 ], [ 71.47364194428387, 51.17810225691175 ], [ 71.473561444232587, 51.178066756950685 ], [ 71.473506, 51.1780611 ] ] ], [ [ [ 71.4745067, 51.1782068 ], [ 71.474562144514181, 51.178212456471904 ], [ 71.474678344400616, 51.178107956418408 ], [ 71.474481944276434, 51.178022156513357 ], [ 71.4744265, 51.1780165 ], [ 71.4743381, 51.1780961 ], [ 71.474352197238076, 51.178110327989032 ], [ 71.474269244309539, 51.178068356613792 ], [ 71.4742138, 51.1780627 ], [ 71.474140300000016, 51.1781198 ], [ 71.4742661, 51.1781834 ], [ 71.47432154446048, 51.178189056586824 ], [ 71.474382906036482, 51.17814132157244 ], [ 71.4745067, 51.1782068 ] ] ], [ [ [ 71.473890244361399, 51.178144756792861 ], [ 71.4736846, 51.1780886 ], [ 71.473588, 51.1781979 ], [ 71.473796344481045, 51.178252356835685 ], [ 71.473890244361399, 51.178144756792861 ] ] ], [ [ [ 71.4720274, 51.1781462 ], [ 71.4718884, 51.1782582 ], [ 71.472009, 51.178317 ], [ 71.472064444382099, 51.178322657658704 ], [ 71.472203444261808, 51.178210557594468 ], [ 71.472082844178317, 51.178151857652892 ], [ 71.4720274, 51.1781462 ] ] ], [ [ [ 71.4739997, 51.1782101 ], [ 71.4738983, 51.178304 ], [ 71.4740192, 51.1783553 ], [ 71.474074644641377, 51.178360956701347 ], [ 71.474176044539021, 51.178267056654704 ], [ 71.474055144464387, 51.178215756713143 ], [ 71.4739997, 51.1782101 ] ] ], [ [ [ 71.4731215, 51.1784266 ], [ 71.473176944632101, 51.178432257127326 ], [ 71.473286844560619, 51.178363257076235 ], [ 71.473065444386222, 51.178237957183768 ], [ 71.47301, 51.1782323 ], [ 71.472848788872895, 51.17833348467493 ], [ 71.472750244404239, 51.17828065733304 ], [ 71.4726948, 51.178275 ], [ 71.472602800000018, 51.1783424 ], [ 71.4727705, 51.1784323 ], [ 71.472825944601738, 51.178437957294285 ], [ 71.472909981366712, 51.178376391153286 ], [ 71.4729458, 51.1783988 ], [ 71.47300124457999, 51.178404457211435 ], [ 71.473043675030752, 51.178377835221802 ], [ 71.4731215, 51.1784266 ] ] ], [ [ [ 71.4724842, 51.1785231 ], [ 71.472539644680765, 51.178528757428957 ], [ 71.472634444596736, 51.178450657385206 ], [ 71.472498544460421, 51.178349457451638 ], [ 71.472404244396344, 51.178304557497277 ], [ 71.4723488, 51.1782989 ], [ 71.4722024, 51.1784195 ], [ 71.4724842, 51.1785231 ] ] ], [ [ [ 71.474552619745381, 51.142910172078928 ], [ 71.473326914331793, 51.142567777968807 ], [ 71.4727729, 51.1425112 ], [ 71.4724827, 51.1429201 ], [ 71.4737134, 51.1432555 ], [ 71.474267424274984, 51.143312073365834 ], [ 71.474552619745381, 51.142910172078928 ] ] ], [ [ [ 71.4735655, 51.1434194 ], [ 71.4735494, 51.1434422 ], [ 71.473698402618751, 51.143473857485432 ], [ 71.473714502593182, 51.143451157478147 ], [ 71.4735655, 51.1434194 ] ] ], [ [ [ 71.4729899, 51.14433240000001 ], [ 71.4731528, 51.1443781 ], [ 71.473319011020266, 51.144395073029081 ], [ 71.473344287467413, 51.144359621733152 ], [ 71.473492132663495, 51.144374719063507 ], [ 71.473595031183962, 51.144228918645744 ], [ 71.473216462930012, 51.144123748533303 ], [ 71.47334611676672, 51.144136988471985 ], [ 71.473749513633294, 51.143580187560815 ], [ 71.473574913241535, 51.143530387980412 ], [ 71.4732979, 51.1435021 ], [ 71.472909334987179, 51.144038424002098 ], [ 71.472534626985947, 51.143934323231527 ], [ 71.472036, 51.143883399999986 ], [ 71.4719331, 51.1440291 ], [ 71.472995859931061, 51.144324040995279 ], [ 71.4729899, 51.14433240000001 ] ] ], [ [ [ 71.474764403697577, 51.144277356964388 ], [ 71.4745726, 51.14423330000001 ], [ 71.4744712, 51.1443761 ], [ 71.474661703858516, 51.144420257010758 ], [ 71.474764403697577, 51.144277356964388 ] ] ], [ [ [ 71.4729775, 51.144364 ], [ 71.4729597, 51.1443882 ], [ 71.473052403669399, 51.144404657776569 ], [ 71.473070103642144, 51.144380457768548 ], [ 71.4729775, 51.144364 ] ] ], [ [ [ 71.4748707, 51.1442994 ], [ 71.4747872, 51.1444275 ], [ 71.475028403969333, 51.144480156835286 ], [ 71.475111403825309, 51.144353056798003 ], [ 71.4748707, 51.1442994 ] ] ], [ [ [ 71.474606403951967, 51.144502857035626 ], [ 71.4742184, 51.1444097 ], [ 71.4741908, 51.144451 ], [ 71.474578803998682, 51.144544157048045 ], [ 71.474606403951967, 51.144502857035626 ] ] ], [ [ [ 71.4742368, 51.144514 ], [ 71.4741467, 51.1446585 ], [ 71.474338404157791, 51.144697657159746 ], [ 71.474429403994293, 51.144553657118955 ], [ 71.4742368, 51.144514 ] ] ], [ [ [ 71.4747834, 51.1446088 ], [ 71.4746868, 51.14474280000001 ], [ 71.474911604337123, 51.144796356885344 ], [ 71.475008604187863, 51.144663656841523 ], [ 71.4747834, 51.1446088 ] ] ], [ [ [ 71.474719004149989, 51.144657656979383 ], [ 71.4745867, 51.1446329 ], [ 71.4744955, 51.1447776 ], [ 71.474627804314295, 51.144802357020261 ], [ 71.474719004149989, 51.144657656979383 ] ] ], [ [ [ 71.474864219763674, 51.145318527754064 ], [ 71.474792819459807, 51.145261627893873 ], [ 71.474060618144648, 51.14505262930161 ], [ 71.473839, 51.14503 ], [ 71.4735002, 51.1454972 ], [ 71.4741647, 51.1456869 ], [ 71.474386321441784, 51.145709528636274 ], [ 71.474552245812575, 51.145611670442023 ], [ 71.4744131, 51.1458158 ], [ 71.4745114, 51.1458899 ], [ 71.4746761, 51.1459341 ], [ 71.474842317116398, 51.145951070774188 ], [ 71.475183715418424, 51.145450270313056 ], [ 71.474829934122567, 51.145365809712111 ], [ 71.474864219763674, 51.145318527754064 ] ] ], [ [ [ 71.473727611174468, 51.145945614883729 ], [ 71.473837910997759, 51.145862414781682 ], [ 71.47380821069882, 51.145740714814174 ], [ 71.473774210619482, 51.145710714847553 ], [ 71.473667910527226, 51.145681714949689 ], [ 71.4735042, 51.1456695 ], [ 71.4732445, 51.145725 ], [ 71.4732939, 51.1458644 ], [ 71.4733269, 51.1458977 ], [ 71.4735395, 51.1459551 ], [ 71.473667111210716, 51.145966014940569 ], [ 71.473727611174468, 51.145945614883729 ] ] ], [ [ [ 71.473188705401782, 51.145833557686935 ], [ 71.472953, 51.1457802 ], [ 71.4728368, 51.1459532 ], [ 71.473328005705696, 51.146074057616509 ], [ 71.473409705568002, 51.145952357579759 ], [ 71.473188705401782, 51.145833557686935 ] ] ], [ [ [ 71.4750099, 51.1460556 ], [ 71.4749855, 51.1460957 ], [ 71.475223305991832, 51.146145156713665 ], [ 71.475247705946089, 51.146104956702757 ], [ 71.4750099, 51.1460556 ] ] ], [ [ [ 71.4739336, 51.1460985 ], [ 71.4738161, 51.1462604 ], [ 71.474138300000021, 51.1463524 ], [ 71.474304518454488, 51.146369371519931 ], [ 71.474421917908117, 51.146207571360797 ], [ 71.474099817473601, 51.146115471825283 ], [ 71.4739336, 51.1460985 ] ] ], [ [ [ 71.474826306050915, 51.146229256901066 ], [ 71.4746958, 51.146203399999983 ], [ 71.474625, 51.146307 ], [ 71.474755506168009, 51.146332856932943 ], [ 71.474826306050915, 51.146229256901066 ] ] ], [ [ [ 71.4730887, 51.1463667 ], [ 71.47329980607762, 51.146385857624516 ], [ 71.473367005971824, 51.14629195759418 ], [ 71.473251805920668, 51.146259557649543 ], [ 71.47294, 51.1462481 ], [ 71.4728944, 51.146312 ], [ 71.4730887, 51.1463667 ] ] ], [ [ [ 71.4732895, 51.1464477 ], [ 71.4732578, 51.146492 ], [ 71.473381106243622, 51.146516757583569 ], [ 71.473412806193707, 51.14647245756926 ], [ 71.4732895, 51.1464477 ] ] ], [ [ [ 71.4735867, 51.1465902 ], [ 71.4737515, 51.146637699999985 ], [ 71.473917719360756, 51.146654672057082 ], [ 71.474154819440386, 51.146655871718636 ], [ 71.474240119047963, 51.146539571602965 ], [ 71.474132418611561, 51.146428071762472 ], [ 71.473977418401091, 51.146383371986012 ], [ 71.4738112, 51.1463664 ], [ 71.4736646, 51.146484 ], [ 71.4735867, 51.1465902 ] ] ], [ [ [ 71.4750784, 51.1463846 ], [ 71.4747105, 51.1464934 ], [ 71.474482, 51.1467127 ], [ 71.4744124, 51.1468098 ], [ 71.475202607045219, 51.147023056708271 ], [ 71.475402706656382, 51.146682056618999 ], [ 71.475304206352448, 51.146437956670098 ], [ 71.4750784, 51.1463846 ] ] ], [ [ [ 71.4744794, 51.1488363 ], [ 71.4742432, 51.1491831 ], [ 71.474450909618994, 51.149229557027589 ], [ 71.474687209226957, 51.148882756921175 ], [ 71.4744794, 51.1488363 ] ] ], [ [ [ 71.475726649663514, 51.149399182353228 ], [ 71.475520604909775, 51.149343848022994 ], [ 71.475639009670573, 51.149167856463457 ], [ 71.4751472, 51.1490466 ], [ 71.4750263, 51.1492263 ], [ 71.475432778531996, 51.149333974036047 ], [ 71.4752381, 51.1493141 ], [ 71.4748692, 51.1498544 ], [ 71.4750806, 51.1499113 ], [ 71.47535765271769, 51.14993958318405 ], [ 71.475726649663514, 51.149399182353228 ] ] ], [ [ [ 71.4740688, 51.14971 ], [ 71.4740401, 51.1497517 ], [ 71.47416901024782, 51.149777257152188 ], [ 71.474197710200698, 51.149735557139252 ], [ 71.4740688, 51.14971 ] ] ], [ [ [ 71.47470961040186, 51.149857756893603 ], [ 71.4746042, 51.1498566 ], [ 71.4745957, 51.1499012 ], [ 71.474722110468619, 51.149912156886721 ], [ 71.474740910435131, 51.149882656878283 ], [ 71.47470961040186, 51.149857756893603 ] ] ], [ [ [ 71.4731887, 51.1498729 ], [ 71.473161, 51.1499107 ], [ 71.473547310463999, 51.150011757443878 ], [ 71.473575010421357, 51.149973857431377 ], [ 71.4731887, 51.1498729 ] ] ], [ [ [ 71.474012910506204, 51.150005857222482 ], [ 71.4739265, 51.149990699999989 ], [ 71.4739144, 51.1500063 ], [ 71.474000910523571, 51.150021357227914 ], [ 71.474012910506204, 51.150005857222482 ] ] ], [ [ [ 71.4731778, 51.151616699999984 ], [ 71.473454861965678, 51.151644987562264 ], [ 71.473487504626846, 51.151598580004098 ], [ 71.473687779434044, 51.151651402316162 ], [ 71.473533, 51.1516356 ], [ 71.4731078, 51.1522358 ], [ 71.4732874, 51.1522858 ], [ 71.473564466047577, 51.152314087243553 ], [ 71.473989562663746, 51.151713986284385 ], [ 71.473895924422877, 51.151687851373886 ], [ 71.47394803754797, 51.15169317175161 ], [ 71.474091636819978, 51.151478771557812 ], [ 71.473744336379482, 51.151387272058251 ], [ 71.473643385386168, 51.1513769654022 ], [ 71.473776691090976, 51.15118744379334 ], [ 71.473926411959994, 51.151222257242523 ], [ 71.474017611830007, 51.151106157201149 ], [ 71.473866685388103, 51.151059497359682 ], [ 71.474159856311545, 51.150642685972223 ], [ 71.473920102511627, 51.1505854720101 ], [ 71.474002010938619, 51.150366357221415 ], [ 71.473806910851323, 51.150310957315199 ], [ 71.4737515, 51.1503053 ], [ 71.473598600000017, 51.1505171 ], [ 71.473793960728926, 51.150572593408874 ], [ 71.4736951, 51.1505625 ], [ 71.4729901, 51.1515648 ], [ 71.4731778, 51.151616699999984 ] ] ], [ [ [ 71.473387511048287, 51.150511657511231 ], [ 71.473349010957151, 51.150439257530806 ], [ 71.4728808, 51.1503172 ], [ 71.4727305, 51.1505271 ], [ 71.473273911226997, 51.150670257562524 ], [ 71.473387511048287, 51.150511657511231 ] ] ], [ [ [ 71.4759097, 51.1523422 ], [ 71.47726, 51.1527327 ], [ 71.477537070838181, 51.152760977754895 ], [ 71.477615370239704, 51.152654577577877 ], [ 71.476229338090704, 51.152260344127967 ], [ 71.476224219374856, 51.15214620615253 ], [ 71.476172044580196, 51.152014863520328 ], [ 71.4766346, 51.1523105 ], [ 71.4768253, 51.1523655 ], [ 71.477102368399741, 51.152393778820837 ], [ 71.477360866416007, 51.152041178236537 ], [ 71.477300465110872, 51.151829478398611 ], [ 71.475953087127237, 51.151463660444769 ], [ 71.475686239886144, 51.150791880493856 ], [ 71.4768922, 51.1514679 ], [ 71.4770478, 51.1515111 ], [ 71.477305888930829, 51.151537441768212 ], [ 71.4772353, 51.1516322 ], [ 71.4775148, 51.1517142 ], [ 71.477625625901084, 51.151725510974281 ], [ 71.477813125335075, 51.151473710804623 ], [ 71.477533625078891, 51.151391811073417 ], [ 71.4774358170868, 51.151381828560851 ], [ 71.4776415608424, 51.151089677651498 ], [ 71.475817256837118, 51.150584182034869 ], [ 71.475594715203854, 51.15056146498118 ], [ 71.475573601025374, 51.150508309194137 ], [ 71.4750749, 51.1504574 ], [ 71.474428, 51.1504616 ], [ 71.4744309, 51.150601399999985 ], [ 71.474599347043934, 51.150618596822618 ], [ 71.4746126, 51.1521053 ], [ 71.4750271, 51.1522324 ], [ 71.475525820193582, 51.152283309121479 ], [ 71.475958447990507, 51.152275810535592 ], [ 71.4759097, 51.1523422 ] ] ], [ [ [ 71.4737039, 51.1523219 ], [ 71.4737071, 51.152399 ], [ 71.473984913383873, 51.15240095719426 ], [ 71.473981613290903, 51.152323957197162 ], [ 71.4737039, 51.1523219 ] ] ], [ [ [ 71.4738378, 51.152963 ], [ 71.473948628126678, 51.152974314429585 ], [ 71.474025927902488, 51.152874314359522 ], [ 71.473759115010338, 51.152810100261298 ], [ 71.473774927698713, 51.152811714600503 ], [ 71.473876927405925, 51.152681014507991 ], [ 71.47352382707011, 51.152572514847726 ], [ 71.473413, 51.1525612 ], [ 71.473311, 51.1526919 ], [ 71.473652654108633, 51.152796882949872 ], [ 71.4736156, 51.152793099999982 ], [ 71.4735794, 51.152839899999989 ], [ 71.4737047, 51.1529225 ], [ 71.4738378, 51.152963 ] ] ], [ [ [ 71.4739774, 51.1529937 ], [ 71.4739774, 51.1530132 ], [ 71.474061714135232, 51.153018857146989 ], [ 71.474061714111656, 51.15299925714735 ], [ 71.4739774, 51.1529937 ] ] ], [ [ [ 71.473522914738908, 51.153568157393813 ], [ 71.473675514506795, 51.153361757324781 ], [ 71.473624414358838, 51.15324325735115 ], [ 71.4732704, 51.1531507 ], [ 71.4731547, 51.1533071 ], [ 71.473171400000012, 51.1534764 ], [ 71.473522914738908, 51.153568157393813 ] ] ], [ [ [ 71.473922314726607, 51.153522757204584 ], [ 71.473880614659507, 51.15347065722532 ], [ 71.4737296, 51.1534377 ], [ 71.4736046, 51.1536097 ], [ 71.473821214881525, 51.15366045725029 ], [ 71.473922314726607, 51.153522757204584 ] ] ], [ [ [ 71.474851715142933, 51.153787056757821 ], [ 71.4744481, 51.1537375 ], [ 71.4744125, 51.1538486 ], [ 71.4745055, 51.1538822 ], [ 71.474810278840152, 51.153916459987791 ], [ 71.4759274, 51.1542812 ], [ 71.475982815863915, 51.154286856211023 ], [ 71.476023215809732, 51.154238256192642 ], [ 71.47488661524298, 51.153867156739821 ], [ 71.474825795999607, 51.153868000858537 ], [ 71.474851715142933, 51.153787056757821 ] ] ], [ [ [ 71.473926075691026, 51.153885686247058 ], [ 71.473649, 51.1538574 ], [ 71.4734178, 51.1542079 ], [ 71.4736003, 51.1542552 ], [ 71.47387737805785, 51.15428348632841 ], [ 71.474108576072751, 51.153933085808823 ], [ 71.473926075691026, 51.153885686247058 ] ] ], [ [ [ 71.475107431698831, 51.154235326086599 ], [ 71.474958246886217, 51.154192070179725 ], [ 71.4747058, 51.1541661 ], [ 71.4746392, 51.15426 ], [ 71.474719570182117, 51.15428107275914 ], [ 71.4746497, 51.1543833 ], [ 71.4748007, 51.1544239 ], [ 71.474966947786854, 51.154440870154339 ], [ 71.475010773561991, 51.154376748230376 ], [ 71.4755834, 51.1545335 ], [ 71.475748715487924, 51.154550373806373 ], [ 71.4752156, 51.1552848 ], [ 71.4753949, 51.155336 ], [ 71.475671985508882, 51.155364281965603 ], [ 71.476207981351195, 51.154625880754629 ], [ 71.476051942814323, 51.15458132367754 ], [ 71.476082145635147, 51.154584406379968 ], [ 71.476173344303746, 51.154453406009935 ], [ 71.475537341811759, 51.154279208760414 ], [ 71.475107431698831, 51.154235326086599 ] ] ], [ [ [ 71.4746555, 51.154446 ], [ 71.4743539, 51.1548608 ], [ 71.4745228, 51.1549091 ], [ 71.475021548691004, 51.154960010862666 ], [ 71.47532314448749, 51.154545209636034 ], [ 71.475154243803601, 51.154496910366802 ], [ 71.4746555, 51.154446 ] ] ], [ [ [ 71.473461, 51.1550183 ], [ 71.473600916525697, 51.155046657331049 ], [ 71.473620582784804, 51.155017890802185 ], [ 71.473660416502298, 51.155021957303184 ], [ 71.473670616485677, 51.155007257298564 ], [ 71.4734932, 51.1549712 ], [ 71.473461, 51.1550183 ] ] ], [ [ [ 71.475155117176783, 51.155451056584589 ], [ 71.475260417017239, 51.155309156536958 ], [ 71.474818, 51.15519050000001 ], [ 71.47474080390937, 51.155294527872634 ], [ 71.474621016610399, 51.155027256846054 ], [ 71.4744107, 51.1549787 ], [ 71.4738796, 51.1557326 ], [ 71.474962017844234, 51.156022856666539 ], [ 71.475026317741211, 51.15593155663754 ], [ 71.474764565316363, 51.155347544243732 ], [ 71.475155117176783, 51.155451056584589 ] ] ], [ [ [ 71.47505, 51.1560506 ], [ 71.4750103, 51.1561088 ], [ 71.475134617994968, 51.156132956582525 ], [ 71.475174317929145, 51.156074756564635 ], [ 71.47505, 51.1560506 ] ] ], [ [ [ 71.474521693444572, 51.156784784578747 ], [ 71.4742446, 51.1567565 ], [ 71.473686200000017, 51.1569509 ], [ 71.4737789, 51.1570484 ], [ 71.4740559949539, 51.157076685661274 ], [ 71.474686886836736, 51.157008855143637 ], [ 71.4749392, 51.157277 ], [ 71.474994619363343, 51.157282656629171 ], [ 71.475138519314584, 51.15722945656163 ], [ 71.474901892593763, 51.156977904840936 ], [ 71.475020394589919, 51.156931283379677 ], [ 71.474955994185251, 51.156869683538233 ], [ 71.474521693444572, 51.156784784578747 ] ] ], [ [ [ 71.4752259, 51.1569482 ], [ 71.4751298, 51.157011799999985 ], [ 71.4752333, 51.1571235 ], [ 71.475898331354244, 51.157191376156185 ], [ 71.476014244803267, 51.157163410429852 ], [ 71.4761093, 51.1572548 ], [ 71.476774334362915, 51.157322671127403 ], [ 71.476857644932323, 51.157305397422931 ], [ 71.477138034813422, 51.157321869051053 ], [ 71.477202034575626, 51.157299768690251 ], [ 71.477250033950824, 51.15725226842612 ], [ 71.47724573300836, 51.157187368464186 ], [ 71.477165732346549, 51.157148568929024 ], [ 71.477023151157638, 51.157130002757853 ], [ 71.476981331438054, 51.157101869991571 ], [ 71.4763163, 51.157034 ], [ 71.476235531289277, 51.157049282510101 ], [ 71.476146928135805, 51.156946574787831 ], [ 71.4754819, 51.1568787 ], [ 71.4753315, 51.1569094 ], [ 71.4752259, 51.1569482 ] ] ], [ [ [ 71.4747566, 51.1574939 ], [ 71.4747012, 51.1575157 ], [ 71.4747361, 51.1575506 ], [ 71.47479151967103, 51.157556256721037 ], [ 71.474846919650659, 51.157534456695082 ], [ 71.474812019604997, 51.157499556712274 ], [ 71.4747566, 51.1574939 ] ] ], [ [ [ 71.4751744, 51.1581297 ], [ 71.4748363, 51.1582482 ], [ 71.474894062379363, 51.158313918132201 ], [ 71.4746901, 51.1582931 ], [ 71.4731849, 51.1588343 ], [ 71.4732959, 51.1589528 ], [ 71.473573006154851, 51.158981086645142 ], [ 71.475072803684768, 51.15843848312425 ], [ 71.474996660718759, 51.158354048941341 ], [ 71.475199803368767, 51.158374782827664 ], [ 71.475536902839181, 51.158257082035945 ], [ 71.47552431785401, 51.158242478320275 ], [ 71.475575302802952, 51.158247681945404 ], [ 71.475790802445999, 51.158169381439535 ], [ 71.475936900619899, 51.157852981119419 ], [ 71.475602998338161, 51.157503081944128 ], [ 71.4753259, 51.15747480000001 ], [ 71.4751691, 51.1575383 ], [ 71.4752011, 51.1581157 ], [ 71.475218415461526, 51.158134192454554 ], [ 71.4751744, 51.1581297 ] ] ], [ [ [ 71.4746104, 51.1579845 ], [ 71.474553, 51.1580046 ], [ 71.4745846, 51.1580401 ], [ 71.474640020243939, 51.158045756784645 ], [ 71.474697420225837, 51.158025656757687 ], [ 71.47466582017978, 51.157990156773337 ], [ 71.4746104, 51.1579845 ] ] ], [ [ [ 71.4744476, 51.1580839 ], [ 71.4742502, 51.1581534 ], [ 71.4743213, 51.1582328 ], [ 71.474376720447907, 51.158238456906581 ], [ 71.474574120385199, 51.15816895681386 ], [ 71.474503020282128, 51.15808955684907 ], [ 71.4744476, 51.1580839 ] ] ], [ [ [ 71.4753528, 51.1595824 ], [ 71.475851600085889, 51.159633306578577 ], [ 71.476021999602835, 51.159573705858207 ], [ 71.475970698713581, 51.159496106090003 ], [ 71.475834997216467, 51.159369806690833 ], [ 71.4753362, 51.1593189 ], [ 71.4752366, 51.159336 ], [ 71.475168, 51.1593809 ], [ 71.4752177, 51.1594708 ], [ 71.475286996497161, 51.159534043849128 ], [ 71.4750328, 51.1595081 ], [ 71.4742754, 51.1597721 ], [ 71.4743695, 51.1598784 ], [ 71.474646612292275, 51.159906684010792 ], [ 71.47540411110505, 51.15964268223162 ], [ 71.4753528, 51.1595824 ] ] ], [ [ [ 71.474030322044882, 51.159596157047837 ], [ 71.4739749, 51.1595905 ], [ 71.4738489, 51.1596353 ], [ 71.4739274, 51.159722 ], [ 71.473982822198067, 51.15972765706816 ], [ 71.474108722157368, 51.159682757009037 ], [ 71.474030322044882, 51.159596157047837 ] ] ], [ [ [ 71.475490222649057, 51.159969756346747 ], [ 71.4754348, 51.1599641 ], [ 71.4752493, 51.1600285 ], [ 71.4754605, 51.1602679 ], [ 71.47551592301734, 51.160273556329244 ], [ 71.475701422959503, 51.160209156242104 ], [ 71.475490222649057, 51.159969756346747 ] ] ], [ [ [ 71.4743291, 51.1601426 ], [ 71.4741755, 51.1601975 ], [ 71.4742523, 51.1602898 ], [ 71.474307722915739, 51.160295456903739 ], [ 71.474463522867865, 51.160241956830525 ], [ 71.47438452274676, 51.160148256869739 ], [ 71.4743291, 51.1601426 ] ] ], [ [ [ 71.4756668, 51.1602531 ], [ 71.4755125, 51.1602993 ], [ 71.475593, 51.1604036 ], [ 71.475648423194698, 51.16040925626384 ], [ 71.475807323153873, 51.160361356189071 ], [ 71.475722223021393, 51.160258756231343 ], [ 71.4756668, 51.1602531 ] ] ], [ [ [ 71.475157123596787, 51.160786656491048 ], [ 71.475091098777241, 51.160716699091978 ], [ 71.475450979950679, 51.160596378001394 ], [ 71.475354157604485, 51.160481404411321 ], [ 71.475591323180453, 51.160402456291123 ], [ 71.475493223030597, 51.160286556339827 ], [ 71.4754378, 51.1602809 ], [ 71.475138808510579, 51.160380428553587 ], [ 71.4746163, 51.1603271 ], [ 71.473839700000013, 51.1605914 ], [ 71.4740136, 51.16078670000001 ], [ 71.474642305809496, 51.160850869615636 ], [ 71.4745386, 51.1609253 ], [ 71.4745179, 51.1610269 ], [ 71.4745458, 51.1610586 ], [ 71.474601223871971, 51.161064256750734 ], [ 71.47508402371939, 51.16089495652394 ], [ 71.475157123596787, 51.160786656491048 ] ] ], [ [ [ 71.4757258, 51.1605474 ], [ 71.4756185, 51.1605844 ], [ 71.4756882, 51.1606652 ], [ 71.475743623519563, 51.16067085621399 ], [ 71.475845523481738, 51.160630456166224 ], [ 71.475781223381802, 51.160553056198168 ], [ 71.4757258, 51.1605474 ] ] ], [ [ [ 71.47502, 51.1629828 ], [ 71.475203600000015, 51.1631882 ], [ 71.475702438997686, 51.163239106654224 ], [ 71.476399337009198, 51.162994203708081 ], [ 71.47635458278414, 51.162944119997924 ], [ 71.476500436724294, 51.162959003280633 ], [ 71.477094435003806, 51.16274790076988 ], [ 71.476993733701178, 51.162636501218536 ], [ 71.4764949, 51.1625856 ], [ 71.4759009, 51.1627967 ], [ 71.475961041231855, 51.162863231687901 ], [ 71.4758157, 51.1628484 ], [ 71.475646100557526, 51.162868295352517 ], [ 71.474851763258386, 51.161960518376233 ], [ 71.47480101895988, 51.161828553014807 ], [ 71.4748651, 51.1619059 ], [ 71.47492052492548, 51.161911556584116 ], [ 71.475081324879454, 51.161859156508513 ], [ 71.474792224428938, 51.161510256652129 ], [ 71.4747368, 51.1615046 ], [ 71.47468317745421, 51.161522091860441 ], [ 71.47464472447372, 51.161422089261855 ], [ 71.475763023963637, 51.161038156198387 ], [ 71.475669223824212, 51.160930556244892 ], [ 71.4756138, 51.1609249 ], [ 71.474584860243979, 51.161278208631025 ], [ 71.474207581589056, 51.160819285054366 ], [ 71.4735425, 51.1607514 ], [ 71.4733387, 51.1608143 ], [ 71.4738476, 51.1619009 ], [ 71.4738989, 51.1619454 ], [ 71.474018, 51.162005 ], [ 71.474211020342537, 51.162024700631562 ], [ 71.4750113, 51.1629475 ], [ 71.475095822231268, 51.162956125868895 ], [ 71.47502, 51.1629828 ] ] ], [ [ [ 71.474831, 51.1615368 ], [ 71.4751326, 51.1618173 ], [ 71.475188024847185, 51.161822956458366 ], [ 71.475339224803989, 51.161773756387284 ], [ 71.475385007135557, 51.161729352027926 ], [ 71.475420324763476, 51.161732956349404 ], [ 71.475591124714526, 51.161677256269094 ], [ 71.475523207717274, 51.161595310438592 ], [ 71.475554815155789, 51.161564654060712 ], [ 71.475617, 51.1616397 ], [ 71.475672424684745, 51.161645356230963 ], [ 71.475845924635138, 51.161588856149407 ], [ 71.475705085990072, 51.161418904179783 ], [ 71.475739875649396, 51.161385161024214 ], [ 71.4758805, 51.1615454 ], [ 71.47593592459917, 51.161551056107228 ], [ 71.476107724546011, 51.1614917560265 ], [ 71.475925624277011, 51.161284256116765 ], [ 71.475838437866344, 51.161289563327834 ], [ 71.47592752417961, 51.16120315611726 ], [ 71.475828224024809, 51.161083256166599 ], [ 71.4757728, 51.1610776 ], [ 71.4747317, 51.1614169 ], [ 71.474831, 51.1615368 ] ] ], [ [ [ 71.4757432, 51.161758399999989 ], [ 71.4752049, 51.1619437 ], [ 71.4753004, 51.1620527 ], [ 71.475355825148242, 51.162058356374438 ], [ 71.475859963426203, 51.161884689837223 ], [ 71.4764476, 51.1625228 ], [ 71.476946432975879, 51.162573701430901 ], [ 71.477124732446072, 51.162509100677447 ], [ 71.476532124911316, 51.161865603315725 ], [ 71.4760333, 51.1618147 ], [ 71.475888841328313, 51.161867038958732 ], [ 71.475798624840962, 51.161764056168849 ], [ 71.4757432, 51.161758399999989 ] ] ], [ [ [ 71.4760912, 51.1631709 ], [ 71.4758705, 51.1632497 ], [ 71.476047, 51.1634442 ], [ 71.476102426902031, 51.163449855995047 ], [ 71.476310192193509, 51.16337570777204 ], [ 71.4764748, 51.163557 ], [ 71.476530227083089, 51.163562655789526 ], [ 71.47675102701163, 51.16348385568584 ], [ 71.47657442675883, 51.163289355773259 ], [ 71.476519, 51.1632837 ], [ 71.476311234566452, 51.163357848189925 ], [ 71.476146626577773, 51.163176555978758 ], [ 71.4760912, 51.1631709 ] ] ], [ [ [ 71.474334344373602, 51.165265484288959 ], [ 71.474501143987709, 51.165186683898966 ], [ 71.474326143149327, 51.165062784326068 ], [ 71.473574140557275, 51.164698286146795 ], [ 71.473297, 51.16467 ], [ 71.4731696, 51.1647631 ], [ 71.473984, 51.1652456 ], [ 71.47426114438538, 51.165273884462401 ], [ 71.474334344373602, 51.165265484288959 ] ] ], [ [ [ 71.4739063, 51.1655922 ], [ 71.4736971, 51.165745200000011 ], [ 71.4739462, 51.1658791 ], [ 71.474223348178114, 51.16590738449738 ], [ 71.474432547367485, 51.165754284012912 ], [ 71.474183446430231, 51.1656204846172 ], [ 71.4739063, 51.1655922 ] ] ], [ [ [ 71.475317330060463, 51.166142956321885 ], [ 71.475469730002573, 51.166081456250424 ], [ 71.475435029644757, 51.165787256272054 ], [ 71.475361129557228, 51.165721056308371 ], [ 71.4753057, 51.1657154 ], [ 71.4749632, 51.165862 ], [ 71.4752619, 51.1661373 ], [ 71.475317330060463, 51.166142956321885 ] ] ], [ [ [ 71.4749121, 51.166375 ], [ 71.474951334694921, 51.166379003776889 ], [ 71.4749461, 51.1664237 ], [ 71.4750373, 51.1665074 ], [ 71.475092730482174, 51.166513056422332 ], [ 71.475292830400193, 51.166427356328605 ], [ 71.474829229838775, 51.166001756556611 ], [ 71.4747738, 51.1659961 ], [ 71.4745867, 51.1660762 ], [ 71.4749121, 51.166375 ] ] ], [ [ [ 71.4756017, 51.1664467 ], [ 71.475657130468889, 51.166452356154835 ], [ 71.475835130387608, 51.166369156071575 ], [ 71.475584730087832, 51.16614215619466 ], [ 71.4755293, 51.1661365 ], [ 71.475396500000016, 51.1662065 ], [ 71.4753694, 51.1662736 ], [ 71.4756017, 51.1664467 ] ] ], [ [ [ 71.4757794, 51.1664547 ], [ 71.4756936, 51.1664883 ], [ 71.4758277, 51.1666128 ], [ 71.475883130692779, 51.166618456044411 ], [ 71.4759770306582, 51.166581456000365 ], [ 71.475834830497348, 51.166460356070118 ], [ 71.4757794, 51.1664547 ] ] ], [ [ [ 71.4753985, 51.1668102 ], [ 71.475453930884939, 51.166815856245201 ], [ 71.475712330777995, 51.166704256124184 ], [ 71.4755958306379, 51.166598156181472 ], [ 71.4754045, 51.1665754 ], [ 71.4752782, 51.1666299 ], [ 71.4752712, 51.1666942 ], [ 71.4753985, 51.1668102 ] ] ], [ [ [ 71.4738419, 51.1670293 ], [ 71.4738182, 51.1671243 ], [ 71.4738665, 51.1671837 ], [ 71.473921931172271, 51.167189356967718 ], [ 71.474220331089043, 51.167093956827379 ], [ 71.474141430963911, 51.166996956866605 ], [ 71.474086, 51.1669913 ], [ 71.4739369, 51.166998899999989 ], [ 71.4738419, 51.1670293 ] ] ], [ [ [ 71.476569963328828, 51.167370411435513 ], [ 71.476531662935486, 51.167210411477512 ], [ 71.476486562791834, 51.167154711522379 ], [ 71.476333962573378, 51.167077411670299 ], [ 71.476223100000013, 51.1670661 ], [ 71.4760934, 51.1671073 ], [ 71.4763302, 51.1674001 ], [ 71.476441063400245, 51.167411411556763 ], [ 71.476569963328828, 51.167370411435513 ] ] ], [ [ [ 71.4759243, 51.1671611 ], [ 71.4754039, 51.1673124 ], [ 71.4754951, 51.1674302 ], [ 71.475550531641559, 51.16743585618849 ], [ 71.476073531516747, 51.167286155942207 ], [ 71.475979731363068, 51.16716675598893 ], [ 71.4759243, 51.1671611 ] ] ], [ [ [ 71.4761419, 51.1673101 ], [ 71.4759407, 51.1673689 ], [ 71.4760664, 51.1675378 ], [ 71.476121831831591, 51.167543455914767 ], [ 71.476323031782016, 51.167484555820032 ], [ 71.476197331565487, 51.167315755882797 ], [ 71.4761419, 51.1673101 ] ] ], [ [ [ 71.4748192, 51.1677724 ], [ 71.4746998, 51.1678111 ], [ 71.4747548, 51.16787 ], [ 71.47481023209258, 51.167875656533127 ], [ 71.474930932065888, 51.167842856476263 ], [ 71.474874631981905, 51.167778056504176 ], [ 71.4748192, 51.1677724 ] ] ], [ [ [ 71.4765375, 51.1677999 ], [ 71.4759645, 51.1680322 ], [ 71.4759403, 51.1682004 ], [ 71.475995732615942, 51.168206055963267 ], [ 71.476729732422086, 51.167980455617915 ], [ 71.47659293219705, 51.16780555568603 ], [ 71.4765375, 51.1677999 ] ] ], [ [ [ 71.475802365542904, 51.168357512131792 ], [ 71.4756915, 51.1683462 ], [ 71.474644, 51.1687061 ], [ 71.4750216, 51.1691476 ], [ 71.475132467330639, 51.169158912741523 ], [ 71.476194966682627, 51.168796311742909 ], [ 71.475802365542904, 51.168357512131792 ] ] ], [ [ [ 71.4763386, 51.1691292 ], [ 71.4760718, 51.1692163 ], [ 71.4761415, 51.1693004 ], [ 71.476196933961589, 51.169306055848431 ], [ 71.476463833884978, 51.16921895572294 ], [ 71.476394033776344, 51.169134855757619 ], [ 71.4763386, 51.1691292 ] ] ], [ [ [ 71.475394834115008, 51.169504056226678 ], [ 71.47516813378698, 51.169251556338949 ], [ 71.4751127, 51.1692459 ], [ 71.474911, 51.1693171 ], [ 71.4750667, 51.1694905 ], [ 71.475301934144653, 51.169536856270334 ], [ 71.475394834115008, 51.169504056226678 ] ] ], [ [ [ 71.4736063, 51.1708792 ], [ 71.4746615, 51.172016 ], [ 71.474772374161773, 51.172027312984717 ], [ 71.477471572361324, 51.171042210449954 ], [ 71.476416269400445, 51.169905511493788 ], [ 71.4763054, 51.1698942 ], [ 71.4754244, 51.1700488 ], [ 71.4746125, 51.1703451 ], [ 71.4736063, 51.1708792 ] ] ], [ [ [ 71.4759326, 51.171976899999983 ], [ 71.4753748, 51.1721663 ], [ 71.4755243, 51.1723395 ], [ 71.47557973755552, 51.172345156089399 ], [ 71.476137637386429, 51.172155655827204 ], [ 71.475988037162139, 51.171982555901387 ], [ 71.4759326, 51.171976899999983 ] ] ], [ [ [ 71.4758402, 51.1724923 ], [ 71.47531450000001, 51.1726908 ], [ 71.4754307, 51.1728118 ], [ 71.475486138114348, 51.172817456125756 ], [ 71.475805185507951, 51.172697047430994 ], [ 71.4758993, 51.1727958 ], [ 71.475954738144722, 51.172801455903034 ], [ 71.476749037869908, 51.17250335553021 ], [ 71.476679437737786, 51.172399755565131 ], [ 71.476435937562428, 51.172275555683157 ], [ 71.4763805, 51.1722699 ], [ 71.476051, 51.1723934 ], [ 71.475932427400281, 51.172536296946333 ], [ 71.475895637772993, 51.172497955936436 ], [ 71.4758402, 51.1724923 ] ] ], [ [ [ 71.4767974, 51.1726522 ], [ 71.4761234, 51.1729101 ], [ 71.4762683, 51.173059 ], [ 71.476323738500767, 51.173064655722861 ], [ 71.476997838261624, 51.172806755406548 ], [ 71.476852838066947, 51.172657855478136 ], [ 71.4767974, 51.1726522 ] ] ], [ [ [ 71.4757558, 51.1727387 ], [ 71.4753494, 51.172891099999987 ], [ 71.4756768, 51.1732341 ], [ 71.475732238648973, 51.173239756001323 ], [ 71.476138538508494, 51.173087355810587 ], [ 71.475811238060757, 51.172744355972313 ], [ 71.4757558, 51.1727387 ] ] ], [ [ [ 71.4761743, 51.1732048 ], [ 71.4759755, 51.1732862 ], [ 71.4760434, 51.1733514 ], [ 71.476098838829074, 51.173357055824823 ], [ 71.476297638752115, 51.173275655731622 ], [ 71.476229738666405, 51.173210455765073 ], [ 71.4761743, 51.1732048 ] ] ], [ [ [ 71.476389938952991, 51.17343435568494 ], [ 71.476300838806878, 51.173320855729315 ], [ 71.4762454, 51.1733152 ], [ 71.475959, 51.1734367 ], [ 71.4760272, 51.1735235 ], [ 71.476082639034615, 51.173529155829556 ], [ 71.476389938952991, 51.17343435568494 ] ] ], [ [ [ 71.4755541, 51.1747995 ], [ 71.4753932, 51.1748668 ], [ 71.4755046, 51.1749716 ], [ 71.475560040723195, 51.174977256053104 ], [ 71.475720940659201, 51.174909955977704 ], [ 71.475609540521177, 51.174805156032548 ], [ 71.4755541, 51.1747995 ] ] ], [ [ [ 71.4759909, 51.1749566 ], [ 71.4759113, 51.1749999 ], [ 71.476006900000016, 51.175069 ], [ 71.476062340893748, 51.175074655812374 ], [ 71.476141940850013, 51.175031355775246 ], [ 71.476046340756668, 51.174962255821946 ], [ 71.4759909, 51.1749566 ] ] ], [ [ [ 71.474890740744783, 51.175054056370307 ], [ 71.4748353, 51.1750484 ], [ 71.4746958, 51.1751089 ], [ 71.4747924, 51.1751829 ], [ 71.474847840902228, 51.175188556388377 ], [ 71.474987240852187, 51.175134756322969 ], [ 71.474890740744783, 51.175054056370307 ] ] ], [ [ [ 71.4752079, 51.1750678 ], [ 71.4750621, 51.1751339 ], [ 71.4751698, 51.1752273 ], [ 71.475225240995698, 51.175232956208013 ], [ 71.475371040931535, 51.175166856139775 ], [ 71.475263340807629, 51.175073456192649 ], [ 71.4752079, 51.1750678 ] ] ], [ [ [ 71.4748212, 51.1752384 ], [ 71.4746936, 51.175295 ], [ 71.4747991, 51.1753884 ], [ 71.474854541150421, 51.175394056381634 ], [ 71.474982141095794, 51.175337456321891 ], [ 71.474876640972113, 51.175244056373707 ], [ 71.4748212, 51.1752384 ] ] ], [ [ [ 71.4752436, 51.1754502 ], [ 71.475299041271967, 51.175455856169023 ], [ 71.475513841167768, 51.175350456068621 ], [ 71.475397641015178, 51.175233956125943 ], [ 71.4753422, 51.1752283 ], [ 71.4752155, 51.1752779 ], [ 71.4751727, 51.1753791 ], [ 71.4752436, 51.1754502 ] ] ], [ [ [ 71.4745349, 51.1753208 ], [ 71.4743656, 51.1753922 ], [ 71.4745748, 51.1755872 ], [ 71.4746302413661, 51.175592856484926 ], [ 71.474799541298154, 51.175521556405585 ], [ 71.474590341040994, 51.175326456508536 ], [ 71.4745349, 51.1753208 ] ] ], [ [ [ 71.4763981, 51.1754468 ], [ 71.4760823, 51.1755624 ], [ 71.4761403, 51.1756246 ], [ 71.476195741577044, 51.175630255739264 ], [ 71.47651144147126, 51.175514655591009 ], [ 71.4764535413902, 51.175452455619656 ], [ 71.4763981, 51.1754468 ] ] ], [ [ [ 71.476600641589357, 51.175604855546993 ], [ 71.4765452, 51.1755992 ], [ 71.4762701, 51.1757012 ], [ 71.4763239, 51.1757582 ], [ 71.476379341757408, 51.175763855649549 ], [ 71.476654341663675, 51.17566185552046 ], [ 71.476600641589357, 51.175604855546993 ] ] ], [ [ [ 71.475727941475441, 51.175587055962623 ], [ 71.475652041376946, 51.175511956000044 ], [ 71.4755966, 51.1755063 ], [ 71.4752219, 51.1756576 ], [ 71.4754858, 51.175916099999988 ], [ 71.475541241858764, 51.175921756045682 ], [ 71.475728541788158, 51.175846655957841 ], [ 71.475727941475441, 51.175587055962623 ] ] ], [ [ [ 71.476266641841931, 51.175843955701808 ], [ 71.476049341537689, 51.17561045580927 ], [ 71.4759939, 51.1756048 ], [ 71.475735, 51.175699399999985 ], [ 71.4759515, 51.175932 ], [ 71.476006941927267, 51.175937655823788 ], [ 71.476266641841931, 51.175843955701808 ] ] ], [ [ [ 71.474969241776833, 51.175904056318203 ], [ 71.474841441641757, 51.175803156380766 ], [ 71.474786, 51.1757975 ], [ 71.4746416, 51.1758693 ], [ 71.4747297, 51.175939 ], [ 71.474887241817299, 51.175944856356516 ], [ 71.474969241776833, 51.175904056318203 ] ] ], [ [ [ 71.4750636, 51.1760286 ], [ 71.4747735, 51.1762137 ], [ 71.4749291, 51.1763096 ], [ 71.475039984560141, 51.17632091258109 ], [ 71.475330084175738, 51.176135812311379 ], [ 71.475174483911729, 51.176039912462812 ], [ 71.4750636, 51.1760286 ] ] ], [ [ [ 71.4764944, 51.1763234 ], [ 71.476248, 51.1764402 ], [ 71.4765569, 51.1766964 ], [ 71.476612342912119, 51.176702055522384 ], [ 71.47685884279754, 51.176585255407105 ], [ 71.476549842456208, 51.176329055558611 ], [ 71.4764944, 51.1763234 ] ] ], [ [ [ 71.4758148, 51.1764996 ], [ 71.4754139, 51.1766547 ], [ 71.4756406, 51.1768862 ], [ 71.475696043043627, 51.176891855955184 ], [ 71.476099342898934, 51.176736255765931 ], [ 71.475870242596443, 51.176505255878972 ], [ 71.4758148, 51.1764996 ] ] ], [ [ [ 71.475195142797347, 51.176731456196329 ], [ 71.475139700000014, 51.1767258 ], [ 71.4749533, 51.17683 ], [ 71.4750431, 51.176888 ], [ 71.475098542982465, 51.1768936562395 ], [ 71.475287642875912, 51.176788556151322 ], [ 71.475195142797347, 51.176731456196329 ] ] ], [ [ [ 71.476347843231821, 51.176990755643253 ], [ 71.476458643182966, 51.176940455591392 ], [ 71.476225742915716, 51.176739055705731 ], [ 71.4761703, 51.1767334 ], [ 71.4760289, 51.1767976 ], [ 71.4761745, 51.1769235 ], [ 71.4762924, 51.1769851 ], [ 71.476347843231821, 51.176990755643253 ] ] ], [ [ [ 71.475961900000016, 51.1769095 ], [ 71.4758516, 51.1769607 ], [ 71.4759384, 51.1770343 ], [ 71.475993843253576, 51.177039955810876 ], [ 71.476104243203608, 51.176988755759211 ], [ 71.476017343105752, 51.176915155801865 ], [ 71.475961900000016, 51.1769095 ] ] ], [ [ [ 71.475271543060543, 51.176943256156314 ], [ 71.4752161, 51.176937599999988 ], [ 71.4751303, 51.1770141 ], [ 71.4752269, 51.1770595 ], [ 71.475282343208519, 51.177065156149048 ], [ 71.475372143123849, 51.176986956107669 ], [ 71.475271543060543, 51.176943256156314 ] ] ], [ [ [ 71.4749724, 51.1769214 ], [ 71.4747826, 51.1770293 ], [ 71.4748889, 51.1771028 ], [ 71.474944343224863, 51.177108456309163 ], [ 71.475134143115, 51.17700055622069 ], [ 71.475027843015212, 51.176927056272561 ], [ 71.4749724, 51.1769214 ] ] ], [ [ [ 71.4754256, 51.1770399 ], [ 71.4753285, 51.177116 ], [ 71.4754203, 51.177162 ], [ 71.475475743352476, 51.177167656055232 ], [ 71.475572843271109, 51.177091556010339 ], [ 71.47548104320596, 51.177045556054829 ], [ 71.4754256, 51.1770399 ] ] ], [ [ [ 71.476246543293598, 51.177050955690426 ], [ 71.4761911, 51.1770453 ], [ 71.4761039, 51.1771008 ], [ 71.476179, 51.1771537 ], [ 71.476234443422882, 51.177159355694293 ], [ 71.476327043363924, 51.177102255651214 ], [ 71.476246543293598, 51.177050955690426 ] ] ], [ [ [ 71.4748856, 51.1771082 ], [ 71.4747974, 51.1771733 ], [ 71.4748621, 51.177207799999977 ], [ 71.474917543348482, 51.177213456320075 ], [ 71.475005743279439, 51.177148356279247 ], [ 71.474941043230999, 51.177113856310633 ], [ 71.4748856, 51.1771082 ] ] ], [ [ [ 71.4752556, 51.1771093 ], [ 71.475184, 51.1771655 ], [ 71.4752893, 51.1772183 ], [ 71.47534474340641, 51.177223956116599 ], [ 71.475416443346333, 51.177167756083449 ], [ 71.475311043271546, 51.177114956134517 ], [ 71.4752556, 51.1771093 ] ] ], [ [ [ 71.474682, 51.1772051 ], [ 71.4745912, 51.177269699999989 ], [ 71.4746962, 51.1773277 ], [ 71.474751643475315, 51.177333356396957 ], [ 71.474842443407027, 51.177268656354876 ], [ 71.474737443326134, 51.177210756405856 ], [ 71.474682, 51.1772051 ] ] ], [ [ [ 71.476734943730079, 51.177370355452432 ], [ 71.476407443459181, 51.177174255611696 ], [ 71.476352, 51.177168599999987 ], [ 71.4762738, 51.1772199 ], [ 71.4764216, 51.1773084 ], [ 71.4763938, 51.1773267 ], [ 71.4765735, 51.1774343 ], [ 71.476628943802694, 51.17743995550169 ], [ 71.476734943730079, 51.177370355452432 ] ] ], [ [ [ 71.475723200000019, 51.1771978 ], [ 71.4756353, 51.1772524 ], [ 71.4757391, 51.1773181 ], [ 71.475794543574295, 51.177323755900801 ], [ 71.475882343517952, 51.177269255859954 ], [ 71.475778643427716, 51.177203455910458 ], [ 71.475723200000019, 51.1771978 ] ] ], [ [ [ 71.475084, 51.1772216 ], [ 71.4749671, 51.1772949 ], [ 71.4750608, 51.1773537 ], [ 71.475116243545287, 51.177359356223 ], [ 71.475233243469404, 51.177286056168597 ], [ 71.475139443388628, 51.177227256214238 ], [ 71.475084, 51.1772216 ] ] ], [ [ [ 71.476795243594822, 51.177252755425791 ], [ 71.4767398, 51.17724710000001 ], [ 71.4766408, 51.17731 ], [ 71.4767625, 51.1773853 ], [ 71.476817943763692, 51.177390955412584 ], [ 71.476916943698413, 51.177328055366566 ], [ 71.476795243594822, 51.177252755425791 ] ] ], [ [ [ 71.4754676, 51.1773292 ], [ 71.4753797, 51.1773838 ], [ 71.4754835, 51.1774495 ], [ 71.475538943705487, 51.177455156020166 ], [ 71.47562674364913, 51.177400655979312 ], [ 71.475523043558908, 51.177334856029823 ], [ 71.4754676, 51.1773292 ] ] ], [ [ [ 71.475361243617641, 51.177397856105735 ], [ 71.4753058, 51.1773922 ], [ 71.475195, 51.1774666 ], [ 71.47531690000001, 51.1775544 ], [ 71.475372343814186, 51.177560056097626 ], [ 71.475480043749002, 51.177496456047471 ], [ 71.475407104813584, 51.177453960555269 ], [ 71.47543034367375, 51.177438356072138 ], [ 71.475361243617641, 51.177397856105735 ] ] ], [ [ [ 71.476145543987542, 51.177635955728341 ], [ 71.476337943879059, 51.177528955638621 ], [ 71.476166243714744, 51.177407655722455 ], [ 71.4761108, 51.177402 ], [ 71.4760138, 51.177456 ], [ 71.476046074543504, 51.17747881418407 ], [ 71.4759508, 51.177531899999984 ], [ 71.4760901, 51.1776303 ], [ 71.476145543987542, 51.177635955728341 ] ] ], [ [ [ 71.474722309234053, 51.177708128490501 ], [ 71.474779743937845, 51.17771485637698 ], [ 71.474893643849683, 51.177631656324202 ], [ 71.474779149153207, 51.177574346927862 ], [ 71.474840243720934, 51.177529456351394 ], [ 71.474726643635776, 51.177468756406512 ], [ 71.4746712, 51.1774631 ], [ 71.4744809, 51.177603 ], [ 71.4745944, 51.1776637 ], [ 71.474677572187545, 51.177684049208288 ], [ 71.4746271, 51.1776789 ], [ 71.4745609, 51.177722899999978 ], [ 71.47468, 51.1777934 ], [ 71.474735444034579, 51.177799056396587 ], [ 71.474801643988712, 51.177755156365841 ], [ 71.474722309234053, 51.177708128490501 ] ] ], [ [ [ 71.4755649, 51.1775689 ], [ 71.4754656, 51.1776397 ], [ 71.4755969, 51.1777121 ], [ 71.475652344033819, 51.177717755961645 ], [ 71.475751743959052, 51.177646955915563 ], [ 71.475620343857926, 51.177574555979355 ], [ 71.4755649, 51.1775689 ] ] ], [ [ [ 71.4767225, 51.1775625 ], [ 71.4766425, 51.17761 ], [ 71.476741500000017, 51.1776754 ], [ 71.476784637986825, 51.177679800169038 ], [ 71.4767438, 51.1777039 ], [ 71.4769726, 51.1778561 ], [ 71.477025601796996, 51.177861506165151 ], [ 71.4770067, 51.1778738 ], [ 71.4770949, 51.177927 ], [ 71.477150344451417, 51.17793265524498 ], [ 71.477236344393063, 51.177876655205026 ], [ 71.477148244319636, 51.177823455247868 ], [ 71.477100985039627, 51.177818634865048 ], [ 71.477218344237698, 51.177749255215808 ], [ 71.477135244162298, 51.177693955256323 ], [ 71.476809598449876, 51.177673516661976 ], [ 71.476876844062033, 51.177633455380345 ], [ 71.476777943972891, 51.177568155428553 ], [ 71.4767225, 51.1775625 ] ] ], [ [ [ 71.4757972, 51.1776211 ], [ 71.4756906, 51.1776946 ], [ 71.4758108, 51.1777631 ], [ 71.475866244117924, 51.177768755858942 ], [ 71.475972844040669, 51.177695255809489 ], [ 71.475852643945416, 51.177626755867905 ], [ 71.4757972, 51.1776211 ] ] ], [ [ [ 71.47660375894209, 51.177868306178809 ], [ 71.476702744265822, 51.177817955459993 ], [ 71.476620044185026, 51.177758155500385 ], [ 71.4765646, 51.1777525 ], [ 71.47652871880139, 51.177771991516103 ], [ 71.476353544024406, 51.17764825562913 ], [ 71.4762981, 51.1776426 ], [ 71.4762101, 51.1776916 ], [ 71.4763958, 51.1778227 ], [ 71.476451244251706, 51.177828355579521 ], [ 71.476481839062856, 51.177811300446749 ], [ 71.4765430970441, 51.17785554232178 ], [ 71.4763995, 51.1779351 ], [ 71.4765029, 51.1780047 ], [ 71.476558344482271, 51.17801035552538 ], [ 71.476695644400223, 51.177930155461425 ], [ 71.47660375894209, 51.177868306178809 ] ] ], [ [ [ 71.4748919, 51.1777647 ], [ 71.4748083, 51.1778186 ], [ 71.474965, 51.177914 ], [ 71.475020444210045, 51.177919656258858 ], [ 71.475099338288771, 51.177868729356312 ], [ 71.4751868, 51.17792 ], [ 71.475242244240789, 51.177925656153221 ], [ 71.475295644203314, 51.177889856128417 ], [ 71.475194144120891, 51.177830356177758 ], [ 71.4751387, 51.1778247 ], [ 71.47509006839806, 51.177857303212008 ], [ 71.474947344022453, 51.177770356296257 ], [ 71.4748919, 51.1777647 ] ] ], [ [ [ 71.4753581, 51.177953100000011 ], [ 71.475269900000015, 51.1780161 ], [ 71.4753304, 51.1780494 ], [ 71.475385844411875, 51.17805505608262 ], [ 71.475474144345469, 51.177992156041689 ], [ 71.475413544298803, 51.177958756071121 ], [ 71.4753581, 51.177953100000011 ] ] ], [ [ [ 71.476278544398795, 51.177965655659314 ], [ 71.476223100000013, 51.17796 ], [ 71.4760406, 51.1780666 ], [ 71.4761329, 51.1781288 ], [ 71.476188344592558, 51.178134455699322 ], [ 71.476370944483392, 51.178027755614252 ], [ 71.476278544398795, 51.177965655659314 ] ] ], [ [ [ 71.4764159, 51.1780606 ], [ 71.4762911, 51.178132 ], [ 71.4763798, 51.1781929 ], [ 71.476435244695949, 51.178198555580714 ], [ 71.476560044623156, 51.178127155522546 ], [ 71.476471344540414, 51.178066255565803 ], [ 71.4764159, 51.1780606 ] ] ], [ [ [ 71.475362712950783, 51.17816615943245 ], [ 71.47529444448783, 51.178126156124897 ], [ 71.475239, 51.1781205 ], [ 71.4751891, 51.1781539 ], [ 71.4753061, 51.1782224 ], [ 71.475361544617684, 51.178228056091186 ], [ 71.475406639602497, 51.178197811624386 ], [ 71.4755225, 51.1782584 ], [ 71.475577944683991, 51.178264055987569 ], [ 71.475695044590395, 51.178176055933363 ], [ 71.475568544497364, 51.178109955994714 ], [ 71.4754243, 51.178096600000011 ], [ 71.475321, 51.1781335 ], [ 71.475362712950783, 51.17816615943245 ] ] ], [ [ [ 71.4758112, 51.1781469 ], [ 71.4757337, 51.1781992 ], [ 71.4758429, 51.1782628 ], [ 71.475898344723262, 51.178268455835003 ], [ 71.475975844668469, 51.178216155799049 ], [ 71.475866644580265, 51.178152555852101 ], [ 71.4758112, 51.1781469 ] ] ], [ [ [ 71.475079044799628, 51.178403956222567 ], [ 71.475193844676056, 51.178291256169906 ], [ 71.474981944569024, 51.178221056271965 ], [ 71.4749265, 51.1782154 ], [ 71.4748551, 51.1782854 ], [ 71.4749576, 51.1783719 ], [ 71.475079044799628, 51.178403956222567 ] ] ], [ [ [ 71.4751309, 51.1433285 ], [ 71.4757556, 51.1434842 ], [ 71.476481313350959, 51.143558291143862 ], [ 71.4766141, 51.14363560000001 ], [ 71.476669503134474, 51.143641256069188 ], [ 71.476754563212921, 51.143586187143697 ], [ 71.4768636596378, 51.143597324577811 ], [ 71.4769442571491, 51.143486723849421 ], [ 71.476926794888001, 51.143447384797277 ], [ 71.476942002918989, 51.143438055943079 ], [ 71.476914964272098, 51.143420732696846 ], [ 71.476719561002156, 51.142980521921011 ], [ 71.476739202331188, 51.142966956047751 ], [ 71.476691642931371, 51.142917626450334 ], [ 71.476595941834461, 51.142880427373726 ], [ 71.476144273872279, 51.142834314921942 ], [ 71.476100401971721, 51.142724156355833 ], [ 71.476045, 51.1427185 ], [ 71.4759055, 51.1427438 ], [ 71.47593419654487, 51.142812866722743 ], [ 71.4754121, 51.142764 ], [ 71.4753579, 51.142792 ], [ 71.4750954, 51.1431834 ], [ 71.4750776, 51.1432448 ], [ 71.4750798, 51.1432935 ], [ 71.4751309, 51.1433285 ] ] ], [ [ [ 71.4771388, 51.1430933 ], [ 71.4770177, 51.143172 ], [ 71.4771516, 51.1432533 ], [ 71.477207002731717, 51.143258955820137 ], [ 71.47732970265011, 51.143180255763134 ], [ 71.47719420253803, 51.143098955828997 ], [ 71.4771388, 51.1430933 ] ] ], [ [ [ 71.477048502675885, 51.143226455896112 ], [ 71.4769931, 51.1432208 ], [ 71.4769408, 51.143257 ], [ 71.4770468, 51.143317599999989 ], [ 71.477102202797937, 51.143323255868872 ], [ 71.477157102758184, 51.143285355843425 ], [ 71.477048502675885, 51.143226455896112 ] ] ], [ [ [ 71.477285703154081, 51.143603355776712 ], [ 71.477435103043533, 51.143498255707485 ], [ 71.477289502928599, 51.143415455778175 ], [ 71.4771406, 51.143410299999985 ], [ 71.477075, 51.1434652 ], [ 71.4770833, 51.1435177 ], [ 71.4772303, 51.1435977 ], [ 71.477285703154081, 51.143603355776712 ] ] ], [ [ [ 71.476977, 51.1435308 ], [ 71.476837, 51.1436213 ], [ 71.4772238, 51.1438566 ], [ 71.477279203464661, 51.143862255775311 ], [ 71.47741910337065, 51.143771755710333 ], [ 71.477032403046877, 51.143536455898364 ], [ 71.476977, 51.1435308 ] ] ], [ [ [ 71.475910883973981, 51.14406676060144 ], [ 71.4758143, 51.1442145 ], [ 71.4760235, 51.1442683 ], [ 71.476688346827061, 51.144336174323719 ], [ 71.476860343251175, 51.144073173396706 ], [ 71.476651142207942, 51.144019274602137 ], [ 71.476514254246339, 51.144005299859465 ], [ 71.47658605680904, 51.143905257370626 ], [ 71.476251554273873, 51.143810660103611 ], [ 71.475521061583919, 51.143736079993445 ], [ 71.475595511960435, 51.14363152647968 ], [ 71.475235411356451, 51.143537627171398 ], [ 71.4750138, 51.143515 ], [ 71.4747613, 51.1438904 ], [ 71.4751053, 51.1439861 ], [ 71.475326913660624, 51.144008726964586 ], [ 71.475345326795491, 51.14398286906934 ], [ 71.4754901, 51.1440238 ], [ 71.475910883973981, 51.14406676060144 ] ] ], [ [ [ 71.47691880330774, 51.143763455948466 ], [ 71.4768634, 51.1437578 ], [ 71.4767493, 51.1438261 ], [ 71.476905, 51.1439298 ], [ 71.476960403518945, 51.143935455925707 ], [ 71.477077803450072, 51.143867855871015 ], [ 71.47691880330774, 51.143763455948466 ] ] ], [ [ [ 71.477122303607231, 51.143994655847663 ], [ 71.4770669, 51.143989 ], [ 71.4769113, 51.1440732 ], [ 71.4772654, 51.1442986 ], [ 71.477320804000442, 51.144304255747841 ], [ 71.477465603906595, 51.144213455680543 ], [ 71.477122303607231, 51.143994655847663 ] ] ], [ [ [ 71.47579610406514, 51.144492256469881 ], [ 71.4753013, 51.1443653 ], [ 71.4751747, 51.1444169 ], [ 71.4750503, 51.1445926 ], [ 71.47562170434604, 51.144741256548521 ], [ 71.47579610406514, 51.144492256469881 ] ] ], [ [ [ 71.4758742, 51.1445558 ], [ 71.4757987, 51.1446637 ], [ 71.476085004380408, 51.14472905632833 ], [ 71.476155904255904, 51.144619256296508 ], [ 71.4758742, 51.1445558 ] ] ], [ [ [ 71.47516790441945, 51.144842256762644 ], [ 71.475336804447053, 51.144850356682149 ], [ 71.475404904338959, 51.14475445665142 ], [ 71.475290104220292, 51.144665856707569 ], [ 71.4751342, 51.1446322 ], [ 71.4750094, 51.1448086 ], [ 71.47516790441945, 51.144842256762644 ] ] ], [ [ [ 71.4765975, 51.144405399999989 ], [ 71.4764393, 51.1445031 ], [ 71.477252, 51.1450214 ], [ 71.477307404868029, 51.145027055741664 ], [ 71.477465604767417, 51.144929455668091 ], [ 71.476652904058184, 51.144411056063703 ], [ 71.4765975, 51.144405399999989 ] ] ], [ [ [ 71.476393204478654, 51.144783656180785 ], [ 71.4762293, 51.144773 ], [ 71.476174, 51.1448511 ], [ 71.476437204640462, 51.144914356157585 ], [ 71.476506504527691, 51.144814456126348 ], [ 71.476393204478654, 51.144783656180785 ] ] ], [ [ [ 71.475880204504691, 51.144850456423647 ], [ 71.4756695, 51.1448262 ], [ 71.4755961, 51.1449406 ], [ 71.4757247, 51.1449981 ], [ 71.4758532, 51.1450309 ], [ 71.475908604731444, 51.145036556406914 ], [ 71.475914783453902, 51.145026975646594 ], [ 71.476323904875557, 51.145119856207899 ], [ 71.476397104746113, 51.145005756175053 ], [ 71.475990327515305, 51.144909836279709 ], [ 71.476007404557706, 51.144883356362563 ], [ 71.475880204504691, 51.144850456423647 ] ] ], [ [ [ 71.4764324, 51.1449716 ], [ 71.4763099, 51.1451534 ], [ 71.476602405027393, 51.145221656073659 ], [ 71.476726804826214, 51.145043356017567 ], [ 71.4764324, 51.1449716 ] ] ], [ [ [ 71.4767418, 51.1451915 ], [ 71.4766293, 51.1453484 ], [ 71.477331905483339, 51.145536655721159 ], [ 71.477444305306818, 51.145379955670407 ], [ 71.4767418, 51.1451915 ] ] ], [ [ [ 71.4765497, 51.1463138 ], [ 71.476771325466586, 51.146336424054489 ], [ 71.477081923558799, 51.145912423492909 ], [ 71.476182216530802, 51.145670768876585 ], [ 71.476016, 51.1456538 ], [ 71.475934214900121, 51.145764969149418 ], [ 71.475833810971096, 51.145675612889249 ], [ 71.475743510887781, 51.145648912976078 ], [ 71.4756327, 51.1456376 ], [ 71.4754922, 51.1456599 ], [ 71.4752807, 51.1459411 ], [ 71.4756125, 51.1460392 ], [ 71.475723311849237, 51.146050512981347 ], [ 71.475761599111223, 51.145999601071296 ], [ 71.4756536, 51.1461464 ], [ 71.4759889, 51.1462436 ], [ 71.476155118649658, 51.146260568884543 ], [ 71.476332029041259, 51.146020166040032 ], [ 71.4763454, 51.146255 ], [ 71.4765497, 51.1463138 ] ] ], [ [ [ 71.477513206331082, 51.146225755622936 ], [ 71.477618706186391, 51.146096155574988 ], [ 71.477598506103604, 51.146029055585771 ], [ 71.4775431, 51.146023399999983 ], [ 71.47709230000001, 51.1460811 ], [ 71.4771234, 51.146150799999987 ], [ 71.477513206331082, 51.146225755622936 ] ] ], [ [ [ 71.477229006384448, 51.146295155756931 ], [ 71.4770378, 51.146253 ], [ 71.4767777, 51.1466337 ], [ 71.477071606858729, 51.146703455824706 ], [ 71.477134706754313, 51.146611055796299 ], [ 71.477229006384448, 51.146295155756931 ] ] ], [ [ [ 71.4752893, 51.1471021 ], [ 71.4754526, 51.1471489 ], [ 71.475788342374756, 51.147180605076095 ], [ 71.476001007382123, 51.147232956324807 ], [ 71.476144207169057, 51.147043156260004 ], [ 71.476004613454734, 51.147001719395092 ], [ 71.476106450294367, 51.146867510413095 ], [ 71.47624612091937, 51.146881768722302 ], [ 71.47628582090239, 51.146873568666088 ], [ 71.476388720384591, 51.146720968527156 ], [ 71.476374920287853, 51.14669536854818 ], [ 71.476257038866677, 51.146660819661768 ], [ 71.476264560826138, 51.146650495323662 ], [ 71.47635442015256, 51.146659668579311 ], [ 71.476540719269522, 51.14639846832705 ], [ 71.476461419164252, 51.146376268441372 ], [ 71.4761878, 51.1463617 ], [ 71.476074567678609, 51.146520499750913 ], [ 71.4757954, 51.146492 ], [ 71.4755193, 51.1467864 ], [ 71.4752893, 51.1471021 ] ] ], [ [ [ 71.4766985, 51.1468379 ], [ 71.4765677, 51.1470172 ], [ 71.476841507293855, 51.147085555927532 ], [ 71.476972307092083, 51.146906255868437 ], [ 71.4766985, 51.1468379 ] ] ], [ [ [ 71.4774541, 51.1470981 ], [ 71.4773912, 51.1471918 ], [ 71.477545807532607, 51.147222155590107 ], [ 71.477602407426787, 51.147129155564812 ], [ 71.4774541, 51.1470981 ] ] ], [ [ [ 71.476917637017252, 51.147191079712009 ], [ 71.476708136547472, 51.147131380215512 ], [ 71.4764311, 51.14710310000001 ], [ 71.476248, 51.1473561 ], [ 71.4764575, 51.1474158 ], [ 71.47668236477314, 51.14743875428271 ], [ 71.4766995, 51.1474671 ], [ 71.4770232, 51.14755670000001 ], [ 71.477818826510813, 51.14763791157295 ], [ 71.478750408465856, 51.147892255005409 ], [ 71.479632807088336, 51.146669054606903 ], [ 71.478467, 51.1463481 ], [ 71.477712781718466, 51.147393583338854 ], [ 71.476835863477319, 51.147304072436668 ], [ 71.476917637017252, 51.147191079712009 ] ] ], [ [ [ 71.475981, 51.148424299999988 ], [ 71.475876700000015, 51.148574399999987 ], [ 71.4759539, 51.1485955 ], [ 71.476009309028257, 51.148601156297111 ], [ 71.476111309771483, 51.148454224050226 ], [ 71.4763822, 51.1485264 ], [ 71.476460085433274, 51.148534350459528 ], [ 71.4762278, 51.1487755 ], [ 71.4761304, 51.1489102 ], [ 71.4763398, 51.1489697 ], [ 71.476506028595338, 51.148986668241733 ], [ 71.476594728543049, 51.148964368116303 ], [ 71.476940026929654, 51.148486767648372 ], [ 71.476821237236067, 51.148453025634154 ], [ 71.477048135876885, 51.14847642337908 ], [ 71.477253525306566, 51.148180747998957 ], [ 71.477280057388725, 51.148183456191141 ], [ 71.4771415, 51.1483701 ], [ 71.477223310801008, 51.148392777314939 ], [ 71.477201, 51.1483905 ], [ 71.4766857, 51.1491189 ], [ 71.4773859, 51.1493138 ], [ 71.477489994332913, 51.149324424698257 ], [ 71.4777998, 51.149408 ], [ 71.478388605347462, 51.149468094602206 ], [ 71.478302, 51.149593899999985 ], [ 71.4795724, 51.149938 ], [ 71.479834163531237, 51.149964712049545 ], [ 71.4798058, 51.1500048 ], [ 71.4812398, 51.1504041 ], [ 71.481461447126378, 51.150426714845167 ], [ 71.481662845842934, 51.150142214481704 ], [ 71.480299501079301, 51.149743817796534 ], [ 71.480830100071131, 51.149038341151773 ], [ 71.480752698851603, 51.148943741536428 ], [ 71.480524497785268, 51.148875142634004 ], [ 71.480452731752905, 51.148867819461223 ], [ 71.480474187592037, 51.148835988473074 ], [ 71.479712584677472, 51.148633691765603 ], [ 71.4792139, 51.1485828 ], [ 71.4791197, 51.1487224 ], [ 71.479889764339603, 51.148925553559813 ], [ 71.479621665474596, 51.14942710253699 ], [ 71.479388901517055, 51.14928534796514 ], [ 71.479151700492849, 51.149221049104767 ], [ 71.478672951836529, 51.149172190246254 ], [ 71.478767117264255, 51.14903486147756 ], [ 71.478735325991238, 51.14902628226325 ], [ 71.478803719430331, 51.148931709950439 ], [ 71.478338919013751, 51.148799410397274 ], [ 71.4782281, 51.1487881 ], [ 71.478175484186352, 51.148860855267721 ], [ 71.4781638151793, 51.148531451872373 ], [ 71.478659592287713, 51.148582051556915 ], [ 71.478797790137051, 51.148391050932645 ], [ 71.478014686634069, 51.148168654696747 ], [ 71.477481356411417, 51.148114218622254 ], [ 71.477593924965944, 51.147955636095261 ], [ 71.47729732300165, 51.147872838233347 ], [ 71.4764662, 51.147788 ], [ 71.47638587785103, 51.147901105132632 ], [ 71.4760126, 51.147863 ], [ 71.4758235, 51.1481192 ], [ 71.4761007, 51.1481997 ], [ 71.47664424645339, 51.148255185274031 ], [ 71.476564125386105, 51.148372622045414 ], [ 71.476215417314393, 51.148279712435752 ], [ 71.4761046, 51.148268399999985 ], [ 71.476010179695294, 51.148427278748017 ], [ 71.475981, 51.148424299999988 ] ], [ [ 71.476576971813799, 51.148413768577285 ], [ 71.47657778355304, 51.148412570178436 ], [ 71.476585052784316, 51.148414593464921 ], [ 71.476576971813799, 51.148413768577285 ] ] ], [ [ [ 71.475742, 51.148362 ], [ 71.4756614, 51.1484985 ], [ 71.475861608936398, 51.148537756368491 ], [ 71.475942208780893, 51.148401356332506 ], [ 71.475742, 51.148362 ] ] ], [ [ [ 71.47561740905401, 51.148657056482584 ], [ 71.4754988, 51.1486352 ], [ 71.4754701, 51.1486794 ], [ 71.475588609104108, 51.148701256495521 ], [ 71.47561740905401, 51.148657056482584 ] ] ], [ [ [ 71.475764727930098, 51.14926755538626 ], [ 71.4756213, 51.1492396 ], [ 71.475556, 51.1493411 ], [ 71.475726169711692, 51.149370873271117 ], [ 71.4762903, 51.1495181 ], [ 71.476788992016395, 51.149569004137028 ], [ 71.476866890821, 51.149451703821832 ], [ 71.476277188592476, 51.149297706370746 ], [ 71.4757785, 51.1492468 ], [ 71.475764727930098, 51.14926755538626 ] ] ], [ [ [ 71.4759705, 51.1497008 ], [ 71.4759281, 51.1497632 ], [ 71.476066210463685, 51.149789756249412 ], [ 71.476107710394245, 51.149728356230739 ], [ 71.4759705, 51.1497008 ] ] ], [ [ [ 71.476795251664953, 51.149637979790661 ], [ 71.4765182, 51.1496097 ], [ 71.4764428, 51.1497206 ], [ 71.477538, 51.1500136 ], [ 71.477701901234695, 51.150030328514646 ], [ 71.4774097, 51.1504186 ], [ 71.477629511450701, 51.150472855493817 ], [ 71.477922411013722, 51.150083755361237 ], [ 71.47776316031748, 51.150036580836336 ], [ 71.477815054633297, 51.150041877329812 ], [ 71.477890454006328, 51.149930977160075 ], [ 71.476795251664953, 51.149637979790661 ] ] ], [ [ [ 71.4755197, 51.1499346 ], [ 71.4754393, 51.1500495 ], [ 71.4762125, 51.1502624 ], [ 71.476489555428017, 51.150290680461147 ], [ 71.476569954779649, 51.150175780279874 ], [ 71.475796753090208, 51.149962882137558 ], [ 71.4755197, 51.1499346 ] ] ], [ [ [ 71.477341456249405, 51.150467679376426 ], [ 71.477387011272512, 51.150346055611394 ], [ 71.4766387, 51.150141699999985 ], [ 71.4763735, 51.150505699999982 ], [ 71.476539, 51.15055310000001 ], [ 71.47720961601479, 51.150631929140857 ], [ 71.4771896, 51.1506583 ], [ 71.477597011803596, 51.150769155504115 ], [ 71.477695911657236, 51.150638755459347 ], [ 71.477515011483192, 51.150509955547655 ], [ 71.477341456249405, 51.150467679376426 ] ] ], [ [ [ 71.4776995, 51.1507239 ], [ 71.477662, 51.1507809 ], [ 71.477849111892212, 51.15082065538332 ], [ 71.477886611827643, 51.150763655366475 ], [ 71.4776995, 51.1507239 ] ] ], [ [ [ 71.4780278, 51.1515468 ], [ 71.478083212797173, 51.151552455259221 ], [ 71.47817741278547, 51.151534455214716 ], [ 71.478254412675511, 51.151436255179782 ], [ 71.478210812605724, 51.151382055201481 ], [ 71.478148612576035, 51.151362855231383 ], [ 71.4779138, 51.1513491 ], [ 71.477898863740535, 51.151368164700621 ], [ 71.47800983709439, 51.151209965979625 ], [ 71.477786736801647, 51.151148466301237 ], [ 71.4776205, 51.1511315 ], [ 71.4774648, 51.1513536 ], [ 71.4776878, 51.1514151 ], [ 71.477849187759276, 51.151431571195353 ], [ 71.4778371, 51.151447 ], [ 71.4780278, 51.1515468 ] ] ], [ [ [ 71.477566612972453, 51.151743655501683 ], [ 71.477337212866871, 51.151676055611986 ], [ 71.4772818, 51.1516704 ], [ 71.4772513, 51.1517112 ], [ 71.4772543, 51.1517677 ], [ 71.4774465, 51.1518244 ], [ 71.477501913069531, 51.151830055530951 ], [ 71.477566612972453, 51.151743655501683 ] ] ], [ [ [ 71.4747352, 51.1526819 ], [ 71.4747454, 51.1532091 ], [ 71.4756336, 51.1539053 ], [ 71.476211715618334, 51.154062556106005 ], [ 71.476826114641668, 51.153196555828742 ], [ 71.475479413634858, 51.152478056481911 ], [ 71.4752018, 51.1524736 ], [ 71.4747352, 51.1526819 ] ] ], [ [ [ 71.477078915001499, 51.153473455703654 ], [ 71.4768194, 51.1534094 ], [ 71.4767019, 51.153570799999983 ], [ 71.476961415183197, 51.153634855756742 ], [ 71.477078915001499, 51.153473455703654 ] ] ], [ [ [ 71.477296215457898, 51.153833755594022 ], [ 71.477387015324013, 51.15371445555288 ], [ 71.477566814871139, 51.153322155474157 ], [ 71.4773549, 51.1532696 ], [ 71.4771105, 51.1535906 ], [ 71.4770443, 51.1537692 ], [ 71.477296215457898, 51.153833755594022 ] ] ], [ [ [ 71.4763754, 51.1543252 ], [ 71.4762929, 51.1544445 ], [ 71.477370316541666, 51.154728155543225 ], [ 71.477452816406867, 51.154608855506041 ], [ 71.4763754, 51.1543252 ] ] ], [ [ [ 71.477645216475253, 51.154648755413824 ], [ 71.4775317, 51.154628 ], [ 71.4775102, 51.1546606 ], [ 71.477623716512184, 51.15468135542347 ], [ 71.477645216475253, 51.154648755413824 ] ] ], [ [ [ 71.4778148, 51.1547032 ], [ 71.4775138, 51.1551376 ], [ 71.4776884, 51.1551852 ], [ 71.477965485815787, 51.155213476522768 ], [ 71.478266483362148, 51.154779075844473 ], [ 71.478091882983449, 51.154731476263954 ], [ 71.4778148, 51.1547032 ] ] ], [ [ [ 71.4760459, 51.155363800000011 ], [ 71.476489917227156, 51.155375455950846 ], [ 71.476822417192579, 51.155317455793657 ], [ 71.476826717064796, 51.15521085579347 ], [ 71.476599216590927, 51.154836955908202 ], [ 71.4761284, 51.1548249 ], [ 71.4760546, 51.1551442 ], [ 71.4760459, 51.155363800000011 ] ] ], [ [ [ 71.476687664232813, 51.156248803527163 ], [ 71.477732661310995, 51.155886999109029 ], [ 71.47763886006851, 51.155780499527324 ], [ 71.477583766596695, 51.155774877231643 ], [ 71.477625188850183, 51.155747877285897 ], [ 71.477869186700161, 51.155368976738359 ], [ 71.477710486347902, 51.155324377119754 ], [ 71.4774334, 51.1552961 ], [ 71.4771661, 51.1556735 ], [ 71.477227968264941, 51.155738567306742 ], [ 71.4771401, 51.155729599999987 ], [ 71.476186227966977, 51.15605997315248 ], [ 71.4753402, 51.1559653 ], [ 71.4752623, 51.1560693 ], [ 71.4755997, 51.1561686 ], [ 71.476443764016665, 51.156250304571302 ], [ 71.476496491037551, 51.156229292790918 ], [ 71.476687664232813, 51.156248803527163 ] ] ], [ [ [ 71.4760602, 51.1574715 ], [ 71.475948, 51.1575093 ], [ 71.4758644, 51.157562899999988 ], [ 71.4759624, 51.157666 ], [ 71.476627440113177, 51.157733871880424 ], [ 71.476815239689074, 51.157687970817769 ], [ 71.476946538832209, 51.157617070082885 ], [ 71.476846837293522, 51.157519270672488 ], [ 71.4761818, 51.1574514 ], [ 71.4760602, 51.1574715 ] ] ], [ [ [ 71.476558564493203, 51.158929467648854 ], [ 71.4763923, 51.1589125 ], [ 71.4760227, 51.159135799999987 ], [ 71.4764934, 51.1594424 ], [ 71.476659666438181, 51.159459367476934 ], [ 71.476940266025181, 51.159320267083658 ], [ 71.476558564493203, 51.158929467648854 ] ] ], [ [ [ 71.4769381, 51.1594978 ], [ 71.4768094, 51.1595449 ], [ 71.4768845, 51.1596189 ], [ 71.476939922387189, 51.159624555662965 ], [ 71.477068622346167, 51.159579155602522 ], [ 71.476993522247128, 51.159503455639566 ], [ 71.4769381, 51.1594978 ] ] ], [ [ [ 71.476548287195811, 51.160132719703654 ], [ 71.476881222822584, 51.159991555684527 ], [ 71.476924922736117, 51.159915855665048 ], [ 71.476709222522075, 51.15975695577044 ], [ 71.4766538, 51.1597513 ], [ 71.476357294356376, 51.159871007203904 ], [ 71.476249801689178, 51.159746304855744 ], [ 71.475751, 51.1596954 ], [ 71.4755565, 51.1597613 ], [ 71.4757244, 51.159956200000011 ], [ 71.476223204488278, 51.160007104928923 ], [ 71.476275878039985, 51.159989267158721 ], [ 71.47641828004403, 51.160119452599574 ], [ 71.4760699, 51.160083899999989 ], [ 71.4759156, 51.1601417 ], [ 71.4761349, 51.1603718 ], [ 71.476633709380479, 51.160422703106107 ], [ 71.476788008901536, 51.160364902454404 ], [ 71.476568706200524, 51.160134803429457 ], [ 71.476548287195811, 51.160132719703654 ] ] ], [ [ [ 71.477185, 51.1603348 ], [ 71.476129, 51.160702 ], [ 71.4762326, 51.1608192 ], [ 71.476731414319119, 51.160870102617828 ], [ 71.477787411347336, 51.160502798153168 ], [ 71.477683809980419, 51.160385698615116 ], [ 71.477185, 51.1603348 ] ] ], [ [ [ 71.4782248, 51.1604569 ], [ 71.477988, 51.1605463 ], [ 71.4782159, 51.1607836 ], [ 71.478271323929675, 51.160789255009249 ], [ 71.478508123847178, 51.160699854898141 ], [ 71.478280223537467, 51.160462555010689 ], [ 71.4782248, 51.1604569 ] ] ], [ [ [ 71.475999, 51.1608864 ], [ 71.4762981, 51.1612187 ], [ 71.476796918708388, 51.161269602274906 ], [ 71.476904018593828, 51.161231728442246 ], [ 71.477560992775082, 51.161298765807601 ], [ 71.478385389322597, 51.160987161165451 ], [ 71.478278587582551, 51.160876061798405 ], [ 71.4776135, 51.1608082 ], [ 71.476880076364139, 51.161085325017183 ], [ 71.476686714280845, 51.160870502809196 ], [ 71.4761879, 51.1608196 ], [ 71.475999, 51.1608864 ] ] ], [ [ [ 71.4766975, 51.1613781 ], [ 71.4765335, 51.1614454 ], [ 71.4766645, 51.161571 ], [ 71.476719924713009, 51.161576655733739 ], [ 71.476884024649408, 51.16150935565684 ], [ 71.476752924484344, 51.161383755721396 ], [ 71.4766975, 51.1613781 ] ] ], [ [ [ 71.47914816670982, 51.164032116162886 ], [ 71.479368065081758, 51.163956413683216 ], [ 71.479190658775735, 51.163753715793646 ], [ 71.478971100911764, 51.163731317141284 ], [ 71.478782627248279, 51.163501754718837 ], [ 71.4787272, 51.1634961 ], [ 71.4785907, 51.1635402 ], [ 71.478525081038711, 51.163578206268383 ], [ 71.47749, 51.1634726 ], [ 71.4772861, 51.1635483 ], [ 71.4774719, 51.163745 ], [ 71.477706330287177, 51.163768918955348 ], [ 71.4778179, 51.1638964 ], [ 71.47914816670982, 51.164032116162886 ] ] ], [ [ [ 71.4774655, 51.1666817 ], [ 71.4773576, 51.1667266 ], [ 71.4774554, 51.166819 ], [ 71.477510831113392, 51.166824655266282 ], [ 71.477618831070771, 51.166779755215671 ], [ 71.477520930949197, 51.166687355263875 ], [ 71.4774655, 51.1666817 ] ] ], [ [ [ 71.4773918, 51.1668768 ], [ 71.477125, 51.166967 ], [ 71.4772776, 51.1671445 ], [ 71.47733303148641, 51.167150155345233 ], [ 71.477599731406087, 51.167059955219905 ], [ 71.477447231176257, 51.166882455295543 ], [ 71.4773918, 51.1668768 ] ] ], [ [ [ 71.4768912, 51.167621 ], [ 71.476830090142897, 51.167655740967589 ], [ 71.476765, 51.1676491 ], [ 71.4766147, 51.1677016 ], [ 71.4768882, 51.1680093 ], [ 71.477054497496866, 51.168026266467145 ], [ 71.477204797355014, 51.167973766255301 ], [ 71.477002298397224, 51.167745947438689 ], [ 71.477044532149037, 51.167725955472527 ], [ 71.476946632019136, 51.167626655520834 ], [ 71.4768912, 51.167621 ] ] ], [ [ [ 71.477209, 51.1679734 ], [ 71.4771151, 51.1680053 ], [ 71.4771849, 51.168086099999989 ], [ 71.477240332610151, 51.168091755373005 ], [ 71.477336832579809, 51.168058055327677 ], [ 71.477264432477028, 51.167979055363496 ], [ 71.477209, 51.1679734 ] ] ], [ [ [ 71.47701, 51.168216299999983 ], [ 71.4768158, 51.1682758 ], [ 71.4769278, 51.168429 ], [ 71.47698323299575, 51.168434655489399 ], [ 71.477177432946249, 51.16837645539799 ], [ 71.47706543274839, 51.168221955453959 ], [ 71.47701, 51.168216299999983 ] ] ], [ [ [ 71.4765636, 51.1687672 ], [ 71.4764007, 51.1688107 ], [ 71.4764837, 51.1689176 ], [ 71.47653913353696, 51.168923255692235 ], [ 71.476696033501213, 51.168879755618327 ], [ 71.476619033364344, 51.168772855656826 ], [ 71.4765636, 51.1687672 ] ] ], [ [ [ 71.478687734084872, 51.169189354665185 ], [ 71.478540833902102, 51.169050454737508 ], [ 71.4784854, 51.1690448 ], [ 71.4783149, 51.1691156 ], [ 71.4784597, 51.1692525 ], [ 71.478515134149447, 51.16925815474611 ], [ 71.478687734084872, 51.169189354665185 ] ] ], [ [ [ 71.4776945, 51.1693096 ], [ 71.4775068, 51.1693643 ], [ 71.4776838, 51.1696064 ], [ 71.47773923449337, 51.169612055109198 ], [ 71.477925634447374, 51.16955745502144 ], [ 71.477749934137151, 51.169315255109254 ], [ 71.4776945, 51.1693096 ] ] ], [ [ [ 71.477544534265775, 51.169440155204832 ], [ 71.4774891, 51.1694345 ], [ 71.4773833, 51.1694786 ], [ 71.4774135, 51.16950760000001 ], [ 71.477468934345779, 51.169513255239536 ], [ 71.477576334301901, 51.169467355189212 ], [ 71.477544534265775, 51.169440155204832 ] ] ], [ [ [ 71.4771393, 51.169513899999984 ], [ 71.4769328, 51.1695947 ], [ 71.4769998, 51.1696552 ], [ 71.477055234479678, 51.16966085543384 ], [ 71.477253734399454, 51.169576755340849 ], [ 71.477194734324328, 51.169519555369902 ], [ 71.4771393, 51.169513899999984 ] ] ], [ [ [ 71.4779574, 51.16971070000001 ], [ 71.477889, 51.1697418 ], [ 71.4780056, 51.1698419 ], [ 71.478061034810992, 51.169847554951978 ], [ 71.478130834781894, 51.16981725491928 ], [ 71.478012834647927, 51.16971635497719 ], [ 71.4779574, 51.16971070000001 ] ] ], [ [ [ 71.476875334492519, 51.169687355518995 ], [ 71.4768199, 51.1696817 ], [ 71.4766384, 51.169746799999984 ], [ 71.476761781445916, 51.169882122004083 ], [ 71.4767302, 51.1698789 ], [ 71.4765854, 51.1699328 ], [ 71.4766658, 51.1700168 ], [ 71.476721234879676, 51.170022455586498 ], [ 71.476846383243853, 51.169974910812961 ], [ 71.4768709, 51.1700018 ], [ 71.476926334883331, 51.170007455489177 ], [ 71.477107734824287, 51.169942455403969 ], [ 71.476875334492519, 51.169687355518995 ] ] ], [ [ [ 71.4771588, 51.1697851 ], [ 71.4774692, 51.170059299999984 ], [ 71.477524635015953, 51.170064955203458 ], [ 71.477899334885009, 51.169923255027605 ], [ 71.477719334640668, 51.169736155116517 ], [ 71.477541734551551, 51.169677755202052 ], [ 71.4774215, 51.1696601 ], [ 71.4771588, 51.1697851 ] ] ], [ [ [ 71.4781866, 51.1702315 ], [ 71.478297470611182, 51.170242809691665 ], [ 71.478603770370952, 51.170116109404539 ], [ 71.478464969906426, 51.169935409542937 ], [ 71.478366869721654, 51.169867309638661 ], [ 71.4782002, 51.169838 ], [ 71.4779, 51.169963799999984 ], [ 71.4781866, 51.1702315 ] ] ], [ [ [ 71.4771569, 51.1700524 ], [ 71.476957, 51.1701234 ], [ 71.4772545, 51.1704528 ], [ 71.477309935466991, 51.170458455298785 ], [ 71.477509835402671, 51.170387455204903 ], [ 71.477212334974553, 51.170058055352186 ], [ 71.4771569, 51.1700524 ] ] ], [ [ [ 71.477609500000014, 51.1702651 ], [ 71.4774591, 51.1703289 ], [ 71.4775707, 51.1704324 ], [ 71.47762613547593, 51.170438055148665 ], [ 71.477776535415032, 51.170374255078201 ], [ 71.477664935278597, 51.170270755133103 ], [ 71.477609500000014, 51.1702651 ] ] ], [ [ [ 71.4782685, 51.1704238 ], [ 71.4782363, 51.170558300000017 ], [ 71.478420535719835, 51.170570754768328 ], [ 71.478447335564709, 51.170439554757849 ], [ 71.4782685, 51.1704238 ] ] ], [ [ [ 71.4777474, 51.1706642 ], [ 71.4775837, 51.1707253 ], [ 71.4777678, 51.170919 ], [ 71.477823236082699, 51.170924655046434 ], [ 71.477986936026468, 51.170863554969586 ], [ 71.47780283577373, 51.170669855060559 ], [ 71.4777474, 51.1706642 ] ] ], [ [ [ 71.4782818, 51.1708994 ], [ 71.478337236113546, 51.170905054802169 ], [ 71.478464609107093, 51.170858568266333 ], [ 71.4785044, 51.1709 ], [ 71.478559836137848, 51.170905654696242 ], [ 71.478646836108751, 51.17087385465539 ], [ 71.478491935890062, 51.170705854732013 ], [ 71.4784365, 51.1707002 ], [ 71.4781803, 51.1707937 ], [ 71.4782818, 51.1708994 ] ] ], [ [ [ 71.478186836665344, 51.171376554865553 ], [ 71.4781314, 51.1713709 ], [ 71.4777317, 51.171505 ], [ 71.4778488, 51.171642299999988 ], [ 71.477904236962232, 51.171647954995329 ], [ 71.478304036843099, 51.171513854807394 ], [ 71.478186836665344, 51.171376554865553 ] ] ], [ [ [ 71.4784615, 51.171572 ], [ 71.4782523, 51.1716624 ], [ 71.4783985, 51.1717954 ], [ 71.47845393720479, 51.171801054731077 ], [ 71.478663037118096, 51.171710654633138 ], [ 71.478516936942441, 51.171577654704976 ], [ 71.4784615, 51.171572 ] ] ], [ [ [ 71.4779037, 51.1718402 ], [ 71.477658, 51.1719428 ], [ 71.4777975, 51.172074 ], [ 71.477852937476626, 51.17207965501224 ], [ 71.478098537378955, 51.171976954897147 ], [ 71.477959137206327, 51.171845854965753 ], [ 71.4779037, 51.1718402 ] ] ], [ [ [ 71.478958837319794, 51.171852154489919 ], [ 71.4789034, 51.1718465 ], [ 71.4779132, 51.1722166 ], [ 71.478121, 51.1724352 ], [ 71.478176437945848, 51.172440854852006 ], [ 71.479166637604919, 51.17207065438722 ], [ 71.478958837319794, 51.171852154489919 ] ] ], [ [ [ 71.4774713, 51.1719509 ], [ 71.4766578, 51.1722744 ], [ 71.4768216, 51.1724364 ], [ 71.476877037809643, 51.172442055470356 ], [ 71.477690637506157, 51.172118455088807 ], [ 71.477526737293843, 51.171956555169608 ], [ 71.4774713, 51.1719509 ] ] ], [ [ [ 71.4778339, 51.1722803 ], [ 71.477469, 51.1724347 ], [ 71.477584, 51.1725416 ], [ 71.477639438017079, 51.172547255105734 ], [ 71.4780044378697, 51.172392754934712 ], [ 71.477889337728897, 51.172285954991324 ], [ 71.4778339, 51.1722803 ] ] ], [ [ [ 71.47736333786996, 51.172449355238832 ], [ 71.4773079, 51.1724437 ], [ 71.4768726, 51.1726229 ], [ 71.476985, 51.1727303 ], [ 71.477040438180879, 51.172735955387495 ], [ 71.477475738011194, 51.172556755183464 ], [ 71.47736333786996, 51.172449355238832 ] ] ], [ [ [ 71.4776437, 51.1726274 ], [ 71.4775453, 51.1726716 ], [ 71.4776077, 51.1727263 ], [ 71.477663138242008, 51.17273195509123 ], [ 71.477761638199112, 51.172687655045131 ], [ 71.477699138126738, 51.172633055075806 ], [ 71.4776437, 51.1726274 ] ] ], [ [ [ 71.4781215, 51.1727325 ], [ 71.4780003, 51.1727715 ], [ 71.4780539, 51.172837 ], [ 71.478109338422612, 51.172842654876973 ], [ 71.478230638388581, 51.172803754819924 ], [ 71.478176938303903, 51.17273815484662 ], [ 71.4781215, 51.1727325 ] ] ], [ [ [ 71.477576, 51.172999 ], [ 71.47778673857627, 51.17299865502779 ], [ 71.47795713852797, 51.172943554947643 ], [ 71.477824038319042, 51.172781755013808 ], [ 71.4777686, 51.1727761 ], [ 71.4775982, 51.1728312 ], [ 71.4775099, 51.172918699999983 ], [ 71.477576, 51.172999 ] ] ], [ [ [ 71.4772328, 51.1729997 ], [ 71.4770241, 51.173077 ], [ 71.4771009, 51.1731586 ], [ 71.477156338708923, 51.17316425532492 ], [ 71.477365038637942, 51.173086955226921 ], [ 71.477288238531543, 51.173005355264898 ], [ 71.4772328, 51.1729997 ] ] ], [ [ [ 71.4767364, 51.173178 ], [ 71.4765606, 51.173246 ], [ 71.4766394, 51.1733262 ], [ 71.476694838861874, 51.173331855541612 ], [ 71.47687073879861, 51.173263855459105 ], [ 71.476791838693671, 51.173183655498043 ], [ 71.4767364, 51.173178 ] ] ], [ [ [ 71.478997, 51.1734327 ], [ 71.4788428, 51.173484 ], [ 71.4789175, 51.1735721 ], [ 71.478972939399299, 51.173577754453234 ], [ 71.479127139353736, 51.173526354380733 ], [ 71.479052439239851, 51.173438354417804 ], [ 71.478997, 51.1734327 ] ] ], [ [ [ 71.478698439364209, 51.173572754583944 ], [ 71.478643, 51.1735671 ], [ 71.478493, 51.1736232 ], [ 71.4785802, 51.1737148 ], [ 71.478635639535426, 51.173720454611264 ], [ 71.47878563948376, 51.173664354540861 ], [ 71.478698439364209, 51.173572754583944 ] ] ], [ [ [ 71.4784434, 51.1736513 ], [ 71.4782457, 51.1737173 ], [ 71.4783023, 51.173784 ], [ 71.478357739589327, 51.173789654742301 ], [ 71.47855543953068, 51.173723554649364 ], [ 71.47849883944447, 51.173656954677469 ], [ 71.4784434, 51.1736513 ] ] ], [ [ [ 71.4789618, 51.1737055 ], [ 71.4788414, 51.1737536 ], [ 71.4789398, 51.1738505 ], [ 71.478995239736946, 51.173856154437743 ], [ 71.479115839691787, 51.173808054381219 ], [ 71.479017239564627, 51.173711154429832 ], [ 71.4789618, 51.1737055 ] ] ], [ [ [ 71.478248839578995, 51.173790654794125 ], [ 71.4781934, 51.173785 ], [ 71.4780443, 51.1738327 ], [ 71.478092, 51.1738913 ], [ 71.478147439696286, 51.173896954840529 ], [ 71.478296539654522, 51.173849154770402 ], [ 71.478248839578995, 51.173790654794125 ] ] ], [ [ [ 71.4785739, 51.1739607 ], [ 71.478715539847741, 51.173972754568851 ], [ 71.478819539817209, 51.173938254519975 ], [ 71.478732039683052, 51.173834554563399 ], [ 71.4786766, 51.1738289 ], [ 71.4785725, 51.1738635 ], [ 71.478534, 51.1739134 ], [ 71.4785739, 51.1739607 ] ] ], [ [ [ 71.478777300000019, 51.1739637 ], [ 71.4786476, 51.1740135 ], [ 71.4787208, 51.1740884 ], [ 71.478776240000258, 51.174094054537875 ], [ 71.478905939954004, 51.174044254476996 ], [ 71.478832739856074, 51.173969354513147 ], [ 71.478777300000019, 51.1739637 ] ] ], [ [ [ 71.477601239758386, 51.173996555098732 ], [ 71.4775458, 51.1739909 ], [ 71.4773451, 51.1740599 ], [ 71.4774084, 51.1741322 ], [ 71.477463839913995, 51.174137855161675 ], [ 71.477664539852142, 51.174068855067354 ], [ 71.477601239758386, 51.173996555098732 ] ] ], [ [ [ 71.4784384, 51.174116 ], [ 71.4783098, 51.1741737 ], [ 71.4784041, 51.1742562 ], [ 71.478459540168799, 51.17426185468566 ], [ 71.478588140112919, 51.174204154625478 ], [ 71.478493840003594, 51.174121654671787 ], [ 71.4784384, 51.174116 ] ] ], [ [ [ 71.479130940250968, 51.174271054365981 ], [ 71.479000340086728, 51.174146154430304 ], [ 71.4789449, 51.1741405 ], [ 71.4788258, 51.1741894 ], [ 71.4789368, 51.1743223 ], [ 71.478992240304834, 51.174327954431 ], [ 71.479130940250968, 51.174271054365981 ] ] ], [ [ [ 71.4783024, 51.1742561 ], [ 71.4781371, 51.1742795 ], [ 71.4781789, 51.174395900000015 ], [ 71.478234340313207, 51.174401554790414 ], [ 71.478399740302521, 51.174378154712088 ], [ 71.478357840157912, 51.174261754734061 ], [ 71.4783024, 51.1742561 ] ] ], [ [ [ 71.4787092, 51.1743263 ], [ 71.4785886, 51.1743921 ], [ 71.4786972, 51.17447030000001 ], [ 71.478752640457699, 51.174475954542473 ], [ 71.478873240391209, 51.17441015448621 ], [ 71.478764640285533, 51.174331954539241 ], [ 71.4787092, 51.1743263 ] ] ], [ [ [ 71.4789431, 51.1745257 ], [ 71.4788102, 51.1745866 ], [ 71.4789126, 51.1746744 ], [ 71.478968040726315, 51.174680054436422 ], [ 71.479100940666925, 51.174619054374205 ], [ 71.47899854055045, 51.174531354424467 ], [ 71.4789431, 51.1745257 ] ] ], [ [ [ 71.4766833, 51.174599 ], [ 71.4765722, 51.174687499999983 ], [ 71.4767473, 51.1747739 ], [ 71.476802740616776, 51.174779555465129 ], [ 71.476913740521951, 51.174691055413845 ], [ 71.476738740399355, 51.174604655498641 ], [ 71.4766833, 51.174599 ] ] ], [ [ [ 71.477553840581805, 51.17468445510935 ], [ 71.4774984, 51.1746788 ], [ 71.477395300000012, 51.174758 ], [ 71.4774847, 51.1748038 ], [ 71.477540140730923, 51.174809455113696 ], [ 71.477643240646316, 51.174730155065994 ], [ 71.477553840581805, 51.17468445510935 ] ] ], [ [ [ 71.4783829, 51.174687799999987 ], [ 71.4782465, 51.1747661 ], [ 71.4783086, 51.1748086 ], [ 71.478364040823976, 51.174814254721518 ], [ 71.478500440744099, 51.174735954657962 ], [ 71.478438340686353, 51.174693454688253 ], [ 71.4783829, 51.174687799999987 ] ] ], [ [ [ 71.4778375, 51.1747654 ], [ 71.477762, 51.1748169 ], [ 71.4778483, 51.1748666 ], [ 71.477903740845065, 51.174872254939565 ], [ 71.477979240791143, 51.174820854904539 ], [ 71.477892940722043, 51.174771054946461 ], [ 71.4778375, 51.1747654 ] ] ], [ [ [ 71.477997340904594, 51.174913454894316 ], [ 71.4779419, 51.1749078 ], [ 71.4778512, 51.1749654 ], [ 71.477931400000017, 51.1750151 ], [ 71.477986841032717, 51.175020754897432 ], [ 71.478077540972947, 51.174963154855256 ], [ 71.477997340904594, 51.174913454894316 ] ] ], [ [ [ 71.4776546, 51.1749518 ], [ 71.4775256, 51.175019399999989 ], [ 71.4775979, 51.1750736 ], [ 71.477653341067835, 51.175079255055138 ], [ 71.477782341000193, 51.175011754994912 ], [ 71.47771004092715, 51.174957455030274 ], [ 71.4776546, 51.1749518 ] ] ], [ [ [ 71.4770298, 51.174966399999988 ], [ 71.4767295, 51.1750946 ], [ 71.4770962, 51.1754323 ], [ 71.47726252437819, 51.175449265783563 ], [ 71.477562824010406, 51.175321065361501 ], [ 71.477196122673689, 51.174983365902612 ], [ 71.4770298, 51.174966399999988 ] ] ], [ [ [ 71.479039441550327, 51.175357954390655 ], [ 71.478984, 51.175352300000014 ], [ 71.4789136, 51.175389799999984 ], [ 71.4790162, 51.1754528 ], [ 71.479071641674778, 51.175458454373576 ], [ 71.479133941638381, 51.175422754344538 ], [ 71.479039441550327, 51.175357954390655 ] ] ], [ [ [ 71.479146142025328, 51.175742954333181 ], [ 71.478919941837688, 51.175607054443191 ], [ 71.478864500000014, 51.1756014 ], [ 71.4787406, 51.1756332 ], [ 71.4786804, 51.1756725 ], [ 71.4789459, 51.1758321 ], [ 71.479001342124178, 51.175837754400455 ], [ 71.479146142025328, 51.175742954333181 ] ] ], [ [ [ 71.4780915, 51.1758387 ], [ 71.4776409, 51.1760203 ], [ 71.4779419, 51.1763139 ], [ 71.47799734259813, 51.176319554869899 ], [ 71.478447942427124, 51.1761379546586 ], [ 71.478146942041619, 51.175844354806941 ], [ 71.4780915, 51.1758387 ] ] ], [ [ [ 71.477476100000018, 51.1760263 ], [ 71.477237, 51.1761221 ], [ 71.4773497, 51.1762327 ], [ 71.47740514243759, 51.176238355153139 ], [ 71.477644242347424, 51.176142455041003 ], [ 71.477531542202385, 51.176031955096562 ], [ 71.477476100000018, 51.1760263 ] ] ], [ [ [ 71.477718455999849, 51.176934833670984 ], [ 71.4778189, 51.1770327 ], [ 71.477874343450878, 51.177038354915943 ], [ 71.478454243230445, 51.176804354644013 ], [ 71.477800542454062, 51.17621725496533 ], [ 71.4777451, 51.1762116 ], [ 71.47711348413479, 51.176328945376767 ], [ 71.477238442468703, 51.17627885523175 ], [ 71.477116942312279, 51.176159655291656 ], [ 71.4770615, 51.176154 ], [ 71.4766389, 51.1763234 ], [ 71.476760400000018, 51.1764426 ], [ 71.476814844092303, 51.176448153574484 ], [ 71.4774553, 51.177013 ], [ 71.477510743388649, 51.177018655089334 ], [ 71.477718455999849, 51.176934833670984 ] ] ], [ [ [ 71.4787275, 51.176329499999987 ], [ 71.4785847, 51.1763912 ], [ 71.4787811, 51.1765697 ], [ 71.478947429023449, 51.17658666331873 ], [ 71.479090228845493, 51.176524863118061 ], [ 71.478893828138453, 51.176346463407761 ], [ 71.4787275, 51.176329499999987 ] ] ], [ [ [ 71.4782756, 51.1763876 ], [ 71.4781256, 51.1764532 ], [ 71.4784213, 51.176718800000017 ], [ 71.478476743136596, 51.176724454634716 ], [ 71.478626743073477, 51.176658854564451 ], [ 71.478331042722246, 51.176393254709787 ], [ 71.4782756, 51.1763876 ] ] ], [ [ [ 71.477222, 51.1769239 ], [ 71.4770344, 51.177029 ], [ 71.4771526, 51.1771119 ], [ 71.477208043475684, 51.177117555231675 ], [ 71.477395543368857, 51.177012355144271 ], [ 71.477277443256611, 51.176929555201902 ], [ 71.477222, 51.1769239 ] ] ], [ [ [ 71.478447943773034, 51.177255354639186 ], [ 71.47868004350336, 51.177011054532962 ], [ 71.478581443367759, 51.176907154581698 ], [ 71.478526, 51.1769015 ], [ 71.4779037, 51.1771335 ], [ 71.4781129, 51.177354 ], [ 71.478168343869058, 51.177359654770456 ], [ 71.478447943773034, 51.177255354639186 ] ] ], [ [ [ 71.4769194, 51.177087 ], [ 71.4767981, 51.177152 ], [ 71.4769154, 51.177238 ], [ 71.476970843602459, 51.177243655342366 ], [ 71.477092143537021, 51.177178655285772 ], [ 71.476974843421004, 51.177092655343081 ], [ 71.4769194, 51.177087 ] ] ], [ [ [ 71.477583, 51.1773093 ], [ 71.47748, 51.177372899999988 ], [ 71.4775701, 51.177430200000011 ], [ 71.477625543903343, 51.177435855027461 ], [ 71.477728543837642, 51.177372254979538 ], [ 71.477638443759062, 51.177314955023419 ], [ 71.477583, 51.1773093 ] ] ], [ [ [ 71.477116443775557, 51.177374555270795 ], [ 71.477061, 51.1773689 ], [ 71.4769549, 51.177433400000012 ], [ 71.4770628, 51.177503099999988 ], [ 71.477118243937397, 51.17750875526761 ], [ 71.477224343870944, 51.177444255218248 ], [ 71.477116443775557, 51.177374555270795 ] ] ], [ [ [ 71.4777538, 51.1774183 ], [ 71.4776368, 51.17748 ], [ 71.4777283, 51.177548299999984 ], [ 71.47778374406235, 51.177553954950092 ], [ 71.47790074400055, 51.177492354895506 ], [ 71.477809243908467, 51.177423954940224 ], [ 71.4777538, 51.1774183 ] ] ], [ [ [ 71.4791644, 51.177331 ], [ 71.4789173, 51.1774293 ], [ 71.479075, 51.1775852 ], [ 71.479130444249463, 51.177590854308555 ], [ 71.479377544157344, 51.177492654192655 ], [ 71.47921984395272, 51.177336654270427 ], [ 71.4791644, 51.177331 ] ] ], [ [ [ 71.4773847, 51.17750740000001 ], [ 71.4772443, 51.1775886 ], [ 71.4773019, 51.1776278 ], [ 71.477350844090239, 51.177632792168126 ], [ 71.4773229, 51.1776492 ], [ 71.4774165, 51.1777118 ], [ 71.477471944226281, 51.177717455095653 ], [ 71.477554544176584, 51.177668955057193 ], [ 71.477460944091277, 51.177606355102824 ], [ 71.477412708585405, 51.177601435251994 ], [ 71.477497744030018, 51.177552255086255 ], [ 71.477440143976693, 51.177513055114353 ], [ 71.4773847, 51.17750740000001 ] ] ], [ [ [ 71.477935800000012, 51.1775152 ], [ 71.4778532, 51.1775637 ], [ 71.4779468, 51.177626299999986 ], [ 71.47800224417945, 51.177631954844756 ], [ 71.478084844129782, 51.177583454806296 ], [ 71.477991244044475, 51.177520854851934 ], [ 71.477935800000012, 51.1775152 ] ] ], [ [ [ 71.4780554, 51.1776083 ], [ 71.4779318, 51.1776731 ], [ 71.4780581, 51.177768 ], [ 71.478113544361932, 51.177773654789334 ], [ 71.478237244296977, 51.177708854731605 ], [ 71.478110844169279, 51.177613954793401 ], [ 71.4780554, 51.1776083 ] ] ], [ [ [ 71.477934744235299, 51.177684254875992 ], [ 71.4778793, 51.1776786 ], [ 71.477781, 51.1777344 ], [ 71.4778654, 51.1777929 ], [ 71.477920844371525, 51.177798554880624 ], [ 71.478019144314715, 51.177742754834803 ], [ 71.477934744235299, 51.177684254875992 ] ] ], [ [ [ 71.478661, 51.1775219 ], [ 71.47841360000001, 51.1775894 ], [ 71.4786601, 51.1779445 ], [ 71.47871554463832, 51.177950154499769 ], [ 71.478962844583322, 51.177882754383234 ], [ 71.478716444129361, 51.177527554506682 ], [ 71.478661, 51.1775219 ] ] ], [ [ [ 71.4777841, 51.1777999 ], [ 71.4776799, 51.1778622 ], [ 71.4777766, 51.1779258 ], [ 71.477832044522188, 51.177931454920568 ], [ 71.4779363444582, 51.17786915487202 ], [ 71.477839544371335, 51.177805554919182 ], [ 71.4777841, 51.1777999 ] ] ], [ [ [ 71.478072544700893, 51.178058654803898 ], [ 71.47817714462947, 51.177990154755314 ], [ 71.478225044434936, 51.177824454735394 ], [ 71.478165544385618, 51.177788754764322 ], [ 71.4781101, 51.1777831 ], [ 71.4778069, 51.1779593 ], [ 71.4778842, 51.1780057 ], [ 71.4780171, 51.178053 ], [ 71.478072544700893, 51.178058654803898 ] ] ], [ [ [ 71.4773705, 51.1780911 ], [ 71.477425944678288, 51.178096755110978 ], [ 71.47747514464784, 51.178067155088073 ], [ 71.477516644506736, 51.177946355070418 ], [ 71.477370044375675, 51.177850455141858 ], [ 71.4773146, 51.1778448 ], [ 71.4771911, 51.1779191 ], [ 71.477253, 51.1780143 ], [ 71.4773705, 51.1780911 ] ] ], [ [ [ 71.4774194, 51.1429377 ], [ 71.4773239, 51.1430043 ], [ 71.477461, 51.143083 ], [ 71.477516402559729, 51.143088655675911 ], [ 71.477614002490341, 51.143022355630642 ], [ 71.477474802380655, 51.142943355698222 ], [ 71.4774194, 51.1429377 ] ] ], [ [ [ 71.478945502723775, 51.143099354995904 ], [ 71.478768802569959, 51.142986955081916 ], [ 71.4787134, 51.1429813 ], [ 71.4784069, 51.143171 ], [ 71.478602, 51.14329510000001 ], [ 71.478657402935411, 51.143300755129466 ], [ 71.478945502723775, 51.143099354995904 ] ] ], [ [ [ 71.47851490291805, 51.143298855197287 ], [ 71.478373802799524, 51.143212655265891 ], [ 71.47831840000002, 51.143207 ], [ 71.4781199, 51.1433349 ], [ 71.478188, 51.1433765 ], [ 71.478243402989477, 51.143382155324993 ], [ 71.478462002953464, 51.143332955221858 ], [ 71.47851490291805, 51.143298855197287 ] ] ], [ [ [ 71.4793498091027, 51.143332564477952 ], [ 71.479064008678051, 51.143239964890661 ], [ 71.4788978, 51.143223 ], [ 71.4787392, 51.1433193 ], [ 71.4790826, 51.1435418 ], [ 71.479248809886471, 51.14355876461029 ], [ 71.479491509456381, 51.143418164271274 ], [ 71.4793498091027, 51.143332564477952 ] ] ], [ [ [ 71.479028803318656, 51.143586854947813 ], [ 71.478869903170676, 51.143477755025309 ], [ 71.4788145, 51.1434721 ], [ 71.4786545, 51.1435638 ], [ 71.4787899, 51.1436561 ], [ 71.478845303389278, 51.143661755033797 ], [ 71.478976503353266, 51.143620254972106 ], [ 71.479028803318656, 51.143586854947813 ] ] ], [ [ [ 71.480952503259786, 51.143368654036514 ], [ 71.4806709, 51.1433017 ], [ 71.480263, 51.143544 ], [ 71.4800065, 51.1439164 ], [ 71.480491104016238, 51.144038454244331 ], [ 71.480952503259786, 51.143368654036514 ] ] ], [ [ [ 71.478636303399384, 51.143688555132755 ], [ 71.4785809, 51.1436829 ], [ 71.4784326, 51.143768599999987 ], [ 71.4785531, 51.1438542 ], [ 71.478608503602402, 51.143859855143006 ], [ 71.47875790351361, 51.143772855073443 ], [ 71.478636303399384, 51.143688555132755 ] ] ], [ [ [ 71.478434603734527, 51.143985055223546 ], [ 71.478512503658237, 51.143914755187737 ], [ 71.478384503542514, 51.143829755250088 ], [ 71.4783291, 51.1438241 ], [ 71.4781936, 51.1439051 ], [ 71.47831840000002, 51.1439894 ], [ 71.478434603734527, 51.143985055223546 ] ] ], [ [ [ 71.4781616, 51.1439352 ], [ 71.478024, 51.1440189 ], [ 71.4781467, 51.1441018 ], [ 71.478202103857072, 51.144107455332033 ], [ 71.478339703773528, 51.144025855267998 ], [ 71.478217003658386, 51.143940855327834 ], [ 71.4781616, 51.1439352 ] ] ], [ [ [ 71.478076203966864, 51.144209855390152 ], [ 71.478114603907457, 51.14415705537278 ], [ 71.477979203797318, 51.144077355438576 ], [ 71.4779238, 51.1440717 ], [ 71.4778107, 51.144148 ], [ 71.4779622, 51.1442397 ], [ 71.478017604003355, 51.144245355417397 ], [ 71.478076203966864, 51.144209855390152 ] ] ], [ [ [ 71.4775856, 51.1441748 ], [ 71.4774192, 51.1442778 ], [ 71.4776283, 51.1444097 ], [ 71.477683704172421, 51.14441535557328 ], [ 71.47784690406489, 51.144311555497438 ], [ 71.477641003885481, 51.144180455597699 ], [ 71.4775856, 51.1441748 ] ] ], [ [ [ 71.4784867, 51.1447401 ], [ 71.478708318717807, 51.144762720478035 ], [ 71.479653219081513, 51.144755218680586 ], [ 71.47982471861738, 51.144643618362004 ], [ 71.479938917358083, 51.144371718163626 ], [ 71.479593416211628, 51.144163718835514 ], [ 71.4793718, 51.1441411 ], [ 71.4787982, 51.1442661 ], [ 71.4783217, 51.1446304 ], [ 71.4784867, 51.1447401 ] ] ], [ [ [ 71.480958904817967, 51.144664154010925 ], [ 71.480975004752196, 51.144608054004237 ], [ 71.48089080468128, 51.144556454045194 ], [ 71.4808354, 51.1445508 ], [ 71.4807107, 51.1446309 ], [ 71.4808313, 51.144704799999985 ], [ 71.480886704866009, 51.144710454044457 ], [ 71.480958904817967, 51.144664154010925 ] ] ], [ [ [ 71.480682305027258, 51.14486255413906 ], [ 71.480782504958967, 51.14479695409252 ], [ 71.480709504897746, 51.144752454128039 ], [ 71.4804935, 51.1447133 ], [ 71.480379900000017, 51.1447896 ], [ 71.4805303, 51.1448796 ], [ 71.480585705044319, 51.144885254184622 ], [ 71.480682305027258, 51.14486255413906 ] ] ], [ [ [ 71.4801497, 51.1450746 ], [ 71.480042, 51.1451482 ], [ 71.4801668, 51.14522310000001 ], [ 71.480222205418897, 51.145228754351564 ], [ 71.480328905336862, 51.145151154302155 ], [ 71.480205105238525, 51.14508025436227 ], [ 71.4801497, 51.1450746 ] ] ], [ [ [ 71.4797321, 51.1452912 ], [ 71.4796066, 51.1453674 ], [ 71.4797983, 51.1454916 ], [ 71.479853705702737, 51.145497254522191 ], [ 71.479979205624275, 51.145420954463809 ], [ 71.479787505454794, 51.145296854557159 ], [ 71.4797321, 51.1452912 ] ] ], [ [ [ 71.4776353, 51.1453937 ], [ 71.4774677, 51.1456124 ], [ 71.47827680592286, 51.145819055266749 ], [ 71.478121905741617, 51.145681955342809 ], [ 71.477690705356224, 51.145399355552861 ], [ 71.4776353, 51.1453937 ] ] ], [ [ [ 71.481021205830913, 51.145501153966734 ], [ 71.4807332, 51.1454313 ], [ 71.4805764, 51.1456521 ], [ 71.480762006034468, 51.145693254086694 ], [ 71.480942205964169, 51.145618954002259 ], [ 71.481021205830913, 51.145501153966734 ] ] ], [ [ [ 71.4794962, 51.145532899999985 ], [ 71.4793703, 51.145622399999986 ], [ 71.4795092, 51.1456993 ], [ 71.479564605921894, 51.145704954656111 ], [ 71.479690505827591, 51.145615454597774 ], [ 71.479551605720459, 51.145538554665173 ], [ 71.4794962, 51.145532899999985 ] ] ], [ [ [ 71.480335306232689, 51.145895654286157 ], [ 71.48058870573179, 51.145456754173239 ], [ 71.480579805649313, 51.145388954178649 ], [ 71.4803807, 51.145341099999989 ], [ 71.4800267, 51.1458156 ], [ 71.480335306232689, 51.145895654286157 ] ] ], [ [ [ 71.4797647, 51.145813 ], [ 71.4796893, 51.1459299 ], [ 71.479922706290537, 51.145980054480972 ], [ 71.479998906158642, 51.145863654446728 ], [ 71.4797647, 51.145813 ] ] ], [ [ [ 71.4802348, 51.145913 ], [ 71.4801221, 51.1460846 ], [ 71.480324806511376, 51.146128354287093 ], [ 71.480437506316861, 51.145956654236478 ], [ 71.4802348, 51.145913 ] ] ], [ [ [ 71.48018670653633, 51.146161254352236 ], [ 71.4799548, 51.1461116 ], [ 71.4798944, 51.1462086 ], [ 71.480119606646468, 51.146258754382451 ], [ 71.48018670653633, 51.146161254352236 ] ] ], [ [ [ 71.4802738, 51.1462474 ], [ 71.4801788, 51.146386 ], [ 71.480428106900945, 51.146443254232487 ], [ 71.480524606742222, 51.14630275418903 ], [ 71.4802738, 51.1462474 ] ] ], [ [ [ 71.48078110681142, 51.146337754066387 ], [ 71.4805363, 51.146285299999988 ], [ 71.4804413, 51.1464334 ], [ 71.4805047, 51.1464741 ], [ 71.480669407003305, 51.146507154116577 ], [ 71.48078110681142, 51.146337754066387 ] ] ], [ [ [ 71.4807408, 51.1465559 ], [ 71.480895707123921, 51.146587554007532 ], [ 71.48094850709883, 51.146562053982862 ], [ 71.481020206976069, 51.146453653950644 ], [ 71.4808102, 51.1464069 ], [ 71.4807347, 51.1465176 ], [ 71.4807408, 51.1465559 ] ] ], [ [ [ 71.4777264, 51.1461621 ], [ 71.477171, 51.1469263 ], [ 71.4773789, 51.1469858 ], [ 71.477932973004016, 51.14704235528113 ], [ 71.478488464402815, 51.146278152771302 ], [ 71.478280463467343, 51.146218653771129 ], [ 71.4777264, 51.1461621 ] ] ], [ [ [ 71.4794314, 51.1474274 ], [ 71.47937, 51.1474399 ], [ 71.4792951, 51.14754640000001 ], [ 71.4792771, 51.1476646 ], [ 71.4793506, 51.1477414 ], [ 71.479457008382965, 51.147761154671556 ], [ 71.479592008370915, 51.147739254607707 ], [ 71.479702708268618, 51.147644454556698 ], [ 71.479775408151738, 51.147540854523896 ], [ 71.479744108104285, 51.147504154539426 ], [ 71.4794314, 51.1474274 ] ] ], [ [ [ 71.480499170355287, 51.148153720826024 ], [ 71.4794735, 51.1480036 ], [ 71.4793551, 51.14817 ], [ 71.480503609360326, 51.148481854161119 ], [ 71.480690562840152, 51.148201143207217 ], [ 71.481151581875039, 51.148248185664734 ], [ 71.481551076251904, 51.147693484041085 ], [ 71.48110177359483, 51.147487485997047 ], [ 71.480392670744592, 51.147286489064555 ], [ 71.479894, 51.1472356 ], [ 71.4798298, 51.147324699999984 ], [ 71.480499170355287, 51.148153720826024 ] ] ], [ [ [ 71.480076708524635, 51.147824454375645 ], [ 71.4798494, 51.1477809 ], [ 71.4798162, 51.1478358 ], [ 71.480034508593036, 51.147885054394656 ], [ 71.480076708524635, 51.147824454375645 ] ] ], [ [ [ 71.481140110193095, 51.149118353847236 ], [ 71.4808972, 51.1490614 ], [ 71.4808677, 51.1491038 ], [ 71.481110610240975, 51.149160753860535 ], [ 71.481140110193095, 51.149118353847236 ] ] ], [ [ [ 71.48061797021667, 51.150699498625393 ], [ 71.4805486, 51.1507954 ], [ 71.4806684, 51.1508295 ], [ 71.480779224440269, 51.150840808004396 ], [ 71.480896424439564, 51.150830207893222 ], [ 71.480961447999931, 51.150734545385987 ], [ 71.481017708721282, 51.150740285847874 ], [ 71.481094807620224, 51.150631785534728 ], [ 71.481033947970829, 51.150614757085712 ], [ 71.481060123851918, 51.15057150774647 ], [ 71.480970353805446, 51.150545966642646 ], [ 71.48101531190234, 51.1505505538817 ], [ 71.481047011852525, 51.150506353867392 ], [ 71.4807994, 51.1504463 ], [ 71.4807677, 51.1504906 ], [ 71.480857345556203, 51.150515926557809 ], [ 71.4807581, 51.1505058 ], [ 71.480738981808798, 51.150532225313022 ], [ 71.480492605223048, 51.150463288139576 ], [ 71.4799939, 51.1504124 ], [ 71.479921006605849, 51.150515074756079 ], [ 71.478419755226255, 51.150087275887444 ], [ 71.4781427, 51.150059 ], [ 71.4780786, 51.1501474 ], [ 71.4796967, 51.1506086 ], [ 71.4799737593533, 51.150636872143153 ], [ 71.480033955130509, 51.150553761757138 ], [ 71.480519, 51.1506894 ], [ 71.48061797021667, 51.150699498625393 ] ] ], [ [ [ 71.4811802, 51.150705099999989 ], [ 71.4811449, 51.1507542 ], [ 71.481241112191782, 51.150771353770416 ], [ 71.481276412136467, 51.150722253754488 ], [ 71.4811802, 51.150705099999989 ] ] ], [ [ [ 71.481267812233099, 51.150803353757176 ], [ 71.4811265, 51.1507734 ], [ 71.4811019, 51.1508075 ], [ 71.481243312271516, 51.150837453768226 ], [ 71.481267812233099, 51.150803353757176 ] ] ], [ [ [ 71.4805119, 51.1508213 ], [ 71.4802446, 51.1512117 ], [ 71.480444212690699, 51.151256254141124 ], [ 71.480711512249428, 51.150865854020743 ], [ 71.4805119, 51.1508213 ] ] ], [ [ [ 71.4781935, 51.1508197 ], [ 71.4781135, 51.1509356 ], [ 71.479750600000017, 51.1513798 ], [ 71.480027664019545, 51.151408071947891 ], [ 71.480107563364797, 51.151292171767899 ], [ 71.478470559827542, 51.150847975700508 ], [ 71.4781935, 51.1508197 ] ] ], [ [ [ 71.480367612926031, 51.151458654174036 ], [ 71.48047081276134, 51.151312654127487 ], [ 71.4802543, 51.1512622 ], [ 71.4801157, 51.1514584 ], [ 71.480287512963017, 51.15149645421149 ], [ 71.480367612926031, 51.151458654174036 ] ] ], [ [ [ 71.478731312824607, 51.15151825495149 ], [ 71.478680312758343, 51.151467654976635 ], [ 71.478519012685709, 51.151421455054169 ], [ 71.4783434, 51.1514102 ], [ 71.4782225, 51.1515762 ], [ 71.478614713004831, 51.151678355004172 ], [ 71.478731312824607, 51.15151825495149 ] ] ], [ [ [ 71.4795684, 51.151685399999984 ], [ 71.479623813126878, 51.151691054523866 ], [ 71.479640813100772, 51.151667854516184 ], [ 71.4793975, 51.151621 ], [ 71.4793425, 51.1517063 ], [ 71.47952571318072, 51.151744454569616 ], [ 71.4795684, 51.151685399999984 ] ] ], [ [ [ 71.4788778, 51.151603 ], [ 71.4788113, 51.1516977 ], [ 71.479272813239476, 51.151815554688703 ], [ 71.479339313132613, 51.151720854658699 ], [ 71.4788778, 51.151603 ] ] ], [ [ [ 71.478731788898827, 51.151980356703554 ], [ 71.479152013554824, 51.152088354741423 ], [ 71.47923681342067, 51.151969354703162 ], [ 71.4786655131674, 51.151809054977733 ], [ 71.4786101, 51.1518034 ], [ 71.478546278262812, 51.151892855735468 ], [ 71.4783086, 51.1518686 ], [ 71.4780442, 51.1522349 ], [ 71.4782155, 51.15228350000001 ], [ 71.478492568642238, 51.152311775521 ], [ 71.478731788898827, 51.151980356703554 ] ] ], [ [ [ 71.4808381, 51.15242210000001 ], [ 71.4808005, 51.1524759 ], [ 71.480979314253446, 51.152508453864762 ], [ 71.481011514192147, 51.152454653850377 ], [ 71.4808381, 51.15242210000001 ] ] ], [ [ [ 71.4787755, 51.1532417 ], [ 71.4789721, 51.1532941 ], [ 71.479249175120529, 51.15332237363338 ], [ 71.480267166610687, 51.151817871342544 ], [ 71.48006546618106, 51.151764171826997 ], [ 71.4797884, 51.1517359 ], [ 71.4793903, 51.1522101 ], [ 71.4790485, 51.152715100000016 ], [ 71.4787755, 51.1532417 ] ] ], [ [ [ 71.4778838, 51.1528303 ], [ 71.478160871755264, 51.152858576262524 ], [ 71.478943670985231, 51.152661674417509 ], [ 71.479017370353645, 51.1525501742519 ], [ 71.478459269185123, 51.15240497559212 ], [ 71.4781822, 51.1523767 ], [ 71.4779376, 51.1524299 ], [ 71.4777038, 51.1527835 ], [ 71.4778838, 51.1528303 ] ] ], [ [ [ 71.4810464, 51.1527132 ], [ 71.4808684, 51.1529762 ], [ 71.481250014956032, 51.153068753726231 ], [ 71.481428014658391, 51.152805653646141 ], [ 71.4810464, 51.1527132 ] ] ], [ [ [ 71.478516, 51.1529965 ], [ 71.4784461, 51.153098100000015 ], [ 71.47857191473777, 51.153122854999438 ], [ 71.478641914622855, 51.153021154967895 ], [ 71.478516, 51.1529965 ] ] ], [ [ [ 71.478540414953628, 51.153305055011259 ], [ 71.477858, 51.1531243 ], [ 71.4777827, 51.1532305 ], [ 71.478465115073263, 51.153411155045241 ], [ 71.478540414953628, 51.153305055011259 ] ] ], [ [ [ 71.4811459, 51.1530789 ], [ 71.4807127, 51.1536386 ], [ 71.4809247, 51.1537032 ], [ 71.481201778613965, 51.153731468952913 ], [ 71.481635075476191, 51.153171667970838 ], [ 71.481422974976084, 51.153107168481007 ], [ 71.4811459, 51.1530789 ] ] ], [ [ [ 71.4786774, 51.1533347 ], [ 71.4785209, 51.153544599999989 ], [ 71.478799715354796, 51.153615754882487 ], [ 71.478956115118848, 51.153405854811716 ], [ 71.4786774, 51.1533347 ] ] ], [ [ [ 71.4782944, 51.1538049 ], [ 71.4782826, 51.1538208 ], [ 71.4783087, 51.1538284 ], [ 71.478364115571296, 51.153834055085944 ], [ 71.478375915553528, 51.153818255080601 ], [ 71.4782944, 51.1538049 ] ] ], [ [ [ 71.4803049, 51.1537911 ], [ 71.4802223, 51.1539082 ], [ 71.480879016133898, 51.154080553885144 ], [ 71.480961616001778, 51.153963453847865 ], [ 71.4803049, 51.1537911 ] ] ], [ [ [ 71.4785554, 51.1536089 ], [ 71.4778653, 51.154585099999984 ], [ 71.4780197, 51.1546281 ], [ 71.478075116502708, 51.154633755209524 ], [ 71.478765315401418, 51.153657554898132 ], [ 71.4785554, 51.1536089 ] ] ], [ [ [ 71.481648016592018, 51.154393753513816 ], [ 71.4811849, 51.1542773 ], [ 71.4810355, 51.1544915 ], [ 71.4811225, 51.1545522 ], [ 71.481479216872515, 51.154641753589829 ], [ 71.481648016592018, 51.154393753513816 ] ] ], [ [ [ 71.480551249604744, 51.154453262183196 ], [ 71.480385, 51.1544363 ], [ 71.4801632, 51.1547532 ], [ 71.480588, 51.1548702 ], [ 71.480754251235098, 51.154887161870825 ], [ 71.480976150161837, 51.154570261570626 ], [ 71.480551249604744, 51.154453262183196 ] ] ], [ [ [ 71.4810192, 51.1545963 ], [ 71.4808806, 51.154753 ], [ 71.4815168, 51.154974499999987 ], [ 71.481572217289425, 51.154980153539682 ], [ 71.48171081711557, 51.154823453476467 ], [ 71.481074616781825, 51.154601953783022 ], [ 71.4810192, 51.1545963 ] ] ], [ [ [ 71.480209, 51.1561336 ], [ 71.4801813, 51.156133 ], [ 71.4800106, 51.1562561 ], [ 71.480113138464219, 51.156379243977561 ], [ 71.479901, 51.1563576 ], [ 71.479314066024287, 51.156574562750009 ], [ 71.479123167827368, 51.156366493079894 ], [ 71.4786244, 51.1563156 ], [ 71.4784991, 51.1563608 ], [ 71.4788169, 51.1567073 ], [ 71.478885836167194, 51.156714334031243 ], [ 71.4786793, 51.156794 ], [ 71.4788158, 51.1569279 ], [ 71.479092896895381, 51.156956173689395 ], [ 71.479374596416392, 51.156851773028329 ], [ 71.479273643173244, 51.156753903846756 ], [ 71.479315672252042, 51.156758192194324 ], [ 71.479437250897561, 51.156708827030535 ], [ 71.479644495826491, 51.156729972396803 ], [ 71.480280494748712, 51.156494870904261 ], [ 71.480204952162239, 51.156414460165998 ], [ 71.480243118879073, 51.156418354147021 ], [ 71.480356118823408, 51.156362154094253 ], [ 71.480497018675663, 51.156226954029556 ], [ 71.480405928629679, 51.156196054267518 ], [ 71.480700193376038, 51.156229769928885 ], [ 71.48105559882427, 51.155788831189746 ], [ 71.48126769115396, 51.155810468615314 ], [ 71.481641488464348, 51.155330467767833 ], [ 71.481431231275707, 51.155276955416284 ], [ 71.481583817449703, 51.155112353531862 ], [ 71.481435017367801, 51.155057353603617 ], [ 71.4813796, 51.1550517 ], [ 71.4812193, 51.1552188 ], [ 71.481356210275266, 51.155269301909556 ], [ 71.4812072, 51.1552541 ], [ 71.480872227747341, 51.155684266908125 ], [ 71.4805942, 51.1556557 ], [ 71.480209, 51.1561336 ] ] ], [ [ [ 71.480029617430475, 51.155233054269232 ], [ 71.4793494, 51.1550493 ], [ 71.479258, 51.1551753 ], [ 71.479938317572405, 51.155359054310487 ], [ 71.480029617430475, 51.155233054269232 ] ] ], [ [ [ 71.4788878, 51.1557867 ], [ 71.478934762068178, 51.15579908765811 ], [ 71.4786546, 51.1557705 ], [ 71.4784356, 51.1561236 ], [ 71.478644700000018, 51.1561746 ], [ 71.479397474326603, 51.156261318367243 ], [ 71.479738674176517, 51.156200117722129 ], [ 71.479933672998229, 51.15593811736926 ], [ 71.479807551921738, 51.155901154367285 ], [ 71.47983629068429, 51.155858272016339 ], [ 71.479241089424974, 51.155701273445892 ], [ 71.479157680955126, 51.155692762747108 ], [ 71.479253638745334, 51.155557713923805 ], [ 71.4796048, 51.1556537 ], [ 71.479752779350719, 51.155668798668572 ], [ 71.4796889, 51.1557601 ], [ 71.479884618102432, 51.155804354328268 ], [ 71.480005517907344, 51.155631554273754 ], [ 71.47992966449138, 51.155610685197708 ], [ 71.479958089004299, 51.15556827175179 ], [ 71.479460787917091, 51.155431272946714 ], [ 71.4791837, 51.155403 ], [ 71.4791003, 51.1555158 ], [ 71.479156328444546, 51.155531114961164 ], [ 71.4791013, 51.1555255 ], [ 71.478992851724144, 51.155675943983269 ], [ 71.478964, 51.155673 ], [ 71.4788878, 51.1557867 ] ], [ [ 71.479410463843905, 51.155924566860108 ], [ 71.479312120036283, 51.155953563108724 ], [ 71.479341401844678, 51.155906350054842 ], [ 71.479410463843905, 51.155924566860108 ] ] ], [ [ [ 71.480051886105514, 51.157972788851794 ], [ 71.480076645002285, 51.15796396551027 ], [ 71.4801621, 51.1580545 ], [ 71.48021752085171, 51.158060154130673 ], [ 71.480372720798698, 51.158002454057822 ], [ 71.480286820680362, 51.157911654100268 ], [ 71.48023754142028, 51.157906626558201 ], [ 71.480355785222159, 51.157864487567394 ], [ 71.480302806946867, 51.157806035245954 ], [ 71.480554974497352, 51.157716859168794 ], [ 71.480666984043623, 51.157728286256102 ], [ 71.480965683057846, 51.157610984995394 ], [ 71.480924537696524, 51.15756826444138 ], [ 71.48212369940471, 51.157106766466171 ], [ 71.482114268210609, 51.157097122092232 ], [ 71.482419039540488, 51.156973006230679 ], [ 71.48220423899572, 51.156765506442305 ], [ 71.4820934, 51.1567542 ], [ 71.4817153, 51.1569082 ], [ 71.481788576327489, 51.156978955448729 ], [ 71.4817449, 51.1569745 ], [ 71.4805174, 51.1574469 ], [ 71.480547714325155, 51.157477899959453 ], [ 71.4803703, 51.1574598 ], [ 71.480140505587443, 51.157551502477958 ], [ 71.4800111, 51.1575383 ], [ 71.4797095, 51.1576452 ], [ 71.479766981539996, 51.157702681622631 ], [ 71.4794515, 51.157809799999988 ], [ 71.4795531, 51.1579219 ], [ 71.480051886105514, 51.157972788851794 ] ] ], [ [ [ 71.479332420413925, 51.157774154556776 ], [ 71.479277, 51.1577685 ], [ 71.4791858, 51.157798799999988 ], [ 71.4792448, 51.1578728 ], [ 71.479300220536004, 51.157878454570273 ], [ 71.479395420507572, 51.157846454525547 ], [ 71.479332420413925, 51.157774154556776 ] ] ], [ [ [ 71.482237305424221, 51.158097366109743 ], [ 71.482297606966625, 51.158073814235649 ], [ 71.4823766, 51.1581603 ], [ 71.482432021213299, 51.158165953075162 ], [ 71.482891921062929, 51.158000552859249 ], [ 71.482792820922015, 51.157892152908289 ], [ 71.4827374, 51.1578865 ], [ 71.482377154720965, 51.158015981757735 ], [ 71.481967402309536, 51.157603366794817 ], [ 71.4816903, 51.1575751 ], [ 71.4815313, 51.1576372 ], [ 71.481625260633066, 51.157731818697954 ], [ 71.48143, 51.15771190000001 ], [ 71.4806056, 51.1580136 ], [ 71.4807205, 51.1581371 ], [ 71.480997605177564, 51.158165369053059 ], [ 71.481773735123809, 51.157881332082404 ], [ 71.4819602, 51.1580691 ], [ 71.482237305424221, 51.158097366109743 ] ] ], [ [ [ 71.4800113, 51.1581435 ], [ 71.4798279, 51.1582186 ], [ 71.4802112, 51.1585867 ], [ 71.48043288606506, 51.158609316233431 ], [ 71.480616285781238, 51.158534215889595 ], [ 71.480232983847358, 51.158166116644693 ], [ 71.4800113, 51.1581435 ] ] ], [ [ [ 71.478939665453709, 51.158986064247152 ], [ 71.478405563237004, 51.158418965039083 ], [ 71.4782393, 51.158402 ], [ 71.4780359, 51.158477299999987 ], [ 71.4786195, 51.1590261 ], [ 71.47878576561061, 51.159043064463845 ], [ 71.478939665453709, 51.158986064247152 ] ] ], [ [ [ 71.4810309, 51.1589388 ], [ 71.4812725, 51.159181 ], [ 71.4819404, 51.1593126 ], [ 71.482106667699043, 51.159329559708617 ], [ 71.482316067468773, 51.159247359413996 ], [ 71.482288166564658, 51.158999359466762 ], [ 71.48219696566683, 51.158758659609518 ], [ 71.481921864583938, 51.158482860016584 ], [ 71.4817556, 51.1584659 ], [ 71.4815439, 51.1585489 ], [ 71.4810309, 51.1589388 ] ] ], [ [ [ 71.4774757, 51.1592091 ], [ 71.4779173, 51.1596789 ], [ 71.4789904, 51.1600007 ], [ 71.479045823069541, 51.160006354654342 ], [ 71.479430322980264, 51.159898354473263 ], [ 71.479973722796629, 51.159697954218196 ], [ 71.479783222531964, 51.159494754312377 ], [ 71.478464621984116, 51.159155454945669 ], [ 71.4776403, 51.1591482 ], [ 71.4774757, 51.1592091 ] ] ], [ [ [ 71.480382324213039, 51.160839054003937 ], [ 71.480922924016568, 51.160628253750389 ], [ 71.480824023886015, 51.160528453799174 ], [ 71.480317923527878, 51.160275354044387 ], [ 71.4802625, 51.1602697 ], [ 71.479902, 51.1604121 ], [ 71.4803269, 51.160833399999987 ], [ 71.480382324213039, 51.160839054003937 ] ] ], [ [ [ 71.4791423, 51.160602799999985 ], [ 71.4789307, 51.1606786 ], [ 71.4793539, 51.1611435 ], [ 71.479520173487757, 51.161160463305151 ], [ 71.479731773281287, 51.161084663007045 ], [ 71.479308571468522, 51.160619763635367 ], [ 71.4791423, 51.160602799999985 ] ] ], [ [ [ 71.481177748681048, 51.160880307275974 ], [ 71.4810669, 51.160869 ], [ 71.4807901, 51.1609725 ], [ 71.4808949, 51.1610828 ], [ 71.481005749159223, 51.161094107432227 ], [ 71.481282648968715, 51.160990607172295 ], [ 71.481177748681048, 51.160880307275974 ] ] ], [ [ [ 71.4803695, 51.161143799999984 ], [ 71.4802785, 51.1611845 ], [ 71.480353, 51.1612501 ], [ 71.480408424717254, 51.161255753984278 ], [ 71.480499424678044, 51.16121515394169 ], [ 71.480424924591077, 51.161149453978275 ], [ 71.4803695, 51.161143799999984 ] ] ], [ [ [ 71.4801867, 51.1612162 ], [ 71.4800593, 51.1612764 ], [ 71.4801515, 51.1613532 ], [ 71.480206924820038, 51.161358854078365 ], [ 71.480334424761068, 51.161298654018751 ], [ 71.480242124658872, 51.161221854063996 ], [ 71.4801867, 51.1612162 ] ] ], [ [ [ 71.481785050165115, 51.161443506678438 ], [ 71.4816742, 51.161432199999986 ], [ 71.4811879, 51.1616012 ], [ 71.4813271, 51.1617588 ], [ 71.481437950877762, 51.161770106997402 ], [ 71.481924250573641, 51.161601006540501 ], [ 71.481785050165115, 51.161443506678438 ] ] ], [ [ [ 71.4810895, 51.1621205 ], [ 71.4804672, 51.1623292 ], [ 71.4808646, 51.1627953 ], [ 71.480975453274766, 51.162806607401485 ], [ 71.481597752904108, 51.162597906816529 ], [ 71.481200351698092, 51.162131807210926 ], [ 71.4810895, 51.1621205 ] ] ], [ [ [ 71.479696365329715, 51.162874444140783 ], [ 71.47896875935065, 51.162441647678094 ], [ 71.4784145, 51.1623851 ], [ 71.4777453, 51.1626222 ], [ 71.4783974, 51.1633461 ], [ 71.478951670898638, 51.163402647592449 ], [ 71.479876867932688, 51.16307484324706 ], [ 71.479696365329715, 51.162874444140783 ] ] ], [ [ [ 71.4803631, 51.1625259 ], [ 71.4797398, 51.1627597 ], [ 71.4802578, 51.1633029 ], [ 71.480368654368192, 51.163314207961299 ], [ 71.480992053937356, 51.163080407376164 ], [ 71.480473952520171, 51.162537207888128 ], [ 71.4803631, 51.1625259 ] ] ], [ [ [ 71.4816398, 51.1636934 ], [ 71.481396, 51.1637723 ], [ 71.4814546, 51.1638435 ], [ 71.481510027955082, 51.163849153415008 ], [ 71.481753827885925, 51.163770253300378 ], [ 71.48169522779402, 51.163699053329502 ], [ 71.4816398, 51.1636934 ] ] ], [ [ [ 71.481450228423242, 51.164243353436611 ], [ 71.481511928387391, 51.164208153407877 ], [ 71.481529728316943, 51.164148053400432 ], [ 71.481341028032062, 51.163927953494074 ], [ 71.481290227988751, 51.163896453518781 ], [ 71.4811819, 51.1638795 ], [ 71.4811184, 51.1638834 ], [ 71.4810639, 51.1639044 ], [ 71.4810221, 51.16396 ], [ 71.4810368, 51.164008 ], [ 71.4812075, 51.1641973 ], [ 71.4812391, 51.1642232 ], [ 71.4813113, 51.164245 ], [ 71.481450228423242, 51.164243353436611 ] ] ], [ [ [ 71.4806438, 51.1640418 ], [ 71.4804944, 51.1640994 ], [ 71.4805574, 51.1641637 ], [ 71.48061282824554, 51.164169353836357 ], [ 71.480762228192148, 51.164111853766272 ], [ 71.480699228107966, 51.164047453797373 ], [ 71.4806438, 51.1640418 ] ] ], [ [ [ 71.4812259, 51.1652853 ], [ 71.4810123, 51.1653522 ], [ 71.4811903, 51.1655754 ], [ 71.481245730011779, 51.165581053510671 ], [ 71.481459229953728, 51.16551405341022 ], [ 71.481281329666331, 51.165290953498761 ], [ 71.4812259, 51.1652853 ] ] ], [ [ [ 71.481525930097888, 51.1656279533765 ], [ 71.4814705, 51.165622299999988 ], [ 71.4812966, 51.16568 ], [ 71.4819638, 51.1664703 ], [ 71.482019231170895, 51.166475953127019 ], [ 71.482193131119828, 51.166418253045272 ], [ 71.481525930097888, 51.1656279533765 ] ] ], [ [ [ 71.4792245, 51.1686603 ], [ 71.4790908, 51.1687167 ], [ 71.4791346, 51.1687566 ], [ 71.479190033623837, 51.168762254433574 ], [ 71.47932763357052, 51.16870585436908 ], [ 71.479279933517432, 51.168665954392459 ], [ 71.4792245, 51.1686603 ] ] ], [ [ [ 71.4791995, 51.1706952 ], [ 71.479254935964832, 51.170700854369009 ], [ 71.479454035922103, 51.170647854275181 ], [ 71.479469135843985, 51.170581654269135 ], [ 71.479369635767483, 51.170526854317444 ], [ 71.4792674, 51.1705183 ], [ 71.4792055, 51.1705335 ], [ 71.4791211, 51.1705864 ], [ 71.4791995, 51.1706952 ] ] ], [ [ [ 71.479022635912429, 51.170677754479954 ], [ 71.4789672, 51.1706721 ], [ 71.4787885, 51.1707149 ], [ 71.4790055, 51.17107140000001 ], [ 71.479060936397289, 51.171077054454798 ], [ 71.479239636364795, 51.171034354370505 ], [ 71.479022635912429, 51.170677754479954 ] ] ], [ [ [ 71.480081437151583, 51.171613753959818 ], [ 71.479940436591434, 51.171160954034804 ], [ 71.479881589987741, 51.171155716206648 ], [ 71.479912236525706, 51.171108854049123 ], [ 71.479843536252801, 51.170888254085639 ], [ 71.4797881, 51.1708826 ], [ 71.47960710000001, 51.1709048 ], [ 71.47942, 51.1709679 ], [ 71.4794933, 51.1712032 ], [ 71.47954873660764, 51.171208854220374 ], [ 71.479697847587119, 51.171190629593205 ], [ 71.479748389379779, 51.171352865909782 ], [ 71.4793837, 51.171397499999983 ], [ 71.4794505, 51.171612 ], [ 71.479808337163021, 51.171647254089216 ], [ 71.480081437151583, 51.171613753959818 ] ] ], [ [ [ 71.4807174, 51.1715556 ], [ 71.4804679, 51.1716447 ], [ 71.4805725, 51.1717456 ], [ 71.480627937375019, 51.171751253697359 ], [ 71.480866637297098, 51.171665553585264 ], [ 71.480772837161581, 51.171561253631708 ], [ 71.4807174, 51.1715556 ] ] ], [ [ [ 71.4798921, 51.1717954 ], [ 71.4795452, 51.1719239 ], [ 71.4796498, 51.1720349 ], [ 71.479705237625694, 51.172040554131435 ], [ 71.480052137507684, 51.171912053968583 ], [ 71.47994753736296, 51.171801054020293 ], [ 71.4798921, 51.1717954 ] ] ], [ [ [ 71.4801573, 51.1719097 ], [ 71.479684700000021, 51.1720752 ], [ 71.4797866, 51.1721896 ], [ 71.479842037826472, 51.172195254063645 ], [ 71.480314637677111, 51.172029653841619 ], [ 71.48021273752866, 51.171915353892096 ], [ 71.4801573, 51.1719097 ] ] ], [ [ [ 71.479510837598866, 51.172035354224043 ], [ 71.4794554, 51.17202970000001 ], [ 71.4792868, 51.1720984 ], [ 71.4793904, 51.1721983 ], [ 71.479445837794998, 51.172203954252041 ], [ 71.47961433773024, 51.172135354173044 ], [ 71.479510837598866, 51.172035354224043 ] ] ], [ [ [ 71.48151270000001, 51.1728808 ], [ 71.4813409, 51.1729722 ], [ 71.4814573, 51.1730581 ], [ 71.481512739049208, 51.173063753253466 ], [ 71.481684538957339, 51.172972353173307 ], [ 71.481568138841581, 51.172886453230198 ], [ 71.48151270000001, 51.1728808 ] ] ], [ [ [ 71.4791295, 51.1739008 ], [ 71.4790107, 51.173952 ], [ 71.4790999, 51.1740333 ], [ 71.479155339974042, 51.174038954358409 ], [ 71.479274039924945, 51.1739877543028 ], [ 71.479184939817614, 51.173906454346614 ], [ 71.4791295, 51.1739008 ] ] ], [ [ [ 71.482480040769843, 51.174407452769763 ], [ 71.4824246, 51.1744018 ], [ 71.4823195, 51.174447899999983 ], [ 71.4824813, 51.1746259 ], [ 71.482536741045735, 51.17463155273888 ], [ 71.482646041015997, 51.174597252687462 ], [ 71.482480040769843, 51.174407452769763 ] ] ], [ [ [ 71.4822184, 51.1745654 ], [ 71.4820435, 51.1746291 ], [ 71.4821781, 51.1747743 ], [ 71.482233541192372, 51.174779952880584 ], [ 71.482408441134183, 51.174716252798468 ], [ 71.482273840945041, 51.174571052865062 ], [ 71.4822184, 51.1745654 ] ] ], [ [ [ 71.480776141729777, 51.175354253564208 ], [ 71.480801941673008, 51.175304853552788 ], [ 71.480798841406383, 51.175083753558106 ], [ 71.4806124, 51.1750788 ], [ 71.4805683, 51.1752649 ], [ 71.4805695, 51.1753494 ], [ 71.480776141729777, 51.175354253564208 ] ] ], [ [ [ 71.479673641455747, 51.175223654091155 ], [ 71.4796182, 51.175218 ], [ 71.4795121, 51.1752659 ], [ 71.4795932, 51.1753365 ], [ 71.479648641595801, 51.175342154100996 ], [ 71.479754741549229, 51.175294154051329 ], [ 71.479673641455747, 51.175223654091155 ] ] ], [ [ [ 71.4796075, 51.1753642 ], [ 71.4796947, 51.1754393 ], [ 71.479752261783773, 51.175443985838896 ], [ 71.4798035, 51.1754881 ], [ 71.479858941800686, 51.175493753998282 ], [ 71.480002441736971, 51.175428253931116 ], [ 71.479927741651508, 51.175363853967781 ], [ 71.479884010451343, 51.175359394240083 ], [ 71.479815341562997, 51.175300254022396 ], [ 71.4797599, 51.1752946 ], [ 71.4796075, 51.1753642 ] ] ], [ [ [ 71.479807541839193, 51.175530254022114 ], [ 71.479402341443503, 51.175237354220037 ], [ 71.4793469, 51.1752317 ], [ 71.4791227, 51.1753535 ], [ 71.4793311, 51.1755042 ], [ 71.47970964189301, 51.175583554067771 ], [ 71.479807541839193, 51.175530254022114 ] ] ], [ [ [ 71.4821473, 51.175236 ], [ 71.4817942, 51.1754048 ], [ 71.4819254, 51.1755126 ], [ 71.481980842054838, 51.17551825298802 ], [ 71.482333841888902, 51.17534945282295 ], [ 71.482202741745184, 51.17524165288723 ], [ 71.4821473, 51.175236 ] ] ], [ [ [ 71.4807813, 51.175457 ], [ 71.4806946, 51.175505 ], [ 71.4808115, 51.175588 ], [ 71.480866942027731, 51.17559365351682 ], [ 71.480953741979121, 51.175545653476348 ], [ 71.480836741866767, 51.175462653533465 ], [ 71.4807813, 51.175457 ] ] ], [ [ [ 71.480175641915622, 51.175561353846376 ], [ 71.4800046, 51.175537 ], [ 71.4799227, 51.1755813 ], [ 71.4800491, 51.1756732 ], [ 71.480104542049631, 51.175678853878189 ], [ 71.480238041976932, 51.175606753815899 ], [ 71.480175641915622, 51.175561353846376 ] ] ], [ [ [ 71.479753242001564, 51.175669854045523 ], [ 71.4796978, 51.1756642 ], [ 71.4795886, 51.1757385 ], [ 71.47967, 51.175785499999989 ], [ 71.479725442144726, 51.175791154056647 ], [ 71.479834642066805, 51.175716854005962 ], [ 71.479753242001564, 51.175669854045523 ] ] ], [ [ [ 71.4800963, 51.175692 ], [ 71.4799851, 51.1757513 ], [ 71.4800615, 51.1758077 ], [ 71.480116942212931, 51.175813353869948 ], [ 71.48022814215328, 51.175754053818046 ], [ 71.480151742077254, 51.175697653855394 ], [ 71.4800963, 51.175692 ] ] ], [ [ [ 71.4812139, 51.175674499999985 ], [ 71.4811037, 51.1757347 ], [ 71.4812669, 51.175852299999988 ], [ 71.481322342394279, 51.175857953295491 ], [ 71.481432642333459, 51.175797753244062 ], [ 71.481269342174514, 51.17568015332381 ], [ 71.4812139, 51.175674499999985 ] ] ], [ [ [ 71.480444242116661, 51.175704653716068 ], [ 71.4803888, 51.175699 ], [ 71.4801957, 51.175811 ], [ 71.4802788, 51.1758673 ], [ 71.48033424230772, 51.175872953765499 ], [ 71.48052734219327, 51.175760953675542 ], [ 71.480444242116661, 51.175704653716068 ] ] ], [ [ [ 71.4798592, 51.1757983 ], [ 71.4797516, 51.1758707 ], [ 71.4798331, 51.1759184 ], [ 71.479888542322058, 51.175924053976715 ], [ 71.479996142246264, 51.17585165392677 ], [ 71.479914642180177, 51.175803953966387 ], [ 71.4798592, 51.1757983 ] ] ], [ [ [ 71.4818229, 51.1757132 ], [ 71.4817018, 51.1757828 ], [ 71.4820173, 51.1759986 ], [ 71.482072742649933, 51.17600425293584 ], [ 71.482193842578923, 51.175934652879413 ], [ 71.481878342285611, 51.175718853033324 ], [ 71.4818229, 51.1757132 ] ] ], [ [ [ 71.4803961, 51.1760672 ], [ 71.480451542560914, 51.176072853706202 ], [ 71.480675642434818, 51.175948453601691 ], [ 71.480662642330813, 51.175863253609378 ], [ 71.480615642285741, 51.175829953632324 ], [ 71.4805602, 51.1758243 ], [ 71.4804145, 51.17590520000001 ], [ 71.4803304, 51.1760206 ], [ 71.4803961, 51.1760672 ] ] ], [ [ [ 71.4800327, 51.1758999 ], [ 71.4799328, 51.175956599999985 ], [ 71.4800495, 51.1760374 ], [ 71.480104942488339, 51.176043053871659 ], [ 71.480204842430496, 51.175986253825101 ], [ 71.480088142320909, 51.175905553882046 ], [ 71.4800327, 51.1758999 ] ] ], [ [ [ 71.479162342529904, 51.176160454318214 ], [ 71.479393838809614, 51.176031200492417 ], [ 71.4794734, 51.1760823 ], [ 71.479528842481386, 51.176087954145061 ], [ 71.479656842400772, 51.176009754085506 ], [ 71.479572042326126, 51.175955254126805 ], [ 71.4795166, 51.1759496 ], [ 71.479400358046789, 51.17602076299498 ], [ 71.479298942290086, 51.175949354256872 ], [ 71.4792435, 51.175943699999976 ], [ 71.4790001, 51.1760797 ], [ 71.4791069, 51.1761548 ], [ 71.479162342529904, 51.176160454318214 ] ] ], [ [ [ 71.4826082, 51.1758771 ], [ 71.482211, 51.1759947 ], [ 71.4822528, 51.1760501 ], [ 71.482308242736892, 51.176055752822862 ], [ 71.482705342637288, 51.175938152635901 ], [ 71.482663642566138, 51.175882752656726 ], [ 71.4826082, 51.1758771 ] ] ], [ [ [ 71.4815389, 51.1759338 ], [ 71.4813996, 51.1759951 ], [ 71.481487800000011, 51.176073899999984 ], [ 71.48154324268458, 51.176079553186504 ], [ 71.481682542625492, 51.176018253121285 ], [ 71.481594342521234, 51.175939453164645 ], [ 71.4815389, 51.1759338 ] ] ], [ [ [ 71.4816779, 51.1760375 ], [ 71.4815654, 51.1760984 ], [ 71.4816515, 51.1761609 ], [ 71.481706942806696, 51.176166553107088 ], [ 71.481819442745376, 51.176105753054614 ], [ 71.481733342660846, 51.176043153096671 ], [ 71.4816779, 51.1760375 ] ] ], [ [ [ 71.479476842481802, 51.17609285416971 ], [ 71.4794214, 51.1760872 ], [ 71.4792663, 51.1761902 ], [ 71.4793628, 51.176247399999987 ], [ 71.479418242668544, 51.176253054194831 ], [ 71.479562365028201, 51.176157405867855 ], [ 71.4797303, 51.176281 ], [ 71.479785742747922, 51.17628665401935 ], [ 71.479930542670047, 51.176209253951782 ], [ 71.47975064249151, 51.176076854039692 ], [ 71.4796952, 51.1760712 ], [ 71.479561219666948, 51.176142816574242 ], [ 71.479476842481802, 51.17609285416971 ] ] ], [ [ [ 71.4808013, 51.1760758 ], [ 71.4806874, 51.176139 ], [ 71.4808122, 51.1762274 ], [ 71.480867642797932, 51.176233053505392 ], [ 71.480981542733858, 51.176169853452272 ], [ 71.480856742614179, 51.176081453513206 ], [ 71.4808013, 51.1760758 ] ] ], [ [ [ 71.480346742623652, 51.176134153755001 ], [ 71.4802913, 51.1761285 ], [ 71.4801696, 51.176196 ], [ 71.4803047, 51.176291699999986 ], [ 71.480360142821652, 51.176297353745795 ], [ 71.480481842753221, 51.176229853689044 ], [ 71.480346742623652, 51.176134153755001 ] ] ], [ [ [ 71.4799265, 51.1762236 ], [ 71.4797949, 51.176302 ], [ 71.4799977, 51.176436 ], [ 71.480053142962944, 51.176441653889391 ], [ 71.480184842882451, 51.176363253828079 ], [ 71.479981942699567, 51.176229253926962 ], [ 71.4799265, 51.1762236 ] ] ], [ [ [ 71.4806193, 51.1762501 ], [ 71.4804728, 51.176331399999988 ], [ 71.4805803, 51.1764076 ], [ 71.480635742990415, 51.176413253612616 ], [ 71.480782342908014, 51.176331953544249 ], [ 71.480674742804851, 51.176255753596777 ], [ 71.4806193, 51.1762501 ] ] ], [ [ [ 71.4796560428438, 51.176377654079467 ], [ 71.4796006, 51.176372 ], [ 71.4795054, 51.1764311 ], [ 71.4796677, 51.1765338 ], [ 71.479723143045788, 51.176539454044743 ], [ 71.479818342984686, 51.176480354000461 ], [ 71.4796560428438, 51.176377654079467 ] ] ], [ [ [ 71.4821104, 51.1763266 ], [ 71.4819705, 51.1763827 ], [ 71.4820765, 51.1764865 ], [ 71.482131943243886, 51.176492152899172 ], [ 71.482271743191106, 51.176436052833616 ], [ 71.482165843054858, 51.176332252885828 ], [ 71.4821104, 51.1763266 ] ] ], [ [ [ 71.480199, 51.1763761 ], [ 71.4801013, 51.1764367 ], [ 71.4802573, 51.1765355 ], [ 71.480312743110289, 51.176541153764113 ], [ 71.480410443047631, 51.176480553718662 ], [ 71.480254442912099, 51.176381753794637 ], [ 71.480199, 51.1763761 ] ] ], [ [ [ 71.4813543, 51.1765168 ], [ 71.481537943261088, 51.176558653180713 ], [ 71.481620743199144, 51.176499953142333 ], [ 71.481628943146532, 51.176455553139192 ], [ 71.481558943092509, 51.17641685317318 ], [ 71.4813921, 51.1763984 ], [ 71.4812819, 51.1764767 ], [ 71.4813543, 51.1765168 ] ] ], [ [ [ 71.4819215, 51.1764568 ], [ 71.48182, 51.1765149 ], [ 71.4818952, 51.1765665 ], [ 71.481950643321028, 51.176572152984072 ], [ 71.482052143261797, 51.176514052936781 ], [ 71.481976943191682, 51.176462452973446 ], [ 71.4819215, 51.1764568 ] ] ], [ [ [ 71.480713543304844, 51.176667453571163 ], [ 71.4805361431508, 51.176555153657532 ], [ 71.4804807, 51.176549499999986 ], [ 71.480383, 51.1766101 ], [ 71.4804334, 51.1766832 ], [ 71.4805276, 51.1767428 ], [ 71.480583043388592, 51.176748453631852 ], [ 71.480713543304844, 51.176667453571163 ] ] ], [ [ [ 71.4798081, 51.1766055 ], [ 71.4797115, 51.1766593 ], [ 71.4798939, 51.1767871 ], [ 71.479949343374841, 51.176792753932688 ], [ 71.480040543315724, 51.176735653890269 ], [ 71.479863543147005, 51.176611153976687 ], [ 71.4798081, 51.1766055 ] ] ], [ [ [ 71.48034444321469, 51.176625053747564 ], [ 71.480289, 51.1766194 ], [ 71.4799801, 51.1768034 ], [ 71.4801434, 51.1769112 ], [ 71.480198843550752, 51.17691685381179 ], [ 71.480507743361827, 51.176732853667978 ], [ 71.48034444321469, 51.176625053747564 ] ] ], [ [ [ 71.481792243649238, 51.176858553054458 ], [ 71.481930343561473, 51.176773552990234 ], [ 71.481819343464466, 51.176702753044282 ], [ 71.481601, 51.1766944 ], [ 71.4815178, 51.176745499999981 ], [ 71.4816269, 51.1768152 ], [ 71.481792243649238, 51.176858553054458 ] ] ], [ [ [ 71.480694243386509, 51.176736953579137 ], [ 71.4806388, 51.1767313 ], [ 71.4805109, 51.1768125 ], [ 71.4806351, 51.1768894 ], [ 71.480683846190942, 51.176894370647638 ], [ 71.4807792, 51.1769644 ], [ 71.480834643682158, 51.176970053508278 ], [ 71.480976643595881, 51.176885953442159 ], [ 71.480875843504634, 51.176819053491286 ], [ 71.4808204, 51.176813399999986 ], [ 71.480802914710267, 51.176823768063564 ], [ 71.480818543492305, 51.176813853518645 ], [ 71.480694243386509, 51.176736953579137 ] ] ], [ [ [ 71.482121543591461, 51.176781652899088 ], [ 71.4820661, 51.176776 ], [ 71.4819428, 51.1768376 ], [ 71.4820536, 51.176924699999987 ], [ 71.48210904376927, 51.176930352902446 ], [ 71.482232343708006, 51.176868652844853 ], [ 71.482121543591461, 51.176781652899088 ] ] ], [ [ [ 71.480535543497979, 51.176843453652815 ], [ 71.48048694345394, 51.17681115367651 ], [ 71.4804315, 51.1768055 ], [ 71.4802131, 51.1769346 ], [ 71.4804101, 51.1770656 ], [ 71.480465543764964, 51.177071253682172 ], [ 71.480513543735981, 51.177042953659814 ], [ 71.480535543497979, 51.176843453652815 ] ] ], [ [ [ 71.481887043731916, 51.176918853008303 ], [ 71.4818316, 51.1769132 ], [ 71.4816803, 51.1769944 ], [ 71.4817526, 51.1770474 ], [ 71.481808043885195, 51.177053053043558 ], [ 71.481959443803419, 51.17697185297294 ], [ 71.481887043731916, 51.176918853008303 ] ] ], [ [ [ 71.4811307, 51.1769737 ], [ 71.4810152, 51.1770578 ], [ 71.4811116, 51.1771098 ], [ 71.481167043892498, 51.17711545334754 ], [ 71.481282543803417, 51.177031353294034 ], [ 71.481186143730568, 51.176979353340819 ], [ 71.4811307, 51.1769737 ] ] ], [ [ [ 71.4807652, 51.1770118 ], [ 71.4806264, 51.1770969 ], [ 71.4807332, 51.1771655 ], [ 71.48078864391951, 51.177171153526672 ], [ 71.480927543831712, 51.177086053462048 ], [ 71.480820643737772, 51.177017453514125 ], [ 71.4807652, 51.1770118 ] ] ], [ [ [ 71.4809401, 51.177095 ], [ 71.4808166, 51.177163799999988 ], [ 71.4809024, 51.1772243 ], [ 71.480957844008259, 51.177229953445121 ], [ 71.481081443938479, 51.17716115338748 ], [ 71.480995543856508, 51.177100653429434 ], [ 71.4809401, 51.177095 ] ] ], [ [ [ 71.4801372, 51.1772552 ], [ 71.4799831, 51.1773233 ], [ 71.4801309, 51.1774547 ], [ 71.480297232650315, 51.1774716613454 ], [ 71.480451332453171, 51.177403561128919 ], [ 71.480303531931398, 51.177272161346814 ], [ 71.4801372, 51.1772552 ] ] ], [ [ [ 71.479613644152479, 51.17746785408071 ], [ 71.4795582, 51.177462199999987 ], [ 71.479398, 51.1775209 ], [ 71.479415764804941, 51.177539976968326 ], [ 71.479365, 51.1775348 ], [ 71.4792359, 51.1775841 ], [ 71.4793699, 51.1778177 ], [ 71.4794195, 51.177868799999985 ], [ 71.479474944627569, 51.177874454139655 ], [ 71.479671944557722, 51.177799154047214 ], [ 71.479651743542519, 51.177778374880646 ], [ 71.479691744539707, 51.177782454038081 ], [ 71.479851944486086, 51.177723853962867 ], [ 71.479613644152479, 51.17746785408071 ] ] ], [ [ [ 71.481112903841179, 51.143838153952032 ], [ 71.4810575, 51.1438325 ], [ 71.4809449, 51.1439099 ], [ 71.4810419, 51.1439655 ], [ 71.48109730399942, 51.143971153957146 ], [ 71.481210003918292, 51.143893753904869 ], [ 71.481112903841179, 51.143838153952032 ] ] ], [ [ [ 71.4808539, 51.1439532 ], [ 71.4807198, 51.1440441 ], [ 71.480822, 51.1441034 ], [ 71.480877404141964, 51.144109054059349 ], [ 71.481011504046975, 51.144018253997132 ], [ 71.480909303964765, 51.143958854046794 ], [ 71.4808539, 51.1439532 ] ] ], [ [ [ 71.4815612, 51.144064 ], [ 71.481382, 51.1441775 ], [ 71.48155, 51.1442792 ], [ 71.481605404430312, 51.144284853709983 ], [ 71.481786204313082, 51.144171453625937 ], [ 71.481616604172757, 51.144069653708399 ], [ 71.4815612, 51.144064 ] ] ], [ [ [ 71.48148160466296, 51.144489253765308 ], [ 71.481531204636084, 51.14446255374218 ], [ 71.481337104465524, 51.144337753836687 ], [ 71.4812817, 51.1443321 ], [ 71.481215, 51.1443749 ], [ 71.4813841, 51.1444826 ], [ 71.48148160466296, 51.144489253765308 ] ] ], [ [ [ 71.4820614, 51.1443487 ], [ 71.4819819, 51.1444604 ], [ 71.482185604758669, 51.144506953430117 ], [ 71.482264604633443, 51.14439585339445 ], [ 71.4820614, 51.1443487 ] ] ], [ [ [ 71.481235704732782, 51.144568953880885 ], [ 71.481315804683646, 51.14452105384364 ], [ 71.481272004605799, 51.144460153865531 ], [ 71.481127504480412, 51.144368553935863 ], [ 71.4810721, 51.1443629 ], [ 71.4809414, 51.1444435 ], [ 71.4810838, 51.1445348 ], [ 71.481235704732782, 51.144568953880885 ] ] ], [ [ [ 71.482319, 51.1445555 ], [ 71.482562204917869, 51.144606253249215 ], [ 71.482634204788297, 51.144492153216973 ], [ 71.482445904711284, 51.144444653307367 ], [ 71.4823142, 51.1444467 ], [ 71.4822774, 51.144505599999988 ], [ 71.482319, 51.1445555 ] ] ], [ [ [ 71.482947804924848, 51.144578153066277 ], [ 71.4826428, 51.1445003 ], [ 71.4825462, 51.1446321 ], [ 71.48285070507437, 51.144711053110157 ], [ 71.482947804924848, 51.144578153066277 ] ] ], [ [ [ 71.4829633, 51.1446438 ], [ 71.4828871, 51.1447656 ], [ 71.483144105239319, 51.14482245296864 ], [ 71.483224105101328, 51.144700652932698 ], [ 71.4829633, 51.1446438 ] ] ], [ [ [ 71.483424105110814, 51.14469095283772 ], [ 71.4832764, 51.1446987 ], [ 71.4831778, 51.1448513 ], [ 71.4834306, 51.1449165 ], [ 71.483486005395335, 51.144922152804263 ], [ 71.483500467432293, 51.144900516263363 ], [ 71.483745705458631, 51.144951952680209 ], [ 71.483825705305733, 51.144817752644485 ], [ 71.483586593879906, 51.144767095174771 ], [ 71.483541405159045, 51.14472075278141 ], [ 71.483424105110814, 51.14469095283772 ] ] ], [ [ [ 71.4809496, 51.14485950000001 ], [ 71.4808338, 51.1449318 ], [ 71.481013600000011, 51.1450412 ], [ 71.481069005289726, 51.145046853951882 ], [ 71.481184205216309, 51.144975653898328 ], [ 71.481005005064503, 51.144865153985499 ], [ 71.4809496, 51.14485950000001 ] ] ], [ [ [ 71.482658505211319, 51.14484185319931 ], [ 71.4824406, 51.14479020000001 ], [ 71.4823153, 51.1449645 ], [ 71.482667105467357, 51.145054053191522 ], [ 71.482723605378709, 51.144975353166011 ], [ 71.482658505211319, 51.14484185319931 ] ] ], [ [ [ 71.484060405667663, 51.14509815252795 ], [ 71.484148905524549, 51.144971352488028 ], [ 71.484045505448464, 51.144917152538177 ], [ 71.4838759, 51.1449068 ], [ 71.4837901, 51.145036299999987 ], [ 71.484060405667663, 51.14509815252795 ] ] ], [ [ [ 71.4828832, 51.1448837 ], [ 71.4827008, 51.1451226 ], [ 71.482937305650537, 51.145182653060743 ], [ 71.483119705382578, 51.144943752978129 ], [ 71.4828832, 51.1448837 ] ] ], [ [ [ 71.481569805481072, 51.14516195371165 ], [ 71.481541005343246, 51.145049853727294 ], [ 71.4813875, 51.1450181 ], [ 71.4812248, 51.1452473 ], [ 71.481465805641889, 51.145304853758631 ], [ 71.481569805481072, 51.14516195371165 ] ] ], [ [ [ 71.484454805842446, 51.145208852338385 ], [ 71.48454550570041, 51.145082752297434 ], [ 71.484439405623576, 51.145028152348864 ], [ 71.4842693, 51.1450178 ], [ 71.4841829, 51.145146 ], [ 71.484454805842446, 51.145208852338385 ] ] ], [ [ [ 71.485194505905099, 51.145195951986736 ], [ 71.4849194, 51.1451287 ], [ 71.4848777, 51.1451548 ], [ 71.4848777, 51.145280599999985 ], [ 71.485097406058131, 51.145331752030557 ], [ 71.485194505905099, 51.145195951986736 ] ] ], [ [ [ 71.4817915, 51.1452228 ], [ 71.4816818, 51.1453775 ], [ 71.481891805831467, 51.145425053553893 ], [ 71.482000405658027, 51.145271253504902 ], [ 71.4817915, 51.1452228 ] ] ], [ [ [ 71.482372905714357, 51.145285353327459 ], [ 71.4821276, 51.1452251 ], [ 71.4819957, 51.145406 ], [ 71.482240905917777, 51.145466153387105 ], [ 71.482372905714357, 51.145285353327459 ] ] ], [ [ [ 71.483242300000015, 51.1452998 ], [ 71.4831404, 51.145458 ], [ 71.483414706105606, 51.145519152827795 ], [ 71.483516705926306, 51.145361052782008 ], [ 71.483242300000015, 51.1452998 ] ] ], [ [ [ 71.484666506225025, 51.145508452232448 ], [ 71.484728306125419, 51.145420152204608 ], [ 71.484727306059284, 51.145365252206027 ], [ 71.4844073, 51.145284599999989 ], [ 71.4842761, 51.14547 ], [ 71.484595006269799, 51.14555195226572 ], [ 71.484666506225025, 51.145508452232448 ] ] ], [ [ [ 71.4823458, 51.1453775 ], [ 71.4822543, 51.1455043 ], [ 71.482511606068087, 51.145567353256574 ], [ 71.482603805923574, 51.145439053214943 ], [ 71.4823458, 51.1453775 ] ] ], [ [ [ 71.4837187, 51.1453655 ], [ 71.4836383, 51.1454664 ], [ 71.484106706255702, 51.145583152497487 ], [ 71.48418180615036, 51.145488952463381 ], [ 71.4837187, 51.1453655 ] ] ], [ [ [ 71.4826709, 51.1454872 ], [ 71.4825864, 51.1456008 ], [ 71.482782106191564, 51.145646253126507 ], [ 71.48286810606406, 51.145532653087585 ], [ 71.4826709, 51.1454872 ] ] ], [ [ [ 71.4811151, 51.1455276 ], [ 71.4810373, 51.1456394 ], [ 71.481278306091482, 51.145695253841026 ], [ 71.481352905965764, 51.145584153807484 ], [ 71.4811151, 51.1455276 ] ] ], [ [ [ 71.481650606112311, 51.145679853664198 ], [ 71.4814127, 51.1456187 ], [ 71.4813359, 51.1457277 ], [ 71.481574806231393, 51.145785553698417 ], [ 71.481650606112311, 51.145679853664198 ] ] ], [ [ [ 71.483346, 51.145694 ], [ 71.4833475, 51.1457437 ], [ 71.483531106432807, 51.145781052767845 ], [ 71.483587006398324, 51.145747452741837 ], [ 71.483635206308421, 51.145668452720287 ], [ 71.483626906258607, 51.145627752724927 ], [ 71.4834524, 51.1455947 ], [ 71.4833988, 51.1456169 ], [ 71.483346, 51.145694 ] ] ], [ [ [ 71.4830488, 51.1456235 ], [ 71.4829802, 51.1457314 ], [ 71.483216606403531, 51.145784352917403 ], [ 71.483286806280731, 51.145676052885889 ], [ 71.4830488, 51.1456235 ] ] ], [ [ [ 71.4844041, 51.1457156 ], [ 71.4843999, 51.1458019 ], [ 71.484675006653148, 51.145863752222219 ], [ 71.484757106509861, 51.145737352185371 ], [ 71.48475820642868, 51.145669752186009 ], [ 71.4845225, 51.1456152 ], [ 71.4844351, 51.1456661 ], [ 71.4844041, 51.1457156 ] ] ], [ [ [ 71.4818266, 51.1457411 ], [ 71.4817562, 51.145842199999983 ], [ 71.481981206403148, 51.145892653503218 ], [ 71.482045306289194, 51.145792253474475 ], [ 71.4818266, 51.1457411 ] ] ], [ [ [ 71.483847206584528, 51.145879452615766 ], [ 71.483934706579589, 51.145867652574339 ], [ 71.48401770645755, 51.145758852536751 ], [ 71.4837511, 51.1456921 ], [ 71.4836711, 51.1458024 ], [ 71.4837058, 51.1458492 ], [ 71.483847206584528, 51.145879452615766 ] ] ], [ [ [ 71.482326406427617, 51.145882653339171 ], [ 71.482133200000021, 51.1458402 ], [ 71.4820594, 51.1459489 ], [ 71.482252606550517, 51.145991353372409 ], [ 71.482326406427617, 51.145882653339171 ] ] ], [ [ [ 71.482545606476521, 51.145904053234517 ], [ 71.4824037, 51.145899 ], [ 71.482284300000018, 51.1460664 ], [ 71.482514606731513, 51.146118853245547 ], [ 71.482642606520571, 51.145932153187907 ], [ 71.482545606476521, 51.145904053234517 ] ] ], [ [ [ 71.483036206686876, 51.146035852998835 ], [ 71.4827579, 51.145988099999983 ], [ 71.4826672, 51.1461232 ], [ 71.482936006856519, 51.146185753043902 ], [ 71.483036206686876, 51.146035852998835 ] ] ], [ [ [ 71.4843812, 51.1459771 ], [ 71.4842862, 51.146111599999983 ], [ 71.484515006996943, 51.14616375229312 ], [ 71.484607306844993, 51.146029252251552 ], [ 71.4843812, 51.1459771 ] ] ], [ [ [ 71.483317643954805, 51.146119051245627 ], [ 71.4831206, 51.1460751 ], [ 71.4830459, 51.1461286 ], [ 71.4829894, 51.1462089 ], [ 71.483377607033546, 51.146294152831935 ], [ 71.483487506863355, 51.146142952782277 ], [ 71.483418106830285, 51.146121552815671 ], [ 71.483317643954805, 51.146119051245627 ] ] ], [ [ [ 71.4834843, 51.1461928 ], [ 71.4834022, 51.1463173 ], [ 71.483653907159294, 51.146374452699085 ], [ 71.483735007018282, 51.14625005266268 ], [ 71.4834843, 51.1461928 ] ] ], [ [ [ 71.483092907062954, 51.146343652966515 ], [ 71.4829034, 51.146301 ], [ 71.4828443, 51.1463852 ], [ 71.483028507157385, 51.146427852995679 ], [ 71.483092907062954, 51.146343652966515 ] ] ], [ [ [ 71.482744207066617, 51.146377353131804 ], [ 71.482619, 51.1463448 ], [ 71.4823186, 51.1464222 ], [ 71.4822328, 51.1465265 ], [ 71.482572507335718, 51.146616253209345 ], [ 71.482744207066617, 51.146377353131804 ] ] ], [ [ [ 71.4839398, 51.1463454 ], [ 71.483815, 51.1465328 ], [ 71.484257707545865, 51.146642852407183 ], [ 71.484385707335605, 51.146456752349536 ], [ 71.4839398, 51.1463454 ] ] ], [ [ [ 71.4811603, 51.14666050000001 ], [ 71.481300807288321, 51.146688653813058 ], [ 71.481369807271449, 51.146668553780579 ], [ 71.481441807143682, 51.14655595374829 ], [ 71.4812046, 51.1465058 ], [ 71.4811322, 51.1466155 ], [ 71.4811603, 51.14666050000001 ] ] ], [ [ [ 71.4814886, 51.146563499999985 ], [ 71.4813883, 51.1467211 ], [ 71.481604407414579, 51.146766953667274 ], [ 71.481707707236581, 51.146609853620852 ], [ 71.4814886, 51.146563499999985 ] ] ], [ [ [ 71.482066807411783, 51.146723953448038 ], [ 71.4819276, 51.146697899999985 ], [ 71.4818062, 51.146706399999985 ], [ 71.4817323, 51.1468181 ], [ 71.481976307578009, 51.146870153488535 ], [ 71.482066807411783, 51.146723953448038 ] ] ], [ [ [ 71.48407100769748, 51.146785352493509 ], [ 71.483981407592282, 51.146705752537521 ], [ 71.4837606, 51.146662599999985 ], [ 71.483687, 51.1467911 ], [ 71.484028307782296, 51.146859652512539 ], [ 71.48407100769748, 51.146785352493509 ] ] ], [ [ [ 71.4822414, 51.1468227 ], [ 71.4821562, 51.1469415 ], [ 71.482379007767747, 51.146992553294837 ], [ 71.48246280763496, 51.146874753257023 ], [ 71.4822414, 51.1468227 ] ] ], [ [ [ 71.483323507609427, 51.146777852849254 ], [ 71.4828133, 51.1466475 ], [ 71.4826767, 51.1468435 ], [ 71.482756, 51.1471728 ], [ 71.483007008122271, 51.147232152991918 ], [ 71.483323507609427, 51.146777852849254 ] ] ], [ [ [ 71.483973907922177, 51.146980752536287 ], [ 71.4836646, 51.1469055 ], [ 71.4835452, 51.1470802 ], [ 71.483884308134805, 51.147165452575713 ], [ 71.483973907922177, 51.146980752536287 ] ] ], [ [ [ 71.4821707, 51.1479446 ], [ 71.482230462921649, 51.147958512581475 ], [ 71.4826009, 51.1481433 ], [ 71.4828225, 51.1482053 ], [ 71.483321184026323, 51.148256176374097 ], [ 71.48368737879882, 51.147740974886879 ], [ 71.482392573646891, 51.147378780487429 ], [ 71.482288514137181, 51.147368163311121 ], [ 71.482349628312321, 51.147283456034955 ], [ 71.482052726188144, 51.14719915831833 ], [ 71.4811662, 51.1471087 ], [ 71.4810333, 51.147293 ], [ 71.4813302, 51.1473772 ], [ 71.48182311104118, 51.147427494910481 ], [ 71.4816511, 51.1476695 ], [ 71.48217813707555, 51.147932410339301 ], [ 71.4821707, 51.1479446 ] ] ], [ [ [ 71.4835324, 51.1471514 ], [ 71.4834161, 51.1473027 ], [ 71.483660808352624, 51.147366252678545 ], [ 71.483775008181212, 51.147213652626874 ], [ 71.4835324, 51.1471514 ] ] ], [ [ [ 71.4848791, 51.1476509 ], [ 71.485045326546995, 51.147667856123263 ], [ 71.485373524978257, 51.14720415567907 ], [ 71.48506072456486, 51.147117056130071 ], [ 71.4848945, 51.1471001 ], [ 71.4845461, 51.1475002 ], [ 71.4845663, 51.1475638 ], [ 71.4848791, 51.1476509 ] ] ], [ [ [ 71.4843408, 51.1479834 ], [ 71.4841679, 51.1482278 ], [ 71.484667509650649, 51.148357152182356 ], [ 71.484840409374883, 51.148112652104373 ], [ 71.4843408, 51.1479834 ] ] ], [ [ [ 71.482735191817753, 51.149027578762258 ], [ 71.483089286837227, 51.148536277323096 ], [ 71.482460884310569, 51.148358080041604 ], [ 71.481967766043965, 51.148307767907845 ], [ 71.482145380786193, 51.148060181439128 ], [ 71.481991880171478, 51.148016882103121 ], [ 71.4814932, 51.147966 ], [ 71.481013, 51.1486297 ], [ 71.4822365, 51.148976699999984 ], [ 71.482735191817753, 51.149027578762258 ] ] ], [ [ [ 71.4841428, 51.149580899999989 ], [ 71.484696911364651, 51.149637422651438 ], [ 71.485459209308075, 51.149399419066278 ], [ 71.485925979957898, 51.149072208315893 ], [ 71.48632901080623, 51.149172051377711 ], [ 71.486520710500699, 51.148901151291227 ], [ 71.4862669, 51.1488358 ], [ 71.4858806, 51.1489191 ], [ 71.485866508704689, 51.148937038631573 ], [ 71.4853065, 51.1488729 ], [ 71.484334822239845, 51.149071286687985 ], [ 71.484572029882969, 51.148811221971329 ], [ 71.4846264, 51.1488269 ], [ 71.485250602882061, 51.148883420148607 ], [ 71.485370300988194, 51.148715419608415 ], [ 71.48477999836679, 51.148549322445653 ], [ 71.4838828, 51.1484646 ], [ 71.4838191, 51.1484867 ], [ 71.4834124, 51.1490854 ], [ 71.4834226, 51.1491681 ], [ 71.4835986937711, 51.149225337894862 ], [ 71.4835722, 51.1492609 ], [ 71.4835939, 51.1493609 ], [ 71.4841428, 51.149580899999989 ] ] ], [ [ [ 71.4811018, 51.14936560000001 ], [ 71.4811158, 51.1496441 ], [ 71.481392854303891, 51.149672368851377 ], [ 71.481880054507997, 51.149663467693244 ], [ 71.481934553699176, 51.149524167575727 ], [ 71.481867452761122, 51.149374067748397 ], [ 71.4815904, 51.1493458 ], [ 71.4812152, 51.149347 ], [ 71.4811018, 51.14936560000001 ] ] ], [ [ [ 71.481440800000016, 51.1498296 ], [ 71.4813117, 51.150027 ], [ 71.4814973, 51.1500748 ], [ 71.481940591504809, 51.150120028332772 ], [ 71.482069689714763, 51.149922627868897 ], [ 71.481884089097861, 51.149874828581929 ], [ 71.481440800000016, 51.1498296 ] ] ], [ [ [ 71.4829488, 51.1501031 ], [ 71.483145311638324, 51.150143752875437 ], [ 71.483305711534655, 51.150043452800851 ], [ 71.483353411452867, 51.149971252779409 ], [ 71.4830018, 51.1498889 ], [ 71.4829529, 51.1499601 ], [ 71.4829488, 51.1501031 ] ] ], [ [ [ 71.4836356, 51.1500834 ], [ 71.4835605, 51.1501171 ], [ 71.4836624, 51.1502079 ], [ 71.483717811782796, 51.150213552601834 ], [ 71.483787611761926, 51.150190052569037 ], [ 71.483691011630242, 51.150089052616778 ], [ 71.4836356, 51.1500834 ] ] ], [ [ [ 71.4832819, 51.1501373 ], [ 71.4832208, 51.1502212 ], [ 71.483842812006984, 51.15038895253933 ], [ 71.483903811912512, 51.150305052511769 ], [ 71.4832819, 51.1501373 ] ] ], [ [ [ 71.4841008, 51.151099299999984 ], [ 71.484211625815178, 51.151110604729027 ], [ 71.484352825388953, 51.150921004601301 ], [ 71.482891824058186, 51.150496206006245 ], [ 71.482781, 51.1504849 ], [ 71.4826248, 51.1507019 ], [ 71.4831529, 51.1508553 ], [ 71.4841008, 51.151099299999984 ] ] ], [ [ [ 71.484623, 51.15181230000001 ], [ 71.484859235429042, 51.151836395427921 ], [ 71.4847684, 51.1519519 ], [ 71.4863297, 51.1533307 ], [ 71.486591318593312, 51.153357379493016 ], [ 71.4865207, 51.1533841 ], [ 71.4866913, 51.153561499999988 ], [ 71.486729780520022, 51.15356542408302 ], [ 71.4861086, 51.153780399999981 ], [ 71.4862071, 51.1538876 ], [ 71.486761265347923, 51.153944112079778 ], [ 71.487331463471236, 51.153738009402808 ], [ 71.487232962077584, 51.153630809890139 ], [ 71.487089822105176, 51.15361621366079 ], [ 71.487075552164256, 51.153600683833538 ], [ 71.487245461936809, 51.153618009832911 ], [ 71.487397161405426, 51.153560509121164 ], [ 71.487249152933785, 51.153406690801276 ], [ 71.487397553425097, 51.153341415922263 ], [ 71.486156126758445, 51.152064925728283 ], [ 71.485735923567134, 51.151936028962893 ], [ 71.485437641964936, 51.151905607266698 ], [ 71.484967798178346, 51.151754225538802 ], [ 71.484983068604421, 51.151734760131617 ], [ 71.483916666062157, 51.151405762697024 ], [ 71.4836396, 51.1513775 ], [ 71.483602866950321, 51.151424323639738 ], [ 71.483555976494713, 51.15141137966959 ], [ 71.483629965412632, 51.151322963386235 ], [ 71.483067764030523, 51.151142564739288 ], [ 71.482906863783697, 51.151115665124372 ], [ 71.4825096, 51.1510806 ], [ 71.482162, 51.1511749 ], [ 71.4820611, 51.1512287 ], [ 71.4819002, 51.1514373 ], [ 71.482065, 51.1514881 ], [ 71.482342065894812, 51.151516366433043 ], [ 71.483485990960588, 51.151431918282249 ], [ 71.483463, 51.15146270000001 ], [ 71.484623, 51.15181230000001 ] ] ], [ [ [ 71.482864113335978, 51.151579952984214 ], [ 71.4827376, 51.1515508 ], [ 71.4826995, 51.151596 ], [ 71.482826013386287, 51.151625153001554 ], [ 71.482864113335978, 51.151579952984214 ] ] ], [ [ [ 71.4818655, 51.151481 ], [ 71.481592300000017, 51.1518462 ], [ 71.4817986, 51.151907 ], [ 71.482075668273197, 51.151935267030304 ], [ 71.482348866220747, 51.151569966412204 ], [ 71.482142565746628, 51.151509266908214 ], [ 71.4818655, 51.151481 ] ] ], [ [ [ 71.483717292260863, 51.152146015176164 ], [ 71.483453625354571, 51.152062675210715 ], [ 71.483348632158908, 51.152051964991671 ], [ 71.483416924241439, 51.151963075383456 ], [ 71.482914222117614, 51.151811077559763 ], [ 71.4824155, 51.1517602 ], [ 71.4823273, 51.151875 ], [ 71.48283, 51.152027 ], [ 71.482934136548465, 51.15203762331474 ], [ 71.4828638, 51.1521251 ], [ 71.4833992, 51.1522944 ], [ 71.484061871870281, 51.152358762268634 ], [ 71.484415869385941, 51.151914561465233 ], [ 71.484244268971665, 51.151860761878119 ], [ 71.4839672, 51.1518325 ], [ 71.483717292260863, 51.152146015176164 ] ] ], [ [ [ 71.4843807, 51.1521818 ], [ 71.4842176, 51.152392599999985 ], [ 71.4844209, 51.1524545 ], [ 71.484697972952304, 51.152482760744668 ], [ 71.484861171770177, 51.152271860374817 ], [ 71.484657771290969, 51.152210060864043 ], [ 71.4843807, 51.1521818 ] ] ], [ [ [ 71.4820554, 51.1527501 ], [ 71.482194866474316, 51.152764328108958 ], [ 71.4821392, 51.1530608 ], [ 71.4823558, 51.1531199 ], [ 71.482854536780366, 51.153170777602369 ], [ 71.483004506172449, 51.152954314584534 ], [ 71.483184681208868, 51.152979548725966 ], [ 71.4831336, 51.153251599999983 ], [ 71.4833502, 51.1533107 ], [ 71.483533304108903, 51.153329377561576 ], [ 71.4835195, 51.1533345 ], [ 71.4836173, 51.1534381 ], [ 71.483672715663332, 51.153443752567057 ], [ 71.483912015581822, 51.153354952454762 ], [ 71.484133678035704, 51.153377562009148 ], [ 71.484863276789625, 51.15310626029715 ], [ 71.48476537611478, 51.153002660539059 ], [ 71.4844883, 51.1529744 ], [ 71.483988368464637, 51.153160324645349 ], [ 71.484088297472297, 51.153006069182375 ], [ 71.484448415028055, 51.152847452208384 ], [ 71.484145737397981, 51.152765975062586 ], [ 71.484167532661317, 51.152674872057929 ], [ 71.483951931820698, 51.152616172990321 ], [ 71.4834532, 51.1525653 ], [ 71.483250542899498, 51.15285766218684 ], [ 71.483221145427052, 51.152824930663463 ], [ 71.483240029664884, 51.15279630559484 ], [ 71.483232229365655, 51.152672605606561 ], [ 71.483134194779822, 51.152646821727096 ], [ 71.483173129649487, 51.152484076345743 ], [ 71.482957528808853, 51.152425377278107 ], [ 71.4824588, 51.1523745 ], [ 71.482267778354526, 51.15265007550024 ], [ 71.482231544365604, 51.152609732119529 ], [ 71.482250428937888, 51.152581106543948 ], [ 71.482242628638659, 51.152457406555691 ], [ 71.482029328458594, 51.152401306760602 ], [ 71.4819185, 51.15239 ], [ 71.4818824, 51.152444 ], [ 71.4818811, 51.152506 ], [ 71.481920848135502, 51.152534959137228 ], [ 71.4818456, 51.1525527 ], [ 71.481813, 51.1525769 ], [ 71.4817986, 51.1526385 ], [ 71.4818534, 51.1526953 ], [ 71.4820554, 51.1527501 ] ] ], [ [ [ 71.4847004, 51.152487 ], [ 71.4846243, 51.1525992 ], [ 71.4850247, 51.1527061 ], [ 71.485301774784631, 51.152734359286406 ], [ 71.485377974150722, 51.152622259114906 ], [ 71.484977473295487, 51.15251526007696 ], [ 71.4847004, 51.152487 ] ] ], [ [ [ 71.4847277, 51.1528635 ], [ 71.484713900000017, 51.1529108 ], [ 71.48485401517344, 51.152932652013938 ], [ 71.484873215118441, 51.152885252005625 ], [ 71.4847277, 51.1528635 ] ] ], [ [ [ 71.4819268, 51.1532929 ], [ 71.4815282, 51.1538726 ], [ 71.481791316054654, 51.15393445345363 ], [ 71.482189915399474, 51.15335475327408 ], [ 71.4819268, 51.1532929 ] ] ], [ [ [ 71.485213816920592, 51.15435345181799 ], [ 71.485602216798767, 51.15421805163556 ], [ 71.485469416604417, 51.15406815170136 ], [ 71.485424612605243, 51.15406358233615 ], [ 71.484727215602092, 51.153300152067871 ], [ 71.4846718, 51.1532945 ], [ 71.4844943, 51.1533594 ], [ 71.4852009, 51.1541195 ], [ 71.485239134319869, 51.154123399422993 ], [ 71.4850255, 51.154197799999984 ], [ 71.4851584, 51.1543478 ], [ 71.485213816920592, 51.15435345181799 ] ] ], [ [ [ 71.483593, 51.1537615 ], [ 71.4830175, 51.153774 ], [ 71.4829241, 51.153789300000014 ], [ 71.4828813, 51.1539789 ], [ 71.4828869, 51.1541179 ], [ 71.4830696, 51.1543302 ], [ 71.483394833406976, 51.154338105393862 ], [ 71.48390213295751, 51.154106704919194 ], [ 71.483897332662735, 51.153984604928006 ], [ 71.483703832112255, 51.153772805119516 ], [ 71.483593, 51.1537615 ] ] ], [ [ [ 71.4842351, 51.1541015 ], [ 71.4841175, 51.1541487 ], [ 71.4842071, 51.154242 ], [ 71.484262516692766, 51.154247652272446 ], [ 71.484385916649501, 51.154200852214551 ], [ 71.484290516526698, 51.154107152261574 ], [ 71.4842351, 51.1541015 ] ] ], [ [ [ 71.483758897652208, 51.154900369213877 ], [ 71.483841187090974, 51.154908762571644 ], [ 71.484016848477395, 51.154839065615484 ], [ 71.4840373, 51.154861 ], [ 71.484092717419443, 51.154866652342449 ], [ 71.48465451723078, 51.154660452078758 ], [ 71.484603829949592, 51.154606166277894 ], [ 71.484888385145339, 51.154493260116645 ], [ 71.484868086712495, 51.154473123375432 ], [ 71.485116116945889, 51.15438305186396 ], [ 71.48492841668147, 51.154179751956811 ], [ 71.484873, 51.1541741 ], [ 71.4844839, 51.1543154 ], [ 71.484497671693944, 51.154330316350759 ], [ 71.484473, 51.1543278 ], [ 71.4834257, 51.1547434 ], [ 71.483557444890579, 51.154873907425305 ], [ 71.483476, 51.1548656 ], [ 71.4828369, 51.1550901 ], [ 71.4829295, 51.1551939 ], [ 71.48320658864057, 51.155222164054024 ], [ 71.483845787628141, 51.154997662552958 ], [ 71.483758897652208, 51.154900369213877 ] ] ], [ [ [ 71.4819642, 51.1540301 ], [ 71.4817992, 51.1540935 ], [ 71.4824599, 51.1547705 ], [ 71.482736985845449, 51.154798765208007 ], [ 71.482901985551962, 51.154735464820995 ], [ 71.482241281129902, 51.154058366451643 ], [ 71.4819642, 51.1540301 ] ] ], [ [ [ 71.4825025, 51.154885 ], [ 71.4824253, 51.154938 ], [ 71.4825533, 51.155006699999987 ], [ 71.482608717437813, 51.155012353045983 ], [ 71.482685917384018, 51.154960853010159 ], [ 71.482557917286002, 51.154890653072279 ], [ 71.4825025, 51.154885 ] ] ], [ [ [ 71.481858517332455, 51.154990753403283 ], [ 71.4818031, 51.1549851 ], [ 71.4816801, 51.1551222 ], [ 71.4819238, 51.1552265 ], [ 71.482080399795592, 51.155274946540409 ], [ 71.4820641, 51.1552949 ], [ 71.4825443, 51.1554492 ], [ 71.482821389972571, 51.15547746494817 ], [ 71.482913289344452, 51.15536496473932 ], [ 71.482433088162381, 51.155210665895119 ], [ 71.48218850188691, 51.155185715568855 ], [ 71.482109017468929, 51.155082153282528 ], [ 71.481858517332455, 51.154990753403283 ] ] ], [ [ [ 71.4851979, 51.1551602 ], [ 71.4847383, 51.1553435 ], [ 71.4848661, 51.1554695 ], [ 71.484921518239133, 51.155475151937537 ], [ 71.485381018067059, 51.155291751722103 ], [ 71.485253317902107, 51.15516585178505 ], [ 71.4851979, 51.1551602 ] ] ], [ [ [ 71.4814553, 51.1557181 ], [ 71.4813746, 51.1557516 ], [ 71.4815141, 51.1558839 ], [ 71.481569518383196, 51.155889553525142 ], [ 71.481650318351441, 51.155856053487284 ], [ 71.481510718177503, 51.155723753556018 ], [ 71.4814553, 51.1557181 ] ] ], [ [ [ 71.484899194173266, 51.155993159960303 ], [ 71.484808241859767, 51.155901416852245 ], [ 71.484887537503525, 51.155909503918728 ], [ 71.485180437301267, 51.155799703643844 ], [ 71.485162213196119, 51.155780590032002 ], [ 71.485419793327793, 51.15580685873806 ], [ 71.486775218214206, 51.155291551058767 ], [ 71.486561817929612, 51.155073751164103 ], [ 71.4865064, 51.1550681 ], [ 71.4861295, 51.1552134 ], [ 71.486164159239351, 51.155249175780547 ], [ 71.485051847099086, 51.155664836629661 ], [ 71.4849344, 51.1556466 ], [ 71.4846416, 51.1557565 ], [ 71.484764779500907, 51.155885697194535 ], [ 71.4845187, 51.1558606 ], [ 71.482795752184657, 51.156532642020856 ], [ 71.4825179, 51.1565043 ], [ 71.4822409, 51.1566095 ], [ 71.4823613, 51.1567342 ], [ 71.482860075918182, 51.15678507701265 ], [ 71.484899194173266, 51.155993159960303 ] ] ], [ [ [ 71.485091995785098, 51.156244159479783 ], [ 71.4848149, 51.1562159 ], [ 71.4846499, 51.1562793 ], [ 71.4853213, 51.1569664 ], [ 71.485598400567568, 51.156994658209712 ], [ 71.485763300273334, 51.156931257822912 ], [ 71.485091995785098, 51.156244159479783 ] ] ], [ [ [ 71.4842854, 51.1565588 ], [ 71.4828566, 51.1571084 ], [ 71.482967, 51.1572212 ], [ 71.483244100855686, 51.157249463788361 ], [ 71.4846727983048, 51.15669986043735 ], [ 71.484562497567936, 51.15658706070959 ], [ 71.4842854, 51.1565588 ] ] ], [ [ [ 71.4846724, 51.1569423 ], [ 71.4832155, 51.1574869 ], [ 71.4833124, 51.1575888 ], [ 71.483589503249803, 51.157617062934662 ], [ 71.485046300744358, 51.157072559516358 ], [ 71.484949500079566, 51.156970559755528 ], [ 71.4846724, 51.1569423 ] ] ], [ [ [ 71.4823017, 51.157143 ], [ 71.4821448, 51.1572026 ], [ 71.482657, 51.1577494 ], [ 71.482934103869383, 51.15777766447988 ], [ 71.483100103558911, 51.157711464090717 ], [ 71.482578800033409, 51.157171265377897 ], [ 71.4823017, 51.157143 ] ] ], [ [ [ 71.485155921639844, 51.158281051777145 ], [ 71.485235321522154, 51.158176251741175 ], [ 71.485222021104178, 51.157830051753535 ], [ 71.485145471402276, 51.157763224269182 ], [ 71.485174563018774, 51.157763355411248 ], [ 71.48541056267527, 51.157647455080429 ], [ 71.485413461588237, 51.157346055092034 ], [ 71.4852472, 51.1573291 ], [ 71.4849403, 51.157328 ], [ 71.4846929, 51.1574462 ], [ 71.4845822, 51.1575238 ], [ 71.484581300000016, 51.1576189 ], [ 71.4849196, 51.157746 ], [ 71.485005955600471, 51.157754806595165 ], [ 71.4842151, 51.1577668 ], [ 71.484075, 51.157850799999984 ], [ 71.4840885, 51.158200299999983 ], [ 71.4842212, 51.1582887 ], [ 71.484276621562884, 51.158294352195277 ], [ 71.485155921639844, 51.158281051777145 ] ] ], [ [ [ 71.485692620964315, 51.15767245153237 ], [ 71.4856372, 51.1576668 ], [ 71.4852763, 51.1578323 ], [ 71.4857957, 51.1582779 ], [ 71.485851121716351, 51.158283551446303 ], [ 71.486212021555502, 51.158118151277478 ], [ 71.485692620964315, 51.15767245153237 ] ] ], [ [ [ 71.484823721620373, 51.158294051934966 ], [ 71.484671300000016, 51.1582898 ], [ 71.484183217529619, 51.158437486232074 ], [ 71.483682488950336, 51.157916273313759 ], [ 71.4831837, 51.1578654 ], [ 71.4830308, 51.157923199999985 ], [ 71.4833471, 51.1584063 ], [ 71.4834453, 51.1585084 ], [ 71.483944096162503, 51.158559272092795 ], [ 71.484168533440283, 51.158474494975557 ], [ 71.4841688, 51.1585116 ], [ 71.4844564, 51.158699799999987 ], [ 71.4845639, 51.1587342 ], [ 71.485118822186436, 51.158738551786804 ], [ 71.485117521953569, 51.158545151790804 ], [ 71.484823721620373, 51.158294051934966 ] ] ], [ [ [ 71.482907491922674, 51.158258876578806 ], [ 71.4824087, 51.158208 ], [ 71.48222, 51.1582808 ], [ 71.4824245, 51.1584894 ], [ 71.482923294985071, 51.158540276467043 ], [ 71.48311199437633, 51.158467475670413 ], [ 71.482907491922674, 51.158258876578806 ] ] ], [ [ [ 71.4830168, 51.1585732 ], [ 71.4826223, 51.1587198 ], [ 71.4827725, 51.1588787 ], [ 71.482827922119597, 51.15888435287431 ], [ 71.483222421984919, 51.158737752689156 ], [ 71.483072221777846, 51.158578852763384 ], [ 71.4830168, 51.1585732 ] ] ], [ [ [ 71.483912609456695, 51.158620362078679 ], [ 71.4836355, 51.1585921 ], [ 71.4834412, 51.1586658 ], [ 71.4839501, 51.159194 ], [ 71.484227213244367, 51.15922226127784 ], [ 71.484406069323043, 51.159154510850463 ], [ 71.484883100000019, 51.1596369 ], [ 71.484938523255181, 51.159642551856869 ], [ 71.485133923184378, 51.159566551765209 ], [ 71.484546522407484, 51.158972552055054 ], [ 71.4844911, 51.1589669 ], [ 71.484313110545116, 51.159036128265619 ], [ 71.483912609456695, 51.158620362078679 ] ] ], [ [ [ 71.4850444, 51.1588835 ], [ 71.4848733, 51.1589435 ], [ 71.4849464, 51.1590255 ], [ 71.485001822526144, 51.159031151837389 ], [ 71.485172922472032, 51.158971151757029 ], [ 71.48509982236564, 51.158889151793247 ], [ 71.4850444, 51.1588835 ] ] ], [ [ [ 71.4826758, 51.159136 ], [ 71.4825484, 51.1591857 ], [ 71.4826043, 51.159242099999986 ], [ 71.482659722539083, 51.159247752948005 ], [ 71.48278712249288, 51.159198152888266 ], [ 71.482731222418963, 51.159141652915814 ], [ 71.4826758, 51.159136 ] ] ], [ [ [ 71.4836779, 51.1595636 ], [ 71.4834853, 51.1596347 ], [ 71.4837634, 51.159931 ], [ 71.483818823490665, 51.159936652384502 ], [ 71.484011423425486, 51.1598655522941 ], [ 71.483733323039516, 51.159569252431588 ], [ 71.4836779, 51.1595636 ] ] ], [ [ [ 71.485650823833012, 51.160060151510663 ], [ 71.485291923337172, 51.159679651688052 ], [ 71.4852365, 51.159674 ], [ 71.4848045, 51.1598422 ], [ 71.4851723, 51.160216900000016 ], [ 71.485227723983712, 51.160222551709154 ], [ 71.485650823833012, 51.160060151510663 ] ] ], [ [ [ 71.4845288, 51.1598678 ], [ 71.4844161, 51.1599116 ], [ 71.4845878, 51.160093199999984 ], [ 71.484643223773034, 51.16009885198941 ], [ 71.484750523743941, 51.160065251938946 ], [ 71.48458422349556, 51.159873452021408 ], [ 71.4845288, 51.1598678 ] ] ], [ [ [ 71.482581024778312, 51.161115452952963 ], [ 71.482872924676087, 51.161004852815999 ], [ 71.482717447349131, 51.160843581256579 ], [ 71.48291579796755, 51.160863811350978 ], [ 71.484030196423561, 51.160445109259143 ], [ 71.483302992451399, 51.159683810696201 ], [ 71.4830813, 51.1596612 ], [ 71.4819669, 51.1600799 ], [ 71.48259835962422, 51.16074097188126 ], [ 71.4825653, 51.1607376 ], [ 71.4822735, 51.160848199999982 ], [ 71.4825256, 51.1611098 ], [ 71.482581024778312, 51.161115452952963 ] ] ], [ [ [ 71.4841372, 51.1601158 ], [ 71.4839212, 51.1601977 ], [ 71.4841848, 51.160471 ], [ 71.484849891056442, 51.160538824348109 ], [ 71.485065890146402, 51.160456823131916 ], [ 71.484802285866706, 51.160183624694128 ], [ 71.4841372, 51.1601158 ] ] ], [ [ [ 71.485030122930624, 51.16076155923362 ], [ 71.484753, 51.1607333 ], [ 71.4845607, 51.1608027 ], [ 71.4850534, 51.161339699999985 ], [ 71.485330526738309, 51.161367958466123 ], [ 71.485506904392366, 51.161304337337562 ], [ 71.4855943, 51.1613956 ], [ 71.485871427360664, 51.161423857174377 ], [ 71.48689662555887, 51.161034354769221 ], [ 71.4867977248784, 51.160929955013629 ], [ 71.486591504346322, 51.160908929309748 ], [ 71.486639824558438, 51.160890655392706 ], [ 71.486127021079056, 51.160357456659185 ], [ 71.4858499, 51.1603292 ], [ 71.485673, 51.1603961 ], [ 71.4861858, 51.1609293 ], [ 71.486395855995909, 51.16095071749146 ], [ 71.486064499852404, 51.161080920980879 ], [ 71.485584122025543, 51.16056245793294 ], [ 71.485307, 51.1605342 ], [ 71.4851149, 51.1606042 ], [ 71.4856282, 51.1611582 ], [ 71.485818458377494, 51.161177599747418 ], [ 71.485519665877064, 51.161295005107924 ], [ 71.485030122930624, 51.16076155923362 ] ] ], [ [ [ 71.484034, 51.161049 ], [ 71.484170224877559, 51.161058252197776 ], [ 71.484325524823959, 51.161000052124898 ], [ 71.484331824734241, 51.160924952123203 ], [ 71.484276124658066, 51.160866552150715 ], [ 71.4842207, 51.1608609 ], [ 71.4840036, 51.1609423 ], [ 71.4839836, 51.160996199999985 ], [ 71.484034, 51.161049 ] ] ], [ [ [ 71.483903925125944, 51.161288052320479 ], [ 71.484166025046434, 51.161198952197324 ], [ 71.484114824969794, 51.161139752222716 ], [ 71.483997, 51.1611079 ], [ 71.4837517, 51.161170399999989 ], [ 71.4838485, 51.1612824 ], [ 71.483903925125944, 51.161288052320479 ] ] ], [ [ [ 71.4834122, 51.1615442 ], [ 71.48346762539488, 51.161549852523535 ], [ 71.483717425295524, 51.161445352406503 ], [ 71.483690625211707, 51.161378052420403 ], [ 71.483629825136546, 51.161320952450339 ], [ 71.483559125093691, 51.161291552484478 ], [ 71.4835037, 51.161285899999989 ], [ 71.4833431, 51.1613098 ], [ 71.4832184, 51.161362 ], [ 71.4834122, 51.1615442 ] ] ], [ [ [ 71.484714, 51.1613529 ], [ 71.484415, 51.1614792 ], [ 71.4845087, 51.1615664 ], [ 71.484564125537574, 51.161572052001397 ], [ 71.484863125417306, 51.16144585186133 ], [ 71.484769425302332, 51.161358551907426 ], [ 71.484714, 51.1613529 ] ] ], [ [ [ 71.4842708, 51.16152360000001 ], [ 71.4839826, 51.1616333 ], [ 71.4840732, 51.1617269 ], [ 71.484128625684662, 51.161732552205834 ], [ 71.484416825583125, 51.161622852070614 ], [ 71.48432622546089, 51.161529252115365 ], [ 71.4842708, 51.16152360000001 ] ] ], [ [ [ 71.4838695, 51.1616711 ], [ 71.4835652, 51.1617878 ], [ 71.4836516, 51.1618764 ], [ 71.483762451652652, 51.161887704781186 ], [ 71.484066751436373, 51.161771104495671 ], [ 71.483980351204593, 51.161682404580986 ], [ 71.4838695, 51.1616711 ] ] ], [ [ [ 71.4844572, 51.1616736 ], [ 71.4840414, 51.1618351 ], [ 71.4841104, 51.1619049 ], [ 71.484165825902821, 51.161910552185034 ], [ 71.484581525752418, 51.161749051990029 ], [ 71.484512625661125, 51.161679252024051 ], [ 71.4844572, 51.1616736 ] ] ], [ [ [ 71.482313251189595, 51.161822706162582 ], [ 71.4822024, 51.1618114 ], [ 71.4815167, 51.1620183 ], [ 71.481749, 51.1623209 ], [ 71.481859852320014, 51.162332206576345 ], [ 71.482545451967084, 51.162125305931099 ], [ 71.482313251189595, 51.161822706162582 ] ] ], [ [ [ 71.48603645422007, 51.162754502586921 ], [ 71.48548905276283, 51.162197203127278 ], [ 71.4853782, 51.162185899999983 ], [ 71.4850306, 51.1623201 ], [ 71.485624, 51.1628597 ], [ 71.485734854436728, 51.162871002869885 ], [ 71.48603645422007, 51.162754502586921 ] ] ], [ [ [ 71.4848291, 51.1630441 ], [ 71.484939954712473, 51.163055403619936 ], [ 71.485112354659393, 51.163018203457177 ], [ 71.485225354582681, 51.162976403351095 ], [ 71.484938153777648, 51.162667203635188 ], [ 71.484839853603049, 51.162603303730947 ], [ 71.484729, 51.162592 ], [ 71.4845548, 51.1627105 ], [ 71.4845752, 51.1627884 ], [ 71.4848291, 51.1630441 ] ] ], [ [ [ 71.483324427474003, 51.163289952561371 ], [ 71.483269, 51.1632843 ], [ 71.483117, 51.1633308 ], [ 71.48319530000002, 51.1634314 ], [ 71.483250727643266, 51.163437052593892 ], [ 71.48340262760334, 51.163390552522422 ], [ 71.483324427474003, 51.163289952561371 ] ] ], [ [ [ 71.4830429, 51.1633401 ], [ 71.4827167, 51.163451599999988 ], [ 71.4827855, 51.163530799999982 ], [ 71.482840927719536, 51.163536452787156 ], [ 71.483167127619723, 51.163424852633881 ], [ 71.48309832751724, 51.163345752667993 ], [ 71.4830429, 51.1633401 ] ] ], [ [ [ 71.482472, 51.1634726 ], [ 71.4819679, 51.16363290000001 ], [ 71.4820571, 51.1637432 ], [ 71.482112527898124, 51.163748853130066 ], [ 71.482616627758389, 51.163588452892988 ], [ 71.482527427616319, 51.163478252937338 ], [ 71.482472, 51.1634726 ] ] ], [ [ [ 71.483668028313758, 51.163957452386263 ], [ 71.4836126, 51.163951799999985 ], [ 71.483316, 51.1640521 ], [ 71.484105, 51.1649692 ], [ 71.48416042959046, 51.16497485213425 ], [ 71.484456929501107, 51.16487455199492 ], [ 71.483668028313758, 51.163957452386263 ] ] ], [ [ [ 71.483180629908247, 51.165324952594389 ], [ 71.483522229815222, 51.165217652433704 ], [ 71.482482928235328, 51.163996452949505 ], [ 71.4824275, 51.1639908 ], [ 71.4821681, 51.1640723 ], [ 71.4831252, 51.1653193 ], [ 71.483180629908247, 51.165324952594389 ] ] ], [ [ [ 71.4842983, 51.1653328 ], [ 71.4836005, 51.1655782 ], [ 71.4837238, 51.165716 ], [ 71.483779230449102, 51.165721652302643 ], [ 71.484477030227509, 51.165476251974859 ], [ 71.484353730048596, 51.165338452035947 ], [ 71.4842983, 51.1653328 ] ] ], [ [ [ 71.4852365, 51.1653643 ], [ 71.4836278, 51.1658989 ], [ 71.4840139, 51.1663558 ], [ 71.484069331249955, 51.166361452153474 ], [ 71.485678030776569, 51.165826851397256 ], [ 71.485291930185738, 51.16536995158895 ], [ 71.4852365, 51.1653643 ] ] ], [ [ [ 71.4851744, 51.1661815 ], [ 71.4847584, 51.1663273 ], [ 71.484841, 51.1664199 ], [ 71.484896431414626, 51.166425551758763 ], [ 71.485312331282969, 51.1662796515634 ], [ 71.485229831162897, 51.166187151604262 ], [ 71.4851744, 51.1661815 ] ] ], [ [ [ 71.485303, 51.1663067 ], [ 71.4851333, 51.1663719 ], [ 71.4852052, 51.1664455 ], [ 71.485260631483953, 51.166451151585008 ], [ 71.485430331423416, 51.166385951505383 ], [ 71.485358431327214, 51.166312351540881 ], [ 71.485303, 51.1663067 ] ] ], [ [ [ 71.4850786, 51.1663857 ], [ 71.4846818, 51.1665315 ], [ 71.4847721, 51.1666281 ], [ 71.48482753165797, 51.166633751787913 ], [ 71.485224331524307, 51.166487851601644 ], [ 71.485134031398573, 51.166391351646304 ], [ 71.4850786, 51.1663857 ] ] ], [ [ [ 71.485481531528265, 51.166468551479596 ], [ 71.4854261, 51.1664629 ], [ 71.4848487, 51.166677399999983 ], [ 71.4849324, 51.1667659 ], [ 71.484987831840826, 51.166771551709239 ], [ 71.485565231643776, 51.166557151438226 ], [ 71.485481531528265, 51.166468551479596 ] ] ], [ [ [ 71.4822748, 51.166559 ], [ 71.482102, 51.1666206 ], [ 71.4823652, 51.1669111 ], [ 71.48242063174402, 51.166916752928337 ], [ 71.482593431688272, 51.166855252847185 ], [ 71.482330231310584, 51.166564652977478 ], [ 71.4822748, 51.166559 ] ] ], [ [ [ 71.4845587, 51.1666568 ], [ 71.4844318, 51.1667052 ], [ 71.4845932, 51.1668716 ], [ 71.484648631932188, 51.166877251868819 ], [ 71.484775531887337, 51.166828851809271 ], [ 71.484614131669943, 51.166662451888968 ], [ 71.4845587, 51.1666568 ] ] ], [ [ [ 71.485893137553489, 51.171436751197177 ], [ 71.4858377, 51.171431099999985 ], [ 71.4854541, 51.171564 ], [ 71.485599, 51.1717204 ], [ 71.485654437876605, 51.171726051305733 ], [ 71.486043337743624, 51.17158145112316 ], [ 71.485893137553489, 51.171436751197177 ] ] ], [ [ [ 71.4863578, 51.1716236 ], [ 71.4861356, 51.1717 ], [ 71.4864221, 51.1720276 ], [ 71.486477538333602, 51.172033250908683 ], [ 71.486699738265216, 51.171956950804265 ], [ 71.48641323784031, 51.171629250946324 ], [ 71.4863578, 51.1716236 ] ] ], [ [ [ 71.4838299, 51.1728944 ], [ 71.483968739121408, 51.172907852087398 ], [ 71.484171138999528, 51.172788851993126 ], [ 71.48391663863228, 51.172506252119163 ], [ 71.4838612, 51.1725006 ], [ 71.4836275, 51.1726249 ], [ 71.4838299, 51.1728944 ] ] ], [ [ [ 71.48636783910645, 51.172684650949535 ], [ 71.4863124, 51.172679 ], [ 71.4861596, 51.1727261 ], [ 71.4862114, 51.1727922 ], [ 71.486266839232073, 51.172797850995622 ], [ 71.48641973919166, 51.172750850923677 ], [ 71.48636783910645, 51.172684650949535 ] ] ], [ [ [ 71.4856166, 51.1729667 ], [ 71.485613210861572, 51.173128911328035 ], [ 71.485532639432606, 51.173028851341037 ], [ 71.4854772, 51.173023200000017 ], [ 71.48531, 51.1730762 ], [ 71.485427, 51.1732214 ], [ 71.485482439665972, 51.173227051361458 ], [ 71.485612016944401, 51.173186054681466 ], [ 71.4856079, 51.1733831 ], [ 71.48584623996075, 51.173439851184611 ], [ 71.486040139649589, 51.173164451097129 ], [ 71.485823939331908, 51.172919651204282 ], [ 71.4857685, 51.172914 ], [ 71.4856166, 51.1729667 ] ] ], [ [ [ 71.4850218, 51.1739885 ], [ 71.4851166, 51.1740419 ], [ 71.485172040621265, 51.174047551494887 ], [ 71.485351740489023, 51.17392195141155 ], [ 71.485439740266145, 51.173729151373024 ], [ 71.485336640185267, 51.173671051423092 ], [ 71.4852812, 51.1736654 ], [ 71.484902, 51.173780499999985 ], [ 71.4848535, 51.1738144 ], [ 71.4850218, 51.1739885 ] ] ], [ [ [ 71.486766441124033, 51.174324950731247 ], [ 71.486378040643103, 51.173959750922464 ], [ 71.4863226, 51.17395410000001 ], [ 71.4860945, 51.1740494 ], [ 71.4858381, 51.174595600000011 ], [ 71.4859033, 51.1746569 ], [ 71.485958741445202, 51.174662551109776 ], [ 71.486766441124033, 51.174324950731247 ] ] ], [ [ [ 71.4857465, 51.174702 ], [ 71.4855802, 51.174752399999988 ], [ 71.4856392, 51.1748163 ], [ 71.485694641609228, 51.174821951232687 ], [ 71.485860941558059, 51.174764851154542 ], [ 71.485801941482933, 51.17470765118361 ], [ 71.4857465, 51.174702 ] ] ], [ [ [ 71.4855158, 51.1748298 ], [ 71.4853924, 51.1748701 ], [ 71.4855158, 51.1750013 ], [ 71.485571241819002, 51.175006951288196 ], [ 71.485689241794987, 51.174976651232548 ], [ 71.485571241612433, 51.174835451291187 ], [ 71.4855158, 51.1748298 ] ] ], [ [ [ 71.48346104220056, 51.175509152283723 ], [ 71.4834056, 51.1755035 ], [ 71.4830933, 51.1756047 ], [ 71.4832414, 51.1757843 ], [ 71.483296842521383, 51.175789952356986 ], [ 71.483609142432556, 51.175688752210114 ], [ 71.48346104220056, 51.175509152283723 ] ] ], [ [ [ 71.4830517, 51.1758536 ], [ 71.482975525093821, 51.175880985204557 ], [ 71.482919543126954, 51.175874424787445 ], [ 71.482968542568798, 51.175858152512035 ], [ 71.482906342473555, 51.175784552542943 ], [ 71.482850900000017, 51.1757789 ], [ 71.4826634, 51.1758412 ], [ 71.4827255, 51.1759148 ], [ 71.482779810449074, 51.175920337170709 ], [ 71.482180200000016, 51.1761178 ], [ 71.4822546, 51.1762067 ], [ 71.482310042925718, 51.176212352819284 ], [ 71.483033266010267, 51.175974115444333 ], [ 71.4830498, 51.1759922 ], [ 71.483105242751535, 51.175997852444567 ], [ 71.483202042719853, 51.175963052399091 ], [ 71.483107142584785, 51.175859252446074 ], [ 71.4830517, 51.1758536 ] ] ], [ [ [ 71.4840248, 51.1759269 ], [ 71.4838733, 51.175978399999984 ], [ 71.4840476, 51.176180299999984 ], [ 71.484103043083692, 51.176185951966396 ], [ 71.484254543037807, 51.17613455189521 ], [ 71.484080242776059, 51.175932551981667 ], [ 71.4840248, 51.1759269 ] ] ], [ [ [ 71.4847728, 51.1759809 ], [ 71.4845079, 51.1760812 ], [ 71.4849691, 51.1765598 ], [ 71.485024543638303, 51.176565451521242 ], [ 71.485289443545526, 51.176465151396926 ], [ 71.484828242920258, 51.175986551624739 ], [ 71.4847728, 51.1759809 ] ] ], [ [ [ 71.482769942845508, 51.176105352602264 ], [ 71.4827145, 51.1760997 ], [ 71.4823186, 51.1762409 ], [ 71.4832333, 51.1772488 ], [ 71.483288744284536, 51.177254452335362 ], [ 71.483684544156347, 51.177113252149439 ], [ 71.482769942845508, 51.176105352602264 ] ] ], [ [ [ 71.4862588, 51.1451686 ], [ 71.486055, 51.1455018 ], [ 71.486341006461387, 51.145557851435001 ], [ 71.486539506073669, 51.145217951346496 ], [ 71.4862588, 51.1451686 ] ] ], [ [ [ 71.4860013, 51.1455304 ], [ 71.4857975, 51.1458164 ], [ 71.486059406816025, 51.145877551563402 ], [ 71.486249806482164, 51.14558315147795 ], [ 71.4860013, 51.1455304 ] ] ], [ [ [ 71.486047706882502, 51.145933851567982 ], [ 71.4857347, 51.145855899999987 ], [ 71.4854132, 51.1463064 ], [ 71.485818407431111, 51.146410251668748 ], [ 71.485975507182928, 51.146190051597856 ], [ 71.486047706882502, 51.145933851567982 ] ] ], [ [ [ 71.4852369, 51.146644299999984 ], [ 71.4849687, 51.1470649 ], [ 71.485265508243629, 51.147134551919166 ], [ 71.485539007762668, 51.146710551796446 ], [ 71.4852369, 51.146644299999984 ] ] ], [ [ [ 71.4852476, 51.1475319 ], [ 71.4852047, 51.147616 ], [ 71.485383508866121, 51.147641851854196 ], [ 71.485426408769527, 51.14755775183523 ], [ 71.4852476, 51.1475319 ] ] ], [ [ [ 71.4898545, 51.147878 ], [ 71.4898304, 51.1479187 ], [ 71.4898885, 51.1480132 ], [ 71.490015209820456, 51.148028549643961 ], [ 71.490076609808668, 51.148013349615006 ], [ 71.490137009767665, 51.147973949586984 ], [ 71.490097209679405, 51.147904049607121 ], [ 71.490048309643342, 51.147878349630837 ], [ 71.4899022, 51.147867399999988 ], [ 71.4898545, 51.147878 ] ] ], [ [ [ 71.4894408, 51.1480709 ], [ 71.4895001, 51.1481523 ], [ 71.489555509927527, 51.148157949860398 ], [ 71.489638609934488, 51.148156449820888 ], [ 71.489792409873061, 51.148091849748852 ], [ 71.489720309746019, 51.147992549784881 ], [ 71.4896649, 51.1479869 ], [ 71.4894907, 51.1480362 ], [ 71.4894408, 51.1480709 ] ] ], [ [ [ 71.4888871, 51.1483338 ], [ 71.489016910086505, 51.148337450113502 ], [ 71.489086410067756, 51.148315750080819 ], [ 71.48912761002893, 51.148279850061847 ], [ 71.489056409911612, 51.148188550097316 ], [ 71.489001, 51.1481829 ], [ 71.4888665, 51.1482245 ], [ 71.4888291, 51.1482634 ], [ 71.4888871, 51.1483338 ] ] ], [ [ [ 71.4850386, 51.148164699999988 ], [ 71.4848272, 51.1484661 ], [ 71.4852492, 51.1485827 ], [ 71.485592410082944, 51.148635351737504 ], [ 71.486081009924717, 51.148460851508098 ], [ 71.486095009902044, 51.148440751501788 ], [ 71.485799709746118, 51.148337051644091 ], [ 71.4850386, 51.148164699999988 ] ] ], [ [ [ 71.4886706, 51.1482747 ], [ 71.4884732, 51.1483144 ], [ 71.4884543, 51.1483756 ], [ 71.4885144, 51.148451699999988 ], [ 71.488652410186901, 51.148452950284899 ], [ 71.488702210173528, 51.148437450261468 ], [ 71.488793110099294, 51.14836775021945 ], [ 71.488726009987118, 51.148280350252897 ], [ 71.4886706, 51.1482747 ] ] ], [ [ [ 71.4901328, 51.1482257 ], [ 71.49003, 51.148379 ], [ 71.490372410377589, 51.148460449466491 ], [ 71.490475210203968, 51.148307049420254 ], [ 71.4901328, 51.1482257 ] ] ], [ [ [ 71.4881644, 51.1483679 ], [ 71.4877884, 51.1484911 ], [ 71.4878302, 51.1485442 ], [ 71.487885610222449, 51.148549850648017 ], [ 71.487930622171291, 51.148535955076945 ], [ 71.4879191, 51.1485624 ], [ 71.4879942, 51.148655 ], [ 71.488266910460666, 51.148714450463721 ], [ 71.488454610405697, 51.148652250375527 ], [ 71.48821981004572, 51.148373550492089 ], [ 71.4881644, 51.1483679 ] ] ], [ [ [ 71.485807710415372, 51.148892851630578 ], [ 71.486077510334553, 51.14880195150382 ], [ 71.486466710108601, 51.148579851322523 ], [ 71.48637560997112, 51.148473551367722 ], [ 71.4863202, 51.1484679 ], [ 71.485406, 51.1487758 ], [ 71.4854843, 51.1488672 ], [ 71.485807710415372, 51.148892851630578 ] ] ], [ [ [ 71.4895741, 51.148969 ], [ 71.4896261, 51.1490018 ], [ 71.4898268, 51.1490521 ], [ 71.489894945925002, 51.149050574817522 ], [ 71.4900258, 51.1491055 ], [ 71.490146611158892, 51.149129949562216 ], [ 71.490238811175843, 51.149135949518261 ], [ 71.490305411066345, 51.149039049488245 ], [ 71.490227410908489, 51.148914649527548 ], [ 71.490163710850908, 51.148872349558566 ], [ 71.4900356, 51.148847 ], [ 71.489963516182925, 51.14894958689159 ], [ 71.489963610906145, 51.148935849652666 ], [ 71.489788210834448, 51.148891649736896 ], [ 71.489645154598236, 51.148886754125506 ], [ 71.489708010705712, 51.148791649776783 ], [ 71.4894863, 51.1487428 ], [ 71.4893821, 51.1487463 ], [ 71.489331801042439, 51.148772057742825 ], [ 71.489145710471718, 51.148646450046833 ], [ 71.4889575, 51.1486049 ], [ 71.4888777, 51.1487683 ], [ 71.4889884, 51.148826 ], [ 71.4891716, 51.1488712 ], [ 71.489227010757389, 51.148876850004143 ], [ 71.489248169496321, 51.1488652876629 ], [ 71.4894548, 51.1489391 ], [ 71.489588172974436, 51.148947643445574 ], [ 71.4895741, 51.148969 ] ] ], [ [ [ 71.487194, 51.1489698 ], [ 71.487390510724779, 51.149011050875501 ], [ 71.487463310593796, 51.148895750842883 ], [ 71.487404910545052, 51.148860350871288 ], [ 71.4871619, 51.1488086 ], [ 71.4871192, 51.1488756 ], [ 71.487194, 51.1489698 ] ] ], [ [ [ 71.48778451089855, 51.149120950686161 ], [ 71.487851110782827, 51.149018850656233 ], [ 71.487832710749956, 51.148993150665447 ], [ 71.487690810669548, 51.148938750733905 ], [ 71.4875568, 51.1489133 ], [ 71.4874694, 51.1490511 ], [ 71.48778451089855, 51.149120950686161 ] ] ], [ [ [ 71.4879809, 51.1490294 ], [ 71.4879326, 51.1490513 ], [ 71.487864, 51.149152 ], [ 71.4879623, 51.149202699999989 ], [ 71.4881083, 51.149241 ], [ 71.488252111089039, 51.149238250461636 ], [ 71.488279411039358, 51.149194550449415 ], [ 71.488245110948796, 51.149122250466995 ], [ 71.488088110843208, 51.149048250542982 ], [ 71.4879809, 51.1490294 ] ] ], [ [ [ 71.4865887, 51.1493027 ], [ 71.487127811214506, 51.14944135099298 ], [ 71.487386011009562, 51.149248250873526 ], [ 71.487440510921502, 51.149170250848947 ], [ 71.4869347, 51.1490408 ], [ 71.4867131, 51.1491247 ], [ 71.4865887, 51.1493027 ] ] ], [ [ [ 71.4883763, 51.1493224 ], [ 71.488563811248241, 51.149343250311524 ], [ 71.488630411195132, 51.149293250280707 ], [ 71.488646411114573, 51.149224850274294 ], [ 71.4883233, 51.1491493 ], [ 71.4882332, 51.149285499999984 ], [ 71.4883763, 51.1493224 ] ] ], [ [ [ 71.489710411631762, 51.149561449762196 ], [ 71.4895561, 51.1495275 ], [ 71.489460200000011, 51.1496597 ], [ 71.490174412031976, 51.14985344953638 ], [ 71.490259611899745, 51.149736049497875 ], [ 71.489710411631762, 51.149561449762196 ] ] ], [ [ [ 71.488965312198189, 51.150097850107336 ], [ 71.4889099, 51.1500922 ], [ 71.4886952, 51.1501716 ], [ 71.4887865, 51.1502661 ], [ 71.488841912394307, 51.150271750163014 ], [ 71.489053312325353, 51.15019585006376 ], [ 71.488965312198189, 51.150097850107336 ] ] ], [ [ [ 71.4892348, 51.1501838 ], [ 71.4890201, 51.1502633 ], [ 71.489111400000013, 51.1503577 ], [ 71.489166812538798, 51.150363350006849 ], [ 71.489378212469958, 51.150287549907581 ], [ 71.489290212342681, 51.150189449951178 ], [ 71.4892348, 51.1501838 ] ] ], [ [ [ 71.4897815, 51.1501802 ], [ 71.4895668, 51.1502596 ], [ 71.4896581, 51.1503541 ], [ 71.489713512592218, 51.150359749746805 ], [ 71.489924912523264, 51.150283849647558 ], [ 71.4898369123961, 51.150185849691127 ], [ 71.4897815, 51.1501802 ] ] ], [ [ [ 71.4885846, 51.1502076 ], [ 71.4883699, 51.150287 ], [ 71.488461200000017, 51.1503815 ], [ 71.488516612498756, 51.150387150315758 ], [ 71.488728012429789, 51.150311250216511 ], [ 71.488640012302611, 51.15021325026008 ], [ 71.4885846, 51.1502076 ] ] ], [ [ [ 71.4894694, 51.1503015 ], [ 71.4893231, 51.1503588 ], [ 71.4894458, 51.15048250000001 ], [ 71.489501212724221, 51.150488149845579 ], [ 71.489648412670604, 51.150430649776538 ], [ 71.489524812509032, 51.150307149837488 ], [ 71.4894694, 51.1503015 ] ] ], [ [ [ 71.4899478, 51.1503692 ], [ 71.4897332, 51.1504486 ], [ 71.4898245, 51.1505431 ], [ 71.489879912837111, 51.150548749664338 ], [ 71.490091212768135, 51.150472849565141 ], [ 71.490003212640971, 51.150374849608703 ], [ 71.4899478, 51.1503692 ] ] ], [ [ [ 71.487827012547015, 51.150487850642079 ], [ 71.487703612402385, 51.150378450702711 ], [ 71.4876482, 51.1503728 ], [ 71.4870527, 51.1505882 ], [ 71.4871252, 51.1506605 ], [ 71.487180612693152, 51.150666150946513 ], [ 71.487641912610442, 51.150556850728954 ], [ 71.487827012547015, 51.150487850642079 ] ] ], [ [ [ 71.48860681256312, 51.150432750272067 ], [ 71.4885514, 51.1504271 ], [ 71.4883367, 51.1505065 ], [ 71.488428, 51.150601 ], [ 71.488483412759237, 51.150606650327738 ], [ 71.488694812690269, 51.150530750228491 ], [ 71.48860681256312, 51.150432750272067 ] ] ], [ [ [ 71.4895401, 51.1505127 ], [ 71.4893254, 51.1505922 ], [ 71.4894167, 51.150686599999986 ], [ 71.489472112966638, 51.150692249855851 ], [ 71.489683512897798, 51.150616449756605 ], [ 71.489595512770507, 51.150518349800173 ], [ 71.4895401, 51.1505127 ] ] ], [ [ [ 71.4885431, 51.1506397 ], [ 71.4883716, 51.1506955 ], [ 71.4884802, 51.150829399999985 ], [ 71.488535613039446, 51.150835050298916 ], [ 71.488707912992112, 51.150780550217888 ], [ 71.488598512817958, 51.150645350272292 ], [ 71.4885431, 51.1506397 ] ] ], [ [ [ 71.489858212938387, 51.150634849673168 ], [ 71.4898028, 51.1506292 ], [ 71.4896374, 51.1506793 ], [ 71.4897477, 51.1508192 ], [ 71.489803113161074, 51.150824849696058 ], [ 71.489966713118704, 51.150775249619095 ], [ 71.489858212938387, 51.150634849673168 ] ] ], [ [ [ 71.4888656, 51.1507686 ], [ 71.4886509, 51.1508481 ], [ 71.4887422, 51.1509425 ], [ 71.488797613203161, 51.150948150172283 ], [ 71.489009013134336, 51.150872350073044 ], [ 71.488921013007044, 51.150774250116598 ], [ 71.4888656, 51.1507686 ] ] ], [ [ [ 71.4863421, 51.1505649 ], [ 71.4856812, 51.1508221 ], [ 71.4863059, 51.1514365 ], [ 71.486361313539931, 51.151442151322783 ], [ 71.486692713408956, 51.151304151167523 ], [ 71.486954813243116, 51.151143251045617 ], [ 71.487048312988037, 51.150922951004979 ], [ 71.486745112602151, 51.150628751154358 ], [ 71.4863421, 51.1505649 ] ] ], [ [ [ 71.489914913223046, 51.150866549642139 ], [ 71.4898595, 51.1508609 ], [ 71.4896448, 51.1509404 ], [ 71.4897361, 51.1510348 ], [ 71.489791513419178, 51.151040449697817 ], [ 71.490002913350324, 51.150964649598549 ], [ 71.489914913223046, 51.150866549642139 ] ] ], [ [ [ 71.488857, 51.1509766 ], [ 71.4886819, 51.1510325 ], [ 71.4887948, 51.1511685 ], [ 71.488850213480546, 51.151174150143326 ], [ 71.489021813431194, 51.151118050062664 ], [ 71.488912413256301, 51.150982250117075 ], [ 71.488857, 51.1509766 ] ] ], [ [ [ 71.4904021, 51.1509929 ], [ 71.4902294, 51.151054099999989 ], [ 71.4903014, 51.1511356 ], [ 71.49035681360013, 51.151141249427106 ], [ 71.490530713545837, 51.151080849345405 ], [ 71.490457513439111, 51.15099854938169 ], [ 71.4904021, 51.1509929 ] ] ], [ [ [ 71.4901183, 51.1510904 ], [ 71.4899357, 51.1511529 ], [ 71.4900073, 51.1512349 ], [ 71.490062713688488, 51.151240549565294 ], [ 71.490244913633887, 51.151179149479681 ], [ 71.490173713526417, 51.151096049515012 ], [ 71.4901183, 51.1510904 ] ] ], [ [ [ 71.4891666, 51.151105099999988 ], [ 71.4889519, 51.1511845 ], [ 71.4890433, 51.1512789 ], [ 71.489098713639592, 51.151284550023171 ], [ 71.489310013570744, 51.151208749923953 ], [ 71.48922201344358, 51.15111074996755 ], [ 71.4891666, 51.151105099999988 ] ] ], [ [ [ 71.4876348, 51.1509567 ], [ 71.4874309, 51.151027299999988 ], [ 71.4880237, 51.1516397 ], [ 71.488134527944339, 51.151651000977459 ], [ 71.488311527815995, 51.151582100811453 ], [ 71.487745626219152, 51.150968001371346 ], [ 71.4876348, 51.1509567 ] ] ], [ [ [ 71.4905527, 51.151219 ], [ 71.490213, 51.151349599999989 ], [ 71.4902822, 51.1514211 ], [ 71.490337613941477, 51.151426749431252 ], [ 71.490678513821251, 51.151296849271354 ], [ 71.490608113726978, 51.151224649306073 ], [ 71.4905527, 51.151219 ] ] ], [ [ [ 71.4871446, 51.1512953 ], [ 71.4868559, 51.1514383 ], [ 71.4869906, 51.1515724 ], [ 71.487046013775739, 51.151578050994651 ], [ 71.48752631359821, 51.151388250769457 ], [ 71.487516913549086, 51.15134825077461 ], [ 71.48740161342505, 51.151255250831106 ], [ 71.4873462, 51.1512496 ], [ 71.4871446, 51.1512953 ] ] ], [ [ [ 71.4892769, 51.1513269 ], [ 71.4890622, 51.1514064 ], [ 71.4891535, 51.1515008 ], [ 71.489208913918148, 51.151506449966874 ], [ 71.48942031384918, 51.151430549867612 ], [ 71.489332313722002, 51.151332549911189 ], [ 71.4892769, 51.1513269 ] ] ], [ [ [ 71.489925, 51.1514218 ], [ 71.4897103, 51.1515013 ], [ 71.4898016, 51.1515957 ], [ 71.48985701410075, 51.151601349656865 ], [ 71.490068414031896, 51.151525549557611 ], [ 71.489980413904604, 51.151427449601194 ], [ 71.489925, 51.1514218 ] ] ], [ [ [ 71.489585913943174, 51.151494149787723 ], [ 71.4895305, 51.1514885 ], [ 71.4893228, 51.1515631 ], [ 71.4893915, 51.1516376 ], [ 71.489446914107802, 51.151643249851261 ], [ 71.489653014041181, 51.151569749754472 ], [ 71.489585913943174, 51.151494149787723 ] ] ], [ [ [ 71.4862726, 51.151785 ], [ 71.487076514255762, 51.151974450973228 ], [ 71.487180814217467, 51.151933450924325 ], [ 71.487233714043839, 51.151784450901751 ], [ 71.487126313903303, 51.151677050954724 ], [ 71.486747913524738, 51.15139555113965 ], [ 71.4866925, 51.1513899 ], [ 71.4861075, 51.1516198 ], [ 71.4862726, 51.151785 ] ] ], [ [ [ 71.4865163, 51.152057 ], [ 71.486409, 51.152099 ], [ 71.486468, 51.1521512 ], [ 71.486523414416709, 51.152156851233201 ], [ 71.486625314378884, 51.152116451185421 ], [ 71.486571714308496, 51.152062651211871 ], [ 71.4865163, 51.152057 ] ] ], [ [ [ 71.488839614210008, 51.151781550137763 ], [ 71.4877731, 51.1518015 ], [ 71.4874469, 51.1519191 ], [ 71.4871328, 51.152317499999981 ], [ 71.4873919, 51.1526006 ], [ 71.488037815134618, 51.152620650504609 ], [ 71.488286815051822, 51.152529950387724 ], [ 71.488985214511061, 51.152019050064361 ], [ 71.488935814349716, 51.151889250090129 ], [ 71.488839614210008, 51.151781550137763 ] ] ], [ [ [ 71.4851362, 51.1531243 ], [ 71.484836, 51.1532324 ], [ 71.485668300000015, 51.1541419 ], [ 71.485889966983166, 51.154164506157144 ], [ 71.486190266589972, 51.154056405593195 ], [ 71.485357861861743, 51.153146907240725 ], [ 71.4851362, 51.1531243 ] ] ], [ [ [ 71.4892271, 51.1539941 ], [ 71.4889396, 51.154105799999989 ], [ 71.4890509, 51.1542231 ], [ 71.489327986036258, 51.154251349576278 ], [ 71.489917185024794, 51.154031448193791 ], [ 71.489874659287537, 51.153986630461588 ], [ 71.490112168155974, 51.153896079317697 ], [ 71.49037768461659, 51.15392314710774 ], [ 71.490985583648026, 51.153708745680319 ], [ 71.490895782999132, 51.153608745902666 ], [ 71.4906187, 51.1535805 ], [ 71.490032144032568, 51.153787372268432 ], [ 71.490008233420753, 51.153762799120855 ], [ 71.4898974, 51.1537515 ], [ 71.4896419, 51.1538492 ], [ 71.489693905227114, 51.153902732399636 ], [ 71.4895288, 51.1538859 ], [ 71.48947357899965, 51.153906509680105 ], [ 71.4894069, 51.1538887 ], [ 71.4891994, 51.1539643 ], [ 71.4892271, 51.1539941 ] ] ], [ [ [ 71.488760216897319, 51.154022550136446 ], [ 71.4887048, 51.1540169 ], [ 71.488603, 51.1540543 ], [ 71.488637, 51.1540907 ], [ 71.488692416978949, 51.154096350167421 ], [ 71.488794116944703, 51.154058950119698 ], [ 71.488760216897319, 51.154022550136446 ] ] ], [ [ [ 71.4886357, 51.1541096 ], [ 71.488332, 51.1542205 ], [ 71.488400500000012, 51.1542944 ], [ 71.488455917199005, 51.154300050276397 ], [ 71.488759617097699, 51.154189150133831 ], [ 71.488691117001551, 51.154115250167706 ], [ 71.4886357, 51.1541096 ] ] ], [ [ [ 71.488118917122605, 51.15426615043733 ], [ 71.4880635, 51.1542605 ], [ 71.4879746, 51.1542933 ], [ 71.4880622, 51.1543867 ], [ 71.488117617274298, 51.154392350435749 ], [ 71.48820651724435, 51.154359650394021 ], [ 71.488118917122605, 51.15426615043733 ] ] ], [ [ [ 71.4887836, 51.1542258 ], [ 71.488393700000017, 51.1543632 ], [ 71.4884468, 51.1544224 ], [ 71.48850221735789, 51.154428050252143 ], [ 71.488892017233766, 51.154290650069072 ], [ 71.488839017156963, 51.154231450095324 ], [ 71.4887836, 51.1542258 ] ] ], [ [ [ 71.488948, 51.154305399999984 ], [ 71.488758, 51.1543789 ], [ 71.4891218, 51.1547489 ], [ 71.489398889236455, 51.154777149361749 ], [ 71.489588888894687, 51.154703648916147 ], [ 71.489225086476935, 51.154333649813879 ], [ 71.488948, 51.154305399999984 ] ] ], [ [ [ 71.488559392645115, 51.155417551302996 ], [ 71.488730492351138, 51.155353650901539 ], [ 71.488216465929, 51.154812705311997 ], [ 71.488453611699171, 51.154726004987474 ], [ 71.488354009879515, 51.154608705580692 ], [ 71.487689, 51.1545409 ], [ 71.4870766, 51.1547604 ], [ 71.4871882, 51.1548777 ], [ 71.487858695507043, 51.154943504410745 ], [ 71.4882823, 51.155389299999989 ], [ 71.488559392645115, 51.155417551302996 ] ] ], [ [ [ 71.4858028, 51.1548077 ], [ 71.4856875, 51.1548514 ], [ 71.4857519, 51.1549153 ], [ 71.48580731766603, 51.154920951525732 ], [ 71.485919917625381, 51.154877251472939 ], [ 71.485858217541988, 51.1548133515034 ], [ 71.4858028, 51.1548077 ] ] ], [ [ [ 71.491233192909704, 51.15522674495876 ], [ 71.49141839260507, 51.155159844524022 ], [ 71.490774388048337, 51.154458846117265 ], [ 71.490421187457571, 51.154391646963376 ], [ 71.4901441, 51.154363399999987 ], [ 71.4897841, 51.154495299999979 ], [ 71.4898831, 51.1546016 ], [ 71.4909561, 51.1551985 ], [ 71.491233192909704, 51.15522674495876 ] ] ], [ [ [ 71.4865557, 51.1548883 ], [ 71.4863688, 51.1549582 ], [ 71.4864144, 51.1550062 ], [ 71.486469817845432, 51.155011851208961 ], [ 71.486656717780974, 51.154941851121237 ], [ 71.48661111771851, 51.154893951143769 ], [ 71.4865557, 51.1548883 ] ] ], [ [ [ 71.486783417894088, 51.155024751059507 ], [ 71.486728, 51.1550191 ], [ 71.4866167, 51.15506 ], [ 71.4867687, 51.1552226 ], [ 71.486824118143204, 51.155228251036604 ], [ 71.486935418105773, 51.155187350984356 ], [ 71.486783417894088, 51.155024751059507 ] ] ], [ [ [ 71.490943393151866, 51.155292445642466 ], [ 71.4906663, 51.1552642 ], [ 71.490110857116377, 51.155466435163603 ], [ 71.489521589752385, 51.154852149063295 ], [ 71.4892445, 51.1548239 ], [ 71.4890372, 51.1549022 ], [ 71.4896894, 51.1555822 ], [ 71.489773619093612, 51.155590785647554 ], [ 71.4897232, 51.1556082 ], [ 71.4898658, 51.1557707 ], [ 71.489921219129883, 51.155776349553477 ], [ 71.490098119075057, 51.155715249470362 ], [ 71.490036921397987, 51.155645511883179 ], [ 71.490288395083979, 51.155671147167645 ], [ 71.491040493834177, 51.155397345402307 ], [ 71.490943393151866, 51.155292445642466 ] ] ], [ [ [ 71.4875148, 51.1552178 ], [ 71.4874002, 51.1552596 ], [ 71.4874957, 51.1553626 ], [ 71.487551118388467, 51.155368250688269 ], [ 71.487665718350186, 51.155326350634468 ], [ 71.487570218216291, 51.155223450681703 ], [ 71.4875148, 51.1552178 ] ] ], [ [ [ 71.486958, 51.1553323 ], [ 71.4867034, 51.155423399999989 ], [ 71.4867696, 51.1554962 ], [ 71.486825018472473, 51.155501851031396 ], [ 71.487079618389771, 51.155410750911862 ], [ 71.487013418295192, 51.15533795094462 ], [ 71.486958, 51.1553323 ] ] ], [ [ [ 71.4876282, 51.1553472 ], [ 71.4874784, 51.1554039 ], [ 71.4877344, 51.1556699 ], [ 71.487789818783398, 51.155675550569327 ], [ 71.487939618731005, 51.155618850499039 ], [ 71.487683618383954, 51.155352850625491 ], [ 71.4876282, 51.1553472 ] ] ], [ [ [ 71.4870231, 51.1554395 ], [ 71.4868642, 51.1554965 ], [ 71.4870843, 51.1557377 ], [ 71.487139718796271, 51.155743350877472 ], [ 71.487298618744475, 51.15568635080286 ], [ 71.487078518431034, 51.155445150911774 ], [ 71.4870231, 51.1554395 ] ] ], [ [ [ 71.4879148, 51.1556585 ], [ 71.4878236, 51.155688 ], [ 71.4878936, 51.1557733 ], [ 71.487949018924638, 51.155778950491779 ], [ 71.488040218898902, 51.155749550448888 ], [ 71.487970218788746, 51.155664150483688 ], [ 71.4879148, 51.1556585 ] ] ], [ [ [ 71.4866809, 51.1555447 ], [ 71.4864993, 51.1556097 ], [ 71.4870687, 51.1561921 ], [ 71.487124119341317, 51.156197750876949 ], [ 71.487305719282304, 51.15613275079167 ], [ 71.486736318521451, 51.155550351072769 ], [ 71.4866809, 51.1555447 ] ] ], [ [ [ 71.48829, 51.1560041 ], [ 71.488345419244212, 51.156009750299148 ], [ 71.488436419210743, 51.155973950256467 ], [ 71.488514819139127, 51.155907550220341 ], [ 71.488290518845332, 51.155683050330971 ], [ 71.4882351, 51.1556774 ], [ 71.4880789, 51.1557388 ], [ 71.4881133, 51.1558272 ], [ 71.48829, 51.1560041 ] ] ], [ [ [ 71.4873324, 51.1556781 ], [ 71.4871161, 51.1557611 ], [ 71.4874356, 51.1560886 ], [ 71.487491019255572, 51.156094250704193 ], [ 71.487707319178568, 51.156011250602745 ], [ 71.487387818750776, 51.15568375076046 ], [ 71.4873324, 51.1556781 ] ] ], [ [ [ 71.4887912, 51.1553641 ], [ 71.4886343, 51.1554275 ], [ 71.4895938, 51.156402 ], [ 71.489870899429903, 51.156430248094644 ], [ 71.490035299141368, 51.156367847708978 ], [ 71.489068292762383, 51.155392350094573 ], [ 71.4887912, 51.1553641 ] ] ], [ [ [ 71.48749031927089, 51.1561070507043 ], [ 71.4874349, 51.1561014 ], [ 71.4871657, 51.1562207 ], [ 71.4873375, 51.1563731 ], [ 71.487392919587492, 51.156378750745915 ], [ 71.487662119472404, 51.156259450619906 ], [ 71.48749031927089, 51.1561070507043 ] ] ], [ [ [ 71.486635399902312, 51.15679295576026 ], [ 71.487361798595742, 51.156511954056654 ], [ 71.487257297901664, 51.156405754314513 ], [ 71.486075496207505, 51.156227957141496 ], [ 71.4857984, 51.1561997 ], [ 71.4856466, 51.1562596 ], [ 71.4861062, 51.1567178 ], [ 71.4863583, 51.1567647 ], [ 71.486635399902312, 51.15679295576026 ] ] ], [ [ [ 71.488419420201765, 51.15679915025018 ], [ 71.487973619579677, 51.156321250470619 ], [ 71.4879182, 51.1563156 ], [ 71.4878157, 51.1563533 ], [ 71.487746376574151, 51.156415205001956 ], [ 71.487724219635965, 51.156389950588078 ], [ 71.4876688, 51.1563843 ], [ 71.4874921, 51.1564452 ], [ 71.487597536586563, 51.156548116668034 ], [ 71.4875335, 51.15660530000001 ], [ 71.4878761, 51.1569725 ], [ 71.487931520365564, 51.156978150479191 ], [ 71.488419420201765, 51.15679915025018 ] ] ], [ [ [ 71.48988401579129, 51.156881323821295 ], [ 71.489821, 51.1568749 ], [ 71.489666630023251, 51.156936291452801 ], [ 71.488828696779876, 51.156081250604473 ], [ 71.4885516, 51.156053 ], [ 71.488373, 51.1561218 ], [ 71.4892691, 51.1570362 ], [ 71.489511582960091, 51.157060919559839 ], [ 71.4895837, 51.1571323 ], [ 71.489860803817962, 51.157160548054947 ], [ 71.490186621299458, 51.157030973145716 ], [ 71.4916141, 51.158531799999984 ], [ 71.491891213310126, 51.158560043102327 ], [ 71.492063013013976, 51.158495742699216 ], [ 71.490515902410934, 51.156869146521863 ], [ 71.4902388, 51.1568409 ], [ 71.49007796786303, 51.156901095044248 ], [ 71.490006290957268, 51.156893788432917 ], [ 71.489980320451522, 51.156869649506262 ], [ 71.4899249, 51.156864 ], [ 71.48988401579129, 51.156881323821295 ] ] ], [ [ [ 71.4898759, 51.1564522 ], [ 71.4896436, 51.1565449 ], [ 71.4897929, 51.1566925 ], [ 71.490070001282675, 51.156720747595635 ], [ 71.490297800873606, 51.156632747061359 ], [ 71.490152999880905, 51.156480447419135 ], [ 71.4898759, 51.1564522 ] ] ], [ [ [ 71.487278, 51.1567047 ], [ 71.4872711, 51.1567326 ], [ 71.4873634, 51.1568339 ], [ 71.4877314, 51.1571199 ], [ 71.487786820527646, 51.157125550545473 ], [ 71.487938920478129, 51.157071050474052 ], [ 71.487703920126407, 51.15679935059061 ], [ 71.487518819954147, 51.156672450680894 ], [ 71.4874131, 51.156656299999987 ], [ 71.487278, 51.1567047 ] ] ], [ [ [ 71.4882053, 51.1568903 ], [ 71.4879201, 51.1570049 ], [ 71.4880776, 51.1571592 ], [ 71.488133020611514, 51.15716485038007 ], [ 71.488418220503775, 51.157050250246364 ], [ 71.488260720301469, 51.156895950324007 ], [ 71.4882053, 51.1568903 ] ] ], [ [ [ 71.489542820731359, 51.157140649709689 ], [ 71.4894874, 51.157135 ], [ 71.4893603, 51.1571831 ], [ 71.4894018, 51.1572263 ], [ 71.489457220832165, 51.157231949748827 ], [ 71.489584420787736, 51.157183849689154 ], [ 71.489542820731359, 51.157140649709689 ] ] ], [ [ [ 71.4857445, 51.15704 ], [ 71.4856361, 51.157232 ], [ 71.4856403, 51.15734710000001 ], [ 71.4857901, 51.1575873 ], [ 71.486085020906032, 51.157589551347087 ], [ 71.486584520681987, 51.15735945111345 ], [ 71.48657862048789, 51.157198651119067 ], [ 71.486399220248998, 51.157015851207611 ], [ 71.4861336, 51.1570132 ], [ 71.4857445, 51.15704 ] ] ], [ [ [ 71.4884902, 51.1572719 ], [ 71.4882966, 51.1573479 ], [ 71.4883691, 51.1574206 ], [ 71.488424520956841, 51.157426250236803 ], [ 71.488618220885854, 51.157350250145974 ], [ 71.488545620790703, 51.157277550181782 ], [ 71.4884902, 51.1572719 ] ] ], [ [ [ 71.4866232, 51.1581812 ], [ 71.487288261085268, 51.158249010904207 ], [ 71.487739339231041, 51.158075340484046 ], [ 71.48783066502088, 51.158084651603083 ], [ 71.488176164688952, 51.157962351116296 ], [ 71.487716462699382, 51.157451551799205 ], [ 71.487550200000015, 51.1574346 ], [ 71.4872047, 51.157557 ], [ 71.487492430361144, 51.157876653290849 ], [ 71.48713, 51.1578397 ], [ 71.4865191, 51.1580749 ], [ 71.4866232, 51.1581812 ] ] ], [ [ [ 71.4898049, 51.1572699 ], [ 71.4896314, 51.1573399 ], [ 71.4906142, 51.1582977 ], [ 71.490891311373559, 51.158325945501609 ], [ 71.491064811044055, 51.158255945094957 ], [ 71.490082004762613, 51.157298147516691 ], [ 71.4898049, 51.1572699 ] ] ], [ [ [ 71.489335808192891, 51.157933849236485 ], [ 71.48916400704266, 51.157757749660561 ], [ 71.4888869, 51.1577295 ], [ 71.4881301, 51.15802 ], [ 71.4883024, 51.1581965 ], [ 71.488579509543428, 51.158224751010387 ], [ 71.489335808192891, 51.157933849236485 ] ] ], [ [ [ 71.488545899486098, 51.15846185240185 ], [ 71.488185480724013, 51.158425108083087 ], [ 71.488426997982501, 51.158333452931174 ], [ 71.488310596564688, 51.158212753448588 ], [ 71.487811800000017, 51.1581619 ], [ 71.4868534, 51.1585256 ], [ 71.4869698, 51.1586463 ], [ 71.487468601009596, 51.158697156978263 ], [ 71.48786268265043, 51.1585476077517 ], [ 71.4878967, 51.15858630000001 ], [ 71.4880739, 51.1586445 ], [ 71.488572702040287, 51.158695352250433 ], [ 71.48864680206853, 51.15869145193372 ], [ 71.488735001823201, 51.158661051560799 ], [ 71.488760301548353, 51.158633451456787 ], [ 71.48869160063397, 51.158555051763301 ], [ 71.488545899486098, 51.15846185240185 ] ] ], [ [ [ 71.48990001692006, 51.159334847771973 ], [ 71.490080916601087, 51.15926594734762 ], [ 71.489780911424148, 51.158431848134107 ], [ 71.48958811012325, 51.158232548610179 ], [ 71.489311, 51.1582043 ], [ 71.4889312, 51.1583489 ], [ 71.4888109, 51.1584675 ], [ 71.4896229, 51.1593066 ], [ 71.48990001692006, 51.159334847771973 ] ] ], [ [ [ 71.4868529, 51.1589362 ], [ 71.4868871, 51.1589751 ], [ 71.4870643, 51.1590333 ], [ 71.487563260753561, 51.159084148341016 ], [ 71.4867873, 51.1593872 ], [ 71.4868164, 51.1594588 ], [ 71.4868699, 51.1595164 ], [ 71.4869562, 51.1595577 ], [ 71.487225023389684, 51.159553450770446 ], [ 71.487331323381184, 51.159537050720175 ], [ 71.487790423225505, 51.159367350504681 ], [ 71.487989423035458, 51.159191950413053 ], [ 71.487824222804065, 51.159014150494755 ], [ 71.487745961571619, 51.159016850749587 ], [ 71.48768190388418, 51.158943856026127 ], [ 71.487536402736438, 51.15885065666383 ], [ 71.487496678428585, 51.158846606556402 ], [ 71.487461322521554, 51.158811250670965 ], [ 71.4874059, 51.1588056 ], [ 71.487341810374261, 51.158830816786868 ], [ 71.487154982537263, 51.158811768228546 ], [ 71.487045400596173, 51.15869615879069 ], [ 71.4865466, 51.158645299999989 ], [ 71.4855708, 51.159009 ], [ 71.4856853, 51.1591298 ], [ 71.486184105023725, 51.159180662403067 ], [ 71.4868529, 51.1589362 ] ] ], [ [ [ 71.488937622774685, 51.158891949967106 ], [ 71.4888822, 51.1588863 ], [ 71.488247800000011, 51.159142 ], [ 71.4884119, 51.159302099999984 ], [ 71.488467323225322, 51.159307750183622 ], [ 71.489101722984785, 51.159052149886236 ], [ 71.488937622774685, 51.158891949967106 ] ] ], [ [ [ 71.486549905934936, 51.159232660828422 ], [ 71.4859786, 51.15918210000001 ], [ 71.4859023, 51.1592084 ], [ 71.4858677, 51.159242 ], [ 71.4858665, 51.1593182 ], [ 71.4859007, 51.1593571 ], [ 71.486077800000018, 51.1594152 ], [ 71.486576608488079, 51.159466060677467 ], [ 71.48665080851643, 51.159462160360341 ], [ 71.486738908271008, 51.159431759987832 ], [ 71.48676420799724, 51.159404259883793 ], [ 71.486695507082814, 51.159325860190279 ], [ 71.486549905934936, 51.159232660828422 ] ] ], [ [ [ 71.48657662326012, 51.159502751079863 ], [ 71.4865212, 51.1594971 ], [ 71.4860563, 51.1596773 ], [ 71.4861816, 51.159804400000013 ], [ 71.486237023594015, 51.1598100512361 ], [ 71.48670192342621, 51.159629751018024 ], [ 71.48657662326012, 51.159502751079863 ] ] ], [ [ [ 71.4891763, 51.1593439 ], [ 71.4881041, 51.1597521 ], [ 71.4885147, 51.1601677 ], [ 71.48938189287172, 51.160266398527938 ], [ 71.490192189061489, 51.159931393971362 ], [ 71.490241487561505, 51.159823193712533 ], [ 71.489841381112001, 51.159411696083225 ], [ 71.4891763, 51.1593439 ] ] ], [ [ [ 71.488092124550178, 51.160441650342399 ], [ 71.487509823708848, 51.15979365063076 ], [ 71.4874544, 51.159788 ], [ 71.4868367, 51.1600064 ], [ 71.4869503, 51.1601327 ], [ 71.4877763, 51.160528 ], [ 71.487831724633367, 51.160533650464693 ], [ 71.488092124550178, 51.160441650342399 ] ] ], [ [ [ 71.490607900000015, 51.1604204 ], [ 71.490885024142074, 51.160448645331336 ], [ 71.491489323095379, 51.160221643913431 ], [ 71.491241321401759, 51.159961944526138 ], [ 71.4908676, 51.1599271 ], [ 71.4904018, 51.1601021 ], [ 71.4904099, 51.1602131 ], [ 71.490607900000015, 51.1604204 ] ] ], [ [ [ 71.487470924238949, 51.160764553426411 ], [ 71.487699523900673, 51.160688252889202 ], [ 71.487619223288405, 51.160593553088496 ], [ 71.48732912173611, 51.160361053798958 ], [ 71.487052, 51.1603328 ], [ 71.4867154, 51.1604451 ], [ 71.4868165, 51.1605643 ], [ 71.4871938, 51.1607363 ], [ 71.487470924238949, 51.160764553426411 ] ] ], [ [ [ 71.4886871, 51.1607857 ], [ 71.4887, 51.1608383 ], [ 71.4891543, 51.1613082 ], [ 71.4892177, 51.1613352 ], [ 71.489716532269867, 51.161386046929763 ], [ 71.4908346132828, 51.16097306420285 ], [ 71.490797784363565, 51.161341857920753 ], [ 71.4906843, 51.1613821 ], [ 71.4907484, 51.161453099999989 ], [ 71.490786289630336, 51.161456961721107 ], [ 71.4907832, 51.1614879 ], [ 71.4910187, 51.1617261 ], [ 71.491295832215954, 51.161754344240009 ], [ 71.491660832091014, 51.161701543376211 ], [ 71.492715730269424, 51.161306240900927 ], [ 71.492221326999029, 51.160806142120876 ], [ 71.491446324151539, 51.160400944000102 ], [ 71.4911692, 51.1603727 ], [ 71.4909377, 51.1604627 ], [ 71.490866105662391, 51.160758833314382 ], [ 71.490518822234208, 51.160389043650511 ], [ 71.49002, 51.1603382 ], [ 71.4898332, 51.1603624 ], [ 71.4886871, 51.1607857 ] ] ], [ [ [ 71.490365952084346, 51.161486998510846 ], [ 71.490755751794367, 51.161332298145297 ], [ 71.490595751379033, 51.161173798303103 ], [ 71.4903756, 51.1611567 ], [ 71.4900951, 51.1613172 ], [ 71.4902551, 51.1614757 ], [ 71.490365952084346, 51.161486998510846 ] ] ], [ [ [ 71.4881418, 51.1617775 ], [ 71.488418931005256, 51.161805751080202 ], [ 71.488997430103254, 51.161605049721352 ], [ 71.489078129801683, 51.16154784953433 ], [ 71.488949928859014, 51.161402449852041 ], [ 71.4884541263405, 51.161027451064321 ], [ 71.488177, 51.1609992 ], [ 71.4875121, 51.16123 ], [ 71.487895, 51.1616639 ], [ 71.4881418, 51.1617775 ] ] ], [ [ [ 71.4896596, 51.161638600000011 ], [ 71.489444, 51.1617165 ], [ 71.4897257, 51.1620233 ], [ 71.48978112663896, 51.162028949511026 ], [ 71.489996726568094, 51.161951149409781 ], [ 71.489715026168966, 51.161644249549198 ], [ 71.4896596, 51.161638600000011 ] ] ], [ [ [ 71.487419553238439, 51.162225201289097 ], [ 71.486872051781248, 51.161667901829588 ], [ 71.4867612, 51.1616566 ], [ 71.4864137, 51.1617908 ], [ 71.4870071, 51.1623304 ], [ 71.487117953455098, 51.162341701572082 ], [ 71.487419553238439, 51.162225201289097 ] ] ], [ [ [ 71.49004622667961, 51.162039449384707 ], [ 71.4899908, 51.16203380000001 ], [ 71.4898055, 51.1621035 ], [ 71.4899314, 51.162235100000011 ], [ 71.489986826915612, 51.162240749409456 ], [ 71.4901722268513, 51.162171049322431 ], [ 71.49004622667961, 51.162039449384707 ] ] ], [ [ [ 71.486723153655902, 51.162459801943676 ], [ 71.486175652198668, 51.161902502484146 ], [ 71.4860648, 51.1618912 ], [ 71.4857173, 51.1620255 ], [ 71.4863107, 51.162565 ], [ 71.48642155387256, 51.16257630222664 ], [ 71.486723153655902, 51.162459801943676 ] ] ], [ [ [ 71.489233926530446, 51.161986849772127 ], [ 71.4891785, 51.1619812 ], [ 71.4888525, 51.1621004 ], [ 71.4890752, 51.1623836 ], [ 71.4892573, 51.1625794 ], [ 71.489312727258749, 51.162585049724193 ], [ 71.489653727144699, 51.1624603495641 ], [ 71.489620161503964, 51.16242092499558 ], [ 71.48966062710295, 51.162425049561449 ], [ 71.489790327057207, 51.162375649500589 ], [ 71.489578526771595, 51.16215694960519 ], [ 71.4895231, 51.162151299999984 ], [ 71.489422421272067, 51.162189616887176 ], [ 71.489233926530446, 51.161986849772127 ] ] ], [ [ [ 71.48841042725752, 51.162663250152193 ], [ 71.488171626948827, 51.162427750269927 ], [ 71.4881162, 51.1624221 ], [ 71.4879339, 51.1624911 ], [ 71.487962, 51.1626735 ], [ 71.4880652, 51.162761899999985 ], [ 71.488120627352401, 51.162767550288272 ], [ 71.48841042725752, 51.162663250152193 ] ] ], [ [ [ 71.4897928, 51.1624923 ], [ 71.4894575, 51.1626176 ], [ 71.4895499, 51.1627148 ], [ 71.489605327452622, 51.162720449582601 ], [ 71.489940627337276, 51.162595149425236 ], [ 71.489848227210516, 51.162497949470897 ], [ 71.4897928, 51.1624923 ] ] ], [ [ [ 71.4871686, 51.1626254 ], [ 71.487016, 51.16268 ], [ 71.4873233, 51.1629818 ], [ 71.487378727538641, 51.162987450637459 ], [ 71.487511227483935, 51.162930350575408 ], [ 71.487224027093347, 51.162631050717287 ], [ 71.4871686, 51.1626254 ] ] ], [ [ [ 71.4893589, 51.1627828 ], [ 71.4889697, 51.1629363 ], [ 71.4890566, 51.163023 ], [ 71.489112027771455, 51.16302864981197 ], [ 71.489501227627954, 51.162875249629451 ], [ 71.489414327514297, 51.162788449672306 ], [ 71.4893589, 51.1627828 ] ] ], [ [ [ 71.490116, 51.1629455 ], [ 71.4899499, 51.1630173 ], [ 71.4900748, 51.1631309 ], [ 71.490130228008923, 51.163136549325586 ], [ 71.490296327940072, 51.163064749247802 ], [ 71.490171427790131, 51.162951149309201 ], [ 71.490116, 51.1629455 ] ] ], [ [ [ 71.4896415, 51.163345 ], [ 71.489696928220823, 51.163350649528027 ], [ 71.490098328109667, 51.163223049339251 ], [ 71.490013628006707, 51.163144949380921 ], [ 71.4898182, 51.1631068 ], [ 71.4895178, 51.163231 ], [ 71.4896415, 51.163345 ] ] ], [ [ [ 71.488578856349022, 51.163415600144312 ], [ 71.488482156095557, 51.163318800239715 ], [ 71.488089155253235, 51.163003400624731 ], [ 71.4879783, 51.1629921 ], [ 71.4876553, 51.1631126 ], [ 71.4880757, 51.163551499999983 ], [ 71.488186556620434, 51.16356280051253 ], [ 71.488578856349022, 51.163415600144312 ] ] ], [ [ [ 71.4894522, 51.1632442 ], [ 71.4892267, 51.1633353 ], [ 71.4893295, 51.163435399999976 ], [ 71.489384928296658, 51.163441049674908 ], [ 71.489610428210852, 51.163349949569209 ], [ 71.489507628079494, 51.163249849619859 ], [ 71.4894522, 51.1632442 ] ] ], [ [ [ 71.486836757070463, 51.163868301786472 ], [ 71.486289355613138, 51.163311002326843 ], [ 71.4861785, 51.1632997 ], [ 71.4858309, 51.1634339 ], [ 71.486424200000016, 51.163973499999983 ], [ 71.486535057287128, 51.163984802069535 ], [ 71.486836757070463, 51.163868301786472 ] ] ], [ [ [ 71.487448828495118, 51.16377595059037 ], [ 71.4873934, 51.1637703 ], [ 71.4872324, 51.1638342 ], [ 71.4873183, 51.1639149 ], [ 71.48737372866124, 51.16392055062358 ], [ 71.487545328606558, 51.163860050542965 ], [ 71.487448828495118, 51.16377595059037 ] ] ], [ [ [ 71.4892061, 51.1637307 ], [ 71.4887608, 51.1638821 ], [ 71.4891207, 51.1642984 ], [ 71.48917612931335, 51.164304049759217 ], [ 71.489621429178186, 51.164152649549962 ], [ 71.489261528639062, 51.163736349728488 ], [ 71.4892061, 51.1637307 ] ] ], [ [ [ 71.4903666, 51.1640486 ], [ 71.4901629, 51.1641255 ], [ 71.490349, 51.1643194 ], [ 71.490404429468441, 51.164325049174366 ], [ 71.490608129397401, 51.164248149078773 ], [ 71.490422029144341, 51.164054249170711 ], [ 71.4903666, 51.1640486 ] ] ], [ [ [ 71.488548857859271, 51.164045600150914 ], [ 71.488438, 51.1640343 ], [ 71.4881889, 51.1641198 ], [ 71.4885604, 51.1645457 ], [ 71.488671259116288, 51.164557000016565 ], [ 71.488920358963355, 51.16447159978248 ], [ 71.488548857859271, 51.164045600150914 ] ] ], [ [ [ 71.4906531, 51.1643978 ], [ 71.490497, 51.1644524 ], [ 71.4905614, 51.164524699999987 ], [ 71.490616829738002, 51.164530349069707 ], [ 71.490772929688788, 51.164475748996374 ], [ 71.49070852959494, 51.164403449028278 ], [ 71.4906531, 51.1643978 ] ] ], [ [ [ 71.4912195, 51.1644252 ], [ 71.4911062, 51.1644649 ], [ 71.4911648, 51.164530699999986 ], [ 71.491220229808988, 51.164536348782462 ], [ 71.491333629773294, 51.164496748729199 ], [ 71.491274929687776, 51.164430848758286 ], [ 71.4912195, 51.1644252 ] ] ], [ [ [ 71.4904219, 51.1645059 ], [ 71.4902765, 51.164556799999986 ], [ 71.490327400000012, 51.164614 ], [ 71.490382829820774, 51.1646196491795 ], [ 71.490528229774881, 51.164568749111197 ], [ 71.490477329700639, 51.164511549136414 ], [ 71.4904219, 51.1645059 ] ] ], [ [ [ 71.488245629944089, 51.164909750191434 ], [ 71.487604829046049, 51.164219950508397 ], [ 71.48754940000002, 51.1642143 ], [ 71.487165, 51.1643548 ], [ 71.4878531, 51.165027300000013 ], [ 71.487908530056757, 51.165032950349705 ], [ 71.488245629944089, 51.164909750191434 ] ] ], [ [ [ 71.4908652, 51.1645393 ], [ 71.4907143, 51.1645922 ], [ 71.4908132, 51.1647032 ], [ 71.490868629979488, 51.164708848946759 ], [ 71.491019429931853, 51.164656048875933 ], [ 71.490920629787681, 51.164544948924892 ], [ 71.4908652, 51.1645393 ] ] ], [ [ [ 71.4900238, 51.1650344 ], [ 71.490079230294739, 51.165040049316644 ], [ 71.490381000704218, 51.164932889207321 ], [ 71.4904062, 51.1649608 ], [ 71.490461630246543, 51.164966449135946 ], [ 71.490643115399251, 51.164902035668867 ], [ 71.4906846, 51.164948599999988 ], [ 71.490740030261279, 51.164954249003678 ], [ 71.49088823021448, 51.164902348934056 ], [ 71.490872975011413, 51.164885193971138 ], [ 71.4909072, 51.1649208 ], [ 71.490962630251346, 51.164926448898228 ], [ 71.49107983021041, 51.16488214884324 ], [ 71.49100053010271, 51.164799648882436 ], [ 71.4909451, 51.164794 ], [ 71.490830972604044, 51.164841496599756 ], [ 71.490779, 51.1648362 ], [ 71.490639021684885, 51.16488518769885 ], [ 71.490582193053569, 51.164822212685927 ], [ 71.490630630096732, 51.16482714905797 ], [ 71.490795030039592, 51.164765248980814 ], [ 71.49070252991342, 51.164668549026523 ], [ 71.4906471, 51.1646629 ], [ 71.490491325417622, 51.164721516706841 ], [ 71.490451829897992, 51.164677749145653 ], [ 71.4903964, 51.1646721 ], [ 71.489866500000019, 51.1648601 ], [ 71.4900238, 51.1650344 ] ] ], [ [ [ 71.491157230503376, 51.165118748802279 ], [ 71.491266430468954, 51.165080548750979 ], [ 71.491349530417168, 51.165030248712313 ], [ 71.491300930346441, 51.164975748736396 ], [ 71.4911278, 51.1649814 ], [ 71.4910186, 51.1650197 ], [ 71.4911018, 51.1651131 ], [ 71.491157230503376, 51.165118748802279 ] ] ], [ [ [ 71.4910088, 51.165067 ], [ 71.4908584, 51.1651197 ], [ 71.4909131, 51.1651811 ], [ 71.490968530565297, 51.165186748890896 ], [ 71.491118930517757, 51.165134048820235 ], [ 71.49106423043807, 51.165072648847335 ], [ 71.4910088, 51.165067 ] ] ], [ [ [ 71.490633030631329, 51.165271049049068 ], [ 71.490804130569586, 51.165204748968797 ], [ 71.49082703051134, 51.165154348958794 ], [ 71.490680730317379, 51.165006049030985 ], [ 71.4906253, 51.1650004 ], [ 71.4904017, 51.1650871 ], [ 71.4905776, 51.1652654 ], [ 71.490633030631329, 51.165271049049068 ] ] ], [ [ [ 71.4897475, 51.164957200000011 ], [ 71.4888904, 51.1652876 ], [ 71.4890345, 51.165434599999983 ], [ 71.489089930671938, 51.165440249780417 ], [ 71.489947030364789, 51.165109849378318 ], [ 71.489802930172601, 51.164962849449466 ], [ 71.4897475, 51.164957200000011 ] ] ], [ [ [ 71.4900306, 51.165244799999989 ], [ 71.4892888, 51.165548899999983 ], [ 71.4894458, 51.1656994 ], [ 71.489501231034154, 51.165705049580083 ], [ 71.490242930746604, 51.165401049232429 ], [ 71.490086030548724, 51.165250449309731 ], [ 71.4900306, 51.165244799999989 ] ] ], [ [ [ 71.489023230711339, 51.165478849811485 ], [ 71.488875030515715, 51.165329349884622 ], [ 71.4888196, 51.1653237 ], [ 71.488294645011521, 51.165528291263698 ], [ 71.4882362, 51.1655196 ], [ 71.4879046, 51.1656489 ], [ 71.4880058, 51.165751 ], [ 71.488061230944055, 51.165756650264434 ], [ 71.488268230917072, 51.16571605016663 ], [ 71.488346830888531, 51.16568545012975 ], [ 71.488370758444162, 51.165655346013494 ], [ 71.4884069, 51.1656918 ], [ 71.488462330915198, 51.165697450074589 ], [ 71.489023230711339, 51.165478849811485 ] ] ], [ [ [ 71.488733731286956, 51.165982449940465 ], [ 71.488908231307221, 51.165983949857399 ], [ 71.489351631163643, 51.165825749649173 ], [ 71.489160730890205, 51.165615349743675 ], [ 71.4891053, 51.1656097 ], [ 71.4883282, 51.1658869 ], [ 71.4884753, 51.1660491 ], [ 71.48853073135254, 51.166054750035805 ], [ 71.488733731286956, 51.165982449940465 ] ] ], [ [ [ 71.488207831449031, 51.166163250187559 ], [ 71.488301031416626, 51.166128150143848 ], [ 71.488151631212915, 51.165972050217647 ], [ 71.4880962, 51.1659664 ], [ 71.48802357882478, 51.165993749831152 ], [ 71.487727030819769, 51.165682750424757 ], [ 71.4876716, 51.165677100000011 ], [ 71.4874704, 51.1657525 ], [ 71.4877823, 51.1660796 ], [ 71.487837731315992, 51.166085250365036 ], [ 71.488018367411257, 51.166017556637804 ], [ 71.4881524, 51.1661576 ], [ 71.488207831449031, 51.166163250187559 ] ] ], [ [ [ 71.4863462, 51.1664455 ], [ 71.4861623, 51.1665075 ], [ 71.4862799, 51.166644799999986 ], [ 71.486335331837537, 51.166650451070119 ], [ 71.486519231782339, 51.166588450983703 ], [ 71.486401631604636, 51.166451151042047 ], [ 71.4863462, 51.1664455 ] ] ], [ [ [ 71.486837632025129, 51.166762150829157 ], [ 71.4867822, 51.1667565 ], [ 71.486683, 51.1667885 ], [ 71.4867144, 51.1668267 ], [ 71.486769832102453, 51.166832350860204 ], [ 71.486869032074452, 51.166800350813546 ], [ 71.486837632025129, 51.166762150829157 ] ] ], [ [ [ 71.486819, 51.166926 ], [ 71.4866554, 51.1669844 ], [ 71.4866932, 51.167026 ], [ 71.486748632340152, 51.167031650866804 ], [ 71.486912232287153, 51.166973250789987 ], [ 71.486874432233066, 51.166931650808699 ], [ 71.486819, 51.166926 ] ] ], [ [ [ 71.4870494, 51.1671601 ], [ 71.4867978, 51.1672513 ], [ 71.4873261, 51.1678243 ], [ 71.487381533368151, 51.167829950551727 ], [ 71.487633133285073, 51.16773885043358 ], [ 71.487104832539259, 51.16716575069497 ], [ 71.4870494, 51.1671601 ] ] ], [ [ [ 71.487695533381114, 51.167813150402608 ], [ 71.4876401, 51.1678075 ], [ 71.4872806, 51.1679349 ], [ 71.4873772, 51.1680421 ], [ 71.487432633635763, 51.168047750523613 ], [ 71.487792233520395, 51.167920350354692 ], [ 71.487695533381114, 51.167813150402608 ] ] ], [ [ [ 71.4878445, 51.168022799999989 ], [ 71.4876934, 51.1680899 ], [ 71.4878052, 51.1681889 ], [ 71.487860633857764, 51.168194550317367 ], [ 71.488011733792945, 51.168127450246629 ], [ 71.487899933661936, 51.16802845030157 ], [ 71.4878445, 51.168022799999989 ] ] ], [ [ [ 71.487221634697036, 51.168947750608325 ], [ 71.488165334389393, 51.168609350165148 ], [ 71.487895434004471, 51.168313350298746 ], [ 71.486144232727213, 51.167406251147902 ], [ 71.4860888, 51.1674006 ], [ 71.4854634, 51.1676248 ], [ 71.4862699, 51.1685093 ], [ 71.4871662, 51.1689421 ], [ 71.487221634697036, 51.168947750608325 ] ] ], [ [ [ 71.4894469, 51.1701653 ], [ 71.4883657, 51.1704784 ], [ 71.4884797, 51.1706332 ], [ 71.488535136872088, 51.170638849953782 ], [ 71.489616336609288, 51.170325649444699 ], [ 71.489502336410965, 51.17017094950166 ], [ 71.4894469, 51.1701653 ] ] ], [ [ [ 71.4893434, 51.1705402 ], [ 71.4887103, 51.1707248 ], [ 71.4889343, 51.1710267 ], [ 71.488989737393979, 51.171032349730574 ], [ 71.489622837238528, 51.170847649432503 ], [ 71.489398836851436, 51.170545849544375 ], [ 71.4893434, 51.1705402 ] ] ], [ [ [ 71.4867227, 51.1715582 ], [ 71.4865062, 51.1716357 ], [ 71.4866529, 51.1717967 ], [ 71.48670833807995, 51.171802350802871 ], [ 71.486924838009429, 51.171724750701181 ], [ 71.486778137800158, 51.171563850773801 ], [ 71.4867227, 51.1715582 ] ] ], [ [ [ 71.4870487, 51.1730834 ], [ 71.4869562, 51.1731145 ], [ 71.487034, 51.1732053 ], [ 71.487089439816558, 51.173210950596953 ], [ 71.487181839788889, 51.173179850553524 ], [ 71.487104139671317, 51.173089050592083 ], [ 71.4870487, 51.1730834 ] ] ], [ [ [ 71.490796209572466, 51.1477537492772 ], [ 71.4907408, 51.1477481 ], [ 71.4903978, 51.1478693 ], [ 71.4905021, 51.1479853 ], [ 71.490557509832513, 51.147990949386617 ], [ 71.490900409722968, 51.147869749225599 ], [ 71.490796209572466, 51.1477537492772 ] ] ], [ [ [ 71.4909177, 51.1479182 ], [ 71.4908077, 51.1480646 ], [ 71.491203910117221, 51.148170949075954 ], [ 71.491313809952914, 51.148024649026219 ], [ 71.4909177, 51.1479182 ] ] ], [ [ [ 71.4905637, 51.1483521 ], [ 71.4904629, 51.1485025 ], [ 71.490777410559872, 51.148576449271779 ], [ 71.490878210389752, 51.148426149226445 ], [ 71.4905637, 51.1483521 ] ] ], [ [ [ 71.491484910567095, 51.148520348936152 ], [ 71.4912021, 51.1484548 ], [ 71.49109, 51.148621899999988 ], [ 71.491372810756332, 51.148687548986572 ], [ 71.491484910567095, 51.148520348936152 ] ] ], [ [ [ 71.4918769, 51.1486806 ], [ 71.4916818, 51.148727 ], [ 71.4917445, 51.148831 ], [ 71.491799910980731, 51.148836648780772 ], [ 71.491995110945538, 51.148790248688698 ], [ 71.491932310813837, 51.148686248720416 ], [ 71.4918769, 51.1486806 ] ] ], [ [ [ 71.4923018, 51.1490212 ], [ 71.4925786, 51.1490906 ], [ 71.492801411425376, 51.149118448299376 ], [ 71.492874211399865, 51.149090848265224 ], [ 71.492902611354751, 51.149050848252401 ], [ 71.492861511263214, 51.148978348273239 ], [ 71.4925971, 51.148921 ], [ 71.4923475, 51.14895 ], [ 71.4923018, 51.1490212 ] ] ], [ [ [ 71.490438, 51.149086699999984 ], [ 71.4902874, 51.1490905 ], [ 71.4902264, 51.149175 ], [ 71.4902545, 51.149211 ], [ 71.490445611341514, 51.149255549417767 ], [ 71.490604211295604, 51.149203449343233 ], [ 71.490627211260161, 51.149171949332818 ], [ 71.490596811197065, 51.149122149348166 ], [ 71.490438, 51.149086699999984 ] ] ], [ [ [ 71.491391511358529, 51.149186648968957 ], [ 71.4911787, 51.1491438 ], [ 71.490960214325156, 51.149263409011425 ], [ 71.49095001134728, 51.149216049178499 ], [ 71.490662, 51.1491436 ], [ 71.490607900000015, 51.1492666 ], [ 71.4908181, 51.149325699999984 ], [ 71.490906634547102, 51.149320850371645 ], [ 71.4908888, 51.1493503 ], [ 71.49094, 51.1493859 ], [ 71.4910397, 51.1494096 ], [ 71.491187311610588, 51.149414149062139 ], [ 71.491284211556362, 51.149360549016976 ], [ 71.491391511358529, 51.149186648968957 ] ] ], [ [ [ 71.4925108, 51.1493672 ], [ 71.492725311770428, 51.149412048330454 ], [ 71.492785011724067, 51.149368248302821 ], [ 71.492859811530877, 51.14920104827015 ], [ 71.4925025, 51.1491221 ], [ 71.4924491, 51.1492106 ], [ 71.4925108, 51.1493672 ] ] ], [ [ [ 71.4913272, 51.149344 ], [ 71.4912548, 51.1494554 ], [ 71.491530711769045, 51.149515748896974 ], [ 71.4916030116445, 51.149405848864504 ], [ 71.4913272, 51.149344 ] ] ], [ [ [ 71.4915645, 51.1495751 ], [ 71.491706311894021, 51.149604248811897 ], [ 71.491876205427872, 51.14959556066367 ], [ 71.4918144, 51.149678499999986 ], [ 71.4918369, 51.1497155 ], [ 71.4919309, 51.149743 ], [ 71.492124912124268, 51.149758948610042 ], [ 71.492206112001497, 51.149649748573303 ], [ 71.492034311895935, 51.149577048656319 ], [ 71.491912940049346, 51.149569814429142 ], [ 71.491934111783124, 51.149492048705476 ], [ 71.491662711666919, 51.149419248835869 ], [ 71.4916073, 51.1494136 ], [ 71.4915283, 51.1495295 ], [ 71.4915645, 51.1495751 ] ] ], [ [ [ 71.4923907, 51.1494624 ], [ 71.49238, 51.1495388 ], [ 71.4924112, 51.1495653 ], [ 71.49259251198049, 51.149598348390384 ], [ 71.492672711812759, 51.149451848354779 ], [ 71.4925145, 51.149424 ], [ 71.4924532, 51.1494312 ], [ 71.4923907, 51.1494624 ] ] ], [ [ [ 71.4903829, 51.1497218 ], [ 71.4903253, 51.149750299999987 ], [ 71.4902846, 51.1498069 ], [ 71.4902904, 51.1498587 ], [ 71.4903829, 51.149906799999989 ], [ 71.490505, 51.1499408 ], [ 71.490608712176922, 51.149935849328308 ], [ 71.490690712049073, 51.14982234929127 ], [ 71.490616311964871, 51.149758849327775 ], [ 71.490528411925737, 51.149734049370032 ], [ 71.4903829, 51.1497218 ] ] ], [ [ [ 71.4921677, 51.1497368 ], [ 71.4921087, 51.1498412 ], [ 71.492421612354406, 51.149924248465993 ], [ 71.492491312236211, 51.14981984843466 ], [ 71.4921677, 51.1497368 ] ] ], [ [ [ 71.494068512657662, 51.150031847680566 ], [ 71.494020212438116, 51.149853547706677 ], [ 71.493762712099326, 51.149594447833707 ], [ 71.4937073, 51.1495888 ], [ 71.493262, 51.149750299999987 ], [ 71.493659, 51.150160799999988 ], [ 71.493714412782168, 51.150166447846694 ], [ 71.494068512657662, 51.150031847680566 ] ] ], [ [ [ 71.4907441, 51.1498506 ], [ 71.49062480000002, 51.150005 ], [ 71.490957112407585, 51.15009704915974 ], [ 71.491076312231954, 51.14994054910575 ], [ 71.4907441, 51.1498506 ] ] ], [ [ [ 71.4911297, 51.1499798 ], [ 71.4910378, 51.1501126 ], [ 71.491341012550848, 51.150182448975599 ], [ 71.491435212406373, 51.150054048933022 ], [ 71.4911297, 51.1499798 ] ] ], [ [ [ 71.491827012586654, 51.1501695487446 ], [ 71.4915194, 51.1500922 ], [ 71.4913735, 51.1502792 ], [ 71.491678912800623, 51.150360448811732 ], [ 71.491827012586654, 51.1501695487446 ] ] ], [ [ [ 71.4919167, 51.150196 ], [ 71.4918178, 51.1503339 ], [ 71.492119812905386, 51.15040884860111 ], [ 71.492221012749368, 51.150270248555387 ], [ 71.4919167, 51.150196 ] ] ], [ [ [ 71.4923006, 51.1503025 ], [ 71.4921738, 51.1504572 ], [ 71.4924425, 51.1505448 ], [ 71.492497913115599, 51.150550448418748 ], [ 71.492622412939198, 51.150392848362273 ], [ 71.492356012809182, 51.15030814849051 ], [ 71.4923006, 51.1503025 ] ] ], [ [ [ 71.4926441, 51.1507369 ], [ 71.4929097, 51.1508958 ], [ 71.492965113587104, 51.150901448190332 ], [ 71.493094413541812, 51.150852448129669 ], [ 71.49281891316933, 51.150566948265748 ], [ 71.4927635, 51.1505613 ], [ 71.492552, 51.1506415 ], [ 71.4926441, 51.1507369 ] ] ], [ [ [ 71.4907888, 51.1512449 ], [ 71.490844213783049, 51.151250549193314 ], [ 71.49133111361509, 51.151068148964839 ], [ 71.491229313478286, 51.150963349015107 ], [ 71.4909994, 51.15097020000001 ], [ 71.4908394, 51.1510289 ], [ 71.4906824, 51.151136199999989 ], [ 71.4907888, 51.1512449 ] ] ], [ [ [ 71.49640628000617, 51.152627532879286 ], [ 71.496542979771547, 51.152576532558555 ], [ 71.495891575293541, 51.151889134168322 ], [ 71.4956145, 51.1518609 ], [ 71.495589501392615, 51.151870214003942 ], [ 71.495467014860949, 51.151740946985328 ], [ 71.4954116, 51.1517353 ], [ 71.4952411, 51.1517989 ], [ 71.495382, 51.1519476 ], [ 71.495437415113187, 51.151953246995689 ], [ 71.495496216445673, 51.151931334579942 ], [ 71.4961292, 51.1525993 ], [ 71.49640628000617, 51.152627532879286 ] ] ], [ [ [ 71.4944308, 51.1521449 ], [ 71.49431220000001, 51.1521882 ], [ 71.4943875, 51.1522722 ], [ 71.494442915398679, 51.152277847463182 ], [ 71.494561815359987, 51.152235247407361 ], [ 71.49448621525012, 51.152150547444812 ], [ 71.4944308, 51.1521449 ] ] ], [ [ [ 71.493517316027891, 51.152882147893003 ], [ 71.49442101593057, 51.152721947465828 ], [ 71.494611615862638, 51.152648747376425 ], [ 71.494212415328406, 51.152239647573523 ], [ 71.494157, 51.152234 ], [ 71.4939663, 51.1523073 ], [ 71.4932971, 51.1527035 ], [ 71.4934619, 51.1528765 ], [ 71.493517316027891, 51.152882147893003 ] ] ], [ [ [ 71.494797, 51.152506399999986 ], [ 71.494606, 51.1525768 ], [ 71.4952082, 51.1532196 ], [ 71.495485283251099, 51.153247835016053 ], [ 71.495676282928457, 51.153177434567837 ], [ 71.49507407874448, 51.152534636056629 ], [ 71.494797, 51.152506399999986 ] ] ], [ [ [ 71.4930653630867, 51.152724592601956 ], [ 71.4928437, 51.152702 ], [ 71.4926949, 51.152757799999989 ], [ 71.493059481966512, 51.153129819295586 ], [ 71.493011, 51.153148 ], [ 71.4933444, 51.1534977 ], [ 71.493399816762746, 51.153503347938063 ], [ 71.493542116713542, 51.15344994787128 ], [ 71.493256099994511, 51.153149858663191 ], [ 71.493418965020695, 51.15309549190308 ], [ 71.4930653630867, 51.152724592601956 ] ] ], [ [ [ 71.4937542, 51.1529345 ], [ 71.4935401, 51.1530068 ], [ 71.493574, 51.1530463 ], [ 71.493629416243962, 51.153051947836708 ], [ 71.493843516179609, 51.152979647736103 ], [ 71.493809616128502, 51.152940147752929 ], [ 71.4937542, 51.1529345 ] ] ], [ [ [ 71.4920672, 51.152983399999989 ], [ 71.4919821, 51.1530162 ], [ 71.492118500000018, 51.1531553 ], [ 71.492173916221432, 51.153160948527308 ], [ 71.492259116190851, 51.153128048487339 ], [ 71.492122616009226, 51.152989048554709 ], [ 71.4920672, 51.152983399999989 ] ] ], [ [ [ 71.4919422, 51.1530398 ], [ 71.491678644227136, 51.153140828767185 ], [ 71.4914851, 51.1531211 ], [ 71.4907976, 51.1533973 ], [ 71.4908941, 51.1534918 ], [ 71.491171182611055, 51.153520045255249 ], [ 71.491689783135257, 51.153311698917136 ], [ 71.4917085, 51.1533309 ], [ 71.491763916389374, 51.153336548719295 ], [ 71.49214061625544, 51.153192148542601 ], [ 71.49199761606387, 51.153045448613199 ], [ 71.4919422, 51.1530398 ] ] ], [ [ [ 71.494883917036105, 51.153600347230245 ], [ 71.495049316982573, 51.153541347152576 ], [ 71.494946721142441, 51.153428163188636 ], [ 71.494985816844519, 51.153432147184702 ], [ 71.495074716815878, 51.153400547142958 ], [ 71.494865516514579, 51.153168447246557 ], [ 71.4948101, 51.1531628 ], [ 71.4947212, 51.1531943 ], [ 71.494744544665679, 51.153220211377374 ], [ 71.4947042, 51.1532161 ], [ 71.494538953764646, 51.153274945243609 ], [ 71.494487016537192, 51.153220447425724 ], [ 71.4944316, 51.1532148 ], [ 71.493904, 51.1534127 ], [ 71.4940257, 51.153540299999989 ], [ 71.494081116885909, 51.153545947613132 ], [ 71.494606004390775, 51.153349164237838 ], [ 71.4948285, 51.1535947 ], [ 71.494883917036105, 51.153600347230245 ] ] ], [ [ [ 71.492346700460786, 51.153917445660454 ], [ 71.4921055, 51.1538935 ], [ 71.4911774, 51.1539045 ], [ 71.4910129, 51.1539627 ], [ 71.4910112, 51.1539989 ], [ 71.491176116580405, 51.154191134856944 ], [ 71.4909472, 51.154167799999989 ], [ 71.4907122, 51.1542485 ], [ 71.491097, 51.1546894 ], [ 71.491651180159664, 51.154745888674377 ], [ 71.491886179437003, 51.154665187570345 ], [ 71.491622135266539, 51.154362655262311 ], [ 71.492267786891048, 51.154135342592788 ], [ 71.492521086350479, 51.154023241999965 ], [ 71.492464980321472, 51.153960823882436 ], [ 71.492666286175108, 51.153981341658216 ], [ 71.492827185893148, 51.153920341280774 ], [ 71.492670954777935, 51.153697976216485 ], [ 71.492752516896033, 51.153670948243096 ], [ 71.492685816793596, 51.153591648276219 ], [ 71.492599463607021, 51.153596221422966 ], [ 71.492578175360194, 51.153565921343535 ], [ 71.492610916739125, 51.153552948312537 ], [ 71.492604616699595, 51.153520648316103 ], [ 71.492456955099129, 51.15342522416271 ], [ 71.492512116552462, 51.153406448362105 ], [ 71.492457416470529, 51.153343148389247 ], [ 71.492369935746467, 51.153348413985313 ], [ 71.4921, 51.1533209 ], [ 71.4919518, 51.153376 ], [ 71.4918228, 51.1534629 ], [ 71.492346700460786, 51.153917445660454 ] ] ], [ [ [ 71.495156, 51.153442499999983 ], [ 71.4953572, 51.153589100000012 ], [ 71.495634285552214, 51.153617334629288 ], [ 71.495746585360664, 51.153575634365772 ], [ 71.495884384803603, 51.153470934047093 ], [ 71.495821284367324, 51.153403934203084 ], [ 71.495654583550376, 51.153282734610244 ], [ 71.4953775, 51.1532545 ], [ 71.495082, 51.153364 ], [ 71.495156, 51.153442499999983 ] ] ], [ [ [ 71.4937362, 51.153459 ], [ 71.493129, 51.1536867 ], [ 71.4932938, 51.1538596 ], [ 71.493349217192772, 51.1538652479558 ], [ 71.493956516982834, 51.153637447670846 ], [ 71.493791616757562, 51.153464647752322 ], [ 71.4937362, 51.153459 ] ] ], [ [ [ 71.494812717076229, 51.153639947263429 ], [ 71.494723216953702, 51.153545947307641 ], [ 71.4946678, 51.1535403 ], [ 71.4935417, 51.1538612 ], [ 71.4933057, 51.1539497 ], [ 71.4934665, 51.1541184 ], [ 71.49352191752233, 51.154124047869111 ], [ 71.494812717076229, 51.153639947263429 ] ] ], [ [ [ 71.495978, 51.1537138 ], [ 71.496080413583172, 51.153863397346342 ], [ 71.495911286119423, 51.153687333964172 ], [ 71.4956342, 51.1536591 ], [ 71.4954678, 51.153714 ], [ 71.4957857, 51.154036499999989 ], [ 71.496062788469416, 51.154064733570756 ], [ 71.496186832450519, 51.154018844127101 ], [ 71.4963597, 51.1542393 ], [ 71.496415117973143, 51.154244946490437 ], [ 71.496638017895265, 51.15416064638584 ], [ 71.49616601725441, 51.153669346619026 ], [ 71.4961106, 51.1536637 ], [ 71.495978, 51.1537138 ] ] ], [ [ [ 71.4951393, 51.1536725 ], [ 71.4936501, 51.1542225 ], [ 71.4937674, 51.154360300000015 ], [ 71.494044489351964, 51.154388538343973 ], [ 71.49491132271163, 51.154065582491704 ], [ 71.4949549, 51.154112 ], [ 71.495010317671742, 51.154117647161051 ], [ 71.495103817640114, 51.154083147117177 ], [ 71.495050217565648, 51.15402594714368 ], [ 71.495024687106934, 51.1540233455502 ], [ 71.495542186785997, 51.153830534829751 ], [ 71.495416385938881, 51.153700735140376 ], [ 71.4951393, 51.1536725 ] ] ], [ [ [ 71.4955566, 51.1542757 ], [ 71.4957134, 51.1544403 ], [ 71.495768818146757, 51.154445946794425 ], [ 71.496101312748095, 51.154324885094496 ], [ 71.4961171, 51.1543425 ], [ 71.496172518071702, 51.154348146604065 ], [ 71.496353518014047, 51.154284346519049 ], [ 71.496184817718344, 51.154053346603362 ], [ 71.496129400000015, 51.1540477 ], [ 71.4959193, 51.1541218 ], [ 71.495976130576295, 51.154185210307844 ], [ 71.4958677, 51.1541591 ], [ 71.4955566, 51.1542757 ] ] ], [ [ [ 71.4923921, 51.1541615 ], [ 71.4921154, 51.1542416 ], [ 71.491988, 51.15430460000001 ], [ 71.4921248, 51.1544325 ], [ 71.492452017769793, 51.154423648372948 ], [ 71.4925908177309, 51.154379148307676 ], [ 71.4926760176551, 51.154308648268362 ], [ 71.492528917467169, 51.154165348340847 ], [ 71.4923921, 51.1541615 ] ] ], [ [ [ 71.4944696, 51.1542917 ], [ 71.494314, 51.1543489 ], [ 71.4943953, 51.15443590000001 ], [ 71.494450718002341, 51.154441547421655 ], [ 71.49460631794993, 51.154384347348618 ], [ 71.494525017836708, 51.154297347388834 ], [ 71.4944696, 51.1542917 ] ] ], [ [ [ 71.494886117950003, 51.154359847215922 ], [ 71.4948307, 51.1543542 ], [ 71.4946834, 51.1544078 ], [ 71.4947233, 51.1544509 ], [ 71.494778718055016, 51.154456547265319 ], [ 71.494926018005955, 51.154402847196174 ], [ 71.494886117950003, 51.154359847215922 ] ] ], [ [ [ 71.497001918216014, 51.154395346208602 ], [ 71.49667611800767, 51.154250746366152 ], [ 71.4966207, 51.1542451 ], [ 71.4965167, 51.154283 ], [ 71.4967731, 51.1545603 ], [ 71.49682851840295, 51.15456594628813 ], [ 71.497088618313086, 51.154468446166071 ], [ 71.497001918216014, 51.154395346208602 ] ] ], [ [ [ 71.4938272, 51.1543864 ], [ 71.49352, 51.154503 ], [ 71.4936116, 51.1545979 ], [ 71.493667018114493, 51.154603547791687 ], [ 71.493974218006656, 51.15448694764757 ], [ 71.493882617882804, 51.154392047692816 ], [ 71.4938272, 51.1543864 ] ] ], [ [ [ 71.494659818361626, 51.154721847317269 ], [ 71.494897618277847, 51.154631347205701 ], [ 71.49475511808572, 51.154484147276079 ], [ 71.4946997, 51.1544785 ], [ 71.4945266, 51.1545445 ], [ 71.4945258, 51.1546349 ], [ 71.4946044, 51.1547162 ], [ 71.494659818361626, 51.154721847317269 ] ] ], [ [ [ 71.4960543, 51.1545604 ], [ 71.496249, 51.154783 ], [ 71.496304418615566, 51.154788646533603 ], [ 71.496589328318777, 51.154690733563434 ], [ 71.4966664, 51.154772199999989 ], [ 71.496721818646606, 51.154777846335165 ], [ 71.496849418602935, 51.154730346275279 ], [ 71.496702718398708, 51.154573446347847 ], [ 71.496354718251666, 51.154481746515017 ], [ 71.4962993, 51.1544761 ], [ 71.4960543, 51.1545604 ] ] ], [ [ [ 71.49338151859601, 51.155028847920107 ], [ 71.493744218487777, 51.15490704774966 ], [ 71.49343061807798, 51.15459394790436 ], [ 71.4933752, 51.1545883 ], [ 71.4931042, 51.154694 ], [ 71.4931362, 51.154924099999988 ], [ 71.4933261, 51.1550232 ], [ 71.49338151859601, 51.155028847920107 ] ] ], [ [ [ 71.4952233, 51.154275 ], [ 71.4950595, 51.1543363 ], [ 71.4959476, 51.1552701 ], [ 71.4962246959753, 51.15529833307771 ], [ 71.496388495692983, 51.155237032693371 ], [ 71.495500389607258, 51.154303234887855 ], [ 71.4952233, 51.154275 ] ] ], [ [ [ 71.4965763, 51.1548312 ], [ 71.4961892, 51.1549698 ], [ 71.4962923, 51.155083 ], [ 71.496347718981056, 51.155088646507743 ], [ 71.496734818855288, 51.15495014632598 ], [ 71.496631718708088, 51.154836846377016 ], [ 71.4965763, 51.1548312 ] ] ], [ [ [ 71.491688900000014, 51.1551167 ], [ 71.4916921, 51.1552445 ], [ 71.491866, 51.1554553 ], [ 71.49211661897904, 51.155458248514428 ], [ 71.492627518776999, 51.155245448275075 ], [ 71.492626518626381, 51.155120348277741 ], [ 71.492445118353743, 51.154909648367735 ], [ 71.4917305, 51.154906 ], [ 71.491688900000014, 51.1551167 ] ] ], [ [ [ 71.494206718273972, 51.154688747533434 ], [ 71.4941513, 51.1546831 ], [ 71.4939743, 51.1547492 ], [ 71.4948909, 51.1557154 ], [ 71.494946319593993, 51.155721047163475 ], [ 71.495123319533135, 51.155654947080407 ], [ 71.494206718273972, 51.154688747533434 ] ] ], [ [ [ 71.497145700000019, 51.1550943 ], [ 71.4963691, 51.1553838 ], [ 71.4964868, 51.155508 ], [ 71.496542219512904, 51.155513646407755 ], [ 71.497318819246544, 51.155224146043302 ], [ 71.497201119084721, 51.155099946101494 ], [ 71.497145700000019, 51.1550943 ] ] ], [ [ [ 71.4955219, 51.1553019 ], [ 71.4953303, 51.1553835 ], [ 71.4954609, 51.1555042 ], [ 71.495516319400053, 51.155509846895967 ], [ 71.495707919322101, 51.155428246806217 ], [ 71.495577319163104, 51.155307546870468 ], [ 71.4955219, 51.1553019 ] ] ], [ [ [ 71.4915166, 51.1554692 ], [ 71.491090378276695, 51.15562855363175 ], [ 71.4910408, 51.1556235 ], [ 71.4900973, 51.1559886 ], [ 71.490214100000017, 51.15610740000001 ], [ 71.490491197985335, 51.156135646644657 ], [ 71.491374615111553, 51.155793700595922 ], [ 71.4917015, 51.1559009 ], [ 71.491756919480423, 51.155906548677763 ], [ 71.491923219423256, 51.155844448599716 ], [ 71.491572018941511, 51.155474848773274 ], [ 71.4915166, 51.1554692 ] ] ], [ [ [ 71.49772488600982, 51.156411813416767 ], [ 71.497670561921083, 51.156406279303752 ], [ 71.49775438563718, 51.156374813296239 ], [ 71.497787046878898, 51.156310995722748 ], [ 71.497957, 51.156486 ], [ 71.498234104349962, 51.156514228190851 ], [ 71.498439103987039, 51.156435927709992 ], [ 71.498391502764193, 51.156236827840651 ], [ 71.498155001174567, 51.155993328424636 ], [ 71.497959801490367, 51.155973443414887 ], [ 71.498072879110126, 51.155744112031684 ], [ 71.497777875479812, 51.155434713343709 ], [ 71.497279100000014, 51.1553839 ], [ 71.4971301, 51.1554398 ], [ 71.4967837, 51.1560226 ], [ 71.4967986, 51.1561282 ], [ 71.4970566, 51.1563987 ], [ 71.497110711259126, 51.156404212724347 ], [ 71.4970771, 51.1564168 ], [ 71.496758, 51.1569108 ], [ 71.4968634, 51.1570214 ], [ 71.497362192816738, 51.157072214865941 ], [ 71.497964490943531, 51.156846412322253 ], [ 71.498019789640281, 51.156721212105161 ], [ 71.49772488600982, 51.156411813416767 ] ] ], [ [ [ 71.495150820270695, 51.156265547056655 ], [ 71.496160219906557, 51.155874346583204 ], [ 71.495962919644739, 51.155674046680595 ], [ 71.4959075, 51.1556684 ], [ 71.4949029, 51.1560645 ], [ 71.4950954, 51.1562599 ], [ 71.495150820270695, 51.156265547056655 ] ] ], [ [ [ 71.4919368, 51.1558962 ], [ 71.4917705, 51.1559544 ], [ 71.4920801, 51.1562779 ], [ 71.492135519973985, 51.156283548491018 ], [ 71.492308619914041, 51.156218548409811 ], [ 71.491992219499622, 51.155901848565883 ], [ 71.4919368, 51.1558962 ] ] ], [ [ [ 71.4910758, 51.1562769 ], [ 71.4909754, 51.1563156 ], [ 71.4910337, 51.1563752 ], [ 71.491089119980543, 51.156380848987226 ], [ 71.491189519944569, 51.156342148940141 ], [ 71.491131219866716, 51.15628254896891 ], [ 71.4910758, 51.1562769 ] ] ], [ [ [ 71.492726, 51.1558076 ], [ 71.4928335, 51.1569972 ], [ 71.493331920993441, 51.157025847908827 ], [ 71.493684121023406, 51.157019847741331 ], [ 71.493813420065862, 51.15621264769392 ], [ 71.493802719762598, 51.155961547703399 ], [ 71.49351961926773, 51.15557504784487 ], [ 71.4931701, 51.1555744 ], [ 71.492726, 51.1558076 ] ] ], [ [ [ 71.491172, 51.1563776 ], [ 71.4910966, 51.1564069 ], [ 71.491163, 51.1564779 ], [ 71.491218420117747, 51.156483548923909 ], [ 71.49129382009157, 51.156455148888533 ], [ 71.49122741999804, 51.156383248921379 ], [ 71.491172, 51.1563776 ] ] ], [ [ [ 71.4914704, 51.1573654 ], [ 71.491814621279971, 51.157397148624277 ], [ 71.492362521087799, 51.157189348367197 ], [ 71.492247320931838, 51.157069848424115 ], [ 71.4921919, 51.157064199999986 ], [ 71.491816635533738, 51.157206525636091 ], [ 71.491286501587069, 51.156664544706452 ], [ 71.491204278192399, 51.156656163824898 ], [ 71.491270301380013, 51.156631544747867 ], [ 71.490872098641887, 51.156211345731869 ], [ 71.490595, 51.1561831 ], [ 71.4903944, 51.1562579 ], [ 71.4907926, 51.1566781 ], [ 71.490878182240905, 51.156686823545954 ], [ 71.4908263, 51.1567068 ], [ 71.4914704, 51.1573654 ] ] ], [ [ [ 71.492331019956509, 51.156251848398568 ], [ 71.492275600000013, 51.1562462 ], [ 71.4921121, 51.1563094 ], [ 71.4924282, 51.1566465 ], [ 71.492483620454237, 51.156652148318976 ], [ 71.492644520399395, 51.156592448243458 ], [ 71.492331019956509, 51.156251848398568 ] ] ], [ [ [ 71.494895120592986, 51.156555847173237 ], [ 71.494604820212317, 51.156264947316451 ], [ 71.4945494, 51.156259299999988 ], [ 71.4939034, 51.156513 ], [ 71.4940271, 51.1566322 ], [ 71.494082520605858, 51.15663784755845 ], [ 71.494740220670707, 51.156634047245575 ], [ 71.494895120592986, 51.156555847173237 ] ] ], [ [ [ 71.49627992933496, 51.156580330230284 ], [ 71.4963655, 51.1566673 ], [ 71.496420920894906, 51.156672946445198 ], [ 71.496555320846426, 51.156620846382168 ], [ 71.49643912069206, 51.156502746439507 ], [ 71.496356501177274, 51.15650764361299 ], [ 71.496528420510998, 51.1563444463998 ], [ 71.496285720183039, 51.156093146519666 ], [ 71.4962303, 51.1560875 ], [ 71.4954051, 51.1563164 ], [ 71.4952052, 51.1563946 ], [ 71.4957224, 51.1569524 ], [ 71.495777821170066, 51.156958046746212 ], [ 71.495951021109533, 51.156892546664949 ], [ 71.496028200804702, 51.156819284222649 ], [ 71.496084921043789, 51.156826146602391 ], [ 71.496264720971936, 51.156750646518169 ], [ 71.496182079787886, 51.156673214531061 ], [ 71.49627992933496, 51.156580330230284 ] ] ], [ [ [ 71.49184542034557, 51.156617848623235 ], [ 71.49179, 51.1566122 ], [ 71.4915459, 51.1567051 ], [ 71.4917381, 51.1569039 ], [ 71.491793520691061, 51.15690954864283 ], [ 71.492403220476419, 51.156677648356776 ], [ 71.492299720336632, 51.156570548407899 ], [ 71.4922443, 51.1565649 ], [ 71.491915255794993, 51.156690043283625 ], [ 71.49184542034557, 51.156617848623235 ] ] ], [ [ [ 71.4946686, 51.156753 ], [ 71.4941451, 51.1569505 ], [ 71.4942563, 51.1570664 ], [ 71.494311721152485, 51.157072047441808 ], [ 71.494835220970117, 51.156874547196175 ], [ 71.494724020818921, 51.156758647251117 ], [ 71.4946686, 51.156753 ] ] ], [ [ [ 71.4950238, 51.1575358 ], [ 71.4951417, 51.1576575 ], [ 71.495806764320704, 51.157725262375216 ], [ 71.496283262302086, 51.157543659692593 ], [ 71.496038535082761, 51.157291083612733 ], [ 71.496113221627567, 51.157308846580491 ], [ 71.4962998215629, 51.157238746492922 ], [ 71.496104321295988, 51.157034046589523 ], [ 71.4960489, 51.157028399999987 ], [ 71.495854646632779, 51.157101295310611 ], [ 71.495766153941162, 51.157009962757172 ], [ 71.4951011, 51.1569422 ], [ 71.4947953, 51.1570587 ], [ 71.4950238, 51.1575358 ] ] ], [ [ [ 71.4982201, 51.1570849 ], [ 71.4978647, 51.1572201 ], [ 71.497964, 51.1573227 ], [ 71.498019421852177, 51.157328345673136 ], [ 71.498374721727004, 51.15719314550644 ], [ 71.498275521593072, 51.157090545555427 ], [ 71.4982201, 51.1570849 ] ] ], [ [ [ 71.493541121331006, 51.157288047804691 ], [ 71.4934857, 51.1572824 ], [ 71.4934077, 51.1573159 ], [ 71.4934855, 51.1573871 ], [ 71.493540921456983, 51.157392747802966 ], [ 71.493618921424897, 51.157359247766436 ], [ 71.493541121331006, 51.157288047804691 ] ] ], [ [ [ 71.493233221658031, 51.157586847945971 ], [ 71.493407921600195, 51.157523447863959 ], [ 71.493114721186231, 51.15720514800902 ], [ 71.4930593, 51.1571995 ], [ 71.4921046, 51.157545399999989 ], [ 71.49222, 51.1576707 ], [ 71.492275421664573, 51.157676348400159 ], [ 71.493233221658031, 51.157586847945971 ] ] ], [ [ [ 71.4976611, 51.1572541 ], [ 71.4974534, 51.1573337 ], [ 71.4975783, 51.157462 ], [ 71.497633721979099, 51.157467645854226 ], [ 71.49784152190513, 51.157387945756739 ], [ 71.497716521737686, 51.157259745818465 ], [ 71.4976611, 51.1572541 ] ] ], [ [ [ 71.4915846, 51.1574463 ], [ 71.4914673, 51.1574971 ], [ 71.4915078, 51.1575346 ], [ 71.491563221425594, 51.157540248741391 ], [ 71.491680521378413, 51.157490748686449 ], [ 71.491640021327456, 51.157451948706402 ], [ 71.4915846, 51.1574463 ] ] ], [ [ [ 71.494469905834279, 51.157091137095726 ], [ 71.4941928, 51.1570629 ], [ 71.4939967, 51.1571392 ], [ 71.4946626, 51.1578128 ], [ 71.494939710593812, 51.157841035912476 ], [ 71.495135910238318, 51.157764735452361 ], [ 71.494469905834279, 51.157091137095726 ] ] ], [ [ [ 71.493995621728175, 51.157578247583352 ], [ 71.49385132154255, 51.157436647654507 ], [ 71.4937959, 51.157431 ], [ 71.4928691, 51.1578026 ], [ 71.4929562, 51.1578881 ], [ 71.493011622003905, 51.157893748046057 ], [ 71.493840521786652, 51.157640447656064 ], [ 71.493995621728175, 51.157578247583352 ] ] ], [ [ [ 71.4969788, 51.1575842 ], [ 71.4970052, 51.157676 ], [ 71.4971178, 51.157737099999984 ], [ 71.497562909727804, 51.15778492320603 ], [ 71.497258666020599, 51.157897101390738 ], [ 71.497140167727721, 51.157844254736709 ], [ 71.4964751, 51.1577765 ], [ 71.4964001, 51.1577709 ], [ 71.4962625, 51.1578066 ], [ 71.4961912, 51.1578886 ], [ 71.4962176, 51.1579804 ], [ 71.4962656, 51.158017 ], [ 71.4963302, 51.158041499999982 ], [ 71.496745542594311, 51.158086292950536 ], [ 71.4965695, 51.158151199999985 ], [ 71.496614775319728, 51.158199534590892 ], [ 71.496492364425208, 51.15819281640406 ], [ 71.496376671057959, 51.158141859033734 ], [ 71.4956366, 51.158068499999985 ], [ 71.495499, 51.1581042 ], [ 71.4954522, 51.1581414 ], [ 71.4954284, 51.1582335 ], [ 71.4955021, 51.1583146 ], [ 71.4955667, 51.1583391 ], [ 71.495979599851879, 51.158383646134112 ], [ 71.4954939, 51.1585644 ], [ 71.4956355, 51.1587141 ], [ 71.496004500584547, 51.158751694807385 ], [ 71.4957002, 51.1588875 ], [ 71.49639332360394, 51.158926746418906 ], [ 71.496262390508761, 51.158717254156343 ], [ 71.49688057484984, 51.158487190954261 ], [ 71.4972124, 51.1588027 ], [ 71.4972693, 51.1588358 ], [ 71.49732472359959, 51.158841445977203 ], [ 71.497516423530286, 51.158767045887281 ], [ 71.497370123336395, 51.15861874595948 ], [ 71.497107984330043, 51.158402556959629 ], [ 71.497144906868385, 51.158388815589177 ], [ 71.497099665008761, 51.158340986663212 ], [ 71.497208906531711, 51.158352115320874 ], [ 71.497339866844399, 51.158303834254063 ], [ 71.4978947, 51.15883 ], [ 71.497950123658612, 51.158835645679723 ], [ 71.4981100235957, 51.158769345604789 ], [ 71.497567122894992, 51.158234645872483 ], [ 71.497536106415311, 51.158231486259474 ], [ 71.49822200344893, 51.157978611041152 ], [ 71.498102840035116, 51.157851488656803 ], [ 71.498161522468322, 51.157827945596779 ], [ 71.49806377225579, 51.157734449369258 ], [ 71.498087226200497, 51.157672815988093 ], [ 71.4981743, 51.1577591 ], [ 71.498451412123785, 51.157787327562424 ], [ 71.49922711067812, 51.157479025743946 ], [ 71.49913881010572, 51.157391625961665 ], [ 71.4988617, 51.1573634 ], [ 71.498086899981587, 51.157671382013064 ], [ 71.498046065239024, 51.157592449617013 ], [ 71.497927764329731, 51.15753985030355 ], [ 71.4971877, 51.1574665 ], [ 71.4970501, 51.1575022 ], [ 71.4969788, 51.1575842 ] ] ], [ [ [ 71.492752, 51.157833699999983 ], [ 71.4926947, 51.1578508 ], [ 71.4927475, 51.1579018 ], [ 71.492802921998347, 51.157907448145117 ], [ 71.492854221979968, 51.157887648121061 ], [ 71.492807421916893, 51.157839348144158 ], [ 71.492752, 51.157833699999983 ] ] ], [ [ [ 71.4944776223345, 51.158039847345954 ], [ 71.494158321886488, 51.157695547503906 ], [ 71.4941029, 51.1576899 ], [ 71.4938834, 51.1577699 ], [ 71.4931483, 51.1583291 ], [ 71.493266, 51.158456 ], [ 71.493321422719973, 51.158461647888728 ], [ 71.4944776223345, 51.158039847345954 ] ] ], [ [ [ 71.4920009, 51.157588 ], [ 71.4917786, 51.1576709 ], [ 71.4926911, 51.1586334 ], [ 71.492746522872736, 51.158639048159166 ], [ 71.492968822796442, 51.158556148054842 ], [ 71.492056321541924, 51.157593648505845 ], [ 71.4920009, 51.157588 ] ] ], [ [ [ 71.4993827, 51.1577604 ], [ 71.4980823, 51.1582537 ], [ 71.498179, 51.158354 ], [ 71.498234423115818, 51.158359645552778 ], [ 71.499534822659413, 51.157866344942654 ], [ 71.499438122528531, 51.157766044990417 ], [ 71.4993827, 51.1577604 ] ] ], [ [ [ 71.4992695, 51.1583334 ], [ 71.4985826, 51.1585897 ], [ 71.4986802, 51.1586926 ], [ 71.49917901264034, 51.158743406822339 ], [ 71.499865910517855, 51.158487203921069 ], [ 71.499768309309687, 51.158384204355265 ], [ 71.4992695, 51.1583334 ] ] ], [ [ [ 71.49181431110182, 51.159247438281994 ], [ 71.492268509470449, 51.159056936366859 ], [ 71.492130745104575, 51.158927745841304 ], [ 71.492318246161318, 51.158854696744839 ], [ 71.492059345479959, 51.15859429700032 ], [ 71.4919485, 51.158583 ], [ 71.4917615, 51.1586561 ], [ 71.491982820434004, 51.158878702930366 ], [ 71.4915913, 51.1588388 ], [ 71.4911371, 51.1590293 ], [ 71.4913155, 51.1591966 ], [ 71.49181431110182, 51.159247438281994 ] ] ], [ [ [ 71.491043223051165, 51.15893684896443 ], [ 71.49115172300823, 51.158891648913603 ], [ 71.491303822910126, 51.158796748842889 ], [ 71.491222522809224, 51.158720048882913 ], [ 71.4911671, 51.1587144 ], [ 71.4908714, 51.1588214 ], [ 71.4909878, 51.1589312 ], [ 71.491043223051165, 51.15893684896443 ] ] ], [ [ [ 71.498668959652861, 51.15891501528175 ], [ 71.4980994, 51.158857 ], [ 71.4979452, 51.158920899999984 ], [ 71.4979891, 51.1589876 ], [ 71.4981324, 51.1591276 ], [ 71.4982051, 51.1591965 ], [ 71.498263, 51.1592253 ], [ 71.498880623485263, 51.159288209462154 ], [ 71.4990051, 51.159420499999989 ], [ 71.49950392083224, 51.15947130531621 ], [ 71.499743620098073, 51.159382504303686 ], [ 71.499304014621828, 51.158915406259915 ], [ 71.4988052, 51.1588646 ], [ 71.498668959652861, 51.15891501528175 ] ] ], [ [ [ 71.4970762, 51.1593295 ], [ 71.4971373, 51.1594014 ], [ 71.497415524283056, 51.15940144592421 ], [ 71.497403524055315, 51.159213245933209 ], [ 71.4971346, 51.159213 ], [ 71.4970714, 51.1592543 ], [ 71.4970762, 51.1593295 ] ] ], [ [ [ 71.4968069, 51.1596396 ], [ 71.497086124534945, 51.159639646076776 ], [ 71.497061524067718, 51.159253546095236 ], [ 71.496996123898001, 51.15911824612872 ], [ 71.4967041, 51.1591186 ], [ 71.496712, 51.1592432 ], [ 71.4968069, 51.1596396 ] ] ], [ [ [ 71.499014602601903, 51.160094943561155 ], [ 71.499602399803635, 51.159849640256304 ], [ 71.499477097939533, 51.159731540996596 ], [ 71.498614792981996, 51.159463845976646 ], [ 71.4979497, 51.1593961 ], [ 71.4977811, 51.159466499999986 ], [ 71.4983495, 51.1600272 ], [ 71.499014602601903, 51.160094943561155 ] ] ], [ [ [ 71.493597724370659, 51.159809147733725 ], [ 71.4935423, 51.1598035 ], [ 71.4934009, 51.1598569 ], [ 71.4934498, 51.1599044 ], [ 71.49350522448232, 51.159910047775966 ], [ 71.49365002443129, 51.15985494770802 ], [ 71.493597724370659, 51.159809147733725 ] ] ], [ [ [ 71.4938538, 51.1597819 ], [ 71.4936764, 51.1598653 ], [ 71.4937882, 51.1599589 ], [ 71.493843624583619, 51.159964547613988 ], [ 71.494021024502118, 51.159881247531025 ], [ 71.493909224377546, 51.159787547585864 ], [ 71.4938538, 51.1597819 ] ] ], [ [ [ 71.4963308, 51.1596326 ], [ 71.4963076, 51.1600718 ], [ 71.496602325016639, 51.160082346299241 ], [ 71.496625524490668, 51.159643246295893 ], [ 71.4963308, 51.1596326 ] ] ], [ [ [ 71.4952628, 51.1596278 ], [ 71.4950829, 51.1596957 ], [ 71.4956133, 51.1602481 ], [ 71.495668725124361, 51.160253746740487 ], [ 71.495848625061626, 51.160185846656063 ], [ 71.495318224340892, 51.159633446918107 ], [ 71.4952628, 51.1596278 ] ] ], [ [ [ 71.493382, 51.159947099999989 ], [ 71.4931696, 51.160033 ], [ 71.4932727, 51.1601333 ], [ 71.493328124739079, 51.160138947856225 ], [ 71.493540524658144, 51.160053047756662 ], [ 71.493437424526547, 51.159952747807466 ], [ 71.493382, 51.159947099999989 ] ] ], [ [ [ 71.4968991, 51.1599873 ], [ 71.4968924, 51.1600773 ], [ 71.497052425067849, 51.160085446085027 ], [ 71.497056524956974, 51.159992946084678 ], [ 71.4968991, 51.1599873 ] ] ], [ [ [ 71.497302925243289, 51.160209245963642 ], [ 71.497394125241115, 51.160199445920419 ], [ 71.497414325147574, 51.1601199459122 ], [ 71.4971717, 51.1600957 ], [ 71.4971515, 51.1601755 ], [ 71.4972173, 51.1602006 ], [ 71.497302925243289, 51.160209245963642 ] ] ], [ [ [ 71.493060024861791, 51.160264447981618 ], [ 71.4930046, 51.1602588 ], [ 71.4927868, 51.1603441 ], [ 71.4931061, 51.1606647 ], [ 71.493161525360989, 51.160670347926228 ], [ 71.493379325281325, 51.160585047824078 ], [ 71.493060024861791, 51.160264447981618 ] ] ], [ [ [ 71.4975563, 51.1605045 ], [ 71.4974785, 51.160534 ], [ 71.4975442, 51.160597 ], [ 71.497599625748038, 51.160602645815594 ], [ 71.497680125721175, 51.16057324577779 ], [ 71.497611725638009, 51.160510145811443 ], [ 71.4975563, 51.1605045 ] ] ], [ [ [ 71.494316303809995, 51.1610762896374 ], [ 71.494477603572435, 51.161012789334833 ], [ 71.493845699808759, 51.16028639058834 ], [ 71.493624, 51.160263799999989 ], [ 71.4932589, 51.1604076 ], [ 71.4933717, 51.1605202 ], [ 71.4940946, 51.1610537 ], [ 71.494316303809995, 51.1610762896374 ] ] ], [ [ [ 71.4974256, 51.160721299999977 ], [ 71.4972369, 51.1607957 ], [ 71.497091190076944, 51.160874419356169 ], [ 71.497411225799056, 51.160661545904198 ], [ 71.497159625453691, 51.160396646028552 ], [ 71.4971042, 51.160391 ], [ 71.4957052, 51.1609135 ], [ 71.4953186, 51.1614243 ], [ 71.4954252, 51.1615366 ], [ 71.495480626655194, 51.161542246807464 ], [ 71.496717986141064, 51.161076039653366 ], [ 71.4955852, 51.161688 ], [ 71.496106, 51.162207899999984 ], [ 71.496161427535, 51.162213546471762 ], [ 71.498175326792662, 51.16142014552733 ], [ 71.497481025885122, 51.160726945869825 ], [ 71.4974256, 51.160721299999977 ] ] ], [ [ [ 71.497841, 51.1606957 ], [ 71.4991829, 51.1620273 ], [ 71.49923832764236, 51.162032945010772 ], [ 71.499687427476346, 51.161855644800184 ], [ 71.498409225700016, 51.160491745432289 ], [ 71.4983538, 51.1604861 ], [ 71.497841, 51.1606957 ] ] ], [ [ [ 71.4950444, 51.1611914 ], [ 71.4946112, 51.161364399999989 ], [ 71.4947668, 51.16151760000001 ], [ 71.494822226562789, 51.161523247121096 ], [ 71.495255326400454, 51.161350346918027 ], [ 71.495099826199521, 51.161197046994694 ], [ 71.4950444, 51.1611914 ] ] ], [ [ [ 71.4941433, 51.161566 ], [ 71.4942312, 51.1616583 ], [ 71.494286626675589, 51.161663947373491 ], [ 71.49452452659348, 51.161574847261839 ], [ 71.494429226462955, 51.161474747308944 ], [ 71.4943178, 51.1614642 ], [ 71.4942543, 51.161488 ], [ 71.4941433, 51.161566 ] ] ], [ [ [ 71.4932259, 51.1616408 ], [ 71.4931575, 51.1616694 ], [ 71.4932084, 51.1617148 ], [ 71.49326382663557, 51.161720447859196 ], [ 71.493334926610714, 51.161693547825841 ], [ 71.49328132654837, 51.161646447852164 ], [ 71.4932259, 51.1616408 ] ] ], [ [ [ 71.494637226739457, 51.161686247206283 ], [ 71.494578126651859, 51.161618647235585 ], [ 71.4945227, 51.161613 ], [ 71.4943824, 51.16169270000001 ], [ 71.4944204, 51.1617361 ], [ 71.494475826789198, 51.161741747282107 ], [ 71.494637226739457, 51.161686247206283 ] ] ], [ [ [ 71.493879, 51.1616374 ], [ 71.4938146, 51.161661 ], [ 71.4938937, 51.1617375 ], [ 71.493949126735274, 51.161743147532718 ], [ 71.494014826714874, 51.161720447501835 ], [ 71.493934426613265, 51.161643047541453 ], [ 71.493879, 51.1616374 ] ] ], [ [ [ 71.493455526773289, 51.161818047766261 ], [ 71.4934001, 51.1618124 ], [ 71.4933358, 51.1618359 ], [ 71.4933921, 51.1618889 ], [ 71.4934475268645, 51.161894547768739 ], [ 71.493514526844265, 51.16187184773726 ], [ 71.493455526773289, 51.161818047766261 ] ] ], [ [ [ 71.498411527210536, 51.161746645409231 ], [ 71.498213026948761, 51.161546545507171 ], [ 71.4981576, 51.1615409 ], [ 71.49799440000001, 51.16160450000001 ], [ 71.4973157, 51.16199670000001 ], [ 71.497423, 51.1621049 ], [ 71.497478427550035, 51.162110545846872 ], [ 71.498411527210536, 51.161746645409231 ] ] ], [ [ [ 71.4949695, 51.1618485 ], [ 71.494720139002808, 51.161944101536228 ], [ 71.494722254024936, 51.161910894350228 ], [ 71.494577753646126, 51.16176619449282 ], [ 71.4944669, 51.1617549 ], [ 71.4942142, 51.1618542 ], [ 71.4943336, 51.1619738 ], [ 71.494462566862907, 51.162057198739255 ], [ 71.494295, 51.162159 ], [ 71.494411, 51.1622751 ], [ 71.49468813731113, 51.162303336121049 ], [ 71.494876636964719, 51.162229235679035 ], [ 71.495363235803197, 51.161993534541899 ], [ 71.49540533550767, 51.161940734446347 ], [ 71.495354835177125, 51.161890234570905 ], [ 71.4949695, 51.1618485 ] ] ], [ [ [ 71.493273427329598, 51.16229624784458 ], [ 71.493460327262682, 51.162224247756903 ], [ 71.493097726766919, 51.161844147936087 ], [ 71.4930423, 51.1618385 ], [ 71.4928388, 51.1619142 ], [ 71.493218, 51.1622906 ], [ 71.493273427329598, 51.16229624784458 ] ] ], [ [ [ 71.4969326, 51.1620746 ], [ 71.4968223, 51.1621172 ], [ 71.4968925, 51.1621885 ], [ 71.49694792759469, 51.162194146097853 ], [ 71.497058127555022, 51.162151546046147 ], [ 71.496988027461811, 51.162080246080755 ], [ 71.4969326, 51.1620746 ] ] ], [ [ [ 71.494151127334547, 51.162223347428203 ], [ 71.4940957, 51.1622177 ], [ 71.4940317, 51.1622405 ], [ 71.4940865, 51.162302 ], [ 71.494141927435038, 51.162307647431092 ], [ 71.494206927414339, 51.162284747400577 ], [ 71.494151127334547, 51.162223347428203 ] ] ], [ [ [ 71.49054, 51.1626241 ], [ 71.4912229, 51.1629266 ], [ 71.491278327884331, 51.16293224878283 ], [ 71.492259627531837, 51.16255324832251 ], [ 71.491718626812258, 51.162002848589538 ], [ 71.491663200000019, 51.1619972 ], [ 71.4904062, 51.1624881 ], [ 71.49054, 51.1626241 ] ] ], [ [ [ 71.499326279589624, 51.162335550827599 ], [ 71.499116776934912, 51.162133351859929 ], [ 71.4985625, 51.1620769 ], [ 71.497713, 51.162199 ], [ 71.4975242, 51.1622709 ], [ 71.4978736, 51.1626233 ], [ 71.498427882784426, 51.162679755042433 ], [ 71.499326279589624, 51.162335550827599 ] ] ], [ [ [ 71.493740027860298, 51.162696247615543 ], [ 71.493641827732958, 51.162599047663967 ], [ 71.4935864, 51.1625934 ], [ 71.4932293, 51.1627352 ], [ 71.4933275, 51.1628324 ], [ 71.493382927993267, 51.162838047782998 ], [ 71.493740027860298, 51.162696247615543 ] ] ], [ [ [ 71.4954524, 51.1630323 ], [ 71.4955606, 51.1631425 ], [ 71.495726885844888, 51.163159440065435 ], [ 71.496668885520691, 51.162987038729703 ], [ 71.497272284870078, 51.162753937880538 ], [ 71.49735318406448, 51.162523737777136 ], [ 71.497244283629925, 51.162412937938413 ], [ 71.4967347, 51.1623467 ], [ 71.4961316, 51.1625797 ], [ 71.4954524, 51.1630323 ] ] ], [ [ [ 71.494752, 51.1628352 ], [ 71.4946598, 51.1628724 ], [ 71.4947605, 51.1629694 ], [ 71.494815928309492, 51.162975047098712 ], [ 71.494908628275084, 51.162938347055238 ], [ 71.49480742814707, 51.162840847105102 ], [ 71.494752, 51.1628352 ] ] ], [ [ [ 71.495102628667993, 51.163247746957509 ], [ 71.495188128636713, 51.163214246917427 ], [ 71.494944528331004, 51.162981647037405 ], [ 71.4948891, 51.162976 ], [ 71.4948028, 51.1630142 ], [ 71.494930473007628, 51.163116562436336 ], [ 71.495047200000016, 51.1632421 ], [ 71.495102628667993, 51.163247746957509 ] ] ], [ [ [ 71.494801, 51.163498 ], [ 71.494856428950001, 51.163503647070193 ], [ 71.494937628924887, 51.163475647032044 ], [ 71.494770328675031, 51.163282747115026 ], [ 71.4947149, 51.1632771 ], [ 71.4946356, 51.1633044 ], [ 71.4946411, 51.1633365 ], [ 71.494801, 51.163498 ] ] ], [ [ [ 71.493409129057767, 51.163720147755122 ], [ 71.49267002805361, 51.162950748120259 ], [ 71.4926146, 51.1629451 ], [ 71.4919004, 51.1631963 ], [ 71.4926527, 51.1639794 ], [ 71.492708129302571, 51.163985048084079 ], [ 71.493409129057767, 51.163720147755122 ] ] ], [ [ [ 71.494930028998468, 51.163537447034585 ], [ 71.4948746, 51.1635318 ], [ 71.4947763, 51.1635647 ], [ 71.4949379, 51.1637543 ], [ 71.494993329272958, 51.163759947000585 ], [ 71.495091629243632, 51.16372694695437 ], [ 71.494930028998468, 51.163537447034585 ] ] ], [ [ [ 71.49197152946995, 51.16418874843103 ], [ 71.492116329418934, 51.164133648363084 ], [ 71.492219929254006, 51.163987548316349 ], [ 71.491684328531321, 51.163434148580876 ], [ 71.4916289, 51.1634285 ], [ 71.4913, 51.1635537 ], [ 71.4919161, 51.164183099999988 ], [ 71.49197152946995, 51.16418874843103 ] ] ], [ [ [ 71.491502629546801, 51.164293748652327 ], [ 71.491700529475992, 51.164217548559485 ], [ 71.491413529092881, 51.16392444870116 ], [ 71.491302428984838, 51.163844448755441 ], [ 71.491247, 51.1638388 ], [ 71.4911188, 51.1638881 ], [ 71.4911632, 51.1639982 ], [ 71.4914472, 51.1642881 ], [ 71.491502629546801, 51.164293748652327 ] ] ], [ [ [ 71.491800829507525, 51.164234948511442 ], [ 71.4917454, 51.1642293 ], [ 71.4914362, 51.1643563 ], [ 71.4915597, 51.1644746 ], [ 71.49161512978317, 51.164480248595538 ], [ 71.491924329662979, 51.164353248450624 ], [ 71.491800829507525, 51.164234948511442 ] ] ], [ [ [ 71.4919479, 51.1644078 ], [ 71.49182350000001, 51.164455 ], [ 71.4920753, 51.1647159 ], [ 71.492130730128096, 51.164721548345959 ], [ 71.492255130084303, 51.164674248287596 ], [ 71.492003329743781, 51.164413448411977 ], [ 71.4919479, 51.1644078 ] ] ], [ [ [ 71.4913741, 51.164585700000011 ], [ 71.4912639, 51.1646243 ], [ 71.4913372, 51.1647066 ], [ 71.491392630038945, 51.164712248697363 ], [ 71.491502930004131, 51.164673648645547 ], [ 71.491429529897317, 51.164591348681917 ], [ 71.4913741, 51.164585700000011 ] ] ], [ [ [ 71.491581200000013, 51.1647846 ], [ 71.491450200000017, 51.1648391 ], [ 71.4915328, 51.1649171 ], [ 71.491588230312985, 51.164922748600617 ], [ 71.491719130261217, 51.164868248539271 ], [ 71.491636630158609, 51.164790248579891 ], [ 71.491581200000013, 51.1647846 ] ] ], [ [ [ 71.491936, 51.1696194 ], [ 71.4917697, 51.16969 ], [ 71.4920282, 51.1699293 ], [ 71.492083636399585, 51.169934948277358 ], [ 71.492249936332158, 51.169864348199454 ], [ 71.491991436016704, 51.169625048326651 ], [ 71.491936, 51.1696194 ] ] ], [ [ [ 71.4945763, 51.1701614 ], [ 71.494771236958897, 51.17016364699434 ], [ 71.495409636726635, 51.169914746694879 ], [ 71.495189636411752, 51.169672546803817 ], [ 71.4951342, 51.1696669 ], [ 71.4949143, 51.169751 ], [ 71.4944959, 51.1700807 ], [ 71.4945763, 51.1701614 ] ] ], [ [ [ 71.494622938735887, 51.171652347038894 ], [ 71.49523513853984, 51.171435846751329 ], [ 71.494592637127894, 51.170319647076603 ], [ 71.4941494, 51.1702535 ], [ 71.49375160000001, 51.1707605 ], [ 71.493663, 51.1709838 ], [ 71.4945675, 51.1716467 ], [ 71.494622938735887, 51.171652347038894 ] ] ] ] } }
]
}
