{
"type": "FeatureCollection",
"name": "shadows-1200",
"crs": { "type": "name", "properties": { "name": "urn:ogc:def:crs:OGC:1.3:CRS84" } },
"features": [
{ "type": "Feature", "properties": { "time": "2026-06-21T12:00:00+05:00", "altitude_deg": 62.12, "azimuth_deg": 172.2 }, "geometry": { "type": "MultiPolygon", "coordinates": [ [ [ [ 71.445649562733905, 51.152968020843346 ], [ 71.4451164, 51.1529133 ], [ 71.445044214788581, 51.153147139552651 ], [ 71.446503315260429, 51.153312039576925 ], [ 71.446542118112518, 51.153207027993481 ], [ 71.446768092117168, 51.153267537489619 ], [ 71.446959492488418, 51.153289737508693 ], [ 71.4470931, 51.1527951 ], [ 71.445798057004211, 51.152645189600968 ], [ 71.4458222, 51.1525575 ], [ 71.4448266, 51.152445299999982 ], [ 71.444784514726891, 51.152593339549199 ], [ 71.444863014750922, 51.152634239550444 ], [ 71.444971782546361, 51.152646762249098 ], [ 71.444950638054081, 51.152742385451681 ], [ 71.4448523, 51.1527333 ], [ 71.44481734843508, 51.152899985306327 ], [ 71.4447259, 51.1528898 ], [ 71.444664414665411, 51.153112539546328 ], [ 71.444831514719439, 51.153131239549118 ], [ 71.444877404085787, 51.152969419384036 ], [ 71.445071118474431, 51.152987316428799 ], [ 71.445105778986829, 51.152822402648304 ], [ 71.445649562733905, 51.152968020843346 ] ] ], [ [ [ 71.444546814618576, 51.153306139544028 ], [ 71.4445956, 51.1531251 ], [ 71.444531, 51.1531177 ], [ 71.444479914596954, 51.153298139542919 ], [ 71.444546814618576, 51.153306139544028 ] ] ], [ [ [ 71.4445648, 51.1534013 ], [ 71.444556772973016, 51.154015297715851 ], [ 71.444765973316436, 51.154014697733416 ], [ 71.444774, 51.1534007 ], [ 71.4445648, 51.1534013 ] ] ], [ [ [ 71.4442897, 51.1537094 ], [ 71.444286914513413, 51.153773339538894 ], [ 71.444339414530646, 51.153773439539769 ], [ 71.4443422, 51.1537095 ], [ 71.4442897, 51.1537094 ] ] ], [ [ [ 71.4424924, 51.1536651 ], [ 71.44231, 51.1536655 ], [ 71.442281, 51.153686 ], [ 71.442269769225248, 51.153990797523669 ], [ 71.442309169257086, 51.154145097525728 ], [ 71.4424635695039, 51.154175897538465 ], [ 71.443715271558872, 51.154171597643796 ], [ 71.4437261, 51.1537895 ], [ 71.4424924, 51.1536651 ] ] ], [ [ [ 71.4442252, 51.1538923 ], [ 71.444175814469872, 51.153939839536754 ], [ 71.444239514489226, 51.153976139537768 ], [ 71.444288900000018, 51.1539286 ], [ 71.4442252, 51.1538923 ] ] ], [ [ [ 71.4441689, 51.1542118 ], [ 71.444137014440543, 51.154329839535457 ], [ 71.444291714490575, 51.154347239538026 ], [ 71.4443236, 51.1542292 ], [ 71.4441689, 51.1542118 ] ] ], [ [ [ 71.4444531, 51.1544526 ], [ 71.4442878, 51.1544363 ], [ 71.444259514471156, 51.154554839537155 ], [ 71.444424814524751, 51.154571039539903 ], [ 71.4444531, 51.1544526 ] ] ], [ [ [ 71.4440711, 51.1545349 ], [ 71.444033514392828, 51.154653039533194 ], [ 71.444509714546399, 51.154716939541103 ], [ 71.4445473, 51.1545987 ], [ 71.4440711, 51.1545349 ] ] ], [ [ [ 71.4429679, 51.1544532 ], [ 71.442951328060346, 51.154845879029402 ], [ 71.443301128289448, 51.154851779041152 ], [ 71.4434023, 51.1546596 ], [ 71.443405, 51.1546094 ], [ 71.4433358, 51.1544944 ], [ 71.4432687, 51.1544609 ], [ 71.4429679, 51.1544532 ] ] ], [ [ [ 71.4450859, 51.1546832 ], [ 71.4449465, 51.1546671 ], [ 71.444919114678626, 51.154767339547895 ], [ 71.445058514723684, 51.154783339550207 ], [ 71.4450859, 51.1546832 ] ] ], [ [ [ 71.4440631, 51.1547082 ], [ 71.444030814385243, 51.154810839532885 ], [ 71.444172814431013, 51.154829839535239 ], [ 71.4442051, 51.1547273 ], [ 71.4440631, 51.1547082 ] ] ], [ [ [ 71.4449089, 51.1547798 ], [ 71.444881514661503, 51.154880039547081 ], [ 71.445021014706597, 51.1548961395494 ], [ 71.445048400000019, 51.1547959 ], [ 71.4449089, 51.1547798 ] ] ], [ [ [ 71.4441536, 51.1548626 ], [ 71.4440115, 51.1548436 ], [ 71.443979214362528, 51.154946139531795 ], [ 71.444121314408363, 51.154965239534157 ], [ 71.4441536, 51.1548626 ] ] ], [ [ [ 71.4427532, 51.1548736 ], [ 71.442741727912704, 51.154963979021964 ], [ 71.442865727983389, 51.155089979025725 ], [ 71.443056028103427, 51.155147279031929 ], [ 71.443236728221493, 51.155153579038 ], [ 71.443369728313044, 51.155103779042655 ], [ 71.4433889, 51.1549416 ], [ 71.4433242, 51.1548947 ], [ 71.4427532, 51.1548736 ] ] ], [ [ [ 71.4448727, 51.1549203 ], [ 71.444845314643644, 51.155020539546243 ], [ 71.444984714688715, 51.155036539548561 ], [ 71.4450122, 51.1549363 ], [ 71.4448727, 51.1549203 ] ] ], [ [ [ 71.4441093, 51.155014 ], [ 71.4439673, 51.154995 ], [ 71.443935014341605, 51.1550975395308 ], [ 71.444077014387389, 51.155116639533162 ], [ 71.4441093, 51.155014 ] ] ], [ [ [ 71.4439217, 51.1551203 ], [ 71.443889414321291, 51.155222939529843 ], [ 71.444031414367089, 51.155241939532189 ], [ 71.4440637, 51.1551394 ], [ 71.4439217, 51.1551203 ] ] ], [ [ [ 71.4448043, 51.1551179 ], [ 71.444776914612788, 51.155218139544758 ], [ 71.44491631465786, 51.155234239547084 ], [ 71.4449438, 51.155134 ], [ 71.4448043, 51.1551179 ] ] ], [ [ [ 71.4438855, 51.155249 ], [ 71.443853214303928, 51.15535163952903 ], [ 71.443995214349741, 51.155370639531377 ], [ 71.4440275, 51.1552681 ], [ 71.4438855, 51.155249 ] ] ], [ [ [ 71.443145470338678, 51.155512197584883 ], [ 71.4431851, 51.155316 ], [ 71.443137, 51.1552207 ], [ 71.4428776, 51.1552194 ], [ 71.442862969875563, 51.155509897561153 ], [ 71.443145470338678, 51.155512197584883 ] ] ], [ [ [ 71.4447534, 51.155322299999987 ], [ 71.444725914587352, 51.155422539543572 ], [ 71.444865414632474, 51.155438639545892 ], [ 71.4448928, 51.155338399999984 ], [ 71.4447534, 51.155322299999987 ] ] ], [ [ [ 71.4438412, 51.1553752 ], [ 71.443808914284048, 51.155477739528067 ], [ 71.443951014329869, 51.155496839530414 ], [ 71.4439832, 51.1553942 ], [ 71.4438412, 51.1553752 ] ] ], [ [ [ 71.4448499, 51.1554663 ], [ 71.4447105, 51.1554502 ], [ 71.444683014567843, 51.155550439542637 ], [ 71.444822514612923, 51.155566539544949 ], [ 71.4448499, 51.1554663 ] ] ], [ [ [ 71.4438023, 51.1554997 ], [ 71.443770014265965, 51.155602239527198 ], [ 71.4439121143118, 51.155621339529574 ], [ 71.4439444, 51.1555187 ], [ 71.4438023, 51.1554997 ] ] ], [ [ [ 71.4446568, 51.1556226 ], [ 71.444629414542916, 51.155722839541454 ], [ 71.444768814587988, 51.155738939543788 ], [ 71.4447963, 51.1556387 ], [ 71.4446568, 51.1556226 ] ] ], [ [ [ 71.4438894, 51.1556786 ], [ 71.4437473, 51.1556595 ], [ 71.443715114241158, 51.155762039526017 ], [ 71.443857114286956, 51.155781139528372 ], [ 71.4438894, 51.1556786 ] ] ], [ [ [ 71.4450779, 51.1557034 ], [ 71.445050514677689, 51.155803639548402 ], [ 71.445189914722761, 51.155819639550728 ], [ 71.4452174, 51.1557195 ], [ 71.4450779, 51.1557034 ] ] ], [ [ [ 71.4437071, 51.1557832 ], [ 71.443674814222661, 51.155885739525147 ], [ 71.443816814268473, 51.1559047395275 ], [ 71.4438491, 51.1558022 ], [ 71.4437071, 51.1557832 ] ] ], [ [ [ 71.4426625, 51.155736299999987 ], [ 71.442649827750387, 51.15616267901494 ], [ 71.442709027789206, 51.156163179016943 ], [ 71.442861327893183, 51.15611617902222 ], [ 71.443226228158935, 51.155808079035509 ], [ 71.443256028182617, 51.155759479036661 ], [ 71.443262, 51.155677399999988 ], [ 71.4427357, 51.1556734 ], [ 71.4426625, 51.155736299999987 ] ] ], [ [ [ 71.4450363, 51.155822 ], [ 71.445008914658999, 51.155922239547522 ], [ 71.445148414704093, 51.155938239549833 ], [ 71.4451758, 51.1558381 ], [ 71.4450363, 51.155822 ] ] ], [ [ [ 71.4445777, 51.1558741 ], [ 71.444550314506259, 51.155974339539725 ], [ 71.44468971455133, 51.155990439542038 ], [ 71.4447171, 51.1558902 ], [ 71.4445777, 51.1558741 ] ] ], [ [ [ 71.443710200000012, 51.1559375 ], [ 71.4436406, 51.1559483 ], [ 71.443638114207317, 51.155963439524392 ], [ 71.443692414219285, 51.156101039525076 ], [ 71.44376201424258, 51.156090239526264 ], [ 71.4437645, 51.1560751 ], [ 71.443710200000012, 51.1559375 ] ] ], [ [ [ 71.4445227, 51.1561034 ], [ 71.444495314478459, 51.156203539538424 ], [ 71.444634714523531, 51.156219639540751 ], [ 71.4446621, 51.1561194 ], [ 71.4445227, 51.1561034 ] ] ], [ [ [ 71.443954, 51.1561929 ], [ 71.4437538, 51.156225 ], [ 71.443798314243224, 51.156355339526442 ], [ 71.443998414310258, 51.156323339529862 ], [ 71.443954, 51.1561929 ] ] ], [ [ [ 71.442335968642141, 51.157242097502625 ], [ 71.442355683749497, 51.156535707105256 ], [ 71.442890169701812, 51.156536397555023 ], [ 71.4429031, 51.1563259 ], [ 71.4423612, 51.1563252 ], [ 71.442348274125834, 51.156534265141914 ], [ 71.4421853, 51.156533499999988 ], [ 71.442165468362489, 51.157241397488299 ], [ 71.442335968642141, 51.157242097502625 ] ] ], [ [ [ 71.44349037067883, 51.156574097605201 ], [ 71.443507, 51.1563422 ], [ 71.443017, 51.156337 ], [ 71.443001569887031, 51.156525197564477 ], [ 71.44330707037841, 51.156572197589817 ], [ 71.44349037067883, 51.156574097605201 ] ] ], [ [ [ 71.44463, 51.156371 ], [ 71.4445221, 51.1564249 ], [ 71.444519614476377, 51.156440039538438 ], [ 71.444607914502384, 51.156509639539813 ], [ 71.444715814540103, 51.15645573954172 ], [ 71.4447183, 51.156440599999989 ], [ 71.44463, 51.156371 ] ] ], [ [ [ 71.4448473, 51.1565178 ], [ 71.4447393, 51.1565717 ], [ 71.444736814541429, 51.156586839541866 ], [ 71.444825114567436, 51.156656439543234 ], [ 71.444933114605178, 51.156602539545126 ], [ 71.4449356, 51.1565874 ], [ 71.4448473, 51.1565178 ] ] ], [ [ [ 71.4450636, 51.1566879 ], [ 71.4449753, 51.156618299999984 ], [ 71.4448674, 51.156672199999988 ], [ 71.444864914579199, 51.156687339543829 ], [ 71.444953214605206, 51.156756939545218 ], [ 71.44506111464294, 51.156703039547125 ], [ 71.4450636, 51.1566879 ] ] ], [ [ [ 71.443968928560793, 51.156815179057197 ], [ 71.444034128600492, 51.156851579059271 ], [ 71.444229428731106, 51.156823379065912 ], [ 71.4441712, 51.1566212 ], [ 71.4439721, 51.1566499 ], [ 71.443942628549635, 51.156743379056536 ], [ 71.443968928560793, 51.156815179057197 ] ] ], [ [ [ 71.4451034, 51.1567353 ], [ 71.4449955, 51.1567891 ], [ 71.444993014616273, 51.156804239545806 ], [ 71.445081314642295, 51.156873839547181 ], [ 71.445189214679999, 51.156819939549088 ], [ 71.4451917, 51.1568048 ], [ 71.4451034, 51.1567353 ] ] ], [ [ [ 71.4434828, 51.1567755 ], [ 71.443472414110488, 51.156961039519977 ], [ 71.443564514140647, 51.156962739521525 ], [ 71.4435749, 51.156777200000015 ], [ 71.4434828, 51.1567755 ] ] ], [ [ [ 71.4433158, 51.15659260000001 ], [ 71.44327177016909, 51.157283797581016 ], [ 71.443442670448817, 51.15728729759536 ], [ 71.4434867, 51.156596 ], [ 71.4433158, 51.15659260000001 ] ] ], [ [ [ 71.444875, 51.1567978 ], [ 71.4445263, 51.156961 ], [ 71.444523814454968, 51.15697613953764 ], [ 71.444641814490382, 51.15705353953949 ], [ 71.444977114606104, 51.156920639545355 ], [ 71.444875, 51.1567978 ] ] ], [ [ [ 71.444411214416846, 51.157003039535695 ], [ 71.4443664, 51.156860599999987 ], [ 71.4442636, 51.1568296 ], [ 71.4440091, 51.156868 ], [ 71.444087914307474, 51.157079339530142 ], [ 71.444411214416846, 51.157003039535695 ] ] ], [ [ [ 71.4434747, 51.156989 ], [ 71.443467014102168, 51.15711493951963 ], [ 71.443563014133616, 51.157116739521243 ], [ 71.4435707, 51.1569907 ], [ 71.4434747, 51.156989 ] ] ], [ [ [ 71.4423636, 51.1571757 ], [ 71.442346168631957, 51.157368697502449 ], [ 71.442909469554436, 51.157378097549746 ], [ 71.4429269, 51.1571851 ], [ 71.4423636, 51.1571757 ] ] ], [ [ [ 71.443951, 51.1572997 ], [ 71.4438749, 51.1572188 ], [ 71.4438377, 51.1572326 ], [ 71.443911314238917, 51.157328639526753 ], [ 71.443951, 51.1572997 ] ] ], [ [ [ 71.4443773, 51.1572395 ], [ 71.4442581, 51.1572844 ], [ 71.444327314373524, 51.15737443953369 ], [ 71.444446514414565, 51.157329439535751 ], [ 71.4443773, 51.1572395 ] ] ], [ [ [ 71.443782214195025, 51.157363939524522 ], [ 71.4437002, 51.1572596 ], [ 71.44353605072088, 51.157331362469435 ], [ 71.4435215, 51.157316 ], [ 71.4431822, 51.1574425 ], [ 71.443472014076107, 51.157766039518656 ], [ 71.44362711412947, 51.157708239521348 ], [ 71.443618494895276, 51.15742294134143 ], [ 71.443782214195025, 51.157363939524522 ] ] ], [ [ [ 71.4447009, 51.157626 ], [ 71.4445812, 51.1576708 ], [ 71.444651914463549, 51.157762839538506 ], [ 71.444771614504745, 51.157717939540582 ], [ 71.4447009, 51.157626 ] ] ], [ [ [ 71.44112281329852, 51.157918239478853 ], [ 71.443063513935272, 51.157924839511516 ], [ 71.4430671, 51.1577886 ], [ 71.442956877068639, 51.157788220353289 ], [ 71.4429591, 51.1576744 ], [ 71.4412096, 51.1576659 ], [ 71.441196679504046, 51.157782143526198 ], [ 71.4411263, 51.1577819 ], [ 71.44112281329852, 51.157918239478853 ] ] ], [ [ [ 71.443326426238244, 51.157946755645526 ], [ 71.443361326365164, 51.157884555651719 ], [ 71.4433837, 51.157748299999987 ], [ 71.4432415, 51.1575977 ], [ 71.4431195, 51.1576246 ], [ 71.443097125632022, 51.157760855613539 ], [ 71.443156125721941, 51.157981255619212 ], [ 71.443326426238244, 51.157946755645526 ] ] ], [ [ [ 71.4435827, 51.1578869 ], [ 71.443581114103651, 51.157960539520175 ], [ 71.44379261417312, 51.157959339523721 ], [ 71.4437943, 51.1578857 ], [ 71.4435827, 51.1578869 ] ] ], [ [ [ 71.4425638, 51.1579349 ], [ 71.442561113768562, 51.157966939502998 ], [ 71.442589713777963, 51.157967139503491 ], [ 71.4425924, 51.157935 ], [ 71.4425638, 51.1579349 ] ] ], [ [ [ 71.4421195, 51.1582253 ], [ 71.4420474, 51.158222 ], [ 71.442039713583981, 51.158282339493702 ], [ 71.442111713607488, 51.158285639494913 ], [ 71.4421195, 51.1582253 ] ] ], [ [ [ 71.4424777, 51.1594872 ], [ 71.442294913596854, 51.159948539495261 ], [ 71.442555113680115, 51.15999903949956 ], [ 71.443064713862867, 51.159635739508722 ], [ 71.4431611, 51.159457399999987 ], [ 71.4428394710867, 51.15938461794498 ], [ 71.444162471342338, 51.158640497644832 ], [ 71.4441749, 51.1585648 ], [ 71.4440611, 51.1584852 ], [ 71.4426944, 51.1592539 ], [ 71.442681968765811, 51.159329597514656 ], [ 71.442722922735825, 51.159358243706649 ], [ 71.4425716, 51.159324 ], [ 71.4424777, 51.1594872 ] ] ], [ [ [ 71.4452344, 51.15902 ], [ 71.4450896, 51.159046899999986 ], [ 71.445121914559422, 51.159135839544142 ], [ 71.445266814608146, 51.159108939546641 ], [ 71.4452344, 51.15902 ] ] ], [ [ [ 71.4449582, 51.1596262 ], [ 71.4445015, 51.1585204 ], [ 71.4443457, 51.1585457 ], [ 71.444333271626746, 51.158621397659346 ], [ 71.444789972141152, 51.159727197688689 ], [ 71.444945772402235, 51.159701897702 ], [ 71.4449582, 51.1596262 ] ] ], [ [ [ 71.444231371240463, 51.159651197642347 ], [ 71.444294500000012, 51.1594621 ], [ 71.4433469, 51.1593001 ], [ 71.443286, 51.159407 ], [ 71.443273569704232, 51.159482697563149 ], [ 71.444133752830325, 51.15963402465929 ], [ 71.4434213, 51.159552 ], [ 71.443271113911052, 51.160095239511456 ], [ 71.444030214157195, 51.160166939524103 ], [ 71.444179948253904, 51.159642151347462 ], [ 71.444231371240463, 51.159651197642347 ] ] ], [ [ [ 71.4444351, 51.1594137 ], [ 71.444408114309653, 51.159499439531558 ], [ 71.444531514349435, 51.15951633953361 ], [ 71.4445585, 51.1594305 ], [ 71.4444351, 51.1594137 ] ] ], [ [ [ 71.4442809, 51.1597654 ], [ 71.444189728428015, 51.160079579053942 ], [ 71.444773928805645, 51.160149279073345 ], [ 71.4448651, 51.159835200000011 ], [ 71.4442809, 51.1597654 ] ] ], [ [ [ 71.445109514510904, 51.160180739542234 ], [ 71.4450879, 51.1601227 ], [ 71.4447965, 51.16018720000001 ], [ 71.444794014406426, 51.160202339536902 ], [ 71.444818114412499, 51.160245239537232 ], [ 71.445109514510904, 51.160180739542234 ] ] ], [ [ [ 71.441537686408907, 51.160954852738271 ], [ 71.441815288294364, 51.159931952827158 ], [ 71.4418501, 51.15972 ], [ 71.4415694, 51.1597695 ], [ 71.4407389, 51.1604876 ], [ 71.4406939, 51.1606431 ], [ 71.440659082430443, 51.160855052533485 ], [ 71.441537686408907, 51.160954852738271 ] ] ], [ [ [ 71.443887914095725, 51.160513839521144 ], [ 71.4439606, 51.160223599999988 ], [ 71.4437772, 51.16020120000001 ], [ 71.4432857, 51.1602091 ], [ 71.443224213880711, 51.160446639510099 ], [ 71.443887914095725, 51.160513839521144 ] ] ], [ [ [ 71.4440221, 51.16029850000001 ], [ 71.443858614068859, 51.160919139519983 ], [ 71.44403031412466, 51.160932639522855 ], [ 71.444183, 51.1603153 ], [ 71.4440221, 51.16029850000001 ] ] ], [ [ [ 71.4428987, 51.1605158 ], [ 71.442824313734036, 51.160808339502772 ], [ 71.443051213807522, 51.160831539506553 ], [ 71.4431256, 51.160539 ], [ 71.4428987, 51.1605158 ] ] ], [ [ [ 71.443635313995031, 51.160931639516221 ], [ 71.443656640357659, 51.160855771123792 ], [ 71.443779814045143, 51.160868539518738 ], [ 71.4438619, 51.1605505 ], [ 71.4436844, 51.1605321 ], [ 71.44360350287333, 51.160842899346285 ], [ 71.4434508, 51.1608283 ], [ 71.443431313928883, 51.160912039512802 ], [ 71.443635313995031, 51.160931639516221 ] ] ], [ [ [ 71.4422017, 51.1603551 ], [ 71.44192341342513, 51.161117539487094 ], [ 71.442026413456432, 51.16117633948874 ], [ 71.442126113488698, 51.161187439490405 ], [ 71.442720313685001, 51.161158339500439 ], [ 71.442847213727603, 51.161135939502614 ], [ 71.4428743, 51.16104150000001 ], [ 71.4423622, 51.1603732 ], [ 71.4422017, 51.1603551 ] ] ], [ [ [ 71.4452033, 51.1603967 ], [ 71.444983, 51.1604355 ], [ 71.444970572270819, 51.160511197697453 ], [ 71.445334672700142, 51.161302697721609 ], [ 71.445549773059568, 51.161272797739933 ], [ 71.4455622, 51.1611971 ], [ 71.4452033, 51.1603967 ] ] ], [ [ [ 71.444537, 51.1606559 ], [ 71.444432614250545, 51.16107813952938 ], [ 71.444604314305892, 51.161101639532234 ], [ 71.4447033, 51.160666 ], [ 71.444537, 51.1606559 ] ] ], [ [ [ 71.443048, 51.1610374 ], [ 71.443014213780472, 51.161182039505356 ], [ 71.443664813991433, 51.161243739516195 ], [ 71.4437331, 51.1609584 ], [ 71.4435425, 51.16094 ], [ 71.4435079, 51.1610806 ], [ 71.443048, 51.1610374 ] ] ], [ [ [ 71.4443989, 51.1611905 ], [ 71.4440897, 51.160949 ], [ 71.4438205, 51.160925 ], [ 71.443743014016007, 51.16126953951747 ], [ 71.444369114219157, 51.161325539527908 ], [ 71.4443989, 51.1611905 ] ] ], [ [ [ 71.4449582, 51.1612578 ], [ 71.4446573, 51.1612191 ], [ 71.444611914297184, 51.161365439531927 ], [ 71.444912814394314, 51.161404139536927 ], [ 71.4449582, 51.1612578 ] ] ], [ [ [ 71.4454331, 51.1613242 ], [ 71.4450986, 51.1612829 ], [ 71.445058114441224, 51.161422539539345 ], [ 71.445388814548011, 51.161464339544835 ], [ 71.4454331, 51.1613242 ] ] ], [ [ [ 71.4426718, 51.1614339 ], [ 71.442618813631853, 51.161623839497977 ], [ 71.442760613677677, 51.161640939500344 ], [ 71.442814, 51.1614491 ], [ 71.4426718, 51.1614339 ] ] ], [ [ [ 71.4430622, 51.1614737 ], [ 71.443008713757735, 51.161673739504458 ], [ 71.443121913794386, 51.16168583950634 ], [ 71.4431772, 51.1614874 ], [ 71.4430622, 51.1614737 ] ] ], [ [ [ 71.443260913840632, 51.161671439508694 ], [ 71.443318913857041, 51.161733139509593 ], [ 71.443414913888063, 51.161745039511167 ], [ 71.443442200000021, 51.1616508 ], [ 71.4434245, 51.1615587 ], [ 71.4433611, 51.1615509 ], [ 71.4432893, 51.1615736 ], [ 71.443260913840632, 51.161671439508694 ] ] ], [ [ [ 71.4436224, 51.1617352 ], [ 71.443592213941898, 51.161847739513988 ], [ 71.443816814014554, 51.16187283951772 ], [ 71.4438945, 51.1616103 ], [ 71.4436841, 51.1615846 ], [ 71.443649513966719, 51.161706339515177 ], [ 71.443763677031839, 51.161750981333284 ], [ 71.4436224, 51.1617352 ] ] ], [ [ [ 71.444175614136796, 51.161768339523931 ], [ 71.4442226, 51.1616003 ], [ 71.4441831, 51.1615955 ], [ 71.4441247, 51.1616071 ], [ 71.444080114105915, 51.161757239522338 ], [ 71.444175614136796, 51.161768339523931 ] ] ], [ [ [ 71.4445246, 51.1617126 ], [ 71.4444014, 51.1616969 ], [ 71.444357714193586, 51.161838639526863 ], [ 71.444480914233353, 51.161854439528916 ], [ 71.4445246, 51.1617126 ] ] ], [ [ [ 71.4446134, 51.1617236 ], [ 71.444574814263191, 51.16187793953047 ], [ 71.444690114300542, 51.161889739532377 ], [ 71.4447288, 51.1617354 ], [ 71.4446134, 51.1617236 ] ] ], [ [ [ 71.4449487, 51.1617419 ], [ 71.4448414, 51.1617217 ], [ 71.444769314326848, 51.161882339533747 ], [ 71.444876614361206, 51.161902539535504 ], [ 71.4449487, 51.1617419 ] ] ], [ [ [ 71.4450165, 51.1617556 ], [ 71.444977414394685, 51.161893939537229 ], [ 71.445092814432002, 51.161907339539141 ], [ 71.4451318, 51.1617691 ], [ 71.4450165, 51.1617556 ] ] ], [ [ [ 71.4443204, 51.1618465 ], [ 71.4442853, 51.1618137 ], [ 71.4441285, 51.161798099999984 ], [ 71.444098014105222, 51.161911639522387 ], [ 71.444296414169429, 51.161933839525695 ], [ 71.4443204, 51.1618465 ] ] ], [ [ [ 71.4453486, 51.1617912 ], [ 71.4451939, 51.1617714 ], [ 71.445154814452707, 51.161899039540188 ], [ 71.445309514502654, 51.161918739542756 ], [ 71.4453486, 51.1617912 ] ] ], [ [ [ 71.4454056, 51.161780899999989 ], [ 71.445364014520635, 51.161916739543678 ], [ 71.445486214560091, 51.161932239545713 ], [ 71.4455278, 51.1617964 ], [ 71.4454056, 51.161780899999989 ] ] ], [ [ [ 71.442005313394304, 51.162473039486258 ], [ 71.4420346, 51.1623593 ], [ 71.441930070689509, 51.162348129758158 ], [ 71.442212764642179, 51.161879205821023 ], [ 71.4422778, 51.161561599999985 ], [ 71.4421829, 51.161536299999987 ], [ 71.4419426, 51.1615255 ], [ 71.4418903, 51.1615498 ], [ 71.4417673, 51.1618521 ], [ 71.441673462088986, 51.162289805693042 ], [ 71.441690562122972, 51.162360805695307 ], [ 71.441820469955999, 51.162374769537408 ], [ 71.44180131332827, 51.162451239482863 ], [ 71.442005313394304, 51.162473039486258 ] ] ], [ [ [ 71.4435658, 51.1618653 ], [ 71.443535613917774, 51.161977839512822 ], [ 71.44376021399043, 51.162002939516569 ], [ 71.4437905, 51.1618904 ], [ 71.4435658, 51.1618653 ] ] ], [ [ [ 71.4440975, 51.1619325 ], [ 71.444075114092811, 51.162026539521811 ], [ 71.444255614151302, 51.16204443952482 ], [ 71.4442781, 51.1619504 ], [ 71.4440975, 51.1619325 ] ] ], [ [ [ 71.4434421, 51.1620137 ], [ 71.443422113875386, 51.162098239510712 ], [ 71.443727213974256, 51.162128639515785 ], [ 71.4437473, 51.162044 ], [ 71.4434421, 51.1620137 ] ] ], [ [ [ 71.4440722, 51.1620544 ], [ 71.444039114075167, 51.162163539521003 ], [ 71.444209214130098, 51.162185339523816 ], [ 71.4442423, 51.1620761 ], [ 71.4440722, 51.1620544 ] ] ], [ [ [ 71.442658, 51.1621073 ], [ 71.4425133, 51.1620929 ], [ 71.442470113555586, 51.162268839494402 ], [ 71.442614813602475, 51.16228323949683 ], [ 71.442658, 51.1621073 ] ] ], [ [ [ 71.4434529, 51.1621279 ], [ 71.443432313873799, 51.162214439510706 ], [ 71.443706113962506, 51.162241639515251 ], [ 71.4437266, 51.1621552 ], [ 71.4434529, 51.1621279 ] ] ], [ [ [ 71.4427655, 51.1621668 ], [ 71.442736413642237, 51.162287039498864 ], [ 71.442834013673874, 51.162296839500492 ], [ 71.4428631, 51.1621765 ], [ 71.4427655, 51.1621668 ] ] ], [ [ [ 71.4430759, 51.162198 ], [ 71.4429582, 51.1621863 ], [ 71.442929313704767, 51.16230593950209 ], [ 71.443047013742913, 51.162317639504046 ], [ 71.4430759, 51.162198 ] ] ], [ [ [ 71.4440296, 51.1621865 ], [ 71.444003614058516, 51.162280839520214 ], [ 71.444183314116628, 51.162301839523181 ], [ 71.444209300000011, 51.1622076 ], [ 71.4440296, 51.1621865 ] ] ], [ [ [ 71.4431935, 51.1622207 ], [ 71.443164713781101, 51.162328239506017 ], [ 71.443312313828841, 51.162344739508455 ], [ 71.4433411, 51.1622372 ], [ 71.4431935, 51.1622207 ] ] ], [ [ [ 71.4436973, 51.162285 ], [ 71.4434299, 51.1622577 ], [ 71.44340341385788, 51.162365439509969 ], [ 71.44367091394453, 51.162392639514408 ], [ 71.4436973, 51.162285 ] ] ], [ [ [ 71.4440153, 51.1623015 ], [ 71.443985914046664, 51.162422939519672 ], [ 71.444245514130898, 51.162446039523985 ], [ 71.4442748, 51.162332 ], [ 71.4440153, 51.1623015 ] ] ], [ [ [ 71.4421306, 51.1623712 ], [ 71.442101313425312, 51.162484939487854 ], [ 71.442305313491346, 51.162506739491249 ], [ 71.4423346, 51.162393 ], [ 71.4421306, 51.1623712 ] ] ], [ [ [ 71.4444095, 51.1623364 ], [ 71.444366514169346, 51.16247603952597 ], [ 71.444483014206966, 51.16249093952792 ], [ 71.444526, 51.1623514 ], [ 71.4444095, 51.1623364 ] ] ], [ [ [ 71.4425769, 51.1623984 ], [ 71.442543613569356, 51.16251223949525 ], [ 71.442686113615579, 51.162525539497636 ], [ 71.4427221, 51.1624159 ], [ 71.4425769, 51.1623984 ] ] ], [ [ [ 71.4453975, 51.1623526 ], [ 71.445377314502821, 51.162437939543032 ], [ 71.445564514563486, 51.162456639546157 ], [ 71.4455848, 51.1623712 ], [ 71.4453975, 51.1623526 ] ] ], [ [ [ 71.4447526, 51.1623635 ], [ 71.4445788, 51.1623462 ], [ 71.444542614226378, 51.162494439528913 ], [ 71.444716414282695, 51.162511739531809 ], [ 71.4447526, 51.1623635 ] ] ], [ [ [ 71.4428064, 51.1624159 ], [ 71.442768413642057, 51.162538439498995 ], [ 71.442910513687906, 51.162556939501357 ], [ 71.4429486, 51.1624344 ], [ 71.4428064, 51.1624159 ] ] ], [ [ [ 71.444960800000018, 51.162391 ], [ 71.444923414349432, 51.162540839535254 ], [ 71.445087114402469, 51.162557539537993 ], [ 71.4451245, 51.1624076 ], [ 71.444960800000018, 51.162391 ] ] ], [ [ [ 71.443155, 51.1624683 ], [ 71.4430128, 51.16245150000001 ], [ 71.442977913709299, 51.16257433950247 ], [ 71.443120013755234, 51.162591139504826 ], [ 71.443155, 51.1624683 ] ] ], [ [ [ 71.4432513, 51.1624824 ], [ 71.443225913789931, 51.162592439506618 ], [ 71.443373613837807, 51.162607039509062 ], [ 71.4433975, 51.1624944 ], [ 71.4432513, 51.1624824 ] ] ], [ [ [ 71.4434699, 51.1625041 ], [ 71.443443413860379, 51.162615239510224 ], [ 71.4435850139064, 51.1626264395126 ], [ 71.443617, 51.1625239 ], [ 71.4434699, 51.1625041 ] ] ], [ [ [ 71.4455661, 51.1625082 ], [ 71.4453844, 51.1624849 ], [ 71.445360514491881, 51.162565639542571 ], [ 71.445542314550565, 51.162588939545579 ], [ 71.4455661, 51.1625082 ] ] ], [ [ [ 71.4434396, 51.1626338 ], [ 71.443415213845952, 51.162736539509545 ], [ 71.443561713893217, 51.162756339511994 ], [ 71.4435861, 51.1626484 ], [ 71.4434396, 51.1626338 ] ] ], [ [ [ 71.4423492, 51.16270440000001 ], [ 71.44233071348647, 51.162817039491181 ], [ 71.442573713565508, 51.162834539495229 ], [ 71.4425954, 51.1627208 ], [ 71.4423492, 51.16270440000001 ] ] ], [ [ [ 71.443478613861345, 51.162864139510418 ], [ 71.4434971, 51.1627928 ], [ 71.443233600000013, 51.1627601 ], [ 71.443223713780299, 51.162801939506238 ], [ 71.443257813790041, 51.162836439506741 ], [ 71.443478613861345, 51.162864139510418 ] ] ], [ [ [ 71.442740913610209, 51.163073839497656 ], [ 71.4428109, 51.1628003 ], [ 71.4426474, 51.1627832 ], [ 71.442597313566878, 51.16298483949538 ], [ 71.442622213571809, 51.163060839495671 ], [ 71.442740913610209, 51.163073839497656 ] ] ], [ [ [ 71.4425789, 51.1629679 ], [ 71.4425446, 51.1629161 ], [ 71.4423413, 51.1629035 ], [ 71.442322213475094, 51.163018939490691 ], [ 71.442566313554565, 51.16303503949478 ], [ 71.4425789, 51.1629679 ] ] ], [ [ [ 71.443780207977298, 51.163197679885926 ], [ 71.444252908402504, 51.163291979907868 ], [ 71.445062709141538, 51.163364779945852 ], [ 71.4452371, 51.1627308 ], [ 71.4438389, 51.1625833 ], [ 71.443685607893755, 51.16316587988161 ], [ 71.443780207977298, 51.163197679885926 ] ] ], [ [ [ 71.4421752, 51.1632103 ], [ 71.4417966, 51.1631851 ], [ 71.441758339824275, 51.163410718441895 ], [ 71.442136140193085, 51.163436518460841 ], [ 71.4421752, 51.1632103 ] ] ], [ [ [ 71.443393313810162, 51.163409039508082 ], [ 71.4434339, 51.1632603 ], [ 71.4432921, 51.1632435 ], [ 71.4431955, 51.1632951 ], [ 71.443171513738406, 51.163383539504402 ], [ 71.443393313810162, 51.163409039508082 ] ] ], [ [ [ 71.442823313625865, 51.163341739498605 ], [ 71.442902713648891, 51.163413739499823 ], [ 71.4430244136867, 51.163463939501781 ], [ 71.443115413716342, 51.163469339503322 ], [ 71.4431514, 51.1632371 ], [ 71.4429238, 51.1632216 ], [ 71.4428387, 51.1632398 ], [ 71.442823313625865, 51.163341739498605 ] ] ], [ [ [ 71.442437605245729, 51.163652884006098 ], [ 71.4425088, 51.1632313 ], [ 71.4422336, 51.1632128 ], [ 71.442162504630176, 51.163634483974484 ], [ 71.442292404913559, 51.163667983989136 ], [ 71.442437605245729, 51.163652884006098 ] ] ], [ [ [ 71.443429952888764, 51.164536154802214 ], [ 71.443474153101079, 51.164557854813268 ], [ 71.443549453481666, 51.164566454832858 ], [ 71.444454158057979, 51.164663955068185 ], [ 71.444511558358371, 51.164655055083486 ], [ 71.444653359235218, 51.164430355126527 ], [ 71.444802660356515, 51.163895755179439 ], [ 71.4448415, 51.1636592 ], [ 71.4448341, 51.16341 ], [ 71.4447793, 51.1633901 ], [ 71.4442362, 51.1633302 ], [ 71.4440678, 51.1633315 ], [ 71.4438329, 51.1633088 ], [ 71.443790584845203, 51.163493348786687 ], [ 71.443945540109539, 51.16350832322793 ], [ 71.4434826, 51.1641908 ], [ 71.443429952888764, 51.164536154802214 ] ] ], [ [ [ 71.4425854, 51.163235 ], [ 71.442517344601484, 51.163650166373777 ], [ 71.44273824493861, 51.163664366391082 ], [ 71.4428062, 51.1632492 ], [ 71.4425854, 51.163235 ] ] ], [ [ [ 71.4454821, 51.1634461 ], [ 71.445378, 51.163434 ], [ 71.445350914447488, 51.163535039540811 ], [ 71.445460414482923, 51.163547039542635 ], [ 71.4454821, 51.1634461 ] ] ], [ [ [ 71.4430696, 51.1636534 ], [ 71.443048313681885, 51.163761039501701 ], [ 71.443214313735822, 51.163774339504464 ], [ 71.4432356, 51.1636666 ], [ 71.4430696, 51.1636534 ] ] ], [ [ [ 71.442334413442552, 51.163877539489498 ], [ 71.442443813478917, 51.163867039491343 ], [ 71.442466, 51.1637556 ], [ 71.4421042, 51.1637264 ], [ 71.442082713361742, 51.163834239485332 ], [ 71.44216351338703, 51.163863739486651 ], [ 71.442334413442552, 51.163877539489498 ] ] ], [ [ [ 71.4430059, 51.1638054 ], [ 71.442988113655829, 51.163908939500452 ], [ 71.443159113711474, 51.163920539503302 ], [ 71.4431768, 51.163817 ], [ 71.4430059, 51.1638054 ] ] ], [ [ [ 71.4432421, 51.1640563 ], [ 71.443224969116656, 51.164123393285067 ], [ 71.443282669134163, 51.164129693285979 ], [ 71.4432998, 51.1640627 ], [ 71.4432421, 51.1640563 ] ] ], [ [ [ 71.4432046, 51.164188899999985 ], [ 71.443188969100405, 51.164252793284312 ], [ 71.443249269118709, 51.164259193285247 ], [ 71.4432649, 51.1641953 ], [ 71.4432046, 51.164188899999985 ] ] ], [ [ [ 71.442781813541615, 51.165000939495187 ], [ 71.4429022, 51.16459960000001 ], [ 71.4413416, 51.1644357 ], [ 71.441236913043269, 51.164792339469528 ], [ 71.441636413171395, 51.164863639476124 ], [ 71.442781813541615, 51.165000939495187 ] ] ], [ [ [ 71.4438831, 51.164829 ], [ 71.443819913880986, 51.165035339512599 ], [ 71.44432161404319, 51.165094639520952 ], [ 71.4443847, 51.1648969 ], [ 71.4443206, 51.1648735 ], [ 71.4439532, 51.1648252 ], [ 71.4438831, 51.164829 ] ] ], [ [ [ 71.4439198, 51.1650526 ], [ 71.4437887, 51.165038 ], [ 71.443771513862316, 51.165100739511679 ], [ 71.443901313904306, 51.165115339513839 ], [ 71.4439198, 51.1650526 ] ] ], [ [ [ 71.4427255, 51.1651046 ], [ 71.44270091350667, 51.165197639493506 ], [ 71.442856713557092, 51.165214939496082 ], [ 71.4428813, 51.165122 ], [ 71.4427255, 51.1651046 ] ] ], [ [ [ 71.4433026, 51.164846700000012 ], [ 71.443134245196504, 51.165426166408793 ], [ 71.443165045237805, 51.165456666410989 ], [ 71.443333845493811, 51.165475766424173 ], [ 71.443374545561312, 51.165451366427554 ], [ 71.44356024592291, 51.165071466445113 ], [ 71.4436063, 51.1648832 ], [ 71.4434143, 51.1648416 ], [ 71.4433026, 51.164846700000012 ] ] ], [ [ [ 71.444719414153354, 51.165575139526851 ], [ 71.4448347, 51.1651451 ], [ 71.4446925, 51.1651282 ], [ 71.443727, 51.1653772 ], [ 71.44370491382449, 51.165475239509931 ], [ 71.444719414153354, 51.165575139526851 ] ] ], [ [ [ 71.4430979, 51.1654661 ], [ 71.443073913613702, 51.16556033949918 ], [ 71.443256013672681, 51.165579739502213 ], [ 71.44328, 51.1654856 ], [ 71.4430979, 51.1654661 ] ] ], [ [ [ 71.4434506, 51.165525 ], [ 71.443426013726864, 51.165618039505041 ], [ 71.443584213778053, 51.165635639507641 ], [ 71.4436088, 51.165542599999988 ], [ 71.4434506, 51.165525 ] ] ], [ [ [ 71.443948, 51.1655709 ], [ 71.443920813886947, 51.165673539513257 ], [ 71.444063313933086, 51.165689339515623 ], [ 71.4440905, 51.1655867 ], [ 71.443948, 51.1655709 ] ] ], [ [ [ 71.4441711, 51.16559860000001 ], [ 71.444145013959542, 51.165697639516992 ], [ 71.444290814006735, 51.165713739519404 ], [ 71.4443169, 51.1656147 ], [ 71.4441711, 51.16559860000001 ] ] ], [ [ [ 71.4445778, 51.1655731 ], [ 71.444534314085459, 51.165742339523455 ], [ 71.44468611413464, 51.165758239525985 ], [ 71.4447296, 51.165589 ], [ 71.4445778, 51.1655731 ] ] ], [ [ [ 71.444387, 51.1656223 ], [ 71.444361714029668, 51.16572153952059 ], [ 71.444507714076948, 51.165737039523037 ], [ 71.444533, 51.1656379 ], [ 71.444387, 51.1656223 ] ] ], [ [ [ 71.4433205, 51.1656664 ], [ 71.4431108, 51.1656415 ], [ 71.443081613608371, 51.165745039499015 ], [ 71.443291213676119, 51.165770039502505 ], [ 71.4433205, 51.1656664 ] ] ], [ [ [ 71.4435049, 51.1656818 ], [ 71.443471413733818, 51.165805039505464 ], [ 71.443697613806989, 51.165830639509238 ], [ 71.4437311, 51.1657074 ], [ 71.4435049, 51.1656818 ] ] ], [ [ [ 71.4438649, 51.16574450000001 ], [ 71.443838313852567, 51.165845439511592 ], [ 71.443991613902156, 51.165862439514136 ], [ 71.4440182, 51.1657615 ], [ 71.4438649, 51.16574450000001 ] ] ], [ [ [ 71.4431839, 51.1658395 ], [ 71.442987, 51.1658159 ], [ 71.442962713562622, 51.165902439496755 ], [ 71.443159613626264, 51.165926039500036 ], [ 71.4431839, 51.1658395 ] ] ], [ [ [ 71.444181, 51.1657623 ], [ 71.444130213944177, 51.165944439516331 ], [ 71.444333214009845, 51.165967539519713 ], [ 71.444384, 51.165785399999983 ], [ 71.444181, 51.1657623 ] ] ], [ [ [ 71.444659014111068, 51.166102539524964 ], [ 71.4446946, 51.1659734 ], [ 71.444651031030133, 51.165968409150821 ], [ 71.44469, 51.1658261 ], [ 71.4445116, 51.165806 ], [ 71.444470614055476, 51.165955239522027 ], [ 71.444531015649034, 51.165962078747306 ], [ 71.444497514058838, 51.166084039522275 ], [ 71.444659014111068, 51.166102539524964 ] ] ], [ [ [ 71.4434459, 51.1659977 ], [ 71.443421513705374, 51.166087739504178 ], [ 71.443670513785932, 51.166116339508314 ], [ 71.4436949, 51.1660264 ], [ 71.4434459, 51.1659977 ] ] ], [ [ [ 71.444618214091705, 51.166242939524061 ], [ 71.4446497, 51.16614460000001 ], [ 71.4443181, 51.1661108 ], [ 71.44424111396043, 51.166418039517424 ], [ 71.444437814024226, 51.166436739520698 ], [ 71.444618214091705, 51.166242939524061 ] ] ], [ [ [ 71.4433432, 51.1662849 ], [ 71.443301813652212, 51.166413339501638 ], [ 71.443450913700318, 51.166433439504097 ], [ 71.4434922, 51.166305 ], [ 71.4433432, 51.1662849 ] ] ], [ [ [ 71.444934470781888, 51.167231997639433 ], [ 71.445197871208379, 51.167259997661347 ], [ 71.445311065545454, 51.166799537042223 ], [ 71.445786473486962, 51.166855974516778 ], [ 71.446030774865889, 51.166040374582103 ], [ 71.4460606, 51.1658587 ], [ 71.4454593, 51.165787 ], [ 71.4452157, 51.166603 ], [ 71.445186227798303, 51.166784716736402 ], [ 71.445048, 51.1667706 ], [ 71.444934470781888, 51.167231997639433 ] ] ], [ [ [ 71.4436767, 51.1663251 ], [ 71.443647813763562, 51.166466439507339 ], [ 71.44403831388972, 51.166515239513849 ], [ 71.4440864, 51.1663773 ], [ 71.4436767, 51.1663251 ] ] ], [ [ [ 71.4442751, 51.1664333 ], [ 71.444233713951903, 51.166561739517057 ], [ 71.444382814, 51.166581839519537 ], [ 71.4444241, 51.1664534 ], [ 71.4442751, 51.1664333 ] ] ], [ [ [ 71.4446365, 51.1664519 ], [ 71.444475, 51.166433399999988 ], [ 71.444439414019399, 51.166562539520527 ], [ 71.444600914071643, 51.166581039523201 ], [ 71.4446365, 51.1664519 ] ] ], [ [ [ 71.4439419, 51.167552 ], [ 71.443915213801731, 51.167632739509955 ], [ 71.44416051388076, 51.167668239514022 ], [ 71.4441871, 51.1675875 ], [ 71.4439419, 51.167552 ] ] ], [ [ [ 71.4446456, 51.1681993 ], [ 71.444579713985803, 51.168434439519821 ], [ 71.444982314116103, 51.168479139526518 ], [ 71.445077252338663, 51.168317996886714 ], [ 71.445414573776148, 51.168418843672008 ], [ 71.445392814249516, 51.168511539533384 ], [ 71.445885340797446, 51.168559583425235 ], [ 71.446810044544861, 51.168836023280434 ], [ 71.4467857, 51.1688333 ], [ 71.446756414678944, 51.168942639555603 ], [ 71.447007514760216, 51.168970739559775 ], [ 71.4470369, 51.168861399999983 ], [ 71.446927269062925, 51.168849136419055 ], [ 71.447088977604409, 51.168844074740534 ], [ 71.447193678028327, 51.168821874762095 ], [ 71.447325278790416, 51.168344674798007 ], [ 71.4473551, 51.168163 ], [ 71.4451211, 51.1679378 ], [ 71.445073740189699, 51.168120143572324 ], [ 71.4448465, 51.1680747 ], [ 71.4446456, 51.1681993 ] ] ], [ [ [ 71.445071914121883, 51.169034439527131 ], [ 71.4450885, 51.168775 ], [ 71.4448308, 51.1687495 ], [ 71.444729214010806, 51.169000539521406 ], [ 71.445071914121883, 51.169034439527131 ] ] ], [ [ [ 71.445315314185322, 51.169421739530563 ], [ 71.445572514264569, 51.169544639534706 ], [ 71.445744214320172, 51.169562839537562 ], [ 71.445781714333762, 51.169533239538239 ], [ 71.4458401, 51.1693111 ], [ 71.44578150642225, 51.169304882814529 ], [ 71.4459477, 51.1686846 ], [ 71.4457476, 51.1686628 ], [ 71.4456615, 51.1687086 ], [ 71.445516714260791, 51.169202839534336 ], [ 71.44558118614755, 51.169283627207108 ], [ 71.4454292, 51.1692675 ], [ 71.4453799, 51.1692803 ], [ 71.445315314185322, 51.169421739530563 ] ] ], [ [ [ 71.4464854, 51.1503728 ], [ 71.446417415351192, 51.150512539580056 ], [ 71.446621215416272, 51.150554639583397 ], [ 71.4466892, 51.150415 ], [ 71.4464854, 51.1503728 ] ] ], [ [ [ 71.4447438, 51.1531384 ], [ 71.444694173342327, 51.153338697732927 ], [ 71.445525674685982, 51.153436497802026 ], [ 71.4455753, 51.1532362 ], [ 71.4447438, 51.1531384 ] ] ], [ [ [ 71.4450386, 51.1534848 ], [ 71.445012014758262, 51.153611539551356 ], [ 71.445120614793524, 51.153620739553162 ], [ 71.4451473, 51.1534941 ], [ 71.4450386, 51.1534848 ] ] ], [ [ [ 71.4468968, 51.153456 ], [ 71.4460762, 51.153371499999984 ], [ 71.446016635829636, 51.153649756116003 ], [ 71.446837238221207, 51.153734256238906 ], [ 71.4468968, 51.153456 ] ] ], [ [ [ 71.4455836, 51.1533842 ], [ 71.445394174327916, 51.15410589778552 ], [ 71.445581874631642, 51.154126097801125 ], [ 71.4457713, 51.1534044 ], [ 71.4455836, 51.1533842 ] ] ], [ [ [ 71.444945100000012, 51.1538683 ], [ 71.444924188268217, 51.154122237295233 ], [ 71.445232588874362, 51.154126737326294 ], [ 71.4452536, 51.1538728 ], [ 71.444945100000012, 51.1538683 ] ] ], [ [ [ 71.446611076295468, 51.154244297886642 ], [ 71.4467219, 51.1537856 ], [ 71.4465405, 51.1537673 ], [ 71.4458805, 51.1539608 ], [ 71.445834875038372, 51.15416579782206 ], [ 71.446611076295468, 51.154244297886642 ] ] ], [ [ [ 71.4459556, 51.154367700000016 ], [ 71.445928215022562, 51.154467939565357 ], [ 71.446067715067656, 51.154483939567676 ], [ 71.4460951, 51.1543838 ], [ 71.4459556, 51.154367700000016 ] ] ], [ [ [ 71.4454642, 51.1543895 ], [ 71.445436714860307, 51.154489739557043 ], [ 71.445576214905401, 51.15450583955937 ], [ 71.4456036, 51.1544056 ], [ 71.4454642, 51.1543895 ] ] ], [ [ [ 71.446916615343056, 51.154559339581823 ], [ 71.4468856, 51.1544603 ], [ 71.4467456, 51.1544824 ], [ 71.446776615296187, 51.154581439579438 ], [ 71.446916615343056, 51.154559339581823 ] ] ], [ [ [ 71.4454172, 51.1545636 ], [ 71.445389814837526, 51.154663839555987 ], [ 71.445529214882583, 51.154679939558292 ], [ 71.4455567, 51.1545797 ], [ 71.4454172, 51.1545636 ] ] ], [ [ [ 71.446964, 51.1546344 ], [ 71.446824, 51.1546564 ], [ 71.446855115314534, 51.154755539580464 ], [ 71.446995115361432, 51.154733439582856 ], [ 71.446964, 51.1546344 ] ] ], [ [ [ 71.4465196, 51.154619 ], [ 71.4463877, 51.1546401 ], [ 71.446457115180664, 51.154832139573649 ], [ 71.446589015224845, 51.154811139575905 ], [ 71.4465196, 51.154619 ] ] ], [ [ [ 71.4464433, 51.154868699999987 ], [ 71.44609, 51.154943899999985 ], [ 71.446135815066015, 51.155048239567904 ], [ 71.446489115185173, 51.154973039573953 ], [ 71.4464433, 51.154868699999987 ] ] ], [ [ [ 71.4453099, 51.154922 ], [ 71.445282514787067, 51.155022139553601 ], [ 71.445421914832139, 51.155038239555914 ], [ 71.4454494, 51.154938 ], [ 71.4453099, 51.154922 ] ] ], [ [ [ 71.445271, 51.1550431 ], [ 71.445243614769169, 51.155143339552744 ], [ 71.445383114814248, 51.155159339555055 ], [ 71.4454105, 51.1550592 ], [ 71.445271, 51.1550431 ] ] ], [ [ [ 71.446752415265195, 51.155123739578137 ], [ 71.4467213, 51.1550247 ], [ 71.4465813, 51.1550467 ], [ 71.446612315218289, 51.155145839575752 ], [ 71.446752415265195, 51.155123739578137 ] ] ], [ [ [ 71.4452214, 51.155197 ], [ 71.44519401474632, 51.155297239551658 ], [ 71.445333414791392, 51.155313339553956 ], [ 71.4453609, 51.1552131 ], [ 71.4452214, 51.155197 ] ] ], [ [ [ 71.446787, 51.1551694 ], [ 71.446647, 51.155191399999985 ], [ 71.446678115233709, 51.155290439576618 ], [ 71.446818115280607, 51.155268439579004 ], [ 71.446787, 51.1551694 ] ] ], [ [ [ 71.445953, 51.1552748 ], [ 71.4458178, 51.155257699999986 ], [ 71.445787314938386, 51.155360039561536 ], [ 71.44592251498203, 51.155377139563768 ], [ 71.445953, 51.1552748 ] ] ], [ [ [ 71.4463454, 51.1552537 ], [ 71.4462137, 51.1552794 ], [ 71.446253215090465, 51.155379439569323 ], [ 71.446385015134823, 51.155353739571581 ], [ 71.4463454, 51.1552537 ] ] ], [ [ [ 71.4451865, 51.1553299 ], [ 71.445159114729222, 51.155430139550852 ], [ 71.445298614774316, 51.155446239553179 ], [ 71.445326, 51.155346 ], [ 71.4451865, 51.1553299 ] ] ], [ [ [ 71.446677115226734, 51.155446839576349 ], [ 71.4466453, 51.155339299999987 ], [ 71.4464843, 51.1553628 ], [ 71.446516215172934, 51.155470439573605 ], [ 71.446677115226734, 51.155446839576349 ] ] ], [ [ [ 71.4451463, 51.1554553 ], [ 71.445118914710704, 51.155555439549978 ], [ 71.445258314755762, 51.155571539552284 ], [ 71.4452858, 51.1554713 ], [ 71.4451463, 51.1554553 ] ] ], [ [ [ 71.4468835, 51.1553988 ], [ 71.4467366, 51.1554234 ], [ 71.446806915262428, 51.155609539578251 ], [ 71.446953815311687, 51.15558493958077 ], [ 71.4468835, 51.1553988 ] ] ], [ [ [ 71.4451061, 51.1555814 ], [ 71.445078614692108, 51.155681639549087 ], [ 71.445218114737202, 51.1556977395514 ], [ 71.4452455, 51.1555975 ], [ 71.4451061, 51.1555814 ] ] ], [ [ [ 71.4461627, 51.155705399999988 ], [ 71.4460377, 51.1557337 ], [ 71.446035215003235, 51.155748839565057 ], [ 71.446132915028087, 51.155918539566414 ], [ 71.446257915070305, 51.155890239568564 ], [ 71.4462604, 51.1558751 ], [ 71.4461627, 51.155705399999988 ] ] ], [ [ [ 71.4470136, 51.15571 ], [ 71.4468666, 51.1557346 ], [ 71.446937015291908, 51.155920739579933 ], [ 71.447083915341167, 51.155896139582453 ], [ 71.4470136, 51.15571 ] ] ], [ [ [ 71.4458207, 51.155909 ], [ 71.4456957, 51.155937199999983 ], [ 71.445693214882326, 51.155952339558965 ], [ 71.445790914907164, 51.156122139560331 ], [ 71.445915914949396, 51.156093839562487 ], [ 71.445918400000011, 51.1560787 ], [ 71.4458207, 51.155909 ] ] ], [ [ [ 71.445291014741244, 51.156165539551864 ], [ 71.4451779, 51.155985200000011 ], [ 71.4450562, 51.1560186 ], [ 71.445169314699854, 51.156199039549762 ], [ 71.445291014741244, 51.156165539551864 ] ] ], [ [ [ 71.4463173, 51.156013299999984 ], [ 71.4461856, 51.1560389 ], [ 71.446225115048961, 51.156138939567612 ], [ 71.446356815093282, 51.15611333956987 ], [ 71.4463173, 51.156013299999984 ] ] ], [ [ [ 71.4453487, 51.1562471 ], [ 71.4452237, 51.156275399999984 ], [ 71.445221214713015, 51.156290539550476 ], [ 71.445318814737846, 51.156460239551855 ], [ 71.4454439147801, 51.156431939554004 ], [ 71.4454464, 51.1564168 ], [ 71.4453487, 51.1562471 ] ] ], [ [ [ 71.44626431505155, 51.156380839567873 ], [ 71.4462247, 51.1562808 ], [ 71.446093, 51.156306400000013 ], [ 71.446132515007207, 51.156406439565622 ], [ 71.44626431505155, 51.156380839567873 ] ] ], [ [ [ 71.4470683, 51.1563803 ], [ 71.4469252, 51.1564023 ], [ 71.4469560152734, 51.156502839579296 ], [ 71.447099115321308, 51.156480939581748 ], [ 71.4470683, 51.1563803 ] ] ], [ [ [ 71.4467594, 51.1564451 ], [ 71.4464897, 51.1564865 ], [ 71.446520515126878, 51.156587039571839 ], [ 71.4467903152172, 51.156545639576457 ], [ 71.4467594, 51.1564451 ] ] ], [ [ [ 71.446357115072061, 51.15661463956905 ], [ 71.4463263, 51.156514 ], [ 71.4460565, 51.1565554 ], [ 71.446087414981804, 51.15665603956446 ], [ 71.446357115072061, 51.15661463956905 ] ] ], [ [ [ 71.445818, 51.1565948 ], [ 71.4455483, 51.1566362 ], [ 71.445579114811522, 51.156736739555782 ], [ 71.445848814901808, 51.156695339560372 ], [ 71.445818, 51.1565948 ] ] ], [ [ [ 71.4469764, 51.1566684 ], [ 71.4468333, 51.1566904 ], [ 71.446864115230994, 51.156790939577277 ], [ 71.447007315278938, 51.15676893957972 ], [ 71.4469764, 51.1566684 ] ] ], [ [ [ 71.446769915199226, 51.156811039575665 ], [ 71.4467391, 51.1567105 ], [ 71.4465959, 51.1567325 ], [ 71.446626715151282, 51.156833039573236 ], [ 71.446769915199226, 51.156811039575665 ] ] ], [ [ [ 71.4465486, 51.1567399 ], [ 71.4464055, 51.1567619 ], [ 71.446436315087539, 51.156862439569977 ], [ 71.446579515135483, 51.15684043957242 ], [ 71.4465486, 51.1567399 ] ] ], [ [ [ 71.4463408, 51.1567778 ], [ 71.4461976, 51.1567997 ], [ 71.446228415017686, 51.156900339566405 ], [ 71.44637161506563, 51.156878339568856 ], [ 71.4463408, 51.1567778 ] ] ], [ [ [ 71.446155714993253, 51.156913639565182 ], [ 71.4461248, 51.1568131 ], [ 71.4459817, 51.1568351 ], [ 71.446012514945323, 51.156935639562718 ], [ 71.446155714993253, 51.156913639565182 ] ] ], [ [ [ 71.4452409, 51.1568488 ], [ 71.445133, 51.1569027 ], [ 71.445130514656569, 51.15691783954793 ], [ 71.445218814682605, 51.156987439549319 ], [ 71.445326714720323, 51.156933539551218 ], [ 71.4453292, 51.1569184 ], [ 71.4452409, 51.1568488 ] ] ], [ [ [ 71.4459371, 51.1568501 ], [ 71.4457939, 51.1568721 ], [ 71.445824814882144, 51.156972639559505 ], [ 71.445967914930023, 51.156950639561963 ], [ 71.4459371, 51.1568501 ] ] ], [ [ [ 71.445707714842953, 51.156990239557523 ], [ 71.4456769, 51.1568896 ], [ 71.4455338, 51.1569116 ], [ 71.44556461479506, 51.157012139555086 ], [ 71.445707714842953, 51.156990239557523 ] ] ], [ [ [ 71.4453919, 51.15700660000001 ], [ 71.4452602, 51.157032300000012 ], [ 71.445299714702983, 51.157132339550429 ], [ 71.445431414747304, 51.157106739552688 ], [ 71.4453919, 51.15700660000001 ] ] ], [ [ [ 71.4457473, 51.1570563 ], [ 71.4456156, 51.1570819 ], [ 71.445655114817541, 51.157181939556324 ], [ 71.445786814861862, 51.157156339558576 ], [ 71.4457473, 51.1570563 ] ] ], [ [ [ 71.445855214877199, 51.157323739559452 ], [ 71.4458157, 51.157223699999989 ], [ 71.445684, 51.1572493 ], [ 71.445723514832849, 51.157349339557186 ], [ 71.445855214877199, 51.157323739559452 ] ] ], [ [ [ 71.4471179, 51.1572443 ], [ 71.4469759, 51.157266499999984 ], [ 71.447006915253439, 51.157365739578744 ], [ 71.447148915300986, 51.157343539581163 ], [ 71.4471179, 51.1572443 ] ] ], [ [ [ 71.446931500000019, 51.157272 ], [ 71.4467895, 51.1572943 ], [ 71.446820515191064, 51.157393539575565 ], [ 71.446962515238624, 51.157371239577984 ], [ 71.446931500000019, 51.157272 ] ] ], [ [ [ 71.4467196, 51.157310699999982 ], [ 71.4465776, 51.157333 ], [ 71.446608615119885, 51.157432239571961 ], [ 71.446750615167417, 51.157409939574372 ], [ 71.4467196, 51.157310699999982 ] ] ], [ [ [ 71.4465359, 51.157341 ], [ 71.4463939, 51.1573633 ], [ 71.446424915058302, 51.15746253956879 ], [ 71.446566915105848, 51.15744023957123 ], [ 71.4465359, 51.157341 ] ] ], [ [ [ 71.445274014674681, 51.157599839549228 ], [ 71.445363214707541, 51.157515639550859 ], [ 71.4453927, 51.1573189 ], [ 71.4453186, 51.1572347 ], [ 71.4450535, 51.1573 ], [ 71.445051014613583, 51.15731513954595 ], [ 71.445121114623177, 51.157630739546612 ], [ 71.445274014674681, 51.157599839549228 ] ] ], [ [ [ 71.446328, 51.157378799999989 ], [ 71.446186, 51.1574011 ], [ 71.44621701498842, 51.157500339565253 ], [ 71.446359015035981, 51.157478139567679 ], [ 71.446328, 51.157378799999989 ] ] ], [ [ [ 71.446153414967029, 51.157512339564171 ], [ 71.4461199, 51.1574135 ], [ 71.4459786, 51.1574375 ], [ 71.44601211491964, 51.157536339561737 ], [ 71.446153414967029, 51.157512339564171 ] ] ], [ [ [ 71.4459174, 51.1574472 ], [ 71.4457761, 51.1574711 ], [ 71.445809614851754, 51.157569939558286 ], [ 71.445950914899129, 51.157546039560685 ], [ 71.4459174, 51.1574472 ] ] ], [ [ [ 71.4469566, 51.1617445 ], [ 71.446940015042472, 51.161812139570344 ], [ 71.447085215089487, 51.161827339572767 ], [ 71.4471018, 51.1617597 ], [ 71.4469566, 51.1617445 ] ] ], [ [ [ 71.4457499, 51.1618167 ], [ 71.4455788, 51.1617948 ], [ 71.445535514576136, 51.161935239546523 ], [ 71.445706714631399, 51.161957139549372 ], [ 71.4457499, 51.1618167 ] ] ], [ [ [ 71.446331, 51.1618817 ], [ 71.44629661482405, 51.161981339559254 ], [ 71.446495214887989, 51.162010839562541 ], [ 71.4465297, 51.161911199999984 ], [ 71.446331, 51.1618817 ] ] ], [ [ [ 71.4455353, 51.1619662 ], [ 71.44551501456445, 51.162051539545999 ], [ 71.445679714617825, 51.162067939548749 ], [ 71.4457, 51.1619826 ], [ 71.4455353, 51.1619662 ] ] ], [ [ [ 71.4464685, 51.1620917 ], [ 71.446294, 51.1620658 ], [ 71.44626171480499, 51.162159839558363 ], [ 71.446436214861194, 51.162185739561259 ], [ 71.4464685, 51.1620917 ] ] ], [ [ [ 71.4455009, 51.1620987 ], [ 71.445480614547535, 51.162184039545188 ], [ 71.445645314600924, 51.162200439547931 ], [ 71.4456656, 51.1621151 ], [ 71.4455009, 51.1620987 ] ] ], [ [ [ 71.4454138, 51.1622346 ], [ 71.445394014513397, 51.162318339543525 ], [ 71.445583314574748, 51.162337139546686 ], [ 71.4456031, 51.162253499999984 ], [ 71.4454138, 51.1622346 ] ] ], [ [ [ 71.4461545, 51.1622747 ], [ 71.446122214750304, 51.162368739555674 ], [ 71.446296714806508, 51.162394639558578 ], [ 71.446329, 51.1623006 ], [ 71.4461545, 51.1622747 ] ] ], [ [ [ 71.4470015, 51.1622961 ], [ 71.44691631500686, 51.162466639568883 ], [ 71.447045115048013, 51.162493639571011 ], [ 71.4471302, 51.162323 ], [ 71.4470015, 51.1622961 ] ] ], [ [ [ 71.4461272, 51.1626024 ], [ 71.446084414722449, 51.162731839554461 ], [ 71.446307514794384, 51.162762739558168 ], [ 71.4463502, 51.1626332 ], [ 71.4461272, 51.1626024 ] ] ], [ [ [ 71.4472085, 51.1626534 ], [ 71.447179215080013, 51.162776139572799 ], [ 71.447330715129112, 51.162791039575318 ], [ 71.4473601, 51.1626682 ], [ 71.4472085, 51.1626534 ] ] ], [ [ [ 71.4469698, 51.1627308 ], [ 71.4466979, 51.1626914 ], [ 71.446663214909833, 51.162794039564083 ], [ 71.44693511499743, 51.162833339568607 ], [ 71.4469698, 51.1627308 ] ] ], [ [ [ 71.4460874, 51.1627678 ], [ 71.4460741147129, 51.162877139554041 ], [ 71.446262814774485, 51.162885539557202 ], [ 71.4462761, 51.1627762 ], [ 71.4460874, 51.1627678 ] ] ], [ [ [ 71.4466907, 51.1628439 ], [ 71.446664114903655, 51.162946539563848 ], [ 71.446892214977481, 51.162971339567648 ], [ 71.4469188, 51.1628687 ], [ 71.4466907, 51.1628439 ] ] ], [ [ [ 71.4462939, 51.1629393 ], [ 71.4460374, 51.1629049 ], [ 71.446002814683652, 51.163014239552616 ], [ 71.446259214766371, 51.163048639556877 ], [ 71.4462939, 51.1629393 ] ] ], [ [ [ 71.4467103, 51.1629693 ], [ 71.446670314899492, 51.163092139563723 ], [ 71.44684391495548, 51.163115939566588 ], [ 71.446884, 51.16299320000001 ], [ 71.4467103, 51.1629693 ] ] ], [ [ [ 71.447284700000012, 51.1630056 ], [ 71.4470959, 51.16301 ], [ 71.447098715039132, 51.163115939570886 ], [ 71.447287515101294, 51.163111539574054 ], [ 71.447284700000012, 51.1630056 ] ] ], [ [ [ 71.4462456, 51.1630789 ], [ 71.4459881, 51.1630434 ], [ 71.445956114662863, 51.16314263955163 ], [ 71.446213614745901, 51.163178139555896 ], [ 71.4462456, 51.1630789 ] ] ], [ [ [ 71.4465914, 51.1631569 ], [ 71.446562114856789, 51.163261239561621 ], [ 71.446793114931467, 51.163288539565471 ], [ 71.4468225, 51.1631843 ], [ 71.4465914, 51.1631569 ] ] ], [ [ [ 71.4459601, 51.1631819 ], [ 71.445917414644413, 51.163277839550751 ], [ 71.44609561470142, 51.163312739553689 ], [ 71.4461383, 51.1632169 ], [ 71.4459601, 51.1631819 ] ] ], [ [ [ 71.447063700000015, 51.1632068 ], [ 71.447047815013761, 51.163319439569705 ], [ 71.447223415071022, 51.163328939572622 ], [ 71.4472393, 51.163216300000016 ], [ 71.447063700000015, 51.1632068 ] ] ], [ [ [ 71.4466395, 51.163282 ], [ 71.446610214867263, 51.163386339562223 ], [ 71.446841214941941, 51.163413639566066 ], [ 71.4468706, 51.1633094 ], [ 71.4466395, 51.163282 ] ] ], [ [ [ 71.445904, 51.163317 ], [ 71.445869314622385, 51.163424739549725 ], [ 71.446071414687552, 51.163452339553054 ], [ 71.4461061, 51.1633447 ], [ 71.445904, 51.163317 ] ] ], [ [ [ 71.446568, 51.1634004 ], [ 71.446527914835571, 51.163496239560672 ], [ 71.446701814891298, 51.163528039563545 ], [ 71.446741800000012, 51.16343220000001 ], [ 71.446568, 51.1634004 ] ] ], [ [ [ 71.4472689, 51.1634121 ], [ 71.4470771, 51.1633985 ], [ 71.447058515009488, 51.163502839569581 ], [ 71.447250315071884, 51.163516439572767 ], [ 71.4472689, 51.1634121 ] ] ], [ [ [ 71.4458612, 51.1634712 ], [ 71.445821714600967, 51.163560639548685 ], [ 71.445999014657701, 51.163595339551598 ], [ 71.4460385, 51.1635059 ], [ 71.4458612, 51.1634712 ] ] ], [ [ [ 71.4465282, 51.1635133 ], [ 71.446488214817364, 51.16361763955981 ], [ 71.446648114868722, 51.163644139562436 ], [ 71.4466882, 51.1635398 ], [ 71.4465282, 51.1635133 ] ] ], [ [ [ 71.447039314996175, 51.163667339568981 ], [ 71.4469935, 51.163595 ], [ 71.4468303, 51.1636492 ], [ 71.446827814926863, 51.163664339565429 ], [ 71.446876114940309, 51.16372143956616 ], [ 71.447039314996175, 51.163667339568981 ] ] ], [ [ [ 71.4458166, 51.1636168 ], [ 71.445781914580706, 51.163729539547745 ], [ 71.44595341463608, 51.16375173955057 ], [ 71.4459881, 51.1636391 ], [ 71.4458166, 51.1636168 ] ] ], [ [ [ 71.4465951, 51.1636808 ], [ 71.446560414834238, 51.163778439560744 ], [ 71.446704414880557, 51.163800539563127 ], [ 71.4467391, 51.163703 ], [ 71.4465951, 51.1636808 ] ] ], [ [ [ 71.446414814784049, 51.163834139558212 ], [ 71.4463468, 51.1637085 ], [ 71.4462261, 51.1637388 ], [ 71.446294114743139, 51.163864439556143 ], [ 71.446414814784049, 51.163834139558212 ] ] ], [ [ [ 71.447384, 51.1636993 ], [ 71.4472579, 51.1637312 ], [ 71.447329415083175, 51.163861039573533 ], [ 71.447455515125938, 51.163829139575718 ], [ 71.447384, 51.1636993 ] ] ], [ [ [ 71.4458245, 51.1637871 ], [ 71.445795114579653, 51.163856339547763 ], [ 71.446025814653481, 51.163901439551552 ], [ 71.4460552, 51.1638323 ], [ 71.4458245, 51.1637871 ] ] ], [ [ [ 71.4471766, 51.1637483 ], [ 71.4470317, 51.1637887 ], [ 71.447117515010746, 51.163928339569871 ], [ 71.447262315060016, 51.163888039572377 ], [ 71.4471766, 51.1637483 ] ] ], [ [ [ 71.4469588, 51.1638154 ], [ 71.446822, 51.1638625 ], [ 71.446911014940667, 51.163982139566315 ], [ 71.447047814987599, 51.163935139568679 ], [ 71.4469588, 51.1638154 ] ] ], [ [ [ 71.4467706, 51.163898399999987 ], [ 71.4466526, 51.1639439 ], [ 71.446650114855984, 51.163959039561966 ], [ 71.446771514890585, 51.164083139563814 ], [ 71.446889514931271, 51.16403773956587 ], [ 71.446892, 51.1640226 ], [ 71.4467706, 51.163898399999987 ] ] ], [ [ [ 71.447458, 51.1638964 ], [ 71.4471649, 51.164002 ], [ 71.447227515040098, 51.164088139571462 ], [ 71.447520515140781, 51.163982539576551 ], [ 71.447458, 51.1638964 ] ] ], [ [ [ 71.44663201484407, 51.164099939561432 ], [ 71.4465337, 51.1639609 ], [ 71.4464076, 51.164001299999988 ], [ 71.446506014800974, 51.164140339559239 ], [ 71.44663201484407, 51.164099939561432 ] ] ], [ [ [ 71.4463194, 51.1640268 ], [ 71.4461718, 51.1640823 ], [ 71.446286014725388, 51.164219339555416 ], [ 71.446433514776189, 51.164163839557993 ], [ 71.4463194, 51.1640268 ] ] ], [ [ [ 71.4461467, 51.1641754 ], [ 71.4457057, 51.1641241 ], [ 71.445649514512027, 51.164322039544537 ], [ 71.446090714654744, 51.164373039551883 ], [ 71.4461467, 51.1641754 ] ] ], [ [ [ 71.447380415078911, 51.1643556395736 ], [ 71.4473065, 51.1642515 ], [ 71.447167, 51.1642986 ], [ 71.447240915031117, 51.164402639571172 ], [ 71.447380415078911, 51.1643556395736 ] ] ], [ [ [ 71.4470594, 51.1643182 ], [ 71.4469575, 51.1643502 ], [ 71.447034414960655, 51.164464939567594 ], [ 71.44713631499549, 51.164432939569345 ], [ 71.4470594, 51.1643182 ] ] ], [ [ [ 71.4469242, 51.1643791 ], [ 71.4468008, 51.1644178 ], [ 71.44686271490221, 51.16451373956464 ], [ 71.446986114944366, 51.16447503956676 ], [ 71.4469242, 51.1643791 ] ] ], [ [ [ 71.446750014863568, 51.164552339562661 ], [ 71.4466442, 51.164425 ], [ 71.4465423, 51.1644637 ], [ 71.446648114828449, 51.164591039560896 ], [ 71.446750014863568, 51.164552339562661 ] ] ], [ [ [ 71.4463127, 51.1651067 ], [ 71.4460739, 51.1651596 ], [ 71.446119714626505, 51.165260439550913 ], [ 71.446358514707157, 51.165207639555021 ], [ 71.4463127, 51.1651067 ] ] ], [ [ [ 71.4471176, 51.165112899999983 ], [ 71.4469539, 51.1651635 ], [ 71.447016014920777, 51.165260839565974 ], [ 71.447179614976648, 51.165210239568815 ], [ 71.4471176, 51.165112899999983 ] ] ], [ [ [ 71.4464763, 51.1652421 ], [ 71.4463132, 51.1652919 ], [ 71.446366914702608, 51.165379439554876 ], [ 71.446530014758267, 51.165329639557704 ], [ 71.4464763, 51.1652421 ] ] ], [ [ [ 71.4472812, 51.1652385 ], [ 71.4471135, 51.1652923 ], [ 71.447164714964813, 51.165373339568298 ], [ 71.447332515022183, 51.165319539571215 ], [ 71.4472812, 51.1652385 ] ] ], [ [ [ 71.4473447, 51.1653672 ], [ 71.4472006, 51.1654085 ], [ 71.447249514987533, 51.165494039569531 ], [ 71.447393615036603, 51.165452639572017 ], [ 71.4473447, 51.1653672 ] ] ], [ [ [ 71.4465943, 51.1653982 ], [ 71.4464656, 51.1654333 ], [ 71.446509714743698, 51.165515739557058 ], [ 71.446638414787458, 51.165480639559284 ], [ 71.4465943, 51.1653982 ] ] ], [ [ [ 71.44671011480726, 51.165568239560322 ], [ 71.446663, 51.1654842 ], [ 71.4464831, 51.1655351 ], [ 71.446480614732664, 51.165550239556516 ], [ 71.446530214746048, 51.165619139557229 ], [ 71.44671011480726, 51.165568239560322 ] ] ], [ [ [ 71.445677700000019, 51.1655737 ], [ 71.445631014445993, 51.165731539541916 ], [ 71.445768414490416, 51.165748239544207 ], [ 71.445815, 51.165590499999986 ], [ 71.445677700000019, 51.1655737 ] ] ], [ [ [ 71.4459203, 51.1655482 ], [ 71.445862914521314, 51.165751039545796 ], [ 71.445999014565345, 51.165766739548069 ], [ 71.4460565, 51.1655639 ], [ 71.4459203, 51.1655482 ] ] ], [ [ [ 71.446764114819985, 51.165686139561053 ], [ 71.44672, 51.1656021 ], [ 71.4466066, 51.1656322 ], [ 71.446650814781492, 51.165716339559104 ], [ 71.446764114819985, 51.165686139561053 ] ] ], [ [ [ 71.4461103, 51.1656404 ], [ 71.446065614586132, 51.165791939549145 ], [ 71.446176114621835, 51.165805439550972 ], [ 71.4462208, 51.1656538 ], [ 71.4461103, 51.1656404 ] ] ], [ [ [ 71.446572, 51.1656866 ], [ 71.4464238, 51.1656951 ], [ 71.446431114706769, 51.165777439555292 ], [ 71.446579214755744, 51.165769039557802 ], [ 71.446572, 51.1656866 ] ] ], [ [ [ 71.446885314856829, 51.165755239562976 ], [ 71.4468389, 51.165668 ], [ 71.4467048, 51.1657038 ], [ 71.446751114811235, 51.165791039560666 ], [ 71.446885314856829, 51.165755239562976 ] ] ], [ [ [ 71.4469022, 51.1658217 ], [ 71.4466264, 51.1659113 ], [ 71.446616459046155, 51.165971858232801 ], [ 71.446713259153313, 51.166089158238535 ], [ 71.44683434163835, 51.166049865882989 ], [ 71.446909614848437, 51.166140739562756 ], [ 71.447140014927399, 51.166062339566757 ], [ 71.4471425, 51.1660472 ], [ 71.4470665, 51.1659612 ], [ 71.446991026331858, 51.165987676335028 ], [ 71.446999, 51.1659391 ], [ 71.4469022, 51.1658217 ] ] ], [ [ [ 71.4462129, 51.1659723 ], [ 71.446168014605149, 51.166135139550299 ], [ 71.44630211464856, 51.166150239552522 ], [ 71.446347, 51.1659875 ], [ 71.4462129, 51.1659723 ] ] ], [ [ [ 71.4464414, 51.1659805 ], [ 71.446390614678606, 51.166126639554037 ], [ 71.446565014734801, 51.166151939556933 ], [ 71.4466157, 51.1660057 ], [ 71.4464414, 51.1659805 ] ] ], [ [ [ 71.4471554, 51.1661001 ], [ 71.4469187, 51.166180699999984 ], [ 71.446988814868504, 51.166279739563855 ], [ 71.447225514949665, 51.166199139567965 ], [ 71.4471554, 51.1661001 ] ] ], [ [ [ 71.4465505, 51.1661634 ], [ 71.4464056, 51.1661685 ], [ 71.446414814678533, 51.166315039554142 ], [ 71.446559614726297, 51.166310039556585 ], [ 71.4465505, 51.1661634 ] ] ], [ [ [ 71.447301614970641, 51.166293339569094 ], [ 71.4472465, 51.1662072 ], [ 71.4471269, 51.1662453 ], [ 71.447182014929766, 51.166331439567024 ], [ 71.447301614970641, 51.166293339569094 ] ] ], [ [ [ 71.4472917, 51.1663218 ], [ 71.4471357, 51.1663715 ], [ 71.447203314930732, 51.166473139567145 ], [ 71.447359314984055, 51.166423439569861 ], [ 71.4472917, 51.1663218 ] ] ], [ [ [ 71.4473535, 51.166431499999987 ], [ 71.4472039, 51.1664783 ], [ 71.44727281494886, 51.166583239568133 ], [ 71.447422414999977, 51.166536439570727 ], [ 71.4473535, 51.166431499999987 ] ] ], [ [ [ 71.447141014903565, 51.166630839565848 ], [ 71.4470308, 51.1664854 ], [ 71.4468812, 51.1665363 ], [ 71.446991414852263, 51.166681739563224 ], [ 71.447141014903565, 51.166630839565848 ] ] ], [ [ [ 71.4459943, 51.166617499999987 ], [ 71.445950714508271, 51.166735539545662 ], [ 71.446068814546251, 51.166754039547612 ], [ 71.4461123, 51.166636 ], [ 71.4459943, 51.166617499999987 ] ] ], [ [ [ 71.4469034, 51.1666079 ], [ 71.4467697, 51.1666534 ], [ 71.446841214799875, 51.166754039560601 ], [ 71.446974814845689, 51.166708539562919 ], [ 71.4469034, 51.1666079 ] ] ], [ [ [ 71.4463075, 51.1666354 ], [ 71.4461975, 51.1666169 ], [ 71.446138514568716, 51.166764139548761 ], [ 71.446248514604051, 51.16678263955059 ], [ 71.4463075, 51.1666354 ] ] ], [ [ [ 71.4463728, 51.1666553 ], [ 71.446339714632643, 51.166814539552078 ], [ 71.446460414671847, 51.166824639554079 ], [ 71.4464935, 51.1666654 ], [ 71.4463728, 51.1666553 ] ] ], [ [ [ 71.4466059, 51.1666778 ], [ 71.446573014709301, 51.166812939555989 ], [ 71.446691014747543, 51.166824639557959 ], [ 71.446724, 51.1666896 ], [ 71.4466059, 51.1666778 ] ] ], [ [ [ 71.4475725, 51.1666735 ], [ 71.4474321, 51.166714 ], [ 71.447491115010763, 51.166813039571423 ], [ 71.447631515058575, 51.16677263957385 ], [ 71.4475725, 51.1666735 ] ] ], [ [ [ 71.4472645, 51.1667689 ], [ 71.4471386, 51.1668067 ], [ 71.447136114893823, 51.166821839565458 ], [ 71.447240614922293, 51.16695893956696 ], [ 71.447366614965304, 51.166921139569141 ], [ 71.4473691, 51.166906 ], [ 71.4472645, 51.1667689 ] ] ], [ [ [ 71.447049, 51.16683 ], [ 71.4469237, 51.166871 ], [ 71.44701421484632, 51.166997839563116 ], [ 71.447139514889201, 51.166956839565287 ], [ 71.447049, 51.16683 ] ] ], [ [ [ 71.4461418, 51.1668928 ], [ 71.446107814548554, 51.167001139547857 ], [ 71.446259414597478, 51.167021339550388 ], [ 71.4462935, 51.1669129 ], [ 71.4461418, 51.1668928 ] ] ], [ [ [ 71.4465179, 51.1669296 ], [ 71.446362, 51.1669093 ], [ 71.446329014620545, 51.167016339551566 ], [ 71.446484914670862, 51.167036739554142 ], [ 71.4465179, 51.1669296 ] ] ], [ [ [ 71.4468438, 51.1669609 ], [ 71.4467151, 51.1669996 ], [ 71.446806414772141, 51.167137539559377 ], [ 71.446935114816043, 51.167098839561625 ], [ 71.4468438, 51.1669609 ] ] ], [ [ [ 71.4461279, 51.1671254 ], [ 71.446128114545502, 51.167229739547828 ], [ 71.446245814584202, 51.167228339549816 ], [ 71.4462456, 51.167124 ], [ 71.4461279, 51.1671254 ] ] ], [ [ [ 71.4460927, 51.1673141 ], [ 71.445895, 51.1672909 ], [ 71.445868314453506, 51.167386739543225 ], [ 71.446066114517478, 51.167409939546488 ], [ 71.4460927, 51.1673141 ] ] ], [ [ [ 71.4458083, 51.16743049999998 ], [ 71.445787114421265, 51.167517939541625 ], [ 71.445915914463001, 51.167531039543782 ], [ 71.4459372, 51.1674436 ], [ 71.4458083, 51.16743049999998 ] ] ], [ [ [ 71.4460254, 51.1674201 ], [ 71.445988314486769, 51.16753103954499 ], [ 71.446130514532612, 51.167551239547336 ], [ 71.4461676, 51.167440299999988 ], [ 71.4460254, 51.1674201 ] ] ], [ [ [ 71.4464236, 51.1674247 ], [ 71.446319, 51.167406199999988 ], [ 71.446261914576112, 51.167542839549583 ], [ 71.446366514609664, 51.167561339551298 ], [ 71.4464236, 51.1674247 ] ] ], [ [ [ 71.4476564, 51.1674184 ], [ 71.4474859, 51.1674717 ], [ 71.447554714999185, 51.167576439571249 ], [ 71.447725215057432, 51.1675231395742 ], [ 71.4476564, 51.1674184 ] ] ], [ [ [ 71.4465055, 51.1674629 ], [ 71.446457714638044, 51.167598339552768 ], [ 71.446605214685533, 51.167620239555212 ], [ 71.4466531, 51.1674848 ], [ 71.4465055, 51.1674629 ] ] ], [ [ [ 71.446824, 51.1674403 ], [ 71.446795614747202, 51.167640339558396 ], [ 71.446948514797057, 51.16764883956094 ], [ 71.4469769, 51.1674487 ], [ 71.446824, 51.1674403 ] ] ], [ [ [ 71.4474453, 51.1674576 ], [ 71.4473353, 51.1674711 ], [ 71.447375014938245, 51.167621839568156 ], [ 71.44748501497493, 51.167608439570024 ], [ 71.4474453, 51.1674576 ] ] ], [ [ [ 71.4472969, 51.1674641 ], [ 71.4471521, 51.1674776 ], [ 71.447187214875285, 51.16765213956495 ], [ 71.447332114923441, 51.167638739567401 ], [ 71.4472969, 51.1674641 ] ] ], [ [ [ 71.4461736, 51.1687674 ], [ 71.446144214480057, 51.168891839545381 ], [ 71.44636921455303, 51.168913539549138 ], [ 71.4463985, 51.1687891 ], [ 71.4461736, 51.1687674 ] ] ], [ [ [ 71.446656, 51.168859699999985 ], [ 71.4464489, 51.168837 ], [ 71.446416914566797, 51.168958139549858 ], [ 71.446624014633827, 51.168980839553299 ], [ 71.446656, 51.168859699999985 ] ] ], [ [ [ 71.4473571, 51.168878199999988 ], [ 71.447314514859002, 51.16901793956486 ], [ 71.447517914924688, 51.169043739568217 ], [ 71.4475605, 51.1689039 ], [ 71.4473571, 51.168878199999988 ] ] ], [ [ [ 71.4469859, 51.1690044 ], [ 71.446777, 51.1689815 ], [ 71.446745014668394, 51.169102539555148 ], [ 71.446953914736028, 51.169125439558613 ], [ 71.4469859, 51.1690044 ] ] ], [ [ [ 71.4473131, 51.169154 ], [ 71.447272614833309, 51.169298539563684 ], [ 71.44740451487597, 51.169313839565888 ], [ 71.447445, 51.169169299999986 ], [ 71.4473131, 51.169154 ] ] ], [ [ [ 71.446844, 51.1692005 ], [ 71.446776914668021, 51.169357539555271 ], [ 71.446927114716203, 51.169384439557746 ], [ 71.4469942, 51.1692274 ], [ 71.446844, 51.1692005 ] ] ], [ [ [ 71.4472246, 51.1693592 ], [ 71.447197514801857, 51.16945803956218 ], [ 71.447434014878368, 51.169485339566094 ], [ 71.4474611, 51.1693865 ], [ 71.4472246, 51.1693592 ] ] ], [ [ [ 71.4466118, 51.1693557 ], [ 71.44656101459141, 51.169491839551391 ], [ 71.446852014685035, 51.169537439556223 ], [ 71.4469027, 51.1694013 ], [ 71.4466118, 51.1693557 ] ] ], [ [ [ 71.445936500000016, 51.1693723 ], [ 71.445856914356753, 51.169572839539455 ], [ 71.446041914416213, 51.169603039542487 ], [ 71.4461216, 51.1694025 ], [ 71.445936500000016, 51.1693723 ] ] ], [ [ [ 71.4462751, 51.1693844 ], [ 71.446197514464814, 51.169661939545037 ], [ 71.446342314511497, 51.169682139547426 ], [ 71.4464253, 51.169408 ], [ 71.4462751, 51.1693844 ] ] ], [ [ [ 71.4468759, 51.1695711 ], [ 71.4465486, 51.1695148 ], [ 71.446500514565486, 51.169634239550163 ], [ 71.44682781467057, 51.169690539555575 ], [ 71.4468759, 51.1695711 ] ] ], [ [ [ 71.4472273, 51.1695795 ], [ 71.447202914794659, 51.16966903956191 ], [ 71.44744741487375, 51.169697239565991 ], [ 71.4474718, 51.169607799999987 ], [ 71.4472273, 51.1695795 ] ] ], [ [ [ 71.447215, 51.1696889 ], [ 71.447186414784369, 51.169783739561446 ], [ 71.447261914808735, 51.169793439562689 ], [ 71.4472905, 51.1696987 ], [ 71.447215, 51.1696889 ] ] ], [ [ [ 71.4475071, 51.1697222 ], [ 71.4473641, 51.1697057 ], [ 71.447339314834025, 51.169796739563985 ], [ 71.44748231488029, 51.169813339566375 ], [ 71.4475071, 51.1697222 ] ] ], [ [ [ 71.445890700000021, 51.1697226 ], [ 71.445846214341529, 51.169848039538806 ], [ 71.445981414385074, 51.169868239541053 ], [ 71.4460259, 51.1697429 ], [ 71.445890700000021, 51.1697226 ] ] ], [ [ [ 71.4462155, 51.169742099999979 ], [ 71.446182414451911, 51.169848639544455 ], [ 71.44631551449487, 51.169866139546663 ], [ 71.4463486, 51.1697596 ], [ 71.4462155, 51.169742099999979 ] ] ], [ [ [ 71.4477396, 51.169744299999984 ], [ 71.4476001, 51.1697343 ], [ 71.447576214909247, 51.169857039567887 ], [ 71.447715614954504, 51.169869639570202 ], [ 71.4477396, 51.169744299999984 ] ] ], [ [ [ 71.4464753, 51.1697865 ], [ 71.446454014539313, 51.169890139548954 ], [ 71.446640614599943, 51.169905739552078 ], [ 71.446662, 51.1698022 ], [ 71.4464753, 51.1697865 ] ] ], [ [ [ 71.4471246, 51.1699565 ], [ 71.446935114673892, 51.170440639556148 ], [ 71.44709611472571, 51.170465839558815 ], [ 71.4472855, 51.1699818 ], [ 71.4471246, 51.1699565 ] ] ], [ [ [ 71.4464469, 51.1701791 ], [ 71.446420514510208, 51.170315739547711 ], [ 71.446578314561535, 51.170327939550333 ], [ 71.4466047, 51.1701913 ], [ 71.4464469, 51.1701791 ] ] ], [ [ [ 71.4474236, 51.1702156 ], [ 71.447371514817334, 51.170437639563488 ], [ 71.448107215055998, 51.170507039575739 ], [ 71.4481594, 51.170285 ], [ 71.4474236, 51.1702156 ] ] ], [ [ [ 71.4474156, 51.17050720000001 ], [ 71.44738091481203, 51.170635039563336 ], [ 71.448045615027141, 51.170709639574376 ], [ 71.4480802, 51.1705819 ], [ 71.4474156, 51.17050720000001 ] ] ], [ [ [ 71.446970714658377, 51.171080539555696 ], [ 71.447044314681932, 51.171094739556914 ], [ 71.447212514739178, 51.171047639559816 ], [ 71.4472656, 51.1709293 ], [ 71.44701670000002, 51.1708552 ], [ 71.4467673, 51.1708077 ], [ 71.446719214582743, 51.170917039551732 ], [ 71.446970714658377, 51.171080539555696 ] ] ], [ [ [ 71.447522414828043, 51.17135123956453 ], [ 71.447749214901435, 51.171376539568307 ], [ 71.4478003, 51.1712164 ], [ 71.4477583, 51.1711781 ], [ 71.4475424, 51.171153199999985 ], [ 71.447496214820561, 51.171324639564141 ], [ 71.447522414828043, 51.17135123956453 ] ] ], [ [ [ 71.4484653, 51.1487957 ], [ 71.448397016068654, 51.14891513961593 ], [ 71.4486193161393, 51.148969139619581 ], [ 71.4486869, 51.1488495 ], [ 71.4484653, 51.1487957 ] ] ], [ [ [ 71.448889616200077, 51.149626839623046 ], [ 71.448993316241229, 51.149459739625058 ], [ 71.4489439, 51.1493064 ], [ 71.4486131, 51.1492255 ], [ 71.448469516068968, 51.149468039616238 ], [ 71.448653316125004, 51.149569139619153 ], [ 71.448889616200077, 51.149626839623046 ] ] ], [ [ [ 71.4476532, 51.1496574 ], [ 71.4475006, 51.1496161 ], [ 71.447407515707951, 51.14976293959792 ], [ 71.447560015756238, 51.149804239600407 ], [ 71.4476532, 51.1496574 ] ] ], [ [ [ 71.448205, 51.1496551 ], [ 71.448095615930598, 51.149837039609352 ], [ 71.448281315989547, 51.1498838396124 ], [ 71.4483907, 51.1497019 ], [ 71.448205, 51.1496551 ] ] ], [ [ [ 71.4485793, 51.14979060000001 ], [ 71.448475216050554, 51.14994603961555 ], [ 71.448641516103109, 51.149993439618278 ], [ 71.4487456, 51.1498379 ], [ 71.4485793, 51.14979060000001 ] ] ], [ [ [ 71.4476818, 51.149888 ], [ 71.4474796, 51.1498313 ], [ 71.447371715686373, 51.14999433959693 ], [ 71.447573915750326, 51.150051039600235 ], [ 71.4476818, 51.149888 ] ] ], [ [ [ 71.4479923, 51.1499829 ], [ 71.447890715850676, 51.150135839605426 ], [ 71.448036615896797, 51.150177139607798 ], [ 71.4481382, 51.1500241 ], [ 71.4479923, 51.1499829 ] ] ], [ [ [ 71.4470403, 51.1500708 ], [ 71.44698301555114, 51.150174939590094 ], [ 71.447164815608943, 51.150218939593088 ], [ 71.4472221, 51.1501148 ], [ 71.4470403, 51.1500708 ] ] ], [ [ [ 71.4482558, 51.1500625 ], [ 71.448177615941717, 51.150209039610125 ], [ 71.44835061599683, 51.150248239612971 ], [ 71.448428800000016, 51.1501017 ], [ 71.4482558, 51.1500625 ] ] ], [ [ [ 71.4473171, 51.1501442 ], [ 71.447239115630822, 51.150277839594246 ], [ 71.447366215671181, 51.150309739596338 ], [ 71.4474442, 51.1501761 ], [ 71.4473171, 51.1501442 ] ] ], [ [ [ 71.4485465, 51.1501156 ], [ 71.448458516032375, 51.150244739614777 ], [ 71.448608416079693, 51.150288939617234 ], [ 71.4486964, 51.1501598 ], [ 71.4485465, 51.1501156 ] ] ], [ [ [ 71.4471229, 51.150301399999982 ], [ 71.447067815569994, 51.150386239591185 ], [ 71.447284315638314, 51.150450539594722 ], [ 71.4473394, 51.1503656 ], [ 71.4471229, 51.150301399999982 ] ] ], [ [ [ 71.448750700000019, 51.1503605 ], [ 71.4485693, 51.1503074 ], [ 71.448470316027439, 51.150452439614654 ], [ 71.448651716084697, 51.150505439617611 ], [ 71.448750700000019, 51.1503605 ] ] ], [ [ [ 71.4477397, 51.1503716 ], [ 71.447648115753864, 51.150540839600687 ], [ 71.447788715798637, 51.150572839602994 ], [ 71.4478802, 51.1504036 ], [ 71.4477397, 51.1503716 ] ] ], [ [ [ 71.448132, 51.1503845 ], [ 71.448065815892093, 51.150513739607753 ], [ 71.448213815939269, 51.150546239610186 ], [ 71.4482799, 51.150417 ], [ 71.448132, 51.1503845 ] ] ], [ [ [ 71.4471231, 51.1505175 ], [ 71.4468022, 51.1504309 ], [ 71.446709715444356, 51.150577339584856 ], [ 71.447030515545961, 51.150663939590103 ], [ 71.4471231, 51.1505175 ] ] ], [ [ [ 71.4482859, 51.1505046 ], [ 71.448185015925731, 51.150642739609538 ], [ 71.448332915972287, 51.15068933961193 ], [ 71.4484339, 51.15055120000001 ], [ 71.4482859, 51.1505046 ] ] ], [ [ [ 71.4475483, 51.1506028 ], [ 71.447445615677623, 51.150771239596907 ], [ 71.447638915738935, 51.150821039600061 ], [ 71.4477417, 51.1506525 ], [ 71.4475483, 51.1506028 ] ] ], [ [ [ 71.4480071, 51.1507625 ], [ 71.447837, 51.1507134 ], [ 71.447756515776945, 51.150834939602028 ], [ 71.447926615830681, 51.150884039604797 ], [ 71.4480071, 51.1507625 ] ] ], [ [ [ 71.4481581, 51.1507896 ], [ 71.4480809158797, 51.150922039607345 ], [ 71.448278415942426, 51.150971539610573 ], [ 71.4483556, 51.1508391 ], [ 71.4481581, 51.1507896 ] ] ], [ [ [ 71.4467781, 51.1508067 ], [ 71.446696615424088, 51.15095353958403 ], [ 71.446989915517392, 51.151022839588833 ], [ 71.4470714, 51.150876 ], [ 71.4467781, 51.1508067 ] ] ], [ [ [ 71.4473587, 51.1509281 ], [ 71.447291815615699, 51.151040739593874 ], [ 71.447461515669502, 51.151084839596656 ], [ 71.4475283, 51.1509721 ], [ 71.4473587, 51.1509281 ] ] ], [ [ [ 71.4477664, 51.151033399999989 ], [ 71.447690715741913, 51.151151539600413 ], [ 71.447848015791664, 51.151195439602972 ], [ 71.4479236, 51.151077299999983 ], [ 71.4477664, 51.151033399999989 ] ] ], [ [ [ 71.447920715804386, 51.15145743960376 ], [ 71.4479168, 51.1513784 ], [ 71.4478404, 51.1513362 ], [ 71.4477386, 51.1513402 ], [ 71.4476712, 51.1513881 ], [ 71.447675115723385, 51.151467039599616 ], [ 71.447751515746674, 51.151509339600835 ], [ 71.447853315780236, 51.151505339602551 ], [ 71.447920715804386, 51.15145743960376 ] ] ], [ [ [ 71.4489128, 51.1526617 ], [ 71.4487548, 51.1528232 ], [ 71.448752316018656, 51.152838339615471 ], [ 71.448853616050243, 51.15287733961712 ], [ 71.449011716108984, 51.152715839620029 ], [ 71.4490142, 51.1527007 ], [ 71.4489128, 51.1526617 ] ] ], [ [ [ 71.4475009, 51.1533221 ], [ 71.4472974, 51.1532483 ], [ 71.447195615485114, 51.153371139588451 ], [ 71.447399115548791, 51.153444939591751 ], [ 71.4475009, 51.1533221 ] ] ], [ [ [ 71.448722691743953, 51.153739875366462 ], [ 71.4487525, 51.1535582 ], [ 71.4482176, 51.1533139 ], [ 71.4479399, 51.1532087 ], [ 71.4476253, 51.153132 ], [ 71.4475509, 51.1532092 ], [ 71.4475210871895, 51.153390875131059 ], [ 71.448647591408417, 51.153817875349802 ], [ 71.448722691743953, 51.153739875366462 ] ] ], [ [ [ 71.4489012, 51.153521 ], [ 71.448751115982219, 51.15368703961407 ], [ 71.448997316058993, 51.153781839618063 ], [ 71.4491475, 51.1536158 ], [ 71.4489012, 51.153521 ] ] ], [ [ [ 71.448289615819746, 51.153946339605881 ], [ 71.4484155, 51.153837 ], [ 71.4473104, 51.1534584 ], [ 71.447179, 51.1535779 ], [ 71.447176515469437, 51.153593039587768 ], [ 71.448123315766878, 51.153905939603163 ], [ 71.448289615819746, 51.153946339605881 ] ] ], [ [ [ 71.4472483, 51.1536577 ], [ 71.447135015434256, 51.154100339586236 ], [ 71.447311815491503, 51.15411843958919 ], [ 71.4474251, 51.1536757 ], [ 71.4472483, 51.1536577 ] ] ], [ [ [ 71.4486579, 51.1539058 ], [ 71.448540015889918, 51.154228939609638 ], [ 71.44870471594362, 51.154237439612402 ], [ 71.4488253, 51.1539591 ], [ 71.4486579, 51.1539058 ] ] ], [ [ [ 71.449127948242307, 51.154312918858331 ], [ 71.449147, 51.1542045 ], [ 71.4491078, 51.1540625 ], [ 71.4489371, 51.1540502 ], [ 71.448892848012989, 51.154295918846564 ], [ 71.449127948242307, 51.154312918858331 ] ] ], [ [ [ 71.447027, 51.1541568 ], [ 71.446991215379015, 51.154289539583516 ], [ 71.447195215445007, 51.154312339586902 ], [ 71.4472311, 51.1541796 ], [ 71.447027, 51.1541568 ] ] ], [ [ [ 71.448163631515612, 51.154448079205963 ], [ 71.4482193, 51.154228699999983 ], [ 71.4474471, 51.1541472 ], [ 71.4473433, 51.1542772 ], [ 71.447324330972208, 51.154359579178063 ], [ 71.448163631515612, 51.154448079205963 ] ] ], [ [ [ 71.4484845, 51.15432830000001 ], [ 71.448446047535185, 51.15459321882259 ], [ 71.448621547706736, 51.154602918831394 ], [ 71.44866, 51.1543381 ], [ 71.4484845, 51.15432830000001 ] ] ], [ [ [ 71.4474562, 51.154499 ], [ 71.4473162, 51.154521 ], [ 71.447347315481849, 51.154620039588963 ], [ 71.447487315528733, 51.154598039591349 ], [ 71.4474562, 51.154499 ] ] ], [ [ [ 71.4478921, 51.154745699999985 ], [ 71.447758, 51.1547687 ], [ 71.447791115617065, 51.154865439596016 ], [ 71.447925215662067, 51.154842439598312 ], [ 71.4478921, 51.154745699999985 ] ] ], [ [ [ 71.4485181, 51.1547369 ], [ 71.4484904158479, 51.154835139607812 ], [ 71.448627015892029, 51.15485143961007 ], [ 71.4486547, 51.1547532 ], [ 71.4485181, 51.1547369 ] ] ], [ [ [ 71.4490953, 51.154833 ], [ 71.4489446, 51.1548119 ], [ 71.448913215983552, 51.154908339614792 ], [ 71.449063916032117, 51.154929439617305 ], [ 71.4490953, 51.154833 ] ] ], [ [ [ 71.4470941, 51.1548901 ], [ 71.4469541, 51.1549122 ], [ 71.446985215346388, 51.15501123958223 ], [ 71.447125215393257, 51.154989139584636 ], [ 71.4470941, 51.1548901 ] ] ], [ [ [ 71.4472807, 51.1547946 ], [ 71.4471198, 51.1548205 ], [ 71.447117315397193, 51.154835639584739 ], [ 71.44723461542354, 51.155121639586255 ], [ 71.447395515477467, 51.155095639588993 ], [ 71.447398, 51.155080499999983 ], [ 71.4472807, 51.1547946 ] ] ], [ [ [ 71.448007715681157, 51.155030439599386 ], [ 71.4479746, 51.1549337 ], [ 71.4478405, 51.1549567 ], [ 71.447873615636169, 51.15505343959709 ], [ 71.448007715681157, 51.155030439599386 ] ] ], [ [ [ 71.4471504, 51.1550121 ], [ 71.4470104, 51.1550341 ], [ 71.447041515359686, 51.155133139582986 ], [ 71.447181515406555, 51.155111139585372 ], [ 71.4471504, 51.1550121 ] ] ], [ [ [ 71.448474600000011, 51.1550478 ], [ 71.44834, 51.1550696 ], [ 71.448371315794702, 51.155166639605284 ], [ 71.448505915839803, 51.155144839607566 ], [ 71.448474600000011, 51.1550478 ] ] ], [ [ [ 71.448071415696617, 51.155158739600253 ], [ 71.4480383, 51.155062 ], [ 71.4479042, 51.155085 ], [ 71.447937315651629, 51.155181739597943 ], [ 71.448071415696617, 51.155158739600253 ] ] ], [ [ [ 71.4480933, 51.155202 ], [ 71.4479592, 51.155225 ], [ 71.44799231566374, 51.155321739598662 ], [ 71.448126415708728, 51.155298739600937 ], [ 71.4480933, 51.155202 ] ] ], [ [ [ 71.4489394, 51.1552075 ], [ 71.4488047, 51.1552293 ], [ 71.448836015940444, 51.155326339612813 ], [ 71.448970615985559, 51.155304539615116 ], [ 71.4489394, 51.1552075 ] ] ], [ [ [ 71.4485626, 51.1552287 ], [ 71.4484238, 51.1552515 ], [ 71.448491215822685, 51.155434439606843 ], [ 71.448630015869227, 51.155411739609221 ], [ 71.4485626, 51.1552287 ] ] ], [ [ [ 71.4481563, 51.1553593 ], [ 71.4480222, 51.1553823 ], [ 71.448055315677721, 51.155479039599463 ], [ 71.448189415722723, 51.155456039601738 ], [ 71.4481563, 51.1553593 ] ] ], [ [ [ 71.44727, 51.155369 ], [ 71.4471223, 51.1553915 ], [ 71.447186415388302, 51.155578639584689 ], [ 71.447334215437763, 51.155556139587205 ], [ 71.44727, 51.155369 ] ] ], [ [ [ 71.4482113, 51.1554695 ], [ 71.4480772, 51.1554925 ], [ 71.448110315691096, 51.155589239600197 ], [ 71.448244415736085, 51.155566239602486 ], [ 71.4482113, 51.1554695 ] ] ], [ [ [ 71.449155116034873, 51.15556953961778 ], [ 71.44912, 51.1554585 ], [ 71.4489546, 51.155484 ], [ 71.448989715979508, 51.155595039614951 ], [ 71.449155116034873, 51.15556953961778 ] ] ], [ [ [ 71.4486672, 51.1554837 ], [ 71.4485284, 51.1555065 ], [ 71.44859581584619, 51.155689439608189 ], [ 71.448734615892718, 51.155666739610545 ], [ 71.4486672, 51.1554837 ] ] ], [ [ [ 71.4491457, 51.1556272 ], [ 71.4490297, 51.1556488 ], [ 71.449064815997858, 51.155743039615977 ], [ 71.449180816036844, 51.155721339617962 ], [ 71.4491457, 51.1556272 ] ] ], [ [ [ 71.447452715464777, 51.15583553958875 ], [ 71.4473824, 51.1556494 ], [ 71.4472355, 51.1556741 ], [ 71.447305815415532, 51.155860139586231 ], [ 71.447452715464777, 51.15583553958875 ] ] ], [ [ [ 71.4487624, 51.1557293 ], [ 71.4486236, 51.1557521 ], [ 71.448691115867049, 51.155935039609368 ], [ 71.448829815913527, 51.155912339611746 ], [ 71.4487624, 51.1557293 ] ] ], [ [ [ 71.447678215540634, 51.155792739592606 ], [ 71.447847115583883, 51.156079539594963 ], [ 71.447986615630668, 51.156055939597358 ], [ 71.4483428, 51.1557639 ], [ 71.4483139, 51.15569630000001 ], [ 71.4479839, 51.1556529 ], [ 71.4476512, 51.155709 ], [ 71.447678215540634, 51.155792739592606 ] ] ], [ [ [ 71.448541915813237, 51.156048839606697 ], [ 71.448496, 51.1559168 ], [ 71.4484125, 51.1559304 ], [ 71.448458383334625, 51.156062361227839 ], [ 71.4483286, 51.1560823 ], [ 71.448359415747632, 51.15618283960341 ], [ 71.44850261579559, 51.156160839605853 ], [ 71.448467435850773, 51.156060970472737 ], [ 71.448541915813237, 51.156048839606697 ] ] ], [ [ [ 71.4489408, 51.1559394 ], [ 71.4487367, 51.155972699999985 ], [ 71.448769615886931, 51.156073139610498 ], [ 71.44897361595531, 51.156039939613969 ], [ 71.4489408, 51.1559394 ] ] ], [ [ [ 71.4475057, 51.1559405 ], [ 71.4473588, 51.1559651 ], [ 71.44742911544364, 51.156151239587828 ], [ 71.447576115492936, 51.156126639590354 ], [ 71.4475057, 51.1559405 ] ] ], [ [ [ 71.4471195, 51.1559809 ], [ 71.4469726, 51.1560055 ], [ 71.447042915315151, 51.156191539581265 ], [ 71.44718981536441, 51.156166939583791 ], [ 71.4471195, 51.1559809 ] ] ], [ [ [ 71.4490283, 51.1561455 ], [ 71.4488242, 51.1561787 ], [ 71.448857115906918, 51.156279239611621 ], [ 71.449061115975269, 51.156246039615098 ], [ 71.4490283, 51.1561455 ] ] ], [ [ [ 71.4479685, 51.1562238 ], [ 71.4478285, 51.1562458 ], [ 71.447859615576704, 51.156344839594745 ], [ 71.447999615623587, 51.156322839597138 ], [ 71.4479685, 51.1562238 ] ] ], [ [ [ 71.447686015518272, 51.156378939591775 ], [ 71.4476157, 51.1561928 ], [ 71.4474688, 51.1562174 ], [ 71.447539115468999, 51.15640353958927 ], [ 71.447686015518272, 51.156378939591775 ] ] ], [ [ [ 71.4472792, 51.1563457 ], [ 71.4471392, 51.1563678 ], [ 71.447170215345238, 51.156466839582947 ], [ 71.447310315392187, 51.156444739585353 ], [ 71.4472792, 51.1563457 ] ] ], [ [ [ 71.4490648, 51.1563968 ], [ 71.448931, 51.156420400000016 ], [ 71.448967215932754, 51.15652183961307 ], [ 71.449100915977624, 51.156498239615345 ], [ 71.4490648, 51.1563968 ] ] ], [ [ [ 71.448403515747401, 51.156529239603586 ], [ 71.4483727, 51.1564287 ], [ 71.4482295, 51.1564507 ], [ 71.448260315699471, 51.156551239601129 ], [ 71.448403515747401, 51.156529239603586 ] ] ], [ [ [ 71.4486297, 51.1564191 ], [ 71.4484768, 51.156446099999989 ], [ 71.448520315784265, 51.156563939605498 ], [ 71.448673215835584, 51.156537039608104 ], [ 71.4486297, 51.1564191 ] ] ], [ [ [ 71.4481005, 51.156472 ], [ 71.4478308, 51.156513399999987 ], [ 71.447861615565941, 51.156613939594344 ], [ 71.448131415656249, 51.15657253959894 ], [ 71.4481005, 51.156472 ] ] ], [ [ [ 71.447779515538144, 51.156633539592931 ], [ 71.4477487, 51.156533 ], [ 71.4474789, 51.1565744 ], [ 71.447509815447873, 51.156674939588342 ], [ 71.447779515538144, 51.156633539592931 ] ] ], [ [ [ 71.4473801, 51.1565969 ], [ 71.447237, 51.1566189 ], [ 71.44726781536653, 51.156719439584194 ], [ 71.447410915414451, 51.156697439586637 ], [ 71.4473801, 51.1565969 ] ] ], [ [ [ 71.4471763, 51.1566331 ], [ 71.4470331, 51.1566551 ], [ 71.447063915298074, 51.156755639580695 ], [ 71.447207115346004, 51.156733639583159 ], [ 71.4471763, 51.1566331 ] ] ], [ [ [ 71.449199215999371, 51.156745939616584 ], [ 71.4491631, 51.1566445 ], [ 71.4490294, 51.156668 ], [ 71.449065515954473, 51.156769439614308 ], [ 71.449199215999371, 51.156745939616584 ] ] ], [ [ [ 71.4487193, 51.156653699999985 ], [ 71.4484643, 51.1566937 ], [ 71.448532215774506, 51.156885539605163 ], [ 71.448787215859909, 51.156845639609507 ], [ 71.4487193, 51.156653699999985 ] ] ], [ [ [ 71.44885, 51.1569139 ], [ 71.4481694, 51.1570156 ], [ 71.448207115657127, 51.157136739599288 ], [ 71.448887715884823, 51.157035039610896 ], [ 71.44885, 51.1569139 ] ] ], [ [ [ 71.447599915453253, 51.157243939588916 ], [ 71.4475016, 51.1569913 ], [ 71.4473625, 51.157014599999989 ], [ 71.447460715406578, 51.157267139586537 ], [ 71.447599915453253, 51.157243939588916 ] ] ], [ [ [ 71.4480446, 51.1570844 ], [ 71.4479026, 51.1571067 ], [ 71.447933715564446, 51.15720593959459 ], [ 71.448075615611955, 51.157183739597002 ], [ 71.4480446, 51.1570844 ] ] ], [ [ [ 71.4477917, 51.1571271 ], [ 71.4476497, 51.1571494 ], [ 71.447680815479615, 51.157248639590257 ], [ 71.447822815527161, 51.157226439592698 ], [ 71.4477917, 51.1571271 ] ] ], [ [ [ 71.447421215392453, 51.157294739585829 ], [ 71.4473902, 51.1571955 ], [ 71.4472482, 51.157217699999983 ], [ 71.447279215344892, 51.157317039583397 ], [ 71.447421215392453, 51.157294739585829 ] ] ], [ [ [ 71.4483595, 51.1612962 ], [ 71.448346431043134, 51.161420379189316 ], [ 71.448579031195166, 51.161428279197089 ], [ 71.4485921, 51.1613041 ], [ 71.4483595, 51.1612962 ] ] ], [ [ [ 71.4489606, 51.1614978 ], [ 71.448937178543744, 51.161630698021696 ], [ 71.449093178797725, 51.161640398034713 ], [ 71.4491166, 51.1615095 ], [ 71.4489606, 51.1614978 ] ] ], [ [ [ 71.448467164533156, 51.161560697751078 ], [ 71.4471, 51.161474 ], [ 71.447069475471224, 51.161662397864497 ], [ 71.448436577696853, 51.161749097978664 ], [ 71.448446515542329, 51.161688539595595 ], [ 71.448526615568383, 51.161693639597203 ], [ 71.4485555, 51.161515 ], [ 71.4484754, 51.16151 ], [ 71.448467164533156, 51.161560697751078 ] ] ], [ [ [ 71.4468815, 51.1618543 ], [ 71.446848075025741, 51.162048497842719 ], [ 71.44866927798833, 51.162174997994732 ], [ 71.4487026, 51.1619808 ], [ 71.4468815, 51.1618543 ] ] ], [ [ [ 71.4490695, 51.1616551 ], [ 71.448949578406925, 51.162370398016677 ], [ 71.449132378704405, 51.162382598031925 ], [ 71.4492523, 51.161666799999985 ], [ 71.4490695, 51.1616551 ] ] ], [ [ [ 71.4477674, 51.1621741 ], [ 71.447750215287343, 51.162308739583139 ], [ 71.44800421537019, 51.162321039587397 ], [ 71.4480214, 51.1621864 ], [ 71.4477674, 51.1621741 ] ] ], [ [ [ 71.4475889, 51.1623933 ], [ 71.4474177, 51.1624482 ], [ 71.447476915187835, 51.162539039578178 ], [ 71.447648115246366, 51.16248413958116 ], [ 71.4475889, 51.1623933 ] ] ], [ [ [ 71.4481938, 51.1623641 ], [ 71.448160077071662, 51.162555297948849 ], [ 71.44933237897699, 51.162644898046587 ], [ 71.4493664, 51.1624535 ], [ 71.4481938, 51.1623641 ] ] ], [ [ [ 71.447761015278246, 51.162605939582846 ], [ 71.4476964, 51.1625201 ], [ 71.4475197, 51.1625861 ], [ 71.447517215198417, 51.162601239578763 ], [ 71.44758421521739, 51.162671939579766 ], [ 71.447761015278246, 51.162605939582846 ] ] ], [ [ [ 71.4477745, 51.1626887 ], [ 71.4476373, 51.1627444 ], [ 71.447678115242724, 51.162801439581138 ], [ 71.447815215290106, 51.162745739583521 ], [ 71.4477745, 51.1626887 ] ] ], [ [ [ 71.4481234, 51.1626693 ], [ 71.4479595, 51.1627358 ], [ 71.448016015353375, 51.162808139586808 ], [ 71.448179915410009, 51.162741639589662 ], [ 71.4481234, 51.1626693 ] ] ], [ [ [ 71.448542015526712, 51.162792939595668 ], [ 71.4484855, 51.1627173 ], [ 71.448340400000021, 51.1627728 ], [ 71.448337915459931, 51.162787939592249 ], [ 71.448396915476721, 51.162848539593128 ], [ 71.448542015526712, 51.162792939595668 ] ] ], [ [ [ 71.449292031537553, 51.16290817921621 ], [ 71.4493221, 51.1628014 ], [ 71.449202, 51.1626923 ], [ 71.4490746, 51.162687 ], [ 71.449051231386704, 51.162822479208401 ], [ 71.449146831443301, 51.162895079211381 ], [ 71.449292031537553, 51.16290817921621 ] ] ], [ [ [ 71.44787, 51.1627822 ], [ 71.4477235, 51.1628317 ], [ 71.447796115275821, 51.162934339582904 ], [ 71.447942615326014, 51.162884839585452 ], [ 71.44787, 51.1627822 ] ] ], [ [ [ 71.448701815572619, 51.162947239598111 ], [ 71.4486239, 51.1628514 ], [ 71.4483994, 51.162939299999984 ], [ 71.448396915472216, 51.162954439592959 ], [ 71.448477415495191, 51.163035239594187 ], [ 71.448701815572619, 51.162947239598111 ] ] ], [ [ [ 71.4480209, 51.1629176 ], [ 71.4478335, 51.162971299999988 ], [ 71.44788731530025, 51.163063839584233 ], [ 71.44807481536408, 51.163010139587463 ], [ 71.4480209, 51.1629176 ] ] ], [ [ [ 71.4490599, 51.1629279 ], [ 71.449052015684899, 51.163010339603865 ], [ 71.449191615730541, 51.163014739606218 ], [ 71.4491994, 51.1629323 ], [ 71.4490599, 51.1629279 ] ] ], [ [ [ 71.4488144, 51.1629631 ], [ 71.4486247, 51.163015 ], [ 71.448686615560163, 51.16312263959756 ], [ 71.448876315624659, 51.163070739600826 ], [ 71.4488144, 51.1629631 ] ] ], [ [ [ 71.4481208, 51.1630454 ], [ 71.4479381, 51.1631042 ], [ 71.447989215328562, 51.16318493958574 ], [ 71.448171915391043, 51.163126139588904 ], [ 71.4481208, 51.1630454 ] ] ], [ [ [ 71.4482453, 51.1631618 ], [ 71.4480239, 51.1632219 ], [ 71.448091215355547, 51.163337939587215 ], [ 71.448312515430743, 51.163277839591004 ], [ 71.4482453, 51.1631618 ] ] ], [ [ [ 71.4490164, 51.1631774 ], [ 71.4488903, 51.1632229 ], [ 71.448965615643246, 51.163322839601904 ], [ 71.449091615686555, 51.163277439604109 ], [ 71.4490164, 51.1631774 ] ] ], [ [ [ 71.447878215285613, 51.163337639583609 ], [ 71.4477734, 51.1632165 ], [ 71.4475867, 51.1632909 ], [ 71.447691515221166, 51.163411939580364 ], [ 71.447878215285613, 51.163337639583609 ] ] ], [ [ [ 71.4488139, 51.1632628 ], [ 71.4486784, 51.1633043 ], [ 71.448734915564444, 51.163395139597917 ], [ 71.448870415610685, 51.163353639600274 ], [ 71.4488139, 51.1632628 ] ] ], [ [ [ 71.4491313, 51.1633137 ], [ 71.4489896, 51.1633539 ], [ 71.449041715663071, 51.163444639603007 ], [ 71.449183315711267, 51.163404439605436 ], [ 71.4491313, 51.1633137 ] ] ], [ [ [ 71.448678615544466, 51.163430539596924 ], [ 71.4486088, 51.163318 ], [ 71.4484935, 51.1633516 ], [ 71.448563215505146, 51.163464139594929 ], [ 71.448678615544466, 51.163430539596924 ] ] ], [ [ [ 71.4474683, 51.163402799999986 ], [ 71.4473587, 51.1634406 ], [ 71.447415215125744, 51.16352303957553 ], [ 71.447524815163334, 51.16348523957744 ], [ 71.4474683, 51.163402799999986 ] ] ], [ [ [ 71.448405, 51.1633823 ], [ 71.4482682, 51.163426100000017 ], [ 71.448348615431328, 51.163543139591177 ], [ 71.448485415478089, 51.163499439593565 ], [ 71.448405, 51.1633823 ] ] ], [ [ [ 71.44830301541478, 51.163580239590367 ], [ 71.4481816, 51.1634401 ], [ 71.4480609, 51.1634872 ], [ 71.44818231537316, 51.163627239588273 ], [ 71.44830301541478, 51.163580239590367 ] ] ], [ [ [ 71.449345215756509, 51.163590639607854 ], [ 71.4493291, 51.1635122 ], [ 71.449307, 51.1634826 ], [ 71.4492532, 51.1634582 ], [ 71.449099500000017, 51.1635082 ], [ 71.449188815703152, 51.163637939605152 ], [ 71.449345215756509, 51.163590639607854 ] ] ], [ [ [ 71.4479872, 51.1635207 ], [ 71.4478585, 51.1635728 ], [ 71.447856015267703, 51.163587939582833 ], [ 71.447986515305161, 51.163714739584833 ], [ 71.448115315349654, 51.163662639587088 ], [ 71.4481178, 51.16364750000001 ], [ 71.4479872, 51.1635207 ] ] ], [ [ [ 71.4477702, 51.1635837 ], [ 71.4476602, 51.1636308 ], [ 71.447657715200123, 51.163645939579403 ], [ 71.447804215242513, 51.163780339581649 ], [ 71.447914115280597, 51.163733239583578 ], [ 71.4479166, 51.1637181 ], [ 71.4477702, 51.1635837 ] ] ], [ [ [ 71.4493608, 51.1636006 ], [ 71.4492384, 51.163643699999987 ], [ 71.449311615738978, 51.163743339607038 ], [ 71.449434015781009, 51.163700239609163 ], [ 71.4493608, 51.1636006 ] ] ], [ [ [ 71.4475936, 51.1636374 ], [ 71.4474622, 51.1636929 ], [ 71.447459715132482, 51.16370803957598 ], [ 71.44757881516685, 51.16381903957781 ], [ 71.44771031521239, 51.163763539580096 ], [ 71.4477128, 51.1637484 ], [ 71.4475936, 51.1636374 ] ] ], [ [ [ 71.4491635, 51.1636705 ], [ 71.4490314, 51.1637134 ], [ 71.449102315667119, 51.163817339603419 ], [ 71.449234415712326, 51.163774439605689 ], [ 71.4491635, 51.1636705 ] ] ], [ [ [ 71.449027215640967, 51.163852639602077 ], [ 71.4489253, 51.163718699999983 ], [ 71.4487939, 51.163764099999987 ], [ 71.44889581559589, 51.1638980395998 ], [ 71.449027215640967, 51.163852639602077 ] ] ], [ [ [ 71.448650715513011, 51.163954539595579 ], [ 71.448793515561931, 51.163907239598068 ], [ 71.448796, 51.1638921 ], [ 71.4487016, 51.1637319 ], [ 71.4486073, 51.1636893 ], [ 71.4484799, 51.163730799999989 ], [ 71.448448015453323, 51.163793539592447 ], [ 71.448530150460414, 51.16387664128009 ], [ 71.4484182, 51.1639082 ], [ 71.448415715437207, 51.163923339591683 ], [ 71.44847471545306, 51.16400573959254 ], [ 71.448609515498944, 51.163967839594889 ], [ 71.448581190313064, 51.163909618699769 ], [ 71.448650715513011, 51.163954539595579 ] ] ], [ [ [ 71.448418615434207, 51.164016039591594 ], [ 71.4483674, 51.1639387 ], [ 71.4482143, 51.1639906 ], [ 71.448211815366747, 51.164005739588134 ], [ 71.448265515381749, 51.164067939588925 ], [ 71.448418615434207, 51.164016039591594 ] ] ], [ [ [ 71.4481488, 51.1639912 ], [ 71.4480388, 51.1640265 ], [ 71.448107215327198, 51.16412853958618 ], [ 71.448217215364807, 51.164093239588077 ], [ 71.4481488, 51.1639912 ] ] ], [ [ [ 71.4479469, 51.1640355 ], [ 71.4477879, 51.164093199999989 ], [ 71.447873915247371, 51.164204239582133 ], [ 71.448032915302022, 51.164146439584897 ], [ 71.4479469, 51.1640355 ] ] ], [ [ [ 71.447773715213231, 51.164233639580388 ], [ 71.4477118, 51.1641328 ], [ 71.4475894, 51.1641689 ], [ 71.447651315171498, 51.164269839578289 ], [ 71.447773715213231, 51.164233639580388 ] ] ], [ [ [ 71.4474285, 51.1641336 ], [ 71.4473199, 51.1641727 ], [ 71.447317415065356, 51.164187839572811 ], [ 71.447485015112605, 51.164370739575325 ], [ 71.44759351514989, 51.164331639577199 ], [ 71.447596, 51.164316499999984 ], [ 71.4474285, 51.1641336 ] ] ], [ [ [ 71.449102162393046, 51.165487958403055 ], [ 71.449572963036232, 51.165341758435673 ], [ 71.450014363650226, 51.165140058466648 ], [ 71.4500243, 51.1650795 ], [ 71.4494385, 51.1643375 ], [ 71.4480502, 51.1647686 ], [ 71.448040261110435, 51.164829158336019 ], [ 71.448471761584216, 51.165375658361427 ], [ 71.449102162393046, 51.165487958403055 ] ] ], [ [ [ 71.4477966, 51.1648939 ], [ 71.4475719, 51.1649536 ], [ 71.44762591512989, 51.165052239576575 ], [ 71.447850615206207, 51.164992539580453 ], [ 71.4477966, 51.1648939 ] ] ], [ [ [ 71.44791, 51.1650293 ], [ 71.4477195, 51.165086 ], [ 71.447779015174604, 51.165183039578942 ], [ 71.447969515239549, 51.165126339582223 ], [ 71.44791, 51.1650293 ] ] ], [ [ [ 71.4479798, 51.1651696 ], [ 71.4477893, 51.165221699999982 ], [ 71.447873715198099, 51.165361839580235 ], [ 71.448064315262883, 51.165309839583514 ], [ 71.4479798, 51.1651696 ] ] ], [ [ [ 71.4477624, 51.165275299999983 ], [ 71.447641, 51.1653148 ], [ 71.447704415140478, 51.165409639577305 ], [ 71.447825915182065, 51.165370039579408 ], [ 71.4477624, 51.165275299999983 ] ] ], [ [ [ 71.44770344540936, 51.165531018731471 ], [ 71.447893345564665, 51.165779818739828 ], [ 71.448142845816619, 51.165731218752633 ], [ 71.448313445991218, 51.165680018761499 ], [ 71.4483209, 51.165634599999983 ], [ 71.4481345, 51.1653904 ], [ 71.4478462, 51.165445 ], [ 71.4477109, 51.1654856 ], [ 71.44770344540936, 51.165531018731471 ] ] ], [ [ [ 71.4496286, 51.165892 ], [ 71.4494294, 51.165966899999987 ], [ 71.449499315702255, 51.166057739606394 ], [ 71.449698515770862, 51.165982739609888 ], [ 71.4496286, 51.165892 ] ] ], [ [ [ 71.4494022, 51.1659787 ], [ 71.4492624, 51.166024299999989 ], [ 71.449328115643326, 51.166121539603431 ], [ 71.44946781569115, 51.166075939605854 ], [ 71.4494022, 51.1659787 ] ] ], [ [ [ 71.448390061298284, 51.166426158349068 ], [ 71.448579961558039, 51.166365358362235 ], [ 71.448698461731425, 51.166260958370898 ], [ 71.4487084, 51.1662004 ], [ 71.4485367, 51.1658949 ], [ 71.4484413, 51.1657775 ], [ 71.448029, 51.165909299999988 ], [ 71.448019060888612, 51.165969858327109 ], [ 71.448390061298284, 51.166426158349068 ] ] ], [ [ [ 71.4492022, 51.1660414 ], [ 71.449062500000011, 51.166087 ], [ 71.449128115575007, 51.166184239599957 ], [ 71.449267915622855, 51.166138639602387 ], [ 71.4492022, 51.1660414 ] ] ], [ [ [ 71.4489997, 51.1662883 ], [ 71.448891, 51.1663221 ], [ 71.448969615512084, 51.16644013959688 ], [ 71.449078315549215, 51.166406339598765 ], [ 71.4489997, 51.1662883 ] ] ], [ [ [ 71.4492496, 51.1665594 ], [ 71.449239662381203, 51.166619958404915 ], [ 71.449309362457214, 51.166711258408995 ], [ 71.449570162771423, 51.166877958425438 ], [ 71.450298463765137, 51.166659258475796 ], [ 71.4503084, 51.1665987 ], [ 71.450272500000011, 51.1663539 ], [ 71.4502061, 51.166267 ], [ 71.4492496, 51.1665594 ] ] ], [ [ [ 71.4476777, 51.1668103 ], [ 71.4475276, 51.1668573 ], [ 71.447600115040018, 51.166966739573013 ], [ 71.447750315091341, 51.16691983957562 ], [ 71.4476777, 51.1668103 ] ] ], [ [ [ 71.4478085, 51.166922699999986 ], [ 71.4476345, 51.1669731 ], [ 71.447678915062255, 51.167051939574186 ], [ 71.44785291512153, 51.167001539577186 ], [ 71.4478085, 51.166922699999986 ] ] ], [ [ [ 71.4488589, 51.1669833 ], [ 71.448433, 51.1671208 ], [ 71.44842803060952, 51.167151079173308 ], [ 71.448516030658197, 51.16725817917591 ], [ 71.448941930949587, 51.167120679190681 ], [ 71.4489469, 51.1670904 ], [ 71.4488589, 51.1669833 ] ] ], [ [ [ 71.447871, 51.1670702 ], [ 71.4477209, 51.1671172 ], [ 71.447793415092434, 51.167226639575844 ], [ 71.447943615143757, 51.167179739578422 ], [ 71.447871, 51.1670702 ] ] ], [ [ [ 71.4480132, 51.1671627 ], [ 71.4478555, 51.167212 ], [ 71.447916815129517, 51.167307339577768 ], [ 71.448074515183393, 51.167258039580503 ], [ 71.4480132, 51.1671627 ] ] ], [ [ [ 71.4481018, 51.1672836 ], [ 71.4479726, 51.1673146 ], [ 71.44802551516041, 51.167420539579432 ], [ 71.448154815204177, 51.167389539581642 ], [ 71.4481018, 51.1672836 ] ] ], [ [ [ 71.447910815122071, 51.167436139577468 ], [ 71.4478677, 51.1673486 ], [ 71.4477289, 51.1673831 ], [ 71.447772015075046, 51.167470539575071 ], [ 71.447910815122071, 51.167436139577468 ] ] ], [ [ [ 71.450029889661081, 51.167926375351605 ], [ 71.4500597, 51.1677447 ], [ 71.4498044, 51.1673986 ], [ 71.4495575, 51.1674702 ], [ 71.449527687822226, 51.167651875255743 ], [ 71.449603588068811, 51.167754775269046 ], [ 71.449850188926405, 51.167978475314357 ], [ 71.450029889661081, 51.167926375351605 ] ] ], [ [ [ 71.449335186818217, 51.168133175207487 ], [ 71.449514887553747, 51.168079375244766 ], [ 71.4495447, 51.1678977 ], [ 71.4493489, 51.1675395 ], [ 71.4491022, 51.1676058 ], [ 71.449072385958999, 51.167787475161283 ], [ 71.449335186818217, 51.168133175207487 ] ] ], [ [ [ 71.449031716226912, 51.168976733292119 ], [ 71.4487594, 51.1695155 ], [ 71.448729583633963, 51.169697175054694 ], [ 71.448837383990451, 51.169831075073809 ], [ 71.449673587420818, 51.169566075247609 ], [ 71.4497034, 51.1693844 ], [ 71.4492835, 51.1688634 ], [ 71.449141402819976, 51.168908434334469 ], [ 71.4491644, 51.1687683 ], [ 71.4488587, 51.1683629 ], [ 71.4481184, 51.1682671 ], [ 71.4479408, 51.1683871 ], [ 71.447799513275129, 51.168990519351539 ], [ 71.4477544, 51.1689843 ], [ 71.447722414990153, 51.169083539571602 ], [ 71.447916815052849, 51.169110339574821 ], [ 71.447941677288171, 51.169039461186699 ], [ 71.448080481405896, 51.169050874936481 ], [ 71.44891468471539, 51.16900717510557 ], [ 71.449031716226912, 51.168976733292119 ] ] ], [ [ [ 71.4498945, 51.1685957 ], [ 71.449768, 51.1686355 ], [ 71.449765515679488, 51.168650639606632 ], [ 71.449877715710372, 51.168790739608291 ], [ 71.450004215753594, 51.16875093961049 ], [ 71.4500067, 51.1687358 ], [ 71.4498945, 51.1685957 ] ] ], [ [ [ 71.4480068, 51.1691511 ], [ 71.4478576, 51.169133899999984 ], [ 71.447832015020012, 51.169227639573208 ], [ 71.447981215068282, 51.169244839575697 ], [ 71.4480068, 51.1691511 ] ] ], [ [ [ 71.447804, 51.1692549 ], [ 71.447777114996669, 51.169352939572093 ], [ 71.447932915047062, 51.169371039574663 ], [ 71.4479598, 51.1692729 ], [ 71.447804, 51.1692549 ] ] ], [ [ [ 71.4477262, 51.1693542 ], [ 71.447697314965936, 51.169459139570563 ], [ 71.44786581502045, 51.169478639573363 ], [ 71.4478948, 51.1693736 ], [ 71.4477262, 51.1693542 ] ] ], [ [ [ 71.4477128, 51.1695257 ], [ 71.447684914954749, 51.169627139570082 ], [ 71.447825615000227, 51.169643439572432 ], [ 71.4478535, 51.169542 ], [ 71.4477128, 51.1695257 ] ] ], [ [ [ 71.448335215154415, 51.169952939580483 ], [ 71.448433115187569, 51.169929339582168 ], [ 71.4484718, 51.1698049 ], [ 71.4483029, 51.169577 ], [ 71.4480185, 51.1696611 ], [ 71.448016015061384, 51.16967623957558 ], [ 71.448181015106471, 51.169889839577998 ], [ 71.448335215154415, 51.169952939580483 ] ] ], [ [ [ 71.44920651544065, 51.169950339595133 ], [ 71.449430715506779, 51.170126839598602 ], [ 71.449541015542437, 51.170140139600441 ], [ 71.450035715712204, 51.169968239609027 ], [ 71.4500382, 51.169953099999987 ], [ 71.4497815, 51.1696215 ], [ 71.4496378, 51.1695964 ], [ 71.4493033, 51.1697187 ], [ 71.44920651544065, 51.169950339595133 ] ] ], [ [ [ 71.4486757, 51.1701312 ], [ 71.4475538, 51.1700229 ], [ 71.44752451487993, 51.170147439566534 ], [ 71.448646415243758, 51.1702556395852 ], [ 71.4486757, 51.1701312 ] ] ], [ [ [ 71.448625815224602, 51.170546739584395 ], [ 71.448636262711773, 51.170476466885134 ], [ 71.448780515277775, 51.170491039587091 ], [ 71.4488667, 51.1701505 ], [ 71.4487004, 51.1701337 ], [ 71.44861546318559, 51.170466635833364 ], [ 71.4485608, 51.170463500000011 ], [ 71.448549115199597, 51.170542439583109 ], [ 71.448625815224602, 51.170546739584395 ] ] ], [ [ [ 71.449102015388789, 51.170363239592703 ], [ 71.4490755, 51.1702767 ], [ 71.4488667, 51.170248 ], [ 71.448812915291072, 51.170428239587729 ], [ 71.448911215322767, 51.170442639589368 ], [ 71.449102015388789, 51.170363239592703 ] ] ], [ [ [ 71.4478577, 51.1709645 ], [ 71.447835314945479, 51.171005939570357 ], [ 71.44796671498689, 51.171046639572502 ], [ 71.4479897, 51.1710058 ], [ 71.4478577, 51.1709645 ] ] ], [ [ [ 71.448747615233742, 51.171272439585252 ], [ 71.448874815277975, 51.171214539587488 ], [ 71.449113215370843, 51.170871639592058 ], [ 71.4490272, 51.1707481 ], [ 71.4488082, 51.1708182 ], [ 71.448648415207273, 51.171129039583818 ], [ 71.448747615233742, 51.171272439585252 ] ] ], [ [ [ 71.449925115620758, 51.171264939605067 ], [ 71.4498112, 51.171098799999989 ], [ 71.4489441, 51.1713617 ], [ 71.448941615293023, 51.171376839588348 ], [ 71.449058015324823, 51.171527839590055 ], [ 71.449925115620758, 51.171264939605067 ] ] ], [ [ [ 71.449031515307041, 51.171741239589252 ], [ 71.450154215689864, 51.171409439608659 ], [ 71.4500701, 51.1712791 ], [ 71.4489474, 51.1716109 ], [ 71.449031515307041, 51.171741239589252 ] ] ], [ [ [ 71.449949015608212, 51.171744639604675 ], [ 71.4498757, 51.1716334 ], [ 71.4497659, 51.171554099999987 ], [ 71.4495884, 51.1716091 ], [ 71.449585915494083, 51.171624239598771 ], [ 71.449730460077092, 51.171807564405292 ], [ 71.449336200000019, 51.171918199999986 ], [ 71.449394102631956, 51.172011738584295 ], [ 71.449367615404967, 51.172034139594416 ], [ 71.449541415452444, 51.172259939596998 ], [ 71.449691815503783, 51.172214339599584 ], [ 71.449578784225508, 51.172049168712299 ], [ 71.450184215680309, 51.171865939608416 ], [ 71.450389915736508, 51.172133039611445 ], [ 71.450565615796464, 51.172079939614477 ], [ 71.450518, 51.1718728 ], [ 71.4504149, 51.171738899999987 ], [ 71.450335600000017, 51.1717629 ], [ 71.4502612, 51.1716663 ], [ 71.450173729678141, 51.171689581764184 ], [ 71.450236415705731, 51.171671039609613 ], [ 71.4502389, 51.1716559 ], [ 71.4500963, 51.1714666 ], [ 71.4498682, 51.1715341 ], [ 71.450005140455133, 51.171734454501177 ], [ 71.449840524920447, 51.171778269260557 ], [ 71.449949015608212, 51.171744639604675 ] ] ], [ [ [ 71.4484891, 51.1716426 ], [ 71.4483384, 51.1716854 ], [ 71.44845281511185, 51.171862539579337 ], [ 71.448603615163179, 51.171819739581935 ], [ 71.4484891, 51.1716426 ] ] ], [ [ [ 71.4494571, 51.1716668 ], [ 71.4493666, 51.1716942 ], [ 71.449364115417637, 51.171709339594891 ], [ 71.44948311545015, 51.171863939596641 ], [ 71.449573515480992, 51.171836539598203 ], [ 71.449576, 51.1718214 ], [ 71.4494571, 51.1716668 ] ] ], [ [ [ 71.44910231532667, 51.171826339590318 ], [ 71.44907, 51.1717675 ], [ 71.4489734, 51.1717961 ], [ 71.448970915284164, 51.171811239588123 ], [ 71.449007115294236, 51.171854139588653 ], [ 71.44910231532667, 51.171826339590318 ] ] ], [ [ [ 71.4493732, 51.1717625 ], [ 71.4492301, 51.1718058 ], [ 71.449278515381963, 51.171887039593173 ], [ 71.449421615430808, 51.171843739595637 ], [ 71.4493732, 51.1717625 ] ] ], [ [ [ 71.448769215208003, 51.172044539584363 ], [ 71.4486684, 51.1718913 ], [ 71.4484974, 51.1719416 ], [ 71.448598215149715, 51.172094839581405 ], [ 71.448769215208003, 51.172044539584363 ] ] ], [ [ [ 71.450288415700413, 51.172198339609636 ], [ 71.4501994, 51.1720615 ], [ 71.4498972, 51.1721508 ], [ 71.449895472668132, 51.172166949063978 ], [ 71.4495865, 51.17225830000001 ], [ 71.449584015465874, 51.172273439597667 ], [ 71.449665915488126, 51.172382339598862 ], [ 71.450288415700413, 51.172198339609636 ] ] ], [ [ [ 71.448981615264472, 51.172357339587407 ], [ 71.4488849, 51.1722131 ], [ 71.4487723, 51.1722472 ], [ 71.448869015226023, 51.172391439585468 ], [ 71.448981615264472, 51.172357339587407 ] ] ], [ [ [ 71.4497271, 51.172531 ], [ 71.4496493, 51.1725604 ], [ 71.449691115486232, 51.172621839598904 ], [ 71.449767515512676, 51.172589839600249 ], [ 71.4497271, 51.172531 ] ] ], [ [ [ 71.4504316, 51.147416699999987 ], [ 71.450337716761837, 51.147587339650691 ], [ 71.450508716816259, 51.147626939653485 ], [ 71.4506026, 51.1474562 ], [ 71.4504316, 51.147416699999987 ] ] ], [ [ [ 71.4506632, 51.147468 ], [ 71.4505532168304, 51.147637739654215 ], [ 71.450769016898732, 51.147696739657754 ], [ 71.450879, 51.147527 ], [ 71.4506632, 51.147468 ] ] ], [ [ [ 71.4500373, 51.147712199999987 ], [ 71.44994401662187, 51.147841339643669 ], [ 71.450138716683171, 51.147902339646819 ], [ 71.450232, 51.1477732 ], [ 71.4500373, 51.147712199999987 ] ] ], [ [ [ 71.4503326, 51.1477936 ], [ 71.450250116718408, 51.147933239648665 ], [ 71.450425216773993, 51.147977539651521 ], [ 71.4505078, 51.1478379 ], [ 71.4503326, 51.1477936 ] ] ], [ [ [ 71.4497231, 51.1479019 ], [ 71.449614916504501, 51.14806253963777 ], [ 71.449784016557928, 51.148111139640527 ], [ 71.4498943, 51.1479523 ], [ 71.4497231, 51.1479019 ] ] ], [ [ [ 71.451087, 51.1480078 ], [ 71.4509099, 51.1479669 ], [ 71.45083821690433, 51.148099939658245 ], [ 71.451015316960692, 51.148140839661153 ], [ 71.451087, 51.1480078 ] ] ], [ [ [ 71.4501697, 51.1480341 ], [ 71.450102816660163, 51.148167039645799 ], [ 71.450284516718114, 51.148206139648771 ], [ 71.4503514, 51.1480732 ], [ 71.4501697, 51.1480341 ] ] ], [ [ [ 71.4495771, 51.1481807 ], [ 71.449468916444744, 51.148341339634875 ], [ 71.44963801649817, 51.148389939637624 ], [ 71.4497483, 51.1482311 ], [ 71.4495771, 51.1481807 ] ] ], [ [ [ 71.4509142, 51.1482354 ], [ 71.4507455, 51.1481989 ], [ 71.450674216840355, 51.148339039655113 ], [ 71.450842816894124, 51.148375539657863 ], [ 71.4509142, 51.1482354 ] ] ], [ [ [ 71.4498478, 51.1482932 ], [ 71.449791716547935, 51.148405939640192 ], [ 71.449977816607301, 51.148446239643249 ], [ 71.450034, 51.1483335 ], [ 71.4498478, 51.1482932 ] ] ], [ [ [ 71.4493019, 51.1483107 ], [ 71.449188216346698, 51.14848153962992 ], [ 71.44939681641263, 51.148540539633338 ], [ 71.4495129, 51.1483716 ], [ 71.4493019, 51.1483107 ] ] ], [ [ [ 71.4506774, 51.1483737 ], [ 71.4504937, 51.1483365 ], [ 71.450432016755471, 51.148466639650842 ], [ 71.450615616814133, 51.148503839653856 ], [ 71.4506774, 51.1483737 ] ] ], [ [ [ 71.4491937, 51.1485058 ], [ 71.449102616311464, 51.14864983962822 ], [ 71.449264316362658, 51.148693639630864 ], [ 71.4493555, 51.1485495 ], [ 71.4491937, 51.1485058 ] ] ], [ [ [ 71.4496805, 51.1485096 ], [ 71.449581616468606, 51.148650639636251 ], [ 71.449793816535532, 51.148714639639721 ], [ 71.4498928, 51.1485735 ], [ 71.4496805, 51.1485096 ] ] ], [ [ [ 71.4503807, 51.1485156 ], [ 71.450304316705839, 51.148648839648388 ], [ 71.45046891675814, 51.148689339651106 ], [ 71.4505453, 51.1485562 ], [ 71.4503807, 51.1485156 ] ] ], [ [ [ 71.4509021, 51.1485419 ], [ 71.450813816870948, 51.148697539656865 ], [ 71.450998116929554, 51.14874183965987 ], [ 71.4510864, 51.1485862 ], [ 71.4509021, 51.1485419 ] ] ], [ [ [ 71.4502868, 51.1486914 ], [ 71.450209216667574, 51.148815039646529 ], [ 71.450355416713847, 51.148855139648909 ], [ 71.4504332, 51.1487328 ], [ 71.4502868, 51.1486914 ] ] ], [ [ [ 71.4497406, 51.1487279 ], [ 71.449656016483871, 51.14886613963715 ], [ 71.449828616538582, 51.148911539639975 ], [ 71.4499133, 51.1487733 ], [ 71.4497406, 51.1487279 ] ] ], [ [ [ 71.449219, 51.1488009 ], [ 71.4490416, 51.1487527 ], [ 71.448962816255872, 51.148878539625493 ], [ 71.449140316312082, 51.148926639628392 ], [ 71.449219, 51.1488009 ] ] ], [ [ [ 71.4507572, 51.1487926 ], [ 71.450678716816711, 51.148931339654212 ], [ 71.45083691686699, 51.148969639656812 ], [ 71.4509154, 51.1488308 ], [ 71.4507572, 51.1487926 ] ] ], [ [ [ 71.4496236, 51.148894 ], [ 71.449546716441048, 51.149029839635055 ], [ 71.449714116494278, 51.149070439637796 ], [ 71.449791, 51.14893450000001 ], [ 71.4496236, 51.148894 ] ] ], [ [ [ 71.4491351, 51.1489703 ], [ 71.4489024, 51.1489184 ], [ 71.448834916206721, 51.149048039623068 ], [ 71.449067616280871, 51.149099939626879 ], [ 71.4491351, 51.1489703 ] ] ], [ [ [ 71.4501074, 51.148931 ], [ 71.450030216597867, 51.149073339643095 ], [ 71.450207116654184, 51.149114239645996 ], [ 71.4502843, 51.1489718 ], [ 71.4501074, 51.148931 ] ] ], [ [ [ 71.4506305, 51.1489704 ], [ 71.450548316766742, 51.149100139651743 ], [ 71.450722216821788, 51.149147739654595 ], [ 71.4508044, 51.149018 ], [ 71.4506305, 51.1489704 ] ] ], [ [ [ 71.4496776, 51.149104899999983 ], [ 71.4495039, 51.1490711 ], [ 71.44943171639494, 51.149227339632802 ], [ 71.44960541645051, 51.149261139635655 ], [ 71.4496776, 51.149104899999983 ] ] ], [ [ [ 71.4505326, 51.1491109 ], [ 71.450439616724537, 51.149254339649652 ], [ 71.450633016785716, 51.14930803965283 ], [ 71.450726, 51.1491646 ], [ 71.4505326, 51.1491109 ] ] ], [ [ [ 71.450056116593046, 51.149387439643014 ], [ 71.450165, 51.1492061 ], [ 71.4499783, 51.149159 ], [ 71.4498419, 51.1492474 ], [ 71.449800616511936, 51.149323039638823 ], [ 71.450056116593046, 51.149387439643014 ] ] ], [ [ [ 71.4503945, 51.149279 ], [ 71.450303416672455, 51.149428239647101 ], [ 71.450508916737618, 51.149481639650467 ], [ 71.4505999, 51.1493323 ], [ 71.4503945, 51.149279 ] ] ], [ [ [ 71.4492962, 51.149385 ], [ 71.449199816306376, 51.149520839628416 ], [ 71.44941761637503, 51.149587439631965 ], [ 71.449514, 51.1494516 ], [ 71.4492962, 51.149385 ] ] ], [ [ [ 71.450899800000016, 51.1494177 ], [ 71.450820216837343, 51.149539039655608 ], [ 71.451007716896598, 51.14959263965865 ], [ 71.4510873, 51.1494713 ], [ 71.450899800000016, 51.1494177 ] ] ], [ [ [ 71.4498752, 51.1495527 ], [ 71.449775116487004, 51.149713339637778 ], [ 71.449953116543412, 51.149760239640692 ], [ 71.4500532, 51.1495997 ], [ 71.4498752, 51.1495527 ] ] ], [ [ [ 71.4493471, 51.1496809 ], [ 71.4491554, 51.149626399999988 ], [ 71.44904071624245, 51.1497972396253 ], [ 71.449232016302844, 51.149853139628419 ], [ 71.4493471, 51.1496809 ] ] ], [ [ [ 71.450718716786781, 51.149945539653231 ], [ 71.4508101, 51.1497955 ], [ 71.4503393, 51.1496735 ], [ 71.450273116647352, 51.149785339646009 ], [ 71.450402516686495, 51.149863639648046 ], [ 71.450718716786781, 51.149945539653231 ] ] ], [ [ [ 71.4497272, 51.1498088 ], [ 71.44963351642923, 51.149979439634961 ], [ 71.449795116480672, 51.150016739637607 ], [ 71.4498888, 51.1498461 ], [ 71.4497272, 51.1498088 ] ] ], [ [ [ 71.4491364, 51.1499615 ], [ 71.4489253, 51.1499173 ], [ 71.448863916173977, 51.150043139621921 ], [ 71.44907501624138, 51.150087339625401 ], [ 71.4491364, 51.1499615 ] ] ], [ [ [ 71.450660216759871, 51.150127039651942 ], [ 71.45072380000002, 51.1500162 ], [ 71.4502849, 51.1499061 ], [ 71.4501792166039, 51.150083139643939 ], [ 71.450344816656497, 51.150124639646648 ], [ 71.450660216759871, 51.150127039651942 ] ] ], [ [ [ 71.4509158, 51.1498955 ], [ 71.450801616808633, 51.150071939654403 ], [ 71.451008116874007, 51.150128239657796 ], [ 71.4511223, 51.14995170000001 ], [ 71.4509158, 51.1498955 ] ] ], [ [ [ 71.4497797, 51.1500167 ], [ 71.4496086, 51.1499738 ], [ 71.449509416381673, 51.150140439632594 ], [ 71.44968051643599, 51.150183339635412 ], [ 71.4497797, 51.1500167 ] ] ], [ [ [ 71.4501297, 51.1501186 ], [ 71.45004721655225, 51.150279439641423 ], [ 71.450287516628904, 51.150331339645355 ], [ 71.45037, 51.1501706 ], [ 71.4501297, 51.1501186 ] ] ], [ [ [ 71.4495024, 51.1501533 ], [ 71.44938461633285, 51.150325739630205 ], [ 71.449536216380764, 51.150369439632684 ], [ 71.449654, 51.150197 ], [ 71.4495024, 51.1501533 ] ] ], [ [ [ 71.4507076, 51.1502082 ], [ 71.450613316735101, 51.150348339650797 ], [ 71.45086741681537, 51.150421839654939 ], [ 71.4509617, 51.1502817 ], [ 71.4507076, 51.1502082 ] ] ], [ [ [ 71.4500153, 51.1503035 ], [ 71.449950216514225, 51.150425239639532 ], [ 71.450129916571441, 51.150466839642483 ], [ 71.4501951, 51.1503451 ], [ 71.4500153, 51.1503035 ] ] ], [ [ [ 71.4499884, 51.1505509 ], [ 71.449895216484634, 51.150697239638163 ], [ 71.450079116542881, 51.150747239641177 ], [ 71.4501723, 51.1506009 ], [ 71.4499884, 51.1505509 ] ] ], [ [ [ 71.4494012, 51.1504909 ], [ 71.4492134, 51.1507399 ], [ 71.449208432513785, 51.150770179253094 ], [ 71.449598832760202, 51.150885979265837 ], [ 71.44978653290454, 51.150636979272974 ], [ 71.449791500000018, 51.1506067 ], [ 71.4494012, 51.1504909 ] ] ], [ [ [ 71.4512568, 51.1506997 ], [ 71.4510857, 51.1506578 ], [ 71.451012416847476, 51.150786539656785 ], [ 71.45118351690185, 51.150828439659598 ], [ 71.4512568, 51.1506997 ] ] ], [ [ [ 71.4486896, 51.1509334 ], [ 71.448622716052455, 51.151041039616238 ], [ 71.449279416260339, 51.151220739626979 ], [ 71.4493462, 51.1511131 ], [ 71.4486896, 51.1509334 ] ] ], [ [ [ 71.4496932, 51.1529856 ], [ 71.449626416294834, 51.153090139629754 ], [ 71.449734616329039, 51.153120739631518 ], [ 71.4498014, 51.153016099999988 ], [ 71.4496932, 51.1529856 ] ] ], [ [ [ 71.451036116736603, 51.153582139652613 ], [ 71.4509756, 51.15350810000001 ], [ 71.4508469, 51.1535623 ], [ 71.450844416673903, 51.153577439649396 ], [ 71.450907516692098, 51.153636339650376 ], [ 71.451036116736603, 51.153582139652613 ] ] ], [ [ [ 71.4506443, 51.1541768 ], [ 71.450524948539226, 51.154302207423292 ], [ 71.450553, 51.1541312 ], [ 71.4504675, 51.1540514 ], [ 71.4496043, 51.1537194 ], [ 71.4494513, 51.1537009 ], [ 71.4493801, 51.1537784 ], [ 71.449350294103482, 51.153960075488634 ], [ 71.449396894258527, 51.154015975496932 ], [ 71.450388697978028, 51.154382375689607 ], [ 71.450462898272207, 51.154378575704634 ], [ 71.450500475198993, 51.154337633897384 ], [ 71.450494949580843, 51.15437131892692 ], [ 71.450895549956215, 51.154521218946357 ], [ 71.45103745011491, 51.154372118954228 ], [ 71.4510449, 51.1543267 ], [ 71.4506443, 51.1541768 ] ] ], [ [ [ 71.4499102, 51.1543743 ], [ 71.449681316246668, 51.15464913962812 ], [ 71.449805116285475, 51.154691539630143 ], [ 71.449981940813473, 51.154488695768734 ], [ 71.45071511658054, 51.154777239645277 ], [ 71.4508297, 51.15465 ], [ 71.4500913, 51.1543594 ], [ 71.4500339, 51.1544168 ], [ 71.4499102, 51.1543743 ] ] ], [ [ [ 71.449569932418996, 51.154680279252446 ], [ 71.4495927, 51.1545353 ], [ 71.4495593, 51.1544461 ], [ 71.449359900000019, 51.1544339 ], [ 71.4487572, 51.1544842 ], [ 71.448734431874897, 51.154629179224578 ], [ 71.449569932418996, 51.154680279252446 ] ] ], [ [ [ 71.451594750622689, 51.154693818980711 ], [ 71.4516022, 51.1546484 ], [ 71.4510858, 51.15445660000001 ], [ 71.4508053, 51.1547535 ], [ 71.450797849824653, 51.154798918940074 ], [ 71.451160850164896, 51.154933818957687 ], [ 71.4514048504101, 51.154894918970179 ], [ 71.451594750622689, 51.154693818980711 ] ] ], [ [ [ 71.44971351624794, 51.154867839628317 ], [ 71.449850716290882, 51.154917039630533 ], [ 71.45006289724958, 51.154684160620668 ], [ 71.451202516726056, 51.155117239652903 ], [ 71.451250816744036, 51.155067239653796 ], [ 71.4512533, 51.1550521 ], [ 71.4499739, 51.1545659 ], [ 71.44971351624794, 51.154867839628317 ] ] ], [ [ [ 71.4492097, 51.1548287 ], [ 71.449173816067997, 51.154933739619125 ], [ 71.449319616114948, 51.154955039621555 ], [ 71.4493555, 51.15485 ], [ 71.4492097, 51.1548287 ] ] ], [ [ [ 71.449563316183983, 51.155212939625216 ], [ 71.4494966, 51.1550328 ], [ 71.4493668, 51.1550542 ], [ 71.44943361614051, 51.155234339622993 ], [ 71.449563316183983, 51.155212939625216 ] ] ], [ [ [ 71.4492203, 51.1551337 ], [ 71.4490942, 51.1551606 ], [ 71.449164016048854, 51.155309039618359 ], [ 71.44929011609139, 51.155282039620516 ], [ 71.4492203, 51.1551337 ] ] ], [ [ [ 71.450507200000018, 51.1550597 ], [ 71.450272516412312, 51.155317639636955 ], [ 71.450460716471085, 51.155388539640015 ], [ 71.4506955, 51.1551305 ], [ 71.450507200000018, 51.1550597 ] ] ], [ [ [ 71.44957401617512, 51.155504639624922 ], [ 71.4495429, 51.1553992 ], [ 71.4492715, 51.155439 ], [ 71.449302616084353, 51.155544339620306 ], [ 71.44957401617512, 51.155504639624922 ] ] ], [ [ [ 71.4500341, 51.1554129 ], [ 71.449918016286318, 51.155545139630632 ], [ 71.450208916377065, 51.155656139635326 ], [ 71.450325, 51.155524 ], [ 71.4500341, 51.1554129 ] ] ], [ [ [ 71.4494389, 51.1555908 ], [ 71.4493047, 51.1556169 ], [ 71.449343716090539, 51.155716139620708 ], [ 71.449478016135728, 51.155690039622996 ], [ 71.4494389, 51.1555908 ] ] ], [ [ [ 71.449788416235975, 51.155728639628144 ], [ 71.4497189, 51.1555477 ], [ 71.449585, 51.1555706 ], [ 71.449654516191046, 51.155751439625874 ], [ 71.449788416235975, 51.155728639628144 ] ] ], [ [ [ 71.4505598, 51.1556065 ], [ 71.450438416448733, 51.155742339639033 ], [ 71.450879016586086, 51.155913239646175 ], [ 71.4510004, 51.1557774 ], [ 71.4505598, 51.1556065 ] ] ], [ [ [ 71.449926816269382, 51.156011639630016 ], [ 71.449846, 51.1558093 ], [ 71.4496303, 51.1558471 ], [ 71.449645316181645, 51.155901739625456 ], [ 71.449764716214972, 51.15604003962725 ], [ 71.449926816269382, 51.156011639630016 ] ] ], [ [ [ 71.45042151642977, 51.15605833963825 ], [ 71.450479516447885, 51.156080039639178 ], [ 71.450708616521496, 51.156117639642972 ], [ 71.45082, 51.1559879 ], [ 71.4503707, 51.1558198 ], [ 71.45025931638115, 51.155949539635699 ], [ 71.45042151642977, 51.15605833963825 ] ] ], [ [ [ 71.4511229, 51.1559229 ], [ 71.451079116649069, 51.155976839649412 ], [ 71.45117571667906, 51.156017239650986 ], [ 71.4512195, 51.155963299999989 ], [ 71.4511229, 51.1559229 ] ] ], [ [ [ 71.4496062, 51.1561696 ], [ 71.449604038154234, 51.156182776968329 ], [ 71.449472, 51.15587330000001 ], [ 71.4493544, 51.155893 ], [ 71.449526416124982, 51.156317239622794 ], [ 71.449644016164413, 51.156297439624808 ], [ 71.449633500526289, 51.156251831589657 ], [ 71.449652016167192, 51.15629353962494 ], [ 71.450070116307543, 51.156220539632073 ], [ 71.4500063, 51.15605630000001 ], [ 71.4496062, 51.1561696 ] ] ], [ [ [ 71.451018116619963, 51.156190939648063 ], [ 71.450983, 51.1561236 ], [ 71.450853600000016, 51.1561602 ], [ 71.450851116565815, 51.156175339645273 ], [ 71.450888716575932, 51.156227539645826 ], [ 71.451018116619963, 51.156190939648063 ] ] ], [ [ [ 71.45014470000001, 51.1562166 ], [ 71.450106, 51.1562233 ], [ 71.450117016320874, 51.156269039632789 ], [ 71.450155816333904, 51.156262239633463 ], [ 71.45014470000001, 51.1562166 ] ] ], [ [ [ 71.4510763, 51.1562511 ], [ 71.451068416629425, 51.156357039648626 ], [ 71.451175116664317, 51.156359539650417 ], [ 71.451183, 51.1562536 ], [ 71.4510763, 51.1562511 ] ] ], [ [ [ 71.450085916306406, 51.156369439632101 ], [ 71.4500557, 51.1562746 ], [ 71.4499202, 51.1562965 ], [ 71.44995051626104, 51.156391339629771 ], [ 71.450085916306406, 51.156369439632101 ] ] ], [ [ [ 71.4501138, 51.1564047 ], [ 71.4499783, 51.15642660000001 ], [ 71.450008516274551, 51.156521439630552 ], [ 71.450144016319953, 51.156499539632861 ], [ 71.4501138, 51.1564047 ] ] ], [ [ [ 71.450921716569141, 51.15664273964569 ], [ 71.4509684, 51.1565413 ], [ 71.450924300000011, 51.1564307 ], [ 71.4508498, 51.1564157 ], [ 71.4507633, 51.1565002 ], [ 71.450716716503592, 51.156601439642316 ], [ 71.450921716569141, 51.15664273964569 ] ] ], [ [ [ 71.451234, 51.1565222 ], [ 71.4511548, 51.1565096 ], [ 71.45113881664399, 51.156558139649476 ], [ 71.451217916669421, 51.156570739650768 ], [ 71.451234, 51.1565222 ] ] ], [ [ [ 71.4501674, 51.1565292 ], [ 71.450032, 51.1565511 ], [ 71.450062216286895, 51.156645939631247 ], [ 71.450197616332261, 51.15662403963357 ], [ 71.4501674, 51.1565292 ] ] ], [ [ [ 71.450249200000016, 51.1567083 ], [ 71.4501138, 51.156730199999984 ], [ 71.450144016306126, 51.156825039632331 ], [ 71.450279416351492, 51.156803139634633 ], [ 71.450249200000016, 51.1567083 ] ] ], [ [ [ 71.449438, 51.1567286 ], [ 71.4493043, 51.1567521 ], [ 71.44934051604119, 51.156853539618794 ], [ 71.449474216086074, 51.156830039621063 ], [ 71.449438, 51.1567286 ] ] ], [ [ [ 71.449686816149622, 51.156976839624406 ], [ 71.449633, 51.156835799999989 ], [ 71.4491389, 51.15692270000001 ], [ 71.449151215974055, 51.156970839615418 ], [ 71.449297516018916, 51.15704533961776 ], [ 71.449686816149622, 51.156976839624406 ] ] ], [ [ [ 71.4507996, 51.1571336 ], [ 71.450771132974239, 51.157427479283818 ], [ 71.450963133099378, 51.157438179290232 ], [ 71.450998, 51.1571443 ], [ 71.4507996, 51.1571336 ] ] ], [ [ [ 71.451126, 51.1570828 ], [ 71.451085782880881, 51.15781409823331 ], [ 71.451273583189092, 51.157814098249077 ], [ 71.4513094, 51.1570854 ], [ 71.451126, 51.1570828 ] ] ], [ [ [ 71.4516278, 51.1577842 ], [ 71.4514241, 51.157783 ], [ 71.451385383223851, 51.158514798252725 ], [ 71.451602483579549, 51.158517798270928 ], [ 71.4516278, 51.1577842 ] ] ], [ [ [ 71.451617200082623, 51.161787862044037 ], [ 71.451787216607627, 51.162427939650776 ], [ 71.451982516671436, 51.162435139654029 ], [ 71.4520288, 51.161988 ], [ 71.4509877, 51.1606707 ], [ 71.4505558, 51.1607701 ], [ 71.450543381346947, 51.160845798162995 ], [ 71.450609681430834, 51.160963198167607 ], [ 71.451593182868493, 51.16179539824337 ], [ 71.451617200082623, 51.161787862044037 ] ] ], [ [ [ 71.4491022, 51.1612494 ], [ 71.449072678805109, 51.161447298034574 ], [ 71.450454181055818, 51.161527198149933 ], [ 71.4504837, 51.1613308 ], [ 71.4491022, 51.1612494 ] ] ], [ [ [ 71.4502031, 51.1621717 ], [ 71.45018401608732, 51.162286239624081 ], [ 71.450904816321568, 51.162342439636092 ], [ 71.4509299, 51.162226199999985 ], [ 71.450878, 51.1621453 ], [ 71.4502836, 51.162099499999989 ], [ 71.4502031, 51.1621717 ] ] ], [ [ [ 71.4497045, 51.1618817 ], [ 71.449554179325915, 51.162716198064636 ], [ 71.449739779627805, 51.162729298080116 ], [ 71.4498901, 51.1618971 ], [ 71.4497045, 51.1618817 ] ] ], [ [ [ 71.4511769, 51.162507 ], [ 71.451157116391812, 51.162638439639842 ], [ 71.452138716711545, 51.162698139656236 ], [ 71.4521603, 51.1625657 ], [ 71.4511769, 51.162507 ] ] ], [ [ [ 71.4512429, 51.1628077 ], [ 71.4502535, 51.1627436 ], [ 71.450230716077428, 51.162879739623882 ], [ 71.451219616399385, 51.162943439640394 ], [ 71.4512429, 51.1628077 ] ] ], [ [ [ 71.449367, 51.1630172 ], [ 71.44934461577499, 51.163151039608564 ], [ 71.450310716089305, 51.163218439624686 ], [ 71.450334400000017, 51.1630846 ], [ 71.449367, 51.1630172 ] ] ], [ [ [ 71.4516366, 51.1633213 ], [ 71.4510396, 51.1635105 ], [ 71.451175616352941, 51.163697439638419 ], [ 71.451772516556929, 51.163508239648742 ], [ 71.4516366, 51.1633213 ] ] ], [ [ [ 71.451046616308389, 51.163748639636161 ], [ 71.4509825, 51.1636344 ], [ 71.4508993, 51.1636371 ], [ 71.4507656, 51.1636725 ], [ 71.450840816238511, 51.163803039632633 ], [ 71.451046616308389, 51.163748639636161 ] ] ], [ [ [ 71.4518971, 51.1636136 ], [ 71.4515646, 51.1637203 ], [ 71.451690216513583, 51.163892439646744 ], [ 71.452022716627283, 51.163785739652504 ], [ 71.4518971, 51.1636136 ] ] ], [ [ [ 71.4515063, 51.1637326 ], [ 71.4512933, 51.1637947 ], [ 71.451332716397332, 51.163866339640798 ], [ 71.451545716469894, 51.163804239644456 ], [ 71.4515063, 51.1637326 ] ] ], [ [ [ 71.450638216165544, 51.163954539628982 ], [ 71.450970016274368, 51.163957839634534 ], [ 71.451130516328959, 51.163913039637315 ], [ 71.451133, 51.1638979 ], [ 71.4510646, 51.1638014 ], [ 71.4507162, 51.1638551 ], [ 71.4506032, 51.1638866 ], [ 71.450638216165544, 51.163954539628982 ] ] ], [ [ [ 71.451462116432637, 51.164035139642678 ], [ 71.451537516455588, 51.164077639643885 ], [ 71.451695816510011, 51.164020539646621 ], [ 71.4515641, 51.16385910000001 ], [ 71.4514028, 51.1639173 ], [ 71.451462116432637, 51.164035139642678 ] ] ], [ [ [ 71.4511782, 51.1639696 ], [ 71.4510162, 51.1640179 ], [ 71.451068016300297, 51.164104739635953 ], [ 71.451230016355538, 51.164056439638756 ], [ 71.4511782, 51.1639696 ] ] ], [ [ [ 71.450328416052926, 51.164211339623364 ], [ 71.450531416122359, 51.164146039626878 ], [ 71.450674716172216, 51.164079739629379 ], [ 71.4506157, 51.1639894 ], [ 71.4504395, 51.1640156 ], [ 71.4502366, 51.1640809 ], [ 71.450328416052926, 51.164211339623364 ] ] ], [ [ [ 71.451330016383679, 51.164167139640249 ], [ 71.4512638, 51.164078399999987 ], [ 71.4511464, 51.1641216 ], [ 71.451212616343284, 51.164210339638217 ], [ 71.451330016383679, 51.164167139640249 ] ] ], [ [ [ 71.4517306, 51.164066899999987 ], [ 71.4515743, 51.164117 ], [ 71.451675216493115, 51.164258939645912 ], [ 71.451831516546562, 51.1642087396486 ], [ 71.4517306, 51.164066899999987 ] ] ], [ [ [ 71.4508271, 51.164095499999988 ], [ 71.4506627, 51.1641501 ], [ 71.450747816188198, 51.164268739630302 ], [ 71.450912116244481, 51.164214039633158 ], [ 71.4508271, 51.164095499999988 ] ] ], [ [ [ 71.450775316192932, 51.164369739630608 ], [ 71.4507059, 51.164274 ], [ 71.450617457200948, 51.164305071209462 ], [ 71.4506726, 51.1642561 ], [ 71.4505995, 51.1641708 ], [ 71.4503718, 51.1642474 ], [ 71.450441716084384, 51.164347139625036 ], [ 71.450526362286624, 51.164337074031948 ], [ 71.450490216099581, 51.164364039625823 ], [ 71.450526316106661, 51.164476339626248 ], [ 71.450775316192932, 51.164369739630608 ] ] ], [ [ [ 71.4513845, 51.1642309 ], [ 71.4512068, 51.1642867 ], [ 71.451245216347928, 51.164353139638514 ], [ 71.451423016408654, 51.164297439641608 ], [ 71.4513845, 51.1642309 ] ] ], [ [ [ 71.4518746, 51.1642283 ], [ 71.451739700000019, 51.1642715 ], [ 71.451805716531226, 51.164370539647891 ], [ 71.451940516577309, 51.164327239650241 ], [ 71.4518746, 51.1642283 ] ] ], [ [ [ 71.451507, 51.1643866 ], [ 71.4513594, 51.1644371 ], [ 71.451411216395584, 51.164514639641034 ], [ 71.451558816446152, 51.1644642396436 ], [ 71.451507, 51.1643866 ] ] ], [ [ [ 71.4506785, 51.1644256 ], [ 71.4505625, 51.164464399999986 ], [ 71.45063831613939, 51.16457143962797 ], [ 71.450754316179115, 51.164532639629989 ], [ 71.4506785, 51.1644256 ] ] ], [ [ [ 71.451559, 51.1645117 ], [ 71.4513963, 51.164568499999987 ], [ 71.451464416406708, 51.16466323964169 ], [ 71.451627116462546, 51.164606439644515 ], [ 71.451559, 51.1645117 ] ] ], [ [ [ 71.45092631623092, 51.164642639632696 ], [ 71.450873, 51.1645487 ], [ 71.4506988, 51.1645973 ], [ 71.450752216171708, 51.16469123962969 ], [ 71.45092631623092, 51.164642639632696 ] ] ], [ [ [ 71.4517101, 51.164655599999989 ], [ 71.4515956, 51.1646935 ], [ 71.451656816464762, 51.164784339644726 ], [ 71.451771316503951, 51.164746439646713 ], [ 71.4517101, 51.164655599999989 ] ] ], [ [ [ 71.4510257, 51.1646603 ], [ 71.4507999, 51.1647322 ], [ 71.450866716203279, 51.16483283963138 ], [ 71.451092516280454, 51.164760939635286 ], [ 71.4510257, 51.1646603 ] ] ], [ [ [ 71.451867816531674, 51.164839339648161 ], [ 71.4518374, 51.1647789 ], [ 71.4516864, 51.164822 ], [ 71.45168391647141, 51.164837139645108 ], [ 71.451716916480322, 51.164882539645568 ], [ 71.451867816531674, 51.164839339648161 ] ] ], [ [ [ 71.451285016338716, 51.164878039638324 ], [ 71.4512287, 51.164789399999989 ], [ 71.4510836, 51.1648049 ], [ 71.4509111, 51.1648592 ], [ 71.450908616215273, 51.164874339632007 ], [ 71.450986816236806, 51.164971939633162 ], [ 71.451285016338716, 51.164878039638324 ] ] ], [ [ [ 71.451251516321719, 51.165018839637547 ], [ 71.451329816345023, 51.165075339638769 ], [ 71.451509216406251, 51.165020739641868 ], [ 71.4514044, 51.1648668 ], [ 71.4512233, 51.1649219 ], [ 71.451251516321719, 51.165018839637547 ] ] ], [ [ [ 71.451963916557148, 51.164983139649557 ], [ 71.4519095, 51.1649051 ], [ 71.4517585, 51.1649587 ], [ 71.45175601648927, 51.164973839646088 ], [ 71.45181291650529, 51.165036739646936 ], [ 71.451963916557148, 51.164983139649557 ] ] ], [ [ [ 71.4512745, 51.1650972 ], [ 71.4511183, 51.1651509 ], [ 71.451171416286456, 51.165229539635831 ], [ 71.451327616340052, 51.165175739638563 ], [ 71.4512745, 51.1650972 ] ] ], [ [ [ 71.45185491650625, 51.165338739647154 ], [ 71.4517668, 51.1652113 ], [ 71.4516297, 51.1652548 ], [ 71.45174121646582, 51.165411139645116 ], [ 71.451845616501529, 51.165378039646924 ], [ 71.45185491650625, 51.165338739647154 ] ] ], [ [ [ 71.451680316447025, 51.165383439644131 ], [ 71.4515987, 51.1652652 ], [ 71.4512733, 51.1653695 ], [ 71.451270816312515, 51.16538463963726 ], [ 71.451322416326775, 51.165447839638013 ], [ 71.451538516398543, 51.165428939641679 ], [ 71.451680316447025, 51.165383439644131 ] ] ], [ [ [ 71.4517329, 51.1654102 ], [ 71.4516306, 51.165442099999986 ], [ 71.451707616448601, 51.165557439644317 ], [ 71.451809916483541, 51.16552553964609 ], [ 71.4517329, 51.1654102 ] ] ], [ [ [ 71.451651116428067, 51.165603939643297 ], [ 71.45157, 51.165455599999987 ], [ 71.4513886, 51.1655004 ], [ 71.451453416362355, 51.165622839639958 ], [ 71.451588316406799, 51.165619439642192 ], [ 71.451651116428067, 51.165603939643297 ] ] ], [ [ [ 71.450942016195285, 51.165602839631397 ], [ 71.4508915, 51.1655235 ], [ 71.4507554, 51.1655418 ], [ 71.4506722, 51.1655688 ], [ 71.450739616126043, 51.165668639627874 ], [ 71.450942016195285, 51.165602839631397 ] ] ], [ [ [ 71.450473016034834, 51.165754839623276 ], [ 71.4504192, 51.1656707 ], [ 71.4502931, 51.1657112 ], [ 71.450346915991716, 51.165795339621077 ], [ 71.450473016034834, 51.165754839623276 ] ] ], [ [ [ 71.4502026, 51.1657207 ], [ 71.4500838, 51.1657567 ], [ 71.450156515926054, 51.165869339617757 ], [ 71.450275215966556, 51.16583343961981 ], [ 71.4502026, 51.1657207 ] ] ], [ [ [ 71.4500404, 51.1657795 ], [ 71.449888, 51.1658273 ], [ 71.449958015858158, 51.165933239614318 ], [ 71.450110315910194, 51.165885539616951 ], [ 71.4500404, 51.1657795 ] ] ], [ [ [ 71.45073466445217, 51.165987758509488 ], [ 71.450966364768831, 51.16591505852552 ], [ 71.4509763, 51.1658545 ], [ 71.4508537, 51.16570080000001 ], [ 71.450622, 51.1657735 ], [ 71.450612064317269, 51.165834058502263 ], [ 71.45073466445217, 51.165987758509488 ] ] ], [ [ [ 71.45133274891532, 51.166072218911737 ], [ 71.4513402, 51.1660268 ], [ 71.4512117, 51.1658784 ], [ 71.451027600000018, 51.165941 ], [ 71.45102014861834, 51.165986418896402 ], [ 71.45114864872599, 51.166134918902145 ], [ 71.45133274891532, 51.166072218911737 ] ] ], [ [ [ 71.4499803, 51.1660069 ], [ 71.4498355, 51.166052299999983 ], [ 71.449917715834701, 51.166173739613257 ], [ 71.450062615884221, 51.166128339615746 ], [ 71.4499803, 51.1660069 ] ] ], [ [ [ 71.450977516181993, 51.166190239631014 ], [ 71.4508079, 51.1659727 ], [ 71.4504552, 51.1660907 ], [ 71.450624716061142, 51.166308139624896 ], [ 71.450977516181993, 51.166190239631014 ] ] ], [ [ [ 71.4515159, 51.1661842 ], [ 71.4506785, 51.1664447 ], [ 71.450666080343112, 51.166520398126913 ], [ 71.450735080437894, 51.166607598132003 ], [ 71.451572481868013, 51.16634709820444 ], [ 71.4515849, 51.1662714 ], [ 71.4515159, 51.1661842 ] ] ], [ [ [ 71.4510615, 51.1667418 ], [ 71.4509395, 51.1667805 ], [ 71.450982616155954, 51.166842339630044 ], [ 71.451103316197177, 51.166804939632129 ], [ 71.4510615, 51.1667418 ] ] ], [ [ [ 71.451379095364189, 51.167167775638383 ], [ 71.451623096215883, 51.16738307568334 ], [ 71.451813496996181, 51.167324075722846 ], [ 71.4518433, 51.167142399999989 ], [ 71.4515898, 51.166820799999989 ], [ 71.4513408, 51.166899799999989 ], [ 71.451310995139835, 51.167081475626354 ], [ 71.451379095364189, 51.167167775638383 ] ] ], [ [ [ 71.450161515858568, 51.16749663961518 ], [ 71.450600316008831, 51.167350739622798 ], [ 71.4503535, 51.1670247 ], [ 71.4499883, 51.1671461 ], [ 71.450013615817412, 51.167321739612987 ], [ 71.450161515858568, 51.16749663961518 ] ] ], [ [ [ 71.450861393091913, 51.167623575525127 ], [ 71.451056093889832, 51.167563275565549 ], [ 71.4510859, 51.1673816 ], [ 71.450976, 51.167129499999987 ], [ 71.450907, 51.1670419 ], [ 71.4506409, 51.1671244 ], [ 71.450611092267522, 51.167306075480909 ], [ 71.450861393091913, 51.167623575525127 ] ] ], [ [ [ 71.450795016061321, 51.167619839625623 ], [ 71.450612, 51.1673824 ], [ 71.450508, 51.16741660000001 ], [ 71.450505515974257, 51.167431739621072 ], [ 71.450592123489656, 51.167535397993042 ], [ 71.4502658, 51.167642499999985 ], [ 71.450263315885124, 51.167657639616635 ], [ 71.450352815909952, 51.167764939617967 ], [ 71.450795016061321, 51.167619839625623 ] ] ], [ [ [ 71.4514226, 51.1676182 ], [ 71.451292, 51.1676578 ], [ 71.451289516221465, 51.167672939633839 ], [ 71.451407416253687, 51.167825739635575 ], [ 71.451538016298244, 51.167786039637832 ], [ 71.4515405, 51.1677709 ], [ 71.4514226, 51.1676182 ] ] ], [ [ [ 71.4516081, 51.1678581 ], [ 71.4513643, 51.1679374 ], [ 71.451456216259473, 51.168066639635995 ], [ 71.451699916342847, 51.167987439640221 ], [ 71.4516081, 51.1678581 ] ] ], [ [ [ 71.451262316192711, 51.168139339632603 ], [ 71.4511788, 51.1680203 ], [ 71.4509908, 51.1680813 ], [ 71.45107431612837, 51.168200439629359 ], [ 71.451262316192711, 51.168139339632603 ] ] ], [ [ [ 71.450941516082906, 51.168244439627053 ], [ 71.450832300000016, 51.1680943 ], [ 71.4506864, 51.1681417 ], [ 71.450547815953442, 51.168248639620444 ], [ 71.450628415975757, 51.168346239621641 ], [ 71.450941516082906, 51.168244439627053 ] ] ], [ [ [ 71.4519022, 51.1681065 ], [ 71.4516406, 51.168191499999985 ], [ 71.451728916338396, 51.168316439640158 ], [ 71.451990516427912, 51.168231439644693 ], [ 71.4519022, 51.1681065 ] ] ], [ [ [ 71.4510809, 51.1683703 ], [ 71.451142916139744, 51.16846333963008 ], [ 71.451262716178988, 51.168465439632101 ], [ 71.451342616206304, 51.168439539633475 ], [ 71.451532816272874, 51.168343339636827 ], [ 71.4515353, 51.1683282 ], [ 71.4514492, 51.168224 ], [ 71.4511567, 51.1683191 ], [ 71.4510809, 51.1683703 ] ] ], [ [ [ 71.4503625, 51.1682834 ], [ 71.4501026, 51.1683787 ], [ 71.450183315823779, 51.168483039613946 ], [ 71.450443215913197, 51.168387639618466 ], [ 71.4503625, 51.1682834 ] ] ], [ [ [ 71.4510294, 51.1683965 ], [ 71.4508578, 51.1684523 ], [ 71.450927316065062, 51.168554439626327 ], [ 71.451098816123746, 51.168498639629284 ], [ 71.4510294, 51.1683965 ] ] ], [ [ [ 71.4504886, 51.1685497 ], [ 71.450305, 51.1686094 ], [ 71.45036751587493, 51.168703139616667 ], [ 71.450551115937756, 51.168643439619842 ], [ 71.4504886, 51.1685497 ] ] ], [ [ [ 71.451789781755281, 51.16855779820461 ], [ 71.4518022, 51.1684821 ], [ 71.4517202, 51.1683757 ], [ 71.4504765, 51.1687606 ], [ 71.450464079519449, 51.168836298091023 ], [ 71.450581379680216, 51.168986098099651 ], [ 71.451789781755281, 51.16855779820461 ] ] ], [ [ [ 71.4520419, 51.1687378 ], [ 71.4517468, 51.1688185 ], [ 71.451823416343032, 51.168937939640735 ], [ 71.452117116442977, 51.168855539645797 ], [ 71.4520419, 51.1687378 ] ] ], [ [ [ 71.4516283, 51.1688457 ], [ 71.4513816, 51.1689156 ], [ 71.451460816219452, 51.16904393963447 ], [ 71.451707416303421, 51.168974039638712 ], [ 71.4516283, 51.1688457 ] ] ], [ [ [ 71.451130116101169, 51.16927183962855 ], [ 71.450853600000016, 51.1689035 ], [ 71.4506327, 51.1689724 ], [ 71.450910516026156, 51.169340739624744 ], [ 71.451130116101169, 51.16927183962855 ] ] ], [ [ [ 71.4518854, 51.1690536 ], [ 71.452160416433358, 51.169416739645612 ], [ 71.452353916499476, 51.16935603964896 ], [ 71.4520789, 51.1689929 ], [ 71.4518854, 51.1690536 ] ] ], [ [ [ 71.4519437, 51.1692294 ], [ 71.4514812, 51.1693587 ], [ 71.451468781042024, 51.169434398170509 ], [ 71.451591481206833, 51.169606898179403 ], [ 71.452053981993728, 51.16947749821928 ], [ 71.452066400000021, 51.1694018 ], [ 71.4519437, 51.1692294 ] ] ], [ [ [ 71.450844115997214, 51.169508239623347 ], [ 71.4507508, 51.169356 ], [ 71.4506113, 51.1693944 ], [ 71.450704615949789, 51.169546539620953 ], [ 71.450844115997214, 51.169508239623347 ] ] ], [ [ [ 71.4521525, 51.1704628 ], [ 71.4515174, 51.1706694 ], [ 71.451649316204751, 51.170846839634692 ], [ 71.45228431642208, 51.170640139645705 ], [ 71.4521525, 51.1704628 ] ] ], [ [ [ 71.4506094, 51.1707465 ], [ 71.4500207, 51.1709473 ], [ 71.450220315720671, 51.171195239610128 ], [ 71.450808915922522, 51.170994439620344 ], [ 71.4506094, 51.1707465 ] ] ], [ [ [ 71.4523977, 51.1709061 ], [ 71.4523066, 51.1707983 ], [ 71.4517048, 51.1709982 ], [ 71.45169983242873, 51.171028479270547 ], [ 71.451790932479412, 51.171136179273269 ], [ 71.452392732891667, 51.170936379294119 ], [ 71.4523977, 51.1709061 ] ] ], [ [ [ 71.451234216057415, 51.171106439627302 ], [ 71.451118400000013, 51.170954 ], [ 71.4509465, 51.1710123 ], [ 71.450990915978551, 51.171081939623242 ], [ 71.451099316011181, 51.171152139624965 ], [ 71.451234216057415, 51.171106439627302 ] ] ], [ [ [ 71.450986615974216, 51.171150539623071 ], [ 71.4508762, 51.1710119 ], [ 71.4507783, 51.171047099999981 ], [ 71.450775815908756, 51.171062239619658 ], [ 71.45086858355306, 51.171163717099894 ], [ 71.4507601, 51.1710508 ], [ 71.4504817, 51.1711559 ], [ 71.450479215806723, 51.171171039614528 ], [ 71.450574815833889, 51.171270539615961 ], [ 71.450759215893427, 51.171294439619011 ], [ 71.450919115948508, 51.171234039621815 ], [ 71.450889478164825, 51.171185465563831 ], [ 71.450986615974216, 51.171150539623071 ] ] ], [ [ [ 71.45134341605096, 51.172102539627488 ], [ 71.45183021621753, 51.171944439635936 ], [ 71.4518327, 51.1719293 ], [ 71.451718, 51.1717904 ], [ 71.451427456302454, 51.171884725096341 ], [ 71.451418856789203, 51.171816760591113 ], [ 71.451541916129983, 51.171776839631363 ], [ 71.4515444, 51.1717617 ], [ 71.4514543, 51.1716526 ], [ 71.4514003, 51.1716701 ], [ 71.4513355, 51.1715917 ], [ 71.451076515016226, 51.171675750846532 ], [ 71.451238501610362, 51.17149645560076 ], [ 71.451304116060427, 51.171575739627706 ], [ 71.451517616133486, 51.171506239631405 ], [ 71.4513121, 51.1712398 ], [ 71.4511434, 51.1712947 ], [ 71.451188528642092, 51.171417849818944 ], [ 71.4511349, 51.171353 ], [ 71.4508198, 51.1713029 ], [ 71.4506898, 51.1713452 ], [ 71.450687315867015, 51.171360339617692 ], [ 71.450980715948305, 51.171714839622041 ], [ 71.451019515386818, 51.171702238886617 ], [ 71.45134341605096, 51.172102539627488 ] ] ], [ [ [ 71.450972415934132, 51.171984539621469 ], [ 71.4506499, 51.1715827 ], [ 71.4504762, 51.1716401 ], [ 71.450798615874604, 51.172041939618438 ], [ 71.450972415934132, 51.171984539621469 ] ] ], [ [ [ 71.4506122, 51.1722789 ], [ 71.450965115899351, 51.172746139620095 ], [ 71.451372716038577, 51.172620239627143 ], [ 71.451494516082846, 51.172519739629358 ], [ 71.4514925, 51.1723464 ], [ 71.4514233, 51.1722583 ], [ 71.4512276, 51.172154 ], [ 71.451102, 51.1721275 ], [ 71.4506122, 51.1722789 ] ] ], [ [ [ 71.450361515706916, 51.172609639610187 ], [ 71.4502763, 51.1724814 ], [ 71.450161, 51.1725166 ], [ 71.450246215667562, 51.172644839608182 ], [ 71.450361515706916, 51.172609639610187 ] ] ], [ [ [ 71.4505751, 51.172474 ], [ 71.450402, 51.17253 ], [ 71.45039951572214, 51.172545139610925 ], [ 71.450551315764145, 51.172729539613172 ], [ 71.450724415823402, 51.172673539616177 ], [ 71.4507269, 51.1726584 ], [ 71.4505751, 51.172474 ] ] ], [ [ [ 71.452454, 51.172631899999985 ], [ 71.452066400000021, 51.1727489 ], [ 71.452143316281166, 51.17286733963968 ], [ 71.452530916413409, 51.172750339646377 ], [ 71.452454, 51.172631899999985 ] ] ], [ [ [ 71.451895, 51.172801099999987 ], [ 71.4514878, 51.1729233 ], [ 71.451634916102833, 51.173134339630707 ], [ 71.452042016241734, 51.173012139637748 ], [ 71.451895, 51.172801099999987 ] ] ], [ [ [ 71.450830515836046, 51.173195839617108 ], [ 71.450952315872925, 51.173269239619017 ], [ 71.451130215933816, 51.173211339622121 ], [ 71.4511516, 51.1731608 ], [ 71.4510672, 51.1730387 ], [ 71.4507901, 51.1731289 ], [ 71.450830515836046, 51.173195839617108 ] ] ], [ [ [ 71.450364815673808, 51.173414439608933 ], [ 71.450432815695351, 51.173432739610043 ], [ 71.450747515802775, 51.173336939615467 ], [ 71.4506294, 51.173166 ], [ 71.4503186, 51.1732606 ], [ 71.450307915658229, 51.173341039608083 ], [ 71.450364815673808, 51.173414439608933 ] ] ], [ [ [ 71.45085154742371, 51.174054518848351 ], [ 71.451076847654505, 51.173985618860044 ], [ 71.451081815886283, 51.173955339620086 ], [ 71.452449716355304, 51.173490239643812 ], [ 71.4522429, 51.1732027 ], [ 71.450813400000015, 51.1736342 ], [ 71.45081134319733, 51.173646734954481 ], [ 71.450701, 51.1735281 ], [ 71.4505078, 51.173592 ], [ 71.45050034713087, 51.173637418832705 ], [ 71.45085154742371, 51.174054518848351 ] ] ], [ [ [ 71.4524762, 51.1464421 ], [ 71.452392817479094, 51.146575539686836 ], [ 71.452568917534862, 51.146622939689713 ], [ 71.4526524, 51.1464895 ], [ 71.4524762, 51.1464421 ] ] ], [ [ [ 71.4527546, 51.1464972 ], [ 71.452659817563671, 51.146647239691198 ], [ 71.453004917672956, 51.146740139696831 ], [ 71.4530997, 51.1465901 ], [ 71.4527546, 51.1464972 ] ] ], [ [ [ 71.4521777, 51.1467167 ], [ 71.452004, 51.1466706 ], [ 71.451909417310006, 51.146822439678324 ], [ 71.452083217365072, 51.146868539681165 ], [ 71.4521777, 51.1467167 ] ] ], [ [ [ 71.4522875, 51.146740699999988 ], [ 71.452185617397333, 51.146900139682828 ], [ 71.452383417459956, 51.146953839686056 ], [ 71.4524854, 51.1467943 ], [ 71.4522875, 51.146740699999988 ] ] ], [ [ [ 71.4525294, 51.1468271 ], [ 71.452458517485084, 51.146942639687339 ], [ 71.452696017560314, 51.147006339691224 ], [ 71.4527669, 51.1468909 ], [ 71.4525294, 51.1468271 ] ] ], [ [ [ 71.4516144, 51.1469823 ], [ 71.4514063, 51.1469242 ], [ 71.451323017107811, 51.147053139668103 ], [ 71.451531017173593, 51.14711133967149 ], [ 71.4516144, 51.1469823 ] ] ], [ [ [ 71.4529216, 51.1469297 ], [ 71.452846517607753, 51.147051839693667 ], [ 71.453017717661993, 51.147097639696462 ], [ 71.4530928, 51.1469754 ], [ 71.4529216, 51.1469297 ] ] ], [ [ [ 71.4517603, 51.1470384 ], [ 71.451683417221574, 51.147158839673985 ], [ 71.451843517272223, 51.147203339676594 ], [ 71.4519204, 51.1470829 ], [ 71.4517603, 51.1470384 ] ] ], [ [ [ 71.4520022, 51.1471021 ], [ 71.451929617299697, 51.147221739678002 ], [ 71.452148817369164, 51.147279539681577 ], [ 71.4522214, 51.1471599 ], [ 71.4520022, 51.1471021 ] ] ], [ [ [ 71.4509664, 51.147174199999988 ], [ 71.450889016954761, 51.147303839660403 ], [ 71.451057017008054, 51.147347139663161 ], [ 71.4511345, 51.1472175 ], [ 71.4509664, 51.147174199999988 ] ] ], [ [ [ 71.4523554, 51.1471624 ], [ 71.452258017403452, 51.147315639683363 ], [ 71.452385517443844, 51.147350139685436 ], [ 71.452483, 51.1471969 ], [ 71.4523554, 51.1471624 ] ] ], [ [ [ 71.451218, 51.1472416 ], [ 71.451129317030137, 51.147385539664299 ], [ 71.451318617090124, 51.147435739667401 ], [ 71.4514067, 51.1472917 ], [ 71.451218, 51.1472416 ] ] ], [ [ [ 71.4528844, 51.147349 ], [ 71.4526988, 51.1472993 ], [ 71.452614117515424, 51.147430939689144 ], [ 71.452799717574209, 51.147480539692175 ], [ 71.4528844, 51.147349 ] ] ], [ [ [ 71.4515658, 51.147338 ], [ 71.451455017131622, 51.147512839669574 ], [ 71.451647317192553, 51.147563739672719 ], [ 71.4517581, 51.1473904 ], [ 71.4515658, 51.147338 ] ] ], [ [ [ 71.4517807, 51.1474103 ], [ 71.451708917213921, 51.147536339673792 ], [ 71.451894617272913, 51.147582639676834 ], [ 71.4519685, 51.1474566 ], [ 71.4517807, 51.1474103 ] ] ], [ [ [ 71.4522829, 51.1475283 ], [ 71.4521275, 51.147487 ], [ 71.452038617318152, 51.147630039679171 ], [ 71.45219401736739, 51.147671339681708 ], [ 71.4522829, 51.1475283 ] ] ], [ [ [ 71.45101, 51.147581 ], [ 71.450926916949641, 51.147717639660371 ], [ 71.451093817002572, 51.147761239663097 ], [ 71.451177, 51.1476246 ], [ 71.45101, 51.147581 ] ] ], [ [ [ 71.4524445, 51.14757 ], [ 71.45235061741657, 51.147723339684241 ], [ 71.452567917485467, 51.147779839687807 ], [ 71.4526618, 51.1476266 ], [ 71.4524445, 51.14757 ] ] ], [ [ [ 71.4515051, 51.1477375 ], [ 71.4513332, 51.1477025 ], [ 71.451266217055689, 51.147842539665852 ], [ 71.451438117110612, 51.14787743966869 ], [ 71.4515051, 51.1477375 ] ] ], [ [ [ 71.4516077, 51.1477377 ], [ 71.451518817136105, 51.147900439669982 ], [ 71.451724117201479, 51.14794773967337 ], [ 71.451813, 51.147785 ], [ 71.4516077, 51.1477377 ] ] ], [ [ [ 71.4518905, 51.1479296 ], [ 71.451826717230816, 51.148049639674937 ], [ 71.452001017286307, 51.148089739677779 ], [ 71.4520648, 51.1479696 ], [ 71.4518905, 51.1479296 ] ] ], [ [ [ 71.4521909, 51.1479054 ], [ 71.452107717322932, 51.14805193967964 ], [ 71.452366617405218, 51.148114539683867 ], [ 71.4524498, 51.147968 ], [ 71.4521909, 51.1479054 ] ] ], [ [ [ 71.4512389, 51.1480281 ], [ 71.451149917003292, 51.148178039663357 ], [ 71.451339717063533, 51.14822593966646 ], [ 71.4514286, 51.148076 ], [ 71.4512389, 51.1480281 ] ] ], [ [ [ 71.4529432, 51.1479913 ], [ 71.452834617557315, 51.148149239691669 ], [ 71.453071117631993, 51.148218439695519 ], [ 71.4531797, 51.1480605 ], [ 71.4529432, 51.1479913 ] ] ], [ [ [ 71.451494, 51.1481147 ], [ 71.451426917091197, 51.148248239667886 ], [ 71.451640717159407, 51.1482941396714 ], [ 71.4517078, 51.1481607 ], [ 71.451494, 51.1481147 ] ] ], [ [ [ 71.4518401, 51.1483123 ], [ 71.451682600000012, 51.1482734 ], [ 71.451599417140613, 51.148417339670495 ], [ 71.451756817190642, 51.148456239673095 ], [ 71.4518401, 51.1483123 ] ] ], [ [ [ 71.4529086, 51.1482889 ], [ 71.452809317536392, 51.148446939690764 ], [ 71.453014517601403, 51.148501939694121 ], [ 71.4531138, 51.1483454 ], [ 71.4529086, 51.1482889 ] ] ], [ [ [ 71.4513459, 51.1483841 ], [ 71.451246217019659, 51.148536639664385 ], [ 71.451411517071961, 51.148582639667076 ], [ 71.4515112, 51.1484302 ], [ 71.4513459, 51.1483841 ] ] ], [ [ [ 71.4516835, 51.148566099999982 ], [ 71.451511, 51.1485261 ], [ 71.451442917079291, 51.148652639667496 ], [ 71.451615417134207, 51.148692639670323 ], [ 71.4516835, 51.148566099999982 ] ] ], [ [ [ 71.4519493, 51.148602 ], [ 71.451862917213361, 51.148741339674402 ], [ 71.452035017267889, 51.148787039677202 ], [ 71.4521213, 51.1486477 ], [ 71.4519493, 51.148602 ] ] ], [ [ [ 71.4523982, 51.148655 ], [ 71.452334217366399, 51.148779339682257 ], [ 71.452524217426955, 51.148821439685364 ], [ 71.4525882, 51.1486971 ], [ 71.4523982, 51.148655 ] ] ], [ [ [ 71.4515728, 51.1487723 ], [ 71.4513657, 51.1487208 ], [ 71.451276217015234, 51.148873639664352 ], [ 71.451483217080963, 51.148925139667725 ], [ 71.4515728, 51.1487723 ] ] ], [ [ [ 71.4518894, 51.14879950000001 ], [ 71.451801117184559, 51.148942139673032 ], [ 71.452097517278503, 51.149020539677885 ], [ 71.4521858, 51.1488779 ], [ 71.4518894, 51.14879950000001 ] ] ], [ [ [ 71.4524584, 51.1488316 ], [ 71.452365117368117, 51.148978039682454 ], [ 71.452518617416715, 51.149019839684946 ], [ 71.4526119, 51.1488733 ], [ 71.4524584, 51.1488316 ] ] ], [ [ [ 71.4512522, 51.1489009 ], [ 71.451169016972145, 51.149059639662227 ], [ 71.451378017038763, 51.149105839665673 ], [ 71.4514612, 51.1489471 ], [ 71.4512522, 51.1489009 ] ] ], [ [ [ 71.4523463, 51.1490103 ], [ 71.452258317325899, 51.149147239680381 ], [ 71.452400317370817, 51.149186439682687 ], [ 71.4524882, 51.1490495 ], [ 71.4523463, 51.1490103 ] ] ], [ [ [ 71.4516748, 51.1490195 ], [ 71.45158591710458, 51.149162739669059 ], [ 71.451765417161454, 51.149210339672003 ], [ 71.4518543, 51.1490672 ], [ 71.4516748, 51.1490195 ] ] ], [ [ [ 71.4510747, 51.1491762 ], [ 71.450990316902434, 51.14932043965883 ], [ 71.45115231695388, 51.149360939661463 ], [ 71.4512368, 51.1492167 ], [ 71.4510747, 51.1491762 ] ] ], [ [ [ 71.452352100000013, 51.149204 ], [ 71.4521922, 51.149167 ], [ 71.452123317275309, 51.149295239677855 ], [ 71.452283217326226, 51.149332139680496 ], [ 71.452352100000013, 51.149204 ] ] ], [ [ [ 71.4517609, 51.1492528 ], [ 71.4515518, 51.149208499999986 ], [ 71.451385417023772, 51.149516439665113 ], [ 71.451584717087286, 51.149561139668407 ], [ 71.4516733, 51.1493953 ], [ 71.451483477636316, 51.149352630456832 ], [ 71.451689317128611, 51.149396239670423 ], [ 71.4517609, 51.1492528 ] ] ], [ [ [ 71.4522362, 51.1494152 ], [ 71.4520891, 51.1493705 ], [ 71.452007317229032, 51.149488439675601 ], [ 71.45215451727546, 51.149533039677983 ], [ 71.4522362, 51.1494152 ] ] ], [ [ [ 71.452924, 51.1494297 ], [ 71.452873317512854, 51.149497139690119 ], [ 71.453001517552948, 51.149543639692197 ], [ 71.4530522, 51.149476300000011 ], [ 71.452924, 51.1494297 ] ] ], [ [ [ 71.4519739, 51.149489499999987 ], [ 71.451880217181625, 51.14962313967326 ], [ 71.45207141724191, 51.149681039676388 ], [ 71.4521651, 51.1495473 ], [ 71.4519739, 51.149489499999987 ] ] ], [ [ [ 71.451568100000017, 51.1495716 ], [ 71.4513328, 51.1495124 ], [ 71.451234116967257, 51.149678239662315 ], [ 71.451467517041351, 51.149737339666132 ], [ 71.451568100000017, 51.1495716 ] ] ], [ [ [ 71.4518618, 51.1496462 ], [ 71.451761917135215, 51.149801939670965 ], [ 71.451943917192835, 51.149851539673946 ], [ 71.4520444, 51.1496961 ], [ 71.4518618, 51.1496462 ] ] ], [ [ [ 71.4527283, 51.1497895 ], [ 71.452644917420017, 51.149918939685605 ], [ 71.452744417451484, 51.149946639687222 ], [ 71.4528279, 51.1498172 ], [ 71.4527283, 51.1497895 ] ] ], [ [ [ 71.4512269, 51.1500013 ], [ 71.451164616925396, 51.150127139660434 ], [ 71.451466317021698, 51.150191239665375 ], [ 71.4515286, 51.1500654 ], [ 71.4512269, 51.1500013 ] ] ], [ [ [ 71.4512937, 51.1503751 ], [ 71.451217316927185, 51.150492839660707 ], [ 71.451375216977098, 51.150537539663283 ], [ 71.4514515, 51.1504199 ], [ 71.4512937, 51.1503751 ] ] ], [ [ [ 71.4518267, 51.1501361 ], [ 71.4512521, 51.1509171 ], [ 71.451247133836816, 51.150947379320989 ], [ 71.451599834059635, 51.151049479332492 ], [ 71.45217443450305, 51.150268479354338 ], [ 71.4521794, 51.1502382 ], [ 71.4518267, 51.1501361 ] ] ], [ [ [ 71.4526962, 51.1503844 ], [ 71.4521951, 51.1510475 ], [ 71.452192617223062, 51.151062639676155 ], [ 71.452270717247714, 51.151085839677414 ], [ 71.452771717440243, 51.150422739686903 ], [ 71.4527742, 51.1504076 ], [ 71.4526962, 51.1503844 ] ] ], [ [ [ 71.452255717183277, 51.15248853967487 ], [ 71.4528755, 51.151648 ], [ 71.4501901, 51.150870500000011 ], [ 71.449569116334914, 51.151703239631047 ], [ 71.452255717183277, 51.15248853967487 ] ] ], [ [ [ 71.4526762, 51.153418 ], [ 71.452502, 51.1533419 ], [ 71.4520311, 51.1533289 ], [ 71.452021917064997, 51.153467639669344 ], [ 71.452669917277092, 51.1534815396802 ], [ 71.4526762, 51.153418 ] ] ], [ [ [ 71.4525573, 51.1539262 ], [ 71.4520076, 51.153492 ], [ 71.4517567, 51.1534835 ], [ 71.451733250872124, 51.153805818992048 ], [ 71.452442051540942, 51.154034119026605 ], [ 71.452549851655036, 51.153971619032355 ], [ 71.4525573, 51.1539262 ] ] ], [ [ [ 71.4522945, 51.1550309 ], [ 71.4521273, 51.1549684 ], [ 71.4512761, 51.1558634 ], [ 71.451263683570843, 51.155939098263573 ], [ 71.451430883831947, 51.156001698277088 ], [ 71.452282085418801, 51.155106598355822 ], [ 71.4522945, 51.1550309 ] ] ], [ [ [ 71.4531049, 51.1558841 ], [ 71.4529994, 51.155955 ], [ 71.452996917278838, 51.155970139681614 ], [ 71.453057317297151, 51.156005439682581 ], [ 71.453162717334763, 51.15593463968446 ], [ 71.4531652, 51.1559195 ], [ 71.4531049, 51.1558841 ] ] ], [ [ [ 71.4529482, 51.1559743 ], [ 71.4527274, 51.1561143 ], [ 71.452724917182806, 51.156129439676796 ], [ 71.452825517212901, 51.156197839678377 ], [ 71.453058417294784, 51.156070039682469 ], [ 71.4530609, 51.1560549 ], [ 71.4529482, 51.1559743 ] ] ], [ [ [ 71.453442, 51.1564967 ], [ 71.4533619, 51.1564943 ], [ 71.45335411737021, 51.156580139686632 ], [ 71.453434117396355, 51.156582539687975 ], [ 71.453442, 51.1564967 ] ] ], [ [ [ 71.4523343, 51.1566436 ], [ 71.452323385122938, 51.15682049834529 ], [ 71.453468487001075, 51.15682619844133 ], [ 71.4534778, 51.156647399999983 ], [ 71.4523343, 51.1566436 ] ] ], [ [ [ 71.4527982, 51.1568601 ], [ 71.452795717172108, 51.156929039676683 ], [ 71.452962017226682, 51.156929039679468 ], [ 71.4529645, 51.15686010000001 ], [ 71.4527982, 51.1568601 ] ] ], [ [ [ 71.452746517147915, 51.157118639675538 ], [ 71.452943717212761, 51.157115839678859 ], [ 71.4529412, 51.1569601 ], [ 71.4527468, 51.1569627 ], [ 71.452699517136466, 51.157024839674918 ], [ 71.452700817135309, 51.157062239674865 ], [ 71.452746517147915, 51.157118639675538 ] ] ], [ [ [ 71.4514385, 51.15701270000001 ], [ 71.451424583571693, 51.157179198266945 ], [ 71.452562785438616, 51.157184398362425 ], [ 71.4525752, 51.1570188 ], [ 71.4514385, 51.15701270000001 ] ] ], [ [ [ 71.4532293, 51.1569986 ], [ 71.453184886343664, 51.157730998410152 ], [ 71.453368986645074, 51.157734498425569 ], [ 71.4534134, 51.1570022 ], [ 71.4532293, 51.1569986 ] ] ], [ [ [ 71.4517681, 51.1576319 ], [ 71.451751183970572, 51.157825398289063 ], [ 71.452782285659609, 51.157840698375466 ], [ 71.4527992, 51.1576472 ], [ 71.4517681, 51.1576319 ] ] ], [ [ [ 71.4530919, 51.1579423 ], [ 71.4528251, 51.157941699999988 ], [ 71.452806517121118, 51.158214239674741 ], [ 71.453077417209954, 51.158215939679302 ], [ 71.4530919, 51.1579423 ] ] ], [ [ [ 71.4532507, 51.1580514 ], [ 71.453227434486251, 51.158612279362416 ], [ 71.453498434663857, 51.158615979371483 ], [ 71.4535218, 51.1580551 ], [ 71.4532507, 51.1580514 ] ] ], [ [ [ 71.4517811, 51.1583796 ], [ 71.451727983659438, 51.15911189827662 ], [ 71.451910583958309, 51.159115698291906 ], [ 71.4519742, 51.1583853 ], [ 71.4517811, 51.1583796 ] ] ], [ [ [ 71.452654, 51.1583973 ], [ 71.4524661, 51.1583922 ], [ 71.452408284773568, 51.159123498333621 ], [ 71.4525960850807, 51.159128698349328 ], [ 71.452654, 51.1583973 ] ] ], [ [ [ 71.4530129, 51.159157399999984 ], [ 71.4526372, 51.1592719 ], [ 71.452732717046004, 51.15941343967156 ], [ 71.45310831717417, 51.159298839678051 ], [ 71.4530129, 51.159157399999984 ] ] ], [ [ [ 71.4524335, 51.1593354 ], [ 71.452121, 51.15940950000001 ], [ 71.452148016851467, 51.159474239661648 ], [ 71.452460516957316, 51.15939763966702 ], [ 71.4524335, 51.1593354 ] ] ], [ [ [ 71.45339121725209, 51.159650839682229 ], [ 71.45321370000002, 51.1593898 ], [ 71.4528865, 51.159484 ], [ 71.453064017140676, 51.159745039676572 ], [ 71.45339121725209, 51.159650839682229 ] ] ], [ [ [ 71.4515341, 51.1590288 ], [ 71.4514545, 51.159045399999989 ], [ 71.451452016640559, 51.159060539650646 ], [ 71.452045416787954, 51.160177039658777 ], [ 71.45212501681479, 51.160160339660152 ], [ 71.4521275, 51.160145199999988 ], [ 71.4515341, 51.1590288 ] ] ], [ [ [ 71.4521317, 51.1594659 ], [ 71.4519547, 51.1595096 ], [ 71.451952216785045, 51.159524739658274 ], [ 71.452211016852516, 51.159936839661952 ], [ 71.452388016912479, 51.159893039664986 ], [ 71.4523905, 51.1598779 ], [ 71.4521317, 51.1594659 ] ] ], [ [ [ 71.4528583, 51.1596112 ], [ 71.4525676, 51.1596963 ], [ 71.452677717008868, 51.159862839669906 ], [ 71.452968517107934, 51.159777739674915 ], [ 71.4528583, 51.1596112 ] ] ], [ [ [ 71.4525633, 51.1598626 ], [ 71.4523047, 51.159962 ], [ 71.452404116909776, 51.160081439664943 ], [ 71.45266281699891, 51.15998203966948 ], [ 71.4525633, 51.1598626 ] ] ], [ [ [ 71.4535516, 51.160015399999985 ], [ 71.453391, 51.1600475 ], [ 71.45343151724424, 51.160147239682097 ], [ 71.453592117298342, 51.160115139684827 ], [ 71.4535516, 51.160015399999985 ] ] ], [ [ [ 71.4531473, 51.1600856 ], [ 71.452997100000019, 51.1601234 ], [ 71.453072017121485, 51.160259339675875 ], [ 71.453222217172396, 51.160221539678453 ], [ 71.4531473, 51.1600856 ] ] ], [ [ [ 71.453683717311691, 51.160509039685742 ], [ 71.4536019, 51.1603882 ], [ 71.4534815, 51.1604259 ], [ 71.453563317270564, 51.160546739683639 ], [ 71.453683717311691, 51.160509039685742 ] ] ], [ [ [ 71.4532717, 51.160468 ], [ 71.4531575, 51.1605038 ], [ 71.45322621715728, 51.160608239677899 ], [ 71.453340417196287, 51.160572439679868 ], [ 71.4532717, 51.160468 ] ] ], [ [ [ 71.4531152, 51.1605025 ], [ 71.4529528, 51.1605534 ], [ 71.453011217085148, 51.160644939674228 ], [ 71.453173617140621, 51.160594039677029 ], [ 71.4531152, 51.1605025 ] ] ], [ [ [ 71.453694317299124, 51.160886939685298 ], [ 71.4535985, 51.160748399999989 ], [ 71.4534691, 51.160789 ], [ 71.453565017254959, 51.160927539683058 ], [ 71.453694317299124, 51.160886939685298 ] ] ], [ [ [ 71.4534337, 51.1608545 ], [ 71.4532665, 51.160907 ], [ 71.453329017174255, 51.161003639678981 ], [ 71.453496217231361, 51.160951239681864 ], [ 71.4534337, 51.1608545 ] ] ], [ [ [ 71.452560187083378, 51.161671530612061 ], [ 71.452841, 51.1603446 ], [ 71.4527326, 51.1602151 ], [ 71.4516483, 51.1605486 ], [ 71.4515864, 51.1607041 ], [ 71.451556599265004, 51.160885775797354 ], [ 71.452320701810009, 51.161798775933363 ], [ 71.452357509840397, 51.161787241121864 ], [ 71.452337001816417, 51.161912275934412 ], [ 71.452842303475521, 51.162563176023433 ], [ 71.453071704414953, 51.162493176070996 ], [ 71.4531015, 51.1623115 ], [ 71.4525963, 51.1616605 ], [ 71.452560187083378, 51.161671530612061 ] ] ], [ [ [ 71.453223817138266, 51.161037739677155 ], [ 71.4531616, 51.1609415 ], [ 71.4530144, 51.1609876 ], [ 71.453076617087987, 51.161083839674589 ], [ 71.453223817138266, 51.161037739677155 ] ] ], [ [ [ 71.453, 51.1610181 ], [ 71.4527963, 51.1610819 ], [ 71.452863317013708, 51.161184239670845 ], [ 71.453066917083262, 51.161120339674369 ], [ 71.453, 51.1610181 ] ] ], [ [ [ 71.4522737, 51.1623948 ], [ 71.4522078, 51.1623224 ], [ 71.4520219, 51.1623143 ], [ 71.452005616678335, 51.162451739654401 ], [ 71.452268716764365, 51.162459439658804 ], [ 71.4522737, 51.1623948 ] ] ], [ [ [ 71.451828500000019, 51.1628079 ], [ 71.451820216597625, 51.162918539650505 ], [ 71.451974316648105, 51.162921339653089 ], [ 71.4519826, 51.1628127 ], [ 71.451828500000019, 51.1628079 ] ] ], [ [ [ 71.4534902, 51.1630448 ], [ 71.4533443, 51.163081600000012 ], [ 71.453401317105232, 51.163189339676606 ], [ 71.45354711715467, 51.16315253967911 ], [ 71.4534902, 51.1630448 ] ] ], [ [ [ 71.453681717193319, 51.163282739681172 ], [ 71.4536068, 51.1631653 ], [ 71.4534538, 51.1632108 ], [ 71.453528717141154, 51.163328239678513 ], [ 71.453681717193319, 51.163282739681172 ] ] ], [ [ [ 71.4538375, 51.163311 ], [ 71.4535893, 51.1633915 ], [ 71.453663017178002, 51.163499039680488 ], [ 71.453911217262913, 51.163418539684784 ], [ 71.4538375, 51.163311 ] ] ], [ [ [ 71.45382810000001, 51.163485399999985 ], [ 71.4536946, 51.1635253 ], [ 71.453737317198105, 51.163599939681582 ], [ 71.453870817243626, 51.163560039683894 ], [ 71.45382810000001, 51.163485399999985 ] ] ], [ [ [ 71.4531347, 51.1637227 ], [ 71.4529903, 51.1635309 ], [ 71.4526275, 51.163638299999988 ], [ 71.452602668240942, 51.163789696625258 ], [ 71.452747068633599, 51.163981496646365 ], [ 71.45310986987036, 51.163874096709009 ], [ 71.4531347, 51.1637227 ] ] ], [ [ [ 71.4520294, 51.1638021 ], [ 71.4518849, 51.1638485 ], [ 71.451950516596739, 51.163947039651028 ], [ 71.45209501664614, 51.163900739653528 ], [ 71.4520294, 51.1638021 ] ] ], [ [ [ 71.4521992, 51.1638855 ], [ 71.451963, 51.1639613 ], [ 71.452023016616053, 51.164052939652073 ], [ 71.45225911669678, 51.163977239656155 ], [ 71.4521992, 51.1638855 ] ] ], [ [ [ 71.452326316711748, 51.164144439657008 ], [ 71.4522658, 51.164052199999986 ], [ 71.4519884, 51.1641412 ], [ 71.451985916599483, 51.164156339651285 ], [ 71.452048816616838, 51.164233539652209 ], [ 71.452326316711748, 51.164144439657008 ] ] ], [ [ [ 71.4536989, 51.1641334 ], [ 71.4535076, 51.1641963 ], [ 71.453505117095929, 51.164211439676691 ], [ 71.453699817149968, 51.164444339679562 ], [ 71.453891217215471, 51.164381439682884 ], [ 71.4538937, 51.1643663 ], [ 71.4536989, 51.1641334 ] ] ], [ [ [ 71.453097416943223, 51.164655439669133 ], [ 71.4528293, 51.1642384 ], [ 71.4526377, 51.1639924 ], [ 71.4524355, 51.164054299999989 ], [ 71.452929316885857, 51.164706839666209 ], [ 71.453097416943223, 51.164655439669133 ] ] ], [ [ [ 71.4524834, 51.1642986 ], [ 71.4523596, 51.1643383 ], [ 71.452430216733177, 51.164443039658266 ], [ 71.452554016775508, 51.164403239660409 ], [ 71.4524834, 51.1642986 ] ] ], [ [ [ 71.4520264, 51.1643822 ], [ 71.4518578, 51.1644363 ], [ 71.451936116566387, 51.164550539649795 ], [ 71.452104716624035, 51.164496439652716 ], [ 71.4520264, 51.1643822 ] ] ], [ [ [ 71.452507116750894, 51.164620339659272 ], [ 71.452636316795406, 51.164570939661516 ], [ 71.4526388, 51.1645558 ], [ 71.4525633, 51.164478 ], [ 71.4525063, 51.1644494 ], [ 71.4524407, 51.164474399999989 ], [ 71.452426716728013, 51.164537439658055 ], [ 71.452507116750894, 51.164620339659272 ] ] ], [ [ [ 71.452094, 51.1645718 ], [ 71.4519564, 51.1646098 ], [ 71.452013416585004, 51.164709739650839 ], [ 71.452151016631788, 51.164671839653209 ], [ 71.452094, 51.1645718 ] ] ], [ [ [ 71.452493516742621, 51.164709739658896 ], [ 71.452594016772196, 51.164790639660445 ], [ 71.45279151683971, 51.164727939663869 ], [ 71.452794, 51.1647128 ], [ 71.4527372, 51.1646451 ], [ 71.4525969, 51.1646609 ], [ 71.452496, 51.1646946 ], [ 71.452493516742621, 51.164709739658896 ] ] ], [ [ [ 71.45411861726835, 51.16489473968587 ], [ 71.454283117324536, 51.164843639688712 ], [ 71.4542856, 51.1648285 ], [ 71.4540147, 51.1644858 ], [ 71.4534541, 51.1646585 ], [ 71.453641117110692, 51.1649155396778 ], [ 71.454037917246154, 51.164793339684671 ], [ 71.45411861726835, 51.16489473968587 ] ] ], [ [ [ 71.453172, 51.1646975 ], [ 71.4530171, 51.164744799999987 ], [ 71.453059916923991, 51.16481833966823 ], [ 71.453214816976867, 51.164771139670897 ], [ 71.453172, 51.1646975 ] ] ], [ [ [ 71.452388216701436, 51.164865739656882 ], [ 71.452335, 51.1647825 ], [ 71.4522075, 51.1648235 ], [ 71.452260716657833, 51.164906739654668 ], [ 71.452388216701436, 51.164865739656882 ] ] ], [ [ [ 71.453252816983905, 51.164898639671321 ], [ 71.4531829, 51.1647898 ], [ 71.4530769, 51.1648221 ], [ 71.453027316909399, 51.164909939667524 ], [ 71.453063216919219, 51.164956339668031 ], [ 71.453252816983905, 51.164898639671321 ] ] ], [ [ [ 71.453069316918842, 51.165012439668054 ], [ 71.4529401, 51.1648419 ], [ 71.4527746, 51.1648971 ], [ 71.452889816858246, 51.165051139664989 ], [ 71.453069316918842, 51.165012439668054 ] ] ], [ [ [ 71.452787516824301, 51.165059539663254 ], [ 71.4526731, 51.1649188 ], [ 71.4525276, 51.164972 ], [ 71.452642016774277, 51.165112739660735 ], [ 71.452787516824301, 51.165059539663254 ] ] ], [ [ [ 71.452538516741313, 51.165088539659024 ], [ 71.4524591, 51.1649869 ], [ 71.4523425, 51.1650303 ], [ 71.452349616678163, 51.165115339655813 ], [ 71.452380116686825, 51.165147539656289 ], [ 71.452538516741313, 51.165088539659024 ] ] ], [ [ [ 71.45232851666718, 51.16521093965531 ], [ 71.452205, 51.165068 ], [ 71.4520961, 51.1651102 ], [ 71.452128216601068, 51.165218839651949 ], [ 71.452178016615292, 51.165269339652681 ], [ 71.45232851666718, 51.16521093965531 ] ] ], [ [ [ 71.45317630000001, 51.1650893 ], [ 71.4530342, 51.165139499999988 ], [ 71.453090216916905, 51.165219739668075 ], [ 71.453232316965696, 51.165169439670549 ], [ 71.45317630000001, 51.1650893 ] ] ], [ [ [ 71.45195981654247, 51.16529713964897 ], [ 71.452048216571441, 51.165298339650462 ], [ 71.452126316598267, 51.165270239651818 ], [ 71.4520028, 51.165117 ], [ 71.451894, 51.1651561 ], [ 71.451923416532196, 51.165257239648426 ], [ 71.45195981654247, 51.16529713964897 ] ] ], [ [ [ 71.4542281, 51.1650838 ], [ 71.4532175, 51.1653861 ], [ 71.453192669436064, 51.165537496695741 ], [ 71.453310269756528, 51.165692196712946 ], [ 71.454320873203073, 51.16538989688744 ], [ 71.4543457, 51.165238499999987 ], [ 71.4542281, 51.1650838 ] ] ], [ [ [ 71.4528885, 51.1655117 ], [ 71.4518795, 51.1658392 ], [ 71.451854664850458, 51.165990596463743 ], [ 71.451980465198801, 51.166142896482377 ], [ 71.452989368650563, 51.165815396657081 ], [ 71.4530142, 51.165664 ], [ 71.4528885, 51.1655117 ] ] ], [ [ [ 71.453881643741553, 51.166065730956632 ], [ 71.4537981, 51.1659535 ], [ 71.4533186, 51.1661057 ], [ 71.453324026421555, 51.166166682908461 ], [ 71.4532138, 51.1662036 ], [ 71.4531143, 51.1663524 ], [ 71.453109333749069, 51.166382679333054 ], [ 71.453232833817722, 51.166528979336725 ], [ 71.454052434379179, 51.166255579365135 ], [ 71.4540574, 51.1662253 ], [ 71.4539175, 51.1660594 ], [ 71.453881643741553, 51.166065730956632 ] ] ], [ [ [ 71.4536991, 51.1665681 ], [ 71.4535663, 51.1666186 ], [ 71.45356381701238, 51.166633739673699 ], [ 71.453693517049274, 51.166767739675684 ], [ 71.453826317095022, 51.166717139677985 ], [ 71.4538288, 51.166702 ], [ 71.4536991, 51.1665681 ] ] ], [ [ [ 71.453419316958403, 51.16678743967104 ], [ 71.4534523, 51.1667142 ], [ 71.453399, 51.1666562 ], [ 71.4532667, 51.166704 ], [ 71.453264216910384, 51.166719139668551 ], [ 71.453350016934564, 51.166812539669834 ], [ 71.453419316958403, 51.16678743967104 ] ] ], [ [ [ 71.4529672, 51.1666718 ], [ 71.4528396, 51.1667184 ], [ 71.452914216791314, 51.166816639662507 ], [ 71.453041816835196, 51.166770039664719 ], [ 71.4529672, 51.1666718 ] ] ], [ [ [ 71.453841, 51.166752699999989 ], [ 71.4537389, 51.1667844 ], [ 71.453736417062018, 51.166799539676333 ], [ 71.453876017100328, 51.166976539678394 ], [ 71.453978117135193, 51.166944939680164 ], [ 71.4539806, 51.1669298 ], [ 71.453841, 51.166752699999989 ] ] ], [ [ [ 71.452969416802389, 51.166982239663156 ], [ 71.4528999, 51.1668898 ], [ 71.4527719, 51.1669367 ], [ 71.452841516758397, 51.167029139660933 ], [ 71.452969416802389, 51.166982239663156 ] ] ], [ [ [ 71.4535713, 51.1668758 ], [ 71.4534586, 51.1669111 ], [ 71.453456116964603, 51.166926239671419 ], [ 71.453562916993974, 51.167060139673019 ], [ 71.453675517032437, 51.167024839674937 ], [ 71.453678, 51.16700969999998 ], [ 71.4535713, 51.1668758 ] ] ], [ [ [ 71.4540173, 51.1669893 ], [ 71.4538999, 51.1670261 ], [ 71.453897417104614, 51.167041239678653 ], [ 71.454025917139973, 51.167202339680543 ], [ 71.454143317180083, 51.167165639682558 ], [ 71.4541458, 51.1671505 ], [ 71.4540173, 51.1669893 ] ] ], [ [ [ 71.4529796, 51.1670419 ], [ 71.4528642, 51.1670772 ], [ 71.452861716762357, 51.167092339661181 ], [ 71.452975516793529, 51.167238439662853 ], [ 71.453090816832884, 51.167203139664849 ], [ 71.4530933, 51.167188 ], [ 71.4529796, 51.1670419 ] ] ], [ [ [ 71.4536776, 51.1670426 ], [ 71.45353, 51.167093 ], [ 71.453527516980301, 51.167108139672351 ], [ 71.45365401701568, 51.167253539674213 ], [ 71.45380161706629, 51.167203139676772 ], [ 71.4538041, 51.167188 ], [ 71.4536776, 51.1670426 ] ] ], [ [ [ 71.4537236, 51.167246 ], [ 71.4535654, 51.1672906 ], [ 71.453631317002689, 51.16738393967362 ], [ 71.453782817054417, 51.167337639676241 ], [ 71.4537236, 51.167246 ] ] ], [ [ [ 71.4531502, 51.1672694 ], [ 71.4530321, 51.1673064 ], [ 71.453029616807754, 51.167321539663625 ], [ 71.453136416837154, 51.167455339665196 ], [ 71.453254416877471, 51.167418339667257 ], [ 71.4532569, 51.1674032 ], [ 71.4531502, 51.1672694 ] ] ], [ [ [ 71.4540108171242, 51.167457039679874 ], [ 71.4539126, 51.167309 ], [ 71.4538053, 51.1673409 ], [ 71.45390351708761, 51.167489039678024 ], [ 71.4540108171242, 51.167457039679874 ] ] ], [ [ [ 71.451859716404371, 51.167774339643238 ], [ 71.452178416509938, 51.167752939648622 ], [ 71.452352716569578, 51.167696339651634 ], [ 71.452153600000017, 51.1674373 ], [ 71.4519793, 51.167493899999982 ], [ 71.4517743, 51.1676529 ], [ 71.451859716404371, 51.167774339643238 ] ] ], [ [ [ 71.4533186, 51.1674941 ], [ 71.453222, 51.1675243 ], [ 71.453219516860855, 51.167539439666434 ], [ 71.45332151688892, 51.167667339667972 ], [ 71.453418016921901, 51.167637039669629 ], [ 71.4534205, 51.1676219 ], [ 71.4533186, 51.1674941 ] ] ], [ [ [ 71.454209317180243, 51.167672339682852 ], [ 71.4541016, 51.1675265 ], [ 71.4539595, 51.1675736 ], [ 71.454067117131558, 51.167719439680383 ], [ 71.454209317180243, 51.167672339682852 ] ] ], [ [ [ 71.4534873, 51.1677045 ], [ 71.4533881, 51.1677382 ], [ 71.453385616906317, 51.167753339668891 ], [ 71.453498516937856, 51.167884239670563 ], [ 71.453597716971842, 51.167850639672295 ], [ 71.4536002, 51.167835499999988 ], [ 71.4534873, 51.1677045 ] ] ], [ [ [ 71.4536845, 51.1679093 ], [ 71.453553, 51.1679547 ], [ 71.453550516951282, 51.167969839671308 ], [ 71.453667516984055, 51.168102939673055 ], [ 71.453798917029133, 51.168057439675344 ], [ 71.4538014, 51.1680423 ], [ 71.4536845, 51.1679093 ] ] ], [ [ [ 71.45211251648243, 51.167891539647307 ], [ 71.452432516566816, 51.168378239651872 ], [ 71.452698316657674, 51.168294439656485 ], [ 71.4527008, 51.1682793 ], [ 71.4524866, 51.16791460000001 ], [ 71.4523804, 51.1677885 ], [ 71.452115, 51.167876400000011 ], [ 71.45211251648243, 51.167891539647307 ] ] ], [ [ [ 71.453907417056854, 51.168243839676826 ], [ 71.4538926, 51.1681564 ], [ 71.4538441, 51.1680885 ], [ 71.4536924, 51.1681314 ], [ 71.453785317015303, 51.168278039674739 ], [ 71.453907417056854, 51.168243839676826 ] ] ], [ [ [ 71.4540014, 51.168338 ], [ 71.4538983, 51.1683711 ], [ 71.453895817046998, 51.168386239676423 ], [ 71.454009817078486, 51.168526039678113 ], [ 71.454112917113761, 51.168493039679902 ], [ 71.4541154, 51.1684779 ], [ 71.4540014, 51.168338 ] ] ], [ [ [ 71.453873417035581, 51.168481939675885 ], [ 71.4537866, 51.1683592 ], [ 71.4536088, 51.1684172 ], [ 71.453695516974705, 51.168539939672804 ], [ 71.453873417035581, 51.168481939675885 ] ] ], [ [ [ 71.4521815, 51.1689714 ], [ 71.452261316480559, 51.169085539647853 ], [ 71.45252841657198, 51.168998239652481 ], [ 71.452526604528401, 51.168977888583747 ], [ 71.452821216673073, 51.16888163965757 ], [ 71.4526197, 51.16862110000001 ], [ 71.4524594, 51.1686735 ], [ 71.452446863844258, 51.168884667454883 ], [ 71.4521815, 51.1689714 ] ] ], [ [ [ 71.4530039, 51.1685824 ], [ 71.4528426, 51.168633 ], [ 71.452840116689202, 51.168648139658288 ], [ 71.453184016783823, 51.169079439663349 ], [ 71.453345316838949, 51.169028839666126 ], [ 71.4533478, 51.1690137 ], [ 71.4530039, 51.1685824 ] ] ], [ [ [ 71.4530063, 51.1689691 ], [ 71.4525936, 51.169107399999987 ], [ 71.4526981166171, 51.16924803965491 ], [ 71.453110816758496, 51.169109739662076 ], [ 71.4530063, 51.1689691 ] ] ], [ [ [ 71.454081700000017, 51.170065 ], [ 71.4539218, 51.1698595 ], [ 71.4537478, 51.1699114 ], [ 71.453740350792145, 51.16995681901394 ], [ 71.4538898843943, 51.170148996257495 ], [ 71.4536163, 51.1702423 ], [ 71.453680016893443, 51.170333839669638 ], [ 71.454004417004668, 51.170223239675245 ], [ 71.453953411060908, 51.17014646269368 ], [ 71.454074251101545, 51.170110419030003 ], [ 71.454081700000017, 51.170065 ] ] ], [ [ [ 71.4536186, 51.1699813 ], [ 71.4534357, 51.17004 ], [ 71.453570116862096, 51.17022183966796 ], [ 71.453752116924406, 51.170162139671113 ], [ 71.4536186, 51.1699813 ] ] ], [ [ [ 71.4535095, 51.1704584 ], [ 71.4531941, 51.1700772 ], [ 71.4530275, 51.1701318 ], [ 71.453020050054448, 51.170177218976605 ], [ 71.453333950315312, 51.170557018990543 ], [ 71.4535020504877, 51.170503818999258 ], [ 71.4535095, 51.1704584 ] ] ], [ [ [ 71.4544716, 51.1701607 ], [ 71.4538752, 51.1703558 ], [ 71.453867750861036, 51.170401219018181 ], [ 71.453958350936674, 51.170508319022211 ], [ 71.454553651548068, 51.170312819053116 ], [ 71.4545611, 51.1702674 ], [ 71.4544716, 51.1701607 ] ] ], [ [ [ 71.4526407, 51.1702546 ], [ 71.4524535, 51.1703153 ], [ 71.452446049465564, 51.170360718946789 ], [ 71.452755649722732, 51.170736218960528 ], [ 71.452942849914876, 51.170675618970257 ], [ 71.4529503, 51.1706302 ], [ 71.4526407, 51.1702546 ] ] ], [ [ [ 71.4530054, 51.170889699999989 ], [ 71.4524491, 51.1710666 ], [ 71.452444132911779, 51.17109687929532 ], [ 71.452521432954441, 51.171192379297608 ], [ 71.4530776333348, 51.17101547931685 ], [ 71.4530826, 51.1709852 ], [ 71.4530054, 51.170889699999989 ] ] ], [ [ [ 71.4538577, 51.1708734 ], [ 71.4531409, 51.1710908 ], [ 71.453135933364109, 51.171121079318468 ], [ 71.45322543341311, 51.171236379321087 ], [ 71.453939733900853, 51.171017379345777 ], [ 71.4539447, 51.1709871 ], [ 71.4538577, 51.1708734 ] ] ], [ [ [ 71.4523873, 51.1711984 ], [ 71.4520958, 51.1712892 ], [ 71.452189816357645, 51.171426039642824 ], [ 71.452481316457252, 51.171335239647874 ], [ 71.4523873, 51.1711984 ] ] ], [ [ [ 71.4541242, 51.1712578 ], [ 71.4539293, 51.1713205 ], [ 71.454006016953855, 51.171432439673296 ], [ 71.454200917020515, 51.17136973967667 ], [ 71.4541242, 51.1712578 ] ] ], [ [ [ 71.452815416556589, 51.171579339653064 ], [ 71.4527124, 51.1714286 ], [ 71.4522785, 51.1715614 ], [ 71.452276016379585, 51.171576539644022 ], [ 71.452381516408451, 51.171712139645578 ], [ 71.452815416556589, 51.171579339653064 ] ] ], [ [ [ 71.4540973, 51.171487799999987 ], [ 71.4534135, 51.1717079 ], [ 71.453517116775572, 51.171849739664395 ], [ 71.454198817008702, 51.171631539676206 ], [ 71.4540973, 51.171487799999987 ] ] ], [ [ [ 71.4533212, 51.1718233 ], [ 71.4531129, 51.17188860000001 ], [ 71.453198316663901, 51.17201393965879 ], [ 71.453406516735029, 51.171948639662389 ], [ 71.4533212, 51.1718233 ] ] ], [ [ [ 71.452246032716062, 51.171869079286139 ], [ 71.452509232860834, 51.172199879293906 ], [ 71.452604632924306, 51.172190479297136 ], [ 71.452692332984213, 51.172163079300169 ], [ 71.4526973, 51.1721328 ], [ 71.4524078, 51.171769 ], [ 71.452251, 51.1718388 ], [ 71.452246032716062, 51.171869079286139 ] ] ], [ [ [ 71.4546305, 51.1721475 ], [ 71.4536629, 51.1724438 ], [ 71.453633101464831, 51.172625475985427 ], [ 71.453750701851391, 51.172776376006169 ], [ 71.454718305815774, 51.172480076206817 ], [ 71.4547481, 51.1722984 ], [ 71.4546305, 51.1721475 ] ] ], [ [ [ 71.4534265, 51.172496899999985 ], [ 71.4530101, 51.1726167 ], [ 71.453000166291318, 51.172677258617917 ], [ 71.45326873329337, 51.172980679316844 ], [ 71.453505133455337, 51.172902179325035 ], [ 71.4535101, 51.1728719 ], [ 71.453362548480627, 51.172697206729026 ], [ 71.453491666939925, 51.172660058651026 ], [ 71.4535016, 51.1725995 ], [ 71.4534265, 51.172496899999985 ] ] ], [ [ [ 71.4536093, 51.1729477 ], [ 71.4533411, 51.1730318 ], [ 71.453493116708614, 51.173240639661721 ], [ 71.453761316800282, 51.173156539666365 ], [ 71.4536093, 51.1729477 ] ] ], [ [ [ 71.4526984, 51.172939 ], [ 71.4523239, 51.173048 ], [ 71.45232141633133, 51.173063139642352 ], [ 71.452680716428716, 51.173548739647593 ], [ 71.453055216556336, 51.173439739654064 ], [ 71.4530577, 51.173424600000011 ], [ 71.4526984, 51.172939 ] ] ], [ [ [ 71.4538127, 51.1732015 ], [ 71.4536482, 51.173253899999985 ], [ 71.453635783773038, 51.173329598320564 ], [ 71.454080784387259, 51.173878498353417 ], [ 71.454245284668531, 51.173826098367662 ], [ 71.454257700000014, 51.1737504 ], [ 71.4538127, 51.1732015 ] ] ], [ [ [ 71.4532809, 51.1736172 ], [ 71.4520162, 51.1739644 ], [ 71.45201123238121, 51.17399467927131 ], [ 71.452413232596371, 51.174570079282937 ], [ 71.453201979605183, 51.174423139831113 ], [ 71.453314416592193, 51.17459993965651 ], [ 71.453869916780874, 51.174453139666078 ], [ 71.453758600000015, 51.1742689 ], [ 71.453723061336476, 51.174278293472788 ], [ 71.4537268, 51.1742555 ], [ 71.4532809, 51.1736172 ] ] ], [ [ [ 71.4529186, 51.1744988 ], [ 71.4520623, 51.1747485 ], [ 71.452207216213139, 51.174962239637324 ], [ 71.453063516504997, 51.174712539652106 ], [ 71.4529186, 51.1744988 ] ] ], [ [ [ 71.454015916817369, 51.174722839668085 ], [ 71.4539625, 51.1746303 ], [ 71.4537143, 51.17470070000001 ], [ 71.453711816717799, 51.174715839663008 ], [ 71.45376771673287, 51.174793239663799 ], [ 71.454015916817369, 51.174722839668085 ] ] ], [ [ [ 71.4536579, 51.1746846 ], [ 71.4535742, 51.1747092 ], [ 71.453571716671419, 51.174724339660635 ], [ 71.453648916692387, 51.174827339661761 ], [ 71.453732516720891, 51.174802739663193 ], [ 71.453735, 51.1747876 ], [ 71.4536579, 51.1746846 ] ] ], [ [ [ 71.4535707, 51.1747413 ], [ 71.4533612, 51.1748032 ], [ 71.453414016612498, 51.17489203965772 ], [ 71.453623516683933, 51.174830039661323 ], [ 71.4535707, 51.1747413 ] ] ], [ [ [ 71.453247116556938, 51.17490953965487 ], [ 71.4531785, 51.174807099999988 ], [ 71.4530504, 51.1748481 ], [ 71.453119016513114, 51.174950539652663 ], [ 71.453247116556938, 51.17490953965487 ] ] ], [ [ [ 71.4541118, 51.1748007 ], [ 71.4539599, 51.1748521 ], [ 71.453957416792022, 51.174867239666867 ], [ 71.454168516850942, 51.175112639670012 ], [ 71.454320416903002, 51.175061239672665 ], [ 71.4543229, 51.17504610000001 ], [ 71.4541118, 51.1748007 ] ] ], [ [ [ 71.4533466, 51.1749104 ], [ 71.4531634, 51.174969 ], [ 71.453229216544329, 51.175068039654313 ], [ 71.453412516607031, 51.175009439657494 ], [ 71.4533466, 51.1749104 ] ] ], [ [ [ 71.454076116820005, 51.175126639668427 ], [ 71.4538889, 51.1748632 ], [ 71.4535644, 51.1749607 ], [ 71.453751616709269, 51.175224139662831 ], [ 71.454076116820005, 51.175126639668427 ] ] ], [ [ [ 71.4544097, 51.1752353 ], [ 71.454193800000013, 51.1753034 ], [ 71.454191316849688, 51.175318539670052 ], [ 71.454596816961384, 51.175824239676039 ], [ 71.45481271703521, 51.17575613967977 ], [ 71.4548152, 51.175741 ], [ 71.4544097, 51.1752353 ] ] ], [ [ [ 71.4546379, 51.1454293 ], [ 71.454559718233355, 51.145554939724846 ], [ 71.454698718277371, 51.145592439727132 ], [ 71.454776900000013, 51.1454668 ], [ 71.4546379, 51.1454293 ] ] ], [ [ [ 71.4545081, 51.1455617 ], [ 71.45440551817569, 51.145721839721986 ], [ 71.454566018226487, 51.145765439724627 ], [ 71.4546687, 51.1456052 ], [ 71.4545081, 51.1455617 ] ] ], [ [ [ 71.45437, 51.1457624 ], [ 71.454295018132427, 51.145886639719848 ], [ 71.454473218188937, 51.145933239722766 ], [ 71.4545482, 51.1458089 ], [ 71.45437, 51.1457624 ] ] ], [ [ [ 71.4536859, 51.1457776 ], [ 71.453607217905798, 51.145909239708296 ], [ 71.453784317961976, 51.145954739711186 ], [ 71.453863, 51.1458231 ], [ 71.4536859, 51.1457776 ] ] ], [ [ [ 71.4535985, 51.1459231 ], [ 71.453527017874137, 51.146035739706747 ], [ 71.453670617919556, 51.146075739709083 ], [ 71.4537421, 51.1459631 ], [ 71.4535985, 51.1459231 ] ] ], [ [ [ 71.4544099, 51.1459835 ], [ 71.4542457, 51.1459389 ], [ 71.454153518077661, 51.146083839717171 ], [ 71.454317618129593, 51.14612853971984 ], [ 71.4544099, 51.1459835 ] ] ], [ [ [ 71.4535063, 51.1460655 ], [ 71.453451117843912, 51.146161339705266 ], [ 71.45359501788954, 51.14619833970761 ], [ 71.4536503, 51.1461025 ], [ 71.4535063, 51.1460655 ] ] ], [ [ [ 71.4537877, 51.146125299999987 ], [ 71.453735217934934, 51.146213239709937 ], [ 71.45380951795849, 51.146232539711157 ], [ 71.453861900000021, 51.1461451 ], [ 71.4537877, 51.146125299999987 ] ] ], [ [ [ 71.4543108, 51.1461452 ], [ 71.4541466, 51.1461006 ], [ 71.454054418038268, 51.146245539715252 ], [ 71.454218518090244, 51.146290239717906 ], [ 71.4543108, 51.1461452 ] ] ], [ [ [ 71.4547269, 51.1461042 ], [ 71.4546484, 51.1462122 ], [ 71.454640954695037, 51.146257619175387 ], [ 71.454796054842305, 51.146300119182982 ], [ 71.454871854931113, 51.146188619187306 ], [ 71.4548793, 51.1461432 ], [ 71.4547269, 51.1461042 ] ] ], [ [ [ 71.452997, 51.1461612 ], [ 71.452920417664487, 51.146286039696157 ], [ 71.453094317719575, 51.146332239699007 ], [ 71.4531708, 51.1462074 ], [ 71.452997, 51.1461612 ] ] ], [ [ [ 71.4535184, 51.1463231 ], [ 71.4532854, 51.1462629 ], [ 71.453202417752138, 51.146400839700704 ], [ 71.453435417826043, 51.146460939704511 ], [ 71.4535184, 51.1463231 ] ] ], [ [ [ 71.4535735, 51.1463368 ], [ 71.453496417845926, 51.146464339705517 ], [ 71.453701017910802, 51.146517839708864 ], [ 71.4537781, 51.1463903 ], [ 71.4535735, 51.1463368 ] ] ], [ [ [ 71.45380440000001, 51.1464894 ], [ 71.453748417922455, 51.146609439709508 ], [ 71.453900617971101, 51.146640039712018 ], [ 71.4539567, 51.1465199 ], [ 71.45380440000001, 51.1464894 ] ] ], [ [ [ 71.454088, 51.146491 ], [ 71.454024518013597, 51.146596439714166 ], [ 71.454206318071201, 51.146644839717155 ], [ 71.4542699, 51.1465394 ], [ 71.454088, 51.146491 ] ] ], [ [ [ 71.4545779, 51.1465402 ], [ 71.454532218179253, 51.146618239722649 ], [ 71.454588218196974, 51.146633739723562 ], [ 71.4546332, 51.1465568 ], [ 71.4545779, 51.1465402 ] ] ], [ [ [ 71.4543568, 51.1465564 ], [ 71.454289218097671, 51.146662239718502 ], [ 71.454463718152837, 51.146711439721351 ], [ 71.4545312, 51.1466056 ], [ 71.4543568, 51.1465564 ] ] ], [ [ [ 71.4546618, 51.1465981 ], [ 71.454578318189448, 51.146735039723225 ], [ 71.454781518253867, 51.146788239726554 ], [ 71.454865, 51.1466513 ], [ 71.4546618, 51.1465981 ] ] ], [ [ [ 71.4551092, 51.1467604 ], [ 71.4549586, 51.1467223 ], [ 71.454907118293988, 51.14681363972862 ], [ 71.455057818341828, 51.146851739731083 ], [ 71.4551092, 51.1467604 ] ] ], [ [ [ 71.454387, 51.1467528 ], [ 71.45434441810886, 51.14682553971916 ], [ 71.45442971813587, 51.146848439720564 ], [ 71.4544722, 51.1467752 ], [ 71.454387, 51.1467528 ] ] ], [ [ [ 71.453744, 51.146761 ], [ 71.453646517876052, 51.146915039707309 ], [ 71.453849317940296, 51.146969639710626 ], [ 71.4539468, 51.1468155 ], [ 71.453744, 51.146761 ] ] ], [ [ [ 71.4543065, 51.1469397 ], [ 71.4541143, 51.1468793 ], [ 71.454002917988092, 51.147030839713089 ], [ 71.454195118048602, 51.147091239716218 ], [ 71.4543065, 51.1469397 ] ] ], [ [ [ 71.4545675, 51.1469153 ], [ 71.45446831813878, 51.147078439720822 ], [ 71.454817918249688, 51.147168339726534 ], [ 71.4549171, 51.1470053 ], [ 71.4545675, 51.1469153 ] ] ], [ [ [ 71.4531661, 51.1470191 ], [ 71.453095617685989, 51.14713453969771 ], [ 71.453265717739882, 51.147179939700493 ], [ 71.4533362, 51.1470645 ], [ 71.4531661, 51.1470191 ] ] ], [ [ [ 71.4537348, 51.1471737 ], [ 71.4535171, 51.1471131 ], [ 71.453440817795112, 51.147232539703346 ], [ 71.453658517863957, 51.147293139706882 ], [ 71.4537348, 51.1471737 ] ] ], [ [ [ 71.4540564, 51.1471622 ], [ 71.453977617969272, 51.147278639712262 ], [ 71.454175918031865, 51.1473374397155 ], [ 71.4542547, 51.147221 ], [ 71.4540564, 51.1471622 ] ] ], [ [ [ 71.4544499, 51.1472596 ], [ 71.454382618098066, 51.147375639718895 ], [ 71.454634418177989, 51.147439239723013 ], [ 71.4547017, 51.14732320000001 ], [ 71.4544499, 51.1472596 ] ] ], [ [ [ 71.453082, 51.1473855 ], [ 71.453005017640734, 51.147500739695595 ], [ 71.453140217683412, 51.147540339697798 ], [ 71.4532171, 51.147425 ], [ 71.453082, 51.1473855 ] ] ], [ [ [ 71.45347, 51.1474486 ], [ 71.453371117756348, 51.147607439701552 ], [ 71.453523617804677, 51.147647639704047 ], [ 71.4536225, 51.1474889 ], [ 71.45347, 51.1474486 ] ] ], [ [ [ 71.4533883, 51.1477447 ], [ 71.453316117727681, 51.147857439700225 ], [ 71.453492117783341, 51.147906939703091 ], [ 71.4535644, 51.1477942 ], [ 71.4533883, 51.1477447 ] ] ], [ [ [ 71.4545254, 51.1478423 ], [ 71.454437518090671, 51.147975239718853 ], [ 71.455016618273689, 51.148140439728287 ], [ 71.4551046, 51.148007399999983 ], [ 71.4545254, 51.1478423 ] ] ], [ [ [ 71.455242118317045, 51.148863339730887 ], [ 71.455339, 51.1487319 ], [ 71.455129236445373, 51.148675836138601 ], [ 71.455200309914687, 51.148576838384898 ], [ 71.4552152, 51.148486 ], [ 71.4543298, 51.1482469 ], [ 71.454245, 51.148377200000013 ], [ 71.454230108032149, 51.148468038288357 ], [ 71.454800896188772, 51.148624249970517 ], [ 71.454696709799222, 51.148770745612708 ], [ 71.4544627, 51.1487018 ], [ 71.4543667, 51.1488298 ], [ 71.454341880231937, 51.14898119715896 ], [ 71.455929385243124, 51.149448897417493 ], [ 71.45594996061152, 51.149420606465512 ], [ 71.456035618552775, 51.149445139743236 ], [ 71.456144518594868, 51.149295439745309 ], [ 71.4562971, 51.1489985 ], [ 71.4560411, 51.1489252 ], [ 71.455886809597501, 51.149121370651976 ], [ 71.45476599695165, 51.148791159350225 ], [ 71.454870823401762, 51.148643184555667 ], [ 71.454932334893968, 51.148659578359798 ], [ 71.454869118199014, 51.148760439724803 ], [ 71.455242118317045, 51.148863339730887 ] ] ], [ [ [ 71.453287088398781, 51.148831898491416 ], [ 71.453703689057377, 51.148949498525383 ], [ 71.454141089909797, 51.148313798567258 ], [ 71.4541535, 51.1482381 ], [ 71.4537468, 51.1481234 ], [ 71.4532995, 51.1487562 ], [ 71.453287088398781, 51.148831898491416 ] ] ], [ [ [ 71.4530727, 51.1484963 ], [ 71.452946817570137, 51.148715039692632 ], [ 71.453104217620208, 51.148752639695218 ], [ 71.4532301, 51.1485339 ], [ 71.4530727, 51.1484963 ] ] ], [ [ [ 71.454093917945528, 51.148739139711829 ], [ 71.454174417969824, 51.148789539713107 ], [ 71.454347418024469, 51.148839239715912 ], [ 71.4544311, 51.1487127 ], [ 71.4540119, 51.1485591 ], [ 71.453982617914363, 51.148612939710183 ], [ 71.454093917945528, 51.148739139711829 ] ] ], [ [ [ 71.4533906, 51.1489803 ], [ 71.4532082, 51.1489298 ], [ 71.45312571761427, 51.149058739695064 ], [ 71.453308017671958, 51.149109239698042 ], [ 71.4533906, 51.1489803 ] ] ], [ [ [ 71.453656, 51.1490881 ], [ 71.4533642, 51.1494542 ], [ 71.453361717674312, 51.149469339698364 ], [ 71.453549417733399, 51.149528239701397 ], [ 71.45384131784472, 51.14916213970691 ], [ 71.453843800000016, 51.149147 ], [ 71.453656, 51.1490881 ] ] ], [ [ [ 71.4531062, 51.1492647 ], [ 71.45303621757175, 51.14936873969306 ], [ 71.453139617604378, 51.149399639694735 ], [ 71.4532096, 51.1492956 ], [ 71.4531062, 51.1492647 ] ] ], [ [ [ 71.453780271141142, 51.150142658817508 ], [ 71.454250171735382, 51.150275858848161 ], [ 71.455237773052616, 51.150152858915213 ], [ 71.455318673177999, 51.150039658921393 ], [ 71.4553286, 51.1499791 ], [ 71.454121, 51.1496375 ], [ 71.4534539, 51.1496482 ], [ 71.4533761, 51.1497587 ], [ 71.453366170652444, 51.14981925879183 ], [ 71.453780271141142, 51.150142658817508 ] ] ], [ [ [ 71.4552151, 51.1505769 ], [ 71.455160218213678, 51.150668139726569 ], [ 71.455232518236542, 51.150688539727746 ], [ 71.4552883, 51.1505968 ], [ 71.4552151, 51.1505769 ] ] ], [ [ [ 71.4535007, 51.1511665 ], [ 71.453327517580618, 51.151413639694617 ], [ 71.453905617763269, 51.151581039704034 ], [ 71.4540788, 51.1513339 ], [ 71.4535007, 51.1511665 ] ] ], [ [ [ 71.453605152807597, 51.153079819089839 ], [ 71.454038453220889, 51.15318461911113 ], [ 71.454359453574895, 51.15288631912874 ], [ 71.454874154185319, 51.152071219158628 ], [ 71.4548816, 51.152025799999983 ], [ 71.4543485, 51.1518573 ], [ 71.454037986672006, 51.151959581914177 ], [ 71.4534579, 51.1517898 ], [ 71.453334817559536, 51.151967139693831 ], [ 71.453694974787339, 51.152072567256894 ], [ 71.4525412, 51.1524526 ], [ 71.4523582, 51.152667 ], [ 71.452350751619292, 51.152712419028504 ], [ 71.453605152807597, 51.153079819089839 ] ] ], [ [ [ 71.4551544, 51.1520019 ], [ 71.4550525, 51.1519716 ], [ 71.455005918104661, 51.152045239721723 ], [ 71.455107818136824, 51.152075439723397 ], [ 71.4551544, 51.1520019 ] ] ], [ [ [ 71.453652717559393, 51.154430839695138 ], [ 71.453686217571303, 51.154408939695742 ], [ 71.4536901, 51.1543644 ], [ 71.4536364, 51.1543492 ], [ 71.453599117542723, 51.154408939694278 ], [ 71.453652717559393, 51.154430839695138 ] ] ], [ [ [ 71.454638430988012, 51.156055904498366 ], [ 71.4546474, 51.15589940000001 ], [ 71.4535166, 51.1558994 ], [ 71.453507387225287, 51.156070098450755 ], [ 71.454635357415356, 51.156070798156634 ], [ 71.454630817800265, 51.156320439708466 ], [ 71.455123417961815, 51.156323939716714 ], [ 71.45516531797854, 51.156254039717531 ], [ 71.455171, 51.1560597 ], [ 71.454638430988012, 51.156055904498366 ] ] ], [ [ [ 71.4529613, 51.1562676 ], [ 71.452945886226559, 51.156434098400688 ], [ 71.454083388091973, 51.156440798496064 ], [ 71.4540973, 51.1562676 ], [ 71.4529613, 51.1562676 ] ] ], [ [ [ 71.4540938, 51.1564832 ], [ 71.4539462, 51.1564832 ], [ 71.453935717561365, 51.156574039696388 ], [ 71.454096617614098, 51.156575739699079 ], [ 71.4540938, 51.1564832 ] ] ], [ [ [ 71.453779900000015, 51.1565169 ], [ 71.453619, 51.1565203 ], [ 71.453619017457058, 51.156582439691057 ], [ 71.453779917510005, 51.156579039693774 ], [ 71.453779900000015, 51.1565169 ] ] ], [ [ [ 71.455379690126989, 51.156876898601205 ], [ 71.455535390381954, 51.156879598614239 ], [ 71.4556369, 51.1563122 ], [ 71.4556369, 51.1562339 ], [ 71.4555905, 51.1562078 ], [ 71.4554097, 51.1562345 ], [ 71.455379690126989, 51.156876898601205 ] ] ], [ [ [ 71.4545784, 51.1566889 ], [ 71.454566653275549, 51.156842719119787 ], [ 71.454908053610723, 51.156850719136919 ], [ 71.4549176, 51.1566916 ], [ 71.4545784, 51.1566889 ] ] ], [ [ [ 71.4555569, 51.1567928 ], [ 71.455549718078629, 51.156868939722976 ], [ 71.455638218107595, 51.156871039724443 ], [ 71.4556481, 51.1567953 ], [ 71.4555569, 51.1567928 ] ] ], [ [ [ 71.453779900000015, 51.1569644 ], [ 71.453777417489633, 51.15704003969298 ], [ 71.45406171758296, 51.15704003969774 ], [ 71.4540642, 51.1569644 ], [ 71.453779900000015, 51.1569644 ] ] ], [ [ [ 71.455324, 51.1569815 ], [ 71.455317717995214, 51.157040439718791 ], [ 71.455395618020674, 51.157043039720108 ], [ 71.4554019, 51.1569842 ], [ 71.455324, 51.1569815 ] ] ], [ [ [ 71.4538604, 51.157072 ], [ 71.4537746, 51.157072 ], [ 71.453772117483467, 51.157144339692699 ], [ 71.453857917511627, 51.157144339694163 ], [ 71.4538604, 51.157072 ] ] ], [ [ [ 71.4540425, 51.157215499999985 ], [ 71.454033317550852, 51.157577039696378 ], [ 71.454199117596175, 51.157791639698807 ], [ 71.454580017721142, 51.157793239705214 ], [ 71.4545804, 51.1574265 ], [ 71.4544354, 51.157217099999983 ], [ 71.4540425, 51.157215499999985 ] ] ], [ [ [ 71.4554629, 51.1571516 ], [ 71.45542738999491, 51.157868998597102 ], [ 71.455619790310124, 51.157871698613206 ], [ 71.4556553, 51.1571543 ], [ 71.4554629, 51.1571516 ] ] ], [ [ [ 71.454743017777972, 51.157714639708061 ], [ 71.455168817917453, 51.157721439715175 ], [ 71.4551818, 51.1574459 ], [ 71.4549841, 51.1574427 ], [ 71.4547509, 51.1575666 ], [ 71.454743017777972, 51.157714639708061 ] ] ], [ [ [ 71.4535329, 51.158023899999989 ], [ 71.453522452068611, 51.158246719060358 ], [ 71.454576753105968, 51.158253619113388 ], [ 71.4545872, 51.1580308 ], [ 71.4535329, 51.158023899999989 ] ] ], [ [ [ 71.453718652220786, 51.158568919068649 ], [ 71.453748252202928, 51.158938419068321 ], [ 71.454174452618076, 51.158974219089615 ], [ 71.454825453261989, 51.158952119122482 ], [ 71.4548546, 51.1584035 ], [ 71.4537304, 51.1583892 ], [ 71.453718652220786, 51.158568919068649 ] ] ], [ [ [ 71.455036717807076, 51.159301839710409 ], [ 71.4549185, 51.1591311 ], [ 71.453779900000015, 51.1594557 ], [ 71.453777417386519, 51.159470839688993 ], [ 71.453904817422142, 51.159616339690892 ], [ 71.455036717807076, 51.159301839710409 ] ] ], [ [ [ 71.4543311, 51.1597928 ], [ 71.4541702, 51.1598348 ], [ 71.454167717498535, 51.159849939694915 ], [ 71.454332717542187, 51.160098339697285 ], [ 71.454493617596782, 51.160056239700047 ], [ 71.4544961, 51.160041099999987 ], [ 71.4543311, 51.1597928 ] ] ], [ [ [ 71.4537417, 51.159952 ], [ 71.4536301, 51.1599827 ], [ 71.4536808173292, 51.160073939686384 ], [ 71.45379241736714, 51.160043339688329 ], [ 71.4537417, 51.159952 ] ] ], [ [ [ 71.4540353, 51.1598658 ], [ 71.4538543, 51.1599155 ], [ 71.45385181739141, 51.159930639689485 ], [ 71.454013217434593, 51.160161839691824 ], [ 71.454194217496109, 51.160112139694938 ], [ 71.4541967, 51.160097 ], [ 71.4540353, 51.1598658 ] ] ], [ [ [ 71.4544933, 51.1600707 ], [ 71.4543213, 51.1601278 ], [ 71.454382717553486, 51.160218539697937 ], [ 71.454554717612368, 51.160161439700929 ], [ 71.4544933, 51.1600707 ] ] ], [ [ [ 71.454926, 51.1596542 ], [ 71.4548868, 51.1597316 ], [ 71.454857012761778, 51.159913276480992 ], [ 71.454905212897231, 51.160020176488594 ], [ 71.455640915330804, 51.160933076618754 ], [ 71.455696915538084, 51.160959276629526 ], [ 71.455855716189376, 51.160908776662446 ], [ 71.4558855, 51.1607271 ], [ 71.455878, 51.1594784 ], [ 71.4557968, 51.1593777 ], [ 71.454926, 51.1596542 ] ] ], [ [ [ 71.4546068, 51.1601882 ], [ 71.45447630000001, 51.1602316 ], [ 71.454533817598872, 51.160317739700304 ], [ 71.454664317643548, 51.160274339702561 ], [ 71.4546068, 51.1601882 ] ] ], [ [ [ 71.454011917426911, 51.160332839691534 ], [ 71.4539533, 51.1602454 ], [ 71.4538268, 51.1602874 ], [ 71.453885417383603, 51.160374839689325 ], [ 71.454011917426911, 51.160332839691534 ] ] ], [ [ [ 71.4547392, 51.1603338 ], [ 71.4546047, 51.1603786 ], [ 71.454662817634954, 51.160465439702222 ], [ 71.45479741768105, 51.160420739704556 ], [ 71.4547392, 51.1603338 ] ] ], [ [ [ 71.4541235, 51.1603673 ], [ 71.4539415, 51.1604278 ], [ 71.453997217414482, 51.16051183969099 ], [ 71.454179317476829, 51.160451339694127 ], [ 71.4541235, 51.1603673 ] ] ], [ [ [ 71.454759117661041, 51.160595939703626 ], [ 71.454902017709969, 51.160548439706098 ], [ 71.4548407, 51.1604579 ], [ 71.4546457, 51.1605227 ], [ 71.454678117635169, 51.160579139702293 ], [ 71.454759117661041, 51.160595939703626 ] ] ], [ [ [ 71.4541872, 51.1604697 ], [ 71.4540208, 51.160525 ], [ 71.454090117440174, 51.160625139692364 ], [ 71.45425641749712, 51.160569839695235 ], [ 71.4541872, 51.1604697 ] ] ], [ [ [ 71.454821317679148, 51.160650639704578 ], [ 71.4547958, 51.160603 ], [ 71.4546511, 51.1606511 ], [ 71.454648617621785, 51.160666239701676 ], [ 71.454681917631206, 51.16070213970216 ], [ 71.454821317679148, 51.160650639704578 ] ] ], [ [ [ 71.45445201755507, 51.160717239698286 ], [ 71.4543712, 51.160603499999986 ], [ 71.4541486, 51.160677499999984 ], [ 71.454146117455693, 51.160692639693181 ], [ 71.454229417478857, 51.160791239694419 ], [ 71.45445201755507, 51.160717239698286 ] ] ], [ [ [ 71.454017717408419, 51.160813639690836 ], [ 71.4539407, 51.1606988 ], [ 71.453671, 51.1606129 ], [ 71.4535995, 51.1606354 ], [ 71.453785117328962, 51.160886539686814 ], [ 71.454017717408419, 51.160813639690836 ] ] ], [ [ [ 71.454883017696119, 51.160728039705489 ], [ 71.4548575, 51.1606804 ], [ 71.4547128, 51.1607285 ], [ 71.454710317638742, 51.160743639702559 ], [ 71.454743717648199, 51.16077943970307 ], [ 71.454883017696119, 51.160728039705489 ] ] ], [ [ [ 71.454722917639558, 51.160822239702654 ], [ 71.4546171, 51.160679 ], [ 71.4542564, 51.1608261 ], [ 71.454253917484792, 51.160841239694768 ], [ 71.454344317509921, 51.160948039696109 ], [ 71.454722917639558, 51.160822239702654 ] ] ], [ [ [ 71.455636432757885, 51.161853516316903 ], [ 71.4556687, 51.1616567 ], [ 71.4549771, 51.1607983 ], [ 71.454324, 51.1610052 ], [ 71.454291727378205, 51.161202016037521 ], [ 71.454968429790185, 51.162065216166766 ], [ 71.455636432757885, 51.161853516316903 ] ] ], [ [ [ 71.4540294, 51.1613363 ], [ 71.4536248, 51.161475899999985 ], [ 71.45349173439557, 51.161725179361106 ], [ 71.453697134509753, 51.1619687793672 ], [ 71.453898334643569, 51.161948579374027 ], [ 71.454089834774692, 51.161885079380653 ], [ 71.4542708, 51.1615428 ], [ 71.4541662, 51.1614188 ], [ 71.4540294, 51.1613363 ] ] ], [ [ [ 71.4542215, 51.161905799999985 ], [ 71.4539962, 51.1619698 ], [ 71.454142217390853, 51.16219083969068 ], [ 71.454367517467517, 51.162126939694559 ], [ 71.4542215, 51.161905799999985 ] ] ], [ [ [ 71.454238317391471, 51.162919839691092 ], [ 71.4541807, 51.1628438 ], [ 71.4540072, 51.1629111 ], [ 71.454040142542851, 51.162962136479983 ], [ 71.4538583, 51.1629405 ], [ 71.4537555, 51.1629803 ], [ 71.453753017228919, 51.162995439682845 ], [ 71.453880617265327, 51.163124839684755 ], [ 71.454104117342396, 51.163038139688652 ], [ 71.454069446221467, 51.162985344165605 ], [ 71.454238317391471, 51.162919839691092 ] ] ], [ [ [ 71.4543054, 51.162971299999981 ], [ 71.4541212, 51.1630368 ], [ 71.454187817366034, 51.163128439689906 ], [ 71.454372017429293, 51.163062939693106 ], [ 71.4543054, 51.162971299999981 ] ] ], [ [ [ 71.454449417448004, 51.163220639694146 ], [ 71.4543737, 51.1631195 ], [ 71.4541648, 51.1631942 ], [ 71.454162317354232, 51.163209339689338 ], [ 71.454240417376226, 51.163295239690527 ], [ 71.454449417448004, 51.163220639694146 ] ] ], [ [ [ 71.4544986, 51.1632714 ], [ 71.4543504, 51.1633214 ], [ 71.454419117429623, 51.163419639693295 ], [ 71.454567417480419, 51.163369639695887 ], [ 71.4544986, 51.1632714 ] ] ], [ [ [ 71.455054152922202, 51.16339201911223 ], [ 71.455449153243435, 51.163925019129486 ], [ 71.455719853520122, 51.163846119143493 ], [ 71.456327554183147, 51.163339419176545 ], [ 71.456335, 51.163294 ], [ 71.4562181, 51.1631362 ], [ 71.4556912, 51.1627675 ], [ 71.4553786, 51.1628586 ], [ 71.4550616, 51.1633466 ], [ 71.455054152922202, 51.16339201911223 ] ] ], [ [ [ 71.454648917502325, 51.163484239697063 ], [ 71.4545986, 51.1634017 ], [ 71.4544571, 51.1634454 ], [ 71.45450741745401, 51.163527839694609 ], [ 71.454648917502325, 51.163484239697063 ] ] ], [ [ [ 71.4546683, 51.1635102 ], [ 71.4545312, 51.163556 ], [ 71.454580917473706, 51.163632539695683 ], [ 71.454717917520625, 51.16358673969804 ], [ 71.4546683, 51.1635102 ] ] ], [ [ [ 71.4539189, 51.163645799999983 ], [ 71.4538141, 51.1636737 ], [ 71.453848817228604, 51.163743839683207 ], [ 71.453953617264204, 51.163715939685012 ], [ 71.4539189, 51.163645799999983 ] ] ], [ [ [ 71.454867117562898, 51.163744839700293 ], [ 71.4548183, 51.163668499999986 ], [ 71.4546691, 51.1637001 ], [ 71.4545589, 51.1637364 ], [ 71.454556417460608, 51.16375153969507 ], [ 71.454619317478077, 51.163826539696018 ], [ 71.454867117562898, 51.163744839700293 ] ] ], [ [ [ 71.4540594, 51.163742 ], [ 71.45391, 51.163792 ], [ 71.453959117259558, 51.163867839684862 ], [ 71.454108517310743, 51.16381773968746 ], [ 71.4540594, 51.163742 ] ] ], [ [ [ 71.4548664, 51.1637736 ], [ 71.454708, 51.163825 ], [ 71.45476921752342, 51.163917439698359 ], [ 71.45492761757761, 51.163866039701119 ], [ 71.4548664, 51.1637736 ] ] ], [ [ [ 71.4541261, 51.1638511 ], [ 71.4539812, 51.1639004 ], [ 71.454041017281384, 51.163987539686048 ], [ 71.454185917331046, 51.163938239688541 ], [ 71.4541261, 51.1638511 ] ] ], [ [ [ 71.454486317426287, 51.16401773969347 ], [ 71.4544204, 51.1639173 ], [ 71.4542485, 51.1639716 ], [ 71.454314517367592, 51.164071939690494 ], [ 71.454486317426287, 51.16401773969347 ] ] ], [ [ [ 71.4550057, 51.163942699999986 ], [ 71.4548225, 51.164011 ], [ 71.454885017553934, 51.164094639700046 ], [ 71.45506811761696, 51.164026339703199 ], [ 71.4550057, 51.163942699999986 ] ] ], [ [ [ 71.4557765, 51.1640206 ], [ 71.4556529, 51.1640579 ], [ 71.455698717819331, 51.16413593971361 ], [ 71.455822317861518, 51.164098639715739 ], [ 71.4557765, 51.1640206 ] ] ], [ [ [ 71.454389017385409, 51.164228739691495 ], [ 71.45433970000002, 51.1641389 ], [ 71.4541935, 51.1641788 ], [ 71.454242817335697, 51.164268539688969 ], [ 71.454389017385409, 51.164228739691495 ] ] ], [ [ [ 71.4557941, 51.1641233 ], [ 71.4556705, 51.164160599999988 ], [ 71.455716317820773, 51.164238639713737 ], [ 71.455839917862917, 51.164201339715881 ], [ 71.4557941, 51.1641233 ] ] ], [ [ [ 71.4551811, 51.1641836 ], [ 71.4550422, 51.164228 ], [ 71.455107817617233, 51.164327039703387 ], [ 71.455246817664758, 51.164282639705803 ], [ 71.4551811, 51.1641836 ] ] ], [ [ [ 71.455034717592198, 51.164351639702105 ], [ 71.4549682, 51.1642514 ], [ 71.454818700000018, 51.1642991 ], [ 71.45488521754109, 51.164399339699528 ], [ 71.455034717592198, 51.164351639702105 ] ] ], [ [ [ 71.4547643, 51.1642765 ], [ 71.4545929, 51.1643367 ], [ 71.45467331746957, 51.164444739695902 ], [ 71.454844717528417, 51.164384539698872 ], [ 71.4547643, 51.1642765 ] ] ], [ [ [ 71.4545718, 51.1643668 ], [ 71.4543602, 51.1644411 ], [ 71.454462017394746, 51.164573139692152 ], [ 71.454673617467378, 51.164498839695824 ], [ 71.4545718, 51.1643668 ] ] ], [ [ [ 71.4546759, 51.1645879 ], [ 71.4545451, 51.1646296 ], [ 71.454594817432579, 51.164709139694153 ], [ 71.454725617477308, 51.164667339696415 ], [ 71.4546759, 51.1645879 ] ] ], [ [ [ 71.45447750000001, 51.1661915 ], [ 71.4543269, 51.1662363 ], [ 71.454362417288692, 51.166301739687654 ], [ 71.454513017340048, 51.166256839690263 ], [ 71.45447750000001, 51.1661915 ] ] ], [ [ [ 71.45444261729341, 51.166811239688172 ], [ 71.454552617331004, 51.166775939690062 ], [ 71.4545551, 51.166760799999984 ], [ 71.4542555, 51.1664044 ], [ 71.4541484, 51.1664402 ], [ 71.454145917211065, 51.166455339683772 ], [ 71.45444261729341, 51.166811239688172 ] ] ], [ [ [ 71.454498373314706, 51.1665000968991 ], [ 71.455068574864043, 51.167261096982315 ], [ 71.455481576273741, 51.167134897053671 ], [ 71.455612276761585, 51.166996597077834 ], [ 71.4556371, 51.1668452 ], [ 71.4551828, 51.1662607 ], [ 71.4549184, 51.166228 ], [ 71.4545232, 51.1663487 ], [ 71.454498373314706, 51.1665000968991 ] ] ], [ [ [ 71.454582800000011, 51.1668236 ], [ 71.4544911, 51.1668557 ], [ 71.454488617305984, 51.166870839688855 ], [ 71.454613417340994, 51.167011139690707 ], [ 71.454705117372484, 51.166979139692309 ], [ 71.4547076, 51.166964 ], [ 71.454582800000011, 51.1668236 ] ] ], [ [ [ 71.454854217414308, 51.167146539694521 ], [ 71.454767, 51.1670175 ], [ 71.4546669, 51.1670485 ], [ 71.45475421738017, 51.167177539692787 ], [ 71.454854217414308, 51.167146539694521 ] ] ], [ [ [ 71.455391517578747, 51.167429439703085 ], [ 71.456044817799807, 51.167275139714263 ], [ 71.4558732, 51.167024 ], [ 71.4556907, 51.167077 ], [ 71.4552791, 51.16725850000001 ], [ 71.455391517578747, 51.167429439703085 ] ] ], [ [ [ 71.4542682, 51.1672564 ], [ 71.4541335, 51.1673054 ], [ 71.454220717194801, 51.167417539683456 ], [ 71.454355417241104, 51.167368639685797 ], [ 71.4542682, 51.1672564 ] ] ], [ [ [ 71.455038117462948, 51.167423439697153 ], [ 71.4549195, 51.167229699999986 ], [ 71.4548122, 51.1672583 ], [ 71.454930817426501, 51.167452039695313 ], [ 71.455038117462948, 51.167423439697153 ] ] ], [ [ [ 71.4559515, 51.1673397 ], [ 71.4557893, 51.1673886 ], [ 71.455828317720957, 51.16745793971036 ], [ 71.4559905177763, 51.167409039713149 ], [ 71.4559515, 51.1673397 ] ] ], [ [ [ 71.454490417276688, 51.167574839687724 ], [ 71.45449760000001, 51.1674695 ], [ 71.4544387, 51.1673971 ], [ 71.4542515, 51.167457 ], [ 71.454365317233908, 51.167614939685542 ], [ 71.454490417276688, 51.167574839687724 ] ] ], [ [ [ 71.4557368, 51.1674825 ], [ 71.4554487, 51.1675041 ], [ 71.455341233754851, 51.1675486283279 ], [ 71.4552572, 51.1674352 ], [ 71.4551532, 51.1674688 ], [ 71.455245917523285, 51.167609739700339 ], [ 71.455291993677704, 51.16759748172543 ], [ 71.45519081750092, 51.167710539699257 ], [ 71.455386217554249, 51.167965739702105 ], [ 71.455542017607399, 51.167918839704804 ], [ 71.456123817808802, 51.167674939714964 ], [ 71.4559986, 51.16749309999998 ], [ 71.4557368, 51.1674825 ] ] ], [ [ [ 71.454844817389287, 51.167663639693522 ], [ 71.454916717412019, 51.167684339694681 ], [ 71.455166917497593, 51.167604239699024 ], [ 71.4550615, 51.1674566 ], [ 71.4548462, 51.1675256 ], [ 71.454793517375123, 51.167600639692772 ], [ 71.454844817389287, 51.167663639693522 ] ] ], [ [ [ 71.4545163, 51.1676001 ], [ 71.4543722, 51.1676462 ], [ 71.454369717233376, 51.167661339685544 ], [ 71.454519517274761, 51.167845339687766 ], [ 71.45466361732403, 51.167799239690261 ], [ 71.4546661, 51.1677841 ], [ 71.4545163, 51.1676001 ] ] ], [ [ [ 71.454179417158343, 51.167956839681878 ], [ 71.454327317208623, 51.167916639684421 ], [ 71.4542208, 51.1677438 ], [ 71.4541022, 51.167776 ], [ 71.454115817141371, 51.167864739680951 ], [ 71.454179417158343, 51.167956839681878 ] ] ], [ [ [ 71.4546892, 51.167822 ], [ 71.4545574, 51.1678642 ], [ 71.454554917284952, 51.167879339688298 ], [ 71.454708217327294, 51.168067539690568 ], [ 71.454839917372325, 51.168025439692848 ], [ 71.4548424, 51.1680103 ], [ 71.4546892, 51.167822 ] ] ], [ [ [ 71.454446200000021, 51.1679396 ], [ 71.4543332, 51.1679772 ], [ 71.454330717206517, 51.167992339684361 ], [ 71.454446417238714, 51.168129039686072 ], [ 71.454559417277423, 51.168091439688048 ], [ 71.4545619, 51.1680763 ], [ 71.454446200000021, 51.1679396 ] ] ], [ [ [ 71.4548475, 51.168100399999986 ], [ 71.4547833, 51.1680997 ], [ 71.454778417344983, 51.168194139691536 ], [ 71.454842617366026, 51.168194939692626 ], [ 71.4548475, 51.168100399999986 ] ] ], [ [ [ 71.4552501, 51.168178 ], [ 71.455192968194069, 51.168190143230149 ], [ 71.455196, 51.1681034 ], [ 71.4551289, 51.1680705 ], [ 71.4549312, 51.168068199999986 ], [ 71.454926817395659, 51.168147839694129 ], [ 71.455028217425962, 51.16821823969569 ], [ 71.455059082764919, 51.16821860012773 ], [ 71.4549222, 51.1682555 ], [ 71.454919717388123, 51.168270639693787 ], [ 71.45512591744999, 51.16840863969702 ], [ 71.455220317482244, 51.168378939698648 ], [ 71.45530871751572, 51.168273839700319 ], [ 71.4552501, 51.168178 ] ] ], [ [ [ 71.456379517876485, 51.168058539718629 ], [ 71.4563216, 51.1679684 ], [ 71.4555975, 51.1680324 ], [ 71.4554899, 51.1680665 ], [ 71.45548741758256, 51.168081639703622 ], [ 71.455654217628563, 51.168288539706083 ], [ 71.456379517876485, 51.168058539718629 ] ] ], [ [ [ 71.454313317188536, 51.168281639683606 ], [ 71.4542695, 51.1682138 ], [ 71.4540414, 51.1682927 ], [ 71.454038917097321, 51.168307839678953 ], [ 71.45408521711029, 51.168360439679638 ], [ 71.454313317188536, 51.168281639683606 ] ] ], [ [ [ 71.4554111, 51.1682575 ], [ 71.4553446, 51.168277 ], [ 71.4552713, 51.1683225 ], [ 71.455312117509862, 51.168438139700093 ], [ 71.455453817558165, 51.168396639702543 ], [ 71.455507917578274, 51.168341239703537 ], [ 71.4554777, 51.168262 ], [ 71.4554111, 51.1682575 ] ] ], [ [ [ 71.454943817385043, 51.168529739693767 ], [ 71.454837, 51.1683841 ], [ 71.454581913152964, 51.168468036954536 ], [ 71.454824617352187, 51.168381639692008 ], [ 71.4547121, 51.1682395 ], [ 71.4544118, 51.1683464 ], [ 71.454523235357598, 51.168487344906545 ], [ 71.4544947, 51.1684735 ], [ 71.4540262, 51.1686277 ], [ 71.454023717078101, 51.168642839678157 ], [ 71.454148217112675, 51.168791539680001 ], [ 71.454616717273055, 51.168637339688118 ], [ 71.45480721733577, 51.168633639691308 ], [ 71.45492921737754, 51.168593439693431 ], [ 71.454943817385043, 51.168529739693767 ] ] ], [ [ [ 71.4543683, 51.1683929 ], [ 71.4542065, 51.1684406 ], [ 71.454247817157153, 51.168514139682124 ], [ 71.454409617212306, 51.168466439684913 ], [ 71.4543683, 51.1683929 ] ] ], [ [ [ 71.455283769943748, 51.168834158796294 ], [ 71.455398070063609, 51.169012658802792 ], [ 71.455898070744666, 51.168869458837278 ], [ 71.455908, 51.1688089 ], [ 71.4558285, 51.1686998 ], [ 71.4554412, 51.1687313 ], [ 71.4552937, 51.1687736 ], [ 71.455283769943748, 51.168834158796294 ] ] ], [ [ [ 71.4553728, 51.1691473 ], [ 71.4547348, 51.1693409 ], [ 71.454833717308247, 51.169487439690364 ], [ 71.455471817526004, 51.169293839701382 ], [ 71.4553728, 51.1691473 ] ] ], [ [ [ 71.4561616, 51.1692853 ], [ 71.4557911, 51.1693949 ], [ 71.455882017650509, 51.16953403970787 ], [ 71.45625241777681, 51.169424339714254 ], [ 71.4561616, 51.1692853 ] ] ], [ [ [ 71.45544061748997, 51.169901639699866 ], [ 71.4551441, 51.1695131 ], [ 71.4549156, 51.1695849 ], [ 71.455211817411765, 51.169973639695911 ], [ 71.45544061748997, 51.169901639699866 ] ] ], [ [ [ 71.4542155, 51.1697274 ], [ 71.4540397, 51.169785699999984 ], [ 71.454032251095725, 51.16983111902924 ], [ 71.454268351292697, 51.170111019039759 ], [ 71.454444251473419, 51.170052719048897 ], [ 71.4544517, 51.1700073 ], [ 71.4542155, 51.1697274 ] ] ], [ [ [ 71.455873517606207, 51.170512139706119 ], [ 71.456015517654976, 51.170461839708594 ], [ 71.456149517699487, 51.170450439710848 ], [ 71.456241117730926, 51.170418039712438 ], [ 71.4561702, 51.1703214 ], [ 71.455969208034929, 51.170392497157792 ], [ 71.4559134, 51.1703305 ], [ 71.4557714, 51.170380699999988 ], [ 71.455873517606207, 51.170512139706119 ] ] ], [ [ [ 71.454778, 51.1704147 ], [ 71.4546074, 51.170468 ], [ 71.454599951568127, 51.170513419054487 ], [ 71.454898851814264, 51.170893119067678 ], [ 71.455066951986367, 51.170842019076375 ], [ 71.4550744, 51.17079660000001 ], [ 71.454778, 51.1704147 ] ] ], [ [ [ 71.4556498, 51.1705284 ], [ 71.4554935, 51.1705815 ], [ 71.455491017477016, 51.170596639699568 ], [ 71.455790917560918, 51.170940239704031 ], [ 71.455945617613963, 51.170887439706739 ], [ 71.4559481, 51.1708723 ], [ 71.4556498, 51.1705284 ] ] ], [ [ [ 71.455400417419995, 51.171239039697014 ], [ 71.4553164, 51.1710683 ], [ 71.4551884, 51.1709542 ], [ 71.4549911, 51.17101610000001 ], [ 71.45519851735105, 51.1713013396935 ], [ 71.455400417419995, 51.171239039697014 ] ] ], [ [ [ 71.4546286, 51.171074099999984 ], [ 71.4544183, 51.1711311 ], [ 71.454503717124027, 51.171273739681908 ], [ 71.454714017195528, 51.171216739685526 ], [ 71.4546286, 51.171074099999984 ] ] ], [ [ [ 71.4550055, 51.1712871 ], [ 71.4544628, 51.1714469 ], [ 71.454542417124088, 51.171572039682061 ], [ 71.455085817309367, 51.171411539691455 ], [ 71.4550055, 51.1712871 ] ] ], [ [ [ 71.4552429, 51.1722214 ], [ 71.4551712, 51.1721895 ], [ 71.455094, 51.1721814 ], [ 71.4550402, 51.1721984 ], [ 71.455000317245364, 51.17225733968862 ], [ 71.455001517242906, 51.172324739688541 ], [ 71.455031017251045, 51.172361339688976 ], [ 71.455110117275652, 51.172393539690255 ], [ 71.455186617300654, 51.172396339691517 ], [ 71.455241717319481, 51.172378939692472 ], [ 71.4552792, 51.1723266 ], [ 71.4552756, 51.1722621 ], [ 71.4552429, 51.1722214 ] ] ], [ [ [ 71.455594317428634, 51.172535439698137 ], [ 71.456133517613139, 51.172360839707466 ], [ 71.4559281, 51.1720797 ], [ 71.4553832, 51.1722471 ], [ 71.455594317428634, 51.172535439698137 ] ] ], [ [ [ 71.4565518, 51.172418 ], [ 71.4565217, 51.1723837 ], [ 71.4564585, 51.172359 ], [ 71.4563774, 51.1723626 ], [ 71.4563079, 51.17238660000001 ], [ 71.45624901764748, 51.17244553970928 ], [ 71.456258917648384, 51.172500739709349 ], [ 71.456290317657178, 51.17253653970981 ], [ 71.456348717675397, 51.17255943971076 ], [ 71.45650641772842, 51.172530539713449 ], [ 71.456554417745991, 51.172487739714327 ], [ 71.4565518, 51.172418 ] ] ], [ [ [ 71.455433, 51.1724455 ], [ 71.4553613, 51.1724137 ], [ 71.455284, 51.1724056 ], [ 71.4552303, 51.1724225 ], [ 71.455190417298283, 51.17248143969146 ], [ 71.455191617295824, 51.172548939691367 ], [ 71.455221017303927, 51.172585539691795 ], [ 71.455300017328511, 51.172617739693067 ], [ 71.455376617353551, 51.17262053969435 ], [ 71.455431817372414, 51.172603039695296 ], [ 71.455469300000019, 51.1725507 ], [ 71.455465700000019, 51.1724863 ], [ 71.455433, 51.1724455 ] ] ], [ [ [ 71.4565349, 51.1726877 ], [ 71.4565297, 51.1726331 ], [ 71.4564996, 51.1725988 ], [ 71.4564365, 51.1725741 ], [ 71.4563553, 51.1725777 ], [ 71.4562858, 51.172601699999987 ], [ 71.4562295, 51.172645499999987 ], [ 71.456236817631989, 51.172715839708637 ], [ 71.456268217640798, 51.172751639709091 ], [ 71.456326717659039, 51.172774539710048 ], [ 71.456484317712011, 51.172745639712716 ], [ 71.4565349, 51.1726877 ] ] ], [ [ [ 71.4558421, 51.1726486 ], [ 71.455812, 51.1726143 ], [ 71.4557489, 51.172589600000016 ], [ 71.4556677, 51.1725932 ], [ 71.45559830000002, 51.1726172 ], [ 71.455539417404651, 51.172676139696975 ], [ 71.455549317405556, 51.172731239697065 ], [ 71.455580717414364, 51.172767139697541 ], [ 71.455639117432568, 51.172789939698461 ], [ 71.455796817485563, 51.172761139701173 ], [ 71.455844817503163, 51.172718339702044 ], [ 71.4558421, 51.1726486 ] ] ], [ [ [ 71.4549513, 51.1725536 ], [ 71.4539465, 51.1728976 ], [ 71.454043416898429, 51.173026839671309 ], [ 71.455048217243032, 51.172682939688727 ], [ 71.4549513, 51.1725536 ] ] ], [ [ [ 71.455382717348058, 51.172796739694164 ], [ 71.455345, 51.1727395 ], [ 71.4552498, 51.1727706 ], [ 71.455247317304071, 51.172785739691911 ], [ 71.45528481731472, 51.172824439692469 ], [ 71.455382717348058, 51.172796739694164 ] ] ], [ [ [ 71.4561411, 51.1727572 ], [ 71.456111, 51.1727228 ], [ 71.4560478, 51.1726982 ], [ 71.4559667, 51.1727019 ], [ 71.4558972, 51.1727258 ], [ 71.455838317498205, 51.172784739701832 ], [ 71.45584821749911, 51.172839939701909 ], [ 71.45587961750789, 51.172875739702384 ], [ 71.455938017526123, 51.172898539703311 ], [ 71.456095717579146, 51.172869739706002 ], [ 71.456143817596754, 51.17282693970688 ], [ 71.4561411, 51.1727572 ] ] ], [ [ [ 71.455190800000011, 51.1728813 ], [ 71.4544149, 51.1731371 ], [ 71.454555317054002, 51.173322639679427 ], [ 71.455331217319682, 51.173066839692872 ], [ 71.455190800000011, 51.1728813 ] ] ], [ [ [ 71.454701917096216, 51.173462039681652 ], [ 71.45498201717362, 51.173805739685797 ], [ 71.45512921722063, 51.173837239688218 ], [ 71.455352817297097, 51.173765639692078 ], [ 71.4549532, 51.1732669 ], [ 71.454756, 51.17333 ], [ 71.454701917096216, 51.173462039681652 ] ] ], [ [ [ 71.4556948, 51.1733621 ], [ 71.4555097, 51.1734161 ], [ 71.455507217362012, 51.173431239695219 ], [ 71.455717817419142, 51.173715039698294 ], [ 71.455902817482198, 51.173661039701479 ], [ 71.455905300000012, 51.1736459 ], [ 71.4556948, 51.1733621 ] ] ], [ [ [ 71.456379, 51.1736964 ], [ 71.4562556, 51.1737418 ], [ 71.456304117607289, 51.173819139707945 ], [ 71.456431517651055, 51.173773739710164 ], [ 71.456379, 51.1736964 ] ] ], [ [ [ 71.454400484835119, 51.174241798377295 ], [ 71.454853985609105, 51.174104198416472 ], [ 71.4548664, 51.1740285 ], [ 71.4547675, 51.1739003 ], [ 71.4543427, 51.1738116 ], [ 71.4539942, 51.1739173 ], [ 71.453981784200366, 51.173992998344197 ], [ 71.454107684372445, 51.174156298353424 ], [ 71.454400484835119, 51.174241798377295 ] ] ], [ [ [ 71.455565617353912, 51.174074039695149 ], [ 71.4554845, 51.173951399999986 ], [ 71.4550967, 51.17407 ], [ 71.455094217198621, 51.174085139687229 ], [ 71.455177817221511, 51.174192639688449 ], [ 71.455565617353912, 51.174074039695149 ] ] ], [ [ [ 71.456658117690537, 51.174597339712626 ], [ 71.4560302, 51.173762699999983 ], [ 71.4557914, 51.1738349 ], [ 71.456282817571747, 51.174491939706499 ], [ 71.456494317634636, 51.17464683970978 ], [ 71.456658117690537, 51.174597339712626 ] ] ], [ [ [ 71.4547235, 51.1742615 ], [ 71.4544873, 51.17433470000001 ], [ 71.454578817013029, 51.174469139677946 ], [ 71.454815017093722, 51.17439583968202 ], [ 71.4547235, 51.1742615 ] ] ], [ [ [ 71.4546168, 51.1744987 ], [ 71.454704017048115, 51.17461153967983 ], [ 71.455052117167767, 51.174485939685873 ], [ 71.4550546, 51.1744708 ], [ 71.4549649, 51.1743731 ], [ 71.4546168, 51.1744987 ] ] ], [ [ [ 71.456145317521916, 51.174601639704015 ], [ 71.4559126, 51.1742746 ], [ 71.4549918, 51.1745476 ], [ 71.454794117074329, 51.174690639681216 ], [ 71.454986117126595, 51.174945239683993 ], [ 71.456145317521916, 51.174601639704015 ] ] ], [ [ [ 71.456450388659505, 51.174696117458772 ], [ 71.4563402, 51.1745404 ], [ 71.4561722, 51.1745908 ], [ 71.456281417560206, 51.174752439706054 ], [ 71.45631773692466, 51.174741543930608 ], [ 71.456427617602287, 51.174892839708278 ], [ 71.456609517664461, 51.174835839711406 ], [ 71.456612, 51.1748207 ], [ 71.4565002, 51.1746805 ], [ 71.456450388659505, 51.174696117458772 ] ] ], [ [ [ 71.4562589, 51.174781 ], [ 71.4551078, 51.1751134 ], [ 71.455291317208307, 51.175381739688397 ], [ 71.456442517600536, 51.175049339708259 ], [ 71.4562589, 51.174781 ] ] ], [ [ [ 71.456755217682826, 51.175530239712728 ], [ 71.456954917751077, 51.175467639716167 ], [ 71.457084217786687, 51.175629739718083 ], [ 71.45725951784658, 51.175574839721115 ], [ 71.4569466, 51.1751643 ], [ 71.4567714, 51.1752192 ], [ 71.4560889, 51.1753746 ], [ 71.4556364, 51.175516399999985 ], [ 71.455633917314486, 51.1755315396939 ], [ 71.455755317347894, 51.1756837396957 ], [ 71.456755217682826, 51.175530239712728 ] ] ], [ [ [ 71.4556366, 51.1755538 ], [ 71.4554573, 51.1756057 ], [ 71.455575217284476, 51.175784139692503 ], [ 71.455754417345545, 51.175732139695604 ], [ 71.4556366, 51.1755538 ] ] ], [ [ [ 71.4560227, 51.175788 ], [ 71.4558413, 51.175844 ], [ 71.455966317402854, 51.1760213396987 ], [ 71.456147717464816, 51.175965239701824 ], [ 71.4560227, 51.175788 ] ] ], [ [ [ 71.4558252, 51.1758668 ], [ 71.455675, 51.1759109 ], [ 71.455753317332366, 51.176034139695098 ], [ 71.455903517383575, 51.17599003969768 ], [ 71.4558252, 51.1758668 ] ] ], [ [ [ 71.45648181755115, 51.176517039706525 ], [ 71.456711417629577, 51.176445739710488 ], [ 71.4567139, 51.176430599999989 ], [ 71.4563547, 51.1759758 ], [ 71.4559976, 51.176086599999984 ], [ 71.455995117408918, 51.176101739699035 ], [ 71.456279917487137, 51.176462439703229 ], [ 71.45648181755115, 51.176517039706525 ] ] ], [ [ [ 71.457670719296956, 51.14454303977864 ], [ 71.4577653, 51.1444014 ], [ 71.4568489, 51.1441388 ], [ 71.456250618812831, 51.144972239754132 ], [ 71.457024819057438, 51.145194139766758 ], [ 71.457670719296956, 51.14454303977864 ] ] ], [ [ [ 71.4561615, 51.1440046 ], [ 71.4547351, 51.145998 ], [ 71.454732618270654, 51.146013139726996 ], [ 71.454892718321361, 51.146056139729609 ], [ 71.4563297188771, 51.144068039756952 ], [ 71.4563322, 51.1440529 ], [ 71.4561615, 51.1440046 ] ] ], [ [ [ 71.4565252, 51.144112 ], [ 71.456452, 51.1440929 ], [ 71.454973218346254, 51.146092439730893 ], [ 71.455026318363068, 51.146106839731772 ], [ 71.4565252, 51.144112 ] ] ], [ [ [ 71.456809989789519, 51.145537997628928 ], [ 71.4568348, 51.1453866 ], [ 71.4560682, 51.1451758 ], [ 71.4554726, 51.1460287 ], [ 71.455447785047937, 51.146180097390129 ], [ 71.456197987422144, 51.146386297512507 ], [ 71.456809989789519, 51.145537997628928 ] ] ], [ [ [ 71.457155819042768, 51.146556039766729 ], [ 71.4578732, 51.1455778 ], [ 71.457665, 51.1455169 ], [ 71.4564893, 51.1461862 ], [ 71.456389618800841, 51.146332239754265 ], [ 71.457155819042768, 51.146556039766729 ] ] ], [ [ [ 71.455098918381154, 51.146242039732762 ], [ 71.455721418580325, 51.146361639743006 ], [ 71.455755818593673, 51.146313139743654 ], [ 71.4557583, 51.146298 ], [ 71.4551228, 51.1461204 ], [ 71.4550757, 51.1461867 ], [ 71.455098918381154, 51.146242039732762 ] ] ], [ [ [ 71.4557661, 51.1463041 ], [ 71.455745718589057, 51.146343939743424 ], [ 71.455883018632463, 51.146382839745698 ], [ 71.455903300000017, 51.1463429 ], [ 71.4557661, 51.1463041 ] ] ], [ [ [ 71.455019455036179, 51.146504819193197 ], [ 71.45570315569212, 51.146639219226927 ], [ 71.455763255762164, 51.146553619230382 ], [ 71.455770700000016, 51.1465082 ], [ 71.4549618, 51.1462847 ], [ 71.4548697, 51.1464159 ], [ 71.45486225488699, 51.146461319185505 ], [ 71.455019455036179, 51.146504819193197 ] ] ], [ [ [ 71.4571925, 51.1467943 ], [ 71.457146319025711, 51.146884939766039 ], [ 71.457205319044505, 51.146898339767006 ], [ 71.4572515, 51.1468078 ], [ 71.4571925, 51.1467943 ] ] ], [ [ [ 71.4569024, 51.146841 ], [ 71.456825218917174, 51.146959939760528 ], [ 71.457020218978812, 51.147015239763704 ], [ 71.4570975, 51.1468962 ], [ 71.4569024, 51.146841 ] ] ], [ [ [ 71.455209736741409, 51.147363779465643 ], [ 71.455401393520333, 51.147100902791493 ], [ 71.455475855407073, 51.147121419213143 ], [ 71.455632155589271, 51.146898419222097 ], [ 71.4556396, 51.146853 ], [ 71.4554839, 51.14681 ], [ 71.455323751103776, 51.147056581527345 ], [ 71.4552339, 51.1470319 ], [ 71.4550454, 51.1472877 ], [ 71.455040436634178, 51.147317979460098 ], [ 71.455209736741409, 51.147363779465643 ] ] ], [ [ [ 71.4565592, 51.146745 ], [ 71.456273400000015, 51.1471359 ], [ 71.456265956177219, 51.147181319252596 ], [ 71.456448856350576, 51.147233919261517 ], [ 71.456734656681576, 51.146843119277818 ], [ 71.4567421, 51.1467977 ], [ 71.4565592, 51.146745 ] ] ], [ [ [ 71.4570027, 51.1470927 ], [ 71.456764, 51.147025 ], [ 71.456693718866632, 51.147134239758039 ], [ 71.456932418942088, 51.147201939761928 ], [ 71.4570027, 51.1470927 ] ] ], [ [ [ 71.4555791, 51.1471517 ], [ 71.455537518483254, 51.147228839738531 ], [ 71.455687618530916, 51.147266039740956 ], [ 71.4557292, 51.147189 ], [ 71.4555791, 51.1471517 ] ] ], [ [ [ 71.456797918891695, 51.147350139759439 ], [ 71.4568909, 51.1472171 ], [ 71.4567029, 51.1471604 ], [ 71.45661001883245, 51.147293339756374 ], [ 71.456727231824431, 51.14732877193326 ], [ 71.4565932, 51.1472927 ], [ 71.456521918798657, 51.147408439754706 ], [ 71.45671141885866, 51.147459439757803 ], [ 71.456782412804614, 51.147345452466503 ], [ 71.456797918891695, 51.147350139759439 ] ] ], [ [ [ 71.4560726, 51.1470815 ], [ 71.4557911, 51.1474865 ], [ 71.455783655657882, 51.147531919226616 ], [ 71.455964355829479, 51.147581319235464 ], [ 71.456245856158077, 51.147176319251585 ], [ 71.4562533, 51.1471309 ], [ 71.4560726, 51.1470815 ] ] ], [ [ [ 71.4575312, 51.1473825 ], [ 71.4573571, 51.1473369 ], [ 71.45728011904508, 51.147464039767343 ], [ 71.457454119100248, 51.147509639770178 ], [ 71.4575312, 51.1473825 ] ] ], [ [ [ 71.4565074, 51.1474444 ], [ 71.456400418750277, 51.147609139752355 ], [ 71.456628818822566, 51.147671939756087 ], [ 71.4567359, 51.1475073 ], [ 71.4565074, 51.1474444 ] ] ], [ [ [ 71.4551176, 51.1474314 ], [ 71.4550492, 51.1475288 ], [ 71.455041754922192, 51.147574219189089 ], [ 71.455771355614786, 51.147775719224803 ], [ 71.455839755694498, 51.147678319228717 ], [ 71.4558472, 51.1476329 ], [ 71.4551176, 51.1474314 ] ] ], [ [ [ 71.457189, 51.1474709 ], [ 71.457097418978762, 51.147614639764022 ], [ 71.457400819074806, 51.147697339768975 ], [ 71.4574924, 51.1475536 ], [ 71.457189, 51.1474709 ] ] ], [ [ [ 71.456388, 51.1476171 ], [ 71.456272218700775, 51.147784539749921 ], [ 71.456412618745119, 51.147825639752199 ], [ 71.4565285, 51.1476583 ], [ 71.456388, 51.1476171 ] ] ], [ [ [ 71.4550478, 51.1476217 ], [ 71.454994418284869, 51.147704839728611 ], [ 71.455687818503748, 51.147909139739923 ], [ 71.4557412, 51.147826 ], [ 71.4550478, 51.1476217 ] ] ], [ [ [ 71.4570958, 51.14765 ], [ 71.457010918943297, 51.147781639762293 ], [ 71.457207219005412, 51.147836339765504 ], [ 71.4572922, 51.1477047 ], [ 71.4570958, 51.14765 ] ] ], [ [ [ 71.4563874, 51.1478642 ], [ 71.4562186, 51.1478198 ], [ 71.456134718648372, 51.147956539747319 ], [ 71.456303518701873, 51.148000939750084 ], [ 71.4563874, 51.1478642 ] ] ], [ [ [ 71.4569486, 51.1478042 ], [ 71.456867218889556, 51.147937339759643 ], [ 71.457077618956248, 51.147992739763062 ], [ 71.4571591, 51.1478596 ], [ 71.4569486, 51.1478042 ] ] ], [ [ [ 71.4549751, 51.1478003 ], [ 71.454937318259439, 51.147862839727409 ], [ 71.455701318500658, 51.148086239739861 ], [ 71.455739, 51.1480237 ], [ 71.4549751, 51.1478003 ] ] ], [ [ [ 71.4570346, 51.1480332 ], [ 71.456811, 51.1479661 ], [ 71.456702818827878, 51.148119739756595 ], [ 71.456926418898405, 51.148186839760236 ], [ 71.4570346, 51.1480332 ] ] ], [ [ [ 71.4552802, 51.1480784 ], [ 71.455213618336614, 51.148181039731526 ], [ 71.455309318366844, 51.14820863973307 ], [ 71.4553759, 51.1481059 ], [ 71.4552802, 51.1480784 ] ] ], [ [ [ 71.4557615, 51.1481837 ], [ 71.455723618501224, 51.14824613973996 ], [ 71.455832318535528, 51.148278139741734 ], [ 71.4558702, 51.1482158 ], [ 71.4557615, 51.1481837 ] ] ], [ [ [ 71.4576697, 51.1483329 ], [ 71.4573764, 51.1482494 ], [ 71.457305419015199, 51.14836563976629 ], [ 71.457587119104232, 51.148446139770876 ], [ 71.4576697, 51.1483329 ] ] ], [ [ [ 71.4555808, 51.1484174 ], [ 71.455537118429518, 51.148493439736434 ], [ 71.455657718467734, 51.148525639738395 ], [ 71.4557021, 51.1484496 ], [ 71.4555808, 51.1484174 ] ] ], [ [ [ 71.4574036, 51.1485464 ], [ 71.4573003, 51.1483622 ], [ 71.4572189, 51.1483411 ], [ 71.457088618936481, 51.148544739762357 ], [ 71.457366219024436, 51.14861883976689 ], [ 71.4574036, 51.1485464 ] ] ], [ [ [ 71.4563818, 51.14838850000001 ], [ 71.456208618643558, 51.148642839747453 ], [ 71.456390618701107, 51.148693939750409 ], [ 71.4565638, 51.1484396 ], [ 71.4563818, 51.14838850000001 ] ] ], [ [ [ 71.4559426, 51.1502794 ], [ 71.455927710890862, 51.150370238440509 ], [ 71.456144663964764, 51.150433053246864 ], [ 71.4558393, 51.150381900000014 ], [ 71.4557514, 51.1505187 ], [ 71.455738992048239, 51.1505943986826 ], [ 71.456132992669183, 51.150714998714655 ], [ 71.456250292868575, 51.150682298724739 ], [ 71.4562715, 51.1504543 ], [ 71.456253897490768, 51.150451351350831 ], [ 71.456401611854375, 51.150250638489346 ], [ 71.456412694402431, 51.150183019492793 ], [ 71.456429911926151, 51.1501874384928 ], [ 71.456554312192026, 51.150105138506113 ], [ 71.456583, 51.1499073 ], [ 71.4563684, 51.1498409 ], [ 71.4562383, 51.150043599999989 ], [ 71.456225937879296, 51.150119024588903 ], [ 71.4560397, 51.1501475 ], [ 71.4559426, 51.1502794 ] ] ], [ [ [ 71.4553525, 51.1503313 ], [ 71.455249118251146, 51.150472539728383 ], [ 71.455364118287349, 51.150508739730235 ], [ 71.4554675, 51.1503675 ], [ 71.4553525, 51.1503313 ] ] ], [ [ [ 71.4562588, 51.1537712 ], [ 71.4556978, 51.1536227 ], [ 71.4551915, 51.1538837 ], [ 71.4551413, 51.1539597 ], [ 71.455091054117162, 51.154286119158698 ], [ 71.45517755418895, 51.154391319162528 ], [ 71.455228254237184, 51.154404619165021 ], [ 71.455463454469751, 51.154396819176888 ], [ 71.456079955118625, 51.154067819209487 ], [ 71.456251355319338, 51.153816619219356 ], [ 71.4562588, 51.1537712 ] ] ], [ [ [ 71.4559812, 51.1565383 ], [ 71.4558907, 51.1563689 ], [ 71.4557037, 51.1563679 ], [ 71.455694754411539, 51.156645219177506 ], [ 71.455972254684795, 51.156645219191461 ], [ 71.4559812, 51.1565383 ] ] ], [ [ [ 71.4558013, 51.1567084 ], [ 71.455788190792148, 51.156901798635246 ], [ 71.456816392479112, 51.156904198721406 ], [ 71.4568295, 51.1567108 ], [ 71.4558013, 51.1567084 ] ] ], [ [ [ 71.4573191, 51.1568584 ], [ 71.4569288, 51.156724599999983 ], [ 71.456919618528445, 51.156865139745946 ], [ 71.457013195663464, 51.156965538831201 ], [ 71.457005892652674, 51.157552898732 ], [ 71.457190592955612, 51.157553798747458 ], [ 71.457213341195171, 51.157180273593923 ], [ 71.457309918642849, 51.157188939751961 ], [ 71.4573191, 51.1568584 ] ] ], [ [ [ 71.4577203, 51.1570152 ], [ 71.457572918729483, 51.157181739756368 ], [ 71.457741718782174, 51.1572453397591 ], [ 71.4578891, 51.1570788 ], [ 71.4577203, 51.1570152 ] ] ], [ [ [ 71.4566123, 51.1571578 ], [ 71.456612518411887, 51.157236839740193 ], [ 71.456813718478159, 51.157231839743567 ], [ 71.4568162, 51.1571578 ], [ 71.4566123, 51.1571578 ] ] ], [ [ [ 71.456487600000017, 51.1576559 ], [ 71.4563532, 51.1576589 ], [ 71.456356018305158, 51.157768239735027 ], [ 71.456490418349404, 51.157765239737294 ], [ 71.456487600000017, 51.1576559 ] ] ], [ [ [ 71.45696860000001, 51.1580269 ], [ 71.4569272, 51.1574605 ], [ 71.4567316, 51.1574566 ], [ 71.456685691991126, 51.158194598699907 ], [ 71.456951192425763, 51.158199898722152 ], [ 71.45696860000001, 51.1580269 ] ] ], [ [ [ 71.4554704, 51.1579914 ], [ 71.455454589973343, 51.15818129859683 ], [ 71.456468691635237, 51.158193298681752 ], [ 71.4564846, 51.1580034 ], [ 71.4554704, 51.1579914 ] ] ], [ [ [ 71.455301917924345, 51.158589139715993 ], [ 71.455587018005119, 51.158891139720303 ], [ 71.455789718071671, 51.1588911397237 ], [ 71.4561413181913, 51.15879173972975 ], [ 71.456147, 51.1586694 ], [ 71.4559284, 51.1584568 ], [ 71.4553075, 51.158452799999985 ], [ 71.455301917924345, 51.158589139715993 ] ] ], [ [ [ 71.458122775145199, 51.160151559043371 ], [ 71.4581327, 51.160091 ], [ 71.4578582, 51.1596804 ], [ 71.457682541534851, 51.159556332320456 ], [ 71.457709386805618, 51.159547497551017 ], [ 71.4577342, 51.1593961 ], [ 71.4573796, 51.1589628 ], [ 71.457176, 51.1589164 ], [ 71.4564745, 51.1591407 ], [ 71.456449682778626, 51.159292097344036 ], [ 71.456541683033322, 51.159403697357632 ], [ 71.456929291909262, 51.159483608826456 ], [ 71.4567222, 51.1595524 ], [ 71.456692420083186, 51.159734076853809 ], [ 71.456750636540178, 51.159802960752437 ], [ 71.4566634, 51.1598393 ], [ 71.456653473258498, 51.159899858946531 ], [ 71.456737873352154, 51.160001158951502 ], [ 71.45754957436138, 51.160335159003751 ], [ 71.458122775145199, 51.160151559043371 ] ], [ [ 71.457100171994114, 51.159518837857092 ], [ 71.457433216254245, 51.159587498148056 ], [ 71.4572804, 51.159606599999989 ], [ 71.457112670210805, 51.159657698588646 ], [ 71.4571297, 51.1595538 ], [ 71.457100171994114, 51.159518837857092 ] ] ], [ [ [ 71.4562708, 51.1592335 ], [ 71.455970400000012, 51.1593412 ], [ 71.455965436219415, 51.159371479451785 ], [ 71.456272136392229, 51.159708079460955 ], [ 71.4565725365986, 51.159600379471385 ], [ 71.4565775, 51.15957010000001 ], [ 71.4562708, 51.1592335 ] ] ], [ [ [ 71.45620390000002, 51.1601026 ], [ 71.456506318238937, 51.160494139733103 ], [ 71.456667118293865, 51.160443939735863 ], [ 71.456741118320068, 51.160398439737172 ], [ 71.456476, 51.160045699999984 ], [ 71.4563667, 51.1600518 ], [ 71.45620390000002, 51.1601026 ] ] ], [ [ [ 71.456209818131242, 51.160738739727734 ], [ 71.4561746, 51.160668699999988 ], [ 71.4560735, 51.16069430000001 ], [ 71.456116318099362, 51.160766139726107 ], [ 71.456209818131242, 51.160738739727734 ] ] ], [ [ [ 71.4583095, 51.160690700000011 ], [ 71.4575761, 51.1609262 ], [ 71.457654118592629, 51.161040039751441 ], [ 71.458387618843389, 51.160804539764122 ], [ 71.4583095, 51.160690700000011 ] ] ], [ [ [ 71.4559492, 51.16106869999998 ], [ 71.4557836, 51.1611274 ], [ 71.455781117973373, 51.161142539719876 ], [ 71.455925318013925, 51.161302439722036 ], [ 71.456090918070771, 51.161243639724901 ], [ 71.4560934, 51.1612285 ], [ 71.4559492, 51.16106869999998 ] ] ], [ [ [ 71.456073316655832, 51.161676676691187 ], [ 71.456209317180225, 51.161699076718108 ], [ 71.45718842119517, 51.161389076921147 ], [ 71.4572182, 51.1612074 ], [ 71.457135, 51.1611038 ], [ 71.456132, 51.1612871 ], [ 71.455976, 51.1613372 ], [ 71.455946216235432, 51.16151887666873 ], [ 71.456073316655832, 51.161676676691187 ] ] ], [ [ [ 71.458314318764351, 51.162101739760786 ], [ 71.458413618798218, 51.162071439762492 ], [ 71.458346212247818, 51.161966245663116 ], [ 71.458795213338291, 51.161823647536515 ], [ 71.458863318951813, 51.161931039770252 ], [ 71.459023119006375, 51.161881639773021 ], [ 71.458952633380292, 51.161773651939058 ], [ 71.459224378042052, 51.161687305737644 ], [ 71.459297519100332, 51.16179033977776 ], [ 71.459559519189639, 51.161712439782256 ], [ 71.4594912, 51.1616037 ], [ 71.459265012001836, 51.161671020947843 ], [ 71.4592942, 51.1614929 ], [ 71.4589853, 51.1611106 ], [ 71.4565646, 51.1618886 ], [ 71.456534818273667, 51.162070276776333 ], [ 71.456931718291742, 51.162542339736881 ], [ 71.457047018331096, 51.162507039738884 ], [ 71.456978452375594, 51.162400616201424 ], [ 71.457839143247355, 51.162127282453696 ], [ 71.457893818622196, 51.162198639753576 ], [ 71.458099718690988, 51.162170339757061 ], [ 71.45826481874731, 51.162120539759911 ], [ 71.458196918393526, 51.162013659282756 ], [ 71.458236265205684, 51.162001163318642 ], [ 71.458314318764351, 51.162101739760786 ] ] ], [ [ [ 71.4575658, 51.162227 ], [ 71.4574246, 51.1622723 ], [ 71.457479618479439, 51.162358039746366 ], [ 71.457620918527752, 51.162312739748806 ], [ 71.4575658, 51.162227 ] ] ], [ [ [ 71.45821801872377, 51.162312839758819 ], [ 71.4581615, 51.1622216 ], [ 71.4579886, 51.1622744 ], [ 71.458045118664785, 51.162365639755848 ], [ 71.45821801872377, 51.162312839758819 ] ] ], [ [ [ 71.457731, 51.1623961 ], [ 71.4576029, 51.1624372 ], [ 71.457657418530843, 51.162522239749073 ], [ 71.457785518574653, 51.1624811397513 ], [ 71.457731, 51.1623961 ] ] ], [ [ [ 71.458282918738462, 51.162469339759653 ], [ 71.4582397, 51.1623953 ], [ 71.4581113, 51.1624344 ], [ 71.458154518694641, 51.162508439757424 ], [ 71.458282918738462, 51.162469339759653 ] ] ], [ [ [ 71.4577839, 51.1625071 ], [ 71.4576665, 51.1625525 ], [ 71.457728318549428, 51.162633239750093 ], [ 71.457845818589917, 51.162587839752135 ], [ 71.4577839, 51.1625071 ] ] ], [ [ [ 71.4571154, 51.1625461 ], [ 71.4569883, 51.1625868 ], [ 71.457057618326829, 51.162689939738755 ], [ 71.457184618370249, 51.162649239740936 ], [ 71.4571154, 51.1625461 ] ] ], [ [ [ 71.457931618611383, 51.1627465397533 ], [ 71.4578391, 51.1626148 ], [ 71.4577362, 51.1626478 ], [ 71.457828718576181, 51.162779539751533 ], [ 71.457931618611383, 51.1627465397533 ] ] ], [ [ [ 71.4572461, 51.1626764 ], [ 71.4571368, 51.1627115 ], [ 71.457199418368432, 51.16280643974094 ], [ 71.457308718405812, 51.162771339742818 ], [ 71.4572461, 51.1626764 ] ] ], [ [ [ 71.4580184, 51.1627913 ], [ 71.4578541, 51.162844 ], [ 71.457933818603038, 51.162959939752994 ], [ 71.458098118659223, 51.162907239755832 ], [ 71.4580184, 51.1627913 ] ] ], [ [ [ 71.4573909, 51.1628647 ], [ 71.4572446, 51.1629116 ], [ 71.457296818392479, 51.162993739742269 ], [ 71.457443018442476, 51.162946839744784 ], [ 71.4573909, 51.1628647 ] ] ], [ [ [ 71.4574475, 51.1629799 ], [ 71.4572728, 51.1630359 ], [ 71.457332818398612, 51.163127739742656 ], [ 71.457507518458343, 51.163071739745661 ], [ 71.4574475, 51.1629799 ] ] ], [ [ [ 71.458245918701294, 51.163059739758062 ], [ 71.4581921, 51.1629755 ], [ 71.4580764, 51.1629843 ], [ 71.4579638, 51.1630204 ], [ 71.458035918629477, 51.163127039754436 ], [ 71.458245918701294, 51.163059739758062 ] ] ], [ [ [ 71.457481518441355, 51.163271239744901 ], [ 71.457743118530701, 51.163189439749431 ], [ 71.4576877, 51.16310150000001 ], [ 71.4574849, 51.1631115 ], [ 71.457392, 51.1631405 ], [ 71.457481518441355, 51.163271239744901 ] ] ], [ [ [ 71.458064118633743, 51.163244739754724 ], [ 71.458111818646941, 51.163303339755409 ], [ 71.458341018726202, 51.163208239759406 ], [ 71.4582675, 51.1631 ], [ 71.4581442, 51.1631395 ], [ 71.458064118633743, 51.163244739754724 ] ] ], [ [ [ 71.457874818566225, 51.16337143975133 ], [ 71.4578189, 51.1632848 ], [ 71.4576608, 51.1632722 ], [ 71.4575148, 51.163319 ], [ 71.457588818469929, 51.163428039746456 ], [ 71.457732960288098, 51.163413276636291 ], [ 71.4576434, 51.163442 ], [ 71.457640918485794, 51.16345713974728 ], [ 71.457696418501129, 51.16352523974809 ], [ 71.457790718530433, 51.163564639749609 ], [ 71.457886818563281, 51.163533839751267 ], [ 71.457791084885386, 51.163398323034386 ], [ 71.457874818566225, 51.16337143975133 ] ] ], [ [ [ 71.458079, 51.1632974 ], [ 71.4580054, 51.163319499999979 ], [ 71.458002918609864, 51.163334639753529 ], [ 71.458113818640115, 51.163479439755179 ], [ 71.458187318665196, 51.163457339756427 ], [ 71.4581898, 51.1634422 ], [ 71.458079, 51.1632974 ] ] ], [ [ [ 71.457150018313811, 51.16371263973862 ], [ 71.457233718342508, 51.163683839740074 ], [ 71.4573054183696, 51.163599839741423 ], [ 71.4572559, 51.163525 ], [ 71.4571085, 51.1635756 ], [ 71.457095218298477, 51.163649739737806 ], [ 71.457150018313811, 51.16371263973862 ] ] ], [ [ [ 71.4569287182388, 51.163767939734825 ], [ 71.4568333, 51.1636304 ], [ 71.4566717, 51.1636812 ], [ 71.456742718176855, 51.163788239731687 ], [ 71.456798818194414, 51.163808739732588 ], [ 71.4569287182388, 51.163767939734825 ] ] ], [ [ [ 71.457445318408261, 51.163771139743481 ], [ 71.4573946, 51.1636904 ], [ 71.4571904, 51.1637554 ], [ 71.457187918323797, 51.163770539739176 ], [ 71.457241118338473, 51.163836139739949 ], [ 71.457445318408261, 51.163771139743481 ] ] ], [ [ [ 71.4566406, 51.1637105 ], [ 71.4564784, 51.1637681 ], [ 71.456543318108444, 51.163857939728217 ], [ 71.456705518164142, 51.163800339731033 ], [ 71.4566406, 51.1637105 ] ] ], [ [ [ 71.456506718094829, 51.163895439727554 ], [ 71.4564227, 51.1637746 ], [ 71.4562782, 51.1638211 ], [ 71.456335218037978, 51.163908939724664 ], [ 71.456432818069558, 51.163919239726276 ], [ 71.456506718094829, 51.163895439727554 ] ] ], [ [ [ 71.456293218021528, 51.163970839723845 ], [ 71.4562138, 51.1638556 ], [ 71.456099, 51.1639078 ], [ 71.456168617978932, 51.164010939721692 ], [ 71.456293218021528, 51.163970839723845 ] ] ], [ [ [ 71.4560464, 51.1639035 ], [ 71.4558723, 51.1639585 ], [ 71.455922917897041, 51.164039839717525 ], [ 71.456097017956509, 51.163984939720542 ], [ 71.4560464, 51.1639035 ] ] ], [ [ [ 71.455985937876406, 51.164858064755585 ], [ 71.45602961789541, 51.164903939717902 ], [ 71.456132717930899, 51.164865439719684 ], [ 71.456107109118904, 51.164820700909303 ], [ 71.457619284472145, 51.164354397457473 ], [ 71.4576441, 51.164203 ], [ 71.4575251, 51.1640486 ], [ 71.4548739, 51.1648662 ], [ 71.454849075095339, 51.165017596982125 ], [ 71.454969775426392, 51.165171396999874 ], [ 71.455985937876406, 51.164858064755585 ] ] ], [ [ [ 71.4580197, 51.1645607 ], [ 71.4578784, 51.1646011 ], [ 71.45793221852901, 51.164693639750134 ], [ 71.458073618577174, 51.164653139752581 ], [ 71.4580197, 51.1645607 ] ] ], [ [ [ 71.458218918619167, 51.164787939754802 ], [ 71.4581603, 51.1646978 ], [ 71.4580406, 51.1647362 ], [ 71.458099218578241, 51.164826239752728 ], [ 71.458218918619167, 51.164787939754802 ] ] ], [ [ [ 71.4575828, 51.1647189 ], [ 71.4574545, 51.1647601 ], [ 71.457534718390775, 51.164876539743169 ], [ 71.45766301843463, 51.164835339745387 ], [ 71.4575828, 51.1647189 ] ] ], [ [ [ 71.457417618348728, 51.164960539741081 ], [ 71.45749921837664, 51.164934139742485 ], [ 71.4575017, 51.164919 ], [ 71.4573952, 51.16478930000001 ], [ 71.457201, 51.164852 ], [ 71.45725121829534, 51.164931339738324 ], [ 71.457276233500025, 51.164935729442284 ], [ 71.4571807, 51.1649666 ], [ 71.457232318284198, 51.165047539737827 ], [ 71.457405518343464, 51.164991639740819 ], [ 71.457391110083478, 51.164955888069805 ], [ 71.457417618348728, 51.164960539741081 ] ] ], [ [ [ 71.458365118659273, 51.164974039756942 ], [ 71.4582745, 51.16483920000001 ], [ 71.4577807, 51.1649905 ], [ 71.457778218465236, 51.165005639747051 ], [ 71.457834618480689, 51.165078039747868 ], [ 71.457946518516394, 51.165102239749714 ], [ 71.458365118659273, 51.164974039756942 ] ] ], [ [ [ 71.458313118632645, 51.165199639755691 ], [ 71.45846411868429, 51.165150539758322 ], [ 71.4583502, 51.1649946 ], [ 71.4582431, 51.1650295 ], [ 71.458281718623937, 51.165161739755234 ], [ 71.458313118632645, 51.165199639755691 ] ] ], [ [ [ 71.457527, 51.165077199999985 ], [ 71.4573313, 51.1651447 ], [ 71.457387718327638, 51.16522683974015 ], [ 71.457583318394725, 51.165159339743539 ], [ 71.457527, 51.165077199999985 ] ] ], [ [ [ 71.4576583, 51.1652314 ], [ 71.4574487, 51.1653037 ], [ 71.457508718360444, 51.165390039741915 ], [ 71.457718318432342, 51.165317739745532 ], [ 71.4576583, 51.1652314 ] ] ], [ [ [ 71.4577461, 51.165339 ], [ 71.4575269, 51.1654114 ], [ 71.457591218382603, 51.165506139743094 ], [ 71.45781041845764, 51.165433839746875 ], [ 71.4577461, 51.165339 ] ] ], [ [ [ 71.4577388, 51.1654721 ], [ 71.4576344, 51.1655109 ], [ 71.457712618418, 51.165611639744959 ], [ 71.457817118453946, 51.16557283974678 ], [ 71.4577388, 51.1654721 ] ] ], [ [ [ 71.4579225, 51.1655754 ], [ 71.4577263, 51.1656417 ], [ 71.457781518435866, 51.165723939745938 ], [ 71.457977718503088, 51.165657639749348 ], [ 71.4579225, 51.1655754 ] ] ], [ [ [ 71.458153518556315, 51.165763739752109 ], [ 71.4581302, 51.165715899999988 ], [ 71.457979, 51.165702 ], [ 71.4578525, 51.1657413 ], [ 71.457850018456966, 51.165756439747028 ], [ 71.457914318474636, 51.165837939747973 ], [ 71.458153518556315, 51.165763739752109 ] ] ], [ [ [ 71.4565427, 51.1652491 ], [ 71.4556091, 51.1655597 ], [ 71.455601653179841, 51.165605119128948 ], [ 71.455754853298686, 51.165856819135406 ], [ 71.455915153430922, 51.166058419142487 ], [ 71.456220453689937, 51.166386419156254 ], [ 71.456419053893484, 51.166324219166547 ], [ 71.456819554373268, 51.165654119189959 ], [ 71.456827, 51.1656087 ], [ 71.4565427, 51.1652491 ] ] ], [ [ [ 71.45804320000002, 51.1658199 ], [ 71.4579314, 51.16585460000001 ], [ 71.457983618493103, 51.165939039748977 ], [ 71.458095418531272, 51.165904339750917 ], [ 71.45804320000002, 51.1658199 ] ] ], [ [ [ 71.45828151858781, 51.166012539753829 ], [ 71.4582173, 51.1659131 ], [ 71.4581066, 51.1659134 ], [ 71.4579633, 51.165958 ], [ 71.458049218508449, 51.166084839749836 ], [ 71.45828151858781, 51.166012539753829 ] ] ], [ [ [ 71.45825631857268, 51.166173939753158 ], [ 71.458326718596709, 51.166152539754371 ], [ 71.4583292, 51.1661374 ], [ 71.4582601, 51.1660481 ], [ 71.4580806, 51.1661026 ], [ 71.458130718530938, 51.166185839751037 ], [ 71.45825631857268, 51.166173939753158 ] ] ], [ [ [ 71.4583284, 51.1661877 ], [ 71.4582101, 51.1662243 ], [ 71.458256818567421, 51.166301839752954 ], [ 71.458375118607819, 51.166265239754992 ], [ 71.4583284, 51.1661877 ] ] ], [ [ [ 71.458441400000012, 51.1662766 ], [ 71.4582878, 51.1663269 ], [ 71.458347218592252, 51.166416339754292 ], [ 71.458500818644836, 51.166366039756937 ], [ 71.458441400000012, 51.1662766 ] ] ], [ [ [ 71.457455354872195, 51.166655219217041 ], [ 71.4574628, 51.16660980000001 ], [ 71.4571002, 51.1661669 ], [ 71.4564251, 51.1663943 ], [ 71.456417653877395, 51.166439719165901 ], [ 71.45650425394922, 51.166545519169723 ], [ 71.456558684708654, 51.166562275535419 ], [ 71.456757418053115, 51.166819639726974 ], [ 71.457012218140079, 51.166742239731377 ], [ 71.456989939585782, 51.166695034872838 ], [ 71.457164654573916, 51.166748819201963 ], [ 71.457455354872195, 51.166655219217041 ] ] ], [ [ [ 71.458023118457618, 51.167081439747776 ], [ 71.458406718588193, 51.166973139754376 ], [ 71.4583987, 51.166802799999985 ], [ 71.4583602, 51.1667475 ], [ 71.458264, 51.1667555 ], [ 71.4578811, 51.1668662 ], [ 71.458023118457618, 51.167081439747776 ] ] ], [ [ [ 71.4574841, 51.1668025 ], [ 71.457, 51.1669645 ], [ 71.456987590611305, 51.167040198653034 ], [ 71.457095790762011, 51.16716729866107 ], [ 71.457579791591002, 51.167005298702975 ], [ 71.4575922, 51.16692960000001 ], [ 71.4574841, 51.1668025 ] ] ], [ [ [ 71.4576989, 51.1671384 ], [ 71.4575031, 51.1672032 ], [ 71.457558018296211, 51.167286539739628 ], [ 71.457753818363244, 51.16722173974302 ], [ 71.4576989, 51.1671384 ] ] ], [ [ [ 71.4568205, 51.16728 ], [ 71.4566846, 51.1673226 ], [ 71.456742418023012, 51.167413439725756 ], [ 71.456878418069479, 51.167370839728115 ], [ 71.4568205, 51.16728 ] ] ], [ [ [ 71.4583298, 51.1673482 ], [ 71.4581721, 51.1673959 ], [ 71.458248318513284, 51.167513239750839 ], [ 71.458406018567075, 51.16746553975355 ], [ 71.4583298, 51.1673482 ] ] ], [ [ [ 71.45636311789211, 51.167563039719155 ], [ 71.4562771, 51.1674302 ], [ 71.4562154, 51.167447 ], [ 71.456298717870325, 51.16757813971806 ], [ 71.45636311789211, 51.167563039719155 ] ] ], [ [ [ 71.4581719, 51.167512 ], [ 71.4581222, 51.1674563 ], [ 71.4580353, 51.167406699999987 ], [ 71.457901285426715, 51.167453869931897 ], [ 71.457883, 51.1674334 ], [ 71.4577035, 51.1674965 ], [ 71.457698536665788, 51.167526779483275 ], [ 71.457795636720334, 51.167635479486165 ], [ 71.457975136843558, 51.167572379492377 ], [ 71.457977617776081, 51.167557243690013 ], [ 71.45800301842965, 51.167585639746612 ], [ 71.45807301845187, 51.167603839747741 ], [ 71.458137918474151, 51.167580939748873 ], [ 71.4581719, 51.167512 ] ] ], [ [ [ 71.457770618350125, 51.167661339742594 ], [ 71.4577013, 51.1675647 ], [ 71.4575458, 51.1676185 ], [ 71.45761501829675, 51.167715239739891 ], [ 71.457770618350125, 51.167661339742594 ] ] ], [ [ [ 71.4572655, 51.1676816 ], [ 71.4571213, 51.1677259 ], [ 71.45718951815212, 51.167831439732581 ], [ 71.457333718201326, 51.167787139735054 ], [ 71.4572655, 51.1676816 ] ] ], [ [ [ 71.456355, 51.1676301 ], [ 71.4561924, 51.167684099999988 ], [ 71.456189917829477, 51.167699239716029 ], [ 71.456499717915634, 51.168066139720615 ], [ 71.456662317971308, 51.16801213972343 ], [ 71.4566648, 51.167997 ], [ 71.456355, 51.1676301 ] ] ], [ [ [ 71.458770718667736, 51.167915939758934 ], [ 71.4586836, 51.1677913 ], [ 71.458376300000012, 51.16789 ], [ 71.458373818537865, 51.167905139752307 ], [ 71.45846341856263, 51.168014739753623 ], [ 71.458770718667736, 51.167915939758934 ] ] ], [ [ [ 71.4579278, 51.168004499999988 ], [ 71.4576499, 51.1680896 ], [ 71.457728418313053, 51.168208839740991 ], [ 71.458006418407948, 51.168123739745795 ], [ 71.4579278, 51.168004499999988 ] ] ], [ [ [ 71.4585129, 51.1681673 ], [ 71.4582627, 51.1682501 ], [ 71.45832881850437, 51.168346739750831 ], [ 71.458579018590029, 51.168263939755157 ], [ 71.4585129, 51.1681673 ] ] ], [ [ [ 71.458228318475179, 51.168256639749295 ], [ 71.4581757, 51.16816870000001 ], [ 71.4574798, 51.1683757 ], [ 71.457477318222871, 51.168390839736489 ], [ 71.457555918244282, 51.168494739737632 ], [ 71.457749618310345, 51.168437039740972 ], [ 71.458228318475179, 51.168256639749295 ] ] ], [ [ [ 71.4585764, 51.1683218 ], [ 71.4583923, 51.168380699999986 ], [ 71.458430318533487, 51.168445739752364 ], [ 71.458614418596454, 51.16838673975554 ], [ 71.4585764, 51.1683218 ] ] ], [ [ [ 71.457997372787631, 51.168767113465123 ], [ 71.4577773, 51.1688368 ], [ 71.457774818301019, 51.168851939740719 ], [ 71.457892518333466, 51.168998039742455 ], [ 71.458070418387038, 51.169112639745251 ], [ 71.458234018442951, 51.169060739748083 ], [ 71.458568005044469, 51.16947510891525 ], [ 71.4583883, 51.1695321 ], [ 71.458385818472166, 51.169547239749811 ], [ 71.45861691853591, 51.169833939753225 ], [ 71.458697318561192, 51.169860439754537 ], [ 71.458880018623645, 51.169802539757697 ], [ 71.458753569115771, 51.169627457056649 ], [ 71.459028918678641, 51.169658439760418 ], [ 71.459250918754535, 51.169588039764236 ], [ 71.4592534, 51.169572899999984 ], [ 71.458542214577676, 51.168690532160959 ], [ 71.458957018701653, 51.168559039761014 ], [ 71.4590182, 51.1684703 ], [ 71.4588822, 51.1683015 ], [ 71.4586375, 51.1683791 ], [ 71.4583899, 51.1685016 ], [ 71.45837243867085, 51.168479953189951 ], [ 71.458419818529222, 51.168464939752155 ], [ 71.4584223, 51.1684498 ], [ 71.4583677, 51.1683821 ], [ 71.457793, 51.1685643 ], [ 71.457845018332748, 51.16864703974224 ], [ 71.457889318347895, 51.168633039742993 ], [ 71.457997372787631, 51.168767113465123 ] ] ], [ [ [ 71.4576347, 51.1684721 ], [ 71.457524, 51.168505 ], [ 71.457580118247861, 51.168597639737882 ], [ 71.457690818285613, 51.168564739739779 ], [ 71.4576347, 51.1684721 ] ] ], [ [ [ 71.4569932, 51.1685834 ], [ 71.4567682, 51.168654 ], [ 71.456748343778386, 51.168775117790915 ], [ 71.457419445255823, 51.169616717869935 ], [ 71.457644545871119, 51.169546217901043 ], [ 71.4576644, 51.1694251 ], [ 71.4569932, 51.1685834 ] ] ], [ [ [ 71.4570548, 51.169628 ], [ 71.4563836, 51.1687863 ], [ 71.4561586, 51.1688569 ], [ 71.456138742108052, 51.168978017706493 ], [ 71.456809843585475, 51.169819617785535 ], [ 71.457034944200771, 51.169749117816636 ], [ 71.4570548, 51.169628 ] ] ], [ [ [ 71.4581119, 51.1698976 ], [ 71.4579551, 51.1699504 ], [ 71.457952618312191, 51.169965539741881 ], [ 71.458309818411834, 51.170381839747193 ], [ 71.458466518465528, 51.170328939749901 ], [ 71.458469, 51.1703138 ], [ 71.4581119, 51.1698976 ] ] ], [ [ [ 71.456573917850164, 51.170183739718418 ], [ 71.4565134, 51.1700946 ], [ 71.4562382, 51.1701867 ], [ 71.456235717738323, 51.170201839712711 ], [ 71.456298617755849, 51.170275839713646 ], [ 71.456573917850164, 51.170183739718418 ] ] ], [ [ [ 71.4569318, 51.1701395 ], [ 71.4566529, 51.1702223 ], [ 71.456702617887203, 51.170306539720386 ], [ 71.456981517982314, 51.170223739725188 ], [ 71.4569318, 51.1701395 ] ] ], [ [ [ 71.4575511, 51.1702068 ], [ 71.4574294, 51.1702455 ], [ 71.457505718148767, 51.17035823973373 ], [ 71.457627518190392, 51.170319539735864 ], [ 71.4575511, 51.1702068 ] ] ], [ [ [ 71.4573383, 51.17022679999998 ], [ 71.4570741, 51.1703108 ], [ 71.457134218024848, 51.170403439727451 ], [ 71.457398518115212, 51.170319439732012 ], [ 71.4573383, 51.17022679999998 ] ] ], [ [ [ 71.457054117996464, 51.170452539726021 ], [ 71.4570474, 51.1703581 ], [ 71.4570144, 51.170304 ], [ 71.4568669, 51.1703394 ], [ 71.456940817958099, 51.170479639724086 ], [ 71.457054117996464, 51.170452539726021 ] ] ], [ [ [ 71.4578493, 51.170319 ], [ 71.4575245, 51.1704306 ], [ 71.457618618177435, 51.170556239735319 ], [ 71.457943418288849, 51.170444639740936 ], [ 71.4578493, 51.170319 ] ] ], [ [ [ 71.456826417919331, 51.170507839722106 ], [ 71.4567464, 51.1703907 ], [ 71.456652, 51.1704207 ], [ 71.4564932, 51.1705054 ], [ 71.456490717808549, 51.17052053971647 ], [ 71.45655121782525, 51.170595339717345 ], [ 71.456826417919331, 51.170507839722106 ] ] ], [ [ [ 71.457551018151094, 51.170654239734027 ], [ 71.4574678, 51.1705341 ], [ 71.4571098, 51.1706489 ], [ 71.457107318004958, 51.170664039726574 ], [ 71.457193018028647, 51.170769039727844 ], [ 71.457551018151094, 51.170654239734027 ] ] ], [ [ [ 71.4566294, 51.1707891 ], [ 71.4560143, 51.1710029 ], [ 71.456086117650983, 51.171102139708722 ], [ 71.45670121786209, 51.170888339719397 ], [ 71.4566294, 51.1707891 ] ] ], [ [ [ 71.4583103, 51.1713236 ], [ 71.4577693, 51.1715004 ], [ 71.45787101821432, 51.17164093973777 ], [ 71.4584120183995, 51.171464139747144 ], [ 71.4583103, 51.1713236 ] ] ], [ [ [ 71.457218718003361, 51.171564039726967 ], [ 71.4571837, 51.1714883 ], [ 71.4570657, 51.1715152 ], [ 71.457090017960084, 51.171587539724769 ], [ 71.457218718003361, 51.171564039726967 ] ] ], [ [ [ 71.4572784, 51.1716132 ], [ 71.4564054, 51.1718914 ], [ 71.456494717746239, 51.172019839714082 ], [ 71.457367818044787, 51.171741639729163 ], [ 71.4572784, 51.1716132 ] ] ], [ [ [ 71.4583792, 51.1719631 ], [ 71.4581495, 51.1717196 ], [ 71.4579922, 51.17176580000001 ], [ 71.458030018256522, 51.171877039740075 ], [ 71.458203218303908, 51.172100739742604 ], [ 71.458296218331213, 51.172177539744041 ], [ 71.458459718386948, 51.172129439746833 ], [ 71.4584622, 51.1721143 ], [ 71.4583792, 51.1719631 ] ] ], [ [ [ 71.457561418091359, 51.172142439731765 ], [ 71.4573124, 51.1718224 ], [ 71.4570886, 51.171895 ], [ 71.457337718014827, 51.172215039727902 ], [ 71.457561418091359, 51.172142439731765 ] ] ], [ [ [ 71.4583625, 51.1722813 ], [ 71.458438918368145, 51.172411739746039 ], [ 71.45874621845293, 51.172792339750558 ], [ 71.458928918515383, 51.172734339753731 ], [ 71.458626744424549, 51.172341875227843 ], [ 71.458979718553479, 51.1722296397554 ], [ 71.4588983, 51.1721109 ], [ 71.4583625, 51.1722813 ] ] ], [ [ [ 71.4577897, 51.1722711 ], [ 71.4573681, 51.172427099999986 ], [ 71.457463518042076, 51.172546239729463 ], [ 71.457885118187178, 51.172390239736799 ], [ 71.4577897, 51.1722711 ] ] ], [ [ [ 71.4577952, 51.1730035 ], [ 71.457476, 51.1731044 ], [ 71.45754331804055, 51.173200339729746 ], [ 71.457862418149489, 51.173102739735249 ], [ 71.4577952, 51.1730035 ] ] ], [ [ [ 71.4587856, 51.1730477 ], [ 71.4587018, 51.1730716 ], [ 71.458740218436219, 51.173139739749907 ], [ 71.458824018464739, 51.173116239751344 ], [ 71.4587856, 51.1730477 ] ] ], [ [ [ 71.4584114, 51.173030899999986 ], [ 71.4581349, 51.1731255 ], [ 71.458282818278619, 51.173313539741947 ], [ 71.458559418373497, 51.173218939746739 ], [ 71.4584114, 51.173030899999986 ] ] ], [ [ [ 71.45723601792092, 51.173641239723878 ], [ 71.4566761, 51.1729312 ], [ 71.4564136, 51.1730147 ], [ 71.456973617831196, 51.173724739719333 ], [ 71.45723601792092, 51.173641239723878 ] ] ], [ [ [ 71.458098418200237, 51.173733639738174 ], [ 71.458545418327716, 51.174189539744916 ], [ 71.458807718417432, 51.174105639749463 ], [ 71.4583181, 51.1734862 ], [ 71.4579958, 51.1735894 ], [ 71.458098418200237, 51.173733639738174 ] ] ], [ [ [ 71.4577534, 51.1737313 ], [ 71.4576064, 51.1737783 ], [ 71.457603918035289, 51.173793439729799 ], [ 71.457756318077386, 51.173980639732044 ], [ 71.457903318127677, 51.173933539734584 ], [ 71.4579058, 51.1739184 ], [ 71.4577534, 51.1737313 ] ] ], [ [ [ 71.4569427, 51.1738621 ], [ 71.457393117938892, 51.174433439725206 ], [ 71.457744018058918, 51.174321139731276 ], [ 71.457407377764298, 51.173889494939438 ], [ 71.4574419, 51.1738641 ], [ 71.4573374, 51.1737358 ], [ 71.4569427, 51.1738621 ] ] ], [ [ [ 71.458915618443541, 51.174325439750916 ], [ 71.4587953, 51.1741551 ], [ 71.4583176, 51.1743037 ], [ 71.458315118246603, 51.174318839740863 ], [ 71.458437918280325, 51.174474039742648 ], [ 71.458915618443541, 51.174325439750916 ] ] ], [ [ [ 71.458464818271167, 51.174898339742413 ], [ 71.4582366, 51.174513 ], [ 71.4575479, 51.1746817 ], [ 71.4570768, 51.1749148 ], [ 71.45707431781311, 51.17492993971905 ], [ 71.457241317856599, 51.175197939721421 ], [ 71.458464818271167, 51.174898339742413 ] ] ], [ [ [ 71.4588589, 51.1745771 ], [ 71.4584691, 51.1746999 ], [ 71.458466618279544, 51.174715039742729 ], [ 71.458843818383471, 51.175185639748292 ], [ 71.459233518516683, 51.175062839755029 ], [ 71.459236, 51.1750477 ], [ 71.4588589, 51.1745771 ] ] ], [ [ [ 71.456670717670875, 51.175158139711904 ], [ 71.456843917730168, 51.175101539714923 ], [ 71.456964117776636, 51.17493663971721 ], [ 71.4568786, 51.1748159 ], [ 71.4565916, 51.1749098 ], [ 71.456583117646559, 51.175053039710626 ], [ 71.456670717670875, 51.175158139711904 ] ] ], [ [ [ 71.4575723, 51.1751922 ], [ 71.4573065, 51.1752755 ], [ 71.457429717907857, 51.175448239724169 ], [ 71.457695517998687, 51.175364939728759 ], [ 71.4575723, 51.1751922 ] ] ], [ [ [ 71.4583859, 51.1758225 ], [ 71.458541818247525, 51.176052039741826 ], [ 71.458834894219905, 51.176249914556657 ], [ 71.4586139, 51.1763158 ], [ 71.4586967182818, 51.176443439743778 ], [ 71.459515818560661, 51.17621243975789 ], [ 71.4590581, 51.1756407 ], [ 71.4586966, 51.17510450000001 ], [ 71.4581816, 51.1752541 ], [ 71.458127418137551, 51.175435939735877 ], [ 71.458367018202495, 51.175760239739382 ], [ 71.458493928976338, 51.175793283353869 ], [ 71.4583859, 51.1758225 ] ] ], [ [ [ 71.458187218131627, 51.176038639735907 ], [ 71.4578521, 51.1755033 ], [ 71.4576196, 51.1755627 ], [ 71.457954718052719, 51.17609793973191 ], [ 71.458187218131627, 51.176038639735907 ] ] ], [ [ [ 71.457975718046498, 51.176407539731755 ], [ 71.457522, 51.1757101 ], [ 71.4565848, 51.175956399999983 ], [ 71.456822117670853, 51.176330239712534 ], [ 71.457195717781588, 51.176612439718348 ], [ 71.457975718046498, 51.176407539731755 ] ] ], [ [ [ 71.458472818208094, 51.17644713974002 ], [ 71.4582742, 51.1761122 ], [ 71.4580477, 51.1761682 ], [ 71.45824631813133, 51.17650313973612 ], [ 71.458472818208094, 51.17644713974002 ] ] ], [ [ [ 71.4581305, 51.1766358 ], [ 71.4579052, 51.1767031 ], [ 71.45795631802352, 51.17679893973078 ], [ 71.458189718103114, 51.17672993973482 ], [ 71.4581305, 51.1766358 ] ] ], [ [ [ 71.4571112, 51.177057 ], [ 71.457399917806583, 51.177604239720139 ], [ 71.457516617838905, 51.177746039721868 ], [ 71.458898718311858, 51.177299139745784 ], [ 71.4584307, 51.1767121 ], [ 71.4577638, 51.176846 ], [ 71.4571112, 51.177057 ] ] ], [ [ [ 71.4586529, 51.1436089 ], [ 71.4585889, 51.1436351 ], [ 71.4584173, 51.1438127 ], [ 71.458326, 51.1439392 ], [ 71.458264031765694, 51.144250676422949 ], [ 71.458925935238582, 51.144554976602983 ], [ 71.459114736252943, 51.144608776655225 ], [ 71.459204136746422, 51.144615976680484 ], [ 71.459277237226672, 51.144515176704097 ], [ 71.4593194, 51.1442578 ], [ 71.4588446, 51.1436633 ], [ 71.4586529, 51.1436089 ] ] ], [ [ [ 71.4586269, 51.1446421 ], [ 71.458530519568811, 51.14478513979266 ], [ 71.458739519634818, 51.144845539796066 ], [ 71.4588359, 51.1447025 ], [ 71.4586269, 51.1446421 ] ] ], [ [ [ 71.458947393881402, 51.145383495985627 ], [ 71.458997, 51.145080699999987 ], [ 71.4584302, 51.1449283 ], [ 71.458417815289224, 51.144946422306909 ], [ 71.4584305, 51.144869 ], [ 71.4578637, 51.1447166 ], [ 71.4577752, 51.1448461 ], [ 71.457725586062381, 51.145148895583986 ], [ 71.458292389652769, 51.145301295768895 ], [ 71.458304774641434, 51.145283173294509 ], [ 71.458292089600604, 51.145360595766874 ], [ 71.45830729694876, 51.145364684715382 ], [ 71.458088019385997, 51.145673639783794 ], [ 71.458313119457102, 51.145738939787449 ], [ 71.458542589155982, 51.145427949686102 ], [ 71.458858893191021, 51.145512995951762 ], [ 71.458947393881402, 51.145383495985627 ] ] ], [ [ [ 71.4578041, 51.1463449 ], [ 71.45771031922753, 51.146489239776116 ], [ 71.458107619353214, 51.146599839782589 ], [ 71.4582015, 51.1464555 ], [ 71.4578041, 51.1463449 ] ] ], [ [ [ 71.4590443, 51.1464994 ], [ 71.4586485, 51.1463902 ], [ 71.458466219468264, 51.146661739788513 ], [ 71.458862019593511, 51.146770939794969 ], [ 71.4590443, 51.1464994 ] ] ], [ [ [ 71.458849, 51.1467744 ], [ 71.4584526, 51.1466651 ], [ 71.4577158, 51.1465868 ], [ 71.4575726, 51.1467911 ], [ 71.457562676663699, 51.146851659092647 ], [ 71.458622678005455, 51.147143959161767 ], [ 71.458839078341811, 51.146834959178278 ], [ 71.458849, 51.1467744 ] ] ], [ [ [ 71.4574323, 51.1469091 ], [ 71.457306819069331, 51.147098539768372 ], [ 71.457661919181675, 51.147197139774164 ], [ 71.4577874, 51.1470077 ], [ 71.4574323, 51.1469091 ] ] ], [ [ [ 71.4582783, 51.1471703 ], [ 71.4581122, 51.1471213 ], [ 71.457991419285676, 51.147294339779513 ], [ 71.458157519338116, 51.147343339782218 ], [ 71.4582783, 51.1471703 ] ] ], [ [ [ 71.4574636, 51.1471876 ], [ 71.45739131908843, 51.147302539769456 ], [ 71.457556619140732, 51.147348039772162 ], [ 71.4576289, 51.1472331 ], [ 71.4574636, 51.1471876 ] ] ], [ [ [ 71.458093719310355, 51.147504439780889 ], [ 71.458238619356251, 51.147543039783244 ], [ 71.4583378, 51.1473852 ], [ 71.4582083, 51.1473507 ], [ 71.4581161, 51.147378499999988 ], [ 71.4580786, 51.1474339 ], [ 71.458093719310355, 51.147504439780889 ] ] ], [ [ [ 71.458217, 51.1475955 ], [ 71.4580431, 51.1475389 ], [ 71.457948819256004, 51.147665039778211 ], [ 71.458122719310651, 51.147721639781039 ], [ 71.458217, 51.1475955 ] ] ], [ [ [ 71.4579141, 51.1476918 ], [ 71.457824019207777, 51.147836639775832 ], [ 71.457971519254514, 51.147875839778244 ], [ 71.4580617, 51.1477311 ], [ 71.4579141, 51.1476918 ] ] ], [ [ [ 71.4575195, 51.1480041 ], [ 71.457385, 51.1481799 ], [ 71.457375076182174, 51.148240459071012 ], [ 71.457906976853195, 51.148400659105604 ], [ 71.458041477059524, 51.148224859115757 ], [ 71.4580514, 51.148164299999983 ], [ 71.4575195, 51.1480041 ] ] ], [ [ [ 71.4591016, 51.1484123 ], [ 71.458914819531486, 51.148644739792793 ], [ 71.459351719675112, 51.148639239800119 ], [ 71.4593489, 51.1484081 ], [ 71.4591016, 51.1484123 ] ] ], [ [ [ 71.4576477, 51.1484213 ], [ 71.4575087, 51.1486259 ], [ 71.45750125720393, 51.14867131930739 ], [ 71.457674657368727, 51.148717719315876 ], [ 71.457813757531667, 51.148513119323859 ], [ 71.4578212, 51.1484677 ], [ 71.4576477, 51.1484213 ] ] ], [ [ [ 71.4585428, 51.14905490000001 ], [ 71.458520474463015, 51.149191158070003 ], [ 71.458585374609655, 51.14930935807805 ], [ 71.459313576758078, 51.149315258187713 ], [ 71.4593389, 51.1489562 ], [ 71.4587563, 51.1488831 ], [ 71.4586819, 51.1488854 ], [ 71.4585428, 51.14905490000001 ] ] ], [ [ [ 71.4583625, 51.149307 ], [ 71.458361319319408, 51.149364139782357 ], [ 71.458468719354713, 51.149362839784146 ], [ 71.4584698, 51.1493056 ], [ 71.4583625, 51.149307 ] ] ], [ [ [ 71.4586051, 51.1494098 ], [ 71.4584333, 51.1494089 ], [ 71.458409596491052, 51.150307498908724 ], [ 71.458581396772757, 51.150308398923087 ], [ 71.4586051, 51.1494098 ] ] ], [ [ [ 71.457909538272546, 51.150204979546864 ], [ 71.45806593837527, 51.150203879552109 ], [ 71.458126138418137, 51.150164479554235 ], [ 71.4581185, 51.1499323 ], [ 71.4579405, 51.1499367 ], [ 71.457827438226445, 51.150112979544417 ], [ 71.457909538272546, 51.150204979546864 ] ] ], [ [ [ 71.459188519538401, 51.150603139794185 ], [ 71.459232119558322, 51.150470739795139 ], [ 71.4592372, 51.1503229 ], [ 71.4589231, 51.150320399999984 ], [ 71.4588783, 51.150345799999982 ], [ 71.458871019434312, 51.150600639788863 ], [ 71.459188519538401, 51.150603139794185 ] ] ], [ [ [ 71.457565518999814, 51.150743839766768 ], [ 71.457863319092468, 51.150863839771539 ], [ 71.458016819142856, 51.150863839774118 ], [ 71.4580194, 51.1503348 ], [ 71.4578706, 51.1503348 ], [ 71.457568, 51.1504831 ], [ 71.457565518999814, 51.150743839766768 ] ] ], [ [ [ 71.4588588, 51.1506487 ], [ 71.45885351942367, 51.150716139788379 ], [ 71.459014419476333, 51.150719439791075 ], [ 71.4590196, 51.1506521 ], [ 71.4588588, 51.1506487 ] ] ], [ [ [ 71.4581973, 51.1502664 ], [ 71.45817809591729, 51.151223198881851 ], [ 71.458341696185641, 51.151223598895562 ], [ 71.4583608, 51.1502668 ], [ 71.4581973, 51.1502664 ] ] ], [ [ [ 71.4580313, 51.150891 ], [ 71.4577405, 51.1508857 ], [ 71.457733057144978, 51.150931119307998 ], [ 71.457730357104367, 51.151229719306386 ], [ 71.458015657374759, 51.15131241932032 ], [ 71.4580313, 51.150891 ] ] ], [ [ [ 71.4586384, 51.1513201 ], [ 71.4585661, 51.1514231 ], [ 71.458553696475235, 51.151498798911078 ], [ 71.459519998004353, 51.151765698989813 ], [ 71.459592298144798, 51.151662698996724 ], [ 71.4596047, 51.151587 ], [ 71.4586384, 51.1513201 ] ] ], [ [ [ 71.4587989, 51.1523912 ], [ 71.458776419325503, 51.152437139784283 ], [ 71.459111519431843, 51.152522739789752 ], [ 71.459134, 51.1524767 ], [ 71.4587989, 51.1523912 ] ] ], [ [ [ 71.4587137, 51.1524488 ], [ 71.4586621, 51.15243550000001 ], [ 71.458595219261284, 51.152549139781073 ], [ 71.458646819277647, 51.15256243978191 ], [ 71.4587137, 51.1524488 ] ] ], [ [ [ 71.4591059, 51.1525458 ], [ 71.45902931939888, 51.152664139788143 ], [ 71.459084119416218, 51.152679639789056 ], [ 71.4591606, 51.1525612 ], [ 71.4591059, 51.1525458 ] ] ], [ [ [ 71.4586655, 51.1525918 ], [ 71.458633819269821, 51.152646939781555 ], [ 71.458936219365384, 51.152733639786476 ], [ 71.4589679, 51.1526785 ], [ 71.4586655, 51.1525918 ] ] ], [ [ [ 71.458091519057689, 51.153452939771135 ], [ 71.4580954, 51.1533276 ], [ 71.457941100000014, 51.1532965 ], [ 71.4578768, 51.153302399999987 ], [ 71.457874318992125, 51.153317539767727 ], [ 71.458052619044309, 51.153467239770485 ], [ 71.458091519057689, 51.153452939771135 ] ] ], [ [ [ 71.45775271894594, 51.153465739765458 ], [ 71.457775118951972, 51.153497139765769 ], [ 71.457828218969027, 51.153505839766659 ], [ 71.457872118984312, 51.153485139767419 ], [ 71.4578762, 51.1534356 ], [ 71.4578343, 51.1534134 ], [ 71.4577805, 51.15342 ], [ 71.45775271894594, 51.153465739765458 ] ] ], [ [ [ 71.4576557, 51.1536065 ], [ 71.457653218906685, 51.153621639763543 ], [ 71.457729718930608, 51.153649339764769 ], [ 71.457851718969579, 51.153674639766756 ], [ 71.457980519014924, 51.153602239769036 ], [ 71.457983, 51.153587099999989 ], [ 71.4579628, 51.153577 ], [ 71.4576557, 51.1536065 ] ] ], [ [ [ 71.4582509, 51.154291 ], [ 71.4581736, 51.1542681 ], [ 71.458139019035883, 51.154335739770495 ], [ 71.458216219060475, 51.15435323977178 ], [ 71.4582509, 51.154291 ] ] ], [ [ [ 71.458656007511451, 51.156227546360491 ], [ 71.459155896450454, 51.156282398922485 ], [ 71.459262596649523, 51.156169298932369 ], [ 71.459275, 51.1560936 ], [ 71.4588951, 51.1559544 ], [ 71.4585617, 51.1560024 ], [ 71.4585037, 51.1560929 ], [ 71.45849399688943, 51.156152113014699 ], [ 71.4584643, 51.1561418 ], [ 71.4583736, 51.156218 ], [ 71.458361195143809, 51.156293698855826 ], [ 71.45847109527557, 51.156523198863169 ], [ 71.458805995797832, 51.156652398890166 ], [ 71.458907395987211, 51.156543998899529 ], [ 71.4589198, 51.1564683 ], [ 71.458656007511451, 51.156227546360491 ] ] ], [ [ [ 71.459777519425174, 51.157841639792238 ], [ 71.45978, 51.1578265 ], [ 71.4595601, 51.1577416 ], [ 71.459478516422863, 51.157823758633235 ], [ 71.4594878, 51.1577671 ], [ 71.459278797069416, 51.157689242346663 ], [ 71.4593254, 51.157628 ], [ 71.4590988, 51.1575431 ], [ 71.459040815575449, 51.157600588831912 ], [ 71.45881222524882, 51.157515432954938 ], [ 71.4588542, 51.1574599 ], [ 71.458667, 51.1573878 ], [ 71.4586143, 51.1574417 ], [ 71.458228532565172, 51.157299584476263 ], [ 71.458275, 51.157237599999988 ], [ 71.4579406, 51.1571141 ], [ 71.4578002, 51.1572636 ], [ 71.457787793981211, 51.157339298799258 ], [ 71.459455719314633, 51.157957739786646 ], [ 71.459777519425174, 51.157841639792238 ] ] ], [ [ [ 71.4580071, 51.1575027 ], [ 71.457968518843472, 51.157556139762391 ], [ 71.45808651888035, 51.157599839764295 ], [ 71.4581251, 51.1575464 ], [ 71.4580071, 51.1575027 ] ] ], [ [ [ 71.458434918972699, 51.158118939769288 ], [ 71.458513418993817, 51.158229239770428 ], [ 71.458992519156766, 51.158095139778681 ], [ 71.458995, 51.15808 ], [ 71.4589242, 51.1579804 ], [ 71.4587032, 51.157883100000014 ], [ 71.4585892, 51.1578569 ], [ 71.4584632, 51.1578922 ], [ 71.458434918972699, 51.158118939769288 ] ] ], [ [ [ 71.45792261880716, 51.158057139760814 ], [ 71.457961918809403, 51.158308839761048 ], [ 71.458164018875635, 51.158311639764435 ], [ 71.4581726, 51.1578168 ], [ 71.4579749, 51.1578131 ], [ 71.4579297, 51.1579361 ], [ 71.45792261880716, 51.158057139760814 ] ] ], [ [ [ 71.458523870620581, 51.159296557922126 ], [ 71.458832671747246, 51.158734457976955 ], [ 71.458855, 51.1585982 ], [ 71.4587727, 51.1584971 ], [ 71.457926, 51.1587694 ], [ 71.457903668937305, 51.158905657834332 ], [ 71.458275942945846, 51.1593626674399 ], [ 71.458265918863773, 51.159380339764411 ], [ 71.45842381890094, 51.159726839766499 ], [ 71.458475018915195, 51.159787139767232 ], [ 71.458739518994349, 51.159968439771376 ], [ 71.458908119051955, 51.159914839774281 ], [ 71.4589106, 51.1598997 ], [ 71.458443817037576, 51.159322216541518 ], [ 71.458523870620581, 51.159296557922126 ] ] ], [ [ [ 71.4595376, 51.1589553 ], [ 71.4592704, 51.159045399999982 ], [ 71.459348219228659, 51.159154239782914 ], [ 71.459615419320187, 51.159064139787525 ], [ 71.4595376, 51.1589553 ] ] ], [ [ [ 71.459528919237428, 51.16034743978399 ], [ 71.45962411926368, 51.160465839785395 ], [ 71.460032919403361, 51.160336239792443 ], [ 71.4599167, 51.1602062 ], [ 71.459699, 51.1602774 ], [ 71.459659723896323, 51.160230213665486 ], [ 71.459672974392845, 51.160149345862756 ], [ 71.459803432149656, 51.160105477472079 ], [ 71.459826832262522, 51.160064777477587 ], [ 71.4598566, 51.1598831 ], [ 71.4596522, 51.1595714 ], [ 71.4594983, 51.1593826 ], [ 71.4592155, 51.1590998 ], [ 71.4591574, 51.1590898 ], [ 71.4588715, 51.1591059 ], [ 71.458713900000021, 51.159156 ], [ 71.458675028073642, 51.159379377259455 ], [ 71.458750428325942, 51.159467377272904 ], [ 71.459402866743446, 51.159977514945041 ], [ 71.4589514, 51.1601163 ], [ 71.458911704724088, 51.160358536385957 ], [ 71.459019205202921, 51.160485136411467 ], [ 71.459039929772445, 51.16047876631464 ], [ 71.459058719076538, 51.160501339775855 ], [ 71.459528919237428, 51.16034743978399 ] ] ], [ [ [ 71.4584458, 51.1603387 ], [ 71.4582666, 51.1603955 ], [ 71.458259156454247, 51.160440919287879 ], [ 71.458580256721817, 51.160823619302143 ], [ 71.458757356903561, 51.160766119311312 ], [ 71.4587648, 51.1607207 ], [ 71.4584458, 51.1603387 ] ] ], [ [ [ 71.4597637, 51.1607963 ], [ 71.4594763, 51.1608791 ], [ 71.459468857584156, 51.16092451934631 ], [ 71.459547357648376, 51.161027619349746 ], [ 71.459833257940531, 51.160944319364525 ], [ 71.4598407, 51.160898899999985 ], [ 71.4597637, 51.1607963 ] ] ], [ [ [ 71.459614, 51.1617836 ], [ 71.4594461, 51.1618325 ], [ 71.45948791915788, 51.161907439780748 ], [ 71.45965571921505, 51.16185843978365 ], [ 71.459614, 51.1617836 ] ] ], [ [ [ 71.459114019031986, 51.161981539774352 ], [ 71.4590601, 51.1618977 ], [ 71.4589072, 51.161947 ], [ 71.458904718964078, 51.161962139770893 ], [ 71.458961118979701, 51.162030839771724 ], [ 71.459114019031986, 51.161981539774352 ] ] ], [ [ [ 71.4597435, 51.1619151 ], [ 71.4595707, 51.1619663 ], [ 71.459618319194647, 51.162050039782706 ], [ 71.459790119253142, 51.162000539785666 ], [ 71.4597435, 51.1619151 ] ] ], [ [ [ 71.458679418883449, 51.162119539766856 ], [ 71.4586261, 51.1620325 ], [ 71.4584899, 51.162074099999984 ], [ 71.458543218836979, 51.1621611397645 ], [ 71.458679418883449, 51.162119539766856 ] ] ], [ [ [ 71.4592087, 51.1620956 ], [ 71.4590808, 51.1621292 ], [ 71.459124619025644, 51.162213539774172 ], [ 71.45925251906904, 51.162179939776358 ], [ 71.4592087, 51.1620956 ] ] ], [ [ [ 71.4598418, 51.1621213 ], [ 71.459718, 51.1621563 ], [ 71.459715519221419, 51.162171439784139 ], [ 71.459833619253232, 51.162335739785853 ], [ 71.459957419295364, 51.16230073978798 ], [ 71.4599599, 51.1622856 ], [ 71.4598418, 51.1621213 ] ] ], [ [ [ 71.459354219097094, 51.162306039777867 ], [ 71.4592924, 51.1622035 ], [ 71.4591519, 51.1622441 ], [ 71.459213619049223, 51.162346739775444 ], [ 71.459354219097094, 51.162306039777867 ] ] ], [ [ [ 71.4587394, 51.1622246 ], [ 71.4585811, 51.1622766 ], [ 71.458637618859427, 51.162362439765765 ], [ 71.458796018913645, 51.162310339768517 ], [ 71.4587394, 51.1622246 ] ] ], [ [ [ 71.458861, 51.1623304 ], [ 71.4586925, 51.1623818 ], [ 71.4587424188895, 51.162464639767357 ], [ 71.458911018947049, 51.162413139770266 ], [ 71.458861, 51.1623304 ] ] ], [ [ [ 71.4594364, 51.1623501 ], [ 71.4593222, 51.1623884 ], [ 71.459397019103179, 51.162494139778261 ], [ 71.459511219142286, 51.162455939780244 ], [ 71.4594364, 51.1623501 ] ] ], [ [ [ 71.4583389, 51.1625099 ], [ 71.4582221, 51.1625466 ], [ 71.458273918728707, 51.162629839759241 ], [ 71.458390818768621, 51.16259323976125 ], [ 71.4583389, 51.1625099 ] ] ], [ [ [ 71.4590013, 51.1624877 ], [ 71.4588429, 51.1625361 ], [ 71.458907218936304, 51.162637339769844 ], [ 71.459065618990337, 51.162589039772563 ], [ 71.4590013, 51.1624877 ] ] ], [ [ [ 71.4595574, 51.1624768 ], [ 71.4594142, 51.16252320000001 ], [ 71.459505219132012, 51.162651939779828 ], [ 71.459648419180994, 51.162605539782298 ], [ 71.4595574, 51.1624768 ] ] ], [ [ [ 71.459172719019051, 51.162741639774111 ], [ 71.4591063, 51.162637599999989 ], [ 71.4589569, 51.1626832 ], [ 71.459023418968087, 51.162787239771532 ], [ 71.459172719019051, 51.162741639774111 ] ] ], [ [ [ 71.4585763, 51.1626579 ], [ 71.458321, 51.1627357 ], [ 71.458385718756603, 51.162837439760786 ], [ 71.458641018843721, 51.162759539765176 ], [ 71.4585763, 51.1626579 ] ] ], [ [ [ 71.459675419179135, 51.162858739782358 ], [ 71.459751419205219, 51.162831639783654 ], [ 71.459891219256122, 51.162713739786192 ], [ 71.4598204, 51.1626179 ], [ 71.459577, 51.162704799999986 ], [ 71.45960741915998, 51.16278393978132 ], [ 71.459675419179135, 51.162858739782358 ] ] ], [ [ [ 71.459283719048329, 51.162910539775687 ], [ 71.4592068, 51.1627931 ], [ 71.4590648, 51.1628364 ], [ 71.459141718999874, 51.162953839773238 ], [ 71.459283719048329, 51.162910539775687 ] ] ], [ [ [ 71.458664, 51.162812700000011 ], [ 71.4584471, 51.1628789 ], [ 71.458503018789528, 51.162969239762525 ], [ 71.458719918863537, 51.162903139766257 ], [ 71.458664, 51.162812700000011 ] ] ], [ [ [ 71.4593609, 51.16293730000001 ], [ 71.4592285, 51.1629777 ], [ 71.459291419043808, 51.163077139775559 ], [ 71.459423819088983, 51.163036739777844 ], [ 71.4593609, 51.16293730000001 ] ] ], [ [ [ 71.45877801887562, 51.163068239766957 ], [ 71.4587162, 51.1629808 ], [ 71.4585462, 51.1630403 ], [ 71.458543718799234, 51.163055439763063 ], [ 71.458608118817324, 51.163127739764022 ], [ 71.45877801887562, 51.163068239766957 ] ] ], [ [ [ 71.4590326, 51.163069 ], [ 71.4588909, 51.1631122 ], [ 71.458940718923671, 51.163194839769488 ], [ 71.459082418972017, 51.163151539771924 ], [ 71.4590326, 51.163069 ] ] ], [ [ [ 71.4588025, 51.1631222 ], [ 71.45867890000001, 51.163159899999989 ], [ 71.458733018853238, 51.163248039765911 ], [ 71.458856618895396, 51.163210339768057 ], [ 71.4588025, 51.1631222 ] ] ], [ [ [ 71.458490018769183, 51.163348739761673 ], [ 71.4584369, 51.1632677 ], [ 71.4582158, 51.163341 ], [ 71.45821331867802, 51.163356139757035 ], [ 71.458283718697601, 51.163439539758073 ], [ 71.458397518736547, 51.163401839760049 ], [ 71.458490018769183, 51.163348739761673 ] ] ], [ [ [ 71.460304887492669, 51.163448595851051 ], [ 71.4603706, 51.1630984 ], [ 71.4602756, 51.1629701 ], [ 71.4580469, 51.1636903 ], [ 71.457997271878341, 51.16399309506005 ], [ 71.458011471906985, 51.164069295062312 ], [ 71.458082572305784, 51.164149595083536 ], [ 71.458180472940256, 51.164159495116024 ], [ 71.459991385332927, 51.16356799574212 ], [ 71.460304887492669, 51.163448595851051 ] ] ], [ [ [ 71.4599188, 51.1639693 ], [ 71.4598047, 51.1640069 ], [ 71.459873619191285, 51.164107439783628 ], [ 71.459987719230341, 51.164069939785612 ], [ 71.4599188, 51.1639693 ] ] ], [ [ [ 71.4597199, 51.1640417 ], [ 71.459626, 51.1640745 ], [ 71.45962351910994, 51.164089639779455 ], [ 71.459698419130945, 51.164173939780596 ], [ 71.459792319163185, 51.164141139782203 ], [ 71.4597948, 51.164126 ], [ 71.4597199, 51.1640417 ] ] ], [ [ [ 71.459600319098342, 51.164183339778923 ], [ 71.4595447, 51.1641024 ], [ 71.4594521, 51.16413450000001 ], [ 71.459507619066557, 51.164215439777301 ], [ 71.459600319098342, 51.164183339778923 ] ] ], [ [ [ 71.4593259, 51.1641561 ], [ 71.4592428, 51.1641822 ], [ 71.459240318979553, 51.164197339772869 ], [ 71.459359119012234, 51.16434633977461 ], [ 71.459442319040662, 51.16432023977606 ], [ 71.4594448, 51.1643051 ], [ 71.4593259, 51.1641561 ] ] ], [ [ [ 71.4591317, 51.164228499999986 ], [ 71.4590351, 51.164265499999985 ], [ 71.459032618907827, 51.164280639769252 ], [ 71.459135118937027, 51.164385839770809 ], [ 71.459231718970315, 51.164348839772487 ], [ 71.4592342, 51.1643337 ], [ 71.4591317, 51.164228499999986 ] ] ], [ [ [ 71.458980918886823, 51.164375739768232 ], [ 71.4589091, 51.1642921 ], [ 71.4588125, 51.164333299999988 ], [ 71.458884418853387, 51.164416939766539 ], [ 71.458980918886823, 51.164375739768232 ] ] ], [ [ [ 71.4585764, 51.1644105 ], [ 71.4584663, 51.1644457 ], [ 71.458521918729474, 51.164532339760292 ], [ 71.458632018767119, 51.164497139762183 ], [ 71.4585764, 51.1644105 ] ] ], [ [ [ 71.4600126, 51.1643727 ], [ 71.4598964, 51.1644105 ], [ 71.459968419205111, 51.164515639784554 ], [ 71.460084619244867, 51.164477839786549 ], [ 71.4600126, 51.1643727 ] ] ], [ [ [ 71.459889519177807, 51.164548939783181 ], [ 71.4598071, 51.1644287 ], [ 71.4596548, 51.1644771 ], [ 71.459737119125734, 51.164597339780549 ], [ 71.459889519177807, 51.164548939783181 ] ] ], [ [ [ 71.458706, 51.1644932 ], [ 71.458593, 51.1645292 ], [ 71.458657518769996, 51.164626939762414 ], [ 71.458770518808606, 51.164590939764352 ], [ 71.458706, 51.1644932 ] ] ], [ [ [ 71.459651119096876, 51.164611439779087 ], [ 71.4596615, 51.164533 ], [ 71.4596113, 51.1644676 ], [ 71.4595397, 51.1644478 ], [ 71.4594497, 51.164475 ], [ 71.45956111906618, 51.164638539777535 ], [ 71.459651119096876, 51.164611439779087 ] ] ], [ [ [ 71.459487219040739, 51.164666639776243 ], [ 71.4595195, 51.1646097 ], [ 71.4594653, 51.164538899999989 ], [ 71.4593537, 51.164531 ], [ 71.4592686, 51.1645566 ], [ 71.459366818999669, 51.164703039774167 ], [ 71.459487219040739, 51.164666639776243 ] ] ], [ [ [ 71.459284218971646, 51.164724039772736 ], [ 71.4592095, 51.1646083 ], [ 71.4591365, 51.1645793 ], [ 71.4590673, 51.1646002 ], [ 71.459173718933954, 51.16475733977083 ], [ 71.459284218971646, 51.164724039772736 ] ] ], [ [ [ 71.4588266, 51.1646316 ], [ 71.4586347, 51.164683599999989 ], [ 71.458675118770088, 51.164760939762488 ], [ 71.458867018835306, 51.164708939765767 ], [ 71.4588266, 51.1646316 ] ] ], [ [ [ 71.4589177, 51.1647585 ], [ 71.4587527, 51.1648033 ], [ 71.458811318808685, 51.16490533976453 ], [ 71.458975918864624, 51.164860839767343 ], [ 71.4589177, 51.1647585 ] ] ], [ [ [ 71.459673819091009, 51.164926139778942 ], [ 71.4596119, 51.1648201 ], [ 71.4594815, 51.1648565 ], [ 71.459543419046639, 51.164962439776716 ], [ 71.459673819091009, 51.164926139778942 ] ] ], [ [ [ 71.4594134, 51.1648672 ], [ 71.459283, 51.1649036 ], [ 71.459344918979482, 51.165009539773301 ], [ 71.459475319023838, 51.164973239775541 ], [ 71.4594134, 51.1648672 ] ] ], [ [ [ 71.4597138, 51.1649547 ], [ 71.4595834, 51.164991 ], [ 71.459645319074397, 51.165097039778189 ], [ 71.459775719118767, 51.165060639780428 ], [ 71.4597138, 51.1649547 ] ] ], [ [ [ 71.4588222, 51.1650431 ], [ 71.458960018842603, 51.165257039766431 ], [ 71.459229318934376, 51.165178239771095 ], [ 71.4591972, 51.165053799999988 ], [ 71.4591439, 51.1649834 ], [ 71.4589696, 51.1650001 ], [ 71.4588222, 51.1650431 ] ] ], [ [ [ 71.4598318, 51.1650825 ], [ 71.4597014, 51.1651189 ], [ 71.459763319107736, 51.165224839779938 ], [ 71.459893719152078, 51.165188539782207 ], [ 71.4598318, 51.1650825 ] ] ], [ [ [ 71.4585366, 51.1651994 ], [ 71.4584412, 51.1652254 ], [ 71.458504718689781, 51.165335439758678 ], [ 71.458600018722194, 51.165309439760328 ], [ 71.4585366, 51.1651994 ] ] ], [ [ [ 71.459549519034951, 51.16528573977628 ], [ 71.4594877, 51.1651798 ], [ 71.4593573, 51.165216099999988 ], [ 71.459419118990596, 51.165322039774047 ], [ 71.459549519034951, 51.16528573977628 ] ] ], [ [ [ 71.4599232, 51.1652292 ], [ 71.4597928, 51.1652655 ], [ 71.459865219134343, 51.165386339781413 ], [ 71.459995619178713, 51.165349939783638 ], [ 71.4599232, 51.1652292 ] ] ], [ [ [ 71.459190118907713, 51.1655034397699 ], [ 71.459456018998438, 51.165422739774485 ], [ 71.4593225, 51.1652028 ], [ 71.4590315, 51.16529 ], [ 71.459190118907713, 51.1655034397699 ] ] ], [ [ [ 71.4586649, 51.1653298 ], [ 71.4585534, 51.165369899999988 ], [ 71.458601818717213, 51.165440739760143 ], [ 71.458713318755514, 51.165400639762076 ], [ 71.4586649, 51.1653298 ] ] ], [ [ [ 71.4600786, 51.1654088 ], [ 71.4599482, 51.1654452 ], [ 71.460010119174953, 51.165551139783574 ], [ 71.460140519219294, 51.1655148397858 ], [ 71.4600786, 51.1654088 ] ] ], [ [ [ 71.4587634, 51.1654519 ], [ 71.4586213, 51.1654993 ], [ 71.45868591873834, 51.165593539761311 ], [ 71.45882791878698, 51.165546139763769 ], [ 71.4587634, 51.1654519 ] ] ], [ [ [ 71.4595974, 51.1654854 ], [ 71.4593265, 51.1655763 ], [ 71.459405318970639, 51.165686039773199 ], [ 71.459676219063439, 51.165595139777885 ], [ 71.4595974, 51.1654854 ] ] ], [ [ [ 71.458951418822281, 51.165670039765629 ], [ 71.4588921, 51.1655828 ], [ 71.4587087, 51.1656446 ], [ 71.458706218742194, 51.165659739761537 ], [ 71.458768018759443, 51.165731839762451 ], [ 71.458951418822281, 51.165670039765629 ] ] ], [ [ [ 71.4590048, 51.165714299999983 ], [ 71.4588797, 51.1657484 ], [ 71.458925218806769, 51.165832839764924 ], [ 71.459050318849293, 51.165798739767069 ], [ 71.4590048, 51.165714299999983 ] ] ], [ [ [ 71.4596158, 51.1657199 ], [ 71.4594374, 51.1657748 ], [ 71.459434918975958, 51.165789939773539 ], [ 71.459618519026492, 51.166019739776225 ], [ 71.459795319086894, 51.165964339779279 ], [ 71.4597978, 51.1659492 ], [ 71.4596158, 51.1657199 ] ] ], [ [ [ 71.458891718789587, 51.16597923976412 ], [ 71.459128218870234, 51.165908339768208 ], [ 71.4590776, 51.1658235 ], [ 71.458903, 51.1658448 ], [ 71.4588219, 51.165869099999988 ], [ 71.458891718789587, 51.16597923976412 ] ] ], [ [ [ 71.4587965, 51.1658966 ], [ 71.4586661, 51.1659329 ], [ 71.458728018733296, 51.166038939761279 ], [ 71.458858418777666, 51.166002539763525 ], [ 71.4587965, 51.1658966 ] ] ], [ [ [ 71.4591385, 51.1659576 ], [ 71.4589861, 51.165998899999984 ], [ 71.459034618831879, 51.16608803976635 ], [ 71.459187018883668, 51.166046739768952 ], [ 71.4591385, 51.1659576 ] ] ], [ [ [ 71.459296518914215, 51.166174239770591 ], [ 71.4592481, 51.1660868 ], [ 71.4591041, 51.1661267 ], [ 71.459152618865289, 51.166214139768108 ], [ 71.459296518914215, 51.166174239770591 ] ] ], [ [ [ 71.459905, 51.1660638 ], [ 71.4597135, 51.1661203 ], [ 71.45971101905198, 51.166135439777584 ], [ 71.459871819095852, 51.166345939779937 ], [ 71.460060619160188, 51.166290539783205 ], [ 71.4600631, 51.1662754 ], [ 71.459905, 51.1660638 ] ] ], [ [ [ 71.4587723, 51.1663402 ], [ 71.4586221, 51.1663923 ], [ 71.45868051869914, 51.166476539759771 ], [ 71.458830718750676, 51.166424339762372 ], [ 71.4587723, 51.1663402 ] ] ], [ [ [ 71.459391718926611, 51.166619939771458 ], [ 71.459664019019527, 51.16653683977615 ], [ 71.4596665, 51.1665217 ], [ 71.4593847, 51.1662056 ], [ 71.4592076, 51.1662597 ], [ 71.459205118879936, 51.166274839768889 ], [ 71.459319418906802, 51.166526939770392 ], [ 71.459391718926611, 51.166619939771458 ] ] ], [ [ [ 71.4588534, 51.1664259 ], [ 71.4587005, 51.1664814 ], [ 71.458755618720289, 51.166558939760897 ], [ 71.458908518772859, 51.166503439763538 ], [ 71.4588534, 51.1664259 ] ] ], [ [ [ 71.459346756678556, 51.167102019309937 ], [ 71.459391056721387, 51.167108419312129 ], [ 71.459826357166179, 51.166982619334632 ], [ 71.459988357337636, 51.166889319343234 ], [ 71.459995800000016, 51.1668439 ], [ 71.4599208, 51.1667469 ], [ 71.459875354208592, 51.166761325403975 ], [ 71.4597424, 51.1665773 ], [ 71.459578, 51.1666349 ], [ 71.459575518985659, 51.166650039774488 ], [ 71.459711657131322, 51.166813285913996 ], [ 71.4592737, 51.1669523 ], [ 71.459266256612494, 51.166997719306416 ], [ 71.459346756678556, 51.167102019309937 ] ] ], [ [ [ 71.4591466, 51.1666552 ], [ 71.4587505, 51.1667888 ], [ 71.458838118732572, 51.166908639761701 ], [ 71.459234518868442, 51.16677413976857 ], [ 71.4591466, 51.1666552 ] ] ], [ [ [ 71.4591697, 51.1670816 ], [ 71.4590439, 51.1671258 ], [ 71.45910761880809, 51.16721483976572 ], [ 71.459233318851233, 51.167170739767904 ], [ 71.4591697, 51.1670816 ] ] ], [ [ [ 71.458925618744829, 51.167296839762543 ], [ 71.4588356, 51.1671623 ], [ 71.4587277, 51.1671952 ], [ 71.458723918680107, 51.167261739759226 ], [ 71.45878431869663, 51.167339839760103 ], [ 71.458925618744829, 51.167296839762543 ] ] ], [ [ [ 71.458681418661115, 51.16738033975831 ], [ 71.4586255, 51.1672998 ], [ 71.4585267, 51.1673346 ], [ 71.45858261862719, 51.167415039756591 ], [ 71.458681418661115, 51.16738033975831 ] ] ], [ [ [ 71.4603248, 51.1673588 ], [ 71.4589036, 51.1677929 ], [ 71.458898637428803, 51.167823179522522 ], [ 71.459132037556628, 51.168123579529357 ], [ 71.460553238526785, 51.167689479578399 ], [ 71.4605582, 51.1676592 ], [ 71.4603248, 51.1673588 ] ] ], [ [ [ 71.458951, 51.1679826 ], [ 71.4587427, 51.1680511 ], [ 71.458828318675828, 51.16817143975949 ], [ 71.459036518747084, 51.168103039763082 ], [ 71.458951, 51.1679826 ] ] ], [ [ [ 71.4594564, 51.1680644 ], [ 71.459939019018393, 51.168694239777238 ], [ 71.46035201915943, 51.168566139784375 ], [ 71.4604456, 51.1684689 ], [ 71.4602712, 51.1682479 ], [ 71.4601104, 51.1681597 ], [ 71.4597154, 51.167984 ], [ 71.4594564, 51.1680644 ] ] ], [ [ [ 71.4589179, 51.1687521 ], [ 71.459030018710763, 51.168909739761673 ], [ 71.459840218987665, 51.168653339775645 ], [ 71.4598427, 51.1686382 ], [ 71.4596403, 51.1683867 ], [ 71.4594508, 51.1682703 ], [ 71.4591405, 51.1683685 ], [ 71.458964, 51.1686007 ], [ 71.4589179, 51.1687521 ] ] ], [ [ [ 71.460226265202408, 51.169077891511158 ], [ 71.460266119110059, 51.169066139782117 ], [ 71.4602686, 51.169051 ], [ 71.4601063, 51.1688346 ], [ 71.4593844, 51.1690474 ], [ 71.4592407, 51.1691666 ], [ 71.459195618748311, 51.169306439763787 ], [ 71.45924191876091, 51.169368139764458 ], [ 71.460220647966764, 51.169079547864904 ], [ 71.4598508, 51.1692049 ], [ 71.45994941899454, 51.169337339776369 ], [ 71.460324719123193, 51.169210039782861 ], [ 71.460226265202408, 51.169077891511158 ] ] ], [ [ [ 71.4598333, 51.1692129 ], [ 71.4592299, 51.169405500000011 ], [ 71.459318118778967, 51.169532239765473 ], [ 71.459921518985283, 51.1693397397759 ], [ 71.4598333, 51.1692129 ] ] ], [ [ [ 71.460644019217867, 51.169450239787814 ], [ 71.4605636, 51.1693279 ], [ 71.4599135, 51.1695253 ], [ 71.45991101897333, 51.169540439775382 ], [ 71.459993818995969, 51.1696477397766 ], [ 71.460644019217867, 51.169450239787814 ] ] ], [ [ [ 71.4595083, 51.169521499999988 ], [ 71.4592497, 51.1695947 ], [ 71.459336318776408, 51.169733639765454 ], [ 71.45959491886444, 51.169660439769892 ], [ 71.4595083, 51.169521499999988 ] ] ], [ [ [ 71.460037418996521, 51.169972839776804 ], [ 71.4597829, 51.1696481 ], [ 71.4591326, 51.1698602 ], [ 71.459320218755394, 51.170104439764572 ], [ 71.459847218931415, 51.170034939773515 ], [ 71.460037418996521, 51.169972839776804 ] ] ], [ [ [ 71.459108418693674, 51.169919939761321 ], [ 71.4590583, 51.1698415 ], [ 71.4588937, 51.169833199999985 ], [ 71.4586728, 51.169905299999989 ], [ 71.458670318549778, 51.169920439753987 ], [ 71.4587634185756, 51.170032539755354 ], [ 71.459108418693674, 51.169919939761321 ] ] ], [ [ [ 71.459712100000019, 51.1700762 ], [ 71.4595576, 51.1701231 ], [ 71.459555118831105, 51.170138239768448 ], [ 71.459716718875313, 51.17034763977081 ], [ 71.459871218928029, 51.170300739773474 ], [ 71.4598737, 51.1702856 ], [ 71.459712100000019, 51.1700762 ] ] ], [ [ [ 71.459376418767675, 51.170250439765283 ], [ 71.4592766, 51.170094099999986 ], [ 71.4589207, 51.1701955 ], [ 71.459083318663446, 51.170438439760076 ], [ 71.459279418730205, 51.170382539763445 ], [ 71.459376418767675, 51.170250439765283 ] ] ], [ [ [ 71.460266219048819, 51.170511539779746 ], [ 71.460522819136472, 51.170431539784182 ], [ 71.460690419194677, 51.170356839787118 ], [ 71.4606929, 51.1703417 ], [ 71.460625, 51.17025610000001 ], [ 71.4602272, 51.1700478 ], [ 71.4599751, 51.1701264 ], [ 71.459972618968081, 51.170141539775457 ], [ 71.460266219048819, 51.170511539779746 ] ] ], [ [ [ 71.4599137, 51.1703627 ], [ 71.4597623, 51.1704127 ], [ 71.459878218918959, 51.170568939773162 ], [ 71.460029618970808, 51.170519039775783 ], [ 71.4599137, 51.1703627 ] ] ], [ [ [ 71.459713118867953, 51.170492939770519 ], [ 71.4596139, 51.1703566 ], [ 71.4592327, 51.1704822 ], [ 71.459440818767703, 51.170748439765546 ], [ 71.459639018835574, 51.170683139768954 ], [ 71.459713118867953, 51.170492939770519 ] ] ], [ [ [ 71.4597602, 51.1708887 ], [ 71.4595253, 51.170962399999986 ], [ 71.459522818784919, 51.170977539766533 ], [ 71.45991611889319, 51.171470639772323 ], [ 71.460151018973448, 51.171397039776387 ], [ 71.4601535, 51.1713819 ], [ 71.4597602, 51.1708887 ] ] ], [ [ [ 71.4590231, 51.1711042 ], [ 71.4589348, 51.1711098 ], [ 71.4588633, 51.17113590000001 ], [ 71.4586206, 51.171273 ], [ 71.4585093, 51.1713661 ], [ 71.4586033184614, 51.171485439750306 ], [ 71.4586819184875, 51.171478839751622 ], [ 71.458773118518863, 51.171445639753209 ], [ 71.459006518601214, 51.17131113975735 ], [ 71.459113818640319, 51.171220039759298 ], [ 71.4590231, 51.1711042 ] ] ], [ [ [ 71.4593602, 51.1713573 ], [ 71.4592953, 51.1713785 ], [ 71.459292818691736, 51.171393639762009 ], [ 71.459353318708537, 51.171466439762909 ], [ 71.459418318730769, 51.171445239764026 ], [ 71.4594208, 51.1714301 ], [ 71.4593602, 51.1713573 ] ] ], [ [ [ 71.4604412, 51.1713519 ], [ 71.4602375, 51.1714183 ], [ 71.460353519032353, 51.171576439779479 ], [ 71.460557219102057, 51.171510039783008 ], [ 71.4604412, 51.1713519 ] ] ], [ [ [ 71.4595268, 51.1716857 ], [ 71.4594806, 51.1716286 ], [ 71.4592451, 51.1714844 ], [ 71.4590928, 51.1714178 ], [ 71.4589991, 51.1714476 ], [ 71.4589371, 51.1714894 ], [ 71.458940218569296, 51.171550339755854 ], [ 71.458995918584662, 51.171619339756674 ], [ 71.459218718651712, 51.171763739760166 ], [ 71.459348118691551, 51.171826439762214 ], [ 71.459457018728784, 51.171791839764111 ], [ 71.459528918754259, 51.171748239765392 ], [ 71.4595268, 51.1716857 ] ] ], [ [ [ 71.4595217, 51.1718555 ], [ 71.4593617, 51.1719064 ], [ 71.459411818705703, 51.171986439763046 ], [ 71.459571818760395, 51.171935439765804 ], [ 71.4595217, 51.1718555 ] ] ], [ [ [ 71.4593338, 51.1719447 ], [ 71.4590951, 51.1720211 ], [ 71.459172518620832, 51.172134439758793 ], [ 71.459411318702493, 51.172057939762908 ], [ 71.4593338, 51.1719447 ] ] ], [ [ [ 71.459855618846021, 51.172114639770285 ], [ 71.459781600000014, 51.1720081 ], [ 71.459669, 51.1719606 ], [ 71.4594752, 51.1720244 ], [ 71.459604818760141, 51.172197139765935 ], [ 71.459855618846021, 51.172114639770285 ] ] ], [ [ [ 71.459975700000015, 51.1722389 ], [ 71.4597988, 51.1722967 ], [ 71.459796318818178, 51.172311839768945 ], [ 71.459962518864288, 51.172511639771415 ], [ 71.46013941892484, 51.172453839774477 ], [ 71.4601419, 51.1724387 ], [ 71.459975700000015, 51.1722389 ] ] ], [ [ [ 71.4602139, 51.1725775 ], [ 71.459998, 51.1726443 ], [ 71.460051318884183, 51.172730239772534 ], [ 71.460267218957924, 51.172663439776265 ], [ 71.4602139, 51.1725775 ] ] ], [ [ [ 71.45930861863836, 51.172774739760008 ], [ 71.4592437, 51.172681 ], [ 71.4589034, 51.1727956 ], [ 71.458900918502948, 51.172810739753125 ], [ 71.458968318521755, 51.172889339754128 ], [ 71.45930861863836, 51.172774739760008 ] ] ], [ [ [ 71.4595637, 51.17271920000001 ], [ 71.4589745, 51.1729119 ], [ 71.459047918542424, 51.173018239755272 ], [ 71.459637118744126, 51.172825539765441 ], [ 71.4595637, 51.17271920000001 ] ] ], [ [ [ 71.4599143, 51.172998 ], [ 71.4595547, 51.1731044 ], [ 71.459552218703763, 51.173119539763533 ], [ 71.459597818716176, 51.173180139764213 ], [ 71.459641914899578, 51.17316708022306 ], [ 71.460072718849474, 51.173715039771317 ], [ 71.460391818958556, 51.173614039776801 ], [ 71.4603943, 51.1735989 ], [ 71.4599143, 51.172998 ] ] ], [ [ [ 71.4603278, 51.172812 ], [ 71.4600674, 51.1728935 ], [ 71.460064918881088, 51.172908639772473 ], [ 71.460413418976998, 51.173346239777601 ], [ 71.460673719065937, 51.173264739782113 ], [ 71.4606762, 51.1732496 ], [ 71.4603278, 51.172812 ] ] ], [ [ [ 71.4591184, 51.1732021 ], [ 71.4585754, 51.1733767 ], [ 71.458659818394622, 51.173498139747963 ], [ 71.459202818580351, 51.173323539757376 ], [ 71.4591184, 51.1732021 ] ] ], [ [ [ 71.4588927, 51.1734903 ], [ 71.4585856, 51.1735814 ], [ 71.458583118365254, 51.173596539746512 ], [ 71.45899971847868, 51.174148239752611 ], [ 71.459306818583414, 51.174057139757892 ], [ 71.4593093, 51.174042 ], [ 71.4588927, 51.1734903 ] ] ], [ [ [ 71.460313518909032, 51.17417583977457 ], [ 71.4602249, 51.1740368 ], [ 71.4600319, 51.1740925 ], [ 71.460120518843254, 51.174231639771257 ], [ 71.460313518909032, 51.17417583977457 ] ] ], [ [ [ 71.4604791, 51.1741391 ], [ 71.4591861, 51.17450620000001 ], [ 71.459337718564825, 51.174734739757319 ], [ 71.460630719005081, 51.174367639779582 ], [ 71.4604791, 51.1741391 ] ] ], [ [ [ 71.4600395, 51.1746227 ], [ 71.4598536, 51.1746805 ], [ 71.459851118735116, 51.174695639765986 ], [ 71.460135618813283, 51.17505553977017 ], [ 71.460321518876796, 51.174997739773367 ], [ 71.460324, 51.1749826 ], [ 71.4600395, 51.1746227 ] ] ], [ [ [ 71.460197118820545, 51.175360739770696 ], [ 71.4596688, 51.1747103 ], [ 71.4593717, 51.1748079 ], [ 71.459900018718827, 51.175458339765548 ], [ 71.460197118820545, 51.175360739770696 ] ] ], [ [ [ 71.459512018578323, 51.17576633975856 ], [ 71.459671818620663, 51.176005939760827 ], [ 71.45987621869007, 51.175952339764351 ], [ 71.459719, 51.175697599999978 ], [ 71.4595821, 51.1757124 ], [ 71.459512018578323, 51.17576633975856 ] ] ], [ [ [ 71.4606587, 51.1757359 ], [ 71.4601503, 51.1758995 ], [ 71.460205218796759, 51.175984639769815 ], [ 71.46071351897065, 51.175821139778598 ], [ 71.4606587, 51.1757359 ] ] ], [ [ [ 71.460682618947757, 51.17612193977758 ], [ 71.4606644, 51.1760757 ], [ 71.4605141, 51.176115199999984 ], [ 71.460511618891232, 51.176130339774687 ], [ 71.460532418896733, 51.176161439775001 ], [ 71.460682618947757, 51.17612193977758 ] ] ], [ [ [ 71.460095318723404, 51.176863539766543 ], [ 71.4600537, 51.1767187 ], [ 71.4600123, 51.1767242 ], [ 71.459974050857411, 51.176611508052112 ], [ 71.460160718757521, 51.176565539768134 ], [ 71.4602352, 51.1763147 ], [ 71.4601851, 51.1762347 ], [ 71.4594212, 51.1764227 ], [ 71.4589285, 51.1765906 ], [ 71.459054918383842, 51.176811639749197 ], [ 71.459820528268779, 51.176649268102949 ], [ 71.459853207495286, 51.176745475758388 ], [ 71.459829618640356, 51.17676343976224 ], [ 71.459873718649348, 51.176893139762797 ], [ 71.460095318723404, 51.176863539766543 ] ] ], [ [ [ 71.460738218937777, 51.17678783977744 ], [ 71.4607031, 51.1765745 ], [ 71.4605756, 51.1765138 ], [ 71.4602257, 51.1765399 ], [ 71.460278718784295, 51.176848039769631 ], [ 71.460738218937777, 51.17678783977744 ] ] ], [ [ [ 71.4599222, 51.1769687 ], [ 71.4597344, 51.1769855 ], [ 71.459748018600934, 51.177061239760398 ], [ 71.459933118662434, 51.17704443976352 ], [ 71.4599222, 51.1769687 ] ] ], [ [ [ 71.4592363, 51.1769548 ], [ 71.4590792, 51.1770064 ], [ 71.459076718382107, 51.177021539749212 ], [ 71.459268218435284, 51.177250939752042 ], [ 71.459425418489104, 51.177199339754758 ], [ 71.4594279, 51.1771842 ], [ 71.4592363, 51.1769548 ] ] ], [ [ [ 71.459609818536038, 51.177521039757316 ], [ 71.459825718580575, 51.178143339759934 ], [ 71.46000611863586, 51.178236539762779 ], [ 71.46056011882105, 51.178161039772206 ], [ 71.4602517, 51.1772498 ], [ 71.4597104, 51.1773236 ], [ 71.459609818536038, 51.177521039757316 ] ] ], [ [ [ 71.4602709, 51.1435885 ], [ 71.460195520160468, 51.143712639822262 ], [ 71.460860720371315, 51.143887639833117 ], [ 71.4609361, 51.1437635 ], [ 71.4602709, 51.1435885 ] ] ], [ [ [ 71.460366720171976, 51.144768439823416 ], [ 71.4608535, 51.1440992 ], [ 71.4604635, 51.1439855 ], [ 71.4597852, 51.14425090000001 ], [ 71.459580419923682, 51.144539339810613 ], [ 71.460366720171976, 51.144768439823416 ] ] ], [ [ [ 71.4592463, 51.1448943 ], [ 71.4590063, 51.144815899999983 ], [ 71.458936719696709, 51.144911839799242 ], [ 71.459176719772145, 51.144990239803143 ], [ 71.4592463, 51.1448943 ] ] ], [ [ [ 71.4594042, 51.1450915 ], [ 71.45921241976734, 51.14538073980308 ], [ 71.459583119884684, 51.145481539809126 ], [ 71.459775, 51.1451923 ], [ 71.4594042, 51.1450915 ] ] ], [ [ [ 71.4591986, 51.1454172 ], [ 71.459109019726228, 51.145550339801083 ], [ 71.459531719859712, 51.145673139807968 ], [ 71.4596213, 51.1455401 ], [ 71.4591986, 51.1454172 ] ] ], [ [ [ 71.4594957, 51.1456705 ], [ 71.4591005, 51.1455578 ], [ 71.458857619628731, 51.145904739796293 ], [ 71.459252919753666, 51.146017439802733 ], [ 71.4594957, 51.1456705 ] ] ], [ [ [ 71.460871, 51.1463427 ], [ 71.4607739, 51.1463448 ], [ 71.46076894046486, 51.146475879654794 ], [ 71.460862740526409, 51.146475879657942 ], [ 71.460871, 51.1463427 ] ] ], [ [ [ 71.4604694, 51.1465362 ], [ 71.460452200430268, 51.147530499102395 ], [ 71.460645400747168, 51.147530899118578 ], [ 71.4606626, 51.1465366 ], [ 71.4604694, 51.1465362 ] ] ], [ [ [ 71.460295120034004, 51.147473839817813 ], [ 71.4602911, 51.1471444 ], [ 71.4600698, 51.1471444 ], [ 71.459880319898943, 51.147449139810909 ], [ 71.45996981992765, 51.147464639812377 ], [ 71.460295120034004, 51.147473839817813 ] ] ], [ [ [ 71.4597476, 51.1475618 ], [ 71.459726978554997, 51.147803358272235 ], [ 71.460094179640336, 51.147800958327593 ], [ 71.4601148, 51.1475595 ], [ 71.4597476, 51.1475618 ] ] ], [ [ [ 71.4604205, 51.1476278 ], [ 71.460398180552176, 51.147764058373944 ], [ 71.460392968215501, 51.14811810094109 ], [ 71.4600246, 51.1481181 ], [ 71.460012199542376, 51.148314899059152 ], [ 71.46097780112666, 51.148314899140004 ], [ 71.4609902, 51.1481181 ], [ 71.460844897261111, 51.148118100509848 ], [ 71.46087, 51.147630399999983 ], [ 71.4604205, 51.1476278 ] ] ], [ [ [ 71.459727, 51.147826 ], [ 71.4595095, 51.1478244 ], [ 71.459479898557575, 51.148841399010308 ], [ 71.459697398914116, 51.148842899028516 ], [ 71.459727, 51.147826 ] ] ], [ [ [ 71.4601295, 51.148633 ], [ 71.460116299604209, 51.148829799063684 ], [ 71.461258901478288, 51.148832999159303 ], [ 71.4612722, 51.1486362 ], [ 71.4601295, 51.148633 ] ] ], [ [ [ 71.4602628, 51.1491682 ], [ 71.460260319946201, 51.149278339814288 ], [ 71.460356919977912, 51.149278339815901 ], [ 71.4603594, 51.1491682 ], [ 71.4602628, 51.1491682 ] ] ], [ [ [ 71.45968261975392, 51.149342639804509 ], [ 71.460028519865674, 51.149383839810234 ], [ 71.4600354, 51.1491694 ], [ 71.4596887, 51.1491636 ], [ 71.45968261975392, 51.149342639804509 ] ] ], [ [ [ 71.4589038, 51.1495705 ], [ 71.458889097389417, 51.149780498953177 ], [ 71.460246499614698, 51.149789699066766 ], [ 71.4602612, 51.1495796 ], [ 71.4589038, 51.1495705 ] ] ], [ [ [ 71.4600725, 51.1499026 ], [ 71.460044078528767, 51.150330558282924 ], [ 71.46023477909138, 51.150332158311627 ], [ 71.4602632, 51.1499042 ], [ 71.4600725, 51.1499026 ] ] ], [ [ [ 71.4598139, 51.150236499999984 ], [ 71.4597856, 51.1502362 ], [ 71.4597826197475, 51.15026933980468 ], [ 71.459810919756762, 51.15026963980516 ], [ 71.4598139, 51.150236499999984 ] ] ], [ [ [ 71.4595804, 51.1502696 ], [ 71.459577019677184, 51.150336539801117 ], [ 71.459721619724604, 51.150337539803537 ], [ 71.4597251, 51.1502706 ], [ 71.4595804, 51.1502696 ] ] ], [ [ [ 71.4599751, 51.1505026 ], [ 71.45996435935804, 51.150802819420747 ], [ 71.460320159708104, 51.150804619438603 ], [ 71.4603308, 51.15050440000001 ], [ 71.4599751, 51.1505026 ] ] ], [ [ [ 71.459517, 51.1504399 ], [ 71.459478298013039, 51.151401398989307 ], [ 71.459662798315335, 51.151403599004738 ], [ 71.4597015, 51.1504421 ], [ 71.459517, 51.1504399 ] ] ], [ [ [ 71.4608658, 51.1505659 ], [ 71.4604126, 51.151179299999988 ], [ 71.460400199556773, 51.151254999067682 ], [ 71.460543399782949, 51.15129659907933 ], [ 71.460996600656401, 51.150683299122264 ], [ 71.461009, 51.1506076 ], [ 71.4608658, 51.1505659 ] ] ], [ [ [ 71.4611304, 51.1511653 ], [ 71.4606906, 51.1517749 ], [ 71.460688119980304, 51.151790039817357 ], [ 71.460835020026735, 51.151831739819741 ], [ 71.461274820196877, 51.151222139828107 ], [ 71.4612773, 51.151207 ], [ 71.4611304, 51.1511653 ] ] ], [ [ [ 71.4596416, 51.1516025 ], [ 71.4595693, 51.1517055 ], [ 71.459556898061621, 51.151781198992779 ], [ 71.460523199590767, 51.152048099071514 ], [ 71.460595499731198, 51.151945099078411 ], [ 71.4606079, 51.1518694 ], [ 71.4596416, 51.1516025 ] ] ], [ [ [ 71.461041, 51.1518366 ], [ 71.4610001, 51.1518253 ], [ 71.460980220072983, 51.151865139822121 ], [ 71.461021120085931, 51.151876539822794 ], [ 71.461041, 51.1518366 ] ] ], [ [ [ 71.4608792, 51.151929 ], [ 71.460817420012631, 51.152028539819135 ], [ 71.46089702003782, 51.15205063982043 ], [ 71.4609589, 51.1519511 ], [ 71.4608792, 51.151929 ] ] ], [ [ [ 71.4608026, 51.1520591 ], [ 71.460782719998264, 51.152099039818438 ], [ 71.460823620011197, 51.152110339819089 ], [ 71.4608435, 51.1520704 ], [ 71.4608026, 51.1520591 ] ] ], [ [ [ 71.459962239357736, 51.153299879605541 ], [ 71.460380339622418, 51.153415279619168 ], [ 71.460738539900774, 51.15290477963282 ], [ 71.4607093, 51.1527973 ], [ 71.4604281, 51.1527197 ], [ 71.4603304, 51.1527518 ], [ 71.459962239357736, 51.153299879605541 ] ] ], [ [ [ 71.4609134, 51.1530236 ], [ 71.460848119976092, 51.153129539817847 ], [ 71.461043320037916, 51.153182639821033 ], [ 71.4611086, 51.1530766 ], [ 71.4609134, 51.1530236 ] ] ], [ [ [ 71.4594942, 51.1532543 ], [ 71.459454919510677, 51.153322739794199 ], [ 71.459584119551579, 51.153357839796321 ], [ 71.4596234, 51.1532894 ], [ 71.4594942, 51.1532543 ] ] ], [ [ [ 71.4604747, 51.1565539 ], [ 71.4603621, 51.1565169 ], [ 71.460322919657813, 51.156575939803432 ], [ 71.460435619693243, 51.156612939805257 ], [ 71.4604747, 51.1565539 ] ] ], [ [ [ 71.460368317985271, 51.156862638823341 ], [ 71.4603832, 51.1567718 ], [ 71.4591911, 51.156326799999988 ], [ 71.4590685, 51.1564573 ], [ 71.459053615475938, 51.156548138694305 ], [ 71.460247217714723, 51.156988738809943 ], [ 71.460368317985271, 51.156862638823341 ] ] ], [ [ [ 71.460900399104034, 51.157271999060498 ], [ 71.460975099247364, 51.157174099067561 ], [ 71.460984123250199, 51.157119013030005 ], [ 71.461009199312883, 51.157128899070763 ], [ 71.46111049949404, 51.157058599079832 ], [ 71.4611261, 51.1569548 ], [ 71.4610301, 51.1567454 ], [ 71.4606557, 51.1566096 ], [ 71.4605565, 51.15672 ], [ 71.460544098620076, 51.156795699034539 ], [ 71.460819564709126, 51.157035041189751 ], [ 71.4603058, 51.156995 ], [ 71.4602044, 51.1571074 ], [ 71.46019199796018, 51.157183099001919 ], [ 71.460554198523553, 51.157329999031028 ], [ 71.460900399104034, 51.157271999060498 ] ] ], [ [ [ 71.46062087645862, 51.16023445822448 ], [ 71.461602279475443, 51.159926758376905 ], [ 71.461661979680159, 51.159852458386965 ], [ 71.4616822, 51.1596547 ], [ 71.4604544, 51.1580758 ], [ 71.4602666, 51.158023 ], [ 71.4602026, 51.1580189 ], [ 71.4598271, 51.1581514 ], [ 71.459804774789546, 51.158287658130057 ], [ 71.4601946521352, 51.159271093168364 ], [ 71.4599724, 51.1589884 ], [ 71.4597718, 51.1589864 ], [ 71.459678, 51.1590138 ], [ 71.459675519341403, 51.159028939788591 ], [ 71.460000819430803, 51.159439739793378 ], [ 71.460187519494497, 51.159382839796585 ], [ 71.46022687199897, 51.159352363225203 ], [ 71.460535476245809, 51.160130758213135 ], [ 71.46062087645862, 51.16023445822448 ] ] ], [ [ [ 71.460279419508041, 51.159775439797492 ], [ 71.4602765, 51.159615100000011 ], [ 71.4602051, 51.1595295 ], [ 71.459852, 51.1596392 ], [ 71.460013819417341, 51.159858439792906 ], [ 71.460279419508041, 51.159775439797492 ] ] ], [ [ [ 71.4603084, 51.159886299999989 ], [ 71.4602494, 51.1598443 ], [ 71.4600885, 51.1599166 ], [ 71.460086019437924, 51.15993173979399 ], [ 71.460147719456174, 51.159978839794952 ], [ 71.460305919511399, 51.159901439797714 ], [ 71.4603084, 51.159886299999989 ] ] ], [ [ [ 71.460394919529463, 51.16016493979879 ], [ 71.4602602, 51.1600032 ], [ 71.4599388, 51.1601565 ], [ 71.459936319378613, 51.160171639791102 ], [ 71.460096219425822, 51.160296539793571 ], [ 71.460394919529463, 51.16016493979879 ] ] ], [ [ [ 71.4615218, 51.160212799999989 ], [ 71.4613703, 51.1602659 ], [ 71.461396919852106, 51.160313839815316 ], [ 71.461548519904099, 51.160260739817971 ], [ 71.4615218, 51.160212799999989 ] ] ], [ [ [ 71.461105019747436, 51.160522239810092 ], [ 71.461218019786102, 51.160485039812059 ], [ 71.4611325, 51.1603622 ], [ 71.4609752, 51.1604107 ], [ 71.461035619725251, 51.160508139808961 ], [ 71.461105019747436, 51.160522239810092 ] ] ], [ [ [ 71.460568619556284, 51.160877839800527 ], [ 71.460721219608502, 51.160827839803162 ], [ 71.460711215595992, 51.160797710082925 ], [ 71.46091001967406, 51.160743439806467 ], [ 71.46090196948704, 51.160664371512169 ], [ 71.460976519695109, 51.16076193980755 ], [ 71.461318319811653, 51.160659239813434 ], [ 71.4612272, 51.160521599999988 ], [ 71.46089489866776, 51.160621445972772 ], [ 71.4608529, 51.16054 ], [ 71.4607088, 51.160505 ], [ 71.4603905, 51.160645 ], [ 71.460502719537232, 51.160817139799519 ], [ 71.46060421104751, 51.160807681869173 ], [ 71.4605422, 51.160828 ], [ 71.460568619556284, 51.160877839800527 ] ] ], [ [ [ 71.4613593, 51.1606472 ], [ 71.4612184, 51.160693699999989 ], [ 71.461272019791537, 51.160775739812479 ], [ 71.461412919839759, 51.16072923981492 ], [ 71.4613593, 51.1606472 ] ] ], [ [ [ 71.4601582, 51.1606662 ], [ 71.4598308, 51.1607646 ], [ 71.459898519336861, 51.160864439789336 ], [ 71.460227419448969, 51.160766939795003 ], [ 71.4601582, 51.1606662 ] ] ], [ [ [ 71.4607204, 51.1608557 ], [ 71.4606069, 51.160894 ], [ 71.46066931958481, 51.160984739802039 ], [ 71.460782819623702, 51.160946439804007 ], [ 71.4607204, 51.1608557 ] ] ], [ [ [ 71.461509719862761, 51.160936439816204 ], [ 71.461456, 51.1608436 ], [ 71.4612761, 51.1608947 ], [ 71.46132981980152, 51.160987639813094 ], [ 71.461509719862761, 51.160936439816204 ] ] ], [ [ [ 71.4615413, 51.160961 ], [ 71.4614004, 51.1610075 ], [ 71.461454019837987, 51.161089539815002 ], [ 71.461594919886224, 51.161043039817443 ], [ 71.4615413, 51.160961 ] ] ], [ [ [ 71.46108081971002, 51.16121803980856 ], [ 71.4609149, 51.1609884 ], [ 71.4607445, 51.1610349 ], [ 71.460816719625896, 51.16115763980423 ], [ 71.460912602908593, 51.161131474524119 ], [ 71.4608685, 51.1611469 ], [ 71.460866019641898, 51.161162039805056 ], [ 71.460955019666869, 51.161262039806381 ], [ 71.46108081971002, 51.16121803980856 ] ] ], [ [ [ 71.459902309079496, 51.161609336618824 ], [ 71.460168610241723, 51.161958436681076 ], [ 71.460236510568564, 51.162002436698131 ], [ 71.460264876837556, 51.16199396199881 ], [ 71.460252510607205, 51.162069436700662 ], [ 71.46038261118089, 51.162231336731288 ], [ 71.460398884626883, 51.162226251091546 ], [ 71.460749612792696, 51.16269763681747 ], [ 71.460941613842536, 51.162636736870503 ], [ 71.4609813, 51.1623945 ], [ 71.46076090440188, 51.162113114864219 ], [ 71.461082415005066, 51.162012636924509 ], [ 71.4611221, 51.1617704 ], [ 71.4609909, 51.1616125 ], [ 71.460433741862246, 51.161783706809395 ], [ 71.4604459, 51.1617095 ], [ 71.460340274173504, 51.161453602835337 ], [ 71.460575912773393, 51.161379736805316 ], [ 71.4606156, 51.1611375 ], [ 71.4604915, 51.1609859 ], [ 71.4601603, 51.1610936 ], [ 71.460158381656072, 51.161105308243435 ], [ 71.4601502, 51.1610951 ], [ 71.459844, 51.1611887 ], [ 71.459804308685662, 51.161430936597206 ], [ 71.459902309079496, 51.161609336618824 ] ] ], [ [ [ 71.4617026, 51.161132 ], [ 71.4615098, 51.1611994 ], [ 71.461578619870224, 51.161294739816761 ], [ 71.461771419936355, 51.161227239820093 ], [ 71.4617026, 51.161132 ] ] ], [ [ [ 71.461344519783054, 51.161538039812456 ], [ 71.4612755, 51.1614435 ], [ 71.4611313, 51.1614946 ], [ 71.461200219733513, 51.161589139809934 ], [ 71.461344519783054, 51.161538039812456 ] ] ], [ [ [ 71.4617169, 51.1616436 ], [ 71.4613256, 51.1617607 ], [ 71.461419319792384, 51.161897639813105 ], [ 71.461799819922192, 51.161782139819678 ], [ 71.4617169, 51.1616436 ] ] ], [ [ [ 71.461641219861406, 51.161987739816688 ], [ 71.4615802, 51.1618817 ], [ 71.461442, 51.1619111 ], [ 71.461510519816912, 51.162025539814429 ], [ 71.461641219861406, 51.161987739816688 ] ] ], [ [ [ 71.459812419236954, 51.162555539785131 ], [ 71.460068719316681, 51.162659839789256 ], [ 71.460266019383752, 51.16260573979266 ], [ 71.4601386, 51.1624024 ], [ 71.460099264695032, 51.162413190778565 ], [ 71.4600441, 51.1623236 ], [ 71.4598451, 51.16238 ], [ 71.45989584021747, 51.16246899553483 ], [ 71.4597861, 51.1624991 ], [ 71.459812419236954, 51.162555539785131 ] ] ], [ [ [ 71.4603148, 51.1626481 ], [ 71.460173, 51.1626964 ], [ 71.460242919368284, 51.162791939791958 ], [ 71.460383219416258, 51.162746539794391 ], [ 71.4603148, 51.1626481 ] ] ], [ [ [ 71.461312219713989, 51.162918139809655 ], [ 71.4612422, 51.1628141 ], [ 71.4610587, 51.162873 ], [ 71.461158419659469, 51.16301333980693 ], [ 71.461294719706075, 51.162969539809282 ], [ 71.461312219713989, 51.162918139809655 ] ] ], [ [ [ 71.461265998433092, 51.16327509904216 ], [ 71.462139499925996, 51.162996499117561 ], [ 71.4621519, 51.1629208 ], [ 71.4620403, 51.162778399999986 ], [ 71.4611894, 51.163089599999985 ], [ 71.461176998310222, 51.163165299035597 ], [ 71.461265998433092, 51.16327509904216 ] ] ], [ [ [ 71.461648, 51.1634796 ], [ 71.4615258, 51.1635205 ], [ 71.461600919778775, 51.163626639813344 ], [ 71.461723119820633, 51.163585639815459 ], [ 71.461648, 51.1634796 ] ] ], [ [ [ 71.4610779, 51.1636136 ], [ 71.4609417, 51.163657 ], [ 71.46100141957676, 51.163748939803085 ], [ 71.461137719623366, 51.163705539805449 ], [ 71.4610779, 51.1636136 ] ] ], [ [ [ 71.460932519550937, 51.163824839801826 ], [ 71.4608256, 51.1636808 ], [ 71.4607163, 51.1637173 ], [ 71.460823219513486, 51.163861339799936 ], [ 71.460932519550937, 51.163824839801826 ] ] ], [ [ [ 71.460705, 51.1637649 ], [ 71.4606138, 51.163796499999989 ], [ 71.46066941946232, 51.163877439797325 ], [ 71.460760519493562, 51.163845839798917 ], [ 71.460705, 51.1637649 ] ] ], [ [ [ 71.460432919382043, 51.163939439793275 ], [ 71.46051091940646, 51.163967739794536 ], [ 71.46060421943821, 51.163941039796136 ], [ 71.4605129, 51.163797099999989 ], [ 71.4604196, 51.1638238 ], [ 71.4603911, 51.1638634 ], [ 71.460432919382043, 51.163939439793275 ] ] ], [ [ [ 71.4602873, 51.1638447 ], [ 71.4601711, 51.1638811 ], [ 71.460168619297093, 51.163896239788905 ], [ 71.460266919324155, 51.164019539790353 ], [ 71.46038311936384, 51.16398303979237 ], [ 71.4603856, 51.1639679 ], [ 71.4602873, 51.1638447 ] ] ], [ [ [ 71.4601287, 51.1638853 ], [ 71.460017100000016, 51.1639231 ], [ 71.46001461924476, 51.163938239786269 ], [ 71.460104019269707, 51.16404193978758 ], [ 71.460215519307937, 51.164004139789533 ], [ 71.460218, 51.163989 ], [ 71.4601287, 51.1638853 ] ] ], [ [ [ 71.4613504, 51.1639329 ], [ 71.4612549, 51.1639669 ], [ 71.461252419649298, 51.163982039806918 ], [ 71.461345719675563, 51.164085339808302 ], [ 71.461441319708399, 51.164051339809966 ], [ 71.4614438, 51.1640362 ], [ 71.4613504, 51.1639329 ] ] ], [ [ [ 71.461276519651832, 51.164109139807117 ], [ 71.461098, 51.1638937 ], [ 71.460914, 51.1639591 ], [ 71.461009819565376, 51.164083139802692 ], [ 71.461126419600305, 51.164162439804521 ], [ 71.461276519651832, 51.164109139807117 ] ] ], [ [ [ 71.461015619562858, 51.164187839802629 ], [ 71.4609395, 51.1640856 ], [ 71.4608139, 51.1641302 ], [ 71.460890119519746, 51.164232439800443 ], [ 71.461015619562858, 51.164187839802629 ] ] ], [ [ [ 71.4608032, 51.1641584 ], [ 71.4607185, 51.1641885 ], [ 71.460776219480749, 51.164270239798476 ], [ 71.460860819509804, 51.164240139799944 ], [ 71.4608032, 51.1641584 ] ] ], [ [ [ 71.4605477, 51.164231 ], [ 71.4604577, 51.1642629 ], [ 71.460516119392167, 51.164345539794006 ], [ 71.460606119423076, 51.164313539795543 ], [ 71.4605477, 51.164231 ] ] ], [ [ [ 71.461611919754915, 51.16427543981245 ], [ 71.4615718, 51.1642119 ], [ 71.461406, 51.1642693 ], [ 71.461403519686101, 51.164284439808959 ], [ 71.461446119698039, 51.164332839809582 ], [ 71.461611919754915, 51.16427543981245 ] ] ], [ [ [ 71.4603833, 51.1642761 ], [ 71.4602792, 51.164312 ], [ 71.460350419334986, 51.16441113979112 ], [ 71.460454519370685, 51.164375239792925 ], [ 71.4603833, 51.1642761 ] ] ], [ [ [ 71.4602314, 51.1643279 ], [ 71.460084, 51.164374099999989 ], [ 71.460140519263845, 51.164463239787516 ], [ 71.460287919314197, 51.164417039790074 ], [ 71.4602314, 51.1643279 ] ] ], [ [ [ 71.461281919640854, 51.16441023980672 ], [ 71.4612196, 51.1643268 ], [ 71.4610931, 51.1643739 ], [ 71.461155319597282, 51.164457439804522 ], [ 71.461281919640854, 51.16441023980672 ] ] ], [ [ [ 71.461701119778496, 51.164410539813737 ], [ 71.461646, 51.16433270000001 ], [ 71.4614761, 51.1643743 ], [ 71.461544819724779, 51.164467039811029 ], [ 71.461701119778496, 51.164410539813737 ] ] ], [ [ [ 71.4609906, 51.1643674 ], [ 71.4608548, 51.1644159 ], [ 71.460913419516132, 51.164498339800403 ], [ 71.461049219562781, 51.164449839802771 ], [ 71.4609906, 51.1643674 ] ] ], [ [ [ 71.4617391, 51.164473 ], [ 71.461608, 51.164512599999988 ], [ 71.461652519754963, 51.164588939812624 ], [ 71.461783619799689, 51.164549339814897 ], [ 71.4617391, 51.164473 ] ] ], [ [ [ 71.4605941, 51.1645077 ], [ 71.4604494, 51.164553 ], [ 71.46050631937635, 51.164642639793342 ], [ 71.460651019425796, 51.164597239795832 ], [ 71.4605941, 51.1645077 ] ] ], [ [ [ 71.4611035, 51.1644972 ], [ 71.4609266, 51.164567599999984 ], [ 71.460989319534761, 51.164647139801424 ], [ 71.461166119595774, 51.164576839804511 ], [ 71.4611035, 51.1644972 ] ] ], [ [ [ 71.461785, 51.1645803 ], [ 71.4616808, 51.164616 ], [ 71.461723819774377, 51.164683439813672 ], [ 71.461828019810113, 51.164647739815486 ], [ 71.461785, 51.1645803 ] ] ], [ [ [ 71.460749819453639, 51.164705439797324 ], [ 71.4606999, 51.1646245 ], [ 71.4605432, 51.1646736 ], [ 71.460540719385705, 51.16468873979386 ], [ 71.460593219400153, 51.164754539794615 ], [ 71.460749819453639, 51.164705439797324 ] ] ], [ [ [ 71.4612103, 51.16462820000001 ], [ 71.4610567, 51.1646667 ], [ 71.461107919568661, 51.164765939803239 ], [ 71.461261419620698, 51.164727439805844 ], [ 71.4612103, 51.16462820000001 ] ] ], [ [ [ 71.460365, 51.1648334 ], [ 71.460266, 51.1647575 ], [ 71.460224564082566, 51.164770166349747 ], [ 71.4601967, 51.164716499999983 ], [ 71.4601031, 51.1646537 ], [ 71.460019, 51.1646788 ], [ 71.4599539, 51.1647354 ], [ 71.460001719203433, 51.164813639784619 ], [ 71.460103271556378, 51.164807243565384 ], [ 71.460091119232274, 51.164825339786105 ], [ 71.460137619242403, 51.164946639786677 ], [ 71.460379719325132, 51.164870639790863 ], [ 71.460365, 51.1648334 ] ] ], [ [ [ 71.46135431964737, 51.164817939807271 ], [ 71.4613073, 51.164734 ], [ 71.4611462, 51.1647796 ], [ 71.461193219592545, 51.164863439804492 ], [ 71.46135431964737, 51.164817939807271 ] ] ], [ [ [ 71.4608108, 51.1647867 ], [ 71.4606547, 51.1648357 ], [ 71.460688219425336, 51.164895939795983 ], [ 71.460844319478682, 51.16484703979868 ], [ 71.4608108, 51.1647867 ] ] ], [ [ [ 71.460918519497966, 51.164966639799729 ], [ 71.4608856, 51.1649071 ], [ 71.4607251, 51.1649575 ], [ 71.460722619433412, 51.164972639796439 ], [ 71.460758019443148, 51.165016939796956 ], [ 71.460918519497966, 51.164966639799729 ] ] ], [ [ [ 71.461405, 51.1648941 ], [ 71.4612802, 51.1649347 ], [ 71.461341119634199, 51.165026439806716 ], [ 71.46146581967686, 51.164985839808864 ], [ 71.461405, 51.1648941 ] ] ], [ [ [ 71.460262919277937, 51.165079439788549 ], [ 71.46038121931926, 51.165020739790634 ], [ 71.4603246, 51.1649323 ], [ 71.4601593, 51.1649846 ], [ 71.46021571926282, 51.16507043978779 ], [ 71.460262919277937, 51.165079439788549 ] ] ], [ [ [ 71.460590696334592, 51.165147196137838 ], [ 71.460694719418058, 51.165118439795734 ], [ 71.4606972, 51.1651033 ], [ 71.4606123, 51.1649924 ], [ 71.4603451, 51.1650609 ], [ 71.460285819282092, 51.165159139788813 ], [ 71.460320919291732, 51.165203139789348 ], [ 71.460360802663345, 51.165194869224088 ], [ 71.460423919322096, 51.165284839790928 ], [ 71.460603019383086, 51.16523303979401 ], [ 71.4606178, 51.1651829 ], [ 71.460590696334592, 51.165147196137838 ] ] ], [ [ [ 71.461469800000017, 51.1650146 ], [ 71.4613545, 51.1650542 ], [ 71.461418619654594, 51.165145639807811 ], [ 71.461533919694133, 51.165106039809814 ], [ 71.461469800000017, 51.1650146 ] ] ], [ [ [ 71.4610125, 51.1651199 ], [ 71.4609133, 51.165151 ], [ 71.460971419503679, 51.165242039800162 ], [ 71.461070519537529, 51.165210939801867 ], [ 71.4610125, 51.1651199 ] ] ], [ [ [ 71.461618519716808, 51.165226039811017 ], [ 71.4615432, 51.1651283 ], [ 71.4614389, 51.1651669 ], [ 71.461514319680973, 51.16526473980921 ], [ 71.461618519716808, 51.165226039811017 ] ] ], [ [ [ 71.461873419798167, 51.165281639815213 ], [ 71.4617972, 51.1651679 ], [ 71.4616266, 51.165221399999986 ], [ 71.461574119699648, 51.165287239810183 ], [ 71.461630419715163, 51.165357739811014 ], [ 71.461873419798167, 51.165281639815213 ] ] ], [ [ [ 71.4604567, 51.1652911 ], [ 71.460500219341597, 51.165415739791982 ], [ 71.460706619413088, 51.165327839795594 ], [ 71.460691400000016, 51.1652888 ], [ 71.4606172, 51.16524350000001 ], [ 71.4604567, 51.1652911 ] ] ], [ [ [ 71.461246919589925, 51.165341239804611 ], [ 71.4611819, 51.1652415 ], [ 71.4610122, 51.1652948 ], [ 71.461077119531922, 51.165394539801682 ], [ 71.461246919589925, 51.165341239804611 ] ] ], [ [ [ 71.4612653, 51.165365799999989 ], [ 71.4611301, 51.1654082 ], [ 71.461185419563193, 51.16549583980332 ], [ 71.461320619609381, 51.16545343980566 ], [ 71.4612653, 51.165365799999989 ] ] ], [ [ [ 71.4617863, 51.1653692 ], [ 71.4616536, 51.165410799999989 ], [ 71.46169351973073, 51.165479039811871 ], [ 71.461826119776035, 51.165437439814156 ], [ 71.4617863, 51.1653692 ] ] ], [ [ [ 71.460848419449789, 51.165560739797598 ], [ 71.4607302, 51.1653842 ], [ 71.4605146, 51.1654718 ], [ 71.460512119342468, 51.165486939792068 ], [ 71.460596651131738, 51.165548709654175 ], [ 71.460584419362846, 51.165566839793151 ], [ 71.460629719375191, 51.165626839793809 ], [ 71.460848419449789, 51.165560739797598 ] ] ], [ [ [ 71.4601824, 51.165507399999981 ], [ 71.4599756, 51.165567899999985 ], [ 71.460014919172778, 51.165639239783502 ], [ 71.460221619243214, 51.165578839787059 ], [ 71.4601824, 51.165507399999981 ] ] ], [ [ [ 71.4618636, 51.1654819 ], [ 71.4617293, 51.1655294 ], [ 71.461772019751606, 51.165594739813002 ], [ 71.461906219797683, 51.165547139815317 ], [ 71.4618636, 51.1654819 ] ] ], [ [ [ 71.4613127, 51.165510399999988 ], [ 71.4611194, 51.165571 ], [ 71.461174419552691, 51.165658239802887 ], [ 71.461367719618735, 51.165597639806208 ], [ 71.4613127, 51.165510399999988 ] ] ], [ [ [ 71.460260600000012, 51.1656064 ], [ 71.460084, 51.1656568 ], [ 71.460151319212102, 51.16576813978557 ], [ 71.460327919272231, 51.165717739788619 ], [ 71.460260600000012, 51.1656064 ] ] ], [ [ [ 71.460973119484152, 51.165715939799433 ], [ 71.4609024, 51.165608399999989 ], [ 71.46082, 51.1656334 ], [ 71.4607371, 51.1656923 ], [ 71.460787619420785, 51.165773839796216 ], [ 71.460973119484152, 51.165715939799433 ] ] ], [ [ [ 71.461382619615776, 51.165782739806161 ], [ 71.461573819680908, 51.16572763980944 ], [ 71.4614824, 51.1655842 ], [ 71.4613026, 51.165654899999986 ], [ 71.461382619615776, 51.165782739806161 ] ] ], [ [ [ 71.461168, 51.1656794 ], [ 71.4610132, 51.1657231 ], [ 71.461066619510618, 51.165816239800819 ], [ 71.461221419563273, 51.165772539803477 ], [ 71.461168, 51.1656794 ] ] ], [ [ [ 71.460862119441074, 51.165872039797307 ], [ 71.461048419503399, 51.165845439800471 ], [ 71.4610223, 51.165782200000017 ], [ 71.4609478, 51.16575970000001 ], [ 71.4608239, 51.1657918 ], [ 71.460862119441074, 51.165872039797307 ] ] ], [ [ [ 71.461945919792242, 51.165983639815266 ], [ 71.4618717, 51.165868 ], [ 71.4611977, 51.1660682 ], [ 71.461195219541523, 51.166083339802533 ], [ 71.461272719562729, 51.166183539803662 ], [ 71.461945919792242, 51.165983639815266 ] ] ], [ [ [ 71.460945319450957, 51.16628383979802 ], [ 71.461106419496943, 51.166447339800463 ], [ 71.461333419574373, 51.166379139804384 ], [ 71.4611246, 51.1660897 ], [ 71.4608994, 51.1661583 ], [ 71.460945319450957, 51.16628383979802 ] ] ], [ [ [ 71.4606753, 51.1661744 ], [ 71.4603113, 51.1662822 ], [ 71.460383119261593, 51.166396039788431 ], [ 71.460747119385701, 51.166288139794702 ], [ 71.4606753, 51.1661744 ] ] ], [ [ [ 71.46160471966229, 51.166406839808865 ], [ 71.462087719827053, 51.166261239817203 ], [ 71.4619923, 51.16611120000001 ], [ 71.4614228, 51.1662759 ], [ 71.461481919623296, 51.166375339806862 ], [ 71.46160471966229, 51.166406839808865 ] ] ], [ [ [ 71.460374919244714, 51.166731439787739 ], [ 71.460714319362324, 51.166585539793665 ], [ 71.4606204, 51.166451499999987 ], [ 71.4602455, 51.1665537 ], [ 71.460374919244714, 51.166731439787739 ] ] ], [ [ [ 71.4606479, 51.1671046 ], [ 71.4605513, 51.167141 ], [ 71.460586019294425, 51.167194239790518 ], [ 71.460681819327448, 51.167157239792189 ], [ 71.4606479, 51.1671046 ] ] ], [ [ [ 71.461657762895612, 51.168022426868205 ], [ 71.4612728, 51.1675363 ], [ 71.46125158626981, 51.167542904927338 ], [ 71.4613338, 51.167130899999989 ], [ 71.4612519, 51.1670274 ], [ 71.4607834, 51.1671732 ], [ 71.460770996778763, 51.167248898968325 ], [ 71.461074997196818, 51.167631498990659 ], [ 71.461109307885309, 51.167620751603494 ], [ 71.461102697236043, 51.167661098992738 ], [ 71.461489597767809, 51.168149599021156 ], [ 71.461722019630031, 51.16807753980811 ], [ 71.4616832, 51.168014 ], [ 71.461657762895612, 51.168022426868205 ] ] ], [ [ [ 71.46071, 51.1673242 ], [ 71.460593, 51.1673665 ], [ 71.460639519301779, 51.16743563979103 ], [ 71.460757719342411, 51.167391839793076 ], [ 71.46071, 51.1673242 ] ] ], [ [ [ 71.4618747, 51.1676893 ], [ 71.4618323, 51.167701 ], [ 71.461857519688195, 51.167754939810884 ], [ 71.461898619702154, 51.1677438398116 ], [ 71.4618747, 51.1676893 ] ] ], [ [ [ 71.461987419722661, 51.167948139812758 ], [ 71.4619449, 51.1678759 ], [ 71.4618227, 51.1679137 ], [ 71.461867019681506, 51.167986439810683 ], [ 71.461987419722661, 51.167948139812758 ] ] ], [ [ [ 71.4605176, 51.167891 ], [ 71.4603456, 51.1679445 ], [ 71.460343119182212, 51.167959639785209 ], [ 71.460734719289874, 51.16845413979096 ], [ 71.460906719348628, 51.168400539793907 ], [ 71.4609092, 51.1683854 ], [ 71.4605176, 51.167891 ] ] ], [ [ [ 71.460971119363762, 51.168541839794784 ], [ 71.4609307, 51.1684729 ], [ 71.4607269, 51.168536799999984 ], [ 71.460724419282329, 51.168551939790625 ], [ 71.460767319294263, 51.168602439791265 ], [ 71.460971119363762, 51.168541839794784 ] ] ], [ [ [ 71.461828419616509, 51.169221339808018 ], [ 71.4616783, 51.169014199999985 ], [ 71.46151938222043, 51.169063836399381 ], [ 71.4612412, 51.1686262 ], [ 71.4610348, 51.1686924 ], [ 71.461024755468614, 51.168753703956625 ], [ 71.4609932, 51.1686925 ], [ 71.4608185, 51.168728 ], [ 71.460925219331187, 51.168954939793323 ], [ 71.461099919390065, 51.168919439796326 ], [ 71.461048981721405, 51.168800692285274 ], [ 71.461315547440407, 51.169127501711721 ], [ 71.4610639, 51.1692061 ], [ 71.461214019406626, 51.169413239797407 ], [ 71.461828419616509, 51.169221339808018 ] ] ], [ [ [ 71.461412, 51.1695003 ], [ 71.4612216, 51.1695543 ], [ 71.46129711942271, 51.169677439798377 ], [ 71.461487419487511, 51.16962333980166 ], [ 71.461412, 51.1695003 ] ] ], [ [ [ 71.4610241, 51.1695814 ], [ 71.4607655, 51.1696669 ], [ 71.460867019276037, 51.169805739790974 ], [ 71.46112561936458, 51.169720139795444 ], [ 71.4610241, 51.1695814 ] ] ], [ [ [ 71.4617496, 51.1693899 ], [ 71.4614528, 51.1694847 ], [ 71.461450319480548, 51.169499839801226 ], [ 71.461859719593619, 51.170004239807284 ], [ 71.4621565196951, 51.169909539812394 ], [ 71.462159, 51.1698944 ], [ 71.4617496, 51.1693899 ] ] ], [ [ [ 71.461304219411943, 51.169986239797993 ], [ 71.461455619465212, 51.169903039800673 ], [ 71.461558919492944, 51.170048739802155 ], [ 71.461719519547458, 51.170006839804913 ], [ 71.461722, 51.1699917 ], [ 71.461539, 51.169825499999988 ], [ 71.4614322, 51.1697585 ], [ 71.4611999, 51.1699041 ], [ 71.461197419379715, 51.169919239796322 ], [ 71.461304219411943, 51.169986239797993 ] ] ], [ [ [ 71.4605823, 51.169849399999983 ], [ 71.460293619076822, 51.170062839780947 ], [ 71.460821619237535, 51.1703623397893 ], [ 71.4611103, 51.1701489 ], [ 71.4605823, 51.169849399999983 ] ] ], [ [ [ 71.462275119721923, 51.170195539813911 ], [ 71.4621734, 51.170034 ], [ 71.4619614, 51.1700933 ], [ 71.462063119649812, 51.170254839810276 ], [ 71.462275119721923, 51.170195539813911 ] ] ], [ [ [ 71.4601664, 51.1708284 ], [ 71.460364619054843, 51.171132139780404 ], [ 71.460722019176345, 51.171034439786538 ], [ 71.460664775771505, 51.170933479286646 ], [ 71.460885519236868, 51.170873139789549 ], [ 71.460888, 51.170858 ], [ 71.4607555, 51.1706674 ], [ 71.4601664, 51.1708284 ] ] ], [ [ [ 71.461910019564556, 51.171080239806358 ], [ 71.4615404, 51.1705434 ], [ 71.4609382, 51.1707122 ], [ 71.460862519225813, 51.170956139789013 ], [ 71.461110919292622, 51.171304339792606 ], [ 71.461910019564556, 51.171080239806358 ] ] ], [ [ [ 71.4607645, 51.1710277 ], [ 71.4604589, 51.1711286 ], [ 71.460456419084494, 51.171143739781911 ], [ 71.460718619157376, 51.171455639785805 ], [ 71.461024119261964, 51.171354739791084 ], [ 71.4610266, 51.1713396 ], [ 71.4607645, 51.1710277 ] ] ], [ [ [ 71.462513319736033, 51.171709639815447 ], [ 71.462101, 51.1711241 ], [ 71.4612024, 51.171381 ], [ 71.461634219435297, 51.171993239800258 ], [ 71.461945419541266, 51.171904339805614 ], [ 71.462513319736033, 51.171709639815447 ] ] ], [ [ [ 71.460754219163761, 51.171580839786181 ], [ 71.461328219319256, 51.172359939794532 ], [ 71.461646919427835, 51.172267639800019 ], [ 71.4610754, 51.1714734 ], [ 71.4607567, 51.171565699999988 ], [ 71.460754219163761, 51.171580839786181 ] ] ], [ [ [ 71.4617129, 51.172373 ], [ 71.460885, 51.1726023 ], [ 71.460968081811558, 51.17273900967713 ], [ 71.460940719174999, 51.172761039787403 ], [ 71.461144319229604, 51.173050039790319 ], [ 71.461339319295945, 51.172996039793688 ], [ 71.4613418, 51.1729809 ], [ 71.461146743727284, 51.172704027475042 ], [ 71.46180461946885, 51.172521839802258 ], [ 71.4617129, 51.172373 ] ] ], [ [ [ 71.4616893, 51.1729855 ], [ 71.461296, 51.1730925 ], [ 71.461341519289007, 51.173177039793416 ], [ 71.461734819422702, 51.173070039800173 ], [ 71.4616893, 51.1729855 ] ] ], [ [ [ 71.461262, 51.17311620000001 ], [ 71.4611694, 51.1731414 ], [ 71.461195119240003, 51.173198639790932 ], [ 71.461287619271459, 51.173173339792541 ], [ 71.461262, 51.17311620000001 ] ] ], [ [ [ 71.4612367, 51.173668699999986 ], [ 71.460904, 51.1737611 ], [ 71.460989419142678, 51.173900639786346 ], [ 71.461322119255868, 51.173808339792053 ], [ 71.4612367, 51.173668699999986 ] ] ], [ [ [ 71.460943819128161, 51.173889839785602 ], [ 71.4608243, 51.1737152 ], [ 71.4603951, 51.1738441 ], [ 71.460392618948433, 51.173859239776412 ], [ 71.460514618981733, 51.174018839778206 ], [ 71.460943819128161, 51.173889839785602 ] ] ], [ [ [ 71.461169519174433, 51.174547339788298 ], [ 71.461225419189915, 51.174614939789144 ], [ 71.461476319271469, 51.174635039793301 ], [ 71.461722019355577, 51.174554939797545 ], [ 71.4617245, 51.1745398 ], [ 71.4614465, 51.1740718 ], [ 71.461278900000011, 51.1738696 ], [ 71.4609643, 51.1739721 ], [ 71.460961819129935, 51.173987239785738 ], [ 71.461169519174433, 51.174547339788298 ] ] ], [ [ [ 71.4605043, 51.1744651 ], [ 71.4601896, 51.1745651 ], [ 71.460187118850371, 51.174580239771799 ], [ 71.460654418979345, 51.175158239778675 ], [ 71.46096911908694, 51.175058239784114 ], [ 71.4609716, 51.1750431 ], [ 71.4605043, 51.1744651 ] ] ], [ [ [ 71.462281519514207, 51.175147739805936 ], [ 71.4617991, 51.1745336 ], [ 71.4615329, 51.1746183 ], [ 71.462015319423188, 51.175232439801356 ], [ 71.462281519514207, 51.175147739805936 ] ] ], [ [ [ 71.4616599, 51.175226199999983 ], [ 71.4615066, 51.175275 ], [ 71.461504119252851, 51.175290139792693 ], [ 71.461666619297716, 51.175490739795094 ], [ 71.461819919350148, 51.175441939797736 ], [ 71.4618224, 51.1754268 ], [ 71.4616599, 51.175226199999983 ] ] ], [ [ [ 71.4610224, 51.1752294 ], [ 71.4600065, 51.1755606 ], [ 71.460242918814274, 51.175863739770648 ], [ 71.461258819161998, 51.1755325397882 ], [ 71.4610224, 51.1752294 ] ] ], [ [ [ 71.460933619045733, 51.175755539782394 ], [ 71.4608851, 51.1756815 ], [ 71.4608006, 51.175706699999985 ], [ 71.460846419016065, 51.175779839780887 ], [ 71.460933619045733, 51.175755539782394 ] ] ], [ [ [ 71.4618742, 51.1756489 ], [ 71.4615838, 51.1757384 ], [ 71.461672819283663, 51.175870139794576 ], [ 71.46196311938283, 51.175780539799597 ], [ 71.4618742, 51.1756489 ] ] ], [ [ [ 71.4614121, 51.1757899 ], [ 71.4613129, 51.1758168 ], [ 71.461358719178847, 51.175909339789257 ], [ 71.461463319214189, 51.175885839791043 ], [ 71.4614121, 51.1757899 ] ] ], [ [ [ 71.462809419644017, 51.176177039813112 ], [ 71.4627822, 51.1760268 ], [ 71.4623719, 51.1755099 ], [ 71.4619563, 51.1756395 ], [ 71.462456019523245, 51.176287339807025 ], [ 71.462809419644017, 51.176177039813112 ] ] ], [ [ [ 71.4610836, 51.175906 ], [ 71.4609414, 51.1759464 ], [ 71.460976519048955, 51.176011939782697 ], [ 71.461116019096551, 51.175969939785091 ], [ 71.4610836, 51.175906 ] ] ], [ [ [ 71.462252919438825, 51.176705539802938 ], [ 71.462392719486758, 51.176657839805344 ], [ 71.4623952, 51.176642699999988 ], [ 71.4620116, 51.1762005 ], [ 71.461960968918461, 51.176217764164626 ], [ 71.4617714, 51.1759992 ], [ 71.4615398, 51.1760782 ], [ 71.461726919282711, 51.176311939794751 ], [ 71.461812962850985, 51.176282589968892 ], [ 71.462071519384537, 51.176580539800099 ], [ 71.462127819403833, 51.176561339801069 ], [ 71.462252919438825, 51.176705539802938 ] ] ], [ [ [ 71.461999619356078, 51.176694739798712 ], [ 71.461513, 51.1760842 ], [ 71.461193, 51.176187499999983 ], [ 71.461336419151564, 51.176380239788116 ], [ 71.461458732300841, 51.176340755746935 ], [ 71.461801919288433, 51.176758539795301 ], [ 71.461999619356078, 51.176694739798712 ] ] ], [ [ [ 71.461230019113472, 51.176454139786202 ], [ 71.4611305, 51.1763247 ], [ 71.4610125, 51.1763617 ], [ 71.461106619071515, 51.176487839784087 ], [ 71.461230019113472, 51.176454139786202 ] ] ], [ [ [ 71.460896018999833, 51.176546639780476 ], [ 71.4609039, 51.1763533 ], [ 71.4608234, 51.1762759 ], [ 71.460582, 51.17636670000001 ], [ 71.460579518902875, 51.176381839775445 ], [ 71.460783418960858, 51.176593739778504 ], [ 71.460896018999833, 51.176546639780476 ] ] ], [ [ [ 71.4612763, 51.17645 ], [ 71.4611369, 51.1764989 ], [ 71.461134419079528, 51.176514039784507 ], [ 71.461522319188532, 51.176948639790282 ], [ 71.461661719236403, 51.176899739792731 ], [ 71.4616642, 51.1768846 ], [ 71.4612763, 51.17645 ] ] ], [ [ [ 71.462237119384454, 51.177865839800774 ], [ 71.4613172, 51.1768657 ], [ 71.461042, 51.176966899999989 ], [ 71.461962019289771, 51.177967039796002 ], [ 71.462237119384454, 51.177865839800774 ] ] ], [ [ [ 71.462602004791435, 51.143585999314453 ], [ 71.46280730511603, 51.143643599331149 ], [ 71.463268406009036, 51.142997399374977 ], [ 71.463280379222311, 51.142924270007839 ], [ 71.463301942423584, 51.142969979751001 ], [ 71.464028642885509, 51.143146379774741 ], [ 71.4641737, 51.1429264 ], [ 71.4636374, 51.1425993 ], [ 71.4634828, 51.1425543 ], [ 71.4631948, 51.1426392 ], [ 71.463171742361496, 51.142693979747555 ], [ 71.463278917352937, 51.142921171128911 ], [ 71.4631199, 51.1428765 ], [ 71.4628898, 51.1429923 ], [ 71.4627041, 51.1432526 ], [ 71.462602004791435, 51.143585999314453 ] ] ], [ [ [ 71.4625537, 51.1436137 ], [ 71.4623000208408, 51.143952639857112 ], [ 71.462521820910695, 51.14402033986071 ], [ 71.4627755, 51.1436814 ], [ 71.4625537, 51.1436137 ] ] ], [ [ [ 71.46232122083579, 51.144235739857002 ], [ 71.4624329, 51.1440631 ], [ 71.4621988, 51.14399920000001 ], [ 71.462060320751235, 51.14421083985269 ], [ 71.462216420800644, 51.144253339855226 ], [ 71.46232122083579, 51.144235739857002 ] ] ], [ [ [ 71.4625996, 51.144177699999986 ], [ 71.462586504491426, 51.144884699302565 ], [ 71.462782104812007, 51.144886199318918 ], [ 71.462826, 51.144177 ], [ 71.4625996, 51.144177699999986 ] ] ], [ [ [ 71.462021303389122, 51.145712599248533 ], [ 71.462044656120128, 51.144977460008732 ], [ 71.462248703917325, 51.144978999273548 ], [ 71.462273, 51.1443042 ], [ 71.4620609, 51.1443026 ], [ 71.462036775426697, 51.144968747315694 ], [ 71.4618925, 51.144967800000011 ], [ 71.461869003139469, 51.14571159923581 ], [ 71.462021303389122, 51.145712599248533 ] ] ], [ [ [ 71.461526520546002, 51.14492233984258 ], [ 71.46179692063501, 51.144915539847112 ], [ 71.461776, 51.1445362 ], [ 71.4617267, 51.1445375 ], [ 71.4615221, 51.1447993 ], [ 71.461526520546002, 51.14492233984258 ] ] ], [ [ [ 71.461314520459482, 51.145323139838375 ], [ 71.461590920550179, 51.145323139843015 ], [ 71.4615979, 51.1450826 ], [ 71.4614069, 51.1450825 ], [ 71.4613403, 51.1451852 ], [ 71.461314520459482, 51.145323139838375 ] ] ], [ [ [ 71.4626957, 51.1449572 ], [ 71.4625167, 51.1449567 ], [ 71.462500056058389, 51.145665935675964 ], [ 71.4624402, 51.1456659 ], [ 71.462437420805571, 51.145852039856308 ], [ 71.463451121138149, 51.145852639873269 ], [ 71.4634538, 51.1456665 ], [ 71.463385797598932, 51.145666460021097 ], [ 71.4633963, 51.1449702 ], [ 71.4632141, 51.1449697 ], [ 71.463197469007326, 51.145666349095379 ], [ 71.462684919266607, 51.145666045666367 ], [ 71.4626957, 51.1449572 ] ] ], [ [ [ 71.461482820500564, 51.145657439840654 ], [ 71.461572020536735, 51.145494339842408 ], [ 71.4615708, 51.1453766 ], [ 71.4613498, 51.1453797 ], [ 71.4612433, 51.145422600000011 ], [ 71.461248920423671, 51.145660739836735 ], [ 71.461482820500564, 51.145657439840654 ] ] ], [ [ [ 71.4610802, 51.1457714 ], [ 71.4609603, 51.1457728 ], [ 71.460963120317018, 51.145964939831465 ], [ 71.461083120356477, 51.145963539833474 ], [ 71.4610802, 51.1457714 ] ] ], [ [ [ 71.4629186, 51.146277199999986 ], [ 71.462917120943231, 51.146318639863573 ], [ 71.462958320956773, 51.146318039864276 ], [ 71.4629598, 51.1462766 ], [ 71.4629186, 51.146277199999986 ] ] ], [ [ [ 71.463046700000021, 51.1463521 ], [ 71.463045004856482, 51.146715899326011 ], [ 71.463257205205295, 51.146712799343774 ], [ 71.46325986253332, 51.14637491665048 ], [ 71.463294721064727, 51.146375339869799 ], [ 71.4632986, 51.1463173 ], [ 71.4632079, 51.1463162 ], [ 71.463204861957593, 51.146349789470754 ], [ 71.463046700000021, 51.1463521 ] ] ], [ [ [ 71.4609197, 51.1465471 ], [ 71.460909601349186, 51.146734199147176 ], [ 71.46271010430624, 51.146719599297974 ], [ 71.4627201, 51.1465324 ], [ 71.4609197, 51.1465471 ] ] ], [ [ [ 71.461265, 51.1470257 ], [ 71.461254401813008, 51.147215799172109 ], [ 71.462463003797453, 51.14720849927329 ], [ 71.4624736, 51.1470185 ], [ 71.461265, 51.1470257 ] ] ], [ [ [ 71.4630054, 51.1470285 ], [ 71.463002604564352, 51.147768499313877 ], [ 71.463163604828708, 51.147767599327352 ], [ 71.4631664, 51.14702770000001 ], [ 71.4630054, 51.1470285 ] ] ], [ [ [ 71.4619391, 51.1475708 ], [ 71.461939620555071, 51.14791233984463 ], [ 71.462083020593795, 51.148109139846703 ], [ 71.462486720726289, 51.148108739853463 ], [ 71.4624889, 51.1477875 ], [ 71.462307, 51.1475704 ], [ 71.4619391, 51.1475708 ] ] ], [ [ [ 71.4614423, 51.1475682 ], [ 71.4612736, 51.1475688 ], [ 71.461268901573249, 51.148461599163177 ], [ 71.461437601850164, 51.148460999177303 ], [ 71.4614423, 51.1475682 ] ] ], [ [ [ 71.4621598616433, 51.14982791953576 ], [ 71.4622375, 51.1493367 ], [ 71.462191870848656, 51.149146932844026 ], [ 71.462653218854328, 51.149153796383338 ], [ 71.4627152, 51.1487753 ], [ 71.4627126, 51.14856480000001 ], [ 71.4619841, 51.1484866 ], [ 71.4616067, 51.1484906 ], [ 71.461544710061432, 51.148869095931204 ], [ 71.461549909897414, 51.149064495925415 ], [ 71.461628773452603, 51.149074623334542 ], [ 71.4607892, 51.149088399999989 ], [ 71.460773860276802, 51.149843519466067 ], [ 71.4621598616433, 51.14982791953576 ] ] ], [ [ [ 71.463304620949728, 51.149171539865421 ], [ 71.4632803, 51.1490773 ], [ 71.4629396, 51.149076 ], [ 71.462935829993668, 51.14921570524173 ], [ 71.462851320791742, 51.149390239857475 ], [ 71.463124920884297, 51.149324639862158 ], [ 71.463285920941829, 51.14921353986503 ], [ 71.463304620949728, 51.149171539865421 ] ] ], [ [ [ 71.4632549, 51.1500447 ], [ 71.463243904321857, 51.150787699309454 ], [ 71.4634327046317, 51.150787499325261 ], [ 71.463443700000013, 51.1500445 ], [ 71.4632549, 51.1500447 ] ] ], [ [ [ 71.4627541, 51.1505787 ], [ 71.4626634, 51.1506471 ], [ 71.46264046199704, 51.150768719555273 ], [ 71.462999862351481, 51.150764119573331 ], [ 71.4630072, 51.1505838 ], [ 71.4628887, 51.1505562 ], [ 71.4627541, 51.1505787 ] ] ], [ [ [ 71.4618911, 51.1508879 ], [ 71.461869720404479, 51.150929739838531 ], [ 71.461913720418409, 51.150942039839236 ], [ 71.4619352, 51.1509003 ], [ 71.4618911, 51.1508879 ] ] ], [ [ [ 71.461383400000017, 51.1507999 ], [ 71.4612656, 51.1509653 ], [ 71.461253201001767, 51.151040999140839 ], [ 71.461583301523845, 51.151133499167692 ], [ 71.461701101752141, 51.150968099178911 ], [ 71.4617135, 51.1508924 ], [ 71.461383400000017, 51.1507999 ] ] ], [ [ [ 71.4625289, 51.1508471 ], [ 71.462517703078646, 51.151031599246707 ], [ 71.463581304824572, 51.151028499335716 ], [ 71.4635931, 51.1508444 ], [ 71.4625289, 51.1508471 ] ] ], [ [ [ 71.4622711, 51.1510671 ], [ 71.462189, 51.1511843 ], [ 71.462181561486744, 51.151229719529979 ], [ 71.462578861877503, 51.151232819549918 ], [ 71.4625894, 51.1510696 ], [ 71.4622711, 51.1510671 ] ] ], [ [ [ 71.4625953, 51.1512856 ], [ 71.462582903090293, 51.151482399248493 ], [ 71.463597704755557, 51.1514820993334 ], [ 71.4636101, 51.1512854 ], [ 71.4625953, 51.1512856 ] ] ], [ [ [ 71.462316102521413, 51.152102099221125 ], [ 71.4623345, 51.1514041 ], [ 71.4619182, 51.1514059 ], [ 71.461915720372502, 51.152042439837487 ], [ 71.462087046476441, 51.152040069536667 ], [ 71.462086502144984, 51.152100499201929 ], [ 71.462316102521413, 51.152102099221125 ] ] ], [ [ [ 71.4614129, 51.1516893 ], [ 71.4613455, 51.1516687 ], [ 71.46122672015521, 51.151833739826309 ], [ 71.461294120176447, 51.151854339827388 ], [ 71.4614129, 51.1516893 ] ] ], [ [ [ 71.4611697, 51.1519973 ], [ 71.461149820121349, 51.152037239824672 ], [ 71.461190720134297, 51.152048539825351 ], [ 71.4612107, 51.1520086 ], [ 71.4611697, 51.1519973 ] ] ], [ [ [ 71.4615097, 51.1520603 ], [ 71.4614688, 51.152049 ], [ 71.461421420206477, 51.152132239829058 ], [ 71.461462320219411, 51.152143539829737 ], [ 71.4615097, 51.1520603 ] ] ], [ [ [ 71.4619565, 51.152349 ], [ 71.4617652, 51.152255 ], [ 71.4615507, 51.152194299999984 ], [ 71.461464820212541, 51.15232543982949 ], [ 71.461894320348364, 51.152447039836474 ], [ 71.4619565, 51.152349 ] ] ], [ [ [ 71.4636293, 51.1527309 ], [ 71.46238240000001, 51.1523777 ], [ 71.4623044, 51.152486 ], [ 71.462292002384629, 51.152561699215369 ], [ 71.463538904356085, 51.152914899316805 ], [ 71.463616904506992, 51.152806599324222 ], [ 71.4636293, 51.1527309 ] ] ], [ [ [ 71.4622146, 51.153414599999984 ], [ 71.4618124, 51.1535031 ], [ 71.4616396, 51.1534485 ], [ 71.4614363, 51.1535026 ], [ 71.4613746, 51.1535529 ], [ 71.461396820130602, 51.153734239826065 ], [ 71.46164942021089, 51.153796039830176 ], [ 71.46169792023035, 51.153712339831131 ], [ 71.461692960686676, 51.153742619493173 ], [ 71.462042161001378, 51.153972219509583 ], [ 71.462583161528997, 51.154012019536545 ], [ 71.46268986165208, 51.15387011954261 ], [ 71.4626973, 51.1538247 ], [ 71.4622146, 51.153414599999984 ] ] ], [ [ [ 71.4629444, 51.1540805 ], [ 71.462545720468739, 51.154654439843775 ], [ 71.463634720813317, 51.1549582398615 ], [ 71.4640335, 51.1543843 ], [ 71.4629444, 51.1540805 ] ] ], [ [ [ 71.4634289, 51.1554457 ], [ 71.4633461, 51.15556930000001 ], [ 71.463343620691276, 51.155584439855623 ], [ 71.463384920704385, 51.155595339856291 ], [ 71.463467820736824, 51.155471739857866 ], [ 71.4634703, 51.155456599999987 ], [ 71.4634289, 51.1554457 ] ] ], [ [ [ 71.4616383, 51.1569607 ], [ 71.461585420053012, 51.157029839823828 ], [ 71.461703320089882, 51.157073139825734 ], [ 71.4617562, 51.1570041 ], [ 71.4616383, 51.1569607 ] ] ], [ [ [ 71.4619333, 51.156943199999986 ], [ 71.461880220150618, 51.157010039828805 ], [ 71.462259320268885, 51.15715553983491 ], [ 71.4623122, 51.157088699999989 ], [ 71.4619333, 51.156943199999986 ] ] ], [ [ [ 71.461966320964876, 51.157522638977412 ], [ 71.4619759, 51.1573489 ], [ 71.4616729, 51.1572352 ], [ 71.4615401, 51.1572184 ], [ 71.4614196, 51.1572847 ], [ 71.461379119821714, 51.157470138918953 ], [ 71.461498020033019, 51.157560138930002 ], [ 71.461604720233325, 51.157598938940346 ], [ 71.461776420560625, 51.157641738957167 ], [ 71.461882020775235, 51.157615638968032 ], [ 71.461966320964876, 51.157522638977412 ] ] ], [ [ [ 71.46198132008864, 51.159257839826829 ], [ 71.462210620161159, 51.159323039830561 ], [ 71.4624907, 51.1589475 ], [ 71.4621905, 51.1588311 ], [ 71.4619325, 51.1587885 ], [ 71.461869720067597, 51.158889739825561 ], [ 71.46198132008864, 51.159257839826829 ] ] ], [ [ [ 71.462606101318556, 51.16003619918073 ], [ 71.463525502827764, 51.160035899257664 ], [ 71.46352798226512, 51.160020759406258 ], [ 71.463524782234686, 51.160175659405041 ], [ 71.463785982577221, 51.16017835942251 ], [ 71.463835100000011, 51.1598317 ], [ 71.4626221, 51.159825399999988 ], [ 71.462606101318556, 51.16003619918073 ] ] ], [ [ [ 71.4630611, 51.1602169 ], [ 71.463057920397617, 51.160308139843139 ], [ 71.463133020422191, 51.160310239844385 ], [ 71.463135500000021, 51.1602177 ], [ 71.4630611, 51.1602169 ] ] ], [ [ [ 71.462348300780889, 51.160577299154745 ], [ 71.4623607, 51.1605016 ], [ 71.462195, 51.160216299999981 ], [ 71.4620153, 51.1600685 ], [ 71.461834300000021, 51.1601251 ], [ 71.461821899996522, 51.16020079911376 ], [ 71.46216690047109, 51.160634099139109 ], [ 71.462348300780889, 51.160577299154745 ] ] ], [ [ [ 71.4633174, 51.1602289 ], [ 71.463305981808944, 51.16099335938506 ], [ 71.46376608241394, 51.160988659415892 ], [ 71.464212683017706, 51.160886459446424 ], [ 71.464218, 51.160333 ], [ 71.4637006, 51.1602242 ], [ 71.4633174, 51.1602289 ] ] ], [ [ [ 71.461887819994388, 51.160759039822821 ], [ 71.4618178, 51.1606039 ], [ 71.46177560000001, 51.1605925 ], [ 71.4616534, 51.1606294 ], [ 71.46176931995393, 51.160795939820765 ], [ 71.461887819994388, 51.160759039822821 ] ] ], [ [ [ 71.462114020060355, 51.16095493982629 ], [ 71.46206, 51.1608632 ], [ 71.4619823, 51.1608073 ], [ 71.4619249, 51.1608045 ], [ 71.46180050000001, 51.1608409 ], [ 71.461915719992845, 51.161012139822866 ], [ 71.462114020060355, 51.16095493982629 ] ] ], [ [ [ 71.4625039, 51.1606311 ], [ 71.4623232, 51.160688299999983 ], [ 71.462310800679802, 51.160763999150085 ], [ 71.462657601157773, 51.161195299175589 ], [ 71.462838301466476, 51.161138199191178 ], [ 71.4628507, 51.1610625 ], [ 71.4625039, 51.1606311 ] ] ], [ [ [ 71.4623826, 51.161028 ], [ 71.4622583, 51.1610698 ], [ 71.462331920122637, 51.161173739829572 ], [ 71.462456220165222, 51.161131939831733 ], [ 71.4623826, 51.161028 ] ] ], [ [ [ 71.4620729, 51.1610429 ], [ 71.4619401, 51.1610832 ], [ 71.461937619996391, 51.161098339823077 ], [ 71.462044820025511, 51.161241139824654 ], [ 71.462178320071061, 51.161200939826962 ], [ 71.4621808, 51.1611858 ], [ 71.4620729, 51.1610429 ] ] ], [ [ [ 71.4630892, 51.1612404 ], [ 71.46285, 51.161310199999988 ], [ 71.462906620301524, 51.161405039838812 ], [ 71.463145820383019, 51.161335239842927 ], [ 71.4630892, 51.1612404 ] ] ], [ [ [ 71.461885019967255, 51.161378339821752 ], [ 71.46182180000001, 51.1612825 ], [ 71.4616512, 51.1613372 ], [ 71.461714419908944, 51.161432939818816 ], [ 71.461885019967255, 51.161378339821752 ] ] ], [ [ [ 71.4623311, 51.1613061 ], [ 71.4621884, 51.1613549 ], [ 71.46225042008443, 51.161444239827759 ], [ 71.462393220133364, 51.161395439830244 ], [ 71.4623311, 51.1613061 ] ] ], [ [ [ 71.4618941, 51.161422099999989 ], [ 71.4617699, 51.1614593 ], [ 71.461807619935541, 51.16152713982023 ], [ 71.461931819977892, 51.161489939822374 ], [ 71.4618941, 51.161422099999989 ] ] ], [ [ [ 71.463226620404072, 51.161464539844076 ], [ 71.4631778, 51.1613945 ], [ 71.4630096, 51.161456 ], [ 71.463007120331724, 51.16147113984038 ], [ 71.463059220346523, 51.161525539841165 ], [ 71.463226620404072, 51.161464539844076 ] ] ], [ [ [ 71.4623931, 51.1614261 ], [ 71.4622754, 51.161463 ], [ 71.462358920114127, 51.161584139829365 ], [ 71.462475920154162, 51.161545839831369 ], [ 71.4623931, 51.1614261 ] ] ], [ [ [ 71.4620072, 51.1615535 ], [ 71.4618867, 51.1615988 ], [ 71.461937419972145, 51.161669539822164 ], [ 71.462057920013621, 51.161624139824241 ], [ 71.4620072, 51.1615535 ] ] ], [ [ [ 71.46263232019912, 51.161696739833751 ], [ 71.4625466, 51.161576599999989 ], [ 71.4623905, 51.1616272 ], [ 71.462472420144479, 51.161747339830988 ], [ 71.46263232019912, 51.161696739833751 ] ] ], [ [ [ 71.4633494, 51.1616385 ], [ 71.4630919, 51.1617231 ], [ 71.463179520372449, 51.161846039842658 ], [ 71.463437020460589, 51.161761339847111 ], [ 71.4633494, 51.1616385 ] ] ], [ [ [ 71.4621704, 51.1616814 ], [ 71.4619535, 51.16175 ], [ 71.462039619996972, 51.161875339823531 ], [ 71.462256620071116, 51.16180673982727 ], [ 71.4621704, 51.1616814 ] ] ], [ [ [ 71.4634836, 51.1617779 ], [ 71.4633154, 51.1618394 ], [ 71.463365020430686, 51.161908939845659 ], [ 71.463532420488221, 51.161847939848549 ], [ 71.4634836, 51.1617779 ] ] ], [ [ [ 71.4628777, 51.1618078 ], [ 71.4627491, 51.1618466 ], [ 71.46280842024666, 51.161939339836294 ], [ 71.462935120289899, 51.16190073983848 ], [ 71.4628777, 51.1618078 ] ] ], [ [ [ 71.462712120213325, 51.161979839834636 ], [ 71.4626404, 51.1618647 ], [ 71.4624927, 51.1619095 ], [ 71.462601720173112, 51.16207383983263 ], [ 71.462684920201468, 51.162049439834064 ], [ 71.462712120213325, 51.161979839834636 ] ] ], [ [ [ 71.4635851, 51.161898 ], [ 71.4634169, 51.1619595 ], [ 71.463466520458937, 51.162029039847162 ], [ 71.463633920516457, 51.161968039850059 ], [ 71.4635851, 51.161898 ] ] ], [ [ [ 71.462542820151526, 51.162126939831552 ], [ 71.4623832, 51.1619198 ], [ 71.4621959, 51.161981 ], [ 71.462355620087422, 51.162189539828312 ], [ 71.462542820151526, 51.162126939831552 ] ] ], [ [ [ 71.461914419939987, 51.162250639820826 ], [ 71.462198720038259, 51.162133539825788 ], [ 71.4621337, 51.1620326 ], [ 71.4618068, 51.1620997 ], [ 71.461914419939987, 51.162250639820826 ] ] ], [ [ [ 71.4637141, 51.1620742 ], [ 71.4635633, 51.1621196 ], [ 71.463600020496216, 51.162183439849144 ], [ 71.463750920547582, 51.16214043985174 ], [ 71.4637141, 51.1620742 ] ] ], [ [ [ 71.461713019869364, 51.162356439817273 ], [ 71.46190311993422, 51.162298939820552 ], [ 71.4617758, 51.1621138 ], [ 71.4616593, 51.1621476 ], [ 71.461664719856131, 51.162294439816584 ], [ 71.461713019869364, 51.162356439817273 ] ] ], [ [ [ 71.461513198977059, 51.162622599068186 ], [ 71.461713099253075, 51.162868799082908 ], [ 71.462697737161335, 51.162482251718089 ], [ 71.462719520193346, 51.162509439833904 ], [ 71.462891220251976, 51.162456039836847 ], [ 71.4628937, 51.1624409 ], [ 71.462832, 51.1623749 ], [ 71.462799613226878, 51.162385293093351 ], [ 71.462697, 51.1622399 ], [ 71.4615256, 51.1625469 ], [ 71.461513198977059, 51.162622599068186 ] ] ], [ [ [ 71.4637664, 51.1622561 ], [ 71.4629036, 51.162534500000014 ], [ 71.462891201241774, 51.162610199183625 ], [ 71.462986901374165, 51.162726899190687 ], [ 71.46384970284943, 51.162448499265132 ], [ 71.4638621, 51.1623728 ], [ 71.4637664, 51.1622561 ] ] ], [ [ [ 71.4624641, 51.1626144 ], [ 71.4624068, 51.1626327 ], [ 71.462395446694345, 51.162754496152424 ], [ 71.4623078, 51.1627822 ], [ 71.462329520051853, 51.162827339826833 ], [ 71.462418320082193, 51.162799239828374 ], [ 71.462436520087238, 51.162821339828646 ], [ 71.462773020202263, 51.162713639834443 ], [ 71.4627169, 51.1626265 ], [ 71.4624641, 51.1626144 ] ] ], [ [ [ 71.463683132058762, 51.16281633745087 ], [ 71.4636397, 51.1627341 ], [ 71.4634627, 51.162784599999988 ], [ 71.463503120435348, 51.162870339846421 ], [ 71.463556009183208, 51.162855005982358 ], [ 71.463526920442817, 51.162878239846805 ], [ 71.463589420459911, 51.162959039847699 ], [ 71.463799820531705, 51.162895039851328 ], [ 71.4637398, 51.1627991 ], [ 71.463683132058762, 51.16281633745087 ] ] ], [ [ [ 71.4633098, 51.1629253 ], [ 71.463077, 51.1629913 ], [ 71.463132320304439, 51.163086639839847 ], [ 71.463365020383634, 51.16302063984385 ], [ 71.4633098, 51.1629253 ] ] ], [ [ [ 71.4628297, 51.162973 ], [ 71.4626956, 51.1630167 ], [ 71.462741420176002, 51.163089039833302 ], [ 71.462875520221843, 51.163046139835622 ], [ 71.4628297, 51.162973 ] ] ], [ [ [ 71.46286992021291, 51.163213739835264 ], [ 71.4629054, 51.1631132 ], [ 71.4628578, 51.1630574 ], [ 71.462658, 51.1631244 ], [ 71.4627525201727, 51.163253139833223 ], [ 71.46286992021291, 51.163213739835264 ] ] ], [ [ [ 71.4624929, 51.1631714 ], [ 71.4622203, 51.1632433 ], [ 71.462293520016999, 51.163371139825351 ], [ 71.462566120109543, 51.163299239830017 ], [ 71.4624929, 51.1631714 ] ] ], [ [ [ 71.4639265, 51.1631854 ], [ 71.463698500000021, 51.1632563 ], [ 71.463763820500333, 51.163357139849978 ], [ 71.463991820578187, 51.163286139853895 ], [ 71.4639265, 51.1631854 ] ] ], [ [ [ 71.4628455, 51.1633068 ], [ 71.462929920221484, 51.16347643983584 ], [ 71.463329420358036, 51.163349239842724 ], [ 71.46324, 51.1632143 ], [ 71.4628455, 51.1633068 ] ] ], [ [ [ 71.462092519949636, 51.163403639821922 ], [ 71.4620217, 51.1633025 ], [ 71.461904, 51.163342 ], [ 71.4618797, 51.16338 ], [ 71.461930819894249, 51.163457839819131 ], [ 71.462092519949636, 51.163403639821922 ] ] ], [ [ [ 71.4635658, 51.1633089 ], [ 71.4633048, 51.1633938 ], [ 71.463364020363713, 51.163483639843079 ], [ 71.463625020452994, 51.163398739847601 ], [ 71.4635658, 51.1633089 ] ] ], [ [ [ 71.463187020303707, 51.163528039840038 ], [ 71.4631278, 51.1634382 ], [ 71.4628668, 51.1635231 ], [ 71.462864320197326, 51.163538239834637 ], [ 71.462926020214439, 51.163612939835538 ], [ 71.463187020303707, 51.163528039840038 ] ] ], [ [ [ 71.462846, 51.1635386 ], [ 71.4626392, 51.1636024 ], [ 71.462699220136486, 51.163694939831622 ], [ 71.462903820206435, 51.163629539835128 ], [ 71.462846, 51.1635386 ] ] ], [ [ [ 71.4619124, 51.1636256 ], [ 71.4617836, 51.1636559 ], [ 71.461840119851729, 51.163758539817117 ], [ 71.461974219897172, 51.163724839819416 ], [ 71.4619124, 51.1636256 ] ] ], [ [ [ 71.462607720105169, 51.163725239830029 ], [ 71.4625542, 51.1636402 ], [ 71.4623344, 51.1637094 ], [ 71.462331920014634, 51.163724539825424 ], [ 71.462387920030082, 51.163794439826233 ], [ 71.462607720105169, 51.163725239830029 ] ] ], [ [ [ 71.461809, 51.1638308 ], [ 71.461811719836291, 51.163903039816411 ], [ 71.461841119844351, 51.163940439816855 ], [ 71.461905719864816, 51.163958539817898 ], [ 71.462197619965252, 51.163849639822971 ], [ 71.4622001, 51.1638345 ], [ 71.4621232, 51.1637359 ], [ 71.461809, 51.1638308 ] ] ], [ [ [ 71.4637239, 51.16383230000001 ], [ 71.4636314, 51.1638612 ], [ 71.463681520448546, 51.163942339847651 ], [ 71.463774020480116, 51.163913339849238 ], [ 71.4637239, 51.16383230000001 ] ] ], [ [ [ 71.46292772019703, 51.164037039834874 ], [ 71.4628505, 51.1639119 ], [ 71.4627349, 51.1639448 ], [ 71.462812220157716, 51.164069939832892 ], [ 71.46292772019703, 51.164037039834874 ] ] ], [ [ [ 71.4619942, 51.1640602 ], [ 71.462111219918981, 51.164272439820834 ], [ 71.462179219939031, 51.164326139821874 ], [ 71.462388320010149, 51.164268139825474 ], [ 71.4622759, 51.164026499999984 ], [ 71.4621112, 51.1640286 ], [ 71.4619942, 51.1640602 ] ] ], [ [ [ 71.463035, 51.1641334 ], [ 71.4629089, 51.16417340000001 ], [ 71.462994320207883, 51.164297439835579 ], [ 71.463120420250988, 51.164257339837739 ], [ 71.463035, 51.1641334 ] ] ], [ [ [ 71.4621424, 51.1643863 ], [ 71.462221319945968, 51.164488839822319 ], [ 71.462485320030638, 51.164536139826645 ], [ 71.462564520057839, 51.164507839828026 ], [ 71.4624033, 51.1642723 ], [ 71.4622105, 51.164342 ], [ 71.4621424, 51.1643863 ] ] ], [ [ [ 71.464220820598783, 51.164576239855634 ], [ 71.4642301, 51.1644727 ], [ 71.4640756, 51.1642594 ], [ 71.463955, 51.1641907 ], [ 71.4636674, 51.1642726 ], [ 71.463933220500877, 51.16465813985068 ], [ 71.464220820598783, 51.164576239855634 ] ] ], [ [ [ 71.463228300000011, 51.1643601 ], [ 71.4630914, 51.1644077 ], [ 71.463088920233616, 51.164422839836945 ], [ 71.463201620265238, 51.164550139838632 ], [ 71.463338520312206, 51.164502439840994 ], [ 71.463341, 51.1644873 ], [ 71.463228300000011, 51.1643601 ] ] ], [ [ [ 71.4632883, 51.1646524 ], [ 71.463353231990538, 51.164749046115745 ], [ 71.463330220298118, 51.164770839840408 ], [ 71.463402820318237, 51.164858739841478 ], [ 71.46357642037762, 51.164802339844471 ], [ 71.4634295, 51.1646065 ], [ 71.4632883, 51.1646524 ] ] ], [ [ [ 71.4619193, 51.1646694 ], [ 71.461769, 51.1647102 ], [ 71.461820419801015, 51.164803439815095 ], [ 71.461970619852053, 51.164762639817674 ], [ 71.4619193, 51.1646694 ] ] ], [ [ [ 71.4642457, 51.164599399999986 ], [ 71.4639133, 51.1647074 ], [ 71.463986220511615, 51.164815639851319 ], [ 71.464321620626322, 51.164707339857102 ], [ 71.4642457, 51.164599399999986 ] ] ], [ [ [ 71.462118819895821, 51.164878339819971 ], [ 71.4620701, 51.1647891 ], [ 71.4619999, 51.1648081 ], [ 71.4618782, 51.1648715 ], [ 71.461875719815652, 51.164886639815883 ], [ 71.461909219824591, 51.164935139816357 ], [ 71.462118819895821, 51.164878339819971 ] ] ], [ [ [ 71.462747020097225, 51.164993039830293 ], [ 71.462991620180745, 51.164917039834513 ], [ 71.462847, 51.164699099999986 ], [ 71.4626018, 51.1647752 ], [ 71.462747020097225, 51.164993039830293 ] ] ], [ [ [ 71.463655720393646, 51.165038939845424 ], [ 71.463846320459808, 51.164954339848748 ], [ 71.4637612, 51.1648257 ], [ 71.4634027, 51.1649346 ], [ 71.463487820337491, 51.165063139842573 ], [ 71.463655720393646, 51.165038939845424 ] ] ], [ [ [ 71.462144219897255, 51.165041439820115 ], [ 71.4620851, 51.1649391 ], [ 71.4619763, 51.1649694 ], [ 71.462035419860257, 51.165071639818244 ], [ 71.462144219897255, 51.165041439820115 ] ] ], [ [ [ 71.462765, 51.1650357 ], [ 71.462925620144432, 51.165263239832846 ], [ 71.463160220224324, 51.165195439836879 ], [ 71.4630308, 51.1649578 ], [ 71.462765, 51.1650357 ] ] ], [ [ [ 71.46223, 51.1650571 ], [ 71.4620579, 51.1651047 ], [ 71.462118719881744, 51.165210039819421 ], [ 71.462290919940287, 51.165162439822367 ], [ 71.46223, 51.1650571 ] ] ], [ [ [ 71.462384619966002, 51.165281839823763 ], [ 71.4623356, 51.1651941 ], [ 71.4621792, 51.1652376 ], [ 71.462228219912816, 51.165325439821068 ], [ 71.462384619966002, 51.165281839823763 ] ] ], [ [ [ 71.4623908, 51.1652911 ], [ 71.4622582, 51.1653357 ], [ 71.462317719938042, 51.165423339822404 ], [ 71.462450319983461, 51.165378839824697 ], [ 71.4623908, 51.1652911 ] ] ], [ [ [ 71.463721281544267, 51.165778059381672 ], [ 71.463880581765636, 51.165706459392801 ], [ 71.4638905, 51.1656459 ], [ 71.4637903, 51.16551290000001 ], [ 71.4636111, 51.165512 ], [ 71.4633002, 51.1656067 ], [ 71.463290280996972, 51.16566725935354 ], [ 71.463420181139782, 51.165831259361198 ], [ 71.463721281544267, 51.165778059381672 ] ] ], [ [ [ 71.462639520028773, 51.165776339827204 ], [ 71.4625642, 51.165657099999983 ], [ 71.461894, 51.1658607 ], [ 71.461891519778945, 51.165875839814539 ], [ 71.461970519800573, 51.165977639815694 ], [ 71.462639520028773, 51.165776339827204 ] ] ], [ [ [ 71.462878, 51.1658727 ], [ 71.4627814, 51.165903 ], [ 71.46277892006853, 51.16591813982933 ], [ 71.462875520094698, 51.166049339830714 ], [ 71.462977420129434, 51.16601903983247 ], [ 71.4629799, 51.1660039 ], [ 71.462878, 51.1658727 ] ] ], [ [ [ 71.462785820066529, 51.16601883982927 ], [ 71.462693, 51.1658807 ], [ 71.4621829, 51.1660384 ], [ 71.462180419866272, 51.166053539819082 ], [ 71.462226319878809, 51.166113639819748 ], [ 71.462548219985393, 51.16609223982519 ], [ 71.462785820066529, 51.16601883982927 ] ] ], [ [ [ 71.4621633, 51.1660836 ], [ 71.4620851, 51.1661105 ], [ 71.462082619831094, 51.166125639817331 ], [ 71.462156219851593, 51.166212839818407 ], [ 71.462233819878222, 51.16618553981975 ], [ 71.4622363, 51.166170399999984 ], [ 71.4621633, 51.1660836 ] ] ], [ [ [ 71.464120920473448, 51.166762439850402 ], [ 71.464220120507306, 51.166732039852107 ], [ 71.4642226, 51.1667169 ], [ 71.4641524, 51.1665876 ], [ 71.4640198, 51.166414899999985 ], [ 71.4638734, 51.1664594 ], [ 71.463870920403537, 51.166474539846682 ], [ 71.464007020440775, 51.166650839848693 ], [ 71.464120920473448, 51.166762439850402 ] ] ], [ [ [ 71.4614616, 51.1669612 ], [ 71.461449197937171, 51.167036899026847 ], [ 71.46153499805672, 51.167137499033203 ], [ 71.462633199937812, 51.166768999128116 ], [ 71.4626456, 51.166693299999984 ], [ 71.4625584, 51.1665926 ], [ 71.4624153, 51.1665815 ], [ 71.461837500000016, 51.1667786 ], [ 71.4614616, 51.1669612 ] ] ], [ [ [ 71.463931801955283, 51.167310399232377 ], [ 71.4639442, 51.1672347 ], [ 71.4632281, 51.1663803 ], [ 71.4627795, 51.1665284 ], [ 71.462767100192536, 51.166604099140677 ], [ 71.462860500322208, 51.166715999147605 ], [ 71.46378520170434, 51.167358799219727 ], [ 71.463931801955283, 51.167310399232377 ] ] ], [ [ [ 71.4616784, 51.167320099999984 ], [ 71.461730619661623, 51.167398439809347 ], [ 71.461720698293519, 51.167458999046126 ], [ 71.461803998409465, 51.167557299052298 ], [ 71.462961000391445, 51.167168299152308 ], [ 71.4629734, 51.1670926 ], [ 71.4628366, 51.166929899999985 ], [ 71.4616784, 51.167320099999984 ] ] ], [ [ [ 71.4632419, 51.1674619 ], [ 71.4631626, 51.1673617 ], [ 71.4631184, 51.1673562 ], [ 71.4620441, 51.1676903 ], [ 71.462016498708465, 51.167792899068168 ], [ 71.462093198813108, 51.167893399073762 ], [ 71.462150798906819, 51.167897499078549 ], [ 71.463200500700282, 51.167566899169117 ], [ 71.46322950075411, 51.167537599171759 ], [ 71.4632419, 51.1674619 ] ] ], [ [ [ 71.463828401741964, 51.167516099222063 ], [ 71.464313602413341, 51.168107899257826 ], [ 71.464525002774877, 51.168039699276072 ], [ 71.4645374, 51.167964 ], [ 71.4640549, 51.1673722 ], [ 71.4638408, 51.1674404 ], [ 71.463828401741964, 51.167516099222063 ] ] ], [ [ [ 71.4633479, 51.1676339 ], [ 71.462795, 51.167816 ], [ 71.462964920039894, 51.168036839828979 ], [ 71.463516920228841, 51.167855139838515 ], [ 71.4633479, 51.1676339 ] ] ], [ [ [ 71.4626988, 51.1678427 ], [ 71.4625092, 51.1679071 ], [ 71.462506719894279, 51.167922239821507 ], [ 71.46273241995732, 51.168183539824845 ], [ 71.46292042002176, 51.168119739828107 ], [ 71.4629229, 51.1681046 ], [ 71.4626988, 51.1678427 ] ] ], [ [ [ 71.463134320086809, 51.168242439831467 ], [ 71.4630999, 51.1681845 ], [ 71.4629531, 51.1682282 ], [ 71.462950620026447, 51.168243339828408 ], [ 71.462986120036348, 51.168284939828929 ], [ 71.463134320086809, 51.168242439831467 ] ] ], [ [ [ 71.463757, 51.1683948 ], [ 71.463833820305453, 51.16850373984277 ], [ 71.464659920588488, 51.16822613985704 ], [ 71.4646637, 51.1681759 ], [ 71.4645418, 51.1680764 ], [ 71.4643917, 51.1681261 ], [ 71.463757, 51.1683948 ] ] ], [ [ [ 71.462380899200539, 51.168294499094564 ], [ 71.4623933, 51.1682188 ], [ 71.4623157, 51.1681267 ], [ 71.4616967, 51.1683338 ], [ 71.461684298032438, 51.168409499035334 ], [ 71.46198119844631, 51.168756999057358 ], [ 71.462036948895644, 51.168738226383681 ], [ 71.46202569850881, 51.168806899060677 ], [ 71.462261098836038, 51.169086799078094 ], [ 71.462491899231082, 51.169010899098026 ], [ 71.4625043, 51.168935199999986 ], [ 71.4624196, 51.1688343 ], [ 71.4622112, 51.1686741 ], [ 71.462142679525172, 51.168696702699435 ], [ 71.462380899200539, 51.168294499094564 ] ] ], [ [ [ 71.463550201042537, 51.168662399189436 ], [ 71.4635626, 51.1685867 ], [ 71.4632615, 51.1682304 ], [ 71.4631099, 51.1682806 ], [ 71.4624938, 51.1688177 ], [ 71.462481399238726, 51.16889339909811 ], [ 71.462562599351841, 51.16898879910412 ], [ 71.463550201042537, 51.168662399189436 ] ] ], [ [ [ 71.4644694, 51.1686102 ], [ 71.4639308, 51.168797499999989 ], [ 71.464017320348503, 51.168910039845187 ], [ 71.464551420531706, 51.168725539854414 ], [ 71.4644694, 51.1686102 ] ] ], [ [ [ 71.4642859, 51.169413 ], [ 71.4642169, 51.1692783 ], [ 71.4641496, 51.1692127 ], [ 71.4640018, 51.1691831 ], [ 71.463924, 51.1692146 ], [ 71.463855020277592, 51.169326539841776 ], [ 71.463925720297865, 51.169395539842853 ], [ 71.464120920357828, 51.169493739845961 ], [ 71.464172142859411, 51.169473061768187 ], [ 71.464375920434037, 51.169671739849939 ], [ 71.464528320486664, 51.169610239852595 ], [ 71.4645308, 51.1695951 ], [ 71.464327, 51.1693965 ], [ 71.4642859, 51.169413 ] ] ], [ [ [ 71.463189420036827, 51.169850039829782 ], [ 71.463403220110123, 51.169776939833476 ], [ 71.4634855, 51.1694778 ], [ 71.4633746, 51.1693502 ], [ 71.4629597, 51.1694921 ], [ 71.462939519966923, 51.169562639826083 ], [ 71.463189420036827, 51.169850039829782 ] ] ], [ [ [ 71.464423620427795, 51.17018903984988 ], [ 71.464563520475465, 51.170148039852286 ], [ 71.464566, 51.170132899999984 ], [ 71.4643771, 51.1698794 ], [ 71.463681, 51.1700834 ], [ 71.463763620210031, 51.170212739838789 ], [ 71.464319820399595, 51.170049839848375 ], [ 71.464423620427795, 51.17018903984988 ] ] ], [ [ [ 71.464316820380532, 51.170476839847638 ], [ 71.464498520442376, 51.170425439850753 ], [ 71.464715420517678, 51.170329339854533 ], [ 71.464628, 51.1701893 ], [ 71.4639474, 51.1703819 ], [ 71.464034720285994, 51.170521939842821 ], [ 71.464316820380532, 51.170476839847638 ] ] ], [ [ [ 71.4625809, 51.1703331 ], [ 71.4620505, 51.170483299999987 ], [ 71.46234971971586, 51.17091733981399 ], [ 71.462880119896411, 51.170767139823113 ], [ 71.4625809, 51.1703331 ] ] ], [ [ [ 71.463934420236711, 51.170907239840538 ], [ 71.4636155, 51.1704395 ], [ 71.4634508, 51.1704855 ], [ 71.463769720180679, 51.170953139837692 ], [ 71.463934420236711, 51.170907239840538 ] ] ], [ [ [ 71.4638811, 51.1710688 ], [ 71.464037620253976, 51.171300039841618 ], [ 71.464199120306276, 51.171317539844281 ], [ 71.464581920436686, 51.171206739850867 ], [ 71.4648899, 51.1709918 ], [ 71.464801, 51.1708711 ], [ 71.4640618, 51.1710165 ], [ 71.4638811, 51.1710688 ] ] ], [ [ [ 71.4627138, 51.170833 ], [ 71.4623813, 51.1709266 ], [ 71.462378819724378, 51.170941739814431 ], [ 71.462820619843342, 51.171558739820817 ], [ 71.463153119956488, 51.171465239826546 ], [ 71.4631556, 51.1714501 ], [ 71.4627138, 51.170833 ] ] ], [ [ [ 71.4634185, 51.1718478 ], [ 71.4632506, 51.1718969 ], [ 71.463323619989282, 51.172013339828503 ], [ 71.463491420046481, 51.171964239831389 ], [ 71.4634185, 51.1718478 ] ] ], [ [ [ 71.463540120015637, 51.173069739830403 ], [ 71.463268226558498, 51.172669661144973 ], [ 71.4633226, 51.1724735 ], [ 71.4632486, 51.1723695 ], [ 71.463158382455703, 51.17239477538476 ], [ 71.462785, 51.1718709 ], [ 71.4623688, 51.1719875 ], [ 71.462731048970781, 51.172514511456811 ], [ 71.462698419761722, 51.172538139817163 ], [ 71.46286131980554, 51.172766539819548 ], [ 71.462956819836805, 51.172769039821127 ], [ 71.463048019867827, 51.172743539822697 ], [ 71.463178719902999, 51.172926939824592 ], [ 71.463483519996487, 51.173083239829445 ], [ 71.463540120015637, 51.173069739830403 ] ] ], [ [ [ 71.4622406, 51.1723212 ], [ 71.4620302, 51.1723863 ], [ 71.462027719547237, 51.172401439806173 ], [ 71.462293519620218, 51.172739239810078 ], [ 71.462503919692068, 51.172674139813694 ], [ 71.4625064, 51.172659 ], [ 71.4622406, 51.1723212 ] ] ], [ [ [ 71.463885471297559, 51.172877358421736 ], [ 71.4638952, 51.1728473 ], [ 71.463683067445487, 51.172614167547223 ], [ 71.464030620190854, 51.172736739839152 ], [ 71.464217720254823, 51.172676939842376 ], [ 71.4640058, 51.172398 ], [ 71.4633952, 51.1725932 ], [ 71.463392719986771, 51.172608339828692 ], [ 71.464246120222612, 51.173658139841258 ], [ 71.464535820320307, 51.173598039846205 ], [ 71.464696520375242, 51.17354673984898 ], [ 71.4646016, 51.1734117 ], [ 71.4639944, 51.1728426 ], [ 71.463885471297559, 51.172877358421736 ] ] ], [ [ [ 71.4625829, 51.1726807 ], [ 71.4624757, 51.1727076 ], [ 71.462473219679936, 51.172722739813111 ], [ 71.462558319702538, 51.172849239814333 ], [ 71.462666319739085, 51.17282363981618 ], [ 71.4626688, 51.172808499999988 ], [ 71.4625829, 51.1726807 ] ] ], [ [ [ 71.4629625, 51.172865 ], [ 71.4626142, 51.172972 ], [ 71.4627181197434, 51.173123439816564 ], [ 71.463066519862352, 51.173016439822575 ], [ 71.4629625, 51.172865 ] ] ], [ [ [ 71.463839720072571, 51.17404883983383 ], [ 71.463399550589884, 51.173500282167218 ], [ 71.463470519975488, 51.173478039828566 ], [ 71.463473, 51.1734629 ], [ 71.4633451, 51.1733025 ], [ 71.463254544420366, 51.173330880798979 ], [ 71.4631622, 51.173223 ], [ 71.4628813, 51.173301 ], [ 71.462899619790704, 51.173413539819116 ], [ 71.463051819828877, 51.17369273982122 ], [ 71.463230119877963, 51.17391633982384 ], [ 71.463353119918892, 51.173904039825914 ], [ 71.463542819971124, 51.174141939828701 ], [ 71.463839720072571, 51.17404883983383 ] ] ], [ [ [ 71.464094220163702, 51.173871239838377 ], [ 71.464084, 51.1736982 ], [ 71.4638352, 51.1734076 ], [ 71.463581, 51.17321 ], [ 71.4634466, 51.1732489 ], [ 71.463926420106532, 51.173919739835497 ], [ 71.464094220163702, 51.173871239838377 ] ] ], [ [ [ 71.463066619811471, 51.174218339820619 ], [ 71.4627652, 51.173575 ], [ 71.4626507, 51.1734321 ], [ 71.461955, 51.1736512 ], [ 71.462530219628121, 51.174387339811354 ], [ 71.463066619811471, 51.174218339820619 ] ] ], [ [ [ 71.4642266, 51.1740001 ], [ 71.4639133, 51.1741 ], [ 71.463910820093119, 51.174115139834896 ], [ 71.464404320229448, 51.174723839842166 ], [ 71.464717620336558, 51.174624039847586 ], [ 71.4647201, 51.1746089 ], [ 71.4642266, 51.1740001 ] ] ], [ [ [ 71.462826119710471, 51.174737939815742 ], [ 71.463536219950186, 51.174584939827881 ], [ 71.46384432005533, 51.174491639833185 ], [ 71.4636471, 51.1742171 ], [ 71.4626596, 51.1745034 ], [ 71.462826119710471, 51.174737939815742 ] ] ], [ [ [ 71.462529519617334, 51.174636439810939 ], [ 71.462473, 51.1745422 ], [ 71.4623174, 51.1745876 ], [ 71.462376619565418, 51.174676739808312 ], [ 71.462529519617334, 51.174636439810939 ] ] ], [ [ [ 71.4627224, 51.1747693 ], [ 71.4626218, 51.1747966 ], [ 71.462660919650673, 51.174868439812762 ], [ 71.462762819685295, 51.174841539814516 ], [ 71.4627224, 51.1747693 ] ] ], [ [ [ 71.4641468, 51.1746861 ], [ 71.4638, 51.1748492 ], [ 71.463797520024187, 51.174864339831799 ], [ 71.463914620058517, 51.174962139833596 ], [ 71.464261420179326, 51.174799139839671 ], [ 71.4642639, 51.174784 ], [ 71.4641468, 51.1746861 ] ] ], [ [ [ 71.462918419730272, 51.174986139816866 ], [ 71.4628351, 51.1748601 ], [ 71.4626473, 51.1749139 ], [ 71.462725319664415, 51.175043339813556 ], [ 71.462918419730272, 51.174986139816866 ] ] ], [ [ [ 71.46336801987259, 51.175112539824191 ], [ 71.4632474, 51.174957 ], [ 71.4628893, 51.175080399999985 ], [ 71.462886819715251, 51.175095539816169 ], [ 71.46296411973691, 51.175183739817335 ], [ 71.463054119764905, 51.175220739818769 ], [ 71.46336801987259, 51.175112539824191 ] ] ], [ [ [ 71.4637979, 51.1751836 ], [ 71.4636606, 51.175224900000011 ], [ 71.463758219989813, 51.175370839830308 ], [ 71.463895520036658, 51.175329539832667 ], [ 71.4637979, 51.1751836 ] ] ], [ [ [ 71.463219619811156, 51.175411939821224 ], [ 71.4631507, 51.175319 ], [ 71.462915, 51.175404 ], [ 71.462912519709988, 51.175419139816078 ], [ 71.462983819730098, 51.175496939817137 ], [ 71.463219619811156, 51.175411939821224 ] ] ], [ [ [ 71.4628389, 51.1753992 ], [ 71.4625439, 51.1754861 ], [ 71.462632719609431, 51.175623039811072 ], [ 71.462927719710024, 51.175536139816138 ], [ 71.4628389, 51.1753992 ] ] ], [ [ [ 71.4632596, 51.1754229 ], [ 71.4631064, 51.1754725 ], [ 71.463204019797686, 51.175609239820638 ], [ 71.463357319850132, 51.175559739823292 ], [ 71.4632596, 51.1754229 ] ] ], [ [ [ 71.4644567, 51.1754924 ], [ 71.4641707, 51.1755369 ], [ 71.464168220116804, 51.175552039836866 ], [ 71.464417320171989, 51.176181339840014 ], [ 71.464703220267765, 51.176136839844887 ], [ 71.4647057, 51.1761217 ], [ 71.4644567, 51.1754924 ] ] ], [ [ [ 71.4631637, 51.1758388 ], [ 71.4629365, 51.1759091 ], [ 71.463018519718844, 51.176031639816848 ], [ 71.463245719796461, 51.175961339820766 ], [ 71.4631637, 51.1758388 ] ] ], [ [ [ 71.462880700000014, 51.1762877 ], [ 71.4627224, 51.1763365 ], [ 71.46278701962504, 51.176450839812283 ], [ 71.462953319681603, 51.176405439815149 ], [ 71.462880700000014, 51.1762877 ] ] ], [ [ [ 71.463782919948727, 51.176532439828826 ], [ 71.4636873, 51.1763917 ], [ 71.4634968, 51.1764502 ], [ 71.463566119876461, 51.176557339825173 ], [ 71.463671819910786, 51.176566539826915 ], [ 71.463782919948727, 51.176532439828826 ] ] ], [ [ [ 71.463925719980864, 51.176881239830649 ], [ 71.4637937, 51.1766939 ], [ 71.4635845, 51.176563 ], [ 71.463486300000014, 51.1765932 ], [ 71.463741119917813, 51.176937839827467 ], [ 71.463925719980864, 51.176881239830649 ] ] ], [ [ [ 71.4650972, 51.1425179 ], [ 71.465001721781888, 51.142658539904403 ], [ 71.466244622174372, 51.143020839924596 ], [ 71.4663401, 51.1428802 ], [ 71.4650972, 51.1425179 ] ] ], [ [ [ 71.4653307, 51.14311 ], [ 71.4643921, 51.143118 ], [ 71.4639716, 51.1432234 ], [ 71.463966842811672, 51.143539979771397 ], [ 71.46413924291582, 51.143646379776818 ], [ 71.464397343085352, 51.143644379785442 ], [ 71.465159843605775, 51.143406879811735 ], [ 71.465328943725694, 51.14330087981773 ], [ 71.4653307, 51.14311 ] ] ], [ [ [ 71.4660111, 51.143103 ], [ 71.4655398, 51.1437177 ], [ 71.465527409546638, 51.143793399557367 ], [ 71.465725709859313, 51.143853199573449 ], [ 71.466197010762286, 51.143238499617851 ], [ 71.4662094, 51.1431628 ], [ 71.4660111, 51.143103 ] ] ], [ [ [ 71.4631119, 51.1435995 ], [ 71.463105263341248, 51.143779919612797 ], [ 71.463466463696875, 51.143779119630899 ], [ 71.4634732, 51.1435987 ], [ 71.4631119, 51.1435995 ] ] ], [ [ [ 71.464305300000021, 51.143871 ], [ 71.462932, 51.143871 ], [ 71.46291960520773, 51.144081299336975 ], [ 71.464292907460646, 51.14408129945182 ], [ 71.464305300000021, 51.143871 ] ] ], [ [ [ 71.4661489, 51.1442018 ], [ 71.4660295, 51.1441168 ], [ 71.4658531, 51.1440633 ], [ 71.465851621991789, 51.144290439915956 ], [ 71.466146722088638, 51.144289939920888 ], [ 71.4661489, 51.1442018 ] ] ], [ [ [ 71.4642167, 51.1441172 ], [ 71.464204407263878, 51.144325299442443 ], [ 71.465423809264323, 51.144325299544384 ], [ 71.4654362, 51.1441217 ], [ 71.4642167, 51.1441172 ] ] ], [ [ [ 71.4628631, 51.144197599999984 ], [ 71.462839589014067, 51.14447475878994 ], [ 71.463614691303334, 51.144473658906634 ], [ 71.46363460000002, 51.1442013 ], [ 71.4628631, 51.144197599999984 ] ] ], [ [ [ 71.4638434, 51.144587199999989 ], [ 71.4638438, 51.1444493 ], [ 71.4637525, 51.144449200000011 ], [ 71.46374962128786, 51.144627939880259 ], [ 71.46380292130533, 51.144628039881155 ], [ 71.4638434, 51.144587199999989 ] ] ], [ [ [ 71.4639649, 51.1444814 ], [ 71.463951906774355, 51.144681599418419 ], [ 71.465429809198241, 51.144684599541968 ], [ 71.4654428, 51.1444844 ], [ 71.4639649, 51.1444814 ] ] ], [ [ [ 71.4633209, 51.1447937 ], [ 71.463307721132239, 51.144879539872449 ], [ 71.463470921185376, 51.144889239875162 ], [ 71.4634842, 51.1448034 ], [ 71.4633209, 51.1447937 ] ] ], [ [ [ 71.4636994, 51.1449095 ], [ 71.4636707, 51.1449094 ], [ 71.463668121247821, 51.14494263987838 ], [ 71.46369682125723, 51.144942739878857 ], [ 71.4636994, 51.1449095 ] ] ], [ [ [ 71.463721, 51.144891 ], [ 71.463707806285171, 51.145101299394582 ], [ 71.464936208299846, 51.145104199497297 ], [ 71.464941378050369, 51.145072618102198 ], [ 71.464941308308241, 51.145103999497714 ], [ 71.465080108535744, 51.145104999509307 ], [ 71.4650938, 51.144893 ], [ 71.464954, 51.1448933 ], [ 71.464949230387731, 51.144922437137865 ], [ 71.4649494, 51.1448939 ], [ 71.463721, 51.144891 ] ] ], [ [ [ 71.4635189, 51.14507110000001 ], [ 71.4634371, 51.1450702 ], [ 71.463433321162796, 51.145131239874146 ], [ 71.463515021189565, 51.145132239875515 ], [ 71.4635189, 51.14507110000001 ] ] ], [ [ [ 71.4638704, 51.145106799999986 ], [ 71.463862521299049, 51.145239739881156 ], [ 71.464023521351749, 51.145242639883826 ], [ 71.4640313, 51.1451097 ], [ 71.4638704, 51.145106799999986 ] ] ], [ [ [ 71.466784166730235, 51.145611719788356 ], [ 71.4667334, 51.1449184 ], [ 71.466335, 51.144707099999984 ], [ 71.4660108, 51.14494770000001 ], [ 71.46600336604007, 51.144993119752243 ], [ 71.466151466103909, 51.145639619756508 ], [ 71.466784166730235, 51.145611719788356 ] ] ], [ [ [ 71.46572932188549, 51.145857039911363 ], [ 71.4657211, 51.1455636 ], [ 71.465582807781928, 51.145565680478043 ], [ 71.465586, 51.14529169999998 ], [ 71.465326800000014, 51.1452946 ], [ 71.465323024911143, 51.145569588227552 ], [ 71.465289, 51.1455701 ], [ 71.465286521751679, 51.145585239904392 ], [ 71.4652982217426, 51.145890639904088 ], [ 71.46572932188549, 51.145857039911363 ] ] ], [ [ [ 71.463913521305216, 51.145489439881587 ], [ 71.463980721310563, 51.145884839882079 ], [ 71.464198221381878, 51.145886239885698 ], [ 71.464674021547083, 51.145671039894012 ], [ 71.4646759, 51.1454289 ], [ 71.464128, 51.1453321 ], [ 71.4639185, 51.1453307 ], [ 71.463913521305216, 51.145489439881587 ] ] ], [ [ [ 71.464990321641494, 51.145892839898941 ], [ 71.4650066, 51.1455173 ], [ 71.4649137, 51.1453386 ], [ 71.4647005, 51.1453353 ], [ 71.464691821559683, 51.145511339894576 ], [ 71.464760721566293, 51.14588933989512 ], [ 71.464990321641494, 51.145892839898941 ] ] ], [ [ [ 71.4638285, 51.1462045 ], [ 71.463825721244632, 51.146241239878883 ], [ 71.463854221253968, 51.146241439879397 ], [ 71.463857, 51.1462047 ], [ 71.4638285, 51.1462045 ] ] ], [ [ [ 71.463385, 51.1463028 ], [ 71.4633313, 51.1463044 ], [ 71.463331521077635, 51.146355739870451 ], [ 71.463385221095322, 51.146354139871349 ], [ 71.463385, 51.1463028 ] ] ], [ [ [ 71.4635566, 51.1462979 ], [ 71.4634439, 51.1462972 ], [ 71.463440821113323, 51.146359439872271 ], [ 71.463553421150252, 51.146360139874147 ], [ 71.4635566, 51.1462979 ] ] ], [ [ [ 71.4662934, 51.1462695 ], [ 71.466279122047013, 51.146303639919815 ], [ 71.466328622062747, 51.146315839920618 ], [ 71.466343, 51.146281699999989 ], [ 71.4662934, 51.1462695 ] ] ], [ [ [ 71.465522900000011, 51.14629930000001 ], [ 71.4642756, 51.1463007 ], [ 71.464263606901227, 51.146500799429674 ], [ 71.46551090894792, 51.146499399533958 ], [ 71.465522900000011, 51.14629930000001 ] ] ], [ [ [ 71.4639048, 51.1462195 ], [ 71.463883406185076, 51.146937899394324 ], [ 71.464044406449034, 51.146938799407764 ], [ 71.4640658, 51.1462204 ], [ 71.4639048, 51.1462195 ] ] ], [ [ [ 71.466390010080261, 51.147966699595493 ], [ 71.4664132, 51.1465164 ], [ 71.4663247, 51.1464727 ], [ 71.4662201, 51.1465282 ], [ 71.466207710069028, 51.146603899591334 ], [ 71.466192009755574, 51.147965799578941 ], [ 71.466390010080261, 51.147966699595493 ] ] ], [ [ [ 71.4643711, 51.1467033 ], [ 71.4642276, 51.146702199999986 ], [ 71.46422422135312, 51.14676783988471 ], [ 71.464367621400129, 51.14676893988711 ], [ 71.4643711, 51.1467033 ] ] ], [ [ [ 71.4654062, 51.1465404 ], [ 71.46537540856157, 51.147275699516314 ], [ 71.465557908860575, 51.147277699531543 ], [ 71.4655887, 51.146542399999973 ], [ 71.4654062, 51.1465404 ] ] ], [ [ [ 71.4634074, 51.1470752 ], [ 71.463393805309039, 51.147282099350569 ], [ 71.464155506558171, 51.147284799414244 ], [ 71.4641691, 51.1470778 ], [ 71.4634074, 51.1470752 ] ] ], [ [ [ 71.4646602, 51.1468369 ], [ 71.464635107287862, 51.147555399452138 ], [ 71.464817907587488, 51.147556799467424 ], [ 71.464843, 51.1468383 ], [ 71.4646602, 51.1468369 ] ] ], [ [ [ 71.4637867, 51.1476818 ], [ 71.463784221165895, 51.147781539875702 ], [ 71.464445421382862, 51.147781539886765 ], [ 71.4644479, 51.1476818 ], [ 71.4637867, 51.1476818 ] ] ], [ [ [ 71.4653685, 51.1473093 ], [ 71.465332508278962, 51.148280099504539 ], [ 71.465531108604367, 51.14828209952114 ], [ 71.465567, 51.1473114 ], [ 71.4653685, 51.1473093 ] ] ], [ [ [ 71.4649822, 51.1478235 ], [ 71.4649299, 51.1478229 ], [ 71.464924721533876, 51.147929739894536 ], [ 71.464977021551007, 51.147930339895417 ], [ 71.4649822, 51.1478235 ] ] ], [ [ [ 71.4637555, 51.147917 ], [ 71.463742605702663, 51.148127199372858 ], [ 71.464762307375352, 51.148128899458108 ], [ 71.4647752, 51.1479187 ], [ 71.4637555, 51.147917 ] ] ], [ [ [ 71.4631754, 51.1477558 ], [ 71.463153704616786, 51.148692999318982 ], [ 71.463326204899687, 51.148693699333407 ], [ 71.4633479, 51.1477565 ], [ 71.4631754, 51.1477558 ] ] ], [ [ [ 71.4652841, 51.1481792 ], [ 71.4649986, 51.1481807 ], [ 71.464998021540865, 51.148333839895088 ], [ 71.465283521634618, 51.148332339899873 ], [ 71.4652841, 51.1481792 ] ] ], [ [ [ 71.4662537, 51.1479853 ], [ 71.466224909638754, 51.148774299575109 ], [ 71.466372909881272, 51.148775699587453 ], [ 71.4664017, 51.1479866 ], [ 71.4662537, 51.1479853 ] ] ], [ [ [ 71.4641468, 51.1486897 ], [ 71.46413390618342, 51.148889999399358 ], [ 71.465239807997577, 51.1488917994918 ], [ 71.465248732246451, 51.148837283619159 ], [ 71.465248408011703, 51.148891799492525 ], [ 71.465500808425716, 51.14889239951362 ], [ 71.465515, 51.1485069 ], [ 71.4653376, 51.148506500000011 ], [ 71.465252460699773, 51.148753618915897 ], [ 71.4651712, 51.1486914 ], [ 71.4641468, 51.1486897 ] ] ], [ [ [ 71.4630157, 51.1487992 ], [ 71.463002604308159, 51.148980099304005 ], [ 71.46399420593464, 51.148982599386919 ], [ 71.4640073, 51.1488018 ], [ 71.4630157, 51.1487992 ] ] ], [ [ [ 71.4636275, 51.1490836 ], [ 71.463624321056912, 51.14911783987084 ], [ 71.463655921067271, 51.149118339871364 ], [ 71.463659100000015, 51.149084 ], [ 71.4636275, 51.1490836 ] ] ], [ [ [ 71.4654059, 51.1491327 ], [ 71.465403488607691, 51.149179315671738 ], [ 71.4641567, 51.1491767 ], [ 71.464143606096471, 51.149376699396214 ], [ 71.465526708365232, 51.149379699511812 ], [ 71.465539453899765, 51.149282235164158 ], [ 71.465631421708622, 51.149282039904136 ], [ 71.4656334, 51.1491325 ], [ 71.4654059, 51.1491327 ] ] ], [ [ [ 71.466546565933996, 51.150048919754752 ], [ 71.466950566343385, 51.149957019775499 ], [ 71.4669649, 51.1492929 ], [ 71.465957, 51.1492885 ], [ 71.465948365422221, 51.14944011972775 ], [ 71.466088465483239, 51.150046919731807 ], [ 71.466546565933996, 51.150048919754752 ] ] ], [ [ [ 71.463945605605687, 51.150161399373253 ], [ 71.4639713, 51.1494386 ], [ 71.4636874, 51.1494363 ], [ 71.463672805273319, 51.149616299354882 ], [ 71.46375230528885, 51.150159799357112 ], [ 71.463945605605687, 51.150161399373253 ] ] ], [ [ [ 71.4646253, 51.149582700000011 ], [ 71.4644577, 51.1495817 ], [ 71.464432306327112, 51.150526499410979 ], [ 71.464599906601904, 51.150527499424996 ], [ 71.4646253, 51.149582700000011 ] ] ], [ [ [ 71.465560743270174, 51.150490479802038 ], [ 71.4655709, 51.1501192 ], [ 71.46496, 51.1501167 ], [ 71.464949742869294, 51.150488879781619 ], [ 71.465560743270174, 51.150490479802038 ] ] ], [ [ [ 71.4636783, 51.1506175 ], [ 71.463667005011771, 51.150808299344682 ], [ 71.464688106688044, 51.15080469943009 ], [ 71.4646995, 51.150614 ], [ 71.4636783, 51.1506175 ] ] ], [ [ [ 71.465645459701904, 51.151160778820163 ], [ 71.4656775, 51.1508636 ], [ 71.4648313, 51.150854699999989 ], [ 71.464801556441572, 51.151036378653266 ], [ 71.464792356221736, 51.151398278644351 ], [ 71.46500005703848, 51.151400678685988 ], [ 71.465645459701904, 51.151160778820163 ] ] ], [ [ [ 71.467054110355321, 51.151822699619586 ], [ 71.4670671, 51.1516159 ], [ 71.465887, 51.151557700000012 ], [ 71.4654761, 51.151557 ], [ 71.465462707736251, 51.151858999486286 ], [ 71.467054110355321, 51.151822699619586 ] ] ], [ [ [ 71.4639471, 51.1516115 ], [ 71.46394274209527, 51.151825779743582 ], [ 71.464171242234656, 51.151951079750816 ], [ 71.464793142642108, 51.151959979771583 ], [ 71.465015542799918, 51.151820079779498 ], [ 71.4650217, 51.1516149 ], [ 71.4646363, 51.1515934 ], [ 71.4639471, 51.1516115 ] ] ], [ [ [ 71.463582, 51.151612299999989 ], [ 71.463551400000014, 51.1515583 ], [ 71.4633783, 51.1515584 ], [ 71.4633513, 51.1516087 ], [ 71.463321550230404, 51.15179037834146 ], [ 71.463320350096041, 51.152045778336216 ], [ 71.463320450026842, 51.152182878333569 ], [ 71.463348850109213, 51.152240978338142 ], [ 71.463448950503476, 51.152240878358214 ], [ 71.463553750949615, 51.152175078380552 ], [ 71.4635835, 51.1519934 ], [ 71.463582, 51.151612299999989 ] ] ], [ [ [ 71.4659382, 51.1519369 ], [ 71.465931408337838, 51.152651699519005 ], [ 71.466091408600505, 51.152651199532379 ], [ 71.4660983, 51.1519364 ], [ 71.4659382, 51.1519369 ] ] ], [ [ [ 71.4639173, 51.1523137 ], [ 71.4638442, 51.1524177 ], [ 71.46383180492586, 51.152493399344728 ], [ 71.465102006936021, 51.152844599448088 ], [ 71.465175207078133, 51.152740499455078 ], [ 71.4651876, 51.1526648 ], [ 71.4639173, 51.1523137 ] ] ], [ [ [ 71.467035610065935, 51.153048799608044 ], [ 71.4670467, 51.1528952 ], [ 71.4669845, 51.1522804 ], [ 71.4667969, 51.1522817 ], [ 71.466795409683399, 51.152993699588428 ], [ 71.466889509825961, 51.153049799595841 ], [ 71.467035610065935, 51.153048799608044 ] ] ], [ [ [ 71.466074, 51.1526868 ], [ 71.466070421704472, 51.152789439905774 ], [ 71.466148621730113, 51.152789739907078 ], [ 71.4661521, 51.1526872 ], [ 71.466074, 51.1526868 ] ] ], [ [ [ 71.4642079, 51.1530384 ], [ 71.4641756, 51.1529655 ], [ 71.4638345, 51.1528729 ], [ 71.4637707, 51.1529654 ], [ 71.46376326281802, 51.153010819600674 ], [ 71.464173963208253, 51.153122319620749 ], [ 71.4642079, 51.1530384 ] ] ], [ [ [ 71.4653625, 51.1527221 ], [ 71.465291, 51.1528256 ], [ 71.465278607213833, 51.1529012994624 ], [ 71.466491709134829, 51.153231199561105 ], [ 71.466563109273835, 51.153127899567934 ], [ 71.4665755, 51.1530522 ], [ 71.4653625, 51.1527221 ] ] ], [ [ [ 71.465586286102692, 51.153311559587678 ], [ 71.4656179, 51.1532021 ], [ 71.4655858, 51.1530445 ], [ 71.4649148, 51.1528627 ], [ 71.4645929, 51.1528323 ], [ 71.4644963, 51.1528527 ], [ 71.4644699, 51.1528943 ], [ 71.464453484667587, 51.153003759513915 ], [ 71.464485184689053, 51.153122859515264 ], [ 71.464952985272575, 51.153303959545383 ], [ 71.465413885864606, 51.153381159575709 ], [ 71.465477985949775, 51.153375159580037 ], [ 71.465586286102692, 51.153311559587678 ] ] ], [ [ [ 71.4639241, 51.1531455 ], [ 71.463900120975154, 51.153191739868809 ], [ 71.463949720990854, 51.153205239869628 ], [ 71.4639737, 51.153159 ], [ 71.4639241, 51.1531455 ] ] ], [ [ [ 71.4660592, 51.1532847 ], [ 71.466022421665173, 51.153346139904066 ], [ 71.466059821676993, 51.153357039904662 ], [ 71.4660966, 51.153295599999986 ], [ 71.4660592, 51.1532847 ] ] ], [ [ [ 71.4666549, 51.1534375 ], [ 71.466339, 51.1533483 ], [ 71.466177143412153, 51.153597079812542 ], [ 71.466493043611976, 51.153686379822801 ], [ 71.4666549, 51.1534375 ] ] ], [ [ [ 71.466404165082054, 51.155662419720223 ], [ 71.4664116, 51.155617 ], [ 71.4646413, 51.1551206 ], [ 71.464081, 51.1559066 ], [ 71.464073562750357, 51.155952019601877 ], [ 71.465843864430624, 51.156448419688267 ], [ 71.466404165082054, 51.155662419720223 ] ] ], [ [ [ 71.4643156, 51.1561535 ], [ 71.464267020967213, 51.156226539870005 ], [ 71.464395821007784, 51.156266939872104 ], [ 71.4644444, 51.1561939 ], [ 71.4643156, 51.1561535 ] ] ], [ [ [ 71.46437, 51.156328600000016 ], [ 71.4642332, 51.1562883 ], [ 71.464148220920322, 51.156413439867727 ], [ 71.464285020963516, 51.156453839869947 ], [ 71.46437, 51.156328600000016 ] ] ], [ [ [ 71.465129342406314, 51.15735787976525 ], [ 71.465296642518382, 51.157331279770929 ], [ 71.465840342917076, 51.156837579790732 ], [ 71.4658453, 51.1568073 ], [ 71.4644686, 51.1564348 ], [ 71.4641458, 51.1568202 ], [ 71.464140841800258, 51.156850479733833 ], [ 71.464301241894006, 51.156987279738757 ], [ 71.465129342406314, 51.15735787976525 ] ] ], [ [ [ 71.466082700000015, 51.15739940000001 ], [ 71.466042221497631, 51.157463239897695 ], [ 71.466148421531116, 51.15749573989941 ], [ 71.4661888, 51.157432 ], [ 71.466082700000015, 51.15739940000001 ] ] ], [ [ [ 71.4658703, 51.1590842 ], [ 71.4654358, 51.1589025 ], [ 71.4653071, 51.1590236 ], [ 71.465304621188878, 51.159038739882781 ], [ 71.465739121323821, 51.159220439889751 ], [ 71.4658703, 51.1590842 ] ] ], [ [ [ 71.46391672070061, 51.159810639858314 ], [ 71.464124920768555, 51.159820039861785 ], [ 71.464147, 51.1595958 ], [ 71.4640459, 51.15947 ], [ 71.4635828, 51.15962420000001 ], [ 71.463675320623921, 51.159750039854373 ], [ 71.46391672070061, 51.159810639858314 ] ] ], [ [ [ 71.4654732, 51.15985220000001 ], [ 71.464401, 51.1593475 ], [ 71.4642573, 51.159449 ], [ 71.464239945753235, 51.159554979050355 ], [ 71.464389128065648, 51.159638085747183 ], [ 71.4642167, 51.1596332 ], [ 71.464192420785224, 51.159949639862695 ], [ 71.464481920879933, 51.159957839867531 ], [ 71.464501817448237, 51.159700862580841 ], [ 71.465295548007177, 51.160135179167327 ], [ 71.46550724846891, 51.160218779191162 ], [ 71.465657748846283, 51.160112379209984 ], [ 71.4656751, 51.1600064 ], [ 71.4654732, 51.15985220000001 ] ] ], [ [ [ 71.464666, 51.159912200000015 ], [ 71.4646048, 51.1599408 ], [ 71.464362120832845, 51.16014073986522 ], [ 71.464645520918879, 51.160306339869713 ], [ 71.4650098, 51.1600129 ], [ 71.4647476, 51.1599017 ], [ 71.464666, 51.159912200000015 ] ] ], [ [ [ 71.465302300000019, 51.1601961 ], [ 71.4648907, 51.1604818 ], [ 71.464885741979543, 51.160512079746823 ], [ 71.465227542187563, 51.160705779757635 ], [ 71.46563914248199, 51.160420079772315 ], [ 71.4656441, 51.1603898 ], [ 71.465302300000019, 51.1601961 ] ] ], [ [ [ 71.466301507238526, 51.160725699484196 ], [ 71.4663139, 51.16065 ], [ 71.4659009, 51.1604154 ], [ 71.4654824, 51.1607005 ], [ 71.46547000586294, 51.160776199414272 ], [ 71.465639006119716, 51.160873799427605 ], [ 71.466145906959611, 51.160836799470296 ], [ 71.466301507238526, 51.160725699484196 ] ] ], [ [ [ 71.4647913, 51.1606783 ], [ 71.4646585, 51.1606045 ], [ 71.464559520874033, 51.160699039867623 ], [ 71.464683220911681, 51.160769139869558 ], [ 71.4647913, 51.1606783 ] ] ], [ [ [ 71.4655665, 51.161015399999982 ], [ 71.465556005914721, 51.161198899418025 ], [ 71.466332907191173, 51.161193399483018 ], [ 71.4663434, 51.16100990000001 ], [ 71.4655665, 51.161015399999982 ] ] ], [ [ [ 71.4663591, 51.1611112 ], [ 71.46634768574107, 51.161361059586184 ], [ 71.46679988633467, 51.161362459616406 ], [ 71.4668112, 51.161112499999987 ], [ 71.4663591, 51.1611112 ] ] ], [ [ [ 71.464198400000015, 51.161192199999988 ], [ 71.4640042, 51.161192799999988 ], [ 71.463997203203064, 51.161921499281775 ], [ 71.464191303521687, 51.16192149929801 ], [ 71.464198400000015, 51.161192199999988 ] ] ], [ [ [ 71.4645912, 51.1611947 ], [ 71.464584104166107, 51.161923299330851 ], [ 71.464778304484895, 51.16192329934708 ], [ 71.4647853, 51.1611941 ], [ 71.4645912, 51.1611947 ] ] ], [ [ [ 71.465197800000013, 51.1614052 ], [ 71.465170405141663, 51.161861299380384 ], [ 71.465408705532056, 51.161864999400279 ], [ 71.4654332, 51.161409 ], [ 71.465197800000013, 51.1614052 ] ] ], [ [ [ 71.4665752, 51.1623761 ], [ 71.4663142, 51.1624726 ], [ 71.466400721398898, 51.162581439895341 ], [ 71.466654221486095, 51.162487739899738 ], [ 71.4665752, 51.1623761 ] ] ], [ [ [ 71.467000243178902, 51.162746979810258 ], [ 71.4670052, 51.1627167 ], [ 71.466794, 51.1624688 ], [ 71.4666265, 51.1625265 ], [ 71.466621542946328, 51.162556779798223 ], [ 71.466712042996704, 51.162663679800886 ], [ 71.466861443084071, 51.16279047980548 ], [ 71.467000243178902, 51.162746979810258 ] ] ], [ [ [ 71.4641759, 51.162660799999983 ], [ 71.4638543, 51.1627728 ], [ 71.463918920572141, 51.162863639853384 ], [ 71.46424042068243, 51.162751639858953 ], [ 71.4641759, 51.162660799999983 ] ] ], [ [ [ 71.4664878, 51.162651 ], [ 71.4663244, 51.162704799999986 ], [ 71.466319442732882, 51.162735079787524 ], [ 71.466492842829211, 51.162942279792652 ], [ 71.466656242941056, 51.162888479798298 ], [ 71.4666612, 51.1628582 ], [ 71.4664878, 51.162651 ] ] ], [ [ [ 71.4654605, 51.1629394 ], [ 71.465390700000015, 51.1628396 ], [ 71.4650833, 51.1629242 ], [ 71.465078341899343, 51.162954479745316 ], [ 71.465148141936751, 51.16305417974732 ], [ 71.465455542145762, 51.162969679757865 ], [ 71.4654605, 51.1629394 ] ] ], [ [ [ 71.464308920694819, 51.162990339859689 ], [ 71.464256, 51.1629157 ], [ 71.4642077, 51.1628971 ], [ 71.4640658, 51.1629496 ], [ 71.464145420638616, 51.163050139856864 ], [ 71.464308920694819, 51.162990339859689 ] ] ], [ [ [ 71.464888620881666, 51.163072939869252 ], [ 71.464926220893531, 51.163083839869863 ], [ 71.465032020930011, 51.163042539871704 ], [ 71.4649731, 51.1629656 ], [ 71.4648667, 51.1630072 ], [ 71.464888620881666, 51.163072939869252 ] ] ], [ [ [ 71.464581020779448, 51.163101439864072 ], [ 71.4645232, 51.1630156 ], [ 71.4643093, 51.1630873 ], [ 71.464306820689373, 51.163102439859486 ], [ 71.464367120706186, 51.163173239860363 ], [ 71.464581020779448, 51.163101439864072 ] ] ], [ [ [ 71.46467, 51.163326 ], [ 71.4645341, 51.1633768 ], [ 71.464630420778974, 51.163495939864248 ], [ 71.464766420825782, 51.163445139866617 ], [ 71.46467, 51.163326 ] ] ], [ [ [ 71.4665609, 51.16358 ], [ 71.4664789, 51.1634782 ], [ 71.4651907, 51.1632197 ], [ 71.4650131, 51.163276 ], [ 71.464988309059251, 51.163427398706439 ], [ 71.465498610466952, 51.164060298781507 ], [ 71.466536114012541, 51.163731398960344 ], [ 71.4665609, 51.16358 ] ] ], [ [ [ 71.465043420904621, 51.163731539870774 ], [ 71.4649676, 51.1636173 ], [ 71.4648244, 51.1635369 ], [ 71.4646347, 51.1635959 ], [ 71.46478972081799, 51.163810339866409 ], [ 71.465043420904621, 51.163731539870774 ] ] ], [ [ [ 71.4643632, 51.1637144 ], [ 71.4642244, 51.1637556 ], [ 71.464318520659532, 51.163898639858374 ], [ 71.464457320706856, 51.163857339860762 ], [ 71.4643632, 51.1637144 ] ] ], [ [ [ 71.464992820874372, 51.164053439869406 ], [ 71.465199120944817, 51.163989339872963 ], [ 71.4652016, 51.1639742 ], [ 71.4650174, 51.1637808 ], [ 71.4648223, 51.1638414 ], [ 71.464819820825909, 51.163856539866835 ], [ 71.464992820874372, 51.164053439869406 ] ] ], [ [ [ 71.4645567, 51.1639638 ], [ 71.4644179, 51.164005 ], [ 71.464511920712468, 51.164147939861202 ], [ 71.464650820759815, 51.164106739863591 ], [ 71.4645567, 51.1639638 ] ] ], [ [ [ 71.465996921196492, 51.164232339885913 ], [ 71.4659281, 51.164052599999984 ], [ 71.4658071, 51.1640721 ], [ 71.465754021117903, 51.164204639881888 ], [ 71.465783121124787, 51.164268239882276 ], [ 71.465996921196492, 51.164232339885913 ] ] ], [ [ [ 71.466181455157326, 51.164278778671346 ], [ 71.466218655268307, 51.164348878677451 ], [ 71.466310355606112, 51.164395178694932 ], [ 71.466456356179691, 51.164398478724159 ], [ 71.466552956581651, 51.164356378744358 ], [ 71.46659805679397, 51.164288178754738 ], [ 71.4666289, 51.1640878 ], [ 71.4666069, 51.1640338 ], [ 71.4665511, 51.1639904 ], [ 71.4664717, 51.1639655 ], [ 71.4663829, 51.1639635 ], [ 71.4662574, 51.1640103 ], [ 71.4662123, 51.1640785 ], [ 71.466181455157326, 51.164278778671346 ] ] ], [ [ [ 71.464669320753472, 51.164400539863429 ], [ 71.464808120800797, 51.164359339865811 ], [ 71.4647576, 51.1642126 ], [ 71.4647112, 51.1641524 ], [ 71.4646386, 51.164173599999984 ], [ 71.46456, 51.164237 ], [ 71.464669320753472, 51.164400539863429 ] ] ], [ [ [ 71.467044758443706, 51.164505478840127 ], [ 71.467154458867526, 51.1645220788618 ], [ 71.467210659091748, 51.164516578873176 ], [ 71.467313857606783, 51.164473728011693 ], [ 71.467376164912181, 51.164549319725545 ], [ 71.468066565620489, 51.164326619761255 ], [ 71.468074, 51.1642812 ], [ 71.4679881, 51.1641766 ], [ 71.467367862800671, 51.164376462472831 ], [ 71.4673967, 51.164200299999983 ], [ 71.4673648, 51.1641324 ], [ 71.467329, 51.1641047 ], [ 71.4672299, 51.1640708 ], [ 71.4671171, 51.1640726 ], [ 71.4670208, 51.1641095 ], [ 71.4669668, 51.1641717 ], [ 71.4669608, 51.1642071 ], [ 71.466939958072103, 51.164424078820687 ], [ 71.466962958146183, 51.164456678824678 ], [ 71.467044758443706, 51.164505478840127 ] ] ], [ [ [ 71.464737720765839, 51.164638839864175 ], [ 71.464781520777649, 51.164699739864822 ], [ 71.464921520825243, 51.164661139867228 ], [ 71.465043120868714, 51.164577339869389 ], [ 71.4650195, 51.164524 ], [ 71.4648697, 51.16439170000001 ], [ 71.4647371, 51.1644291 ], [ 71.464737720765839, 51.164638839864175 ] ] ], [ [ [ 71.4658206, 51.164718 ], [ 71.4656946, 51.164761 ], [ 71.46574632108856, 51.164838539880726 ], [ 71.465872221131718, 51.16479553988291 ], [ 71.4658206, 51.164718 ] ] ], [ [ [ 71.466616421375846, 51.164800839895335 ], [ 71.4665318, 51.1646773 ], [ 71.4662966, 51.1647484 ], [ 71.466380321295262, 51.164873339891258 ], [ 71.466616421375846, 51.164800839895335 ] ] ], [ [ [ 71.465086220867235, 51.164946939869502 ], [ 71.465431720986132, 51.164818239875494 ], [ 71.4653354, 51.1646731 ], [ 71.4649557, 51.1647577 ], [ 71.465086220867235, 51.164946939869502 ] ] ], [ [ [ 71.4668986, 51.1647256 ], [ 71.4667055, 51.16479120000001 ], [ 71.466762021420507, 51.164875339897662 ], [ 71.466960521488389, 51.164811439901072 ], [ 71.4668986, 51.1647256 ] ] ], [ [ [ 71.465616721041755, 51.164939239878393 ], [ 71.4655441, 51.1648232 ], [ 71.4653242, 51.1648905 ], [ 71.465396820966987, 51.164999739874624 ], [ 71.465616721041755, 51.164939239878393 ] ] ], [ [ [ 71.464611720705363, 51.165090439861331 ], [ 71.464852320785752, 51.165057539865415 ], [ 71.464985520831362, 51.165013539867708 ], [ 71.464818, 51.1647895 ], [ 71.4644719, 51.1649011 ], [ 71.464611720705363, 51.165090439861331 ] ] ], [ [ [ 71.4655655, 51.1650719 ], [ 71.4654394, 51.1651168 ], [ 71.465510220995213, 51.165212939876177 ], [ 71.465636421038539, 51.16516803987836 ], [ 71.4655655, 51.1650719 ] ] ], [ [ [ 71.4651797, 51.165220299999987 ], [ 71.4649094, 51.1653056 ], [ 71.464998920817905, 51.16543543986726 ], [ 71.465269220910272, 51.165350139871919 ], [ 71.4651797, 51.165220299999987 ] ] ], [ [ [ 71.4666216, 51.1655607 ], [ 71.4662505, 51.1656767 ], [ 71.466345221243941, 51.165813939889155 ], [ 71.466716221370675, 51.165697939895544 ], [ 71.4666216, 51.1655607 ] ] ], [ [ [ 71.466316921218052, 51.16620673988804 ], [ 71.4659992, 51.165782599999979 ], [ 71.46552, 51.1659301 ], [ 71.465837821054492, 51.166354239879801 ], [ 71.466316921218052, 51.16620673988804 ] ] ], [ [ [ 71.467641321654568, 51.166168039910225 ], [ 71.467734121685481, 51.16615733991182 ], [ 71.467824821716476, 51.166128539913373 ], [ 71.4678273, 51.1661134 ], [ 71.4674603, 51.1656559 ], [ 71.4673696, 51.1656846 ], [ 71.467298921559916, 51.165747239905215 ], [ 71.467641321654568, 51.166168039910225 ] ] ], [ [ [ 71.4648647, 51.1661231 ], [ 71.4643324, 51.1662775 ], [ 71.464413920584704, 51.166406639855886 ], [ 71.464946220766024, 51.166252139865037 ], [ 71.4648647, 51.1661231 ] ] ], [ [ [ 71.467113121468998, 51.166454539900954 ], [ 71.467511321581227, 51.166892539906883 ], [ 71.467760421666341, 51.166814139911168 ], [ 71.4672696, 51.1661829 ], [ 71.467039, 51.1662555 ], [ 71.467113121468998, 51.166454539900954 ] ] ], [ [ [ 71.464512120590882, 51.167022739856534 ], [ 71.4643255, 51.1667413 ], [ 71.464147, 51.1667912 ], [ 71.464335420530745, 51.167072839853489 ], [ 71.464512120590882, 51.167022739856534 ] ] ], [ [ [ 71.4653269, 51.1664701 ], [ 71.4649023, 51.1665981 ], [ 71.464899820735525, 51.166613239863679 ], [ 71.465769820973193, 51.167747639876374 ], [ 71.466194421118047, 51.167619539883695 ], [ 71.4661969, 51.1676044 ], [ 71.4653269, 51.1664701 ] ] ], [ [ [ 71.46493402070854, 51.167516139862784 ], [ 71.465013720735755, 51.167491139864147 ], [ 71.4650162, 51.167476 ], [ 71.4646548, 51.167147 ], [ 71.4645106, 51.167192099999987 ], [ 71.464756820650322, 51.167516639859819 ], [ 71.46493402070854, 51.167516139862784 ] ] ], [ [ [ 71.467604321588709, 51.167437839907564 ], [ 71.4675422, 51.167343099999989 ], [ 71.4672926, 51.1673153 ], [ 71.4672084, 51.1673421 ], [ 71.467339721498249, 51.167522239903001 ], [ 71.467604321588709, 51.167437839907564 ] ] ], [ [ [ 71.4647126, 51.1675378 ], [ 71.4646281, 51.1675647 ], [ 71.464652520612034, 51.167611839857919 ], [ 71.464739620641609, 51.167589039859415 ], [ 71.4647126, 51.1675378 ] ] ], [ [ [ 71.465163341547353, 51.167773479732446 ], [ 71.465192200000018, 51.1677131 ], [ 71.4650576, 51.167531299999986 ], [ 71.4648709, 51.1675867 ], [ 71.464865941365275, 51.167616979723022 ], [ 71.465012241444427, 51.16781707972725 ], [ 71.465163341547353, 51.167773479732446 ] ] ], [ [ [ 71.465235, 51.1678467 ], [ 71.4650527, 51.1679026 ], [ 71.465050220729708, 51.167917739864066 ], [ 71.465259020787045, 51.16818293986713 ], [ 71.465440120848868, 51.168127139870251 ], [ 71.4654426, 51.168112 ], [ 71.465235, 51.1678467 ] ] ], [ [ [ 71.465829220942041, 51.168944839875437 ], [ 71.466084121029141, 51.168864639879828 ], [ 71.4660866, 51.1688495 ], [ 71.4658205, 51.168517099999988 ], [ 71.4656125, 51.16832010000001 ], [ 71.4654446, 51.1683729 ], [ 71.465442120838489, 51.168388039869861 ], [ 71.465559320867683, 51.168607739871454 ], [ 71.465829220942041, 51.168944839875437 ] ] ], [ [ [ 71.468368221741471, 51.169757239916549 ], [ 71.4671264, 51.1680955 ], [ 71.4665104, 51.1679433 ], [ 71.4660964, 51.1680663 ], [ 71.46754512146083, 51.17000183990239 ], [ 71.468368221741471, 51.169757239916549 ] ] ], [ [ [ 71.4661473, 51.1689721 ], [ 71.465931, 51.1690452 ], [ 71.465921083870327, 51.16910575950719 ], [ 71.466170884149278, 51.169396359522011 ], [ 71.466387184445779, 51.169323259536945 ], [ 71.4663971, 51.169262699999983 ], [ 71.4661473, 51.1689721 ] ] ], [ [ [ 71.4658364, 51.1698303 ], [ 71.465641416412225, 51.169887022579857 ], [ 71.465772025334331, 51.169839139239052 ], [ 71.4657869, 51.1697483 ], [ 71.4650571, 51.1689 ], [ 71.4649424, 51.1688735 ], [ 71.4647086, 51.1689492 ], [ 71.46469372341258, 51.169040039138643 ], [ 71.464787223569189, 51.16914883914697 ], [ 71.46563759072481, 51.169888135504081 ], [ 71.4655724, 51.169907099999989 ], [ 71.465569920815526, 51.169922239869507 ], [ 71.46588092090019, 51.170334739874015 ], [ 71.466140320988586, 51.170259239878497 ], [ 71.4661428, 51.1702441 ], [ 71.4658364, 51.1698303 ] ] ], [ [ [ 71.466849321243373, 51.169740839891176 ], [ 71.4665048, 51.1693203 ], [ 71.4663736, 51.1693662 ], [ 71.466361321088243, 51.169619239883232 ], [ 71.466555921142898, 51.169838239886118 ], [ 71.466849321243373, 51.169740839891176 ] ] ], [ [ [ 71.465364020750854, 51.169852839866174 ], [ 71.4651174, 51.1695523 ], [ 71.4649862, 51.1695917 ], [ 71.465207220697366, 51.169899839863461 ], [ 71.465364020750854, 51.169852839866174 ] ] ], [ [ [ 71.465090320654241, 51.170011539861335 ], [ 71.4647845, 51.169608 ], [ 71.4646004, 51.1696655 ], [ 71.464906220591359, 51.170068939858147 ], [ 71.465090320654241, 51.170011539861335 ] ] ], [ [ [ 71.467152321321294, 51.170251039895433 ], [ 71.4670908, 51.1701061 ], [ 71.4669329, 51.1699081 ], [ 71.4667046, 51.169979 ], [ 71.46695392125352, 51.170312539892009 ], [ 71.467152321321294, 51.170251039895433 ] ] ], [ [ [ 71.465649520820932, 51.170412239870032 ], [ 71.4655901, 51.1703008 ], [ 71.4654899, 51.1703302 ], [ 71.465553520788276, 51.170439039868377 ], [ 71.465649520820932, 51.170412239870032 ] ] ], [ [ [ 71.4650013, 51.1701216 ], [ 71.4648285, 51.1701764 ], [ 71.464826020559826, 51.17019153985661 ], [ 71.465188720658915, 51.170665039861916 ], [ 71.465370020720599, 51.170614239865024 ], [ 71.4653725, 51.1705991 ], [ 71.4650013, 51.1701216 ] ] ], [ [ [ 71.4672152, 51.170342 ], [ 71.4670384, 51.170397800000011 ], [ 71.467169621313076, 51.170579539895179 ], [ 71.467346421373506, 51.170523739898229 ], [ 71.4672152, 51.170342 ] ] ], [ [ [ 71.4659768, 51.1705386 ], [ 71.4655662, 51.170661699999989 ], [ 71.465646820804238, 51.170785839869382 ], [ 71.466057520944318, 51.170662739876448 ], [ 71.4659768, 51.1705386 ] ] ], [ [ [ 71.4654845, 51.1706345 ], [ 71.4653608, 51.17068 ], [ 71.465394520723407, 51.170737939865226 ], [ 71.465520420766453, 51.170697839867408 ], [ 71.4654845, 51.1706345 ] ] ], [ [ [ 71.466729121158792, 51.170806839887454 ], [ 71.4664201, 51.170464 ], [ 71.4661939, 51.1705376 ], [ 71.466475221071846, 51.170891139883054 ], [ 71.466729121158792, 51.170806839887454 ] ] ], [ [ [ 71.467207321320345, 51.170700639895621 ], [ 71.467434521384476, 51.170948039899002 ], [ 71.467602021441536, 51.170899239901892 ], [ 71.4676237, 51.1707677 ], [ 71.4675384, 51.1706574 ], [ 71.4673656, 51.1705791 ], [ 71.4671714, 51.170638 ], [ 71.467207321320345, 51.170700639895621 ] ] ], [ [ [ 71.466357321028042, 51.171011139880903 ], [ 71.4662939, 51.1709054 ], [ 71.4654685, 51.1711411 ], [ 71.465466020729181, 51.171156239865759 ], [ 71.465531920746983, 51.171246839866711 ], [ 71.466357321028042, 51.171011139880903 ] ] ], [ [ [ 71.466929021203853, 51.171293239889984 ], [ 71.467160021282865, 51.171219139893985 ], [ 71.4671625, 51.171204 ], [ 71.4670896, 51.171114700000011 ], [ 71.4668273, 51.1709579 ], [ 71.4666119, 51.171027 ], [ 71.466609421109538, 51.171042139885053 ], [ 71.466809521164862, 51.171287539888006 ], [ 71.466929021203853, 51.171293239889984 ] ] ], [ [ [ 71.467778, 51.171037899999988 ], [ 71.4675302, 51.1711134 ], [ 71.467584921423111, 51.171202339901114 ], [ 71.467832721507676, 51.171126739905375 ], [ 71.467778, 51.171037899999988 ] ] ], [ [ [ 71.466553421081599, 51.171267239883747 ], [ 71.4664997, 51.1711745 ], [ 71.4659739, 51.171324199999987 ], [ 71.465971420887414, 51.171339339873896 ], [ 71.46602772090263, 51.171416939874717 ], [ 71.466553421081599, 51.171267239883747 ] ] ], [ [ [ 71.466543421068209, 51.171506339883209 ], [ 71.4664848, 51.1714202 ], [ 71.4654141, 51.171782 ], [ 71.465543720721087, 51.17195073986575 ], [ 71.466431221025232, 51.171650839881075 ], [ 71.466543421068209, 51.171506339883209 ] ] ], [ [ [ 71.4673392, 51.171486 ], [ 71.4671404, 51.1715459 ], [ 71.467137921261127, 51.171561039893056 ], [ 71.467515321364232, 51.172053939898568 ], [ 71.467714121432053, 51.171994139901976 ], [ 71.4677166, 51.171979 ], [ 71.4673392, 51.171486 ] ] ], [ [ [ 71.4666528, 51.1717765 ], [ 71.466874321148524, 51.172176339887635 ], [ 71.466971321181333, 51.172154139889294 ], [ 71.4670065, 51.1720435 ], [ 71.4668378, 51.1717553 ], [ 71.4667998, 51.1717429 ], [ 71.4666528, 51.1717765 ] ] ], [ [ [ 71.464258620298338, 51.171966639844221 ], [ 71.464430320345713, 51.172179539846759 ], [ 71.464527520378937, 51.172148739848438 ], [ 71.4647663, 51.1719329 ], [ 71.4647033, 51.1718548 ], [ 71.4644837, 51.1718412 ], [ 71.4643374, 51.1718876 ], [ 71.464258620298338, 51.171966639844221 ] ] ], [ [ [ 71.4663219, 51.17192 ], [ 71.466106, 51.1719881 ], [ 71.466103520902692, 51.172003239875039 ], [ 71.46648962100916, 51.172484139880709 ], [ 71.466705521082943, 51.172416039884432 ], [ 71.466708, 51.1724009 ], [ 71.4663219, 51.17192 ] ] ], [ [ [ 71.465867300000014, 51.1719964 ], [ 71.4656546, 51.1720602 ], [ 71.465652120751386, 51.172075339867355 ], [ 71.466185420896963, 51.172774439875155 ], [ 71.466398220969552, 51.172710639878815 ], [ 71.4664007, 51.1726955 ], [ 71.465867300000014, 51.1719964 ] ] ], [ [ [ 71.4651659, 51.17242 ], [ 71.4648011, 51.1725041 ], [ 71.464861120468314, 51.172625739853238 ], [ 71.465225920591678, 51.172541639859482 ], [ 71.4651659, 51.17242 ] ] ], [ [ [ 71.4667766, 51.1724534 ], [ 71.4664589, 51.17255 ], [ 71.466548021019889, 51.172683539881362 ], [ 71.466865621128306, 51.17258693988682 ], [ 71.4667766, 51.1724534 ] ] ], [ [ [ 71.466962, 51.1725649 ], [ 71.4661975, 51.172797399999986 ], [ 71.466300820927472, 51.172949339876787 ], [ 71.467065321188386, 51.172716839889951 ], [ 71.466962, 51.1725649 ] ] ], [ [ [ 71.4648393, 51.172977099999983 ], [ 71.4646279, 51.1727223 ], [ 71.4644553, 51.1727786 ], [ 71.464660169718897, 51.173043657620667 ], [ 71.4645483, 51.1730785 ], [ 71.464545820344952, 51.173093639847202 ], [ 71.464973020462423, 51.173632939853469 ], [ 71.46522442054831, 51.173554639857805 ], [ 71.4652269, 51.173539499999983 ], [ 71.464802311156561, 51.173003496384837 ], [ 71.4648393, 51.172977099999983 ] ] ], [ [ [ 71.468195621546727, 51.17302133990836 ], [ 71.4679446, 51.172736099999987 ], [ 71.4676941, 51.1728285 ], [ 71.467791621417064, 51.172950239901724 ], [ 71.468021621486869, 51.173085539905351 ], [ 71.468195621546727, 51.17302133990836 ] ] ], [ [ [ 71.4662278208678, 51.173792439874191 ], [ 71.4654663, 51.1727683 ], [ 71.4652412, 51.1728353 ], [ 71.46600272079101, 51.173859539870321 ], [ 71.4662278208678, 51.173792439874191 ] ] ], [ [ [ 71.466671421014297, 51.173773739881639 ], [ 71.4666412, 51.1733351 ], [ 71.4664929, 51.1731474 ], [ 71.4661302, 51.17326 ], [ 71.466127720856818, 51.173275139873354 ], [ 71.46655092097312, 51.173811139879568 ], [ 71.466671421014297, 51.173773739881639 ] ] ], [ [ [ 71.466436920926782, 51.174021439877322 ], [ 71.4662919, 51.1737991 ], [ 71.4661441, 51.1738405 ], [ 71.466128720827172, 51.173983539872225 ], [ 71.466202420846983, 51.174087039873292 ], [ 71.466436920926782, 51.174021439877322 ] ] ], [ [ [ 71.465627120652286, 51.17422283986344 ], [ 71.465249, 51.1737305 ], [ 71.4650897, 51.1737804 ], [ 71.465467820597851, 51.174272839860699 ], [ 71.465627120652286, 51.17422283986344 ] ] ], [ [ [ 71.4657369, 51.1742211 ], [ 71.4655131, 51.1742948 ], [ 71.465510620610331, 51.174309939861359 ], [ 71.465738120673549, 51.174581639864719 ], [ 71.465961920750189, 51.174507939868583 ], [ 71.4659644, 51.1744928 ], [ 71.4657369, 51.1742211 ] ] ], [ [ [ 71.4649245, 51.1742281 ], [ 71.4647465, 51.1742772 ], [ 71.464744020359291, 51.174292339848549 ], [ 71.465133420463701, 51.174847239854188 ], [ 71.465311420524245, 51.174798139857224 ], [ 71.4653139, 51.174783 ], [ 71.4649245, 51.1742281 ] ] ], [ [ [ 71.4653832, 51.174396599999987 ], [ 71.4652776, 51.174428699999986 ], [ 71.465275120527309, 51.174443839857204 ], [ 71.465466820579778, 51.174691739860002 ], [ 71.465572520615865, 51.174659539861821 ], [ 71.465575, 51.1746444 ], [ 71.4653832, 51.174396599999987 ] ] ], [ [ [ 71.466425120893007, 51.174728039875973 ], [ 71.4662123, 51.1744558 ], [ 71.4659398, 51.1745455 ], [ 71.466231320821578, 51.174911639872434 ], [ 71.466402420880172, 51.174855239875377 ], [ 71.466425120893007, 51.174728039875973 ] ] ], [ [ [ 71.4653428, 51.1747928 ], [ 71.4651748, 51.174841 ], [ 71.46528502050657, 51.175010539856444 ], [ 71.465453020563785, 51.174962339859327 ], [ 71.4653428, 51.1747928 ] ] ], [ [ [ 71.4649701, 51.1747909 ], [ 71.4643034, 51.1750023 ], [ 71.46459962026546, 51.175387739844375 ], [ 71.465266320493413, 51.175176339855874 ], [ 71.4649701, 51.1747909 ] ] ], [ [ [ 71.466040520749587, 51.175131939868898 ], [ 71.4659812, 51.1749916 ], [ 71.4653679, 51.1751107 ], [ 71.465365420528087, 51.175125839857607 ], [ 71.465427120543069, 51.175250939858422 ], [ 71.466040520749587, 51.175131939868898 ] ] ], [ [ [ 71.466098, 51.1751433 ], [ 71.4658164, 51.1752022 ], [ 71.465872120686015, 51.175326839865747 ], [ 71.466153720781023, 51.175267939870544 ], [ 71.466098, 51.1751433 ] ] ], [ [ [ 71.4648055, 51.1754517 ], [ 71.464657300000013, 51.1754715 ], [ 71.464654820279421, 51.175486639845118 ], [ 71.464773720303626, 51.175837139846536 ], [ 71.464921920353135, 51.175817339849061 ], [ 71.4649244, 51.1758022 ], [ 71.4648055, 51.1754517 ] ] ], [ [ [ 71.46535302049567, 51.175795339856307 ], [ 71.4653388, 51.1756102 ], [ 71.4650746, 51.1756204 ], [ 71.465088820408468, 51.175805539851844 ], [ 71.46535302049567, 51.175795339856307 ] ] ], [ [ [ 71.4660234, 51.1755803 ], [ 71.465820320642678, 51.17594873986387 ], [ 71.465993320697876, 51.175987339866694 ], [ 71.4661964, 51.175619 ], [ 71.4660234, 51.1755803 ] ] ], [ [ [ 71.465454, 51.1760095 ], [ 71.465407320490257, 51.176344539856309 ], [ 71.465658520572205, 51.176358239860498 ], [ 71.4657052, 51.1760231 ], [ 71.465454, 51.1760095 ] ] ], [ [ [ 71.4684149, 51.178429 ], [ 71.4681444, 51.1780952 ], [ 71.4671104, 51.178424399999983 ], [ 71.467105441918932, 51.178454679762623 ], [ 71.467375842068336, 51.178788479770574 ], [ 71.468409942775622, 51.178459279806241 ], [ 71.4684149, 51.178429 ] ] ], [ [ [ 71.467843245426408, 51.142698379903713 ], [ 71.4679746, 51.142501099999983 ], [ 71.4677189, 51.1423726 ], [ 71.467521, 51.1423136 ], [ 71.4673297, 51.1425663 ], [ 71.467324745094771, 51.142596579886735 ], [ 71.467531045224945, 51.142658079893401 ], [ 71.467843245426408, 51.142698379903713 ] ] ], [ [ [ 71.4671379, 51.1426523 ], [ 71.467104022469542, 51.142707939939463 ], [ 71.467176022492239, 51.142729839940621 ], [ 71.4672098, 51.1426742 ], [ 71.4671379, 51.1426523 ] ] ], [ [ [ 71.4687321, 51.1424081 ], [ 71.468339, 51.1429863 ], [ 71.468336522861534, 51.143001439959576 ], [ 71.468603022945956, 51.143072739963891 ], [ 71.468996223099353, 51.142494639971417 ], [ 71.4689987, 51.1424795 ], [ 71.4687321, 51.1424081 ] ] ], [ [ [ 71.469139423116047, 51.143212339972635 ], [ 71.469637100000014, 51.1424851 ], [ 71.4692359, 51.142374 ], [ 71.468713622979905, 51.143127639965662 ], [ 71.468961223058244, 51.143196239969683 ], [ 71.469139423116047, 51.143212339972635 ] ] ], [ [ [ 71.4678067, 51.1428426 ], [ 71.467771922680583, 51.142899439950305 ], [ 71.467864322709715, 51.142927639951807 ], [ 71.4678991, 51.1428708 ], [ 71.4678067, 51.1428426 ] ] ], [ [ [ 71.4665853, 51.1429942 ], [ 71.466488522249378, 51.143139439928468 ], [ 71.467331922515939, 51.143380039942173 ], [ 71.4674286, 51.1432348 ], [ 71.4665853, 51.1429942 ] ] ], [ [ [ 71.469815, 51.1432293 ], [ 71.4693998, 51.143116799999987 ], [ 71.4693028, 51.1432576 ], [ 71.469295369494489, 51.14330301992549 ], [ 71.469710569888903, 51.143415619945728 ], [ 71.469807570002217, 51.143274719951272 ], [ 71.469815, 51.1432293 ] ] ], [ [ [ 71.4675412, 51.1432594 ], [ 71.4674423, 51.1433948 ], [ 71.467429912735838, 51.143470499718966 ], [ 71.469082415346591, 51.143944999853133 ], [ 71.469181215537262, 51.143809499862485 ], [ 71.4691936, 51.1437338 ], [ 71.4675412, 51.1432594 ] ] ], [ [ [ 71.467081034477928, 51.143954539623252 ], [ 71.467354635111946, 51.143577939654378 ], [ 71.4673695, 51.1434871 ], [ 71.4671303, 51.1434187 ], [ 71.4670734, 51.1434971 ], [ 71.466938018248683, 51.143879850693331 ], [ 71.466065, 51.143676599999985 ], [ 71.4659898, 51.1437768 ], [ 71.465977410272387, 51.143852499594495 ], [ 71.466928711773662, 51.144133399671716 ], [ 71.46703741198256, 51.143988599681968 ], [ 71.467044686446684, 51.143944147509671 ], [ 71.467081034477928, 51.143954539623252 ] ] ], [ [ [ 71.4694476, 51.1438337 ], [ 71.4693604, 51.1439543 ], [ 71.469338108349746, 51.144090559773126 ], [ 71.470275111015411, 51.14435715991003 ], [ 71.470362311318695, 51.144236559924892 ], [ 71.4703846, 51.1441003 ], [ 71.4694476, 51.1438337 ] ] ], [ [ [ 71.4678719, 51.1439729 ], [ 71.4676728, 51.1439841 ], [ 71.467660412989574, 51.144059799733427 ], [ 71.467784413009241, 51.144930099736719 ], [ 71.46798361333839, 51.144918999753443 ], [ 71.467996, 51.1448433 ], [ 71.4678719, 51.1439729 ] ] ], [ [ [ 71.4686775, 51.1447736 ], [ 71.4685858, 51.1441331 ], [ 71.468353, 51.1441462 ], [ 71.468340614071209, 51.144221899788931 ], [ 71.468432314086471, 51.144862399791378 ], [ 71.468665114471136, 51.144849299810915 ], [ 71.4686775, 51.1447736 ] ] ], [ [ [ 71.4692099, 51.144866 ], [ 71.4680009, 51.1449367 ], [ 71.468004313330184, 51.14511879975354 ], [ 71.469213315328531, 51.145048099855082 ], [ 71.4692099, 51.144866 ] ] ], [ [ [ 71.469780723225682, 51.14560003997947 ], [ 71.470011423305053, 51.145513139983471 ], [ 71.470767612424055, 51.144477459982269 ], [ 71.470785979065894, 51.144365171542901 ], [ 71.470883294562171, 51.144393559999727 ], [ 71.470967394691684, 51.144280060006075 ], [ 71.4709773, 51.1442195 ], [ 71.470649, 51.1441237 ], [ 71.4705648, 51.1442372 ], [ 71.470554894147341, 51.144297759978414 ], [ 71.470617343831464, 51.144315977722648 ], [ 71.4702913, 51.1447824 ], [ 71.47028195106472, 51.144839552614506 ], [ 71.4679354, 51.1455806 ], [ 71.467932922619568, 51.145595739948611 ], [ 71.467952022620807, 51.145715039948733 ], [ 71.469780723225682, 51.14560003997947 ] ] ], [ [ [ 71.4678958, 51.1450995 ], [ 71.4676892, 51.1451143 ], [ 71.467676812777853, 51.145189999725609 ], [ 71.467744712810415, 51.145563399728232 ], [ 71.467951313152483, 51.145548599745624 ], [ 71.4679637, 51.1454729 ], [ 71.4678958, 51.1450995 ] ] ], [ [ [ 71.4674257, 51.145397 ], [ 71.467423822457008, 51.145489439940278 ], [ 71.467504022483325, 51.145489239941625 ], [ 71.4675059, 51.1453968 ], [ 71.4674257, 51.145397 ] ] ], [ [ [ 71.4676457, 51.1456375 ], [ 71.467604, 51.1456397 ], [ 71.467605622508458, 51.145683939943005 ], [ 71.467647222522189, 51.145681639943682 ], [ 71.4676457, 51.1456375 ] ] ], [ [ [ 71.467929412895401, 51.146596099735277 ], [ 71.468680714083916, 51.146804999796316 ], [ 71.468782014280521, 51.14666089980593 ], [ 71.4687944, 51.1465852 ], [ 71.468446959638769, 51.146290296656083 ], [ 71.46967083900617, 51.146205839860841 ], [ 71.4696857, 51.146115 ], [ 71.4696617, 51.1459784 ], [ 71.468243, 51.1460763 ], [ 71.468237127270584, 51.146112191008605 ], [ 71.468139, 51.1460289 ], [ 71.4678564, 51.1460494 ], [ 71.467844012854727, 51.146125099731968 ], [ 71.467929412895401, 51.146596099735277 ] ] ], [ [ [ 71.4669114, 51.1461688 ], [ 71.466540400000014, 51.146200399999984 ], [ 71.4664469, 51.1462351 ], [ 71.466463022107533, 51.146299739922917 ], [ 71.46700642227934, 51.146453439931726 ], [ 71.467161922331144, 51.146435139934347 ], [ 71.4671846, 51.1463765 ], [ 71.4670732, 51.1462498 ], [ 71.4669758, 51.1461841 ], [ 71.4669114, 51.1461688 ] ] ], [ [ [ 71.4674459, 51.1461677 ], [ 71.4672866, 51.146208 ], [ 71.467284122380192, 51.146223139936751 ], [ 71.467297622380428, 51.146322339936816 ], [ 71.467376022398113, 51.146512539937802 ], [ 71.46753532244928, 51.146539039940436 ], [ 71.4675445, 51.146208 ], [ 71.4675047, 51.1461792 ], [ 71.4674459, 51.1461677 ] ] ], [ [ [ 71.467748464661753, 51.147087628976273 ], [ 71.467808612609645, 51.147010799721791 ], [ 71.467821, 51.1469351 ], [ 71.4668243, 51.146628 ], [ 71.4667356, 51.146741299999988 ], [ 71.466723210869787, 51.146816999632684 ], [ 71.467691213453023, 51.147115257263053 ], [ 71.4673231, 51.147292899999989 ], [ 71.4672439, 51.147406 ], [ 71.467231511563355, 51.147481699669754 ], [ 71.468127012980545, 51.147728199742566 ], [ 71.468495713696768, 51.147201099777632 ], [ 71.4685081, 51.1471254 ], [ 71.4679746, 51.14697850000001 ], [ 71.467748464661753, 51.147087628976273 ] ] ], [ [ [ 71.4665439, 51.1468837 ], [ 71.466542422104737, 51.146982339923113 ], [ 71.466721022163384, 51.146981439926108 ], [ 71.4667225, 51.1468829 ], [ 71.4665439, 51.1468837 ] ] ], [ [ [ 71.4689526, 51.1467826 ], [ 71.468940214498431, 51.146858299817559 ], [ 71.470158291667317, 51.147206576493019 ], [ 71.470133223271503, 51.147255239982655 ], [ 71.470381023350029, 51.147320939986678 ], [ 71.470523200000017, 51.1470985 ], [ 71.4702754, 51.1470328 ], [ 71.470253068663041, 51.147065937470927 ], [ 71.4702597, 51.1470254 ], [ 71.4690314, 51.1466742 ], [ 71.4689526, 51.1467826 ] ] ], [ [ [ 71.46878536306329, 51.148125943336886 ], [ 71.468753513902996, 51.148227799790831 ], [ 71.469282214737774, 51.148382699833718 ], [ 71.469357814883267, 51.148281099840858 ], [ 71.4693702, 51.1482054 ], [ 71.468862119592245, 51.148056541250511 ], [ 71.469184014735958, 51.147627999831641 ], [ 71.469194975904657, 51.147561004208292 ], [ 71.469307722993591, 51.147421539968605 ], [ 71.4693102, 51.1474064 ], [ 71.4691624, 51.147362799999989 ], [ 71.4686704, 51.1480126 ], [ 71.468658013775752, 51.148088299783986 ], [ 71.46878536306329, 51.148125943336886 ] ] ], [ [ [ 71.4685857, 51.147176 ], [ 71.4681458, 51.147775 ], [ 71.468143322595964, 51.147790139948562 ], [ 71.468232522624135, 51.147815939949993 ], [ 71.468672422793759, 51.147216939958334 ], [ 71.4686749, 51.1472018 ], [ 71.4685857, 51.147176 ] ] ], [ [ [ 71.4687788, 51.1473072 ], [ 71.4683282, 51.1478928 ], [ 71.468325722650832, 51.147907939951402 ], [ 71.468399222674009, 51.147930139952607 ], [ 71.46884992284663, 51.147344639961076 ], [ 71.4688524, 51.1473295 ], [ 71.4687788, 51.1473072 ] ] ], [ [ [ 71.4693209, 51.1474086 ], [ 71.4692606, 51.1474915 ], [ 71.469248214854119, 51.147567199837518 ], [ 71.470103316205439, 51.147811999906899 ], [ 71.470163616321884, 51.147728999912623 ], [ 71.470176, 51.1476533 ], [ 71.4693209, 51.1474086 ] ] ], [ [ [ 71.4672388, 51.147594499999983 ], [ 71.4670725, 51.1475955 ], [ 71.467050200209655, 51.147731759375809 ], [ 71.467062499953812, 51.148500259366394 ], [ 71.467228800445341, 51.148499259391428 ], [ 71.4672511, 51.148363 ], [ 71.4672388, 51.147594499999983 ] ] ], [ [ [ 71.468082, 51.1478726 ], [ 71.4679796, 51.1480153 ], [ 71.467967212641767, 51.148090999726264 ], [ 71.468284613143624, 51.148180599752045 ], [ 71.468387013341726, 51.148037999761755 ], [ 71.4683994, 51.1479623 ], [ 71.468082, 51.1478726 ] ] ], [ [ [ 71.4686484, 51.14825170000001 ], [ 71.4674016, 51.1482513 ], [ 71.467380300881487, 51.148528959413781 ], [ 71.468625704559528, 51.148529259601041 ], [ 71.4686484, 51.14825170000001 ] ] ], [ [ [ 71.4679588, 51.1486555 ], [ 71.4667001, 51.1486526 ], [ 71.466687710381393, 51.148853399613138 ], [ 71.467674599443413, 51.148853499077092 ], [ 71.467675022395724, 51.148892339938932 ], [ 71.467958722488873, 51.148891139943686 ], [ 71.4679588, 51.1486555 ] ] ], [ [ [ 71.4691559, 51.1485862 ], [ 71.46914886864208, 51.148895519890843 ], [ 71.469564469051278, 51.148895319911666 ], [ 71.4695714, 51.148586 ], [ 71.4691559, 51.1485862 ] ] ], [ [ [ 71.468138202968888, 51.14892615952192 ], [ 71.468238573163134, 51.14892598711166 ], [ 71.468238622578724, 51.148938439948274 ], [ 71.468270822589304, 51.148938439948822 ], [ 71.468272869940648, 51.148925928178841 ], [ 71.46912560588575, 51.14892445967039 ], [ 71.4691474, 51.1486578 ], [ 71.4681599, 51.1486595 ], [ 71.468138202968888, 51.14892615952192 ] ] ], [ [ [ 71.4672731, 51.1491972 ], [ 71.467260211209151, 51.149381699656679 ], [ 71.468681413540594, 51.149384099775396 ], [ 71.4686943, 51.1491996 ], [ 71.4672731, 51.1491972 ] ] ], [ [ [ 71.46961209203134, 51.149501859881589 ], [ 71.469796992312496, 51.149274159895427 ], [ 71.4698069, 51.1492136 ], [ 71.4697337, 51.1491568 ], [ 71.4696106, 51.1491563 ], [ 71.4693877, 51.1492237 ], [ 71.469387991749173, 51.149430859867088 ], [ 71.46961209203134, 51.149501859881589 ] ] ], [ [ [ 71.468888, 51.1493652 ], [ 71.468875113711931, 51.150077899785927 ], [ 71.469043913988727, 51.150078799800013 ], [ 71.46905382280066, 51.150018239960126 ], [ 71.469233122859492, 51.150018239963124 ], [ 71.4692361, 51.149366599999986 ], [ 71.4690836, 51.149373299999986 ], [ 71.469058556442207, 51.149909037641542 ], [ 71.4690716, 51.1493653 ], [ 71.468888, 51.1493652 ] ] ], [ [ [ 71.4675847, 51.149421499999988 ], [ 71.46756681150535, 51.150361299674316 ], [ 71.4677279117696, 51.150361699687785 ], [ 71.4677459, 51.1494219 ], [ 71.4675847, 51.149421499999988 ] ] ], [ [ [ 71.46844160000002, 51.1499146 ], [ 71.468439122601723, 51.149952239949982 ], [ 71.468475422613622, 51.149952239950586 ], [ 71.4684779, 51.1499146 ], [ 71.46844160000002, 51.1499146 ] ] ], [ [ [ 71.4687276, 51.1500967 ], [ 71.468683, 51.150096699999985 ], [ 71.468680522673068, 51.150138339953713 ], [ 71.468725022687678, 51.150138339954445 ], [ 71.4687276, 51.1500967 ] ] ], [ [ [ 71.468447200000014, 51.1500032 ], [ 71.468418512828933, 51.150711399742626 ], [ 71.468601413128653, 51.150713299757903 ], [ 71.4686301, 51.150005 ], [ 71.468447200000014, 51.1500032 ] ] ], [ [ [ 71.4671097, 51.1504872 ], [ 71.467097410669112, 51.150673699632563 ], [ 71.468127612359609, 51.150673499718629 ], [ 71.4681399, 51.150487 ], [ 71.4671097, 51.1504872 ] ] ], [ [ [ 71.469922815298759, 51.150704699868314 ], [ 71.470504016342247, 51.150279199920291 ], [ 71.470821716957431, 51.149834399950436 ], [ 71.4708341, 51.1497587 ], [ 71.470719314993786, 51.149726441880212 ], [ 71.471408117938054, 51.149747100000091 ], [ 71.47149521810671, 51.14962510000835 ], [ 71.4715076, 51.1495494 ], [ 71.470797, 51.1493674 ], [ 71.4706174, 51.149619 ], [ 71.470605027535711, 51.149694633274741 ], [ 71.4700985, 51.1501283 ], [ 71.4697803, 51.1505867 ], [ 71.469774694496806, 51.150620962249477 ], [ 71.4697321, 51.1506093 ], [ 71.4697035, 51.1506504 ], [ 71.469701022985717, 51.150665539969893 ], [ 71.469794523015324, 51.150691139971414 ], [ 71.469807079884077, 51.150673094977584 ], [ 71.469922815298759, 51.150704699868314 ] ] ], [ [ [ 71.467323910930261, 51.151196899647225 ], [ 71.4673333, 51.1509892 ], [ 71.467272, 51.1508289 ], [ 71.4669989, 51.1508314 ], [ 71.466996610361008, 51.151349199618636 ], [ 71.467269810809839, 51.151346699641493 ], [ 71.467323910930261, 51.151196899647225 ] ] ], [ [ [ 71.467826622328005, 51.151673539936944 ], [ 71.468366022530887, 51.151060939946952 ], [ 71.468500122583293, 51.15086243994952 ], [ 71.4685026, 51.1508473 ], [ 71.4682558, 51.15078 ], [ 71.4676714, 51.151615 ], [ 71.467668922278065, 51.151630139934383 ], [ 71.467826622328005, 51.151673539936944 ] ] ], [ [ [ 71.4696594, 51.1507732 ], [ 71.4692627, 51.1515952 ], [ 71.469250313991253, 51.151670899804309 ], [ 71.469435214287302, 51.15170579981946 ], [ 71.469830215109084, 51.150883499859127 ], [ 71.4698426, 51.1508078 ], [ 71.4696594, 51.1507732 ] ] ], [ [ [ 71.4699152, 51.1516489 ], [ 71.469845222986237, 51.151774039970491 ], [ 71.470035623046783, 51.151819939973599 ], [ 71.4701056, 51.1516948 ], [ 71.4699152, 51.1516489 ] ] ], [ [ [ 71.4672242, 51.151612 ], [ 71.467213622098811, 51.152336139925616 ], [ 71.467234822104956, 51.152355339925926 ], [ 71.467469022181689, 51.15235883992986 ], [ 71.467519722201445, 51.152284939930809 ], [ 71.467553322216773, 51.152183239931539 ], [ 71.4675817, 51.1517328 ], [ 71.4675324, 51.1516136 ], [ 71.4672242, 51.151612 ] ] ], [ [ [ 71.468950013357684, 51.152337699773774 ], [ 71.469619914497116, 51.152147599831281 ], [ 71.469697214645976, 51.152043399838576 ], [ 71.4697096, 51.1519677 ], [ 71.4690792, 51.1517837 ], [ 71.4687143, 51.15211750000001 ], [ 71.4686704, 51.1521768 ], [ 71.468658012896512, 51.152252499750084 ], [ 71.468950013357684, 51.152337699773774 ] ] ], [ [ [ 71.469771014664417, 51.152529599840783 ], [ 71.4697834, 51.1524539 ], [ 71.469511, 51.152371 ], [ 71.4690393, 51.1531746 ], [ 71.469026913291174, 51.153250299772779 ], [ 71.469177913529251, 51.153296299785019 ], [ 71.469771014664417, 51.152529599840783 ] ] ], [ [ [ 71.4686703, 51.1522994 ], [ 71.467914, 51.1533332 ], [ 71.467901611410994, 51.153408899677487 ], [ 71.468085111700958, 51.153461799692394 ], [ 71.468841413160433, 51.152427899763993 ], [ 71.4688538, 51.1523522 ], [ 71.4686703, 51.1522994 ] ] ], [ [ [ 71.4705434, 51.152662 ], [ 71.470366, 51.152608399999984 ], [ 71.4699047, 51.1532096 ], [ 71.469892314703955, 51.153285299844761 ], [ 71.470069814983944, 51.153338799859149 ], [ 71.470531015867678, 51.152737699902559 ], [ 71.4705434, 51.152662 ] ] ], [ [ [ 71.4692624, 51.1534812 ], [ 71.4691332, 51.1534417 ], [ 71.4690559, 51.1535412 ], [ 71.469053422651101, 51.153556339954378 ], [ 71.469182622691847, 51.153595839956473 ], [ 71.469206455704736, 51.153565162337145 ], [ 71.469171104198125, 51.15371875960701 ], [ 71.469969606466861, 51.153955559723585 ], [ 71.470044306725214, 51.153856359736253 ], [ 71.4700666, 51.1537201 ], [ 71.4692681, 51.1534833 ], [ 71.469260378593432, 51.153493553883997 ], [ 71.4692624, 51.1534812 ] ] ], [ [ [ 71.467841022388299, 51.154050699336054 ], [ 71.46786013894355, 51.154024220340609 ], [ 71.468210078844507, 51.154120419516744 ], [ 71.468230552858842, 51.154091081615732 ], [ 71.468224278878765, 51.154129419518526 ], [ 71.468583779789356, 51.154228119565296 ], [ 71.468668780053704, 51.15410631957824 ], [ 71.4686886, 51.1539852 ], [ 71.4683292, 51.1538865 ], [ 71.468308602887305, 51.153915979831829 ], [ 71.4683149, 51.1538775 ], [ 71.467952477138326, 51.15378312803842 ], [ 71.467846077288101, 51.153675833373967 ], [ 71.4679528, 51.1535131 ], [ 71.4677623, 51.1534601 ], [ 71.4675084, 51.153798 ], [ 71.467483621258069, 51.153949399277991 ], [ 71.467841022388299, 51.154050699336054 ] ] ], [ [ [ 71.4690205, 51.1539433 ], [ 71.468824622548524, 51.15420703994949 ], [ 71.469389222726591, 51.154378639958644 ], [ 71.469464527577074, 51.154381899601908 ], [ 71.469777828627272, 51.154330099655084 ], [ 71.469912929146204, 51.154151299680542 ], [ 71.469937700000017, 51.1539999 ], [ 71.4697057, 51.1539309 ], [ 71.4690205, 51.1539433 ] ] ], [ [ [ 71.468897, 51.1543382 ], [ 71.468869, 51.1543141 ], [ 71.4688217, 51.1543173 ], [ 71.468808822536275, 51.154374039948962 ], [ 71.468875222557799, 51.154380539950061 ], [ 71.468897, 51.1543382 ] ] ], [ [ [ 71.4698122, 51.1547115 ], [ 71.469793622843724, 51.154747939964786 ], [ 71.469831422855663, 51.154759239965415 ], [ 71.4698501, 51.1547227 ], [ 71.4698122, 51.1547115 ] ] ], [ [ [ 71.4699128, 51.1555123 ], [ 71.4695864, 51.1553579 ], [ 71.4691765, 51.1553226 ], [ 71.4690566, 51.1553522 ], [ 71.4686881, 51.1557794 ], [ 71.468673234593268, 51.155870239666505 ], [ 71.468666934554591, 51.15597383966486 ], [ 71.468705234614603, 51.156034639668107 ], [ 71.468970435061678, 51.15633143969179 ], [ 71.469571736272528, 51.156226539753071 ], [ 71.469681336507477, 51.156151139764788 ], [ 71.469946237148591, 51.155679939795952 ], [ 71.4699611, 51.1555891 ], [ 71.4699128, 51.1555123 ] ] ], [ [ [ 71.4700234, 51.1560324 ], [ 71.4699418, 51.1560105 ], [ 71.469875038134902, 51.156119135141807 ], [ 71.4698095, 51.156101 ], [ 71.469495322669317, 51.156559439956865 ], [ 71.469661922722054, 51.156605539959578 ], [ 71.469973622843085, 51.156162239965489 ], [ 71.469956555698275, 51.156141691900089 ], [ 71.4700234, 51.1560324 ] ] ], [ [ [ 71.469266812829346, 51.157301399759859 ], [ 71.470298114281078, 51.1584422998367 ], [ 71.470450814543184, 51.158387999849886 ], [ 71.4704632, 51.1583123 ], [ 71.4694318, 51.1571714 ], [ 71.469400503533365, 51.157182536318281 ], [ 71.469515526636613, 51.157004999567732 ], [ 71.469530390672077, 51.156914159827878 ], [ 71.469730990926834, 51.156965259840959 ], [ 71.469838091095383, 51.156799959849174 ], [ 71.469848, 51.1567394 ], [ 71.4694443, 51.1566365 ], [ 71.469166, 51.157066199999988 ], [ 71.469141225318154, 51.157217599501749 ], [ 71.469274942155721, 51.157251720316552 ], [ 71.469266812829346, 51.157301399759859 ] ] ], [ [ [ 71.468693622379405, 51.157192739942445 ], [ 71.4690621, 51.1566608 ], [ 71.4683326, 51.156457599999989 ], [ 71.468227400000018, 51.1566061 ], [ 71.468064522180313, 51.157017439932218 ], [ 71.468693622379405, 51.157192739942445 ] ] ], [ [ [ 71.4701897, 51.1569072 ], [ 71.470142122863393, 51.156991039966975 ], [ 71.470357022931609, 51.157046539970466 ], [ 71.4704046, 51.1569627 ], [ 71.4701897, 51.1569072 ] ] ], [ [ [ 71.4688654, 51.1570798 ], [ 71.468698722375549, 51.157323239942315 ], [ 71.468864822428088, 51.157370239945003 ], [ 71.469031500000014, 51.1571268 ], [ 71.4688654, 51.1570798 ] ] ], [ [ [ 71.4702581, 51.15720240000001 ], [ 71.4700515, 51.1572777 ], [ 71.470029205328515, 51.157413959681875 ], [ 71.470714507071932, 51.15815385977406 ], [ 71.470921107710936, 51.158078559806221 ], [ 71.4709434, 51.1579423 ], [ 71.4702581, 51.15720240000001 ] ] ], [ [ [ 71.4697366, 51.1571465 ], [ 71.4696528, 51.157176 ], [ 71.469650322693496, 51.157191139958428 ], [ 71.470650822974619, 51.158311539973312 ], [ 71.470734623003352, 51.158282139974766 ], [ 71.4707371, 51.158267 ], [ 71.4697366, 51.1571465 ] ] ], [ [ [ 71.4670753, 51.1582246 ], [ 71.4669834, 51.1583926 ], [ 71.466973487054631, 51.15845315964696 ], [ 71.467654587916869, 51.158642959691257 ], [ 71.468484689204985, 51.15747085975439 ], [ 71.4684946, 51.1574103 ], [ 71.4684421, 51.1572028 ], [ 71.4680607, 51.1570965 ], [ 71.4677906, 51.1572146 ], [ 71.4670753, 51.1582246 ] ] ], [ [ [ 71.4688617, 51.157615499999984 ], [ 71.4686151, 51.1579502 ], [ 71.468607666956146, 51.157995619819289 ], [ 71.468632066965966, 51.158107719819967 ], [ 71.468671267000303, 51.158141219821758 ], [ 71.468796267119217, 51.158174319827872 ], [ 71.468869467191226, 51.158175019831553 ], [ 71.469032067358725, 51.158116819839961 ], [ 71.469271467636318, 51.157786819853584 ], [ 71.4692789, 51.1577414 ], [ 71.4688617, 51.157615499999984 ] ] ], [ [ [ 71.4699409, 51.1584331 ], [ 71.4698195, 51.1584761 ], [ 71.469901422717072, 51.158584939960363 ], [ 71.470022822758736, 51.158541939962461 ], [ 71.4699409, 51.1584331 ] ] ], [ [ [ 71.469784722674234, 51.158692239958228 ], [ 71.4697117, 51.1586043 ], [ 71.4696408, 51.1586336 ], [ 71.469710722648642, 51.158722539956941 ], [ 71.469784722674234, 51.158692239958228 ] ] ], [ [ [ 71.469596812966174, 51.159217899771811 ], [ 71.469781113282394, 51.159152999787736 ], [ 71.4697935, 51.1590773 ], [ 71.4694911, 51.1587399 ], [ 71.4691095, 51.1584047 ], [ 71.4688888, 51.1584825 ], [ 71.468876411923091, 51.158558199717014 ], [ 71.469198112375324, 51.158916999740974 ], [ 71.469596812966174, 51.159217899771811 ] ] ], [ [ [ 71.469914390821856, 51.159011959839901 ], [ 71.46995499087285, 51.159025659842506 ], [ 71.470429091524224, 51.158855059875293 ], [ 71.470439, 51.1587945 ], [ 71.4703282, 51.1586733 ], [ 71.4698299, 51.1588484 ], [ 71.469819990715294, 51.15890895983425 ], [ 71.469914390821856, 51.159011959839901 ] ] ], [ [ [ 71.4706054, 51.1594319 ], [ 71.470621222913906, 51.159519039970853 ], [ 71.470661922925331, 51.159565039971454 ], [ 71.470728622946211, 51.159588939972537 ], [ 71.47105153468695, 51.159476455398426 ], [ 71.47102980745035, 51.159609259800128 ], [ 71.471196407872768, 51.159792959822482 ], [ 71.471349208344989, 51.159738359846237 ], [ 71.4713715, 51.1596021 ], [ 71.4712048, 51.1594185 ], [ 71.471097856341459, 51.159456669185332 ], [ 71.470974, 51.1593035 ], [ 71.470891394880582, 51.159332275249426 ], [ 71.4709007, 51.159275399999984 ], [ 71.4705849, 51.158922399999987 ], [ 71.4704301, 51.1589769 ], [ 71.470407805801187, 51.159113159713918 ], [ 71.470672153926856, 51.159408646735294 ], [ 71.4706054, 51.1594319 ] ] ], [ [ [ 71.468002243839507, 51.162715579843862 ], [ 71.4680072, 51.1626853 ], [ 71.467849864978035, 51.16249980355888 ], [ 71.46908090042318, 51.162946159458301 ], [ 71.469307929004515, 51.162973266027386 ], [ 71.4691517, 51.163356 ], [ 71.4688066, 51.1634667 ], [ 71.4684633, 51.1636248 ], [ 71.46844099822232, 51.163761059350144 ], [ 71.468530098444077, 51.163870259361936 ], [ 71.46884449941146, 51.163769459410688 ], [ 71.469223500592946, 51.163607659470053 ], [ 71.469618701810774, 51.163476159531406 ], [ 71.469767302354541, 51.163200959557784 ], [ 71.4697896, 51.1630647 ], [ 71.4696127, 51.1628117 ], [ 71.4694421, 51.1627133 ], [ 71.4679262, 51.1619984 ], [ 71.4674579, 51.1618979 ], [ 71.4670943, 51.1619868 ], [ 71.467071994800293, 51.162123059168202 ], [ 71.467145994974132, 51.162240859177608 ], [ 71.467821015716297, 51.162489190442422 ], [ 71.4673431, 51.1626377 ], [ 71.4671768, 51.1628195 ], [ 71.467171843282898, 51.162849779815645 ], [ 71.467341343376233, 51.163062179820635 ], [ 71.467787143681051, 51.162919279836011 ], [ 71.468002243839507, 51.162715579843862 ] ] ], [ [ [ 71.4689541, 51.1630862 ], [ 71.4688394, 51.1631449 ], [ 71.468889722189829, 51.163202539935909 ], [ 71.469004422230043, 51.163142039937959 ], [ 71.4689541, 51.1630862 ] ] ], [ [ [ 71.470237722622429, 51.163438839958076 ], [ 71.470281722634866, 51.163486039958734 ], [ 71.470584722729654, 51.163597539963611 ], [ 71.470650822754308, 51.163527339964823 ], [ 71.4706533, 51.1635122 ], [ 71.4703686, 51.1633566 ], [ 71.4702703, 51.1633668 ], [ 71.470237722622429, 51.163438839958076 ] ] ], [ [ [ 71.470081022561672, 51.163659439955097 ], [ 71.470146222582883, 51.163663439956181 ], [ 71.470218222607514, 51.163640239957424 ], [ 71.4702394, 51.163585699999985 ], [ 71.4700758, 51.1633554 ], [ 71.4698908, 51.1634155 ], [ 71.469888322508055, 51.163430639952239 ], [ 71.470081022561672, 51.163659439955097 ] ] ], [ [ [ 71.469575322390156, 51.163788839946449 ], [ 71.469821922474523, 51.16370793995069 ], [ 71.469914722507426, 51.16365043995232 ], [ 71.4698192, 51.163518 ], [ 71.4694939, 51.1636242 ], [ 71.469511022372245, 51.163713139945465 ], [ 71.469575322390156, 51.163788839946449 ] ] ], [ [ [ 71.467510160487294, 51.164091878941548 ], [ 71.467622960932587, 51.164090178964209 ], [ 71.467674961144823, 51.164075678974939 ], [ 71.467719261330728, 51.164053278984255 ], [ 71.467773261575005, 51.163991178996298 ], [ 71.4678002, 51.1637388 ], [ 71.4677414, 51.1636784 ], [ 71.4676424, 51.1636445 ], [ 71.4675295, 51.163646199999988 ], [ 71.4674775, 51.1636607 ], [ 71.4674332, 51.1636831 ], [ 71.4673792, 51.1637452 ], [ 71.467352259912957, 51.163997678911727 ], [ 71.467411060113989, 51.164058078922345 ], [ 71.467510160487294, 51.164091878941548 ] ] ], [ [ [ 71.4690224665908, 51.164099919810276 ], [ 71.4690354, 51.163998 ], [ 71.4688865, 51.16381470000001 ], [ 71.4685195, 51.1639323 ], [ 71.468512066103557, 51.163977719785287 ], [ 71.468656066222508, 51.164158219791631 ], [ 71.4690224665908, 51.164099919810276 ] ] ], [ [ [ 71.4684604, 51.1640273 ], [ 71.468045, 51.1641592 ], [ 71.468037565607389, 51.16420461976039 ], [ 71.468121665676932, 51.164309419764109 ], [ 71.468537166102848, 51.164178219785562 ], [ 71.4685446, 51.1641328 ], [ 71.4684604, 51.1640273 ] ] ], [ [ [ 71.4712284, 51.1641289 ], [ 71.4707295, 51.164271 ], [ 71.470781322761951, 51.164361139965656 ], [ 71.471280222931767, 51.164219139974215 ], [ 71.4712284, 51.1641289 ] ] ], [ [ [ 71.4705924, 51.164309 ], [ 71.4704367, 51.1643665 ], [ 71.470495522664493, 51.164446939960747 ], [ 71.470651322718055, 51.164389339963428 ], [ 71.4705924, 51.164309 ] ] ], [ [ [ 71.4700308, 51.1644933 ], [ 71.4695892, 51.1646405 ], [ 71.469685522384793, 51.164772139946685 ], [ 71.470127122536013, 51.16462493995428 ], [ 71.4700308, 51.1644933 ] ] ], [ [ [ 71.4695265, 51.1646784 ], [ 71.4690523, 51.1648315 ], [ 71.469140322197973, 51.164956939937277 ], [ 71.469614522360132, 51.164803839945442 ], [ 71.4695265, 51.1646784 ] ] ], [ [ [ 71.4706445, 51.1645341 ], [ 71.4704345, 51.16460330000001 ], [ 71.470432022636373, 51.164618439959405 ], [ 71.470894622764945, 51.165170839966216 ], [ 71.471104522836782, 51.165101639969841 ], [ 71.471107, 51.1650865 ], [ 71.4706445, 51.1645341 ] ] ], [ [ [ 71.469221711010547, 51.165559699688892 ], [ 71.469527411434072, 51.165930699711403 ], [ 71.46979641189408, 51.1658435997346 ], [ 71.470313112794841, 51.165595399779761 ], [ 71.4703255, 51.1655197 ], [ 71.4701912, 51.1653607 ], [ 71.469710504227862, 51.165385919320379 ], [ 71.470529222646505, 51.165134239960182 ], [ 71.4702772, 51.1647936 ], [ 71.4694428, 51.1650501 ], [ 71.469691819632885, 51.165386899552374 ], [ 71.4695031, 51.165396800000011 ], [ 71.4692341, 51.165484 ], [ 71.469221711010547, 51.165559699688892 ] ] ], [ [ [ 71.467429421611172, 51.16554843990771 ], [ 71.468355721927196, 51.165267939923652 ], [ 71.4684985, 51.165136 ], [ 71.4683891, 51.165004099999983 ], [ 71.468104, 51.1650939 ], [ 71.4673512, 51.1654274 ], [ 71.467429421611172, 51.16554843990771 ] ] ], [ [ [ 71.468879, 51.1655247 ], [ 71.4685932, 51.165168799999982 ], [ 71.4684267, 51.1652237 ], [ 71.468404397505864, 51.165359959321208 ], [ 71.468694598227557, 51.16571715935963 ], [ 71.468856698727976, 51.16566095938483 ], [ 71.468879, 51.1655247 ] ] ], [ [ [ 71.468027821788638, 51.165998539916984 ], [ 71.468121221814741, 51.166106839918363 ], [ 71.468807022049745, 51.165874439930214 ], [ 71.4688095, 51.1658593 ], [ 71.4687236, 51.1657596 ], [ 71.4685408, 51.1657922 ], [ 71.4680655, 51.1659533 ], [ 71.468027821788638, 51.165998539916984 ] ] ], [ [ [ 71.4708459, 51.1658869 ], [ 71.4706799, 51.165673 ], [ 71.4697242, 51.1659646 ], [ 71.469711811713651, 51.166040299725942 ], [ 71.470311412534841, 51.166812899769724 ], [ 71.470493912846237, 51.16675719978543 ], [ 71.470506300000011, 51.1666815 ], [ 71.470117948734696, 51.166181036199198 ], [ 71.470833513571662, 51.16596259982024 ], [ 71.4708459, 51.1658869 ] ] ], [ [ [ 71.4680357, 51.1661757 ], [ 71.4676352, 51.1663052 ], [ 71.467632721645302, 51.166320339909838 ], [ 71.468065021765028, 51.166845939916222 ], [ 71.468176221798785, 51.166910939917969 ], [ 71.468259521827264, 51.166884039919417 ], [ 71.468980219942253, 51.166462196432391 ], [ 71.469066688430971, 51.166570759734036 ], [ 71.46924048866849, 51.166516259746011 ], [ 71.4692504, 51.1664557 ], [ 71.469070040701595, 51.166229253584603 ], [ 71.469252499703245, 51.166171959436859 ], [ 71.4692748, 51.1660357 ], [ 71.469055, 51.1657541 ], [ 71.4688502, 51.165817 ], [ 71.468827898531671, 51.165953259376209 ], [ 71.469003525848308, 51.166171434603648 ], [ 71.4688461, 51.1662208 ], [ 71.468837936629797, 51.166270676952948 ], [ 71.4680357, 51.1661757 ] ] ], [ [ [ 71.4711386, 51.1662561 ], [ 71.4707146, 51.1664025 ], [ 71.47083732268743, 51.166560139963003 ], [ 71.471261322832845, 51.166413839970325 ], [ 71.4711386, 51.1662561 ] ] ], [ [ [ 71.4695298, 51.1664563 ], [ 71.4693454, 51.166511 ], [ 71.469406622216013, 51.166598439939051 ], [ 71.469583722276568, 51.16654163994211 ], [ 71.4695298, 51.1664563 ] ] ], [ [ [ 71.469343, 51.1665356 ], [ 71.4691021, 51.1666203 ], [ 71.469154322129015, 51.166696639934678 ], [ 71.469395322211739, 51.166611939938832 ], [ 71.469343, 51.1665356 ] ] ], [ [ [ 71.469536, 51.1666698 ], [ 71.469330900000017, 51.1667341 ], [ 71.469328422183978, 51.166749239937495 ], [ 71.469538822241901, 51.167013039940585 ], [ 71.469743922311991, 51.166948739944118 ], [ 71.4697464, 51.1669336 ], [ 71.469536, 51.1666698 ] ] ], [ [ [ 71.469052522090422, 51.16681913993277 ], [ 71.4689665, 51.1666963 ], [ 71.4682209, 51.1669374 ], [ 71.468218421810903, 51.166952539918611 ], [ 71.468307021835429, 51.167060139919919 ], [ 71.469052522090422, 51.16681913993277 ] ] ], [ [ [ 71.471395522815072, 51.167877439970191 ], [ 71.470753933118274, 51.167046442606697 ], [ 71.470905433452458, 51.166961731037155 ], [ 71.470917322693197, 51.167045639963554 ], [ 71.471118722748557, 51.167300239966508 ], [ 71.471248022790135, 51.167321539968633 ], [ 71.47259472325004, 51.166902539991803 ], [ 71.4722186, 51.166409 ], [ 71.4719064, 51.1665061 ], [ 71.471004709386648, 51.166890299333311 ], [ 71.4709579, 51.1668313 ], [ 71.4704579, 51.166987399999989 ], [ 71.471195722746842, 51.167939739966755 ], [ 71.471395522815072, 51.167877439970191 ] ] ], [ [ [ 71.4699148, 51.1671585 ], [ 71.4698195, 51.1671913 ], [ 71.469850622334476, 51.167245139945415 ], [ 71.46994882236811, 51.167212739947104 ], [ 71.4699148, 51.1671585 ] ] ], [ [ [ 71.4691982, 51.167205399999986 ], [ 71.468978, 51.1672734 ], [ 71.468979403235409, 51.167293483401039 ], [ 71.4685253, 51.1674338 ], [ 71.46859422190947, 51.167539839923926 ], [ 71.469059922068467, 51.167396039931944 ], [ 71.469072722071985, 51.167412339932163 ], [ 71.469293022147198, 51.16734433993593 ], [ 71.4691982, 51.167205399999986 ] ] ], [ [ [ 71.468228721782907, 51.167694439917589 ], [ 71.468356421826499, 51.167654939919792 ], [ 71.4683589, 51.167639799999989 ], [ 71.4681978, 51.1673151 ], [ 71.4680444, 51.167119799999988 ], [ 71.4677638, 51.1672065 ], [ 71.467761321649405, 51.167221639910537 ], [ 71.467914721691528, 51.167416939912798 ], [ 71.468228721782907, 51.167694439917589 ] ] ], [ [ [ 71.47021282243908, 51.16758463995091 ], [ 71.469926, 51.1672335 ], [ 71.4696363, 51.1673316 ], [ 71.469923122339807, 51.16768273994591 ], [ 71.47021282243908, 51.16758463995091 ] ] ], [ [ [ 71.469200422098325, 51.167781039933686 ], [ 71.469390122160149, 51.167792139936822 ], [ 71.469538122210608, 51.167748039939369 ], [ 71.4693314, 51.1674571 ], [ 71.4691834, 51.1675012 ], [ 71.4690978, 51.1676274 ], [ 71.469200422098325, 51.167781039933686 ] ] ], [ [ [ 71.470086822384829, 51.167888839948311 ], [ 71.470382222485881, 51.167793039953402 ], [ 71.4703329, 51.1676792 ], [ 71.4702829, 51.1676188 ], [ 71.4700999, 51.1676782 ], [ 71.469978, 51.1677389 ], [ 71.470086822384829, 51.167888839948311 ] ] ], [ [ [ 71.469008422021489, 51.16810703992995 ], [ 71.469189422083303, 51.168050739933058 ], [ 71.4691919, 51.1680356 ], [ 71.4690353, 51.1678375 ], [ 71.4688718, 51.167673700000016 ], [ 71.4686712, 51.1677361 ], [ 71.468668721924985, 51.167751239924833 ], [ 71.468808421963374, 51.167927939926876 ], [ 71.469008422021489, 51.16810703992995 ] ] ], [ [ [ 71.470056222365102, 51.168118139947431 ], [ 71.4699855, 51.1679174 ], [ 71.4698815, 51.1677823 ], [ 71.4694115, 51.1679243 ], [ 71.469642522223964, 51.168243139940309 ], [ 71.470056222365102, 51.168118139947431 ] ] ], [ [ [ 71.4703266, 51.1680111 ], [ 71.4701361, 51.1680618 ], [ 71.470240322420622, 51.168234539950312 ], [ 71.470430822485341, 51.168183839953571 ], [ 71.4703266, 51.1680111 ] ] ], [ [ [ 71.4684141, 51.1685503 ], [ 71.467942, 51.168102899999987 ], [ 71.4677185, 51.1681956 ], [ 71.467716021592707, 51.168210739908176 ], [ 71.468188121728815, 51.16865813991533 ], [ 71.46841162180614, 51.16856543991922 ], [ 71.4684141, 51.1685503 ] ] ], [ [ [ 71.470938, 51.1682627 ], [ 71.470849500000014, 51.1682929 ], [ 71.470906022633088, 51.168380439961176 ], [ 71.470994522663261, 51.168353539962723 ], [ 71.470938, 51.1682627 ] ] ], [ [ [ 71.469795622261472, 51.168545239942382 ], [ 71.4695138, 51.1681668 ], [ 71.4692079, 51.1682609 ], [ 71.469489822157072, 51.168639339937108 ], [ 71.469795622261472, 51.168545239942382 ] ] ], [ [ [ 71.470180922390696, 51.168481339948912 ], [ 71.4702243, 51.1682903 ], [ 71.470171, 51.1682164 ], [ 71.4697941, 51.1683234 ], [ 71.469943422309868, 51.168548739944839 ], [ 71.470180922390696, 51.168481339948912 ] ] ], [ [ [ 71.4707771, 51.1683367 ], [ 71.4706644, 51.168377 ], [ 71.470750522577333, 51.168491439958402 ], [ 71.470863122615924, 51.168452739960365 ], [ 71.4707771, 51.1683367 ] ] ], [ [ [ 71.470690222556314, 51.168520139957359 ], [ 71.4705999, 51.1683924 ], [ 71.4701861, 51.1685265 ], [ 71.47018362238903, 51.168541639948863 ], [ 71.470276422414756, 51.168654239950229 ], [ 71.470690222556314, 51.168520139957359 ] ] ], [ [ [ 71.4700862, 51.1685426 ], [ 71.469918800000016, 51.16860830000001 ], [ 71.469916322297806, 51.16862343994427 ], [ 71.470072022342336, 51.16877933994661 ], [ 71.470239422400098, 51.168713639949509 ], [ 71.470241900000019, 51.1686985 ], [ 71.4700862, 51.1685426 ] ] ], [ [ [ 71.4709635, 51.168687 ], [ 71.4707226, 51.1687665 ], [ 71.470720122555065, 51.16878163995743 ], [ 71.471195122687149, 51.169347439964447 ], [ 71.471435922769587, 51.169267939968591 ], [ 71.4714384, 51.169252799999988 ], [ 71.4709635, 51.168687 ] ] ], [ [ [ 71.4707507, 51.1693853 ], [ 71.4701912, 51.1695562 ], [ 71.470346522390429, 51.169774339949583 ], [ 71.470906022581389, 51.169603439959211 ], [ 71.4707507, 51.1693853 ] ] ], [ [ [ 71.4710694, 51.1696804 ], [ 71.4709192, 51.1697208 ], [ 71.470965022591486, 51.169823439959835 ], [ 71.471120622644435, 51.169779639962499 ], [ 71.4710694, 51.1696804 ] ] ], [ [ [ 71.471724, 51.1696493 ], [ 71.4708129, 51.1699262 ], [ 71.470942922571993, 51.17011263995898 ], [ 71.471854022882923, 51.169835739974673 ], [ 71.471724, 51.1696493 ] ] ], [ [ [ 71.4705389, 51.170119899999989 ], [ 71.4702575, 51.170208199999983 ], [ 71.470255022341405, 51.170223339947306 ], [ 71.47073162247267, 51.170821039954319 ], [ 71.471013022568798, 51.170732739959156 ], [ 71.4710155, 51.1707176 ], [ 71.4705389, 51.170119899999989 ] ] ], [ [ [ 71.470240522304579, 51.170982139945842 ], [ 71.4697664, 51.1703652 ], [ 71.4694747, 51.170456 ], [ 71.469948822204941, 51.171073039940836 ], [ 71.470240522304579, 51.170982139945842 ] ] ], [ [ [ 71.468503821718215, 51.171360439916214 ], [ 71.4686224, 51.1711725 ], [ 71.4681831, 51.1710879 ], [ 71.468208621625081, 51.171270339911423 ], [ 71.468282921647457, 51.171317939912569 ], [ 71.468503821718215, 51.171360439916214 ] ] ], [ [ [ 71.467832021499788, 51.171308139905072 ], [ 71.468035121556753, 51.1715386399081 ], [ 71.46819092160807, 51.171534939910686 ], [ 71.468319921651897, 51.171500239912895 ], [ 71.4681408, 51.171219199999989 ], [ 71.4679891, 51.1711206 ], [ 71.4677589, 51.1711824 ], [ 71.467832021499788, 51.171308139905072 ] ] ], [ [ [ 71.4699439, 51.1714307 ], [ 71.4692733, 51.1713442 ], [ 71.46919662193622, 51.171585339927418 ], [ 71.469867222152814, 51.171671939938491 ], [ 71.4699439, 51.1714307 ] ] ], [ [ [ 71.4689085, 51.171342099999983 ], [ 71.46859950000001, 51.1716513 ], [ 71.468597021735874, 51.171666439917274 ], [ 71.468784121794229, 51.171739939920286 ], [ 71.469093121908784, 51.171430739925952 ], [ 71.4690956, 51.17141560000001 ], [ 71.4689085, 51.171342099999983 ] ] ], [ [ [ 71.4681313, 51.1715466 ], [ 71.4678802, 51.1716212 ], [ 71.467936821517014, 51.171714539906162 ], [ 71.468187921602635, 51.171640039910471 ], [ 71.4681313, 51.1715466 ] ] ], [ [ [ 71.471407722654092, 51.171782139964051 ], [ 71.4712616, 51.1715984 ], [ 71.470515, 51.171857099999983 ], [ 71.470512522356287, 51.171872239948932 ], [ 71.47066102239792, 51.172040839951151 ], [ 71.471407722654092, 51.171782139964051 ] ] ], [ [ [ 71.4685849, 51.171793 ], [ 71.4684314, 51.1718475 ], [ 71.468540621703838, 51.171986339915804 ], [ 71.468694221756579, 51.171931839918464 ], [ 71.4685849, 51.171793 ] ] ], [ [ [ 71.4686541, 51.1720248 ], [ 71.4685133, 51.1720668 ], [ 71.46857522170788, 51.172159339916099 ], [ 71.468709321753622, 51.17211893991842 ], [ 71.4686541, 51.1720248 ] ] ], [ [ [ 71.468669121734095, 51.172268639917483 ], [ 71.4686233, 51.1721829 ], [ 71.4684892, 51.1722165 ], [ 71.468534921688601, 51.172302239915211 ], [ 71.468669121734095, 51.172268639917483 ] ] ], [ [ [ 71.4699037, 51.1721423 ], [ 71.4688835, 51.1725864 ], [ 71.468881021789613, 51.172601539920485 ], [ 71.469015121828534, 51.172722639922547 ], [ 71.470035322182383, 51.172278439940307 ], [ 71.4700378, 51.1722633 ], [ 71.4699037, 51.1721423 ] ] ], [ [ [ 71.471576, 51.1725008 ], [ 71.4705886, 51.1730121 ], [ 71.470586122331639, 51.17302723994829 ], [ 71.470758522382724, 51.173158039950962 ], [ 71.47174592272863, 51.172646839968273 ], [ 71.4717484, 51.1726317 ], [ 71.471576, 51.1725008 ] ] ], [ [ [ 71.4706347, 51.1730845 ], [ 71.4704314, 51.1729289 ], [ 71.4694294, 51.1734432 ], [ 71.469426921932666, 51.173458339928217 ], [ 71.469630121992822, 51.173614039931365 ], [ 71.470632222343724, 51.173099639948937 ], [ 71.4706347, 51.1730845 ] ] ], [ [ [ 71.4714728, 51.1730983 ], [ 71.4711044, 51.173243 ], [ 71.471235522529511, 51.173391839958541 ], [ 71.471603922656627, 51.173247039964927 ], [ 71.4714728, 51.1730983 ] ] ], [ [ [ 71.4709669, 51.1731968 ], [ 71.4704118, 51.1733909 ], [ 71.470505322284524, 51.173513939946162 ], [ 71.471060422475048, 51.173319939955725 ], [ 71.4709669, 51.1731968 ] ] ], [ [ [ 71.470594922159435, 51.177168839941686 ], [ 71.4704932, 51.1770383 ], [ 71.4696402, 51.1773409 ], [ 71.469637721837088, 51.1773560399254 ], [ 71.469741921866415, 51.177471539926948 ], [ 71.470594922159435, 51.177168839941686 ] ] ], [ [ [ 71.4715874, 51.1772654 ], [ 71.47151612245564, 51.177319739956843 ], [ 71.47162962248963, 51.177398039958625 ], [ 71.4717009, 51.1773437 ], [ 71.4715874, 51.1772654 ] ] ], [ [ [ 71.4711046, 51.1773203 ], [ 71.4709426, 51.1774142 ], [ 71.470940122261808, 51.177429339947047 ], [ 71.471222722346539, 51.177621039951468 ], [ 71.471384722403712, 51.177527139954321 ], [ 71.4713872, 51.177512 ], [ 71.4711046, 51.1773203 ] ] ], [ [ [ 71.4708227, 51.177518599999985 ], [ 71.470981122263396, 51.177710239947274 ], [ 71.471170622328515, 51.17764243995056 ], [ 71.471134, 51.1775843 ], [ 71.470932685128872, 51.177557283688841 ], [ 71.470879, 51.1774984 ], [ 71.4708227, 51.177518599999985 ] ] ], [ [ [ 71.4704257, 51.1773622 ], [ 71.4697766, 51.1776009 ], [ 71.469999421935228, 51.177844739930656 ], [ 71.470643222156539, 51.177612739941779 ], [ 71.4704257, 51.1773622 ] ] ], [ [ [ 71.469689721823087, 51.178090439925086 ], [ 71.4693866, 51.177676 ], [ 71.4686463, 51.1779282 ], [ 71.468820721534087, 51.178174439910421 ], [ 71.468965621574981, 51.178332539912581 ], [ 71.469689721823087, 51.178090439925086 ] ] ], [ [ [ 71.471337622354753, 51.178319839952245 ], [ 71.471551722430391, 51.178193939956003 ], [ 71.4715542, 51.1781788 ], [ 71.4714066, 51.1780802 ], [ 71.4711926, 51.1782061 ], [ 71.4711258, 51.1781614 ], [ 71.4710015, 51.1782345 ], [ 71.47099902224646, 51.178249639946699 ], [ 71.471120322282886, 51.178330839948579 ], [ 71.471244622326807, 51.178257739950787 ], [ 71.471337622354753, 51.178319839952245 ] ] ], [ [ [ 71.4716622, 51.1782713 ], [ 71.471591622437558, 51.178334839956456 ], [ 71.471721822477292, 51.178406739958518 ], [ 71.4717924, 51.1783432 ], [ 71.4716622, 51.1782713 ] ] ], [ [ [ 71.4717025, 51.1784457 ], [ 71.471563, 51.1783667 ], [ 71.471469322392707, 51.178445139954235 ], [ 71.471608822435201, 51.17852413995643 ], [ 71.4717025, 51.1784457 ] ] ], [ [ [ 71.469857823339765, 51.14349593998417 ], [ 71.470506723546052, 51.143652939994745 ], [ 71.471037523748137, 51.14299094000468 ], [ 71.4711323, 51.1428437 ], [ 71.4704787, 51.1426638 ], [ 71.4701798, 51.1430393 ], [ 71.469857823339765, 51.14349593998417 ] ] ], [ [ [ 71.470929547384358, 51.143494880004205 ], [ 71.471631947828143, 51.143697780026976 ], [ 71.47196164808237, 51.143248880039458 ], [ 71.4719666, 51.1432186 ], [ 71.4711679, 51.1429879 ], [ 71.4710563, 51.1431398 ], [ 71.470929547384358, 51.143494880004205 ] ] ], [ [ [ 71.4732979, 51.1435021 ], [ 71.4728945, 51.1440589 ], [ 71.472884644477503, 51.144119171224851 ], [ 71.47226150123528, 51.143946049813451 ], [ 71.472661521338281, 51.143375200156484 ], [ 71.4726739, 51.1432995 ], [ 71.4724849, 51.1432474 ], [ 71.4720798, 51.1438255 ], [ 71.472068839185596, 51.143892523574905 ], [ 71.472036, 51.143883399999986 ], [ 71.4719331, 51.1440291 ], [ 71.471910815918378, 51.144165360158553 ], [ 71.472971218937872, 51.14446006031347 ], [ 71.473021528396515, 51.144388776738104 ], [ 71.473145373142287, 51.144423520112795 ], [ 71.473232073243011, 51.144301920117726 ], [ 71.4732395, 51.1442565 ], [ 71.473090403490986, 51.14421467244668 ], [ 71.4730964, 51.144178 ], [ 71.473067230065098, 51.144169896198264 ], [ 71.473460122595185, 51.143627600221023 ], [ 71.4734725, 51.1435519 ], [ 71.4732979, 51.1435021 ] ] ], [ [ [ 71.4716002, 51.1442265 ], [ 71.4715747, 51.1442191 ], [ 71.471561523867024, 51.144248740011378 ], [ 71.471587023875045, 51.144256140011812 ], [ 71.4716002, 51.1442265 ] ] ], [ [ [ 71.470026, 51.1443923 ], [ 71.469878023299458, 51.144608839982702 ], [ 71.47007802336266, 51.144665739985946 ], [ 71.470226, 51.1444492 ], [ 71.470026, 51.1443923 ] ] ], [ [ [ 71.471534596448123, 51.1445597663486 ], [ 71.4715988, 51.1443731 ], [ 71.4714521, 51.1443313 ], [ 71.4711388, 51.144801 ], [ 71.471128894805545, 51.144861560013069 ], [ 71.471292995013002, 51.144908360023734 ], [ 71.471452799290248, 51.144687823853687 ], [ 71.471860847884855, 51.14480628003102 ], [ 71.47208624803757, 51.144749380038725 ], [ 71.4722136, 51.1445531 ], [ 71.4721653, 51.1445042 ], [ 71.471898, 51.14442660000001 ], [ 71.471534596448123, 51.1445597663486 ] ] ], [ [ [ 71.471861911365181, 51.145452068171089 ], [ 71.4716216, 51.14579 ], [ 71.471609219086773, 51.145865700048425 ], [ 71.471753244642429, 51.14590595716458 ], [ 71.471656, 51.1460361 ], [ 71.471636190528656, 51.146157220078102 ], [ 71.471649890551575, 51.146195920079428 ], [ 71.471843391040309, 51.146252820104522 ], [ 71.471987991485221, 51.146059220126347 ], [ 71.4720078, 51.1459381 ], [ 71.471802307983936, 51.145885458850842 ], [ 71.472038919857766, 51.14555260008683 ], [ 71.4720513, 51.1454769 ], [ 71.47197863971428, 51.14545657872474 ], [ 71.472229420262551, 51.145115200106297 ], [ 71.472235678619356, 51.145076931287463 ], [ 71.4723580204748, 51.145109200117062 ], [ 71.472607920963398, 51.144736300140949 ], [ 71.4726203, 51.1446606 ], [ 71.4724368, 51.1446122 ], [ 71.4721869, 51.1449851 ], [ 71.472180882674252, 51.145021894772789 ], [ 71.4720854, 51.1449943 ], [ 71.471817, 51.1453598 ], [ 71.471804619498073, 51.145435500068238 ], [ 71.471861911365181, 51.145452068171089 ] ] ], [ [ [ 71.4709483, 51.1448985 ], [ 71.4708697, 51.1448753 ], [ 71.470829123597483, 51.144941339998041 ], [ 71.470907723622304, 51.144964539999322 ], [ 71.4709483, 51.1448985 ] ] ], [ [ [ 71.4715774, 51.144931 ], [ 71.471491923810333, 51.145050940008922 ], [ 71.471615523849266, 51.145089440010928 ], [ 71.471701, 51.1449695 ], [ 71.4715774, 51.144931 ] ] ], [ [ [ 71.471320047474435, 51.145464380010822 ], [ 71.4714089, 51.1453323 ], [ 71.4714061, 51.1452306 ], [ 71.4713586, 51.1451061 ], [ 71.4709948, 51.1450119 ], [ 71.4707948, 51.1452837 ], [ 71.470789847139201, 51.145313979993617 ], [ 71.471320047474435, 51.145464380010822 ] ] ], [ [ [ 71.470606247000049, 51.145535079986765 ], [ 71.4707827471114, 51.145588179992487 ], [ 71.4709157, 51.1453905 ], [ 71.470739, 51.14533740000001 ], [ 71.4706496, 51.1453881 ], [ 71.4706045, 51.1454472 ], [ 71.470606247000049, 51.145535079986765 ] ] ], [ [ [ 71.4715422, 51.1459079 ], [ 71.4706517, 51.1456677 ], [ 71.4705696, 51.1457874 ], [ 71.470539881606342, 51.145969079902805 ], [ 71.471430384991038, 51.146209380076485 ], [ 71.471512485374959, 51.146089580095264 ], [ 71.4715422, 51.1459079 ] ] ], [ [ [ 71.4700041, 51.1459992 ], [ 71.4699162, 51.1461269 ], [ 71.469901339456953, 51.146217739883816 ], [ 71.471061041660576, 51.146532039996906 ], [ 71.47114894186592, 51.146404440006947 ], [ 71.4711638, 51.146313599999985 ], [ 71.4700041, 51.1459992 ] ] ], [ [ [ 71.471055423590215, 51.146873439998664 ], [ 71.471420123705784, 51.146970740004598 ], [ 71.4717398, 51.1465166 ], [ 71.4716938, 51.146487 ], [ 71.4713532, 51.1464124 ], [ 71.471055423590215, 51.146873439998664 ] ] ], [ [ [ 71.4700748, 51.1466436 ], [ 71.469994223244782, 51.146807539981062 ], [ 71.470515923410076, 51.146947139989535 ], [ 71.4707232, 51.1466574 ], [ 71.4702151, 51.1464869 ], [ 71.4700748, 51.1466436 ] ] ], [ [ [ 71.4713815, 51.1470011 ], [ 71.4710157, 51.1469068 ], [ 71.470776223481195, 51.147285839993344 ], [ 71.471136923595623, 51.147379339999205 ], [ 71.4713815, 51.1470011 ] ] ], [ [ [ 71.4711021, 51.147404 ], [ 71.4707734, 51.1473166 ], [ 71.4706674, 51.1474735 ], [ 71.470652540594969, 51.147564339945923 ], [ 71.470981241219988, 51.147651739977995 ], [ 71.47108724146841, 51.147494839990145 ], [ 71.4711021, 51.147404 ] ] ], [ [ [ 71.4706941, 51.1477017 ], [ 71.4705124, 51.1476487 ], [ 71.470409868450872, 51.147787028351019 ], [ 71.4703557, 51.147775299999985 ], [ 71.469779223099451, 51.14857943997459 ], [ 71.470019923175514, 51.148648539978495 ], [ 71.470645623408103, 51.148002539990003 ], [ 71.4707073, 51.1478561 ], [ 71.47062248622484, 51.147833712614357 ], [ 71.470686670301404, 51.147747119973502 ], [ 71.4706941, 51.1477017 ] ] ], [ [ [ 71.4704128, 51.148446 ], [ 71.4703776, 51.1484353 ], [ 71.470357623293722, 51.148473039984417 ], [ 71.470392823304849, 51.148483739984982 ], [ 71.4704128, 51.148446 ] ] ], [ [ [ 71.4703465, 51.1484747 ], [ 71.470313623276681, 51.148535039983578 ], [ 71.470340923285292, 51.148543339984023 ], [ 71.4703817, 51.1484854 ], [ 71.4703465, 51.1484747 ] ] ], [ [ [ 71.471084123521109, 51.148734839996123 ], [ 71.4712751, 51.148433 ], [ 71.4711002, 51.1483877 ], [ 71.470909223465625, 51.148689539993278 ], [ 71.471084123521109, 51.148734839996123 ] ] ], [ [ [ 71.472947024118554, 51.149063540026674 ], [ 71.472973890020313, 51.149022703873463 ], [ 71.473845173219985, 51.14925542012427 ], [ 71.474023673414067, 51.149110420133894 ], [ 71.474085173486074, 51.149019820137404 ], [ 71.4741532, 51.1487672 ], [ 71.473129446959305, 51.148493552946775 ], [ 71.473400766345009, 51.148351938962911 ], [ 71.473597997418025, 51.148585860153659 ], [ 71.474577298659369, 51.148847560217284 ], [ 71.474854699092347, 51.148439260238447 ], [ 71.475169, 51.1474749 ], [ 71.4745021, 51.1472966 ], [ 71.474030877654883, 51.147621285794635 ], [ 71.4724671, 51.147205 ], [ 71.4721192, 51.1477193 ], [ 71.472111771702103, 51.147764720044741 ], [ 71.472815022006998, 51.148409603024092 ], [ 71.4718249, 51.1481453 ], [ 71.4715243, 51.1485881 ], [ 71.4715168710065, 51.148633520010733 ], [ 71.472327147519465, 51.148849955777514 ], [ 71.472303523914405, 51.148897240016225 ], [ 71.472465023965626, 51.148939040018838 ], [ 71.472493011445863, 51.148894259314687 ], [ 71.472829550916103, 51.148984150616243 ], [ 71.4728084240746, 51.149027640024421 ], [ 71.472947024118554, 51.149063540026674 ] ] ], [ [ [ 71.4711291, 51.1488798 ], [ 71.471098123517109, 51.148938239996028 ], [ 71.471167223539041, 51.148956139997161 ], [ 71.4711982, 51.1488977 ], [ 71.4711291, 51.1488798 ] ] ], [ [ [ 71.4710513, 51.1493065 ], [ 71.471038123480611, 51.149336439994379 ], [ 71.471064223488867, 51.149343839994806 ], [ 71.4710775, 51.149314 ], [ 71.4710513, 51.1493065 ] ] ], [ [ [ 71.47179341855761, 51.149807100031758 ], [ 71.472781420119517, 51.150088100111908 ], [ 71.472840696330223, 51.150006129464188 ], [ 71.472964424083116, 51.150039440025388 ], [ 71.4730872, 51.1498579 ], [ 71.4718885, 51.1495169 ], [ 71.4717577, 51.1496978 ], [ 71.471755223700058, 51.149712940005735 ], [ 71.471808220352543, 51.149728044050029 ], [ 71.47179341855761, 51.149807100031758 ] ] ], [ [ [ 71.471395923529215, 51.150967439997707 ], [ 71.471643123624844, 51.150623540002385 ], [ 71.4716224, 51.1504277 ], [ 71.4709613, 51.1502458 ], [ 71.470885723387184, 51.150365439990175 ], [ 71.471105223437277, 51.150885239992988 ], [ 71.471395923529215, 51.150967439997707 ] ] ], [ [ [ 71.4731744, 51.1507974 ], [ 71.4726073, 51.1506457 ], [ 71.472523023906973, 51.150781040016803 ], [ 71.473090224086704, 51.150932740026029 ], [ 71.4731744, 51.1507974 ] ] ], [ [ [ 71.4723084, 51.150288 ], [ 71.4715309, 51.151354399999988 ], [ 71.471528423555739, 51.151369539999251 ], [ 71.471700723610184, 51.151418940002046 ], [ 71.472478223910343, 51.150352540016755 ], [ 71.4724807, 51.1503374 ], [ 71.4723084, 51.150288 ] ] ], [ [ [ 71.4722087, 51.1509682 ], [ 71.472173023781508, 51.151032640010563 ], [ 71.472323023829048, 51.151072340012995 ], [ 71.4723586, 51.1510079 ], [ 71.4722087, 51.1509682 ] ] ], [ [ [ 71.4728347, 51.1513816 ], [ 71.472015, 51.151162199999987 ], [ 71.4719332, 51.1512824 ], [ 71.471930723690804, 51.151297540006084 ], [ 71.472750423950558, 51.151516940019413 ], [ 71.4728347, 51.1513816 ] ] ], [ [ [ 71.4727774, 51.1515006 ], [ 71.472765123954815, 51.151530340019633 ], [ 71.472783823960739, 51.151535340019933 ], [ 71.4727961, 51.1515056 ], [ 71.4727774, 51.1515006 ] ] ], [ [ [ 71.4706334, 51.1513855 ], [ 71.4705138, 51.151408699999983 ], [ 71.470515946415134, 51.151762779963491 ], [ 71.470690446511981, 51.151972379968626 ], [ 71.470860946624001, 51.15197127997434 ], [ 71.471378746981856, 51.151758179992314 ], [ 71.4713819, 51.1516182 ], [ 71.4712028, 51.1513922 ], [ 71.4706334, 51.1513855 ] ] ], [ [ [ 71.4721777, 51.1517942 ], [ 71.4718394, 51.1522883 ], [ 71.471827018073284, 51.152364000013762 ], [ 71.472002918351976, 51.152411300028056 ], [ 71.472341219011383, 51.151917200060318 ], [ 71.4723536, 51.1518415 ], [ 71.4721777, 51.1517942 ] ] ], [ [ [ 71.4714372, 51.1524406 ], [ 71.4699767, 51.1520043 ], [ 71.469899500000011, 51.1520205 ], [ 71.4698171, 51.152122 ], [ 71.469804714789817, 51.152197699846305 ], [ 71.470336515627068, 51.152365499889335 ], [ 71.471435817366995, 51.152668999978637 ], [ 71.471485017460509, 51.152608399983244 ], [ 71.4715063, 51.152479799999988 ], [ 71.4714372, 51.1524406 ] ] ], [ [ [ 71.4723188, 51.1526564 ], [ 71.4722144, 51.1527935 ], [ 71.472206971153611, 51.15283892002477 ], [ 71.473181772076444, 51.153131020072145 ], [ 71.473286172196609, 51.152993920078032 ], [ 71.473293600000019, 51.1529485 ], [ 71.4723188, 51.1526564 ] ] ], [ [ [ 71.472566, 51.1530818 ], [ 71.472534823811472, 51.153136240013183 ], [ 71.472691523861016, 51.15318134001572 ], [ 71.4727227, 51.1531268 ], [ 71.472566, 51.1530818 ] ] ], [ [ [ 71.4713709, 51.1528942 ], [ 71.4708296, 51.1530611 ], [ 71.4707441, 51.1531247 ], [ 71.470706069622466, 51.153260019947538 ], [ 71.471083169946425, 51.153633919964619 ], [ 71.471787970645707, 51.153592120000134 ], [ 71.471911770787642, 51.153433920007089 ], [ 71.4719192, 51.1533885 ], [ 71.4717859, 51.1530206 ], [ 71.4713709, 51.1528942 ] ] ], [ [ [ 71.4724877, 51.1531942 ], [ 71.4716734, 51.154308 ], [ 71.471670923477845, 51.154323139996826 ], [ 71.471835723529921, 51.154370739999514 ], [ 71.472650023844196, 51.153256840014905 ], [ 71.4726525, 51.1532417 ], [ 71.4724877, 51.1531942 ] ] ], [ [ [ 71.4727703, 51.1536177 ], [ 71.4725544, 51.1539578 ], [ 71.47254201889443, 51.154033500059867 ], [ 71.472717719173517, 51.154077400074158 ], [ 71.472933619599559, 51.153737300094946 ], [ 71.472946, 51.1536616 ], [ 71.4727703, 51.1536177 ] ] ], [ [ [ 71.4715767, 51.1540313 ], [ 71.4706856, 51.1537771 ], [ 71.47046802309292, 51.154088939977115 ], [ 71.471359023374617, 51.154343139991575 ], [ 71.4715767, 51.1540313 ] ] ], [ [ [ 71.4700905, 51.1541195 ], [ 71.470050522951638, 51.154189339969989 ], [ 71.471478723404147, 51.154574639993207 ], [ 71.4715187, 51.1545048 ], [ 71.4700905, 51.1541195 ] ] ], [ [ [ 71.4732689, 51.1545181 ], [ 71.4731628, 51.1544895 ], [ 71.4723741, 51.1543588 ], [ 71.472322300000016, 51.1544363 ], [ 71.472309918412577, 51.154512000036618 ], [ 71.473164219767838, 51.154733600106056 ], [ 71.473256519948805, 51.154593800114924 ], [ 71.4732689, 51.1545181 ] ] ], [ [ [ 71.471331, 51.1548043 ], [ 71.4698439, 51.1543989 ], [ 71.469781, 51.1544896 ], [ 71.469768614230702, 51.154565299824036 ], [ 71.471255716585645, 51.154970799944898 ], [ 71.471318616708047, 51.154879999950893 ], [ 71.471331, 51.1548043 ] ] ], [ [ [ 71.472341494632019, 51.155321160025998 ], [ 71.472605195040899, 51.154949960046011 ], [ 71.472613151419495, 51.15490131385404 ], [ 71.472733823800894, 51.154935040013584 ], [ 71.4727807, 51.1548573 ], [ 71.4726019, 51.1548073 ], [ 71.472556872763263, 51.15487312356511 ], [ 71.4723747, 51.1548222 ], [ 71.4721111, 51.1551934 ], [ 71.472101194327863, 51.155253960010384 ], [ 71.472341494632019, 51.155321160025998 ] ] ], [ [ [ 71.4714722, 51.15484630000001 ], [ 71.4713888, 51.1549644 ], [ 71.471376416769104, 51.155040099954398 ], [ 71.472008817769947, 51.155215600005754 ], [ 71.472092117931595, 51.155097400013666 ], [ 71.4721045, 51.1550217 ], [ 71.4714722, 51.15484630000001 ] ] ], [ [ [ 71.472575212702537, 51.155335482985393 ], [ 71.472562213571109, 51.15541496009174 ], [ 71.473112015139321, 51.155562360172162 ], [ 71.473175785061088, 51.155468841020934 ], [ 71.473284747917404, 51.155498080043763 ], [ 71.4734274, 51.1552656 ], [ 71.4732721, 51.155224 ], [ 71.473222394895814, 51.155296898631853 ], [ 71.4725993, 51.1551286 ], [ 71.472478723701428, 51.155308240008708 ], [ 71.472575212702537, 51.155335482985393 ] ] ], [ [ [ 71.4727864, 51.156182699999988 ], [ 71.472427, 51.1560823 ], [ 71.470392, 51.1559145 ], [ 71.4699446, 51.1565151 ], [ 71.46993221407152, 51.15659079982121 ], [ 71.470977515725437, 51.156882899906108 ], [ 71.472193617658306, 51.157181900005178 ], [ 71.47274611868221, 51.156626900055812 ], [ 71.472882418946398, 51.156435100068741 ], [ 71.4728948, 51.1563594 ], [ 71.4727864, 51.156182699999988 ] ] ], [ [ [ 71.4733547, 51.1574461 ], [ 71.4725657, 51.1572219 ], [ 71.4724857, 51.1573354 ], [ 71.472473318068992, 51.157411100026657 ], [ 71.473262319317485, 51.15763160009071 ], [ 71.473342319471939, 51.157521800098287 ], [ 71.4733547, 51.1574461 ] ] ], [ [ [ 71.4710689, 51.1576697 ], [ 71.471178748097671, 51.157805713404855 ], [ 71.4710726, 51.1578445 ], [ 71.471047831248086, 51.157995899807524 ], [ 71.471160431566531, 51.158117099824331 ], [ 71.471876734028356, 51.15785549994817 ], [ 71.4719015, 51.157704099999989 ], [ 71.4716668, 51.1574513 ], [ 71.4710689, 51.1576697 ] ] ], [ [ [ 71.4724218, 51.1577676 ], [ 71.4722632, 51.1579938 ], [ 71.472259370532683, 51.158150920001468 ], [ 71.472444770688327, 51.158363620009716 ], [ 71.472612670853934, 51.158361520018154 ], [ 71.473148471410212, 51.158135520046073 ], [ 71.4731523, 51.1579783 ], [ 71.47296, 51.1577665 ], [ 71.4724218, 51.1577676 ] ] ], [ [ [ 71.4721345, 51.1583915 ], [ 71.4719325, 51.1581664 ], [ 71.4717604, 51.1582271 ], [ 71.471748016690341, 51.158302799958868 ], [ 71.471961811571035, 51.158523707184457 ], [ 71.4718092, 51.158879 ], [ 71.47178690991295, 51.15901525992259 ], [ 71.47189541018578, 51.159140959937055 ], [ 71.47247381196928, 51.158944560026818 ], [ 71.4724961, 51.1588083 ], [ 71.4721684, 51.1584286 ], [ 71.472126083551657, 51.158442952735349 ], [ 71.4721345, 51.1583915 ] ] ], [ [ [ 71.4716118, 51.1581131 ], [ 71.4704839, 51.158522 ], [ 71.470471514532889, 51.158597699849921 ], [ 71.470571614674256, 51.158706299857386 ], [ 71.471699516611864, 51.158297399954868 ], [ 71.4717119, 51.1582217 ], [ 71.4716118, 51.1581131 ] ] ], [ [ [ 71.473034723750928, 51.158459540012863 ], [ 71.4729421, 51.1583367 ], [ 71.472755100000015, 51.1584016 ], [ 71.472847723686812, 51.15852444000965 ], [ 71.473034723750928, 51.158459540012863 ] ] ], [ [ [ 71.4730432, 51.1584946 ], [ 71.4728788, 51.1585514 ], [ 71.472959323717504, 51.158664940011278 ], [ 71.473126723774925, 51.158607140014162 ], [ 71.4730432, 51.1584946 ] ] ], [ [ [ 71.4725738, 51.1587873 ], [ 71.4725352, 51.1588007 ], [ 71.472552623576689, 51.158838340004202 ], [ 71.47259122358993, 51.158824940004877 ], [ 71.4725738, 51.1587873 ] ] ], [ [ [ 71.472988400207569, 51.158887389936794 ], [ 71.4729695, 51.1588602 ], [ 71.4729343, 51.158872399999986 ], [ 71.472944949796855, 51.158902465115375 ], [ 71.4726131, 51.1590176 ], [ 71.472605670758227, 51.159063020014365 ], [ 71.472741670872637, 51.159217120020422 ], [ 71.472843570973197, 51.159215620025535 ], [ 71.473069371205483, 51.15913732003721 ], [ 71.473133371275608, 51.159081320040713 ], [ 71.4731408, 51.1590359 ], [ 71.4730048, 51.1588817 ], [ 71.472988400207569, 51.158887389936794 ] ] ], [ [ [ 71.4725574, 51.159054 ], [ 71.4714733, 51.1594369 ], [ 71.471460915963704, 51.159512599925073 ], [ 71.471556016097466, 51.159618499932165 ], [ 71.472640117957738, 51.159235600025752 ], [ 71.4726525, 51.1591599 ], [ 71.4725574, 51.159054 ] ] ], [ [ [ 71.472365, 51.1603113 ], [ 71.472456023477775, 51.16043054 ], [ 71.472446117374318, 51.160491099999355 ], [ 71.4725407175074, 51.160596300006389 ], [ 71.473745919575634, 51.160170200110421 ], [ 71.4737583, 51.1600945 ], [ 71.473663700000017, 51.1599893 ], [ 71.47361759937543, 51.160005599304611 ], [ 71.4735241, 51.1599015 ], [ 71.472365, 51.1603113 ] ] ], [ [ [ 71.4715143, 51.160568799999986 ], [ 71.471508915362165, 51.160601714255897 ], [ 71.4714418, 51.16052830000001 ], [ 71.4712395, 51.160601 ], [ 71.471234546138021, 51.160631279958643 ], [ 71.471460446265482, 51.160878379965375 ], [ 71.472159810397059, 51.160640859954825 ], [ 71.4721821, 51.1605046 ], [ 71.472068, 51.1603741 ], [ 71.4715143, 51.160568799999986 ] ] ], [ [ [ 71.473448823790179, 51.160750940016051 ], [ 71.4733922, 51.160665199999983 ], [ 71.473285, 51.16069550000001 ], [ 71.47333612375192, 51.160781240014103 ], [ 71.473448823790179, 51.160750940016051 ] ] ], [ [ [ 71.4722834, 51.1607432 ], [ 71.472122, 51.1608082 ], [ 71.472109616739047, 51.160883899968077 ], [ 71.472558817380275, 51.161339400001857 ], [ 71.472720417658678, 51.161277100015866 ], [ 71.4727328, 51.1612014 ], [ 71.4722834, 51.1607432 ] ] ], [ [ [ 71.473139, 51.161055 ], [ 71.4727502, 51.1612015 ], [ 71.472847823568813, 51.161321140005107 ], [ 71.473236623702633, 51.161174740011823 ], [ 71.473139, 51.161055 ] ] ], [ [ [ 71.473389823738131, 51.161525440013804 ], [ 71.473532515819358, 51.161473267448514 ], [ 71.473817886357594, 51.162082580244885 ], [ 71.473869186537158, 51.162127080254287 ], [ 71.473988286976223, 51.162186680276967 ], [ 71.47415310397723, 51.162119872629439 ], [ 71.474989017828946, 51.163083760343966 ], [ 71.475004345397295, 51.163078531444647 ], [ 71.474997717841234, 51.163119060344755 ], [ 71.475181318305786, 51.163324460369317 ], [ 71.475878220458085, 51.163079560477506 ], [ 71.475898580258018, 51.162955041066908 ], [ 71.475979320770207, 51.163044360493195 ], [ 71.476573322605574, 51.162833260585423 ], [ 71.47659560000001, 51.162697 ], [ 71.476527756460641, 51.16262194773379 ], [ 71.476603622785746, 51.162594460593468 ], [ 71.4766259, 51.1624582 ], [ 71.4760333, 51.1618147 ], [ 71.475855, 51.1618793 ], [ 71.475832720727553, 51.162015560486253 ], [ 71.476391509349227, 51.162622344066996 ], [ 71.4759009, 51.1627967 ], [ 71.475880575698497, 51.162921002680584 ], [ 71.4758157, 51.1628484 ], [ 71.475196924952385, 51.162920985927578 ], [ 71.4752033, 51.162882 ], [ 71.4743607, 51.1619104 ], [ 71.474195397427096, 51.161966792313713 ], [ 71.4742013, 51.1619307 ], [ 71.4739283, 51.1612207 ], [ 71.4735425, 51.1607514 ], [ 71.4733387, 51.1608143 ], [ 71.473308984902957, 51.160995980164174 ], [ 71.473488746690975, 51.161379811652154 ], [ 71.4734018, 51.161334 ], [ 71.4732372, 51.1613942 ], [ 71.473234723692116, 51.16140934001141 ], [ 71.473336223720821, 51.161518540012928 ], [ 71.473389823738131, 51.161525440013804 ] ] ], [ [ [ 71.4732208, 51.161407899999986 ], [ 71.4729652, 51.1615091 ], [ 71.473073623629716, 51.161634340008348 ], [ 71.473329223717911, 51.161533140012779 ], [ 71.4732208, 51.161407899999986 ] ] ], [ [ [ 71.4719379, 51.1637273 ], [ 71.471803100000017, 51.1638195 ], [ 71.471795669352232, 51.163864919950392 ], [ 71.472098969628632, 51.164041319964724 ], [ 71.472234369773162, 51.163953319971931 ], [ 71.4722418, 51.1639079 ], [ 71.4719379, 51.1637273 ] ] ], [ [ [ 71.471409922983298, 51.164007339976735 ], [ 71.4713144, 51.1638666 ], [ 71.4708267, 51.1640145 ], [ 71.470824222790043, 51.164029639966898 ], [ 71.470892222808843, 51.164113039967908 ], [ 71.471256122930825, 51.164053439974083 ], [ 71.471409922983298, 51.164007339976735 ] ] ], [ [ [ 71.472303923273017, 51.164097039991503 ], [ 71.472337023283131, 51.164115439992024 ], [ 71.47239882330409, 51.164099739993091 ], [ 71.4725288, 51.1639974 ], [ 71.4724497, 51.1639516 ], [ 71.4723205, 51.164041199999986 ], [ 71.472303923273017, 51.164097039991503 ] ] ], [ [ [ 71.4721171, 51.1644228 ], [ 71.471813511477905, 51.164509274972168 ], [ 71.471802630292288, 51.164490946972165 ], [ 71.472056523178225, 51.164418639986849 ], [ 71.472059, 51.164403499999985 ], [ 71.4717894, 51.16403110000001 ], [ 71.4715256, 51.1641062 ], [ 71.471626931674265, 51.164264679066839 ], [ 71.4712362, 51.1643759 ], [ 71.471635823017792, 51.164946439978962 ], [ 71.47200002314176, 51.164842739985218 ], [ 71.471868014802183, 51.164601078781914 ], [ 71.472170423211551, 51.164514939988599 ], [ 71.4721171, 51.1644228 ] ] ], [ [ [ 71.472835623435316, 51.164388339999896 ], [ 71.4728942, 51.1642491 ], [ 71.4727526, 51.1641701 ], [ 71.472540623340791, 51.164332639995074 ], [ 71.472748623404144, 51.164449839998348 ], [ 71.472835623435316, 51.164388339999896 ] ] ], [ [ [ 71.473256523563194, 51.164632740006525 ], [ 71.4733478, 51.1645557 ], [ 71.4729792, 51.164349199999982 ], [ 71.4728241, 51.1644581 ], [ 71.472821623427123, 51.164473239999538 ], [ 71.473033423491643, 51.164592240002875 ], [ 71.473256523563194, 51.164632740006525 ] ] ], [ [ [ 71.4727807, 51.164734 ], [ 71.4723301, 51.1645002 ], [ 71.4722013, 51.1645978 ], [ 71.472198823216743, 51.164612939988906 ], [ 71.472649523354775, 51.164848439996042 ], [ 71.4727807, 51.164734 ] ] ], [ [ [ 71.4724857, 51.1648097 ], [ 71.4717722, 51.1650015 ], [ 71.471850223080963, 51.165117539982269 ], [ 71.472552923319867, 51.164924139994312 ], [ 71.4724857, 51.1648097 ] ] ], [ [ [ 71.474044818981099, 51.165312900093568 ], [ 71.4742116192716, 51.165234100108123 ], [ 71.474224, 51.1651584 ], [ 71.474049, 51.165034500000012 ], [ 71.473297, 51.16467 ], [ 71.4731696, 51.1647631 ], [ 71.47315721762395, 51.164838800023347 ], [ 71.473971618859153, 51.165321300087385 ], [ 71.474044818981099, 51.165312900093568 ] ] ], [ [ [ 71.4725286, 51.1649628 ], [ 71.4720404, 51.1651158 ], [ 71.472121123165152, 51.165230239986592 ], [ 71.472606523330725, 51.165083839994942 ], [ 71.4725286, 51.1649628 ] ] ], [ [ [ 71.4715147, 51.1650755 ], [ 71.4709488, 51.1652487 ], [ 71.471034822802437, 51.165373139968239 ], [ 71.471587322991084, 51.165201639977738 ], [ 71.4715147, 51.1650755 ] ] ], [ [ [ 71.4719763, 51.1651727 ], [ 71.4718435, 51.1652137 ], [ 71.4719246230962, 51.165335239983165 ], [ 71.47205742314155, 51.165294239985421 ], [ 71.4719763, 51.1651727 ] ] ], [ [ [ 71.4730336, 51.16515780000001 ], [ 71.4729221, 51.165371 ], [ 71.472892380953297, 51.165552679991855 ], [ 71.473233682262631, 51.165622680058839 ], [ 71.473343282802702, 51.165409080084963 ], [ 71.473373, 51.1652274 ], [ 71.4730336, 51.16515780000001 ] ] ], [ [ [ 71.471821123056941, 51.16545973998123 ], [ 71.4716956, 51.165282 ], [ 71.471237, 51.1654241 ], [ 71.471258470032481, 51.16546963445699 ], [ 71.4711074, 51.1654629 ], [ 71.470902, 51.1655265 ], [ 71.470899522750884, 51.165541639965689 ], [ 71.471092422803878, 51.165786539968522 ], [ 71.471297822874021, 51.165722939972078 ], [ 71.471362622900401, 51.165601739973347 ], [ 71.471821123056941, 51.16545973998123 ] ] ], [ [ [ 71.47210132313883, 51.165699739985513 ], [ 71.472275823198473, 51.165644239988517 ], [ 71.4722783, 51.1656291 ], [ 71.4720363, 51.1653298 ], [ 71.4718618, 51.1653853 ], [ 71.471859323071996, 51.165400439981966 ], [ 71.47210132313883, 51.165699739985513 ] ] ], [ [ [ 71.4720919, 51.1657327 ], [ 71.472502223246778, 51.166260839991295 ], [ 71.472685723309468, 51.166202739994453 ], [ 71.4725598, 51.1660281 ], [ 71.4725337, 51.1660363 ], [ 71.472386313897758, 51.165853243878317 ], [ 71.4724198, 51.1658283 ], [ 71.472358687412438, 51.165752315884369 ], [ 71.472655379887769, 51.165812579939299 ], [ 71.472765780430635, 51.165599679965567 ], [ 71.4727955, 51.165418 ], [ 71.4724555, 51.1653482 ], [ 71.4723454, 51.1655619 ], [ 71.472321760484661, 51.165706402781396 ], [ 71.472292, 51.1656694 ], [ 71.4720919, 51.1657327 ] ] ], [ [ [ 71.4714443, 51.1658665 ], [ 71.4712274, 51.1659339 ], [ 71.47122492284052, 51.165949039970471 ], [ 71.471589822940828, 51.166410839975818 ], [ 71.471806723014893, 51.166343439979563 ], [ 71.4718092, 51.166328300000011 ], [ 71.4714443, 51.1658665 ] ] ], [ [ [ 71.473918223705127, 51.166417140014673 ], [ 71.474079723760354, 51.166365240017463 ], [ 71.4741156, 51.1663149 ], [ 71.473911, 51.1660644 ], [ 71.4731486, 51.1663093 ], [ 71.473268323489322, 51.166474040003735 ], [ 71.473918223705127, 51.166417140014673 ] ] ], [ [ [ 71.4714533, 51.1663578 ], [ 71.4708222, 51.1665701 ], [ 71.470817245359726, 51.166600379925264 ], [ 71.470935645425797, 51.166738779928778 ], [ 71.471566745858198, 51.166526479950541 ], [ 71.4715717, 51.1664962 ], [ 71.4714533, 51.1663578 ] ] ], [ [ [ 71.4730715, 51.1665469 ], [ 71.4728976, 51.1665979 ], [ 71.472895123360914, 51.16661303999728 ], [ 71.473129823424699, 51.166927840000689 ], [ 71.473303723483937, 51.16687684000366 ], [ 71.4733062, 51.1668617 ], [ 71.4730715, 51.1665469 ] ] ], [ [ [ 71.473402, 51.1665906 ], [ 71.4732049, 51.1666509 ], [ 71.473202423459583, 51.166666040002333 ], [ 71.473395323512463, 51.166913840005144 ], [ 71.473592423579731, 51.166853540008525 ], [ 71.4735949, 51.1668384 ], [ 71.473402, 51.1665906 ] ] ], [ [ [ 71.473704423595962, 51.167340040009591 ], [ 71.4734091, 51.1669202 ], [ 71.4731762, 51.1669875 ], [ 71.47313682342012, 51.167090440000536 ], [ 71.473387823488139, 51.167431640004175 ], [ 71.473704423595962, 51.167340040009591 ] ] ], [ [ [ 71.4712981, 51.1674254 ], [ 71.471273222790373, 51.167511739968738 ], [ 71.471519022858331, 51.167813239972361 ], [ 71.471624622892577, 51.167823939974099 ], [ 71.472841223308549, 51.167433939995043 ], [ 71.473053723383956, 51.167300839998809 ], [ 71.4730562, 51.1672857 ], [ 71.4727592, 51.1669215 ], [ 71.4714366, 51.1673454 ], [ 71.4712981, 51.1674254 ] ] ], [ [ [ 71.47154672285869, 51.168020139972484 ], [ 71.4714503, 51.167884299999983 ], [ 71.4712518, 51.1679482 ], [ 71.471348322790831, 51.168084139969054 ], [ 71.47154672285869, 51.168020139972484 ] ] ], [ [ [ 71.472892, 51.1678985 ], [ 71.4727378, 51.1679448 ], [ 71.472791623266914, 51.168033939993229 ], [ 71.472944523318986, 51.167990239995852 ], [ 71.472892, 51.1678985 ] ] ], [ [ [ 71.474063371041638, 51.168163020042968 ], [ 71.4740708, 51.1681176 ], [ 71.4738864, 51.167871 ], [ 71.4731325, 51.1680926 ], [ 71.473125070120446, 51.168138019996107 ], [ 71.473314670275116, 51.168391620004371 ], [ 71.474063371041638, 51.168163020042968 ] ] ], [ [ [ 71.472566323184196, 51.168240839989139 ], [ 71.4724964, 51.1681433 ], [ 71.472411900000012, 51.1681718 ], [ 71.472483223155635, 51.168271039987694 ], [ 71.472566323184196, 51.168240839989139 ] ] ], [ [ [ 71.472623446402821, 51.168294779980094 ], [ 71.472714646453738, 51.168400979982785 ], [ 71.473077346702297, 51.168278479995287 ], [ 71.4730823, 51.1682482 ], [ 71.4730163, 51.1681714 ], [ 71.4727413, 51.1681884 ], [ 71.4726727, 51.1682116 ], [ 71.472623446402821, 51.168294779980094 ] ] ], [ [ [ 71.472432923131123, 51.168460139986557 ], [ 71.472556623173233, 51.168425139988678 ], [ 71.472588323185249, 51.168387339989273 ], [ 71.4725275, 51.1682956 ], [ 71.472296600000021, 51.1683637 ], [ 71.472359023106833, 51.168461139985332 ], [ 71.472432923131123, 51.168460139986557 ] ] ], [ [ [ 71.4718763, 51.1683394 ], [ 71.4715898, 51.1684292 ], [ 71.471657022873316, 51.168531739973488 ], [ 71.471943522971188, 51.168441939978415 ], [ 71.4718763, 51.1683394 ] ] ], [ [ [ 71.472510623149972, 51.168618339987603 ], [ 71.4724462, 51.1685158 ], [ 71.4722667, 51.168435 ], [ 71.4720995, 51.1684852 ], [ 71.472247823060329, 51.168697439983092 ], [ 71.472510623149972, 51.168618339987603 ] ] ], [ [ [ 71.4727683, 51.1685432 ], [ 71.4725406, 51.1686718 ], [ 71.472617923175136, 51.168856839989012 ], [ 71.472657423186206, 51.168901639989585 ], [ 71.473036823313521, 51.168836939996034 ], [ 71.473286523399182, 51.168750540000339 ], [ 71.4730695, 51.168486 ], [ 71.4728529, 51.168513899999986 ], [ 71.4727683, 51.1685432 ] ] ], [ [ [ 71.472601623164579, 51.168979839988523 ], [ 71.4725151, 51.1688686 ], [ 71.4724166, 51.1688428 ], [ 71.4723259, 51.1688758 ], [ 71.472455123114216, 51.169033139986006 ], [ 71.472601623164579, 51.168979839988523 ] ] ], [ [ [ 71.473562823473429, 51.169140940004326 ], [ 71.4733739, 51.1689019 ], [ 71.4727928, 51.1690972 ], [ 71.472790323220948, 51.169112339991472 ], [ 71.472981723274344, 51.169336239994301 ], [ 71.473562823473429, 51.169140940004326 ] ] ], [ [ [ 71.4723071, 51.1691909 ], [ 71.4721779, 51.169238 ], [ 71.472175423013084, 51.169253139980974 ], [ 71.472326423055762, 51.169416339983229 ], [ 71.472455723100225, 51.169369339985458 ], [ 71.4724582, 51.1693542 ], [ 71.4723071, 51.1691909 ] ] ], [ [ [ 71.4715795, 51.1692309 ], [ 71.4711837, 51.1693603 ], [ 71.471178745361371, 51.169390579928276 ], [ 71.471283145419321, 51.16951617993135 ], [ 71.471678945690229, 51.169386679945006 ], [ 71.4716839, 51.1693564 ], [ 71.4715795, 51.1692309 ] ] ], [ [ [ 71.471702822843341, 51.169597039972523 ], [ 71.4716075, 51.1694839 ], [ 71.4713588, 51.1695815 ], [ 71.471356322729577, 51.169596639966748 ], [ 71.471454122757549, 51.169694639968206 ], [ 71.471702822843341, 51.169597039972523 ] ] ], [ [ [ 71.474277723674803, 51.169931940014969 ], [ 71.4736944, 51.1692144 ], [ 71.4728178, 51.1695017 ], [ 71.473183923305513, 51.170170639996321 ], [ 71.473262423327313, 51.170264839997465 ], [ 71.474277723674803, 51.169931940014969 ] ] ], [ [ [ 71.4727079, 51.1696473 ], [ 71.4724866, 51.1697167 ], [ 71.472484123094233, 51.16973183998536 ], [ 71.472935123218448, 51.170297339991968 ], [ 71.47315632329402, 51.170227939995762 ], [ 71.4731588, 51.1702128 ], [ 71.4727079, 51.1696473 ] ] ], [ [ [ 71.472011122923519, 51.17009583997686 ], [ 71.4719331, 51.1699697 ], [ 71.4717883, 51.1700202 ], [ 71.471871622875568, 51.170146339974451 ], [ 71.472011122923519, 51.17009583997686 ] ] ], [ [ [ 71.473141623233076, 51.171556739993349 ], [ 71.473404423323458, 51.171460539997895 ], [ 71.4735288, 51.1713404 ], [ 71.4730058, 51.1707788 ], [ 71.4728416, 51.1708389 ], [ 71.472839123163411, 51.17085403998945 ], [ 71.473053623208159, 51.171462239992046 ], [ 71.473141623233076, 51.171556739993349 ] ] ], [ [ [ 71.4721851, 51.1722359 ], [ 71.4716497, 51.1724823 ], [ 71.471647222702515, 51.172497439966868 ], [ 71.471791622744732, 51.172620839969085 ], [ 71.472327022931012, 51.172374439978434 ], [ 71.4723295, 51.1723593 ], [ 71.4721851, 51.1722359 ] ] ], [ [ [ 71.4741496, 51.1756351 ], [ 71.4740527, 51.175685 ], [ 71.4740502233565, 51.17570014000178 ], [ 71.474196823399936, 51.175812140004048 ], [ 71.474293823433882, 51.175762340005747 ], [ 71.4742963, 51.1757472 ], [ 71.4741496, 51.1756351 ] ] ], [ [ [ 71.4736466, 51.1756931 ], [ 71.4735206, 51.1757534 ], [ 71.473518123178835, 51.175768539992802 ], [ 71.473591623200434, 51.17582883999394 ], [ 71.473717623244355, 51.175768539996135 ], [ 71.4737201, 51.1757534 ], [ 71.4736466, 51.1756931 ] ] ], [ [ [ 71.4734272, 51.1758353 ], [ 71.47331490000002, 51.1758856 ], [ 71.473312423105696, 51.175900739989153 ], [ 71.473413723135195, 51.175989639990696 ], [ 71.473526023174216, 51.175939339992638 ], [ 71.4735285, 51.1759242 ], [ 71.4734272, 51.1758353 ] ] ], [ [ [ 71.473167623051083, 51.176067339986453 ], [ 71.4731701, 51.1760522 ], [ 71.4730667, 51.1759597 ], [ 71.4729441, 51.1760136 ], [ 71.47299532299408, 51.176076739983564 ], [ 71.473110923031399, 51.176092339985473 ], [ 71.473167623051083, 51.176067339986453 ] ] ], [ [ [ 71.474398323454267, 51.176092640006956 ], [ 71.4743194, 51.176005499999988 ], [ 71.4741907, 51.1760626 ], [ 71.47418822338588, 51.176077740003478 ], [ 71.474269523409546, 51.176149840004726 ], [ 71.474398323454267, 51.176092640006956 ] ] ], [ [ [ 71.4740739, 51.1761112 ], [ 71.4739806, 51.1761617 ], [ 71.473978123312691, 51.176176839999805 ], [ 71.474065223338627, 51.176240040001154 ], [ 71.474158523371401, 51.176189540002802 ], [ 71.474161, 51.1761744 ], [ 71.4740739, 51.1761112 ] ] ], [ [ [ 71.4732442, 51.1761021 ], [ 71.4730723, 51.176174 ], [ 71.473175323044273, 51.176288239986214 ], [ 71.473347223103772, 51.176216439989204 ], [ 71.4732442, 51.1761021 ] ] ], [ [ [ 71.4729189, 51.1762702 ], [ 71.4728318, 51.1761955 ], [ 71.4726863, 51.1762621 ], [ 71.472683822883297, 51.176277239978035 ], [ 71.472770922908737, 51.176352039979371 ], [ 71.472916422959344, 51.176285339981902 ], [ 71.4729189, 51.1762702 ] ] ], [ [ [ 71.4723163, 51.176364699999986 ], [ 71.472247422733915, 51.176419539970532 ], [ 71.472349522764645, 51.17648653997211 ], [ 71.4724184, 51.1764317 ], [ 71.4723163, 51.176364699999986 ] ] ], [ [ [ 71.47404, 51.1763329 ], [ 71.473938923290177, 51.176404439998784 ], [ 71.474058123325889, 51.17648634000065 ], [ 71.4741592, 51.1764148 ], [ 71.47404, 51.1763329 ] ] ], [ [ [ 71.472012, 51.1766114 ], [ 71.4719067, 51.1765382 ], [ 71.471806022580921, 51.17660893996284 ], [ 71.471911322612414, 51.176682139964498 ], [ 71.472012, 51.1766114 ] ] ], [ [ [ 71.4725833, 51.1765773 ], [ 71.4724423, 51.1766555 ], [ 71.472439822786512, 51.176670639973338 ], [ 71.472510522807625, 51.176720739974421 ], [ 71.472651522857248, 51.17664253997691 ], [ 71.472654, 51.1766274 ], [ 71.4725833, 51.1765773 ] ] ], [ [ [ 71.472210222703211, 51.176857239969202 ], [ 71.4723685, 51.1767437 ], [ 71.472258, 51.1766749 ], [ 71.4720947, 51.1766881 ], [ 71.4720304, 51.1767287 ], [ 71.47202792264811, 51.176743839966328 ], [ 71.472210222703211, 51.176857239969202 ] ] ], [ [ [ 71.4731824, 51.176613899999985 ], [ 71.4727858, 51.1767979 ], [ 71.472783322893321, 51.176813039978818 ], [ 71.472907622929725, 51.176918239980729 ], [ 71.47330412306772, 51.176734339987647 ], [ 71.4733066, 51.1767192 ], [ 71.4731824, 51.176613899999985 ] ] ], [ [ [ 71.472461, 51.1767936 ], [ 71.472321022737589, 51.176904939970967 ], [ 71.472440822774089, 51.176972239972855 ], [ 71.4725809, 51.1768608 ], [ 71.472461, 51.1767936 ] ] ], [ [ [ 71.4743852, 51.1773218 ], [ 71.47425632335127, 51.177426940002427 ], [ 71.474394523393443, 51.177503140004617 ], [ 71.4745233, 51.177398 ], [ 71.4743852, 51.1773218 ] ] ], [ [ [ 71.4738032, 51.1773697 ], [ 71.47373332317855, 51.177448339993646 ], [ 71.473873723222212, 51.177506939995901 ], [ 71.4739437, 51.177428399999989 ], [ 71.4738032, 51.1773697 ] ] ], [ [ [ 71.4740127, 51.177524 ], [ 71.4739312, 51.177487099999986 ], [ 71.47386002321538, 51.177561939995577 ], [ 71.47394162324062, 51.177598739996888 ], [ 71.4740127, 51.177524 ] ] ], [ [ [ 71.4734028, 51.1774913 ], [ 71.473331723041895, 51.177560339986762 ], [ 71.473554823110462, 51.177671839990303 ], [ 71.4736259, 51.1776028 ], [ 71.4734028, 51.1774913 ] ] ], [ [ [ 71.4727328, 51.177655899999984 ], [ 71.4726117, 51.1777245 ], [ 71.47260922279699, 51.177739639974412 ], [ 71.472711122827477, 51.177810339976006 ], [ 71.47283232287019, 51.177741639978144 ], [ 71.4728348, 51.1777265 ], [ 71.4727328, 51.177655899999984 ] ] ], [ [ [ 71.4737913, 51.1777914 ], [ 71.4737057, 51.1777272 ], [ 71.4735843, 51.1777909 ], [ 71.473581823113676, 51.17780603999055 ], [ 71.473667423139091, 51.17787013999186 ], [ 71.473788823181664, 51.177806539994002 ], [ 71.4737913, 51.1777914 ] ] ], [ [ [ 71.4724732, 51.1777126 ], [ 71.4722697, 51.1778255 ], [ 71.472267222680372, 51.177840639968544 ], [ 71.472463022738822, 51.177979339971579 ], [ 71.472666522810442, 51.177866439975169 ], [ 71.472669, 51.1778513 ], [ 71.4724732, 51.1777126 ] ] ], [ [ [ 71.4743103, 51.1777434 ], [ 71.4741713, 51.1778541 ], [ 71.474168823303827, 51.17786924000022 ], [ 71.474253923330025, 51.177911240001585 ], [ 71.474392923380364, 51.177800540004085 ], [ 71.4743954, 51.1777854 ], [ 71.4743103, 51.1777434 ] ] ], [ [ [ 71.473234100000013, 51.1778906 ], [ 71.4730721, 51.1777993 ], [ 71.472932322895915, 51.177910339979533 ], [ 71.473094322945272, 51.178001539982084 ], [ 71.473234100000013, 51.1778906 ] ] ], [ [ [ 71.4722496, 51.177833 ], [ 71.4720244, 51.1779615 ], [ 71.472021922594038, 51.177976639964228 ], [ 71.472225822655076, 51.178117039967404 ], [ 71.472451022734489, 51.177988539971373 ], [ 71.4724535, 51.1779734 ], [ 71.4722496, 51.177833 ] ] ], [ [ [ 71.473309, 51.1780079 ], [ 71.473183222970306, 51.178100339983402 ], [ 71.47329332300356, 51.178169339985132 ], [ 71.4734191, 51.1780768 ], [ 71.473309, 51.1780079 ] ] ], [ [ [ 71.4718111, 51.1780837 ], [ 71.4717052, 51.1781377 ], [ 71.471702722481723, 51.178152839958607 ], [ 71.471776922503693, 51.178210039959758 ], [ 71.471882822540763, 51.178156139961601 ], [ 71.4718853, 51.178141 ], [ 71.4718111, 51.1780837 ] ] ], [ [ [ 71.4725954, 51.1780879 ], [ 71.47251272274741, 51.178162639972115 ], [ 71.472633422784355, 51.178226539974034 ], [ 71.4727161, 51.178151799999988 ], [ 71.4725954, 51.1780879 ] ] ], [ [ [ 71.473506, 51.1780611 ], [ 71.4733828, 51.1781706 ], [ 71.473380323031435, 51.17818573998656 ], [ 71.473460723056334, 51.178221339987843 ], [ 71.473584023101481, 51.178111739990086 ], [ 71.4735865, 51.1780966 ], [ 71.473506, 51.1780611 ] ] ], [ [ [ 71.4742138, 51.1780627 ], [ 71.474137823282433, 51.178134939999289 ], [ 71.47426362332105, 51.178198540001297 ], [ 71.4743395, 51.17812630000001 ], [ 71.4742138, 51.1780627 ] ] ], [ [ [ 71.4738348, 51.1781391 ], [ 71.4736846, 51.1780886 ], [ 71.473585523097697, 51.178213039989934 ], [ 71.473738423145861, 51.17826183999243 ], [ 71.4738348, 51.1781391 ] ] ], [ [ [ 71.4720274, 51.1781462 ], [ 71.471885922536813, 51.178273339961471 ], [ 71.472006522573949, 51.178332139963402 ], [ 71.472148, 51.1782049 ], [ 71.4720274, 51.1781462 ] ] ], [ [ [ 71.4739997, 51.1782101 ], [ 71.47389582319515, 51.17831913999494 ], [ 71.474016723232694, 51.178370439996897 ], [ 71.4741206, 51.1782614 ], [ 71.4739997, 51.1782101 ] ] ], [ [ [ 71.4731106, 51.17829540000001 ], [ 71.47301, 51.1782323 ], [ 71.472842622847836, 51.178350939977314 ], [ 71.472943322878251, 51.178413939978903 ], [ 71.4731106, 51.17829540000001 ] ] ], [ [ [ 71.4726948, 51.178275 ], [ 71.472600322767946, 51.178357539973263 ], [ 71.472768022819224, 51.178447439975919 ], [ 71.4728625, 51.1783649 ], [ 71.4726948, 51.178275 ] ] ], [ [ [ 71.4731374, 51.1782988 ], [ 71.473025022906398, 51.17838283998033 ], [ 71.473119022934782, 51.178441739981785 ], [ 71.4732314, 51.1783576 ], [ 71.4731374, 51.1782988 ] ] ], [ [ [ 71.472199922633152, 51.178434639966454 ], [ 71.472481722721355, 51.178538239970983 ], [ 71.472579, 51.178445 ], [ 71.4724431, 51.1783438 ], [ 71.4723488, 51.1782989 ], [ 71.4722024, 51.1784195 ], [ 71.472199922633152, 51.178434639966454 ] ] ], [ [ [ 71.4739986, 51.1428536 ], [ 71.4727729, 51.1425112 ], [ 71.4724827, 51.1429201 ], [ 71.472457942172937, 51.143071500285586 ], [ 71.473688646069434, 51.143406900485445 ], [ 71.473964547900309, 51.143018105017362 ], [ 71.473992724716027, 51.143031240053915 ], [ 71.474011324723207, 51.143005040054277 ], [ 71.4740138, 51.1429899 ], [ 71.4739848, 51.1429818 ], [ 71.473975498101993, 51.142994902677529 ], [ 71.4739986, 51.1428536 ] ] ], [ [ [ 71.4735655, 51.1434194 ], [ 71.473546924551783, 51.143457340045813 ], [ 71.473640524581398, 51.143483340047325 ], [ 71.4736591, 51.1434455 ], [ 71.4735655, 51.1434194 ] ] ], [ [ [ 71.4745726, 51.14423330000001 ], [ 71.474468724814869, 51.14439124005964 ], [ 71.474603824857581, 51.144429740061845 ], [ 71.474709, 51.1442717 ], [ 71.4745726, 51.14423330000001 ] ] ], [ [ [ 71.4748707, 51.1442994 ], [ 71.47478472491639, 51.144442640064845 ], [ 71.474970524975376, 51.144489640067867 ], [ 71.475056, 51.1443474 ], [ 71.4748707, 51.1442994 ] ] ], [ [ [ 71.4742184, 51.1444097 ], [ 71.474188324719719, 51.144466140054845 ], [ 71.474520924825157, 51.144553640060266 ], [ 71.474551, 51.1444972 ], [ 71.4742184, 51.1444097 ] ] ], [ [ [ 71.474374, 51.144548 ], [ 71.4742368, 51.144514 ], [ 71.474144224696516, 51.144673640053782 ], [ 71.474280524739797, 51.144707140056013 ], [ 71.474374, 51.144548 ] ] ], [ [ [ 71.4747834, 51.1446088 ], [ 71.474684324870168, 51.144757940062675 ], [ 71.474853724923733, 51.144805840065395 ], [ 71.4749532, 51.144658 ], [ 71.4747834, 51.1446088 ] ] ], [ [ [ 71.4745867, 51.1446329 ], [ 71.474493024805938, 51.144792740059408 ], [ 71.474569924830348, 51.144811840060655 ], [ 71.4746636, 51.144652 ], [ 71.4745867, 51.1446329 ] ] ], [ [ [ 71.473490297787365, 51.145557760166163 ], [ 71.474154798627538, 51.145747460209257 ], [ 71.474515299139327, 51.145518360234789 ], [ 71.474632699320679, 51.145356460243676 ], [ 71.4746426, 51.1452959 ], [ 71.4745712, 51.145239 ], [ 71.473839, 51.14503 ], [ 71.4735002, 51.1454972 ], [ 71.473490297787365, 51.145557760166163 ] ] ], [ [ [ 71.475010074844377, 51.145478720200948 ], [ 71.4750175, 51.1454333 ], [ 71.474727, 51.1453553 ], [ 71.4744131, 51.1458158 ], [ 71.474405674201066, 51.145861220168847 ], [ 71.474503974288439, 51.145935320173422 ], [ 71.47466867444497, 51.145979520181413 ], [ 71.475010074844377, 51.145478720200948 ] ] ], [ [ [ 71.473611848936244, 51.145964580085675 ], [ 71.473722149015657, 51.145881380089641 ], [ 71.4736974, 51.1457294 ], [ 71.4736687, 51.1457024 ], [ 71.4735571, 51.1456704 ], [ 71.4735042, 51.1456695 ], [ 71.4732445, 51.145725 ], [ 71.473303948738106, 51.14591808007556 ], [ 71.473534548883777, 51.145985380083033 ], [ 71.473611848936244, 51.145964580085675 ] ] ], [ [ [ 71.4733543, 51.1459467 ], [ 71.4731333, 51.1458279 ], [ 71.472953, 51.1457802 ], [ 71.472834324212116, 51.145968340029839 ], [ 71.473270124350265, 51.146083540036912 ], [ 71.4733543, 51.1459467 ] ] ], [ [ [ 71.4750099, 51.1460556 ], [ 71.474983024911168, 51.146110840065433 ], [ 71.475165424969163, 51.146154640068403 ], [ 71.4751923, 51.1460993 ], [ 71.4750099, 51.1460556 ] ] ], [ [ [ 71.4739336, 51.1460985 ], [ 71.4738161, 51.1462604 ], [ 71.47380867355713, 51.14630582013681 ], [ 71.474130873862691, 51.146397820152487 ], [ 71.474248273998697, 51.146236020159137 ], [ 71.4742557, 51.1461906 ], [ 71.4739336, 51.1460985 ] ] ], [ [ [ 71.4746958, 51.146203399999983 ], [ 71.474622524783953, 51.146322140059091 ], [ 71.47469762480776, 51.146342340060301 ], [ 71.4747709, 51.1462236 ], [ 71.4746958, 51.146203399999983 ] ] ], [ [ [ 71.472891924215887, 51.146327140030202 ], [ 71.473086224277324, 51.146381840033357 ], [ 71.473241924327851, 51.146395340035937 ], [ 71.4733116, 51.1462863 ], [ 71.4731964, 51.1462539 ], [ 71.47294, 51.1462481 ], [ 71.472891924215887, 51.146327140030202 ] ] ], [ [ [ 71.4732895, 51.1464477 ], [ 71.473255324327539, 51.146507140035986 ], [ 71.473323224349016, 51.146526240037083 ], [ 71.4733574, 51.1464668 ], [ 71.4732895, 51.1464477 ] ] ], [ [ [ 71.473579273289602, 51.14663562012371 ], [ 71.473744073445829, 51.146683120131733 ], [ 71.473981173679078, 51.146684320143578 ], [ 71.474066473777754, 51.146568020148436 ], [ 71.4740739, 51.1465226 ], [ 71.4739662, 51.1464111 ], [ 71.4738112, 51.1463664 ], [ 71.4736646, 51.146484 ], [ 71.4735867, 51.1465902 ], [ 71.473579273289602, 51.14663562012371 ] ] ], [ [ [ 71.4752488, 51.1464323 ], [ 71.4750784, 51.1463846 ], [ 71.4747105, 51.1464934 ], [ 71.474482, 51.1467127 ], [ 71.474409924693006, 51.146824940054721 ], [ 71.475144724925372, 51.147032540066633 ], [ 71.475344825005408, 51.14669154007052 ], [ 71.4752488, 51.1464323 ] ] ], [ [ [ 71.4744794, 51.1488363 ], [ 71.4742432, 51.1491831 ], [ 71.474240724537438, 51.149198240048051 ], [ 71.47439302458568, 51.149239040050517 ], [ 71.474629324677849, 51.148892240055012 ], [ 71.4746318, 51.1488771 ], [ 71.4744794, 51.1488363 ] ] ], [ [ [ 71.4752381, 51.1493141 ], [ 71.4748692, 51.1498544 ], [ 71.474856823558312, 51.149930100286305 ], [ 71.475068223893203, 51.149987000303454 ], [ 71.475437224612577, 51.149446600338607 ], [ 71.4754496, 51.1493709 ], [ 71.4752381, 51.1493141 ] ] ], [ [ [ 71.4740688, 51.14971 ], [ 71.474037624446808, 51.149766840043732 ], [ 71.474111124470085, 51.149786740044924 ], [ 71.4741423, 51.1497299 ], [ 71.4740688, 51.14971 ] ] ], [ [ [ 71.4746752, 51.1498619 ], [ 71.4746042, 51.1498566 ], [ 71.474593224622836, 51.149916340052755 ], [ 71.47466422464592, 51.149921640053932 ], [ 71.4746752, 51.1498619 ] ] ], [ [ [ 71.4731887, 51.1498729 ], [ 71.4731585241516, 51.149925840028807 ], [ 71.473489424256172, 51.150021240034164 ], [ 71.4735196, 51.149968200000011 ], [ 71.4731887, 51.1498729 ] ] ], [ [ [ 71.4739265, 51.149990699999989 ], [ 71.473911924394827, 51.150021440041222 ], [ 71.473943024404619, 51.150030840041723 ], [ 71.4739575, 51.150000199999987 ], [ 71.4739265, 51.149990699999989 ] ] ], [ [ [ 71.472965, 51.1500398 ], [ 71.472801824019328, 51.150286540022272 ], [ 71.472864124039063, 51.150303540023287 ], [ 71.473376624206978, 51.150309840031831 ], [ 71.4735059, 51.150112 ], [ 71.4731588, 51.1500173 ], [ 71.472965, 51.1500398 ] ] ], [ [ [ 71.473854524351339, 51.150605640039316 ], [ 71.473946600000019, 51.1503607 ], [ 71.4737515, 51.1503053 ], [ 71.473596124269648, 51.150532240035112 ], [ 71.473854524351339, 51.150605640039316 ] ] ], [ [ [ 71.4733321, 51.150506 ], [ 71.473293600000019, 51.1504336 ], [ 71.4728808, 51.1503172 ], [ 71.472728023984331, 51.150542240020627 ], [ 71.473216024138665, 51.150679740028529 ], [ 71.4733321, 51.150506 ] ] ], [ [ [ 71.476622225937618, 51.15238620041351 ], [ 71.476812926238992, 51.152441200428967 ], [ 71.477071426737496, 51.152088600453361 ], [ 71.4770838, 51.1520129 ], [ 71.4770234, 51.1518012 ], [ 71.475437654239613, 51.151370657359898 ], [ 71.475207081861498, 51.150790180939339 ], [ 71.4752293, 51.1507449 ], [ 71.47517793015713, 51.150716789079027 ], [ 71.4750749, 51.1504574 ], [ 71.474741815440836, 51.150469385787851 ], [ 71.4747416, 51.150459 ], [ 71.474428, 51.1504616 ], [ 71.474420998148219, 51.150661960195059 ], [ 71.47458964140742, 51.150660562122454 ], [ 71.474590320766822, 51.152241560442704 ], [ 71.475004821942974, 51.152368660503065 ], [ 71.475708824027095, 51.152356460608893 ], [ 71.4757255, 51.1520953 ], [ 71.475575238423062, 51.151717024274646 ], [ 71.476622225937618, 51.15238620041351 ] ] ], [ [ [ 71.473663, 51.151008 ], [ 71.473569324235243, 51.151139240033686 ], [ 71.473868524329546, 51.151231740038519 ], [ 71.4739622, 51.151100499999984 ], [ 71.473663, 51.151008 ] ] ], [ [ [ 71.4738828, 51.1506144 ], [ 71.4736951, 51.1505625 ], [ 71.4729901, 51.1515648 ], [ 71.472977720114216, 51.151640500115654 ], [ 71.473165420411277, 51.151692400130905 ], [ 71.473870421779509, 51.150690100197849 ], [ 71.4738828, 51.1506144 ] ] ], [ [ [ 71.4735781, 51.1513703 ], [ 71.4734345, 51.1515846 ], [ 71.473427072507931, 51.151630020091737 ], [ 71.47351965435935, 51.151654438573942 ], [ 71.4731078, 51.1522358 ], [ 71.473095420165834, 51.152311500120028 ], [ 71.473275020450018, 51.152361500134617 ], [ 71.473700121274163, 51.151761400174941 ], [ 71.473709427257234, 51.151704490901899 ], [ 71.473774372838292, 51.151721620108688 ], [ 71.473917973006792, 51.151507220116912 ], [ 71.4739254, 51.1514618 ], [ 71.4735781, 51.1513703 ] ] ], [ [ [ 71.4737039, 51.1523219 ], [ 71.473704624225874, 51.152414140033876 ], [ 71.473927024299016, 51.152410440037592 ], [ 71.4739262, 51.1523183 ], [ 71.4737039, 51.1523219 ] ] ], [ [ [ 71.473679766178009, 51.152804261081378 ], [ 71.4737661, 51.1526697 ], [ 71.473413, 51.1525612 ], [ 71.473306048165583, 51.152722180053509 ], [ 71.473600476724698, 51.152812651650287 ], [ 71.473574448329288, 51.152870180061981 ], [ 71.473699748404556, 51.152952780065888 ], [ 71.473832848488513, 51.152993280070191 ], [ 71.4739151, 51.152863 ], [ 71.473679766178009, 51.152804261081378 ] ] ], [ [ [ 71.4740063, 51.1529936 ], [ 71.4739774, 51.1529937 ], [ 71.473974924288683, 51.153028340037373 ], [ 71.474003824298165, 51.153028340037864 ], [ 71.4740063, 51.1529936 ] ] ], [ [ [ 71.473465024098161, 51.153577640027983 ], [ 71.473617624156958, 51.153371240030864 ], [ 71.473569, 51.1532376 ], [ 71.4732704, 51.1531507 ], [ 71.4731547, 51.1533071 ], [ 71.473168924004611, 51.153491540023182 ], [ 71.473465024098161, 51.153577640027983 ] ] ], [ [ [ 71.4738669, 51.1535171 ], [ 71.4738252, 51.153465 ], [ 71.4737296, 51.1534377 ], [ 71.473602124141166, 51.153624840030183 ], [ 71.473763324192177, 51.153669940032806 ], [ 71.4738669, 51.1535171 ] ] ], [ [ [ 71.4736275, 51.1537317 ], [ 71.4730924, 51.153587 ], [ 71.4730203, 51.1536918 ], [ 71.47300791971513, 51.153767500100891 ], [ 71.473543120562923, 51.153912200144362 ], [ 71.473615120703201, 51.15380740015123 ], [ 71.4736275, 51.1537317 ] ] ], [ [ [ 71.474751524505621, 51.153928640048875 ], [ 71.4747963, 51.1537814 ], [ 71.4744481, 51.1537375 ], [ 71.474410024396249, 51.153863740043285 ], [ 71.474503024425374, 51.153897340044779 ], [ 71.474751524505621, 51.153928640048875 ] ] ], [ [ [ 71.473649, 51.1538574 ], [ 71.4734178, 51.1542079 ], [ 71.473405420258615, 51.154283600129865 ], [ 71.473587920548141, 51.154330900144693 ], [ 71.473819121001455, 51.153980500166831 ], [ 71.4738315, 51.1539048 ], [ 71.473649, 51.1538574 ] ] ], [ [ [ 71.4759678, 51.154232600000014 ], [ 71.4748312, 51.1538615 ], [ 71.4747908, 51.1539101 ], [ 71.474788324517831, 51.153925240049489 ], [ 71.475924924875244, 51.154296340067852 ], [ 71.4759678, 51.154232600000014 ] ] ], [ [ [ 71.4747786, 51.1541864 ], [ 71.4747058, 51.1541661 ], [ 71.4746392, 51.15426 ], [ 71.474636724453319, 51.154275140046394 ], [ 71.474709524476353, 51.154295440047576 ], [ 71.474715739638327, 51.154286677249964 ], [ 71.4746497, 51.1543833 ], [ 71.474642273350355, 51.15442872013891 ], [ 71.474793273493901, 51.154469320146269 ], [ 71.47493557366036, 51.154261120154402 ], [ 71.474943, 51.1542157 ], [ 71.474792, 51.15417510000001 ], [ 71.474776814920517, 51.154197317477909 ], [ 71.4747786, 51.1541864 ] ] ], [ [ [ 71.4750386, 51.1542283 ], [ 71.4749474, 51.1543594 ], [ 71.474925120900366, 51.154495660459979 ], [ 71.475561122713088, 51.154669760552878 ], [ 71.475652323032193, 51.154538760568492 ], [ 71.4756746, 51.1544025 ], [ 71.4750386, 51.1542283 ] ] ], [ [ [ 71.473655696450194, 51.154771760117292 ], [ 71.473876196792617, 51.154458160134034 ], [ 71.4738861, 51.1543976 ], [ 71.473645, 51.1543323 ], [ 71.4733973, 51.1546922 ], [ 71.473387396101145, 51.154752760099498 ], [ 71.473587096354208, 51.154806860112473 ], [ 71.473655696450194, 51.154771760117292 ] ] ], [ [ [ 71.474904124466988, 51.156032340047986 ], [ 71.4749709, 51.1559259 ], [ 71.474711901157733, 51.155348029636272 ], [ 71.475097224554489, 51.15546054005214 ], [ 71.475205, 51.1553035 ], [ 71.474818, 51.15519050000001 ], [ 71.474710613976399, 51.155345157677147 ], [ 71.4745656, 51.1550216 ], [ 71.474525808692931, 51.155010579710634 ], [ 71.474802120485805, 51.154630560439543 ], [ 71.4748244, 51.1544943 ], [ 71.4746555, 51.154446 ], [ 71.4743539, 51.1548608 ], [ 71.474331618956796, 51.154997060363556 ], [ 71.474386674756261, 51.155012804563469 ], [ 71.473877124141879, 51.15574774003133 ], [ 71.474904124466988, 51.156032340047986 ] ] ], [ [ [ 71.4734932, 51.1549712 ], [ 71.473458524034612, 51.155033440025505 ], [ 71.473543024061399, 51.155056140026872 ], [ 71.4735777, 51.1549939 ], [ 71.4734932, 51.1549712 ] ] ], [ [ [ 71.4736152, 51.1550016 ], [ 71.4735921, 51.1549952 ], [ 71.47357932407462, 51.155025040027546 ], [ 71.473602524081983, 51.155031440027912 ], [ 71.4736152, 51.1550016 ] ] ], [ [ [ 71.4757516, 51.1545464 ], [ 71.4752156, 51.1552848 ], [ 71.475203222981989, 51.155360500271051 ], [ 71.475382523265438, 51.155411700285583 ], [ 71.475918524300781, 51.154673300336263 ], [ 71.4759309, 51.1545976 ], [ 71.4757516, 51.1545464 ] ] ], [ [ [ 71.47505, 51.1560506 ], [ 71.475007824497155, 51.156123940049582 ], [ 71.475076724518999, 51.156142440050701 ], [ 71.4751189, 51.1560691 ], [ 71.47505, 51.1560506 ] ] ], [ [ [ 71.475240021181676, 51.156205560482242 ], [ 71.475577422140773, 51.156304860531435 ], [ 71.475922723149182, 51.156335660582776 ], [ 71.476055723562212, 51.15628266060353 ], [ 71.476078, 51.1561464 ], [ 71.476043, 51.1561088 ], [ 71.4757028, 51.156011 ], [ 71.4753402, 51.1559653 ], [ 71.4752623, 51.1560693 ], [ 71.475240021181676, 51.156205560482242 ] ] ], [ [ [ 71.4746789, 51.1568414 ], [ 71.4742446, 51.1567565 ], [ 71.473686200000017, 51.1569509 ], [ 71.47367382012051, 51.157026600129953 ], [ 71.473766520252084, 51.157124100136905 ], [ 71.474585021614033, 51.157036100205893 ], [ 71.474665871688217, 51.157004292259096 ], [ 71.474936724424538, 51.157292140046501 ], [ 71.475080624474046, 51.157238940048977 ], [ 71.4750831, 51.1572238 ], [ 71.4747803, 51.1569019 ], [ 71.474741106069061, 51.156916417308963 ], [ 71.4746789, 51.1568414 ] ] ], [ [ [ 71.4752259, 51.1569482 ], [ 71.4751298, 51.157011799999985 ], [ 71.47510009388391, 51.157193480596902 ], [ 71.475203594235083, 51.157305180615431 ], [ 71.475446795231989, 51.157228280665606 ], [ 71.475543895645671, 51.157166680686245 ], [ 71.4755736, 51.156985 ], [ 71.4754819, 51.1568787 ], [ 71.4753315, 51.1569094 ], [ 71.4752259, 51.1569482 ] ] ], [ [ [ 71.4747566, 51.1574939 ], [ 71.4747012, 51.1575157 ], [ 71.474733624346356, 51.157565740042656 ], [ 71.47478902436545, 51.157543940043624 ], [ 71.4747566, 51.1574939 ] ] ], [ [ [ 71.4751744, 51.1581297 ], [ 71.4748363, 51.1582482 ], [ 71.474823921734568, 51.158323900215336 ], [ 71.474910321855631, 51.158422200221743 ], [ 71.475247422433767, 51.158304500250821 ], [ 71.475254439529778, 51.158261584254461 ], [ 71.475285822498776, 51.158295100254108 ], [ 71.475501322868993, 51.158216800272704 ], [ 71.475647423175516, 51.15790040028746 ], [ 71.4756598, 51.1578247 ], [ 71.4753259, 51.15747480000001 ], [ 71.4751691, 51.1575383 ], [ 71.475156722430498, 51.15761400024887 ], [ 71.475186052220508, 51.158143221517179 ], [ 71.4751744, 51.1581297 ] ] ], [ [ [ 71.4746104, 51.1579845 ], [ 71.474553, 51.1580046 ], [ 71.474582124275969, 51.158055240039339 ], [ 71.474639524295654, 51.158035140040326 ], [ 71.4746104, 51.1579845 ] ] ], [ [ [ 71.474516224249143, 51.158178440038036 ], [ 71.4744476, 51.1580839 ], [ 71.4742502, 51.1581534 ], [ 71.474247724161415, 51.158168540033572 ], [ 71.47431882418141, 51.158247940034634 ], [ 71.474516224249143, 51.158178440038036 ] ] ], [ [ [ 71.4746901, 51.1582931 ], [ 71.4731849, 51.1588343 ], [ 71.473172518900341, 51.158910000072822 ], [ 71.473283519057532, 51.159028500081121 ], [ 71.474783321633765, 51.158485900210628 ], [ 71.4747957, 51.158410199999985 ], [ 71.4746901, 51.1582931 ] ] ], [ [ [ 71.4753362, 51.1593189 ], [ 71.4752366, 51.159336 ], [ 71.475168, 51.1593809 ], [ 71.475145719646093, 51.159517160419661 ], [ 71.475195419758805, 51.159607060425806 ], [ 71.475330520115605, 51.15971866044444 ], [ 71.475500920641707, 51.159659060470894 ], [ 71.4755232, 51.1595228 ], [ 71.4754719, 51.159445199999986 ], [ 71.4753362, 51.1593189 ] ] ], [ [ [ 71.4739749, 51.1595905 ], [ 71.4738489, 51.1596353 ], [ 71.473924923989259, 51.159737140025655 ], [ 71.474050824032489, 51.159692240027816 ], [ 71.4739749, 51.1595905 ] ] ], [ [ [ 71.4750328, 51.1595081 ], [ 71.4742754, 51.1597721 ], [ 71.474263020492444, 51.159847800156179 ], [ 71.474357120624475, 51.159954100163155 ], [ 71.475114621923581, 51.159690100228488 ], [ 71.475127, 51.1596144 ], [ 71.4750328, 51.1595081 ] ] ], [ [ [ 71.4737292, 51.1598748 ], [ 71.473724247834042, 51.159905080044105 ], [ 71.473879047921244, 51.160076180048726 ], [ 71.474211348149396, 51.159957880060183 ], [ 71.4742163, 51.1599276 ], [ 71.4741516, 51.159802599999985 ], [ 71.4740794, 51.1597227 ], [ 71.4740277, 51.1597191 ], [ 71.473859, 51.1597792 ], [ 71.4737292, 51.1598748 ] ] ], [ [ [ 71.475751, 51.1596954 ], [ 71.4755565, 51.1597613 ], [ 71.47553422064955, 51.159897560472402 ], [ 71.475702121071677, 51.160092460494759 ], [ 71.475896721671646, 51.160026560524912 ], [ 71.475919, 51.1598903 ], [ 71.475751, 51.1596954 ] ] ], [ [ [ 71.4754348, 51.1599641 ], [ 71.4752493, 51.1600285 ], [ 71.475246824410306, 51.160043640047199 ], [ 71.475458024469532, 51.160283040050338 ], [ 71.475643524533169, 51.160218640053529 ], [ 71.475646, 51.1602035 ], [ 71.4754348, 51.1599641 ] ] ], [ [ [ 71.4743291, 51.1601426 ], [ 71.4741755, 51.1601975 ], [ 71.474249824071975, 51.160304940030144 ], [ 71.474405624125382, 51.16025144003283 ], [ 71.4743291, 51.1601426 ] ] ], [ [ [ 71.4756668, 51.1602531 ], [ 71.4755125, 51.1602993 ], [ 71.475590524507339, 51.160418740052322 ], [ 71.475749424561513, 51.160370840055052 ], [ 71.4756668, 51.1602531 ] ] ], [ [ [ 71.4754378, 51.1602809 ], [ 71.4750698, 51.1604034 ], [ 71.475165424362871, 51.160534440045033 ], [ 71.475533424488859, 51.160411940051368 ], [ 71.4754378, 51.1602809 ] ] ], [ [ [ 71.4757258, 51.1605474 ], [ 71.4756185, 51.1605844 ], [ 71.475685724527537, 51.160680340053467 ], [ 71.475787624562685, 51.160639940055241 ], [ 71.4757258, 51.1605474 ] ] ], [ [ [ 71.4747859, 51.1605285 ], [ 71.4746163, 51.1603271 ], [ 71.473839700000013, 51.1605914 ], [ 71.473809986989608, 51.160773080268847 ], [ 71.473983887575827, 51.160968380299863 ], [ 71.474756190749119, 51.160710180459489 ], [ 71.4747859, 51.1605285 ] ] ], [ [ [ 71.4745386, 51.1609253 ], [ 71.474515424128057, 51.161042040033379 ], [ 71.47454332413588, 51.161073740033785 ], [ 71.475026124301536, 51.160904440042117 ], [ 71.4751017, 51.160781 ], [ 71.4750144, 51.1606885 ], [ 71.4747306, 51.1607875 ], [ 71.4745386, 51.1609253 ] ] ], [ [ [ 71.4756138, 51.1609249 ], [ 71.4743717, 51.16135139999998 ], [ 71.474463124092665, 51.161474040031791 ], [ 71.475705124518413, 51.161047640053198 ], [ 71.4756138, 51.1609249 ] ] ], [ [ [ 71.475362424376598, 51.161742440046361 ], [ 71.475533224435011, 51.161686740049291 ], [ 71.475473636143349, 51.161596716191916 ], [ 71.47552504496295, 51.161546854302472 ], [ 71.475614524463069, 51.161654840050694 ], [ 71.475788024522402, 51.161598340053715 ], [ 71.475655514181469, 51.161420310426486 ], [ 71.475709234247333, 51.161368206361701 ], [ 71.475878024553538, 51.161560540055248 ], [ 71.47604982461246, 51.161501240058222 ], [ 71.4758702, 51.16127860000001 ], [ 71.475763729410801, 51.161315350372895 ], [ 71.4758721, 51.1611975 ], [ 71.4757728, 51.1610776 ], [ 71.4747317, 51.1614169 ], [ 71.474828524209343, 51.161551940037775 ], [ 71.475130124296527, 51.161832440042339 ], [ 71.475281324348245, 51.16178324004494 ], [ 71.475345034507839, 51.161721447546576 ], [ 71.475362424376598, 51.161742440046361 ] ] ], [ [ [ 71.475023424259987, 51.161868640040502 ], [ 71.4747368, 51.1615046 ], [ 71.4746433, 51.1615351 ], [ 71.474620624137842, 51.161628940034163 ], [ 71.474862624204974, 51.16192104003774 ], [ 71.475023424259987, 51.161868640040502 ] ] ], [ [ [ 71.4757432, 51.161758399999989 ], [ 71.4752049, 51.1619437 ], [ 71.475297924341689, 51.162067840044756 ], [ 71.475836124526211, 51.161882440054015 ], [ 71.4757432, 51.161758399999989 ] ] ], [ [ [ 71.4739063, 51.1655922 ], [ 71.4736971, 51.165745200000011 ], [ 71.473684718282669, 51.165820900059394 ], [ 71.473933818663383, 51.165954800079078 ], [ 71.474143019039175, 51.165801700097752 ], [ 71.4741554, 51.165726 ], [ 71.4739063, 51.1655922 ] ] ], [ [ [ 71.475259424156718, 51.166152440037486 ], [ 71.475411824209345, 51.166090940040114 ], [ 71.4754143, 51.1660758 ], [ 71.475379600000011, 51.1657816 ], [ 71.4753057, 51.1657154 ], [ 71.4749632, 51.165862 ], [ 71.474960724070257, 51.165877140032947 ], [ 71.475259424156718, 51.166152440037486 ] ] ], [ [ [ 71.474584223937597, 51.166091340026306 ], [ 71.47490962403181, 51.166390140031268 ], [ 71.474951423440501, 51.166372245204641 ], [ 71.474943624040918, 51.166438840031752 ], [ 71.47503482406735, 51.166522540033135 ], [ 71.475234924136672, 51.16643684003661 ], [ 71.4752374, 51.1664217 ], [ 71.4747738, 51.1659961 ], [ 71.4745867, 51.1660762 ], [ 71.474584223937597, 51.166091340026306 ] ] ], [ [ [ 71.475366924186275, 51.166288740039064 ], [ 71.475599224255248, 51.166461840042651 ], [ 71.475777224317213, 51.166378640045757 ], [ 71.4757797, 51.16636350000001 ], [ 71.4755293, 51.1661365 ], [ 71.475396500000016, 51.1662065 ], [ 71.475366924186275, 51.166288740039064 ] ] ], [ [ [ 71.4757794, 51.1664547 ], [ 71.4756936, 51.1664883 ], [ 71.475691124283671, 51.166503440044117 ], [ 71.475825224322435, 51.166627940046155 ], [ 71.475919124354846, 51.166590940047776 ], [ 71.4759216, 51.1665758 ], [ 71.4757794, 51.1664547 ] ] ], [ [ [ 71.474321323805555, 51.167173840020169 ], [ 71.475176624097926, 51.16690144003487 ], [ 71.47517910000002, 51.166886299999987 ], [ 71.474652, 51.1662671 ], [ 71.4743521, 51.1659843 ], [ 71.4740979, 51.1660904 ], [ 71.47409542377649, 51.166105540018123 ], [ 71.474282023794743, 51.167124640019601 ], [ 71.474321323805555, 51.167173840020169 ] ] ], [ [ [ 71.475268724136257, 51.166709340036725 ], [ 71.475396024173165, 51.16682534003867 ], [ 71.475654424262743, 51.16671374004315 ], [ 71.475656900000018, 51.166698599999989 ], [ 71.4755404, 51.1665925 ], [ 71.4754045, 51.1665754 ], [ 71.4752782, 51.1666299 ], [ 71.475268724136257, 51.166709340036725 ] ] ], [ [ [ 71.4738419, 51.1670293 ], [ 71.473815723640982, 51.167139440011788 ], [ 71.473864023654343, 51.167198840012496 ], [ 71.474162423756354, 51.167103440017627 ], [ 71.474086, 51.1669913 ], [ 71.4739369, 51.166998899999989 ], [ 71.4738419, 51.1670293 ] ] ], [ [ [ 71.4759243, 51.1671611 ], [ 71.4754039, 51.1673124 ], [ 71.475492624178742, 51.167445340039265 ], [ 71.476015624356805, 51.167295640048224 ], [ 71.4759243, 51.1671611 ] ] ], [ [ [ 71.4761419, 51.1673101 ], [ 71.4759407, 51.1673689 ], [ 71.476063924361782, 51.167552940048623 ], [ 71.476265124430356, 51.16749404005207 ], [ 71.4761419, 51.1673101 ] ] ], [ [ [ 71.4748192, 51.1677724 ], [ 71.4746998, 51.1678111 ], [ 71.474752323917073, 51.167885140026208 ], [ 71.474873023958082, 51.167852340028283 ], [ 71.4748192, 51.1677724 ] ] ], [ [ [ 71.4765375, 51.1677999 ], [ 71.4759645, 51.1680322 ], [ 71.47593782429243, 51.168215540045445 ], [ 71.47667182454299, 51.16798994005805 ], [ 71.4765375, 51.1677999 ] ] ], [ [ [ 71.4756915, 51.1683462 ], [ 71.474644, 51.1687061 ], [ 71.474639047689337, 51.168736380045928 ], [ 71.475016647900063, 51.169177880057099 ], [ 71.476079148628514, 51.16881528009371 ], [ 71.4760841, 51.168785 ], [ 71.4756915, 51.1683462 ] ] ], [ [ [ 71.476405924403394, 51.169228440051612 ], [ 71.4763386, 51.1691292 ], [ 71.4760718, 51.1692163 ], [ 71.476069324292752, 51.169231440045984 ], [ 71.47613902431209, 51.169315540047016 ], [ 71.476405924403394, 51.169228440051612 ] ] ], [ [ [ 71.47533692404032, 51.169513540033307 ], [ 71.4751127, 51.1692459 ], [ 71.474911, 51.1693171 ], [ 71.475064223951094, 51.169505640028774 ], [ 71.475244024008433, 51.169546340031708 ], [ 71.47533692404032, 51.169513540033307 ] ] ], [ [ [ 71.473601346824253, 51.170909480004241 ], [ 71.474656547421361, 51.172046280035744 ], [ 71.477355749277507, 51.171061180128994 ], [ 71.4773607, 51.1710309 ], [ 71.4763054, 51.1698942 ], [ 71.4754244, 51.1700488 ], [ 71.4746125, 51.1703451 ], [ 71.4736063, 51.1708792 ], [ 71.473601346824253, 51.170909480004241 ] ] ], [ [ [ 71.476079724172351, 51.1721651400414 ], [ 71.4759326, 51.171976899999983 ], [ 71.4753748, 51.1721663 ], [ 71.475372323939325, 51.172181440029561 ], [ 71.475521823981111, 51.172354640031777 ], [ 71.476079724172351, 51.1721651400414 ] ] ], [ [ [ 71.47669112435851, 51.172512840051027 ], [ 71.476624, 51.1723941 ], [ 71.4763805, 51.1722699 ], [ 71.476051, 51.1723934 ], [ 71.475909235349107, 51.172564246570943 ], [ 71.4758402, 51.1724923 ], [ 71.47531450000001, 51.1726908 ], [ 71.475312023897402, 51.172705940027718 ], [ 71.47542822393045, 51.172826940029438 ], [ 71.475811184984735, 51.172682410385363 ], [ 71.475799424057342, 51.172708740035837 ], [ 71.475896824085027, 51.172810940037294 ], [ 71.47669112435851, 51.172512840051027 ] ] ], [ [ [ 71.476939924427413, 51.172816240054686 ], [ 71.4767974, 51.1726522 ], [ 71.4761234, 51.1729101 ], [ 71.476120924153818, 51.172925240040847 ], [ 71.476265824195124, 51.173074140043028 ], [ 71.476939924427413, 51.172816240054686 ] ] ], [ [ [ 71.4757558, 51.1727387 ], [ 71.4753494, 51.172891099999987 ], [ 71.475346923900403, 51.172906240027956 ], [ 71.475674323993445, 51.173249240032881 ], [ 71.476080624133331, 51.173096840039896 ], [ 71.4760831, 51.1730817 ], [ 71.4757558, 51.1727387 ] ] ], [ [ [ 71.4761743, 51.1732048 ], [ 71.4759755, 51.1732862 ], [ 71.476040924108915, 51.173366540038799 ], [ 71.476239724177645, 51.173285140042246 ], [ 71.4761743, 51.1732048 ] ] ], [ [ [ 71.476332024201241, 51.173443840043518 ], [ 71.4762454, 51.1733152 ], [ 71.475959, 51.1734367 ], [ 71.475956524077603, 51.173451840037252 ], [ 71.47602472409632, 51.173538640038259 ], [ 71.476332024201241, 51.173443840043518 ] ] ], [ [ [ 71.4755541, 51.1747995 ], [ 71.4753932, 51.1748668 ], [ 71.475502123863535, 51.174986740027173 ], [ 71.475663023919225, 51.174919440029967 ], [ 71.4755541, 51.1747995 ] ] ], [ [ [ 71.4759909, 51.1749566 ], [ 71.475908823995923, 51.175015040033919 ], [ 71.476004424024424, 51.175084140035416 ], [ 71.4760865, 51.1750257 ], [ 71.4759909, 51.1749566 ] ] ], [ [ [ 71.4748353, 51.1750484 ], [ 71.4746958, 51.1751089 ], [ 71.474693323592078, 51.175124040013458 ], [ 71.474789923620676, 51.175198040014948 ], [ 71.474929323668732, 51.175144240017346 ], [ 71.4749318, 51.1751291 ], [ 71.4748353, 51.1750484 ] ] ], [ [ [ 71.4753156, 51.1751612 ], [ 71.4752079, 51.1750678 ], [ 71.4750621, 51.1751339 ], [ 71.475059623711346, 51.175149040019527 ], [ 71.475167323742781, 51.175242440021186 ], [ 71.475313123793455, 51.175176340023711 ], [ 71.4753156, 51.1751612 ] ] ], [ [ [ 71.4748212, 51.1752384 ], [ 71.4746936, 51.175295 ], [ 71.474691123583483, 51.175310140013117 ], [ 71.474796623614196, 51.175403540014734 ], [ 71.474924223658519, 51.175346940016951 ], [ 71.474926700000012, 51.1753318 ], [ 71.4748212, 51.1752384 ] ] ], [ [ [ 71.475241123757598, 51.175465340022036 ], [ 71.475455923832584, 51.175359940025793 ], [ 71.4753422, 51.1752283 ], [ 71.4752155, 51.1752779 ], [ 71.475170223737308, 51.175394240020978 ], [ 71.475241123757598, 51.175465340022036 ] ] ], [ [ [ 71.4747441, 51.1755159 ], [ 71.4745349, 51.1753208 ], [ 71.4743656, 51.1753922 ], [ 71.474363123471647, 51.175407340007482 ], [ 71.474572323532129, 51.17560234001067 ], [ 71.474741623590745, 51.175531040013588 ], [ 71.4747441, 51.1755159 ] ] ], [ [ [ 71.4763981, 51.1754468 ], [ 71.4760823, 51.1755624 ], [ 71.476137824044784, 51.175639740036715 ], [ 71.476453524153371, 51.175524140042157 ], [ 71.4763981, 51.1754468 ] ] ], [ [ [ 71.4765452, 51.1755992 ], [ 71.4762701, 51.1757012 ], [ 71.476321424099453, 51.175773340039555 ], [ 71.476596424194085, 51.175671340044318 ], [ 71.4765452, 51.1755992 ] ] ], [ [ [ 71.475670623882166, 51.175856140028571 ], [ 71.4756725, 51.1755814 ], [ 71.4755966, 51.1755063 ], [ 71.4752219, 51.1756576 ], [ 71.475219423741706, 51.175672740021341 ], [ 71.475483323817485, 51.175931240025328 ], [ 71.475670623882166, 51.175856140028571 ] ] ], [ [ [ 71.476208724059035, 51.175853440037564 ], [ 71.4759939, 51.1756048 ], [ 71.475735, 51.175699399999985 ], [ 71.475949023969775, 51.175947140033081 ], [ 71.476208724059035, 51.175853440037564 ] ] ], [ [ [ 71.474911323630337, 51.175913540015813 ], [ 71.4749138, 51.1758984 ], [ 71.474786, 51.1757975 ], [ 71.4746416, 51.1758693 ], [ 71.474639123542161, 51.17588444001133 ], [ 71.474727223568152, 51.175954140012685 ], [ 71.474829323601682, 51.175954340014378 ], [ 71.474911323630337, 51.175913540015813 ] ] ], [ [ [ 71.4750636, 51.1760286 ], [ 71.4747735, 51.1762137 ], [ 71.474768547140428, 51.176243980025852 ], [ 71.47492414723456, 51.176339880030739 ], [ 71.475214247440775, 51.176154780040996 ], [ 71.4752192, 51.1761245 ], [ 71.4750636, 51.1760286 ] ] ], [ [ [ 71.4764944, 51.1763234 ], [ 71.476248, 51.1764402 ], [ 71.476245524045723, 51.176455340037194 ], [ 71.476554424136381, 51.176711540041929 ], [ 71.476800924222275, 51.176594740046234 ], [ 71.4768034, 51.1765796 ], [ 71.4764944, 51.1763234 ] ] ], [ [ [ 71.4758148, 51.1764996 ], [ 71.4754139, 51.1766547 ], [ 71.47563812382738, 51.176901340026333 ], [ 71.476041423966407, 51.176745740033297 ], [ 71.4758148, 51.1764996 ] ] ], [ [ [ 71.475139700000014, 51.1767258 ], [ 71.4749533, 51.17683 ], [ 71.474950823603962, 51.176845140014962 ], [ 71.475040623631031, 51.17690314001635 ], [ 71.475229723697566, 51.176798040019676 ], [ 71.4752322, 51.1767829 ], [ 71.475139700000014, 51.1767258 ] ] ], [ [ [ 71.476172024001173, 51.176938640035182 ], [ 71.476289924037317, 51.177000240037053 ], [ 71.47640072407583, 51.176949940038966 ], [ 71.4764032, 51.1769348 ], [ 71.4761703, 51.1767334 ], [ 71.4760289, 51.1767976 ], [ 71.476026423958672, 51.176812740032943 ], [ 71.476172024001173, 51.176938640035182 ] ] ], [ [ [ 71.475961900000016, 51.1769095 ], [ 71.4758516, 51.1769607 ], [ 71.475849123893539, 51.176975840029733 ], [ 71.475935923918954, 51.177049440031062 ], [ 71.476046323957362, 51.176998240032987 ], [ 71.4760488, 51.176983099999987 ], [ 71.475961900000016, 51.1769095 ] ] ], [ [ [ 71.4752161, 51.176937599999988 ], [ 71.475127823654347, 51.177029240017603 ], [ 71.475224423684153, 51.17707464001915 ], [ 71.4753167, 51.1769813 ], [ 71.4752161, 51.176937599999988 ] ] ], [ [ [ 71.4750787, 51.1769949 ], [ 71.4749724, 51.1769214 ], [ 71.4747826, 51.1770293 ], [ 71.474780123539475, 51.177044440011784 ], [ 71.474879184927659, 51.177112934942656 ], [ 71.4747974, 51.1771733 ], [ 71.474794923538255, 51.17718844001179 ], [ 71.474859623558046, 51.177222940012804 ], [ 71.474947823589787, 51.177157840014388 ], [ 71.4749503, 51.1771427 ], [ 71.474894865684234, 51.177113140748965 ], [ 71.475076223638197, 51.177010040016775 ], [ 71.4750787, 51.1769949 ] ] ], [ [ [ 71.4754256, 51.1770399 ], [ 71.475326023715155, 51.177131140020755 ], [ 71.475417823743356, 51.177177140022216 ], [ 71.4755174, 51.1770859 ], [ 71.4754256, 51.1770399 ] ] ], [ [ [ 71.4761911, 51.1770453 ], [ 71.476101423970505, 51.177115940033723 ], [ 71.476176523992933, 51.177168840034867 ], [ 71.4762716, 51.1770966 ], [ 71.4761911, 51.1770453 ] ] ], [ [ [ 71.4752556, 51.1771093 ], [ 71.475181523665597, 51.177180640018257 ], [ 71.475286823697942, 51.177233440019947 ], [ 71.475361, 51.1771621 ], [ 71.4752556, 51.1771093 ] ] ], [ [ [ 71.474682, 51.1772051 ], [ 71.474588723466454, 51.177284840008191 ], [ 71.474693723498504, 51.177342840009857 ], [ 71.474787, 51.177263 ], [ 71.474682, 51.1772051 ] ] ], [ [ [ 71.476571024110683, 51.177449440041002 ], [ 71.4766795, 51.177364699999984 ], [ 71.476352, 51.177168599999987 ], [ 71.4762738, 51.1772199 ], [ 71.476271324021283, 51.177235040036358 ], [ 71.476408376557899, 51.17731710464254 ], [ 71.476391324056195, 51.177341840038181 ], [ 71.476571024110683, 51.177449440041002 ] ] ], [ [ [ 71.475723200000019, 51.1771978 ], [ 71.475632823810159, 51.177267540025639 ], [ 71.475736623841499, 51.177333240027266 ], [ 71.4758269, 51.1772636 ], [ 71.475723200000019, 51.1771978 ] ] ], [ [ [ 71.475084, 51.1772216 ], [ 71.4749671, 51.1772949 ], [ 71.474964623588875, 51.177310040014433 ], [ 71.475058323617176, 51.177368840015909 ], [ 71.475175323658704, 51.177295540017987 ], [ 71.4751778, 51.1772804 ], [ 71.475084, 51.1772216 ] ] ], [ [ [ 71.4767398, 51.17724710000001 ], [ 71.476638324138051, 51.177325140042321 ], [ 71.476760024174837, 51.177400440044231 ], [ 71.4768615, 51.1773224 ], [ 71.4767398, 51.17724710000001 ] ] ], [ [ [ 71.4754676, 51.1773292 ], [ 71.475377223720656, 51.17739894002117 ], [ 71.475481023751982, 51.177464640022798 ], [ 71.4755713, 51.177395 ], [ 71.4754676, 51.1773292 ] ] ], [ [ [ 71.4753058, 51.1773922 ], [ 71.475192523656489, 51.177481740017953 ], [ 71.475314423692822, 51.177569540019846 ], [ 71.475422123730894, 51.177505940021746 ], [ 71.475424600000011, 51.1774908 ], [ 71.475366267211726, 51.177451973999425 ], [ 71.4753749, 51.1774327 ], [ 71.4753058, 51.1773922 ] ] ], [ [ [ 71.476087623943599, 51.17764544003262 ], [ 71.476280024011331, 51.177538440036002 ], [ 71.4762825, 51.1775233 ], [ 71.4761108, 51.177402 ], [ 71.4760138, 51.177456 ], [ 71.476032712664278, 51.177486259272428 ], [ 71.475948323902017, 51.177547040030447 ], [ 71.476087623943599, 51.17764544003262 ] ] ], [ [ [ 71.4746712, 51.1774631 ], [ 71.474478423416159, 51.177618140005812 ], [ 71.474591923450859, 51.177678840007616 ], [ 71.474618671714396, 51.177659186291713 ], [ 71.47472182349162, 51.177724340009711 ], [ 71.4748382, 51.177626 ], [ 71.474737559611114, 51.177571831228988 ], [ 71.4747848, 51.1775238 ], [ 71.4746712, 51.1774631 ] ] ], [ [ [ 71.4755649, 51.1775689 ], [ 71.475463123738081, 51.177654840022193 ], [ 71.475594423778148, 51.177727240024275 ], [ 71.4756963, 51.1776413 ], [ 71.4755649, 51.1775689 ] ] ], [ [ [ 71.4767225, 51.1775625 ], [ 71.476640024125942, 51.177625140041869 ], [ 71.476739024155705, 51.177690540043422 ], [ 71.4768214, 51.1776278 ], [ 71.4767225, 51.1775625 ] ] ], [ [ [ 71.4757972, 51.1776211 ], [ 71.475688123809661, 51.177709740025847 ], [ 71.475808323846266, 51.177778240027727 ], [ 71.4759174, 51.1776896 ], [ 71.4757972, 51.1776211 ] ] ], [ [ [ 71.4746271, 51.1776789 ], [ 71.474558423437358, 51.177738040006943 ], [ 71.474677523473517, 51.177808540008826 ], [ 71.4747462, 51.1777495 ], [ 71.4746271, 51.1776789 ] ] ], [ [ [ 71.4762981, 51.1776426 ], [ 71.476207623980443, 51.17770674003453 ], [ 71.476393324035925, 51.177837840037419 ], [ 71.4764837, 51.1777737 ], [ 71.4762981, 51.1776426 ] ] ], [ [ [ 71.4750485, 51.1778601 ], [ 71.4748919, 51.1777647 ], [ 71.4748083, 51.1778186 ], [ 71.4748058235146, 51.177833740010939 ], [ 71.474962523562027, 51.17792914001339 ], [ 71.4750485, 51.1778601 ] ] ], [ [ [ 71.4765646, 51.1777525 ], [ 71.4764709, 51.1778034 ], [ 71.476468424061395, 51.177818540038686 ], [ 71.476526831223381, 51.177860722999952 ], [ 71.4763995, 51.1779351 ], [ 71.476397024032394, 51.177950240037283 ], [ 71.476500424063417, 51.178019840038893 ], [ 71.47663772411191, 51.177939640041323 ], [ 71.4766402, 51.1779245 ], [ 71.476562507486207, 51.177872204100574 ], [ 71.4766473, 51.1778123 ], [ 71.4765646, 51.1777525 ] ] ], [ [ [ 71.4744307, 51.1778076 ], [ 71.474313523349309, 51.177918140002575 ], [ 71.474419823382107, 51.177968340004256 ], [ 71.474537, 51.1778578 ], [ 71.4744307, 51.1778076 ] ] ], [ [ [ 71.4752402, 51.1778842 ], [ 71.4751387, 51.1778247 ], [ 71.4750853, 51.1778605 ], [ 71.475082823603827, 51.177875640015493 ], [ 71.475184323634636, 51.177935140017091 ], [ 71.4752402, 51.1778842 ] ] ], [ [ [ 71.4753581, 51.177953100000011 ], [ 71.475269900000015, 51.1780161 ], [ 71.475267423657897, 51.178031240018313 ], [ 71.47532792367636, 51.178064540019264 ], [ 71.475416223708024, 51.178001640020845 ], [ 71.4754187, 51.1779865 ], [ 71.4753581, 51.177953100000011 ] ] ], [ [ [ 71.4763155, 51.1780221 ], [ 71.476223100000013, 51.17796 ], [ 71.4760406, 51.1780666 ], [ 71.476038123908936, 51.178081740031089 ], [ 71.476130423936624, 51.178143940032527 ], [ 71.476313024001129, 51.178037240035735 ], [ 71.4763155, 51.1780221 ] ] ], [ [ [ 71.474504223399123, 51.178221940005258 ], [ 71.4746229, 51.1781023 ], [ 71.4744265, 51.1780165 ], [ 71.474335623348395, 51.178111240002636 ], [ 71.474400323366893, 51.178176540003605 ], [ 71.474504223399123, 51.178221940005258 ] ] ], [ [ [ 71.4764159, 51.1780606 ], [ 71.4762911, 51.178132 ], [ 71.476288623988452, 51.178147140035151 ], [ 71.476377324015047, 51.178208040036537 ], [ 71.476502124059039, 51.17813664003873 ], [ 71.4765046, 51.1781215 ], [ 71.4764159, 51.1780606 ] ] ], [ [ [ 71.475239, 51.1781205 ], [ 71.475186623625518, 51.178169040016726 ], [ 71.475303623661063, 51.178237540018586 ], [ 71.4753559, 51.178189 ], [ 71.475239, 51.1781205 ] ] ], [ [ [ 71.475520023730624, 51.178273540022133 ], [ 71.4756396, 51.178170399999985 ], [ 71.4755131, 51.1781043 ], [ 71.4754243, 51.178096600000011 ], [ 71.475321, 51.1781335 ], [ 71.475318523669713, 51.178148640018975 ], [ 71.4753936236919, 51.178207440020131 ], [ 71.475520023730624, 51.178273540022133 ] ] ], [ [ [ 71.4758112, 51.1781469 ], [ 71.475731223802512, 51.178214340025761 ], [ 71.475840423835706, 51.178277940027463 ], [ 71.4759204, 51.1782105 ], [ 71.4758112, 51.1781469 ] ] ], [ [ [ 71.475021123560822, 51.178413440013571 ], [ 71.4751384, 51.1782856 ], [ 71.4749265, 51.1782154 ], [ 71.474852623510245, 51.178300540010945 ], [ 71.474955123540269, 51.178387040012538 ], [ 71.475021123560822, 51.178413440013571 ] ] ], [ [ [ 71.47618462543268, 51.143090440090376 ], [ 71.476045, 51.1427185 ], [ 71.4759055, 51.1427438 ], [ 71.476050525387677, 51.143113940088114 ], [ 71.47618462543268, 51.143090440090376 ] ] ], [ [ [ 71.4765412, 51.1428801 ], [ 71.47644432552336, 51.142960440094917 ], [ 71.476586925566721, 51.143041640097159 ], [ 71.4766838, 51.14296130000001 ], [ 71.4765412, 51.1428801 ] ] ], [ [ [ 71.47636, 51.1429587 ], [ 71.4762327, 51.143046699999985 ], [ 71.476230225448845, 51.143061840091164 ], [ 71.476324978794182, 51.14311582598004 ], [ 71.476204, 51.1431942 ], [ 71.476201525433211, 51.143209340090479 ], [ 71.476306325464918, 51.14327294009211 ], [ 71.4764354255108, 51.143189240094401 ], [ 71.4764379, 51.1431741 ], [ 71.476381514973511, 51.143139848957681 ], [ 71.476502325538362, 51.143056240095717 ], [ 71.476504800000015, 51.1430411 ], [ 71.47636, 51.1429587 ] ] ], [ [ [ 71.4771388, 51.1430933 ], [ 71.477015225701123, 51.143187140104082 ], [ 71.477149125741633, 51.143268440106155 ], [ 71.4772743, 51.1431746 ], [ 71.4771388, 51.1430933 ] ] ], [ [ [ 71.475448027591355, 51.144281181303725 ], [ 71.475602128604677, 51.144066481353342 ], [ 71.4756442, 51.1438091 ], [ 71.475328202361112, 51.14371973269126 ], [ 71.475341509165858, 51.143701045598377 ], [ 71.475706105202093, 51.143787001637868 ], [ 71.475786705824177, 51.143676401668344 ], [ 71.4758362, 51.1433736 ], [ 71.4755836, 51.1428045 ], [ 71.4754879, 51.1427673 ], [ 71.4754121, 51.142764 ], [ 71.4753579, 51.142792 ], [ 71.4750954, 51.1431834 ], [ 71.475032627772251, 51.143519909584093 ], [ 71.4750138, 51.143515 ], [ 71.4747613, 51.1438904 ], [ 71.474751399713412, 51.143950960260739 ], [ 71.47509540014876, 51.14404666028306 ], [ 71.475148485057602, 51.143972112797222 ], [ 71.475113425792756, 51.144186581211514 ], [ 71.475448027591355, 51.144281181303725 ] ] ], [ [ [ 71.4771017, 51.1432797 ], [ 71.4769931, 51.1432208 ], [ 71.4769408, 51.143257 ], [ 71.476938325672307, 51.143272140102638 ], [ 71.47704432570454, 51.14333274010432 ], [ 71.4771017, 51.1432797 ] ] ], [ [ [ 71.4759598, 51.1432784 ], [ 71.4758957, 51.1432889 ], [ 71.475893225328065, 51.143304040085162 ], [ 71.47598022535044, 51.143450740086386 ], [ 71.476044325372001, 51.143438040087474 ], [ 71.4760468, 51.1434229 ], [ 71.4759598, 51.1432784 ] ] ], [ [ [ 71.4767121, 51.1433206 ], [ 71.47662762556557, 51.143386140097277 ], [ 71.476802125618107, 51.143497840100004 ], [ 71.4768866, 51.1434324 ], [ 71.4767121, 51.1433206 ] ] ], [ [ [ 71.477227825752962, 51.143612840106904 ], [ 71.4773797, 51.1434926 ], [ 71.4772341, 51.1434098 ], [ 71.4771406, 51.143410299999985 ], [ 71.477075, 51.1434652 ], [ 71.477080825708086, 51.143532840104591 ], [ 71.477227825752962, 51.143612840106904 ] ] ], [ [ [ 71.4766114, 51.143472 ], [ 71.476478825508863, 51.143573440094507 ], [ 71.476611625549197, 51.143650740096589 ], [ 71.4767474, 51.1435493 ], [ 71.4766114, 51.143472 ] ] ], [ [ [ 71.476977, 51.1435308 ], [ 71.47683452562292, 51.14363644010033 ], [ 71.477221325739919, 51.143871740106391 ], [ 71.4773637, 51.1437661 ], [ 71.476977, 51.1435308 ] ] ], [ [ [ 71.4770224, 51.143862199999987 ], [ 71.4768634, 51.1437578 ], [ 71.4767493, 51.1438261 ], [ 71.476746825585508, 51.143841240098531 ], [ 71.476902525632241, 51.143944940100958 ], [ 71.477019925673588, 51.14387734010301 ], [ 71.4770224, 51.143862199999987 ] ] ], [ [ [ 71.4770669, 51.143989 ], [ 71.4769113, 51.1440732 ], [ 71.476908825628257, 51.144088340100829 ], [ 71.477262925734948, 51.144313740106355 ], [ 71.4774102, 51.1442078 ], [ 71.4770669, 51.143989 ] ] ], [ [ [ 71.4761955, 51.1440053 ], [ 71.4759863, 51.1439514 ], [ 71.4758143, 51.1442145 ], [ 71.475784603052759, 51.144396180983399 ], [ 71.475993803849249, 51.144449981024167 ], [ 71.476165804659416, 51.144186981063704 ], [ 71.4761955, 51.1440053 ] ] ], [ [ [ 71.475563825159043, 51.144750740077335 ], [ 71.4757407, 51.1444866 ], [ 71.4753013, 51.1443653 ], [ 71.4751747, 51.1444169 ], [ 71.475047824995769, 51.144607740068963 ], [ 71.475563825159043, 51.144750740077335 ] ] ], [ [ [ 71.4758742, 51.1445558 ], [ 71.475796225238327, 51.144678840081326 ], [ 71.476027125311575, 51.144738540085072 ], [ 71.4761005, 51.1446136 ], [ 71.4758742, 51.1445558 ] ] ], [ [ [ 71.47511002500589, 51.144851740069605 ], [ 71.475278925060977, 51.144859840072407 ], [ 71.4753495, 51.1447488 ], [ 71.4752347, 51.1446602 ], [ 71.4751342, 51.1446322 ], [ 71.475006924973243, 51.14482374006792 ], [ 71.47511002500589, 51.144851740069605 ] ] ], [ [ [ 71.4765975, 51.144405399999989 ], [ 71.476436825455266, 51.144518240092253 ], [ 71.477249525700117, 51.145036540104961 ], [ 71.4774102, 51.1449238 ], [ 71.4765975, 51.144405399999989 ] ] ], [ [ [ 71.4764511, 51.1448088 ], [ 71.4763378, 51.144778 ], [ 71.4762293, 51.144773 ], [ 71.476171525353578, 51.144866240087275 ], [ 71.47637932541933, 51.144923840090655 ], [ 71.4764511, 51.1448088 ] ] ], [ [ [ 71.475850725240747, 51.145046040081631 ], [ 71.475952, 51.1448777 ], [ 71.4758248, 51.1448448 ], [ 71.4756695, 51.1448262 ], [ 71.475593625160201, 51.144955740077499 ], [ 71.475722225199959, 51.145013240079543 ], [ 71.475850725240747, 51.145046040081631 ] ] ], [ [ [ 71.4759743, 51.1449082 ], [ 71.475899025256894, 51.145038840082464 ], [ 71.476266025373505, 51.145129340088417 ], [ 71.4763417, 51.1450001 ], [ 71.4759743, 51.1449082 ] ] ], [ [ [ 71.4764324, 51.1449716 ], [ 71.476307425385443, 51.145168540089053 ], [ 71.476544525460582, 51.145231140092903 ], [ 71.4766714, 51.1450377 ], [ 71.4764324, 51.1449716 ] ] ], [ [ [ 71.4767418, 51.1451915 ], [ 71.476626825482029, 51.145363540094053 ], [ 71.477274025686683, 51.14554614010455 ], [ 71.4773889, 51.145374299999986 ], [ 71.4767418, 51.1451915 ] ] ], [ [ [ 71.475275750027635, 51.145971380141162 ], [ 71.4756075502371, 51.146069480151901 ], [ 71.475820750400899, 51.145785980159921 ], [ 71.4758257, 51.1457557 ], [ 71.475723, 51.1456643 ], [ 71.4756327, 51.1456376 ], [ 71.4754922, 51.1456599 ], [ 71.4752807, 51.1459411 ], [ 71.475275750027635, 51.145971380141162 ] ] ], [ [ [ 71.476016, 51.1456538 ], [ 71.4756536, 51.1461464 ], [ 71.47564617538039, 51.146191820229284 ], [ 71.475981475698163, 51.14628902024559 ], [ 71.476343976117263, 51.145796420266102 ], [ 71.4763514, 51.145751 ], [ 71.476016, 51.1456538 ] ] ], [ [ [ 71.476850402131348, 51.145950360387701 ], [ 71.4768603, 51.1458898 ], [ 71.476402, 51.1457577 ], [ 71.4763232, 51.1458651 ], [ 71.476313301430551, 51.145925660352049 ], [ 71.47633550139399, 51.146315560351013 ], [ 71.476539801652237, 51.146374360364241 ], [ 71.476850402131348, 51.145950360387701 ] ] ], [ [ [ 71.477455325717145, 51.146235240106435 ], [ 71.477560825757223, 51.146105640108409 ], [ 71.4775431, 51.146023399999983 ], [ 71.47709230000001, 51.1460811 ], [ 71.47712092561035, 51.146165940100992 ], [ 71.477455325717145, 51.146235240106435 ] ] ], [ [ [ 71.477076825576745, 51.146620540099505 ], [ 71.4771736, 51.1462895 ], [ 71.4770378, 51.146253 ], [ 71.476775225476572, 51.146648840094436 ], [ 71.477013725552126, 51.146712940098311 ], [ 71.477076825576745, 51.146620540099505 ] ] ], [ [ [ 71.476205275856643, 51.14677822025439 ], [ 71.4762225, 51.146704 ], [ 71.476191338176648, 51.146673311546188 ], [ 71.476367076060342, 51.14642692026419 ], [ 71.4763745, 51.1463815 ], [ 71.4762952, 51.1463593 ], [ 71.4761878, 51.1463617 ], [ 71.4760392, 51.1465701 ], [ 71.476031775706417, 51.146615520246506 ], [ 71.476057890720298, 51.146634200252009 ], [ 71.4760323, 51.1466267 ], [ 71.4758987, 51.1468103 ], [ 71.475891275537748, 51.146855720238307 ], [ 71.476072475709231, 51.146910220247086 ], [ 71.476101275737918, 51.146907520248561 ], [ 71.476205275856643, 51.14677822025439 ] ] ], [ [ [ 71.475274449788841, 51.147192940412197 ], [ 71.475437750098521, 51.147239740428077 ], [ 71.47552015027486, 51.147183940436875 ], [ 71.475669450603291, 51.147047540453137 ], [ 71.475968751296449, 51.146636740487082 ], [ 71.4759836, 51.1465459 ], [ 71.4757954, 51.146492 ], [ 71.4755193, 51.1467864 ], [ 71.4752893, 51.1471021 ], [ 71.475274449788841, 51.147192940412197 ] ] ], [ [ [ 71.4766985, 51.1468379 ], [ 71.476565225391511, 51.14703234009032 ], [ 71.476783625460541, 51.147095040093866 ], [ 71.4769169, 51.1469006 ], [ 71.4766985, 51.1468379 ] ] ], [ [ [ 71.4757691, 51.1469426 ], [ 71.475623525077651, 51.147147540074428 ], [ 71.475943125178517, 51.147242440079602 ], [ 71.4760888, 51.1470375 ], [ 71.4757691, 51.1469426 ] ] ], [ [ [ 71.4774541, 51.1470981 ], [ 71.477388725654393, 51.147206940103757 ], [ 71.477487925685892, 51.147231640105367 ], [ 71.477547, 51.1471235 ], [ 71.4774541, 51.1470981 ] ] ], [ [ [ 71.4764311, 51.14710310000001 ], [ 71.476248, 51.1473561 ], [ 71.476235626347105, 51.147431800421536 ], [ 71.476445126678257, 51.147491500438498 ], [ 71.476628227031981, 51.147238500455806 ], [ 71.4766406, 51.1471628 ], [ 71.4764311, 51.14710310000001 ] ] ], [ [ [ 71.47667, 51.1474183 ], [ 71.476627931741859, 51.147675681544321 ], [ 71.476657431871473, 51.147724481551357 ], [ 71.476981133613108, 51.147814081640576 ], [ 71.477054234033844, 51.14779598166178 ], [ 71.477127234515478, 51.147692081685335 ], [ 71.4771693, 51.1474347 ], [ 71.4771371, 51.1473905 ], [ 71.4768185, 51.1473023 ], [ 71.4767414, 51.1473169 ], [ 71.47667, 51.1474183 ] ] ], [ [ [ 71.476762800000017, 51.147870799999986 ], [ 71.4764662, 51.147788 ], [ 71.4762942, 51.1480302 ], [ 71.476257078733951, 51.148257301254759 ], [ 71.476553680141507, 51.148340201326889 ], [ 71.476725681141289, 51.148097901375777 ], [ 71.476762800000017, 51.147870799999986 ] ] ], [ [ [ 71.47637725053265, 51.148556680169463 ], [ 71.4764878, 51.1483705 ], [ 71.47616797516595, 51.14828528582985 ], [ 71.476252578766591, 51.148170601255742 ], [ 71.4762897, 51.1479435 ], [ 71.4760126, 51.147863 ], [ 71.4758235, 51.1481192 ], [ 71.47578637636073, 51.1483463011349 ], [ 71.476008199098445, 51.148410719178486 ], [ 71.475998229245036, 51.148429015143229 ], [ 71.475981, 51.148424299999988 ], [ 71.475874225099147, 51.14858954007628 ], [ 71.475951425123583, 51.148610640077514 ], [ 71.47604950532714, 51.148469355724011 ], [ 71.47637725053265, 51.148556680169463 ] ] ], [ [ [ 71.476816601654946, 51.148514360368793 ], [ 71.477051602020424, 51.148176060386639 ], [ 71.4770615, 51.1481155 ], [ 71.4770408, 51.1480494 ], [ 71.4769761, 51.1480159 ], [ 71.4768893, 51.1480012 ], [ 71.4767974, 51.1480307 ], [ 71.4765434, 51.148403 ], [ 71.476534569819464, 51.148457023099574 ], [ 71.4762278, 51.1487755 ], [ 71.4761304, 51.1489102 ], [ 71.476122975500388, 51.148955620239661 ], [ 71.476332375699016, 51.149015120249842 ], [ 71.476421075789162, 51.148992820254392 ], [ 71.476767692978456, 51.148507163916314 ], [ 71.476816601654946, 51.148514360368793 ] ] ], [ [ [ 71.475742, 51.148362 ], [ 71.475658925031695, 51.148513640072814 ], [ 71.475803725077782, 51.148547240075175 ], [ 71.4758868, 51.1483957 ], [ 71.475742, 51.148362 ] ] ], [ [ [ 71.475562, 51.1486514 ], [ 71.4754988, 51.1486352 ], [ 71.475467624961283, 51.148694540069314 ], [ 71.475530724981311, 51.148710740070356 ], [ 71.475562, 51.1486514 ] ] ], [ [ [ 71.477770108245764, 51.149589681279238 ], [ 71.478072509659498, 51.149148681348301 ], [ 71.4781022, 51.148967 ], [ 71.4778732, 51.1489052 ], [ 71.477464341370251, 51.149191222139692 ], [ 71.477450827468786, 51.148596693310544 ], [ 71.478080758260845, 51.148676901131957 ], [ 71.478219074795717, 51.148485191305006 ], [ 71.478282925893225, 51.148503240116561 ], [ 71.4783114, 51.1484519 ], [ 71.478241, 51.148432 ], [ 71.478223869449295, 51.148455851004378 ], [ 71.4782437, 51.1483345 ], [ 71.4774606, 51.1481121 ], [ 71.4773043, 51.14815080000001 ], [ 71.4771415, 51.1483701 ], [ 71.477119287704397, 51.148506005691324 ], [ 71.4766857, 51.1491189 ], [ 71.476653529328786, 51.149315721150145 ], [ 71.477353732209252, 51.149510621297743 ], [ 71.47737350044153, 51.149482689763857 ], [ 71.477770108245764, 51.149589681279238 ] ] ], [ [ [ 71.4755836, 51.1491622 ], [ 71.4751472, 51.1490466 ], [ 71.475023824792586, 51.14924144006104 ], [ 71.475460224930927, 51.149357040068118 ], [ 71.4755836, 51.1491622 ] ] ], [ [ [ 71.4756213, 51.1492396 ], [ 71.475553524961597, 51.149356240069686 ], [ 71.47566552499714, 51.149384640071489 ], [ 71.4757334, 51.149268 ], [ 71.4756213, 51.1492396 ] ] ], [ [ [ 71.4757785, 51.1492468 ], [ 71.4757006, 51.1493642 ], [ 71.475678325020397, 51.149500460646067 ], [ 71.476268026703735, 51.149654360732292 ], [ 71.476345926978297, 51.149537060745708 ], [ 71.4763682, 51.1494008 ], [ 71.4757785, 51.1492468 ] ] ], [ [ [ 71.4760523, 51.1497227 ], [ 71.4759705, 51.1497008 ], [ 71.475925625065926, 51.149778340075201 ], [ 71.476008325092181, 51.149799240076533 ], [ 71.4760523, 51.1497227 ] ] ], [ [ [ 71.4765182, 51.1496097 ], [ 71.4764428, 51.1497206 ], [ 71.476430426168591, 51.149796300418558 ], [ 71.477525627903958, 51.150089300507439 ], [ 71.477601028051055, 51.149978400514634 ], [ 71.4776134, 51.1499027 ], [ 71.4765182, 51.1496097 ] ] ], [ [ [ 71.4755197, 51.1499346 ], [ 71.4754393, 51.1500495 ], [ 71.475426924452663, 51.150125200332241 ], [ 71.476200125676542, 51.150338100394954 ], [ 71.476280525832692, 51.150223200402593 ], [ 71.4762929, 51.150147499999989 ], [ 71.4755197, 51.1499346 ] ] ], [ [ [ 71.477867, 51.1500781 ], [ 71.4777026, 51.1500294 ], [ 71.47740722552453, 51.150433740098826 ], [ 71.477571625576431, 51.150482340101483 ], [ 71.477867, 51.1500781 ] ] ], [ [ [ 71.477169625437725, 51.150643240094517 ], [ 71.477276125478838, 51.150497040096532 ], [ 71.4773316, 51.1503404 ], [ 71.4766387, 51.150141699999985 ], [ 71.476371025180796, 51.150520840081406 ], [ 71.476536525233115, 51.150568240084105 ], [ 71.477169625437725, 51.150643240094517 ] ] ], [ [ [ 71.4776405, 51.150633099999986 ], [ 71.4774596, 51.1505043 ], [ 71.4773348, 51.150467 ], [ 71.4771871254422, 51.150673440094771 ], [ 71.477539125553264, 51.150778640100448 ], [ 71.4776405, 51.150633099999986 ] ] ], [ [ [ 71.477035426784113, 51.151586800454425 ], [ 71.477352127398547, 51.15113710048449 ], [ 71.4773645, 51.1510614 ], [ 71.4755402, 51.1505559 ], [ 71.4754624, 51.1506664 ], [ 71.475450024360541, 51.150742100329154 ], [ 71.476879826537882, 51.151543600441805 ], [ 71.477035426784113, 51.151586800454425 ] ] ], [ [ [ 71.4755372, 51.1510685 ], [ 71.475459924853595, 51.15118924006515 ], [ 71.475625824906089, 51.151235840067834 ], [ 71.475702, 51.1511157 ], [ 71.4755372, 51.1510685 ] ] ], [ [ [ 71.4775196, 51.151136 ], [ 71.477504325525402, 51.151169440099245 ], [ 71.477535725535347, 51.151178140099766 ], [ 71.477551, 51.1511447 ], [ 71.4775196, 51.151136 ] ] ], [ [ [ 71.477444025477382, 51.151839540097164 ], [ 71.477697351151718, 51.151492680203944 ], [ 71.4777023, 51.1514624 ], [ 71.477683020969408, 51.15145675082676 ], [ 71.477836176898577, 51.151238420314193 ], [ 71.4778436, 51.151193 ], [ 71.4776205, 51.1511315 ], [ 71.4774648, 51.1513536 ], [ 71.477458684866647, 51.151391015154616 ], [ 71.4774228, 51.1513805 ], [ 71.4772353, 51.1516322 ], [ 71.47723035083088, 51.151662480187824 ], [ 71.4772774014248, 51.151676284000494 ], [ 71.4772513, 51.1517112 ], [ 71.477251825416687, 51.151782840094043 ], [ 71.477444025477382, 51.151839540097164 ] ] ], [ [ [ 71.4759879, 51.1522357 ], [ 71.4759097, 51.1523422 ], [ 71.475897324741368, 51.152417900352823 ], [ 71.477247626874984, 51.152808400462192 ], [ 71.477325927025888, 51.152702000469581 ], [ 71.4773383, 51.1526263 ], [ 71.4759879, 51.1522357 ] ] ], [ [ [ 71.4747352, 51.1526819 ], [ 71.474742924532507, 51.153224240049873 ], [ 71.47563112479466, 51.153920440063544 ], [ 71.476153824959837, 51.15407204007203 ], [ 71.4767707, 51.1531909 ], [ 71.475424, 51.1524724 ], [ 71.4752018, 51.1524736 ], [ 71.4747352, 51.1526819 ] ] ], [ [ [ 71.4770235, 51.1534678 ], [ 71.4768194, 51.1534094 ], [ 71.476699425159396, 51.153585940081889 ], [ 71.476903525223932, 51.153644340085222 ], [ 71.4770235, 51.1534678 ] ] ], [ [ [ 71.477238325325445, 51.153843240090474 ], [ 71.477329125360271, 51.153723940092178 ], [ 71.477508925435814, 51.153331640095807 ], [ 71.4775114, 51.1533165 ], [ 71.4773549, 51.1532696 ], [ 71.4771105, 51.1535906 ], [ 71.4770443, 51.1537692 ], [ 71.477041825263427, 51.153784340087292 ], [ 71.477238325325445, 51.153843240090474 ] ] ], [ [ [ 71.4763754, 51.1543252 ], [ 71.476290424988349, 51.154459640073668 ], [ 71.477312425312064, 51.154737640090261 ], [ 71.4773974, 51.1546032 ], [ 71.4763754, 51.1543252 ] ] ], [ [ [ 71.4775898, 51.1546431 ], [ 71.4775317, 51.154628 ], [ 71.477507725378786, 51.154675740093616 ], [ 71.477565825397221, 51.15469084009456 ], [ 71.4775898, 51.1546431 ] ] ], [ [ [ 71.4778148, 51.1547032 ], [ 71.4775138, 51.1551376 ], [ 71.477501426784812, 51.155213300463828 ], [ 71.477676027061335, 51.155260900477977 ], [ 71.477977027646858, 51.154826500506587 ], [ 71.4779894, 51.1547508 ], [ 71.4778148, 51.1547032 ] ] ], [ [ [ 71.476043424868507, 51.155378940068069 ], [ 71.476432024995802, 51.155384940074534 ], [ 71.476764525107384, 51.155326940080165 ], [ 71.4767713, 51.1552052 ], [ 71.4765438, 51.1548313 ], [ 71.4761284, 51.1548249 ], [ 71.476052124880624, 51.155159340068565 ], [ 71.476043424868507, 51.155378940068069 ] ] ], [ [ [ 71.477579726870516, 51.155416400468695 ], [ 71.4775921, 51.1553407 ], [ 71.4774334, 51.1552961 ], [ 71.4771661, 51.1556735 ], [ 71.477154295426431, 51.15574571744574 ], [ 71.4771401, 51.155729599999987 ], [ 71.4760952, 51.1560915 ], [ 71.476072923633865, 51.15622776060691 ], [ 71.476166623870299, 51.156334160619416 ], [ 71.477211627094732, 51.15597236078149 ], [ 71.4772339, 51.1558361 ], [ 71.477203068382778, 51.155801094016766 ], [ 71.477250426238513, 51.15585090043772 ], [ 71.477335726390237, 51.155795300445284 ], [ 71.477579726870516, 51.155416400468695 ] ] ], [ [ [ 71.476402698891164, 51.157438280852787 ], [ 71.476507299315699, 51.157413580874184 ], [ 71.476555299528826, 51.157366080884721 ], [ 71.4765925, 51.1571489 ], [ 71.4765487, 51.1570961 ], [ 71.4764548, 51.157072 ], [ 71.476383306211275, 51.157079076968117 ], [ 71.4763163, 51.157034 ], [ 71.4762032, 51.1570554 ], [ 71.4759952, 51.1571451 ], [ 71.475965497225388, 51.157326780767491 ], [ 71.476079597619346, 51.157436480788171 ], [ 71.476213198159627, 51.157408780815452 ], [ 71.476279700013194, 51.157378841237687 ], [ 71.476272598386785, 51.157422280827063 ], [ 71.476402698891164, 51.157438280852787 ] ] ], [ [ [ 71.4761818, 51.1574514 ], [ 71.4760602, 51.1574715 ], [ 71.475948, 51.1575093 ], [ 71.4758644, 51.157562899999988 ], [ 71.475834696498751, 51.157744580733166 ], [ 71.475932696832615, 51.157847680750756 ], [ 71.476120497595645, 51.157801780789235 ], [ 71.476251798148709, 51.157730880816892 ], [ 71.4762815, 51.1575492 ], [ 71.4761818, 51.1574514 ] ] ], [ [ [ 71.4763923, 51.1589125 ], [ 71.4760227, 51.159135799999987 ], [ 71.476015274101201, 51.159181220184436 ], [ 71.476485974525986, 51.159487820206486 ], [ 71.476766574819948, 51.159348720221196 ], [ 71.476774, 51.1593033 ], [ 71.4763923, 51.1589125 ] ] ], [ [ [ 71.4769381, 51.1594978 ], [ 71.4768094, 51.1595449 ], [ 71.476882024964397, 51.159634040075133 ], [ 71.477010725008569, 51.159588640077352 ], [ 71.4769381, 51.1594978 ] ] ], [ [ [ 71.4762163, 51.1599348 ], [ 71.476213824731715, 51.159949940063477 ], [ 71.476444624798589, 51.160160940066987 ], [ 71.476823324929654, 51.160001040073546 ], [ 71.4768695, 51.1599102 ], [ 71.4766538, 51.1597513 ], [ 71.4762163, 51.1599348 ] ] ], [ [ [ 71.4760699, 51.160083899999989 ], [ 71.4759156, 51.1601417 ], [ 71.47589332156619, 51.160277960520737 ], [ 71.47611262212682, 51.160508060550271 ], [ 71.476266922604651, 51.160450260574294 ], [ 71.4762892, 51.160314 ], [ 71.4760699, 51.160083899999989 ] ] ], [ [ [ 71.47627582228759, 51.161354960562392 ], [ 71.476464722871114, 51.161288160591724 ], [ 71.476487, 51.1611519 ], [ 71.476286376386753, 51.160929007860233 ], [ 71.477266325505255, 51.160588160722227 ], [ 71.4772886, 51.1604519 ], [ 71.477185, 51.1603348 ], [ 71.476129, 51.160702 ], [ 71.476113487548531, 51.160845914255681 ], [ 71.475999, 51.1608864 ], [ 71.475976721529946, 51.161022660522356 ], [ 71.47627582228759, 51.161354960562392 ] ] ], [ [ [ 71.478450225433903, 51.16070934009953 ], [ 71.4782248, 51.1604569 ], [ 71.477988, 51.1605463 ], [ 71.478213425352379, 51.16079874009543 ], [ 71.478450225433903, 51.16070934009953 ] ] ], [ [ [ 71.4776135, 51.1608082 ], [ 71.4767891, 51.161119699999986 ], [ 71.476759398341841, 51.161301380848826 ], [ 71.476866198706333, 51.161412580868031 ], [ 71.477690602111878, 51.161100981039013 ], [ 71.4777203, 51.1609193 ], [ 71.4776135, 51.1608082 ] ] ], [ [ [ 71.4766975, 51.1613781 ], [ 71.4765335, 51.1614454 ], [ 71.476662024809869, 51.161586140068287 ], [ 71.476826124866591, 51.161518840071146 ], [ 71.4766975, 51.1613781 ] ] ], [ [ [ 71.4760912, 51.1631709 ], [ 71.4758705, 51.1632497 ], [ 71.475868024478373, 51.163264840052321 ], [ 71.47604452452812, 51.163459340054963 ], [ 71.476265324603943, 51.163380540058768 ], [ 71.4762678, 51.1633654 ], [ 71.4760912, 51.1631709 ] ] ], [ [ [ 71.47669312473964, 51.16349334006572 ], [ 71.476519, 51.1632837 ], [ 71.4762982, 51.1633625 ], [ 71.476472324663817, 51.163572140061888 ], [ 71.47669312473964, 51.16349334006572 ] ] ], [ [ [ 71.47749, 51.1634726 ], [ 71.4772861, 51.1635483 ], [ 71.477226697933233, 51.163911661792376 ], [ 71.477412499198294, 51.164108361859036 ], [ 71.47758307162016, 51.164045004631362 ], [ 71.477758501771675, 51.164259761991573 ], [ 71.477978403581133, 51.164184062082484 ], [ 71.4780378, 51.1638207 ], [ 71.4778604, 51.163618 ], [ 71.477673572450485, 51.163682314937319 ], [ 71.47749, 51.1634726 ] ] ], [ [ [ 71.47756092488558, 51.166789240074827 ], [ 71.4774655, 51.1666817 ], [ 71.4773576, 51.1667266 ], [ 71.477452924848237, 51.166834140072943 ], [ 71.47756092488558, 51.166789240074827 ] ] ], [ [ [ 71.4773918, 51.1668768 ], [ 71.477125, 51.166967 ], [ 71.477275124776114, 51.16715964006945 ], [ 71.477541824867515, 51.167069440074052 ], [ 71.4773918, 51.1668768 ] ] ], [ [ [ 71.476454148995131, 51.167389380110848 ], [ 71.4764208, 51.1671991 ], [ 71.4763757, 51.1671434 ], [ 71.476223100000013, 51.1670661 ], [ 71.4760934, 51.1671073 ], [ 71.476088448776196, 51.167137580099464 ], [ 71.476325248907017, 51.167430380106424 ], [ 71.476454148995131, 51.167389380110848 ] ] ], [ [ [ 71.476986624657101, 51.167735440063709 ], [ 71.4768912, 51.167621 ], [ 71.4768241, 51.1676496 ], [ 71.476920924634214, 51.167766540062573 ], [ 71.476986624657101, 51.167735440063709 ] ] ], [ [ [ 71.476765, 51.1676491 ], [ 71.4766147, 51.1677016 ], [ 71.476607273600465, 51.167747020172293 ], [ 71.476880773830956, 51.168054720184472 ], [ 71.477031073985685, 51.16800222019225 ], [ 71.4770385, 51.1679568 ], [ 71.476765, 51.1676491 ] ] ], [ [ [ 71.477209, 51.1679734 ], [ 71.4771151, 51.1680053 ], [ 71.477182424705958, 51.168101240066377 ], [ 71.477278924739082, 51.168067540068051 ], [ 71.477209, 51.1679734 ] ] ], [ [ [ 71.47701, 51.168216299999983 ], [ 71.4768158, 51.1682758 ], [ 71.47692532460708, 51.168444140061546 ], [ 71.477119524673299, 51.168385940064866 ], [ 71.47701, 51.168216299999983 ] ] ], [ [ [ 71.4765636, 51.1687672 ], [ 71.4764007, 51.1688107 ], [ 71.476481224440619, 51.16893274005335 ], [ 71.476638124493974, 51.168889240056039 ], [ 71.4765636, 51.1687672 ] ] ], [ [ [ 71.478629825135002, 51.169198840088725 ], [ 71.4786323, 51.169183699999984 ], [ 71.4784854, 51.1690448 ], [ 71.4783149, 51.1691156 ], [ 71.478312425033636, 51.169130740083553 ], [ 71.478457225075431, 51.169267640085728 ], [ 71.478629825135002, 51.169198840088725 ] ] ], [ [ [ 71.4776945, 51.1693096 ], [ 71.4775068, 51.1693643 ], [ 71.47750432475776, 51.16937944006969 ], [ 71.477681324805687, 51.169621540072249 ], [ 71.477867724869199, 51.169566940075434 ], [ 71.4778702, 51.1695518 ], [ 71.4776945, 51.1693096 ] ] ], [ [ [ 71.477518424758287, 51.169476840069748 ], [ 71.4774891, 51.1694345 ], [ 71.4773833, 51.1694786 ], [ 71.47738082471237, 51.169493740067431 ], [ 71.477411024721079, 51.169522740067883 ], [ 71.477518424758287, 51.169476840069748 ] ] ], [ [ [ 71.4771393, 51.169513899999984 ], [ 71.4769328, 51.1695947 ], [ 71.476997324578988, 51.169670340060762 ], [ 71.477195824647723, 51.169586240064191 ], [ 71.4771393, 51.169513899999984 ] ] ], [ [ [ 71.4779574, 51.16971070000001 ], [ 71.477889, 51.1697418 ], [ 71.477886524867372, 51.16975694007543 ], [ 71.478003124901434, 51.169857040077211 ], [ 71.478072924925627, 51.169826740078435 ], [ 71.4780754, 51.1698116 ], [ 71.4779574, 51.16971070000001 ] ] ], [ [ [ 71.477049824584356, 51.169951940061168 ], [ 71.4768199, 51.1696817 ], [ 71.4766384, 51.169746799999984 ], [ 71.476868424522024, 51.170016940058041 ], [ 71.477049824584356, 51.169951940061168 ] ] ], [ [ [ 71.4771588, 51.1697851 ], [ 71.477189524635165, 51.169834740063678 ], [ 71.477466724716095, 51.170074440067914 ], [ 71.477841424845124, 51.169932740074394 ], [ 71.4776639, 51.1697305 ], [ 71.4774863, 51.1696721 ], [ 71.4774215, 51.1696601 ], [ 71.4771588, 51.1697851 ] ] ], [ [ [ 71.4767302, 51.1698789 ], [ 71.4765854, 51.1699328 ], [ 71.476663324454051, 51.170031940054585 ], [ 71.476813624505809, 51.169974840057186 ], [ 71.4767302, 51.1698789 ] ] ], [ [ [ 71.477895049721766, 51.169994080150431 ], [ 71.478181649887418, 51.170261780159123 ], [ 71.478487950099307, 51.170135080169743 ], [ 71.4784929, 51.1701048 ], [ 71.4783541, 51.16992410000001 ], [ 71.478256, 51.169856 ], [ 71.4782002, 51.169838 ], [ 71.4779, 51.169963799999984 ], [ 71.477895049721766, 51.169994080150431 ] ] ], [ [ [ 71.4771569, 51.1700524 ], [ 71.476957, 51.1701234 ], [ 71.476954524545178, 51.17013854005927 ], [ 71.477252024628982, 51.170467940063688 ], [ 71.477451924697633, 51.17039694006715 ], [ 71.4774544, 51.1703818 ], [ 71.4771569, 51.1700524 ] ] ], [ [ [ 71.477609500000014, 51.1702651 ], [ 71.4774591, 51.1703289 ], [ 71.477568224733687, 51.170447540068999 ], [ 71.47771862478578, 51.170383740071614 ], [ 71.477609500000014, 51.1702651 ] ] ], [ [ [ 71.4782685, 51.1704238 ], [ 71.478233824946983, 51.170573440079913 ], [ 71.478362624988989, 51.170580240082025 ], [ 71.4783919, 51.1704339 ], [ 71.4782685, 51.1704238 ] ] ], [ [ [ 71.4777474, 51.1706642 ], [ 71.4775837, 51.1707253 ], [ 71.477581224725611, 51.170740440068741 ], [ 71.477765324777906, 51.170934140071495 ], [ 71.477929024834239, 51.170873040074326 ], [ 71.4779315, 51.170857899999987 ], [ 71.4777474, 51.1706642 ] ] ], [ [ [ 71.47827932494755, 51.170914540080091 ], [ 71.478443725004055, 51.170854540082935 ], [ 71.478501925020623, 51.170915140083821 ], [ 71.478588925050531, 51.170883340085318 ], [ 71.4784365, 51.1707002 ], [ 71.4781803, 51.1707937 ], [ 71.47827932494755, 51.170914540080091 ] ] ], [ [ [ 71.478246124910953, 51.171523340078551 ], [ 71.4781314, 51.1713709 ], [ 71.4777317, 51.171505 ], [ 71.477729224741324, 51.171520140069951 ], [ 71.477846324773992, 51.171657440071677 ], [ 71.478246124910953, 51.171523340078551 ] ] ], [ [ [ 71.4784615, 51.171572 ], [ 71.4782523, 51.1716624 ], [ 71.47824982490566, 51.171677540078385 ], [ 71.478396024948069, 51.171810540080592 ], [ 71.478605125020565, 51.171720140084233 ], [ 71.4786076, 51.171705 ], [ 71.4784615, 51.171572 ] ] ], [ [ [ 71.4779037, 51.1718402 ], [ 71.477658, 51.1719428 ], [ 71.477655524698662, 51.171957940068005 ], [ 71.477795024738924, 51.172089140070113 ], [ 71.478040624823919, 51.171986440074384 ], [ 71.4780431, 51.1719713 ], [ 71.4779037, 51.1718402 ] ] ], [ [ [ 71.479108725170789, 51.172080140092028 ], [ 71.4789034, 51.1718465 ], [ 71.4779132, 51.1722166 ], [ 71.477910724770922, 51.172231740071815 ], [ 71.478118524829952, 51.172450340074931 ], [ 71.479108725170789, 51.172080140092028 ] ] ], [ [ [ 71.4774713, 51.1719509 ], [ 71.4766578, 51.1722744 ], [ 71.476819124403107, 51.17245154005326 ], [ 71.477632724684, 51.172127940067341 ], [ 71.4774713, 51.1719509 ] ] ], [ [ [ 71.4778339, 51.1722803 ], [ 71.477469, 51.1724347 ], [ 71.477581524649082, 51.172556740065808 ], [ 71.477946524775476, 51.172402240072145 ], [ 71.4778339, 51.1722803 ] ] ], [ [ [ 71.477417824594923, 51.172566240063055 ], [ 71.4773079, 51.1724437 ], [ 71.4768726, 51.1726229 ], [ 71.476870124411988, 51.172638040053812 ], [ 71.476982524444395, 51.172745440055508 ], [ 71.477417824594923, 51.172566240063055 ] ] ], [ [ [ 71.4776437, 51.1726274 ], [ 71.4775453, 51.1726716 ], [ 71.477605224649068, 51.172741440065899 ], [ 71.477703724683295, 51.172697140067619 ], [ 71.4776437, 51.1726274 ] ] ], [ [ [ 71.4781215, 51.1727325 ], [ 71.4780003, 51.1727715 ], [ 71.478051424790976, 51.172852140073161 ], [ 71.478172724832433, 51.172813240075243 ], [ 71.4781215, 51.1727325 ] ] ], [ [ [ 71.477573524627161, 51.173014140064922 ], [ 71.477728824678422, 51.173008140067537 ], [ 71.477899224736717, 51.172953040070453 ], [ 71.4777686, 51.1727761 ], [ 71.4775982, 51.1728312 ], [ 71.4775099, 51.172918699999983 ], [ 71.477573524627161, 51.173014140064922 ] ] ], [ [ [ 71.4772328, 51.1729997 ], [ 71.4770241, 51.173077 ], [ 71.477098424464373, 51.173173740056747 ], [ 71.477307124536196, 51.173096440060334 ], [ 71.4772328, 51.1729997 ] ] ], [ [ [ 71.4767364, 51.173178 ], [ 71.4765606, 51.173246 ], [ 71.476636924305723, 51.173341340048758 ], [ 71.476812824366377, 51.173273340051821 ], [ 71.4767364, 51.173178 ] ] ], [ [ [ 71.478997, 51.1734327 ], [ 71.4788428, 51.173484 ], [ 71.478915025043605, 51.173587240086363 ], [ 71.479069225096424, 51.173535840089016 ], [ 71.478997, 51.1734327 ] ] ], [ [ [ 71.478727724978427, 51.173673840083097 ], [ 71.478643, 51.1735671 ], [ 71.478493, 51.1736232 ], [ 71.478577724926794, 51.173729940080513 ], [ 71.478727724978427, 51.173673840083097 ] ] ], [ [ [ 71.4784434, 51.1736513 ], [ 71.4782457, 51.1737173 ], [ 71.47829982483259, 51.173799140075758 ], [ 71.478497524900334, 51.173733040079163 ], [ 71.4784434, 51.1736513 ] ] ], [ [ [ 71.4789618, 51.1737055 ], [ 71.4788414, 51.1737536 ], [ 71.478838925010947, 51.173768740084803 ], [ 71.478937325039198, 51.173865640086269 ], [ 71.479057925080824, 51.173817540088358 ], [ 71.4790604, 51.1738024 ], [ 71.4789618, 51.1737055 ] ] ], [ [ [ 71.47823862480999, 51.173858640074641 ], [ 71.4781934, 51.173785 ], [ 71.4780443, 51.1738327 ], [ 71.478041824745787, 51.173847840071375 ], [ 71.478089524759, 51.173906440072074 ], [ 71.47823862480999, 51.173858640074641 ] ] ], [ [ [ 71.478571424914364, 51.173975840080004 ], [ 71.4786576249424, 51.173982240081422 ], [ 71.478761624978006, 51.173947740083221 ], [ 71.4786766, 51.1738289 ], [ 71.4785725, 51.1738635 ], [ 71.478534, 51.1739134 ], [ 71.478571424914364, 51.173975840080004 ] ] ], [ [ [ 71.478777300000019, 51.1739637 ], [ 71.4786476, 51.1740135 ], [ 71.478718324957228, 51.17410354008225 ], [ 71.478848025001909, 51.174053740084474 ], [ 71.478777300000019, 51.1739637 ] ] ], [ [ [ 71.477606624593122, 51.174078340063744 ], [ 71.4775458, 51.1739909 ], [ 71.4773451, 51.1740599 ], [ 71.477342624506548, 51.174075040059364 ], [ 71.477405924524291, 51.174147340060294 ], [ 71.477606624593122, 51.174078340063744 ] ] ], [ [ [ 71.4784384, 51.174116 ], [ 71.4783098, 51.1741737 ], [ 71.47830732481863, 51.17418884007526 ], [ 71.478401624846114, 51.174271340076693 ], [ 71.47853022489079, 51.174213640078939 ], [ 71.4785327, 51.1741985 ], [ 71.4784384, 51.174116 ] ] ], [ [ [ 71.479073025066256, 51.174280540087857 ], [ 71.4789449, 51.1741405 ], [ 71.4788258, 51.1741894 ], [ 71.478867824999128, 51.174273940084454 ], [ 71.478934325018301, 51.174337440085466 ], [ 71.479073025066256, 51.174280540087857 ] ] ], [ [ [ 71.4783024, 51.1742561 ], [ 71.4781371, 51.1742795 ], [ 71.478176424766261, 51.174411040072712 ], [ 71.47834182482157, 51.174387640075494 ], [ 71.4783024, 51.1742561 ] ] ], [ [ [ 71.4787092, 51.1743263 ], [ 71.4785886, 51.1743921 ], [ 71.478586124900986, 51.174407240079546 ], [ 71.478694724933348, 51.17448544008122 ], [ 71.478815324975741, 51.17441964008335 ], [ 71.4788178, 51.1744045 ], [ 71.4787092, 51.1743263 ] ] ], [ [ [ 71.4789431, 51.1745257 ], [ 71.4788102, 51.1745866 ], [ 71.478807724965563, 51.17460174008292 ], [ 71.478910124995508, 51.174689540084493 ], [ 71.479043025041733, 51.174628540086793 ], [ 71.4790455, 51.1746134 ], [ 71.4789431, 51.1745257 ] ] ], [ [ [ 71.4766833, 51.174599 ], [ 71.476569724226209, 51.174702640045432 ], [ 71.476744824280061, 51.174789040048232 ], [ 71.4768583, 51.1746854 ], [ 71.4766833, 51.174599 ] ] ], [ [ [ 71.4775878, 51.1747245 ], [ 71.4774984, 51.1746788 ], [ 71.477392824493592, 51.174773140059052 ], [ 71.477482224521026, 51.174818940060469 ], [ 71.4775878, 51.1747245 ] ] ], [ [ [ 71.4783829, 51.174687799999987 ], [ 71.4782465, 51.1747661 ], [ 71.478244024772835, 51.174781240073223 ], [ 71.478306124791459, 51.174823740074203 ], [ 71.478442524839537, 51.174745440076606 ], [ 71.478445, 51.1747303 ], [ 71.4783829, 51.174687799999987 ] ] ], [ [ [ 71.4778375, 51.1747654 ], [ 71.477759524611557, 51.17483204006507 ], [ 71.477845824637797, 51.174881740066425 ], [ 71.4779238, 51.1748152 ], [ 71.4778375, 51.1747654 ] ] ], [ [ [ 71.4780221, 51.1749575 ], [ 71.4779419, 51.1749078 ], [ 71.477848724634583, 51.174980540066329 ], [ 71.477928924658841, 51.175030240067571 ], [ 71.4780221, 51.1749575 ] ] ], [ [ [ 71.4776546, 51.1749518 ], [ 71.4775256, 51.175019399999989 ], [ 71.477523124525348, 51.175034540060793 ], [ 71.47759542454682, 51.175088740061916 ], [ 71.477724424592026, 51.175021240064169 ], [ 71.4777269, 51.1750061 ], [ 71.4776546, 51.1749518 ] ] ], [ [ [ 71.4770298, 51.174966399999988 ], [ 71.4767295, 51.1750946 ], [ 71.476722072777704, 51.175140020142017 ], [ 71.477088773096312, 51.175477720158725 ], [ 71.47738907340846, 51.175349520174358 ], [ 71.4773965, 51.1753041 ], [ 71.4770298, 51.174966399999988 ] ] ], [ [ [ 71.4790785, 51.1754171 ], [ 71.478984, 51.175352300000014 ], [ 71.4789136, 51.175389799999984 ], [ 71.478911124965649, 51.17540494008334 ], [ 71.479013724996705, 51.175467940084957 ], [ 71.4790785, 51.1754171 ] ] ], [ [ [ 71.478943424957606, 51.175847240083158 ], [ 71.4790907, 51.1757373 ], [ 71.478864500000014, 51.1756014 ], [ 71.4787406, 51.1756332 ], [ 71.4786804, 51.1756725 ], [ 71.478677924877132, 51.175687640078991 ], [ 71.478943424957606, 51.175847240083158 ] ] ], [ [ [ 71.4780915, 51.1758387 ], [ 71.4776409, 51.1760203 ], [ 71.47763842452099, 51.176035440061113 ], [ 71.477939424607484, 51.176329040065646 ], [ 71.478390024763158, 51.176147440073443 ], [ 71.4783925, 51.1761323 ], [ 71.4780915, 51.1758387 ] ] ], [ [ [ 71.477476100000018, 51.1760263 ], [ 71.477237, 51.1761221 ], [ 71.477347224416391, 51.176247840055893 ], [ 71.477586324498972, 51.176151940060038 ], [ 71.477476100000018, 51.1760263 ] ] ], [ [ [ 71.476804824229404, 51.176456640046524 ], [ 71.477452824418137, 51.177028140056393 ], [ 71.477695638524267, 51.176930153723042 ], [ 71.477816424536741, 51.177047840062421 ], [ 71.478396324737105, 51.176813840072477 ], [ 71.478278, 51.176681 ], [ 71.4777451, 51.1762116 ], [ 71.477049635656712, 51.176340807307405 ], [ 71.477180524359909, 51.176288340053041 ], [ 71.477183, 51.1762732 ], [ 71.4770615, 51.176154 ], [ 71.4766389, 51.1763234 ], [ 71.476757924213956, 51.176457740045734 ], [ 71.476890552556995, 51.176404576042657 ], [ 71.4768073, 51.176441499999989 ], [ 71.476804824229404, 51.176456640046524 ] ] ], [ [ [ 71.4787275, 51.176329499999987 ], [ 71.4785847, 51.1763912 ], [ 71.478577274441761, 51.176436620228493 ], [ 71.478773674612725, 51.17661512023745 ], [ 71.478916474761263, 51.176553320244878 ], [ 71.4789239, 51.1765079 ], [ 71.4787275, 51.176329499999987 ] ] ], [ [ [ 71.4782756, 51.1763876 ], [ 71.4781256, 51.1764532 ], [ 71.478123124661948, 51.176468340068475 ], [ 71.478418824747862, 51.176733940072978 ], [ 71.478568824799922, 51.17666834007558 ], [ 71.4785713, 51.176653199999983 ], [ 71.4782756, 51.1763876 ] ] ], [ [ [ 71.477222, 51.1769239 ], [ 71.4770344, 51.177029 ], [ 71.477031924279203, 51.177044140049347 ], [ 71.47715012431452, 51.177127040051182 ], [ 71.477337624380567, 51.177021840054472 ], [ 71.4773401, 51.1770067 ], [ 71.477222, 51.1769239 ] ] ], [ [ [ 71.47839002471602, 51.177264840071622 ], [ 71.478622124802584, 51.17702054007588 ], [ 71.478526, 51.1769015 ], [ 71.4779037, 51.1771335 ], [ 71.478110424619757, 51.177369140066808 ], [ 71.47839002471602, 51.177264840071622 ] ] ], [ [ [ 71.4769194, 51.177087 ], [ 71.4767981, 51.177152 ], [ 71.476795624196384, 51.177167140045206 ], [ 71.476912924231286, 51.177253140047021 ], [ 71.477034224273879, 51.177188140049168 ], [ 71.4770367, 51.177173 ], [ 71.4769194, 51.177087 ] ] ], [ [ [ 71.477583, 51.1773093 ], [ 71.477477524411071, 51.177388040056222 ], [ 71.477567624438237, 51.177445340057638 ], [ 71.4776731, 51.1773666 ], [ 71.477583, 51.1773093 ] ] ], [ [ [ 71.4771689, 51.1774386 ], [ 71.477061, 51.1773689 ], [ 71.476952424236003, 51.177448540047365 ], [ 71.477060324268507, 51.177518240049039 ], [ 71.4771689, 51.1774386 ] ] ], [ [ [ 71.4777538, 51.1774183 ], [ 71.4776368, 51.17748 ], [ 71.477634324458052, 51.177495140058653 ], [ 71.477725824485219, 51.177563440060062 ], [ 71.477842824526249, 51.177501840062128 ], [ 71.4778453, 51.1774867 ], [ 71.4777538, 51.1774183 ] ] ], [ [ [ 71.4791644, 51.177331 ], [ 71.4789173, 51.1774293 ], [ 71.479072524926067, 51.177600340082464 ], [ 71.479319625011385, 51.177502140086744 ], [ 71.4791644, 51.177331 ] ] ], [ [ [ 71.4773847, 51.17750740000001 ], [ 71.4772443, 51.1775886 ], [ 71.477241824324523, 51.177603740051929 ], [ 71.477299424341794, 51.177642940052841 ], [ 71.477439824391354, 51.177561740055317 ], [ 71.4774423, 51.1775466 ], [ 71.4773847, 51.17750740000001 ] ] ], [ [ [ 71.477935800000012, 51.1775152 ], [ 71.477850724525595, 51.177578840062132 ], [ 71.477944324553704, 51.177641440063582 ], [ 71.4780294, 51.1775778 ], [ 71.477935800000012, 51.1775152 ] ] ], [ [ [ 71.4774055, 51.1776007 ], [ 71.477320424347809, 51.177664340053155 ], [ 71.477414024375904, 51.177726940054598 ], [ 71.4774991, 51.1776633 ], [ 71.4774055, 51.1776007 ] ] ], [ [ [ 71.4780554, 51.1776083 ], [ 71.4779318, 51.1776731 ], [ 71.477929324546807, 51.177688240063262 ], [ 71.478055624584286, 51.177783140065216 ], [ 71.478179324627661, 51.177718340067401 ], [ 71.4781818, 51.17770320000001 ], [ 71.4780554, 51.1776083 ] ] ], [ [ [ 71.4779637, 51.177737099999987 ], [ 71.4778793, 51.1776786 ], [ 71.477778524494681, 51.177749540060645 ], [ 71.47786292451994, 51.177808040061969 ], [ 71.4779637, 51.177737099999987 ] ] ], [ [ [ 71.4771629, 51.1777436 ], [ 71.4770798, 51.1776883 ], [ 71.4767965, 51.1776728 ], [ 71.4767438, 51.1777039 ], [ 71.476741324155242, 51.177719040043414 ], [ 71.476970124223982, 51.177871240046969 ], [ 71.477160424291242, 51.177758740050322 ], [ 71.4771629, 51.1777436 ] ] ], [ [ [ 71.478661, 51.1775219 ], [ 71.47841360000001, 51.1775894 ], [ 71.478411124708614, 51.177604540071428 ], [ 71.478657624774598, 51.17795964007496 ], [ 71.478904924858682, 51.177892240079196 ], [ 71.4789074, 51.1778771 ], [ 71.478661, 51.1775219 ] ] ], [ [ [ 71.4771809, 51.177871 ], [ 71.4770928, 51.1778178 ], [ 71.477004224234449, 51.177888940047517 ], [ 71.477092424261173, 51.177942140048891 ], [ 71.4771809, 51.177871 ] ] ], [ [ [ 71.4777841, 51.1777999 ], [ 71.477677424456076, 51.177877340058757 ], [ 71.477774124485165, 51.17794094006026 ], [ 71.4778809, 51.1778635 ], [ 71.4777841, 51.1777999 ] ] ], [ [ [ 71.478014624558796, 51.178068140064084 ], [ 71.478119224596057, 51.177999640065927 ], [ 71.4781696, 51.1778188 ], [ 71.4781101, 51.1777831 ], [ 71.4778069, 51.1779593 ], [ 71.477804424493698, 51.177974440060716 ], [ 71.477881724517133, 51.178020840061933 ], [ 71.478014624558796, 51.178068140064084 ] ] ], [ [ [ 71.477250524309426, 51.178029440051382 ], [ 71.477368024344784, 51.178106240053232 ], [ 71.477417224362185, 51.178076640054094 ], [ 71.4774612, 51.1779407 ], [ 71.4773146, 51.1778448 ], [ 71.4771911, 51.1779191 ], [ 71.477250524309426, 51.178029440051382 ] ] ], [ [ [ 71.4774194, 51.1429377 ], [ 71.477321425808654, 51.143019440109427 ], [ 71.477458525850324, 51.143098140111583 ], [ 71.4775586, 51.1430167 ], [ 71.4774194, 51.1429377 ] ] ], [ [ [ 71.478599526215746, 51.143310240130262 ], [ 71.4788901, 51.1430937 ], [ 71.4787134, 51.1429813 ], [ 71.4784069, 51.143171 ], [ 71.478404426156956, 51.14318614012722 ], [ 71.478599526215746, 51.143310240130262 ] ] ], [ [ [ 71.478404126150281, 51.143342440126951 ], [ 71.4784595, 51.1432932 ], [ 71.47831840000002, 51.143207 ], [ 71.478117426055888, 51.143350040122165 ], [ 71.478185526076501, 51.143391640123234 ], [ 71.478404126150281, 51.143342440126951 ] ] ], [ [ [ 71.4793253, 51.1434012 ], [ 71.4791836, 51.1433156 ], [ 71.4788978, 51.143223 ], [ 71.4787392, 51.1433193 ], [ 71.4787317787749, 51.143364720397308 ], [ 71.479075179084802, 51.143587220413387 ], [ 71.479317879341451, 51.143446620426189 ], [ 71.4793253, 51.1434012 ] ] ], [ [ [ 71.478918626306992, 51.143629740135054 ], [ 71.478973400000015, 51.1435812 ], [ 71.4788145, 51.1434721 ], [ 71.4786545, 51.1435638 ], [ 71.478652026221667, 51.143578940130702 ], [ 71.478787426262201, 51.143671240132797 ], [ 71.478918626306992, 51.143629740135054 ] ] ], [ [ [ 71.48043322678636, 51.144047940159609 ], [ 71.480897100000021, 51.143363 ], [ 71.4806709, 51.1433017 ], [ 71.480263, 51.143544 ], [ 71.48000402665042, 51.143931540152636 ], [ 71.48043322678636, 51.144047940159609 ] ] ], [ [ [ 71.4787025, 51.1437672 ], [ 71.4785809, 51.1436829 ], [ 71.4784326, 51.143768599999987 ], [ 71.478430126140239, 51.143783740126665 ], [ 71.478550626176172, 51.143869340128532 ], [ 71.478700026228864, 51.14378234013116 ], [ 71.4787025, 51.1437672 ] ] ], [ [ [ 71.478315926093472, 51.144004540124406 ], [ 71.478414126126992, 51.143973740126107 ], [ 71.4784571, 51.1439091 ], [ 71.4783291, 51.1438241 ], [ 71.4781936, 51.1439051 ], [ 71.478191126056075, 51.143920240122469 ], [ 71.478315926093472, 51.144004540124406 ] ] ], [ [ [ 71.4781616, 51.1439352 ], [ 71.478021525995629, 51.144034040119443 ], [ 71.478144226032398, 51.144116940121364 ], [ 71.478281826080973, 51.144035340123786 ], [ 71.4782843, 51.1440202 ], [ 71.4781616, 51.1439352 ] ] ], [ [ [ 71.478018325986781, 51.144219340119101 ], [ 71.4780592, 51.1441514 ], [ 71.4779238, 51.1440717 ], [ 71.477808225920228, 51.144163140115687 ], [ 71.477959725966059, 51.144254840118066 ], [ 71.478018325986781, 51.144219340119101 ] ] ], [ [ [ 71.4775856, 51.1441748 ], [ 71.477416725786284, 51.14429294010894 ], [ 71.477625825849358, 51.144424840112237 ], [ 71.4777915, 51.1443059 ], [ 71.4775856, 51.1441748 ] ] ], [ [ [ 71.478311804261565, 51.144690960493271 ], [ 71.47847680445966, 51.144800660503549 ], [ 71.479421705701071, 51.144793160566543 ], [ 71.479593205944965, 51.14468156057869 ], [ 71.4797173, 51.1443491 ], [ 71.4793718, 51.1441411 ], [ 71.4787982, 51.1442661 ], [ 71.4783217, 51.1446304 ], [ 71.478311804261565, 51.144690960493271 ] ] ], [ [ [ 71.480901026913529, 51.144673640166367 ], [ 71.4809196, 51.144602399999989 ], [ 71.4808354, 51.1445508 ], [ 71.480708226851419, 51.144646040163202 ], [ 71.480828826887887, 51.144719940165082 ], [ 71.480901026913529, 51.144673640166367 ] ] ], [ [ [ 71.48062442681443, 51.144872040161438 ], [ 71.4807271, 51.1447913 ], [ 71.4806541, 51.1447468 ], [ 71.4804935, 51.1447133 ], [ 71.480377426736212, 51.14480474015744 ], [ 71.480527826781753, 51.144894740159792 ], [ 71.48062442681443, 51.144872040161438 ] ] ], [ [ [ 71.4801497, 51.1450746 ], [ 71.480039526610241, 51.145163340151214 ], [ 71.480164326648051, 51.145238240153184 ], [ 71.4802735, 51.1451455 ], [ 71.4801497, 51.1450746 ] ] ], [ [ [ 71.4797321, 51.1452912 ], [ 71.479604126458142, 51.145382540143615 ], [ 71.479795826515826, 51.145506740146608 ], [ 71.4799238, 51.1454153 ], [ 71.4797321, 51.1452912 ] ] ], [ [ [ 71.4776353, 51.1453937 ], [ 71.477465225746002, 51.145627540107604 ], [ 71.478218925984848, 51.145828540119837 ], [ 71.4782214, 51.1458134 ], [ 71.4780665, 51.1456763 ], [ 71.4776353, 51.1453937 ] ] ], [ [ [ 71.480884326867866, 51.145628440164529 ], [ 71.4809658, 51.1454955 ], [ 71.4807332, 51.1454313 ], [ 71.480573926764393, 51.145667240159305 ], [ 71.480704126805634, 51.145702740161425 ], [ 71.480884326867866, 51.145628440164529 ] ] ], [ [ [ 71.4794962, 51.145532899999985 ], [ 71.479367826369881, 51.145637540139262 ], [ 71.479506726412211, 51.145714440141461 ], [ 71.4796351, 51.14560980000001 ], [ 71.4794962, 51.145532899999985 ] ] ], [ [ [ 71.480277426657082, 51.145905140153985 ], [ 71.480530826758709, 51.145466240158918 ], [ 71.4805244, 51.1453833 ], [ 71.4803807, 51.145341099999989 ], [ 71.4800267, 51.1458156 ], [ 71.480024226577115, 51.145830740149897 ], [ 71.480277426657082, 51.145905140153985 ] ] ], [ [ [ 71.4797647, 51.145813 ], [ 71.479686826461617, 51.145945040144085 ], [ 71.479864826518138, 51.145989540146985 ], [ 71.4799435, 51.145858 ], [ 71.4797647, 51.145813 ] ] ], [ [ [ 71.4802348, 51.145913 ], [ 71.480119626597116, 51.146099740151044 ], [ 71.480266926643836, 51.146137840153436 ], [ 71.4803821, 51.145951 ], [ 71.4802348, 51.145913 ] ] ], [ [ [ 71.4801313, 51.1461556 ], [ 71.4799548, 51.1461116 ], [ 71.479891926517183, 51.14622374014705 ], [ 71.480061726571023, 51.146268240149801 ], [ 71.4801313, 51.1461556 ] ] ], [ [ [ 71.4802738, 51.1462474 ], [ 71.480176326603043, 51.146401140151504 ], [ 71.48037022666449, 51.146452740154636 ], [ 71.4804692, 51.1462971 ], [ 71.4802738, 51.1462474 ] ] ], [ [ [ 71.480611526740972, 51.146516640158545 ], [ 71.4807257, 51.1463321 ], [ 71.4805363, 51.146285299999988 ], [ 71.480438826687177, 51.146448540155788 ], [ 71.480502226706264, 51.146489240156782 ], [ 71.480611526740972, 51.146516640158545 ] ] ], [ [ [ 71.480738326780298, 51.14657104016058 ], [ 71.48083782681185, 51.146597040162192 ], [ 71.480890626830259, 51.146571540163116 ], [ 71.4809648, 51.146448 ], [ 71.4808102, 51.1464069 ], [ 71.4807347, 51.1465176 ], [ 71.480738326780298, 51.14657104016058 ] ] ], [ [ [ 71.4777264, 51.1461621 ], [ 71.477171, 51.1469263 ], [ 71.477146255867822, 51.14707770100221 ], [ 71.477354156524967, 51.147137201035903 ], [ 71.477909658669631, 51.146373001140866 ], [ 71.4779344, 51.1462216 ], [ 71.4777264, 51.1461621 ] ] ], [ [ [ 71.478692526052953, 51.14790174012434 ], [ 71.4795774, 51.1466634 ], [ 71.478467, 51.1463481 ], [ 71.477582025701835, 51.14758654010636 ], [ 71.478692526052953, 51.14790174012434 ] ] ], [ [ [ 71.4794314, 51.1474274 ], [ 71.47937, 51.1474399 ], [ 71.4792951, 51.14754640000001 ], [ 71.479274626253343, 51.147679740134393 ], [ 71.479348126274218, 51.147756540135511 ], [ 71.47939912629036, 51.147770640136336 ], [ 71.479534126335579, 51.147748740138624 ], [ 71.479644826375903, 51.147653940140621 ], [ 71.47972, 51.1475352 ], [ 71.4796887, 51.1474985 ], [ 71.4794314, 51.1474274 ] ] ], [ [ [ 71.4794735, 51.1480036 ], [ 71.479352626257651, 51.148185140134885 ], [ 71.480445726603477, 51.148491340152589 ], [ 71.480570241869685, 51.14831643983409 ], [ 71.480630640089288, 51.148333561405686 ], [ 71.481030141479266, 51.14777886147364 ], [ 71.4810524, 51.1476426 ], [ 71.4806031, 51.1474366 ], [ 71.479894, 51.1472356 ], [ 71.4798298, 51.147324699999984 ], [ 71.479807537988876, 51.147460961295089 ], [ 71.480346867322169, 51.148133640060763 ], [ 71.4794735, 51.1480036 ] ] ], [ [ [ 71.4800213, 51.1478188 ], [ 71.4798494, 51.1477809 ], [ 71.479813726423032, 51.147850940143115 ], [ 71.479976626474638, 51.147894540145742 ], [ 71.4800213, 51.1478188 ] ] ], [ [ [ 71.478302, 51.149593899999985 ], [ 71.478277258455748, 51.149745301147348 ], [ 71.47954766248003, 51.150089401353377 ], [ 71.479677653655443, 51.149882388755465 ], [ 71.480251265191598, 51.149133201486052 ], [ 71.480276, 51.1489818 ], [ 71.4801986, 51.1488872 ], [ 71.479969923602894, 51.14881923188539 ], [ 71.4799755, 51.1487851 ], [ 71.4792139, 51.1485828 ], [ 71.4791197, 51.1487224 ], [ 71.479097435362078, 51.148858661168234 ], [ 71.4798224090829, 51.149051206743529 ], [ 71.479508465308356, 51.149639068999321 ], [ 71.4788348, 51.1492288 ], [ 71.4785976, 51.1491645 ], [ 71.478302, 51.149593899999985 ] ] ], [ [ [ 71.4782281, 51.1487881 ], [ 71.478115251638741, 51.148967580226063 ], [ 71.478580051932653, 51.149099880241131 ], [ 71.478692900000013, 51.1489204 ], [ 71.4782281, 51.1487881 ] ] ], [ [ [ 71.4810847, 51.1491127 ], [ 71.4808972, 51.1490614 ], [ 71.480865226714741, 51.149118940158552 ], [ 71.481052726774109, 51.149170240161595 ], [ 71.4810847, 51.1491127 ] ] ], [ [ [ 71.481477515003306, 51.150195921337861 ], [ 71.481606615408708, 51.149998521357595 ], [ 71.4816264, 51.1498774 ], [ 71.481440800000016, 51.1498296 ], [ 71.4813117, 51.150027 ], [ 71.481303208366555, 51.150078983566537 ], [ 71.4800182, 51.1497046 ], [ 71.4798058, 51.1500048 ], [ 71.479795905304528, 51.15006536055725 ], [ 71.481229907119783, 51.150464660650165 ], [ 71.481428996102153, 51.150183425693221 ], [ 71.481477515003306, 51.150195921337861 ] ] ], [ [ [ 71.4781427, 51.150059 ], [ 71.4780786, 51.1501474 ], [ 71.47806622876287, 51.150223100551393 ], [ 71.479684331320939, 51.150684300682407 ], [ 71.479748431444733, 51.150595800688485 ], [ 71.4797608, 51.1505201 ], [ 71.4781427, 51.150059 ] ] ], [ [ [ 71.4807994, 51.1504463 ], [ 71.480765226623532, 51.150505740154635 ], [ 71.480957426684341, 51.150560040157764 ], [ 71.4809916, 51.1505007 ], [ 71.4807994, 51.1504463 ] ] ], [ [ [ 71.4805961, 51.150580899999987 ], [ 71.4799939, 51.1504124 ], [ 71.4799168, 51.150521 ], [ 71.47989453703488, 51.150657261261429 ], [ 71.480496738749807, 51.150825661349224 ], [ 71.480573839018646, 51.150717161362344 ], [ 71.4805961, 51.150580899999987 ] ] ], [ [ [ 71.480543653076168, 51.150825680300919 ], [ 71.480663453151934, 51.150859780304813 ], [ 71.480780653229743, 51.150849180308732 ], [ 71.4809493, 51.150560199999987 ], [ 71.4807581, 51.1505058 ], [ 71.480543653076168, 51.150825680300919 ] ] ], [ [ [ 71.4776995, 51.1507239 ], [ 71.477659525592074, 51.150796040102442 ], [ 71.477791225633851, 51.150830140104574 ], [ 71.4778312, 51.150758 ], [ 71.4776995, 51.1507239 ] ] ], [ [ [ 71.481221, 51.1507166 ], [ 71.4811802, 51.150705099999989 ], [ 71.481142426736255, 51.150769340160494 ], [ 71.481183226749138, 51.150780840161154 ], [ 71.481221, 51.1507166 ] ] ], [ [ [ 71.4811265, 51.1507734 ], [ 71.481099426719879, 51.150822640159681 ], [ 71.481185426747075, 51.150846940161074 ], [ 71.4812124, 51.1507977 ], [ 71.4811265, 51.1507734 ] ] ], [ [ [ 71.4805119, 51.1508213 ], [ 71.4802446, 51.1512117 ], [ 71.480242126421516, 51.151226840144773 ], [ 71.480386326467197, 51.151265740147089 ], [ 71.480653626571367, 51.150875340152169 ], [ 71.4806561, 51.1508602 ], [ 71.4805119, 51.1508213 ] ] ], [ [ [ 71.4798305, 51.1512639 ], [ 71.4781935, 51.1508197 ], [ 71.4781135, 51.1509356 ], [ 71.478101128654131, 51.151011300547893 ], [ 71.47973823124704, 51.15145550068064 ], [ 71.479818131402553, 51.151339600688246 ], [ 71.4798305, 51.1512639 ] ] ], [ [ [ 71.480309726433546, 51.151468140145489 ], [ 71.4804154, 51.151307 ], [ 71.4802543, 51.1512622 ], [ 71.480113226368829, 51.15147354014222 ], [ 71.480229626405645, 51.151505940144091 ], [ 71.480309726433546, 51.151468140145489 ] ] ], [ [ [ 71.477834625621469, 51.151462140104279 ], [ 71.478025325679866, 51.151561940107293 ], [ 71.478119525711534, 51.151543940108894 ], [ 71.478199, 51.1514306 ], [ 71.4781554, 51.1513764 ], [ 71.4780932, 51.1513572 ], [ 71.4779138, 51.1513491 ], [ 71.477834625621469, 51.151462140104279 ] ] ], [ [ [ 71.478673425894002, 51.151527740118155 ], [ 71.4786249, 51.151462 ], [ 71.4784636, 51.1514158 ], [ 71.4783434, 51.1514102 ], [ 71.478220025742516, 51.151591340110485 ], [ 71.478556825848997, 51.151687840115954 ], [ 71.478673425894002, 51.151527740118155 ] ] ], [ [ [ 71.4795463, 51.1516509 ], [ 71.479526726167251, 51.151689240132093 ], [ 71.479565926179646, 51.15170054013273 ], [ 71.4795854, 51.1516622 ], [ 71.4795463, 51.1516509 ] ] ], [ [ [ 71.4793975, 51.151621 ], [ 71.479340026104623, 51.151721440128931 ], [ 71.479467826145196, 51.151753940131016 ], [ 71.4795254, 51.1516535 ], [ 71.4793975, 51.151621 ] ] ], [ [ [ 71.4788778, 51.151603 ], [ 71.478808825930656, 51.151712840120105 ], [ 71.4792149260592, 51.151825040126695 ], [ 71.4792839, 51.1517152 ], [ 71.4788778, 51.151603 ] ] ], [ [ [ 71.4791814, 51.1519637 ], [ 71.4786101, 51.1518034 ], [ 71.47852272582729, 51.151937540114957 ], [ 71.479094126008064, 51.152097840124227 ], [ 71.4791814, 51.1519637 ] ] ], [ [ [ 71.4783086, 51.1518686 ], [ 71.4780442, 51.1522349 ], [ 71.478031828266765, 51.152310600531578 ], [ 71.478203128537643, 51.152359200545447 ], [ 71.478467529048658, 51.151992900570448 ], [ 71.478479900000011, 51.1519172 ], [ 71.4783086, 51.1518686 ] ] ], [ [ [ 71.4808381, 51.15242210000001 ], [ 71.480798026550744, 51.152491040151965 ], [ 71.480921426590115, 51.152517940153977 ], [ 71.4809561, 51.152449 ], [ 71.4808381, 51.15242210000001 ] ] ], [ [ [ 71.4790485, 51.152715100000016 ], [ 71.4787755, 51.1532417 ], [ 71.478763129254816, 51.153317400584314 ], [ 71.478959729566427, 51.153369800600267 ], [ 71.479977731553774, 51.151865300697253 ], [ 71.4799901, 51.1517896 ], [ 71.4797884, 51.1517359 ], [ 71.4793903, 51.1522101 ], [ 71.4790485, 51.152715100000016 ] ] ], [ [ [ 71.477871427878128, 51.152906000513376 ], [ 71.47865422920421, 51.152709100580189 ], [ 71.478727929348636, 51.152597600587235 ], [ 71.4787403, 51.1525219 ], [ 71.4781822, 51.1523767 ], [ 71.4779376, 51.1524299 ], [ 71.4777038, 51.1527835 ], [ 71.477691427592589, 51.15285920049876 ], [ 71.477871427878128, 51.152906000513376 ] ] ], [ [ [ 71.4810464, 51.1527132 ], [ 71.480865926551971, 51.152991340152283 ], [ 71.481192126655372, 51.153078240157569 ], [ 71.4813726, 51.1528 ], [ 71.4810464, 51.1527132 ] ] ], [ [ [ 71.4785865, 51.1530155 ], [ 71.478516, 51.1529965 ], [ 71.478443625751808, 51.15311324011175 ], [ 71.478514025774089, 51.153132340112876 ], [ 71.4785865, 51.1530155 ] ] ], [ [ [ 71.477858, 51.1531243 ], [ 71.477780225528491, 51.153245640100479 ], [ 71.478407225726897, 51.153420640110646 ], [ 71.478485, 51.1532994 ], [ 71.477858, 51.1531243 ] ] ], [ [ [ 71.4811459, 51.1530789 ], [ 71.4807127, 51.1536386 ], [ 71.480700332350395, 51.153714300742429 ], [ 71.480912332684724, 51.153778900759555 ], [ 71.481345633513641, 51.153219100800158 ], [ 71.481358, 51.1531434 ], [ 71.4811459, 51.1530789 ] ] ], [ [ [ 71.4786774, 51.1533347 ], [ 71.478518425757542, 51.153559740112264 ], [ 71.478741825828109, 51.153625240115879 ], [ 71.4789007, 51.1534002 ], [ 71.4786774, 51.1533347 ] ] ], [ [ [ 71.4782944, 51.1538049 ], [ 71.478280125667695, 51.15383594010784 ], [ 71.478306225675937, 51.153843540108269 ], [ 71.4783205, 51.1538126 ], [ 71.4782944, 51.1538049 ] ] ], [ [ [ 71.4803049, 51.1537911 ], [ 71.480219826300669, 51.153923340140011 ], [ 71.480821126490994, 51.154090040149754 ], [ 71.4809062, 51.1539578 ], [ 71.4803049, 51.1537911 ] ] ], [ [ [ 71.4785554, 51.1536089 ], [ 71.4778653, 51.154585099999984 ], [ 71.477862825498534, 51.15460024009964 ], [ 71.47801722554739, 51.154643240102146 ], [ 71.478707425815045, 51.153667040115238 ], [ 71.4787099, 51.1536519 ], [ 71.4785554, 51.1536089 ] ] ], [ [ [ 71.481421326664389, 51.154651240158842 ], [ 71.4815926, 51.1543881 ], [ 71.4811849, 51.1542773 ], [ 71.481033026543031, 51.154506640152619 ], [ 71.48112002656903, 51.154567340153953 ], [ 71.481421326664389, 51.154651240158842 ] ] ], [ [ [ 71.480385, 51.1544363 ], [ 71.4801632, 51.1547532 ], [ 71.480155778732723, 51.154798620412784 ], [ 71.480580579136245, 51.154915620433428 ], [ 71.480802479394768, 51.154598720446053 ], [ 71.4808099, 51.1545533 ], [ 71.480385, 51.1544363 ] ] ], [ [ [ 71.4810192, 51.1545963 ], [ 71.480878126481187, 51.154768140149599 ], [ 71.481514326680667, 51.154989640159833 ], [ 71.4816554, 51.1548178 ], [ 71.4810192, 51.1545963 ] ] ], [ [ [ 71.481528400000016, 51.1551067 ], [ 71.4813796, 51.1550517 ], [ 71.481216826572748, 51.155233940154488 ], [ 71.481369726620542, 51.155290340156945 ], [ 71.481528400000016, 51.1551067 ] ] ], [ [ [ 71.4793494, 51.1550493 ], [ 71.479255525930782, 51.155190440121885 ], [ 71.479880426128418, 51.155368540132031 ], [ 71.4799742, 51.1552274 ], [ 71.4793494, 51.1550493 ] ] ], [ [ [ 71.478875428903095, 51.155862400573014 ], [ 71.479269109141555, 51.155966244648837 ], [ 71.4790912, 51.1560187 ], [ 71.4789719, 51.156179 ], [ 71.478962003169698, 51.156239560461607 ], [ 71.479165903427358, 51.156299260474803 ], [ 71.479507103885666, 51.15623806049792 ], [ 71.479702104185861, 51.155976060512629 ], [ 71.479712, 51.1559155 ], [ 71.4795762, 51.15587570000001 ], [ 71.47955049377758, 51.155883279432587 ], [ 71.4795592, 51.15583 ], [ 71.479095857402086, 51.155707781290786 ], [ 71.47916375329288, 51.155612226482837 ], [ 71.479592430107886, 51.155729400633817 ], [ 71.479668630256882, 51.155615700641086 ], [ 71.479681, 51.15554 ], [ 71.4791837, 51.155403 ], [ 71.478990025266086, 51.155679864949953 ], [ 71.478964, 51.155673 ], [ 71.4788878, 51.1557867 ], [ 71.478875428903095, 51.155862400573014 ] ] ], [ [ [ 71.4813644, 51.1553022 ], [ 71.4812072, 51.1552541 ], [ 71.4808335, 51.155734 ], [ 71.480821132107565, 51.155809700735475 ], [ 71.480978232355255, 51.155857900748167 ], [ 71.481352033069783, 51.155377900783172 ], [ 71.4813644, 51.1553022 ] ] ], [ [ [ 71.4798098, 51.1555873 ], [ 71.479686426047607, 51.155775240128129 ], [ 71.479826726092028, 51.155813840130392 ], [ 71.4799501, 51.1556259 ], [ 71.4798098, 51.1555873 ] ] ], [ [ [ 71.480134026167264, 51.156422440134527 ], [ 71.480185226183849, 51.156427840135365 ], [ 71.480298226223312, 51.156371640137344 ], [ 71.480410731335553, 51.156277200697517 ], [ 71.480795932068389, 51.155799300733463 ], [ 71.4808083, 51.1557236 ], [ 71.4805942, 51.1556557 ], [ 71.480207638184396, 51.156141934585683 ], [ 71.4801813, 51.156133 ], [ 71.4800106, 51.1562561 ], [ 71.480134026167264, 51.156422440134527 ] ] ], [ [ [ 71.4786546, 51.1557705 ], [ 71.4784356, 51.1561236 ], [ 71.47841333053583, 51.156259860957505 ], [ 71.478622431134241, 51.156310860988121 ], [ 71.4788414319151, 51.155957761026116 ], [ 71.478863700000019, 51.155821499999988 ], [ 71.4786546, 51.1557705 ] ] ], [ [ [ 71.4786244, 51.1563156 ], [ 71.4784991, 51.1563608 ], [ 71.478476830633483, 51.156497060963567 ], [ 71.478730914870766, 51.156774090961932 ], [ 71.4786793, 51.156794 ], [ 71.478666928348716, 51.156869700547475 ], [ 71.478803428544566, 51.157003600557751 ], [ 71.479085129028903, 51.156899200582068 ], [ 71.4790975, 51.1568235 ], [ 71.4789567, 51.156687 ], [ 71.478936988218081, 51.156694603356634 ], [ 71.4789423, 51.1566621 ], [ 71.4786244, 51.1563156 ] ] ], [ [ [ 71.479901, 51.1563576 ], [ 71.479265, 51.1565927 ], [ 71.47925262935243, 51.15666840059788 ], [ 71.47935502949754, 51.156777400605527 ], [ 71.479991030590895, 51.156542300660419 ], [ 71.4800034, 51.1564666 ], [ 71.479901, 51.1563576 ] ] ], [ [ [ 71.4817449, 51.1569745 ], [ 71.4805174, 51.1574469 ], [ 71.48050503122812, 51.157522600695252 ], [ 71.480606731373143, 51.157626600702869 ], [ 71.481834233487334, 51.157154200808904 ], [ 71.4818466, 51.1570785 ], [ 71.4817449, 51.1569745 ] ] ], [ [ [ 71.4794515, 51.157809799999988 ], [ 71.479429232897829, 51.157946061085212 ], [ 71.479530833155508, 51.158058161098801 ], [ 71.47983473409441, 51.157949861145937 ], [ 71.479847040947519, 51.157874546719263 ], [ 71.480089934912556, 51.157780561186662 ], [ 71.480093289007058, 51.157760034347639 ], [ 71.480145935065465, 51.15781366119456 ], [ 71.480444635992413, 51.157696361241058 ], [ 71.4804669, 51.1575601 ], [ 71.4803703, 51.1574598 ], [ 71.4800716, 51.157579 ], [ 71.480068428816963, 51.157598407437071 ], [ 71.4800111, 51.1575383 ], [ 71.4797095, 51.1576452 ], [ 71.479696893007528, 51.1577223500746 ], [ 71.4794515, 51.157809799999988 ] ] ], [ [ [ 71.479277, 51.1577685 ], [ 71.4791858, 51.157798799999988 ], [ 71.479242325812834, 51.157887940117284 ], [ 71.479337525845423, 51.157855940118949 ], [ 71.479277, 51.1577685 ] ] ], [ [ [ 71.48143, 51.15771190000001 ], [ 71.4806056, 51.1580136 ], [ 71.480593231253579, 51.158089300698016 ], [ 71.480708131416165, 51.158212800706544 ], [ 71.481532532832816, 51.157911100777639 ], [ 71.4815449, 51.157835399999989 ], [ 71.48143, 51.15771190000001 ] ] ], [ [ [ 71.4802314, 51.157906 ], [ 71.4800763, 51.157963599999988 ], [ 71.4801596261063, 51.15806964013229 ], [ 71.480314826159685, 51.158011940134955 ], [ 71.4802314, 51.157906 ] ] ], [ [ [ 71.4800113, 51.1581435 ], [ 71.4798279, 51.1582186 ], [ 71.479818003950015, 51.158279160505373 ], [ 71.480201304391315, 51.158647260528546 ], [ 71.480384704644791, 51.158572160541254 ], [ 71.4803946, 51.1585116 ], [ 71.4800113, 51.1581435 ] ] ], [ [ [ 71.478765976831312, 51.159014520322813 ], [ 71.4787734, 51.1589691 ], [ 71.4782393, 51.158402 ], [ 71.4780359, 51.158477299999987 ], [ 71.478028476167154, 51.15852272028831 ], [ 71.478132876255984, 51.158633520292994 ], [ 71.478612076672533, 51.159071520314825 ], [ 71.478765976831312, 51.159014520322813 ] ] ], [ [ [ 71.4815439, 51.1585489 ], [ 71.4810309, 51.1589388 ], [ 71.48102347905845, 51.158984220435741 ], [ 71.48126507926581, 51.159226420446636 ], [ 71.481932979906972, 51.159358020479353 ], [ 71.482142380123591, 51.159275820490201 ], [ 71.4821498, 51.1592304 ], [ 71.4821219, 51.158982399999985 ], [ 71.48203070000001, 51.1587417 ], [ 71.4817556, 51.1584659 ], [ 71.4815439, 51.1585489 ] ] ], [ [ [ 71.4774757, 51.1592091 ], [ 71.477914825300942, 51.159694040092241 ], [ 71.478987925639657, 51.160015840109594 ], [ 71.479372425770421, 51.159907840116176 ], [ 71.479915825957264, 51.159707440125558 ], [ 71.4797278, 51.1594891 ], [ 71.478409200000016, 51.1591498 ], [ 71.4776403, 51.1591482 ], [ 71.4774757, 51.1592091 ] ] ], [ [ [ 71.480324426043339, 51.160848540130509 ], [ 71.480865026229722, 51.160637740139862 ], [ 71.4808675, 51.160622600000011 ], [ 71.4807686, 51.1605228 ], [ 71.4802625, 51.1602697 ], [ 71.479902, 51.1604121 ], [ 71.479899525921596, 51.160427240124122 ], [ 71.480324426043339, 51.160848540130509 ] ] ], [ [ [ 71.4795655, 51.1610677 ], [ 71.4791423, 51.160602799999985 ], [ 71.4789307, 51.1606786 ], [ 71.478923276770146, 51.160724020322334 ], [ 71.479346477128189, 51.161188920341225 ], [ 71.479558077346184, 51.161113120352148 ], [ 71.4795655, 51.1610677 ] ] ], [ [ [ 71.4810669, 51.160869 ], [ 71.4807901, 51.1609725 ], [ 71.480785152377678, 51.161002780275943 ], [ 71.480889952437195, 51.16111308027908 ], [ 71.481166852627737, 51.161009580288621 ], [ 71.4811718, 51.1609793 ], [ 71.4810669, 51.160869 ] ] ], [ [ [ 71.4803695, 51.161143799999984 ], [ 71.4802785, 51.1611845 ], [ 71.480276026012675, 51.161199640129141 ], [ 71.480350526034357, 51.16126524013027 ], [ 71.48044152606596, 51.161224640131856 ], [ 71.480444, 51.1612095 ], [ 71.4803695, 51.161143799999984 ] ] ], [ [ [ 71.480279, 51.161293 ], [ 71.4801867, 51.1612162 ], [ 71.4800593, 51.1612764 ], [ 71.480056825936813, 51.161291540125333 ], [ 71.480149025963883, 51.161368340126749 ], [ 71.480276526008268, 51.161308140128973 ], [ 71.480279, 51.161293 ] ] ], [ [ [ 71.4816742, 51.161432199999986 ], [ 71.4811879, 51.1616012 ], [ 71.481182952585939, 51.161631480287149 ], [ 71.481322152664063, 51.161789080291271 ], [ 71.481808452997612, 51.161619980308011 ], [ 71.4818134, 51.1615897 ], [ 71.4816742, 51.161432199999986 ] ] ], [ [ [ 71.4810895, 51.1621205 ], [ 71.4804672, 51.1623292 ], [ 71.480462252051367, 51.162359480260783 ], [ 71.48085965227304, 51.162825580272511 ], [ 71.481481952699269, 51.162616880293903 ], [ 71.4814869, 51.1625866 ], [ 71.4810895, 51.1621205 ] ] ], [ [ [ 71.4793226, 51.1630183 ], [ 71.4791421, 51.162817899999986 ], [ 71.4784145, 51.1623851 ], [ 71.4777453, 51.1626222 ], [ 71.477720551138603, 51.162773600843011 ], [ 71.478372652974485, 51.163497500939926 ], [ 71.479297856150396, 51.16316970109942 ], [ 71.4793226, 51.1630183 ] ] ], [ [ [ 71.4803631, 51.1625259 ], [ 71.4797398, 51.1627597 ], [ 71.47973485153743, 51.162789980235154 ], [ 71.480252851831807, 51.163333180250639 ], [ 71.480876252260884, 51.163099380272172 ], [ 71.4808812, 51.163069099999987 ], [ 71.4803631, 51.1625259 ] ] ], [ [ [ 71.478563125345886, 51.163676940096579 ], [ 71.478849225431574, 51.163873240101019 ], [ 71.478985725478253, 51.163829140103381 ], [ 71.4787272, 51.1634961 ], [ 71.4785907, 51.1635402 ], [ 71.4785061, 51.1635892 ], [ 71.478563125345886, 51.163676940096579 ] ] ], [ [ [ 71.4816398, 51.1636934 ], [ 71.481396, 51.1637723 ], [ 71.481452126286825, 51.163858640144397 ], [ 71.481695926370179, 51.163779740148598 ], [ 71.4816398, 51.1636934 ] ] ], [ [ [ 71.481392326250585, 51.164252840142765 ], [ 71.481434926265379, 51.16423354014352 ], [ 71.481471026279081, 51.164189740144195 ], [ 71.4814563, 51.1641116 ], [ 71.4812856, 51.1639223 ], [ 71.4812348, 51.1638908 ], [ 71.4811184, 51.1638834 ], [ 71.4810362, 51.1639284 ], [ 71.481019626139897, 51.163975140137033 ], [ 71.481034326142719, 51.164023140137196 ], [ 71.481236626200058, 51.164238340140201 ], [ 71.481308826222858, 51.16426014014138 ], [ 71.481392326250585, 51.164252840142765 ] ] ], [ [ [ 71.4806438, 51.1640418 ], [ 71.4804944, 51.1640994 ], [ 71.480554925978737, 51.164178840128947 ], [ 71.480704326030207, 51.164121340131537 ], [ 71.4806438, 51.1640418 ] ] ], [ [ [ 71.4812259, 51.1652853 ], [ 71.4810123, 51.1653522 ], [ 71.481009826078036, 51.165367340134594 ], [ 71.481187826127069, 51.165590540137202 ], [ 71.481401326200015, 51.165523540140867 ], [ 71.48140380000001, 51.165508399999986 ], [ 71.4812259, 51.1652853 ] ] ], [ [ [ 71.482135226402903, 51.166427740151619 ], [ 71.4814705, 51.165622299999988 ], [ 71.4812966, 51.16568 ], [ 71.481961326343381, 51.166485440148627 ], [ 71.482135226402903, 51.166427740151619 ] ] ], [ [ [ 71.4792245, 51.1686603 ], [ 71.4790908, 51.1687167 ], [ 71.479132125317946, 51.168771740097789 ], [ 71.479269725365526, 51.168715340100178 ], [ 71.4792245, 51.1686603 ] ] ], [ [ [ 71.479118625236381, 51.170601540094594 ], [ 71.479197025257534, 51.170710340095731 ], [ 71.479396125325167, 51.170657340099126 ], [ 71.4794137, 51.170576 ], [ 71.4793142, 51.1705212 ], [ 71.4792674, 51.1705183 ], [ 71.4792055, 51.1705335 ], [ 71.479118625236381, 51.170601540094594 ] ] ], [ [ [ 71.479181725238462, 51.171043840094946 ], [ 71.4789672, 51.1706721 ], [ 71.4787885, 51.1707149 ], [ 71.47900302517796, 51.171086540091892 ], [ 71.479181725238462, 51.171043840094946 ] ] ], [ [ [ 71.480023525490495, 51.171623240108012 ], [ 71.479885, 51.1711553 ], [ 71.479825397158564, 51.171162574767152 ], [ 71.4798568, 51.1711032 ], [ 71.4797881, 51.1708826 ], [ 71.47960710000001, 51.1709048 ], [ 71.47942, 51.1709679 ], [ 71.479417525318468, 51.170983040098974 ], [ 71.479490825332618, 51.171218340099799 ], [ 71.479691642772963, 51.171193795870906 ], [ 71.479741462269544, 51.171353713725537 ], [ 71.4793837, 51.171397499999983 ], [ 71.479448025301309, 51.171627140098437 ], [ 71.479750425399388, 51.171656740103423 ], [ 71.480023525490495, 51.171623240108012 ] ] ], [ [ [ 71.4807174, 51.1715556 ], [ 71.4804679, 51.1716447 ], [ 71.480570025664179, 51.171760740116888 ], [ 71.480808725746201, 51.171675040121016 ], [ 71.4807174, 51.1715556 ] ] ], [ [ [ 71.4798921, 51.1717954 ], [ 71.4795452, 51.1719239 ], [ 71.479647325348949, 51.172050040101055 ], [ 71.479994225468289, 51.171921540107043 ], [ 71.4798921, 51.1717954 ] ] ], [ [ [ 71.4801573, 51.1719097 ], [ 71.479684700000021, 51.1720752 ], [ 71.479784125387354, 51.172204740103084 ], [ 71.480256725549566, 51.172039140111224 ], [ 71.4801573, 51.1719097 ] ] ], [ [ [ 71.479556425315096, 51.172144840099378 ], [ 71.4794554, 51.17202970000001 ], [ 71.4792868, 51.1720984 ], [ 71.479387925256873, 51.172213440096463 ], [ 71.479556425315096, 51.172144840099378 ] ] ], [ [ [ 71.48151270000001, 51.1728808 ], [ 71.4813409, 51.1729722 ], [ 71.481338425864877, 51.172987340127698 ], [ 71.481454825899476, 51.173073240129497 ], [ 71.481626625959763, 51.172981840132515 ], [ 71.4816291, 51.1729667 ], [ 71.48151270000001, 51.1728808 ] ] ], [ [ [ 71.4791295, 51.1739008 ], [ 71.4790107, 51.173952 ], [ 71.479097425084063, 51.17404844008864 ], [ 71.479216125125191, 51.173997240090706 ], [ 71.4791295, 51.1739008 ] ] ], [ [ [ 71.482588126207091, 51.174606740145897 ], [ 71.4824246, 51.1744018 ], [ 71.4823195, 51.174447899999983 ], [ 71.482478826169753, 51.174641040144017 ], [ 71.482588126207091, 51.174606740145897 ] ] ], [ [ [ 71.4822184, 51.1745654 ], [ 71.4820435, 51.1746291 ], [ 71.482175626063921, 51.174789440138717 ], [ 71.482350526124051, 51.174725740141739 ], [ 71.4822184, 51.1745654 ] ] ], [ [ [ 71.480718225560977, 51.175363740113518 ], [ 71.4807465, 51.1752992 ], [ 71.4807434, 51.1750781 ], [ 71.4806124, 51.1750788 ], [ 71.480565825514461, 51.175280040111133 ], [ 71.480567025511291, 51.175364540110998 ], [ 71.480718225560977, 51.175363740113518 ] ] ], [ [ [ 71.479696825228004, 51.175303640096594 ], [ 71.4796182, 51.175218 ], [ 71.4795121, 51.1752659 ], [ 71.47959072519113, 51.175351640094753 ], [ 71.479696825228004, 51.175303640096594 ] ] ], [ [ [ 71.479605025194672, 51.175379340094942 ], [ 71.479692225220134, 51.175454440096281 ], [ 71.479726280235681, 51.17543888745309 ], [ 71.479801025253835, 51.175503240098017 ], [ 71.479944525303722, 51.175437740100499 ], [ 71.4798723, 51.175358199999984 ], [ 71.479847095790774, 51.175369696374844 ], [ 71.4797599, 51.1752946 ], [ 71.4796075, 51.1753642 ], [ 71.479605025194672, 51.175379340094942 ] ] ], [ [ [ 71.479749625235385, 51.175539740097093 ], [ 71.4797521, 51.1755246 ], [ 71.4793469, 51.1752317 ], [ 71.4791227, 51.1753535 ], [ 71.479120225035871, 51.175368640086873 ], [ 71.479328625097949, 51.175519340090112 ], [ 71.479651725200981, 51.175593040095372 ], [ 71.479749625235385, 51.175539740097093 ] ] ], [ [ [ 71.4821473, 51.175236 ], [ 71.4817942, 51.1754048 ], [ 71.481791725911222, 51.175419940131306 ], [ 71.481922925949775, 51.175527740133305 ], [ 71.482275926072859, 51.175358940139468 ], [ 71.4822784, 51.1753438 ], [ 71.4821473, 51.175236 ] ] ], [ [ [ 71.4807813, 51.175457 ], [ 71.480692125545815, 51.175520140112837 ], [ 71.480809025580712, 51.175603140114646 ], [ 71.480898300000021, 51.17554 ], [ 71.4807813, 51.175457 ] ] ], [ [ [ 71.48018260000002, 51.1756011 ], [ 71.4801202, 51.1755557 ], [ 71.4800046, 51.175537 ], [ 71.479920225289035, 51.175596440099831 ], [ 71.480046625326693, 51.175688340101807 ], [ 71.480180125373593, 51.175616240104148 ], [ 71.48018260000002, 51.1756011 ] ] ], [ [ [ 71.4797792, 51.1757112 ], [ 71.4796978, 51.1756642 ], [ 71.479586125172673, 51.175753640094023 ], [ 71.479667525197428, 51.175800640095304 ], [ 71.4797792, 51.1757112 ] ] ], [ [ [ 71.4800963, 51.175692 ], [ 71.4799851, 51.1757513 ], [ 71.47998262530237, 51.175766440100602 ], [ 71.480059025325104, 51.175822840101794 ], [ 71.480170225364105, 51.175763540103745 ], [ 71.4801727, 51.1757484 ], [ 71.4800963, 51.175692 ] ] ], [ [ [ 71.4812139, 51.175674499999985 ], [ 71.4811037, 51.1757347 ], [ 71.481101225670514, 51.175749840119259 ], [ 71.481264425719161, 51.175867440121785 ], [ 71.481374725757931, 51.175807240123746 ], [ 71.4813772, 51.1757921 ], [ 71.4812139, 51.175674499999985 ] ] ], [ [ [ 71.480471900000012, 51.1757553 ], [ 71.4803888, 51.175699 ], [ 71.4801957, 51.175811 ], [ 71.480193225369035, 51.175826140104029 ], [ 71.480276325393959, 51.175882440105319 ], [ 71.480469425462118, 51.1757704401087 ], [ 71.480471900000012, 51.1757553 ] ] ], [ [ [ 71.4798592, 51.1757983 ], [ 71.4797516, 51.1758707 ], [ 71.479749125220636, 51.175885840096512 ], [ 71.479830625245398, 51.175933540097809 ], [ 71.479938225283789, 51.17586114009972 ], [ 71.4799407, 51.175846 ], [ 71.4798592, 51.1757983 ] ] ], [ [ [ 71.4818229, 51.1757132 ], [ 71.4817018, 51.1757828 ], [ 71.481699325864952, 51.175797940129158 ], [ 71.482014825959482, 51.17601374013406 ], [ 71.482135926002201, 51.175944140136195 ], [ 71.482138400000011, 51.175929 ], [ 71.4818229, 51.1757132 ] ] ], [ [ [ 71.480327925404453, 51.176035740105924 ], [ 71.480393625424057, 51.176082340106959 ], [ 71.480617725502924, 51.17595794011087 ], [ 71.4806072, 51.1758576 ], [ 71.4805602, 51.1758243 ], [ 71.4804145, 51.17590520000001 ], [ 71.480327925404453, 51.176035740105924 ] ] ], [ [ [ 71.4800327, 51.1758999 ], [ 71.479930325276527, 51.175971740099406 ], [ 71.480047025311464, 51.176052540101225 ], [ 71.4801494, 51.1759806 ], [ 71.4800327, 51.1758999 ] ] ], [ [ [ 71.4795166, 51.1759496 ], [ 71.4793887, 51.176027899999987 ], [ 71.4793862250948, 51.176043040090214 ], [ 71.479470925120324, 51.176097440091539 ], [ 71.479598925165675, 51.176019240093808 ], [ 71.4796014, 51.1760041 ], [ 71.4795166, 51.1759496 ] ] ], [ [ [ 71.4826082, 51.1758771 ], [ 71.482211, 51.1759947 ], [ 71.482250326034674, 51.176065240137902 ], [ 71.482647426170075, 51.175947640144692 ], [ 71.4826082, 51.1758771 ] ] ], [ [ [ 71.4792435, 51.175943699999976 ], [ 71.4790001, 51.1760797 ], [ 71.478997624964961, 51.176094840083657 ], [ 71.479104424996876, 51.176169940085316 ], [ 71.47934782508257, 51.176034040089583 ], [ 71.4793503, 51.1760189 ], [ 71.4792435, 51.175943699999976 ] ] ], [ [ [ 71.4815389, 51.1759338 ], [ 71.4813996, 51.1759951 ], [ 71.481485325782387, 51.17608904012512 ], [ 71.481624625830719, 51.176027740127552 ], [ 71.4815389, 51.1759338 ] ] ], [ [ [ 71.4816779, 51.1760375 ], [ 71.4815654, 51.1760984 ], [ 71.481562925806827, 51.17611354012638 ], [ 71.481649025832496, 51.176176040127707 ], [ 71.481761525872002, 51.176115240129683 ], [ 71.481764, 51.1761001 ], [ 71.4816779, 51.1760375 ] ] ], [ [ [ 71.479518, 51.1761444 ], [ 71.4794214, 51.1760872 ], [ 71.479263825047767, 51.176205340087918 ], [ 71.479360325077053, 51.176262540089439 ], [ 71.479518, 51.1761444 ] ] ], [ [ [ 71.4808013, 51.1760758 ], [ 71.4806874, 51.176139 ], [ 71.480684925516712, 51.176154140111677 ], [ 71.480809725553996, 51.176242540113627 ], [ 71.480923625594073, 51.176179340115617 ], [ 71.4809261, 51.1761642 ], [ 71.4808013, 51.1760758 ] ] ], [ [ [ 71.4796952, 51.1760712 ], [ 71.4795504, 51.1761486 ], [ 71.479547925142825, 51.176163740092726 ], [ 71.479727825196335, 51.176296140095509 ], [ 71.479872625247168, 51.176218740098044 ], [ 71.4798751, 51.1762036 ], [ 71.4796952, 51.1760712 ] ] ], [ [ [ 71.4804264, 51.176224199999986 ], [ 71.4802913, 51.1761285 ], [ 71.4801696, 51.176196 ], [ 71.480167125344224, 51.176211140102978 ], [ 71.480302225384577, 51.176306840105056 ], [ 71.480423925427402, 51.176239340107188 ], [ 71.4804264, 51.176224199999986 ] ] ], [ [ [ 71.4799265, 51.1762236 ], [ 71.479792425216672, 51.176317140096536 ], [ 71.479995225277648, 51.176451140099701 ], [ 71.4801294, 51.1763576 ], [ 71.4799265, 51.1762236 ] ] ], [ [ [ 71.4806193, 51.1762501 ], [ 71.4804728, 51.176331399999988 ], [ 71.48047032543812, 51.176346540107787 ], [ 71.48057782547022, 51.176422740109466 ], [ 71.480724425521785, 51.176341440112026 ], [ 71.4807269, 51.1763263 ], [ 71.4806193, 51.1762501 ] ] ], [ [ [ 71.4797629, 51.1764747 ], [ 71.4796006, 51.176372 ], [ 71.4795054, 51.1764311 ], [ 71.479502925116137, 51.176446240091529 ], [ 71.479665225165107, 51.176548940094051 ], [ 71.4797629, 51.1764747 ] ] ], [ [ [ 71.4821104, 51.1763266 ], [ 71.4819705, 51.1763827 ], [ 71.482074025958383, 51.176501640134255 ], [ 71.482213826006671, 51.176445540136676 ], [ 71.4821104, 51.1763266 ] ] ], [ [ [ 71.480199, 51.1763761 ], [ 71.480098825311643, 51.176451840101421 ], [ 71.480254825358728, 51.176550640103869 ], [ 71.480355, 51.1764749 ], [ 71.480199, 51.1763761 ] ] ], [ [ [ 71.481351825719869, 51.176531940122182 ], [ 71.481480025760447, 51.176568140124246 ], [ 71.481562825790121, 51.176509440125741 ], [ 71.4815735, 51.1764499 ], [ 71.4815035, 51.1764112 ], [ 71.4813921, 51.1763984 ], [ 71.4812819, 51.1764767 ], [ 71.481279425697764, 51.176491840121038 ], [ 71.481351825719869, 51.176531940122182 ] ] ], [ [ [ 71.4819215, 51.1764568 ], [ 71.48182, 51.1765149 ], [ 71.481817525872913, 51.176530040129926 ], [ 71.481892725895449, 51.176581640131111 ], [ 71.481994225931231, 51.176523540132898 ], [ 71.4819967, 51.17650840000001 ], [ 71.4819215, 51.1764568 ] ] ], [ [ [ 71.480525125438774, 51.176757940108033 ], [ 71.4806581, 51.1766618 ], [ 71.4804807, 51.176549499999986 ], [ 71.480383, 51.1766101 ], [ 71.480430925410332, 51.176698340106569 ], [ 71.480525125438774, 51.176757940108033 ] ] ], [ [ [ 71.4798081, 51.1766055 ], [ 71.4797115, 51.1766593 ], [ 71.479709025174202, 51.176674440094573 ], [ 71.479891425228729, 51.176802240097409 ], [ 71.4799851, 51.17673 ], [ 71.4798081, 51.1766055 ] ] ], [ [ [ 71.4804523, 51.1767272 ], [ 71.480289, 51.1766194 ], [ 71.4799801, 51.1768034 ], [ 71.479977625256353, 51.176818540098807 ], [ 71.480140925305463, 51.176926340101367 ], [ 71.480449825414681, 51.176742340106813 ], [ 71.4804523, 51.1767272 ] ] ], [ [ [ 71.481734325831326, 51.176868040127978 ], [ 71.4818749, 51.1767679 ], [ 71.481763900000018, 51.1766971 ], [ 71.481601, 51.1766944 ], [ 71.481515325763922, 51.17676064012452 ], [ 71.481624425796824, 51.176830340126244 ], [ 71.481734325831326, 51.176868040127978 ] ] ], [ [ [ 71.4806388, 51.1767313 ], [ 71.480508425430344, 51.176827640107632 ], [ 71.480632625467891, 51.176904540109604 ], [ 71.4807631, 51.176808199999989 ], [ 71.4806388, 51.1767313 ] ] ], [ [ [ 71.4821769, 51.176863 ], [ 71.4820661, 51.176776 ], [ 71.4819428, 51.1768376 ], [ 71.481940325899657, 51.176852740131444 ], [ 71.482051125932387, 51.176939840133159 ], [ 71.482174425975501, 51.176878140135329 ], [ 71.4821769, 51.176863 ] ] ], [ [ [ 71.4808204, 51.176813399999986 ], [ 71.4806784, 51.1768976 ], [ 71.480675925481791, 51.176912740110296 ], [ 71.480776725512072, 51.176979540111866 ], [ 71.480918725562248, 51.176895440114372 ], [ 71.4809212, 51.1768803 ], [ 71.4808204, 51.176813399999986 ] ] ], [ [ [ 71.4804581, 51.1770373 ], [ 71.4804801, 51.1768378 ], [ 71.4804315, 51.1768055 ], [ 71.4802131, 51.1769346 ], [ 71.480210625327373, 51.176949740102486 ], [ 71.480407625386547, 51.177080740105552 ], [ 71.4804581, 51.1770373 ] ] ], [ [ [ 71.481904, 51.17696620000001 ], [ 71.4818316, 51.1769132 ], [ 71.4816803, 51.1769944 ], [ 71.481677825806813, 51.177009540126818 ], [ 71.481750125828327, 51.177062540127942 ], [ 71.481901525881497, 51.176981340130617 ], [ 71.481904, 51.17696620000001 ] ] ], [ [ [ 71.4811307, 51.1769737 ], [ 71.481012725585671, 51.177072940115657 ], [ 71.481109125615149, 51.17712494011716 ], [ 71.4812271, 51.1770257 ], [ 71.4811307, 51.1769737 ] ] ], [ [ [ 71.4807652, 51.1770118 ], [ 71.4806264, 51.1770969 ], [ 71.480623925456285, 51.177112040109115 ], [ 71.480730725488485, 51.177180640110784 ], [ 71.480869625537693, 51.177095540113228 ], [ 71.4808721, 51.1770804 ], [ 71.4807652, 51.1770118 ] ] ], [ [ [ 71.4809401, 51.177095 ], [ 71.4808166, 51.177163799999988 ], [ 71.480814125515948, 51.177178940112171 ], [ 71.480899925541593, 51.177239440113496 ], [ 71.481023525585087, 51.177170640115669 ], [ 71.481026, 51.1771555 ], [ 71.4809401, 51.177095 ] ] ], [ [ [ 71.4801372, 51.1772552 ], [ 71.4799831, 51.1773233 ], [ 71.479975675701908, 51.17736872029387 ], [ 71.480123475830936, 51.177500120300621 ], [ 71.480277575991408, 51.177432020308636 ], [ 71.480285, 51.1773866 ], [ 71.4801372, 51.1772552 ] ] ], [ [ [ 71.4795582, 51.177462199999987 ], [ 71.479398, 51.1775209 ], [ 71.479395525034874, 51.177536040087965 ], [ 71.479633825102368, 51.177791940091495 ], [ 71.479794025157474, 51.177733340094285 ], [ 71.4797965, 51.1777182 ], [ 71.4795582, 51.177462199999987 ] ] ], [ [ [ 71.479614025095174, 51.177808640091158 ], [ 71.479365, 51.1775348 ], [ 71.4792359, 51.1775841 ], [ 71.479367425013123, 51.177832840087014 ], [ 71.479417025027274, 51.177883940087739 ], [ 71.479614025095174, 51.177808640091158 ] ] ], [ [ [ 71.4811546, 51.1438881 ], [ 71.4810575, 51.1438325 ], [ 71.480942426958592, 51.143925040168263 ], [ 71.48103942698809, 51.143980640169794 ], [ 71.4811546, 51.1438881 ] ] ], [ [ [ 71.4808539, 51.1439532 ], [ 71.4807198, 51.1440441 ], [ 71.480717326879088, 51.144059240164317 ], [ 71.480819526910125, 51.144118540165913 ], [ 71.480953626957955, 51.144027740168283 ], [ 71.4809561, 51.1440126 ], [ 71.4808539, 51.1439532 ] ] ], [ [ [ 71.4815612, 51.144064 ], [ 71.481379527090766, 51.144192640175099 ], [ 71.481547527141601, 51.144294340177744 ], [ 71.4817308, 51.1441658 ], [ 71.4815612, 51.144064 ] ] ], [ [ [ 71.481423727092391, 51.144498740175351 ], [ 71.4814758, 51.1444569 ], [ 71.4812817, 51.1443321 ], [ 71.481212527027665, 51.144390040172027 ], [ 71.481381627078619, 51.144497740174657 ], [ 71.481423727092391, 51.144498740175351 ] ] ], [ [ [ 71.4820614, 51.1443487 ], [ 71.481979427275689, 51.144475540184629 ], [ 71.482127727322634, 51.14451644018704 ], [ 71.4822092, 51.1443902 ], [ 71.4820614, 51.1443487 ] ] ], [ [ [ 71.481177827008352, 51.144578440171117 ], [ 71.4812604, 51.14451540000001 ], [ 71.4812166, 51.1444545 ], [ 71.4810721, 51.1443629 ], [ 71.480938926935011, 51.14445864016735 ], [ 71.481081326977886, 51.144549940169568 ], [ 71.481177827008352, 51.144578440171117 ] ] ], [ [ [ 71.482274927370753, 51.144520740189471 ], [ 71.482316527382309, 51.144570640190089 ], [ 71.48250432744203, 51.144615740193139 ], [ 71.4825788, 51.1444865 ], [ 71.4823905, 51.144439 ], [ 71.4823142, 51.1444467 ], [ 71.482274927370753, 51.144520740189471 ] ] ], [ [ [ 71.482792827532293, 51.144720540197774 ], [ 71.4828924, 51.1445725 ], [ 71.4826428, 51.1445003 ], [ 71.482543727453645, 51.144647240193756 ], [ 71.482792827532293, 51.144720540197774 ] ] ], [ [ [ 71.4829633, 51.1446438 ], [ 71.482884627559869, 51.144780740199202 ], [ 71.483086227623872, 51.144831940202472 ], [ 71.4831687, 51.144695 ], [ 71.4829633, 51.1446438 ] ] ], [ [ [ 71.483428127731869, 51.144931640208007 ], [ 71.483533, 51.1447633 ], [ 71.483486, 51.1447151 ], [ 71.4833687, 51.1446853 ], [ 71.4832764, 51.1446987 ], [ 71.483175327651665, 51.144866440203906 ], [ 71.483428127731869, 51.144931640208007 ] ] ], [ [ [ 71.4835788, 51.1447663 ], [ 71.483497927755437, 51.144915640209184 ], [ 71.483687827815828, 51.144961440212292 ], [ 71.4837703, 51.1448121 ], [ 71.4835788, 51.1447663 ] ] ], [ [ [ 71.4809496, 51.14485950000001 ], [ 71.480831326879155, 51.144946940164758 ], [ 71.481011126933538, 51.145056340167557 ], [ 71.4811288, 51.14497 ], [ 71.4809496, 51.14485950000001 ] ] ], [ [ [ 71.4826682, 51.1449697 ], [ 71.4826031, 51.144836199999986 ], [ 71.4824406, 51.14479020000001 ], [ 71.482312827363884, 51.144979640189362 ], [ 71.48260922745763, 51.145063540194158 ], [ 71.4826682, 51.1449697 ] ] ], [ [ [ 71.484002527912949, 51.145107640217269 ], [ 71.4840935, 51.144965699999986 ], [ 71.4840285, 51.1449212 ], [ 71.4838759, 51.1449068 ], [ 71.483787627844777, 51.145051440213777 ], [ 71.484002527912949, 51.145107640217269 ] ] ], [ [ [ 71.4828832, 51.1448837 ], [ 71.482698327483746, 51.145137740195516 ], [ 71.482879427540865, 51.145192140198454 ], [ 71.4830643, 51.1449381 ], [ 71.4828832, 51.1448837 ] ] ], [ [ [ 71.48151192709301, 51.145171440175723 ], [ 71.4814856, 51.1450442 ], [ 71.4813875, 51.1450181 ], [ 71.481222326994185, 51.145262440170761 ], [ 71.481407927052885, 51.145314340173755 ], [ 71.48151192709301, 51.145171440175723 ] ] ], [ [ [ 71.484396928037697, 51.145218340223636 ], [ 71.4844901, 51.1450771 ], [ 71.4844261, 51.1450336 ], [ 71.4842693, 51.1450178 ], [ 71.484180427969065, 51.145161140220139 ], [ 71.484396928037697, 51.145218340223636 ] ] ], [ [ [ 71.485039528243405, 51.145341240234139 ], [ 71.4851391, 51.1451903 ], [ 71.4849194, 51.1451287 ], [ 71.4848777, 51.1451548 ], [ 71.484875228191399, 51.145295740231468 ], [ 71.485039528243405, 51.145341240234139 ] ] ], [ [ [ 71.4817915, 51.1452228 ], [ 71.48167932713865, 51.145392640178166 ], [ 71.481833927187623, 51.145434540180659 ], [ 71.481945, 51.1452656 ], [ 71.4817915, 51.1452228 ] ] ], [ [ [ 71.4823175, 51.1452797 ], [ 71.4821276, 51.1452251 ], [ 71.481993227240451, 51.145421140183323 ], [ 71.482183027300437, 51.145475640186412 ], [ 71.4823175, 51.1452797 ] ] ], [ [ [ 71.483242300000015, 51.1452998 ], [ 71.483137927613868, 51.145473140202292 ], [ 71.483356827683366, 51.145528640205853 ], [ 71.4834613, 51.1453554 ], [ 71.483242300000015, 51.1452998 ] ] ], [ [ [ 71.484608628094563, 51.145517940226668 ], [ 71.484670428118577, 51.14542964022786 ], [ 71.4846719, 51.1453596 ], [ 71.4844073, 51.145284599999989 ], [ 71.484273627986028, 51.145485140221176 ], [ 71.484537128069292, 51.145561440225421 ], [ 71.484608628094563, 51.145517940226668 ] ] ], [ [ [ 71.4823458, 51.1453775 ], [ 71.482251827321164, 51.145519440187485 ], [ 71.482453727385021, 51.145576840190749 ], [ 71.4825484, 51.1454334 ], [ 71.4823458, 51.1453775 ] ] ], [ [ [ 71.4837187, 51.1453655 ], [ 71.483635827776894, 51.145481540210561 ], [ 71.484048827907742, 51.145592640217259 ], [ 71.4841264, 51.145483299999988 ], [ 71.4837187, 51.1453655 ] ] ], [ [ [ 71.4826709, 51.1454872 ], [ 71.482583927426091, 51.145615940192855 ], [ 71.482724227470456, 51.145655740195117 ], [ 71.4828127, 51.145527 ], [ 71.4826709, 51.1454872 ] ] ], [ [ [ 71.4811151, 51.1455276 ], [ 71.481034826916158, 51.145654540167008 ], [ 71.481220426974957, 51.145704740170011 ], [ 71.4812975, 51.1455785 ], [ 71.4811151, 51.1455276 ] ] ], [ [ [ 71.4815952, 51.1456742 ], [ 71.4814127, 51.1456187 ], [ 71.481333427010426, 51.145742840171835 ], [ 71.481516927068427, 51.145795040174789 ], [ 71.4815952, 51.1456742 ] ] ], [ [ [ 71.483346, 51.145694 ], [ 71.483345027669827, 51.145758840205275 ], [ 71.483473227710547, 51.145790540207358 ], [ 71.483529127730321, 51.145756940208344 ], [ 71.483577327749444, 51.145677940209275 ], [ 71.4835715, 51.1456221 ], [ 71.4834524, 51.1455947 ], [ 71.4833988, 51.1456169 ], [ 71.483346, 51.145694 ] ] ], [ [ [ 71.4830488, 51.1456235 ], [ 71.482977727549823, 51.145746540199191 ], [ 71.483158727607218, 51.145793840202131 ], [ 71.4832314, 51.1456704 ], [ 71.4830488, 51.1456235 ] ] ], [ [ [ 71.4844041, 51.1457156 ], [ 71.484397428012699, 51.145817040222681 ], [ 71.484617128082434, 51.145873240226244 ], [ 71.484699228114692, 51.145746840227808 ], [ 71.4847028, 51.1456641 ], [ 71.4845225, 51.1456152 ], [ 71.4844351, 51.1456661 ], [ 71.4844041, 51.1457156 ] ] ], [ [ [ 71.4818266, 51.1457411 ], [ 71.481753727143527, 51.145857340178644 ], [ 71.481923327197293, 51.145902140181377 ], [ 71.4819899, 51.1457866 ], [ 71.4818266, 51.1457411 ] ] ], [ [ [ 71.483789327810143, 51.145888940212458 ], [ 71.483876827839339, 51.145877140213933 ], [ 71.4839623, 51.1457532 ], [ 71.4837511, 51.1456921 ], [ 71.483668627773525, 51.145817540210558 ], [ 71.483703327782948, 51.145864340211062 ], [ 71.483789327810143, 51.145888940212458 ] ] ], [ [ [ 71.482271, 51.145877 ], [ 71.482133200000021, 51.1458402 ], [ 71.482056927238517, 51.1459640401835 ], [ 71.482194727282192, 51.146000840185756 ], [ 71.482271, 51.145877 ] ] ], [ [ [ 71.4825872, 51.1459265 ], [ 71.4824902, 51.1458984 ], [ 71.4824037, 51.145899 ], [ 71.482281827307375, 51.146081540187062 ], [ 71.482456727362788, 51.146128340189897 ], [ 71.4825872, 51.1459265 ] ] ], [ [ [ 71.4829808, 51.1460302 ], [ 71.4827579, 51.145988099999983 ], [ 71.482664727430631, 51.146138340193346 ], [ 71.482878127498267, 51.146195240196796 ], [ 71.4829808, 51.1460302 ] ] ], [ [ [ 71.4843812, 51.1459771 ], [ 71.484283727962378, 51.146126740220289 ], [ 71.484457128017311, 51.146173240223106 ], [ 71.4845519, 51.1460236 ], [ 71.4843812, 51.1459771 ] ] ], [ [ [ 71.483171427591287, 51.146271540201553 ], [ 71.4832689, 51.1461152 ], [ 71.4831206, 51.1460751 ], [ 71.4830459, 51.1461286 ], [ 71.48298692753275, 51.146224040198561 ], [ 71.483171427591287, 51.146271540201553 ] ] ], [ [ [ 71.483319727638616, 51.146303640203968 ], [ 71.4834321, 51.146137299999985 ], [ 71.4833627, 51.1461159 ], [ 71.4832955, 51.1461206 ], [ 71.483198127600176, 51.146268840202012 ], [ 71.483319727638616, 51.146303640203968 ] ] ], [ [ [ 71.4834843, 51.1461928 ], [ 71.483399727663667, 51.146332440205256 ], [ 71.483596027725909, 51.146383940208416 ], [ 71.4836796, 51.1462444 ], [ 71.4834843, 51.1461928 ] ] ], [ [ [ 71.4830375, 51.146338 ], [ 71.4829034, 51.146301 ], [ 71.482841827477728, 51.146400340195882 ], [ 71.482970627518426, 51.146437340197934 ], [ 71.4830375, 51.146338 ] ] ], [ [ [ 71.482514627360871, 51.146625740190061 ], [ 71.4826888, 51.1463717 ], [ 71.482619, 51.1463448 ], [ 71.4823186, 51.1464222 ], [ 71.482230327271139, 51.146541640185447 ], [ 71.482514627360871, 51.146625740190061 ] ] ], [ [ [ 71.4839398, 51.1463454 ], [ 71.48381252779005, 51.146547940211775 ], [ 71.484199827912761, 51.146652340218047 ], [ 71.4843303, 51.1464511 ], [ 71.4839398, 51.1463454 ] ] ], [ [ [ 71.481157826913545, 51.146675640167395 ], [ 71.481242926940538, 51.146698140168773 ], [ 71.481311926964025, 51.146678040169959 ], [ 71.4813864, 51.1465503 ], [ 71.4812046, 51.1465058 ], [ 71.4811322, 51.1466155 ], [ 71.481157826913545, 51.146675640167395 ] ] ], [ [ [ 71.4814886, 51.146563499999985 ], [ 71.481385826985829, 51.14673624017108 ], [ 71.481546527036869, 51.146776440173724 ], [ 71.4816523, 51.1466042 ], [ 71.4814886, 51.146563499999985 ] ] ], [ [ [ 71.481918427154568, 51.146879640179733 ], [ 71.4820114, 51.146718299999989 ], [ 71.4819276, 51.146697899999985 ], [ 71.4818062, 51.146706399999985 ], [ 71.481729827094625, 51.146833240176647 ], [ 71.481918427154568, 51.146879640179733 ] ] ], [ [ [ 71.4840131278455, 51.146794840214724 ], [ 71.483926, 51.1467001 ], [ 71.4837606, 51.146662599999985 ], [ 71.483684527737196, 51.146806240209209 ], [ 71.483970427828353, 51.146869140213873 ], [ 71.4840131278455, 51.146794840214724 ] ] ], [ [ [ 71.4822414, 51.1468227 ], [ 71.482153727228535, 51.146956640183504 ], [ 71.482321127281566, 51.147002040186223 ], [ 71.4824074, 51.1468691 ], [ 71.4822414, 51.1468227 ] ] ], [ [ [ 71.482949127477568, 51.147241640196292 ], [ 71.4832681, 51.1467722 ], [ 71.4828133, 51.1466475 ], [ 71.482674227403464, 51.146858640192328 ], [ 71.482753527415625, 51.147187940193113 ], [ 71.482949127477568, 51.147241640196292 ] ] ], [ [ [ 71.48382642776825, 51.147174940210988 ], [ 71.4839185, 51.1469751 ], [ 71.4836646, 51.1469055 ], [ 71.483542727678497, 51.147095340206398 ], [ 71.48382642776825, 51.147174940210988 ] ] ], [ [ [ 71.4835324, 51.1471514 ], [ 71.483413627626774, 51.14731784020389 ], [ 71.483602927686462, 51.147375740206947 ], [ 71.4837196, 51.147208 ], [ 71.4835324, 51.1471514 ] ] ], [ [ [ 71.4811662, 51.1471087 ], [ 71.4810333, 51.147293 ], [ 71.480993729350445, 51.147535242620123 ], [ 71.481290630852612, 51.147619442697007 ], [ 71.48142353167438, 51.147435242737181 ], [ 71.4814631, 51.147193 ], [ 71.4811662, 51.1471087 ] ] ], [ [ [ 71.484558883975382, 51.14760922066759 ], [ 71.484871684272335, 51.147696320682776 ], [ 71.485199884653909, 51.147232620701381 ], [ 71.4852073, 51.147187199999983 ], [ 71.4848945, 51.1471001 ], [ 71.4845461, 51.1475002 ], [ 71.484558883975382, 51.14760922066759 ] ] ], [ [ [ 71.482800246494094, 51.148341561730561 ], [ 71.483166447770643, 51.147826361792895 ], [ 71.4831887, 51.1476901 ], [ 71.4818939, 51.147327899999986 ], [ 71.4816511, 51.1476695 ], [ 71.481628843237274, 51.147805761562935 ], [ 71.482578645863072, 51.148279561698288 ], [ 71.482800246494094, 51.148341561730561 ] ] ], [ [ [ 71.4843408, 51.1479834 ], [ 71.484165427834597, 51.148242940214885 ], [ 71.484609627975161, 51.148366640222079 ], [ 71.484785, 51.148107 ], [ 71.4843408, 51.1479834 ] ] ], [ [ [ 71.481835800000013, 51.1482076 ], [ 71.4817393, 51.148183 ], [ 71.481667427012965, 51.148287140173252 ], [ 71.481770027045542, 51.148313640174919 ], [ 71.481835800000013, 51.1482076 ] ] ], [ [ [ 71.482214244471294, 51.149112961631538 ], [ 71.482568345703129, 51.148621661691728 ], [ 71.4825906, 51.1484854 ], [ 71.4819622, 51.1483072 ], [ 71.481553085156548, 51.148373310685614 ], [ 71.4815157, 51.1483512 ], [ 71.481495304181777, 51.148382647640098 ], [ 71.481448988484843, 51.148390131871949 ], [ 71.481624443095626, 51.148145561557321 ], [ 71.4816467, 51.1480093 ], [ 71.4814932, 51.147966 ], [ 71.481013, 51.1486297 ], [ 71.480990740989071, 51.148765961453314 ], [ 71.482214244471294, 51.149112961631538 ] ] ], [ [ [ 71.483569175920593, 51.149512302032115 ], [ 71.484118077629461, 51.149732302119851 ], [ 71.484880380231232, 51.149494302250488 ], [ 71.485374982001375, 51.149144602338417 ], [ 71.4853997, 51.1489932 ], [ 71.4853065, 51.1488729 ], [ 71.483729882549895, 51.149194791840465 ], [ 71.484080567909658, 51.148806526030903 ], [ 71.484156978128453, 51.148849102140652 ], [ 71.484320778645738, 51.148897302167121 ], [ 71.484601679533498, 51.14897830221252 ], [ 71.484671779763573, 51.14897830222418 ], [ 71.484791480227003, 51.148810302246801 ], [ 71.4848162, 51.1486589 ], [ 71.4842259, 51.1484928 ], [ 71.484181546532582, 51.148553001999176 ], [ 71.4838828, 51.1484646 ], [ 71.4838191, 51.1484867 ], [ 71.4834124, 51.1490854 ], [ 71.48338767544081, 51.149236802006413 ], [ 71.483397875439493, 51.149319502006747 ], [ 71.483554028427918, 51.149372176612772 ], [ 71.483569175920593, 51.149512302032115 ] ] ], [ [ [ 71.4841076, 51.1488765 ], [ 71.484005127749398, 51.149017840210981 ], [ 71.484115627784249, 51.149051440212759 ], [ 71.4842193, 51.1489093 ], [ 71.4841076, 51.1488765 ] ] ], [ [ [ 71.4811018, 51.14936560000001 ], [ 71.481103433852553, 51.149719800808384 ], [ 71.48159063465387, 51.149710900849016 ], [ 71.4816575, 51.1494959 ], [ 71.4815904, 51.1493458 ], [ 71.4812152, 51.149347 ], [ 71.4811018, 51.14936560000001 ] ] ], [ [ [ 71.482946327355648, 51.15011824019156 ], [ 71.483087427400477, 51.150153240193866 ], [ 71.483247827457348, 51.150052940196687 ], [ 71.483298, 51.149965599999987 ], [ 71.4830018, 51.1498889 ], [ 71.4829529, 51.1499601 ], [ 71.482946327355648, 51.15011824019156 ] ] ], [ [ [ 71.4836356, 51.1500834 ], [ 71.4835605, 51.1501171 ], [ 71.483558027555802, 51.150132240201735 ], [ 71.483659927585435, 51.150223040203258 ], [ 71.48372972760933, 51.150199540204468 ], [ 71.4837322, 51.1501844 ], [ 71.4836356, 51.1500834 ] ] ], [ [ [ 71.4832819, 51.1501373 ], [ 71.483218327439943, 51.150236340195896 ], [ 71.483784927619084, 51.15039844020508 ], [ 71.4838484, 51.1502994 ], [ 71.4832819, 51.1501373 ] ] ], [ [ [ 71.483147954780534, 51.150885580387424 ], [ 71.484095855382193, 51.151129580418171 ], [ 71.484242, 51.1509097 ], [ 71.482781, 51.1504849 ], [ 71.48261985444681, 51.150732180370348 ], [ 71.483147954780534, 51.150885580387424 ] ] ], [ [ [ 71.483252837010326, 51.151475200973003 ], [ 71.483340537176275, 51.151370400981151 ], [ 71.4833529, 51.1512947 ], [ 71.4827907, 51.1511143 ], [ 71.4825096, 51.1510806 ], [ 71.4823379, 51.15111970000001 ], [ 71.482162, 51.1511749 ], [ 71.4820611, 51.1512287 ], [ 71.4819002, 51.1514373 ], [ 71.481891797988752, 51.151488737731377 ], [ 71.4818655, 51.151481 ], [ 71.481592300000017, 51.1518462 ], [ 71.481579934171108, 51.151921900830196 ], [ 71.481786234496866, 51.151982700846858 ], [ 71.482059435022038, 51.151617400872553 ], [ 71.482068379884353, 51.151562638655498 ], [ 71.483252837010326, 51.151475200973003 ] ] ], [ [ [ 71.4835052, 51.1514062 ], [ 71.483460527467216, 51.151477840197927 ], [ 71.483512027483485, 51.15149294019875 ], [ 71.4835567, 51.1514214 ], [ 71.4835052, 51.1514062 ] ] ], [ [ [ 71.4828087, 51.1515743 ], [ 71.4827376, 51.1515508 ], [ 71.482697027211032, 51.151611140185004 ], [ 71.482768127233371, 51.151634640186145 ], [ 71.4828087, 51.1515743 ] ] ], [ [ [ 71.4836396, 51.1513775 ], [ 71.4835566, 51.1514833 ], [ 71.48354423747088, 51.151559000996585 ], [ 71.484610639151697, 51.151888001082597 ], [ 71.484693639310137, 51.151782201090349 ], [ 71.484706, 51.1517065 ], [ 71.4836396, 51.1513775 ] ] ], [ [ [ 71.4824155, 51.1517602 ], [ 71.4823273, 51.151875 ], [ 71.482305043642071, 51.152011261602816 ], [ 71.482807745069437, 51.152163261675888 ], [ 71.482895945373414, 51.152048461690782 ], [ 71.4829182, 51.1519122 ], [ 71.4824155, 51.1517602 ] ] ], [ [ [ 71.4839672, 51.1518325 ], [ 71.4836132, 51.1522766 ], [ 71.483600837396935, 51.152352300994849 ], [ 71.483772437667213, 51.152406201008667 ], [ 71.484126438341548, 51.151962001041738 ], [ 71.4841388, 51.1518863 ], [ 71.4839672, 51.1518325 ] ] ], [ [ [ 71.4829549, 51.152011799999983 ], [ 71.4828638, 51.1521251 ], [ 71.482841545132132, 51.152261361679528 ], [ 71.483376946649528, 51.152430661757229 ], [ 71.483467946961284, 51.152317261772509 ], [ 71.4834902, 51.152181 ], [ 71.4829549, 51.152011799999983 ] ] ], [ [ [ 71.4843807, 51.1521818 ], [ 71.4842176, 51.152392599999985 ], [ 71.484205238364382, 51.152468301044166 ], [ 71.484408538685017, 51.152530201060564 ], [ 71.48457173899719, 51.152319301075842 ], [ 71.4845841, 51.152243599999984 ], [ 71.4843807, 51.1521818 ] ] ], [ [ [ 71.481845980656914, 51.152740720507225 ], [ 71.482047980848876, 51.152795520517031 ], [ 71.482113680925593, 51.152700320520772 ], [ 71.482108064077607, 51.15264038558302 ], [ 71.482134653971144, 51.15260008034813 ], [ 71.4821318, 51.1524461 ], [ 71.4819185, 51.15239 ], [ 71.4818824, 51.152444 ], [ 71.481881666818666, 51.152540296933132 ], [ 71.481813, 51.1525769 ], [ 71.4817967, 51.1526069 ], [ 71.481791180610116, 51.152683920504757 ], [ 71.481845980656914, 51.152740720507225 ] ] ], [ [ [ 71.4847004, 51.152487 ], [ 71.4846243, 51.1525992 ], [ 71.484611938988365, 51.15267490107631 ], [ 71.485012339622983, 51.152781801108731 ], [ 71.485088539771624, 51.15266970111599 ], [ 71.48510090000002, 51.152594 ], [ 71.4847004, 51.152487 ] ] ], [ [ [ 71.482835581604135, 51.152955920555563 ], [ 71.48303758179614, 51.153010720565398 ], [ 71.483103281872829, 51.152915520569138 ], [ 71.483097664453922, 51.152855586002048 ], [ 71.483124254602629, 51.152815280380374 ], [ 71.4831214, 51.1526613 ], [ 71.4829081, 51.1526052 ], [ 71.482872, 51.1526592 ], [ 71.48287126721759, 51.15275549679594 ], [ 71.4828026, 51.152792099999985 ], [ 71.4827863, 51.1528221 ], [ 71.482780781557352, 51.152899120553123 ], [ 71.482835581604135, 51.152955920555563 ] ] ], [ [ [ 71.4821972, 51.1527519 ], [ 71.48211694263739, 51.153197061557336 ], [ 71.482333543254811, 51.153256161588921 ], [ 71.482569244079912, 51.152915961629191 ], [ 71.4826744, 51.1524332 ], [ 71.4824588, 51.1523745 ], [ 71.4821972, 51.1527519 ] ] ], [ [ [ 71.484393, 51.1528418 ], [ 71.4839279, 51.1527166 ], [ 71.483747727497118, 51.153008340200216 ], [ 71.483944627559836, 51.153053340203414 ], [ 71.484390527714453, 51.152856940211151 ], [ 71.484393, 51.1528418 ] ] ], [ [ [ 71.4847277, 51.1528635 ], [ 71.48471142781689, 51.152925940216377 ], [ 71.484796127844007, 51.152942140217768 ], [ 71.4848178, 51.1528796 ], [ 71.4847277, 51.1528635 ] ] ], [ [ [ 71.4831916, 51.1529427 ], [ 71.483111345502579, 51.153387861703479 ], [ 71.483327946120042, 51.153446961735064 ], [ 71.483563646945072, 51.153106761775319 ], [ 71.4836688, 51.152624 ], [ 71.4834532, 51.1525653 ], [ 71.4831916, 51.1529427 ] ] ], [ [ [ 71.4835195, 51.1533345 ], [ 71.483614827434764, 51.153453240197287 ], [ 71.483804464499997, 51.153382869329718 ], [ 71.483844237570779, 51.153425001006404 ], [ 71.48457383882517, 51.153153701069257 ], [ 71.4845862, 51.153078 ], [ 71.4844883, 51.1529744 ], [ 71.4835195, 51.1533345 ] ] ], [ [ [ 71.4819268, 51.1532929 ], [ 71.4815282, 51.1538726 ], [ 71.481525726730794, 51.153887740161828 ], [ 71.481733426796595, 51.153943940165178 ], [ 71.482132026951831, 51.153364240172756 ], [ 71.4821345, 51.153349099999978 ], [ 71.4819268, 51.1532929 ] ] ], [ [ [ 71.4851362, 51.1531243 ], [ 71.484836, 51.1532324 ], [ 71.484826111365038, 51.153292960871177 ], [ 71.485658412304801, 51.154202460920622 ], [ 71.485958712717263, 51.154094360941301 ], [ 71.4859686, 51.154033799999979 ], [ 71.4851362, 51.1531243 ] ] ], [ [ [ 71.485375827986857, 51.154069740225587 ], [ 71.4846718, 51.1532945 ], [ 71.4844943, 51.1533594 ], [ 71.485198427925894, 51.154134640222516 ], [ 71.485375827986857, 51.154069740225587 ] ] ], [ [ [ 71.483593, 51.1537615 ], [ 71.4830175, 51.153774 ], [ 71.4829241, 51.153789300000014 ], [ 71.482876354339453, 51.154009180368256 ], [ 71.482881954331418, 51.154148180367997 ], [ 71.483064654433491, 51.15436048037337 ], [ 71.483279054574538, 51.154357080380528 ], [ 71.48378635492702, 51.154125680398153 ], [ 71.4837865, 51.1539733 ], [ 71.483593, 51.1537615 ] ] ], [ [ [ 71.4842351, 51.1541015 ], [ 71.4841175, 51.1541487 ], [ 71.484204627594551, 51.154257140205793 ], [ 71.484328027637034, 51.154210340207925 ], [ 71.4842351, 51.1541015 ] ] ], [ [ [ 71.485155927902341, 51.154362940221432 ], [ 71.485544328035516, 51.154227540228121 ], [ 71.485414, 51.1540625 ], [ 71.4850255, 51.154197799999984 ], [ 71.485155927902341, 51.154362940221432 ] ] ], [ [ [ 71.483413336570379, 51.154819100959244 ], [ 71.48346439258377, 51.154869677447984 ], [ 71.4828369, 51.1550901 ], [ 71.482824535531094, 51.155165800907454 ], [ 71.482917135661253, 51.155269600914316 ], [ 71.483556336757545, 51.155045100969303 ], [ 71.48355555829535, 51.154954684726832 ], [ 71.484598938574734, 51.154540701060121 ], [ 71.484610438823069, 51.154470273833319 ], [ 71.484669127735387, 51.154533840213077 ], [ 71.485058227869047, 51.154392540219753 ], [ 71.4850607, 51.154377399999987 ], [ 71.484873, 51.1541741 ], [ 71.4844839, 51.1543154 ], [ 71.484543145608413, 51.154397387814676 ], [ 71.484473, 51.1543278 ], [ 71.4834257, 51.1547434 ], [ 71.483413336570379, 51.154819100959244 ] ] ], [ [ [ 71.4819642, 51.1540301 ], [ 71.4817992, 51.1540935 ], [ 71.481786834037749, 51.154169200829173 ], [ 71.482447534979613, 51.154846200878673 ], [ 71.48261253526374, 51.154782900892918 ], [ 71.4826249, 51.1547072 ], [ 71.4819642, 51.1540301 ] ] ], [ [ [ 71.4845329, 51.1545839 ], [ 71.4839711, 51.15479 ], [ 71.484034827512772, 51.154876140201957 ], [ 71.484596627705855, 51.154669940211654 ], [ 71.4845329, 51.1545839 ] ] ], [ [ [ 71.4825025, 51.154885 ], [ 71.482422826980425, 51.15495314017501 ], [ 71.482550827019551, 51.155021840177042 ], [ 71.4826305, 51.1549552 ], [ 71.4825025, 51.154885 ] ] ], [ [ [ 71.482141001683473, 51.155200760331006 ], [ 71.4820536, 51.1550765 ], [ 71.4818031, 51.1549851 ], [ 71.481677626728072, 51.15513734016232 ], [ 71.482064726848748, 51.155288740168515 ], [ 71.482102779855552, 51.155247549869948 ], [ 71.4820641, 51.1552949 ], [ 71.482051734219681, 51.155370600841465 ], [ 71.482531934975327, 51.155524900880188 ], [ 71.482623835149838, 51.155412400888743 ], [ 71.4826362, 51.1553367 ], [ 71.482156, 51.1551824 ], [ 71.482141001683473, 51.155200760331006 ] ] ], [ [ [ 71.4851979, 51.1551602 ], [ 71.4847383, 51.1553435 ], [ 71.484863627759239, 51.155484640214787 ], [ 71.485323127917766, 51.155301240222713 ], [ 71.4851979, 51.1551602 ] ] ], [ [ [ 71.481592426669437, 51.155865540159702 ], [ 71.4814553, 51.1557181 ], [ 71.4813746, 51.1557516 ], [ 71.481511626641506, 51.155899040158317 ], [ 71.481592426669437, 51.155865540159702 ] ] ], [ [ [ 71.485130339170667, 51.155854301093648 ], [ 71.486256841108045, 51.155433301190726 ], [ 71.486266728224493, 51.155372740238285 ], [ 71.486340528245648, 51.155446340239401 ], [ 71.486717328375434, 51.155301040245895 ], [ 71.4865064, 51.1550681 ], [ 71.4861295, 51.1552134 ], [ 71.486151575478473, 51.155253878316721 ], [ 71.4850391, 51.1556696 ], [ 71.485026997530838, 51.155743717937945 ], [ 71.4849344, 51.1556466 ], [ 71.4846416, 51.1557565 ], [ 71.484636655345497, 51.155786780421074 ], [ 71.484771755422258, 51.155928480425096 ], [ 71.485064655623802, 51.155818680435196 ], [ 71.48506932184398, 51.15579010348889 ], [ 71.485130339170667, 51.155854301093648 ] ] ], [ [ [ 71.4845187, 51.1558606 ], [ 71.4827051, 51.156568 ], [ 71.482692735003837, 51.156643700884494 ], [ 71.482796235151767, 51.156748000892243 ], [ 71.484609738277044, 51.156040601048851 ], [ 71.4846221, 51.1559649 ], [ 71.4845187, 51.1558606 ] ] ], [ [ [ 71.4854862, 51.156903 ], [ 71.4848149, 51.1562159 ], [ 71.4846499, 51.1562793 ], [ 71.484637538256564, 51.156355001048624 ], [ 71.48530893921405, 51.157042101098902 ], [ 71.485473839498042, 51.156978701113097 ], [ 71.4854862, 51.156903 ] ] ], [ [ [ 71.4825179, 51.1565043 ], [ 71.4822409, 51.1566095 ], [ 71.48221864159369, 51.15674576152076 ], [ 71.482339041902165, 51.156870461536982 ], [ 71.482616042760412, 51.156765161580005 ], [ 71.4826383, 51.1566289 ], [ 71.4825179, 51.1565043 ] ] ], [ [ [ 71.482303253712175, 51.156991980339505 ], [ 71.4823082, 51.1569617 ], [ 71.4820934, 51.1567542 ], [ 71.4817153, 51.1569082 ], [ 71.481710353327415, 51.156938480319944 ], [ 71.481887653429396, 51.157109680325284 ], [ 71.48199115349658, 51.157119080328691 ], [ 71.482303253712175, 51.156991980339505 ] ] ], [ [ [ 71.4843957, 51.156671599999989 ], [ 71.4842854, 51.1565588 ], [ 71.4828566, 51.1571084 ], [ 71.482844235138799, 51.157184100892721 ], [ 71.482954635296267, 51.157296900900995 ], [ 71.484383337756825, 51.156747301024282 ], [ 71.4843957, 51.156671599999989 ] ] ], [ [ [ 71.4825193, 51.1571792 ], [ 71.4824348, 51.1572057 ], [ 71.482432326888087, 51.15722084017149 ], [ 71.482507026908934, 51.157308340172584 ], [ 71.482586926936364, 51.157279540173967 ], [ 71.4825894, 51.1572644 ], [ 71.4825193, 51.1571792 ] ] ], [ [ [ 71.4846724, 51.1569423 ], [ 71.4832155, 51.1574869 ], [ 71.483203135648225, 51.157562600919498 ], [ 71.483300035785831, 51.157664500926742 ], [ 71.484756838291489, 51.157120001052341 ], [ 71.4847692, 51.1570443 ], [ 71.4846724, 51.1569423 ] ] ], [ [ [ 71.482823, 51.1576832 ], [ 71.4823017, 51.157143 ], [ 71.4821448, 51.1572026 ], [ 71.482132433950667, 51.157278300832715 ], [ 71.482644634676291, 51.157825100870902 ], [ 71.482810634962675, 51.157758900885256 ], [ 71.482823, 51.1576832 ] ] ], [ [ [ 71.4841683, 51.158442 ], [ 71.484166327402377, 51.158526740198241 ], [ 71.484453927488872, 51.158714940202714 ], [ 71.484561427522721, 51.158749340204437 ], [ 71.485060927686746, 51.158748040212743 ], [ 71.4850621, 51.1585395 ], [ 71.484776495414337, 51.158295404365688 ], [ 71.485098027718166, 51.158290540214125 ], [ 71.485177427748638, 51.1581857402156 ], [ 71.4851666, 51.1578244 ], [ 71.48507849335472, 51.157753706284758 ], [ 71.485236883373162, 51.157675920652466 ], [ 71.4852472, 51.1573291 ], [ 71.4849403, 51.157328 ], [ 71.4846929, 51.1574462 ], [ 71.4845822, 51.1575238 ], [ 71.484573882721691, 51.157664320619439 ], [ 71.484822148133929, 51.157757594531489 ], [ 71.4842151, 51.1577668 ], [ 71.484075, 51.157850799999984 ], [ 71.484086027389111, 51.158215440197388 ], [ 71.484218727428953, 51.158303840199466 ], [ 71.484646268593906, 51.158297374189623 ], [ 71.4841683, 51.158442 ] ] ], [ [ [ 71.4816903, 51.1575751 ], [ 71.4815313, 51.1576372 ], [ 71.481518932852211, 51.157712900778129 ], [ 71.481947833465284, 51.158144800810327 ], [ 71.482106833739351, 51.15808270082406 ], [ 71.4821192, 51.158007 ], [ 71.4816903, 51.1575751 ] ] ], [ [ [ 71.482834026986751, 51.158010040176904 ], [ 71.4827374, 51.1578865 ], [ 71.4822775, 51.1580518 ], [ 71.482275026800835, 51.158066940167501 ], [ 71.482374126828802, 51.158175440168975 ], [ 71.482834026986751, 51.158010040176904 ] ] ], [ [ [ 71.48368434524221, 51.158545961714012 ], [ 71.4837066, 51.1584097 ], [ 71.4831837, 51.1578654 ], [ 71.4830308, 51.157923199999985 ], [ 71.483008543429776, 51.158059461619906 ], [ 71.48332484418134, 51.158542561660212 ], [ 71.483423044432797, 51.158644661673449 ], [ 71.48368434524221, 51.158545961714012 ] ] ], [ [ [ 71.4826132, 51.1584166 ], [ 71.4824087, 51.158208 ], [ 71.48222, 51.1582808 ], [ 71.482197740898812, 51.158417061493232 ], [ 71.482402241423983, 51.158625661520809 ], [ 71.482590942009097, 51.158552861550149 ], [ 71.4826132, 51.1584166 ] ] ], [ [ [ 71.4830168, 51.1585732 ], [ 71.4826223, 51.1587198 ], [ 71.482770026928534, 51.158893840174407 ], [ 71.483164527064218, 51.158747240181199 ], [ 71.4830168, 51.1585732 ] ] ], [ [ [ 71.4841444, 51.1591204 ], [ 71.4836355, 51.1585921 ], [ 71.4834412, 51.1586658 ], [ 71.483428835770653, 51.158741500928727 ], [ 71.483937736494838, 51.159269700966782 ], [ 71.484132036829266, 51.159196100983543 ], [ 71.4841444, 51.1591204 ] ] ], [ [ [ 71.4850444, 51.1588835 ], [ 71.4848733, 51.1589435 ], [ 71.484943927636039, 51.159040640210343 ], [ 71.485115027694718, 51.158980640213294 ], [ 71.4850444, 51.1588835 ] ] ], [ [ [ 71.4826758, 51.159136 ], [ 71.4825484, 51.1591857 ], [ 71.48260182685803, 51.159257240171002 ], [ 71.482729226901938, 51.159207640173229 ], [ 71.4826758, 51.159136 ] ] ], [ [ [ 71.4844911, 51.1589669 ], [ 71.4842957, 51.1590429 ], [ 71.484293227421674, 51.15905804019949 ], [ 71.484880627589547, 51.159652040208293 ], [ 71.485076027656874, 51.159576040211675 ], [ 71.4850785, 51.1595609 ], [ 71.4844911, 51.1589669 ] ] ], [ [ [ 71.4836779, 51.1595636 ], [ 71.4834853, 51.1596347 ], [ 71.483482827130729, 51.159649840185033 ], [ 71.483760927209559, 51.159946140189192 ], [ 71.483953527275787, 51.159875040192503 ], [ 71.483956, 51.1598599 ], [ 71.4836779, 51.1595636 ] ] ], [ [ [ 71.485592927805811, 51.160069640219469 ], [ 71.4852365, 51.159674 ], [ 71.4848045, 51.1598422 ], [ 71.484802027555091, 51.159857340206642 ], [ 71.485169827660087, 51.160232040212165 ], [ 71.485592927805811, 51.160069640219469 ] ] ], [ [ [ 71.4845288, 51.1598678 ], [ 71.4844161, 51.1599116 ], [ 71.484413627424658, 51.159926740200092 ], [ 71.484585327473383, 51.160108340202633 ], [ 71.484692627510029, 51.160074740204479 ], [ 71.4846951, 51.160059599999983 ], [ 71.4845288, 51.1598678 ] ] ], [ [ [ 71.4830813, 51.1596612 ], [ 71.4819669, 51.1600799 ], [ 71.481957006445313, 51.16014046063578 ], [ 71.482537472233787, 51.160748147521026 ], [ 71.4822735, 51.160848199999982 ], [ 71.482271026681815, 51.160863340162891 ], [ 71.482523126753577, 51.16112494016668 ], [ 71.48281502685407, 51.161014340171725 ], [ 71.482713097290727, 51.16089090642766 ], [ 71.483798608806055, 51.160483060756164 ], [ 71.4838085, 51.1604225 ], [ 71.4830813, 51.1596612 ] ] ], [ [ [ 71.4841372, 51.1601158 ], [ 71.4839212, 51.1601977 ], [ 71.483891526906106, 51.16037938229222 ], [ 71.484155127806588, 51.160652682339524 ], [ 71.484371128698982, 51.160570682384247 ], [ 71.4844008, 51.160389 ], [ 71.4841372, 51.1601158 ] ] ], [ [ [ 71.485307, 51.1605342 ], [ 71.4851149, 51.1606042 ], [ 71.485102538110212, 51.16067990105222 ], [ 71.485615838836296, 51.161233901090434 ], [ 71.485807939166378, 51.161163901106967 ], [ 71.4858203, 51.1610882 ], [ 71.485307, 51.1605342 ] ] ], [ [ [ 71.48398112723703, 51.161011340191109 ], [ 71.484031527251346, 51.161064140191883 ], [ 71.484112327277728, 51.161067740193211 ], [ 71.484267627331178, 51.161009540195899 ], [ 71.4842764, 51.1609193 ], [ 71.4842207, 51.1608609 ], [ 71.4840036, 51.1609423 ], [ 71.48398112723703, 51.161011340191109 ] ] ], [ [ [ 71.4852458, 51.1612703 ], [ 71.484753, 51.1607333 ], [ 71.4845607, 51.1608027 ], [ 71.484548337158714, 51.160878401004531 ], [ 71.485041037854558, 51.161415401041154 ], [ 71.485233438184991, 51.161346001057723 ], [ 71.4852458, 51.1612703 ] ] ], [ [ [ 71.483846027180618, 51.161297540188407 ], [ 71.484108127270432, 51.161208440192922 ], [ 71.4840594, 51.1611341 ], [ 71.483997, 51.1611079 ], [ 71.4837517, 51.161170399999989 ], [ 71.483846027180618, 51.161297540188407 ] ] ], [ [ [ 71.483215926970402, 51.161377140177798 ], [ 71.483409727026384, 51.161559340180723 ], [ 71.483659527112778, 51.161454840185066 ], [ 71.4836352, 51.1613724 ], [ 71.4835744, 51.1613153 ], [ 71.4835037, 51.161285899999989 ], [ 71.4833431, 51.1613098 ], [ 71.4832184, 51.161362 ], [ 71.483215926970402, 51.161377140177798 ] ] ], [ [ [ 71.484714, 51.1613529 ], [ 71.484415, 51.1614792 ], [ 71.484506227385438, 51.161581540198931 ], [ 71.48480522748892, 51.161455340204121 ], [ 71.484714, 51.1613529 ] ] ], [ [ [ 71.4842708, 51.16152360000001 ], [ 71.4839826, 51.1616333 ], [ 71.484070727235704, 51.161742040191434 ], [ 71.484358927334938, 51.161632340196405 ], [ 71.4842708, 51.16152360000001 ] ] ], [ [ [ 71.4838695, 51.1616711 ], [ 71.4835652, 51.1617878 ], [ 71.483560254131248, 51.161818080365684 ], [ 71.483646654180532, 51.161906680368261 ], [ 71.483950954390153, 51.161790080378786 ], [ 71.4839559, 51.1617598 ], [ 71.4838695, 51.1616711 ] ] ], [ [ [ 71.4844572, 51.1616736 ], [ 71.4840414, 51.1618351 ], [ 71.48410792724043, 51.161920040191767 ], [ 71.484523627383695, 51.161758540198925 ], [ 71.4844572, 51.1616736 ] ] ], [ [ [ 71.4824346, 51.162114 ], [ 71.4822024, 51.1618114 ], [ 71.4815167, 51.1620183 ], [ 71.481511752766707, 51.162048580296748 ], [ 71.481744052893745, 51.162351180303496 ], [ 71.482429653361379, 51.162144280326991 ], [ 71.4824346, 51.162114 ] ] ], [ [ [ 71.485920655600808, 51.162773480441111 ], [ 71.4859256, 51.1627432 ], [ 71.4853782, 51.162185899999983 ], [ 71.4850306, 51.1623201 ], [ 71.485025655048702, 51.162350380412725 ], [ 71.485138555113181, 51.1624652804161 ], [ 71.485619055392974, 51.162889980430698 ], [ 71.485920655600808, 51.162773480441111 ] ] ], [ [ [ 71.484570254710249, 51.16281868039605 ], [ 71.48482415485546, 51.163074380403671 ], [ 71.484996554971801, 51.163037180409532 ], [ 71.485109555049519, 51.16299538041342 ], [ 71.4851145, 51.1629651 ], [ 71.4848273, 51.1626559 ], [ 71.484729, 51.162592 ], [ 71.4845548, 51.1627105 ], [ 71.484570254710249, 51.16281868039605 ] ] ], [ [ [ 71.483344726927541, 51.163400040176661 ], [ 71.483269, 51.1632843 ], [ 71.483117, 51.1633308 ], [ 71.483192826875722, 51.16344654017405 ], [ 71.483344726927541, 51.163400040176661 ] ] ], [ [ [ 71.4830429, 51.1633401 ], [ 71.4827167, 51.163451599999988 ], [ 71.482783026736982, 51.163545940167062 ], [ 71.483109226848768, 51.163434340172678 ], [ 71.4830429, 51.1633401 ] ] ], [ [ [ 71.482472, 51.1634726 ], [ 71.4819679, 51.16363290000001 ], [ 71.482054626488875, 51.163758340154601 ], [ 71.482558726661139, 51.163597940163257 ], [ 71.482472, 51.1634726 ] ] ], [ [ [ 71.484399027211268, 51.164884040191801 ], [ 71.4836126, 51.163951799999985 ], [ 71.483316, 51.1640521 ], [ 71.484102527109684, 51.164984340186692 ], [ 71.484399027211268, 51.164884040191801 ] ] ], [ [ [ 71.483122726773217, 51.165334440169815 ], [ 71.483464326889901, 51.165227140175702 ], [ 71.4834668, 51.165212 ], [ 71.4824275, 51.1639908 ], [ 71.4821681, 51.1640723 ], [ 71.48216562651146, 51.164087440155917 ], [ 71.483122726773217, 51.165334440169815 ] ] ], [ [ [ 71.4842983, 51.1653328 ], [ 71.4836005, 51.1655782 ], [ 71.483721326953088, 51.165731140179155 ], [ 71.484419127192538, 51.165485740191151 ], [ 71.4842983, 51.1653328 ] ] ], [ [ [ 71.4852365, 51.1653643 ], [ 71.4836278, 51.1658989 ], [ 71.484011427021386, 51.166370940182937 ], [ 71.485620127572147, 51.165836340210561 ], [ 71.4852365, 51.1653643 ] ] ], [ [ [ 71.4851744, 51.1661815 ], [ 71.4847584, 51.1663273 ], [ 71.484838527290293, 51.166435040196582 ], [ 71.485254427433006, 51.166289140203745 ], [ 71.4851744, 51.1661815 ] ] ], [ [ [ 71.485303, 51.1663067 ], [ 71.4851333, 51.1663719 ], [ 71.485202727408819, 51.166460640202622 ], [ 71.485372427467283, 51.166395440205534 ], [ 71.485303, 51.1663067 ] ] ], [ [ [ 71.4850786, 51.1663857 ], [ 71.4846818, 51.1665315 ], [ 71.484769627258913, 51.166643240195107 ], [ 71.485166427395356, 51.166497340201943 ], [ 71.4850786, 51.1663857 ] ] ], [ [ [ 71.485507327504394, 51.166566640207513 ], [ 71.4854261, 51.1664629 ], [ 71.4848487, 51.166677399999983 ], [ 71.484846227281992, 51.166692540196287 ], [ 71.484929927305757, 51.166781040197563 ], [ 71.485507327504394, 51.166566640207513 ] ] ], [ [ [ 71.4822748, 51.166559 ], [ 71.482102, 51.1666206 ], [ 71.482099526382427, 51.166635740150681 ], [ 71.482362726456628, 51.166926240154588 ], [ 71.48253552651596, 51.166864740157578 ], [ 71.482538, 51.166849599999985 ], [ 71.4822748, 51.166559 ] ] ], [ [ [ 71.4845587, 51.1666568 ], [ 71.4844318, 51.1667052 ], [ 71.484429327143914, 51.166720340189329 ], [ 71.484590727189925, 51.16688674019175 ], [ 71.484717627233636, 51.166838340193934 ], [ 71.4847201, 51.1668232 ], [ 71.4845587, 51.1666568 ] ] ], [ [ [ 71.485985427449961, 51.171590940207309 ], [ 71.4858377, 51.171431099999985 ], [ 71.4854541, 51.171564 ], [ 71.48545162727514, 51.17157914019846 ], [ 71.485596527316133, 51.171735540200601 ], [ 71.485985427449961, 51.171590940207309 ] ] ], [ [ [ 71.4863578, 51.1716236 ], [ 71.4861356, 51.1717 ], [ 71.486133127493247, 51.171715140209564 ], [ 71.486419627573554, 51.172042740213818 ], [ 71.486641827649734, 51.171966440217638 ], [ 71.4866443, 51.171951300000011 ], [ 71.4863578, 51.1716236 ] ] ], [ [ [ 71.4836275, 51.1726249 ], [ 71.483827426685664, 51.172909540169272 ], [ 71.483910826712716, 51.172917340170656 ], [ 71.484113226784217, 51.172798340174197 ], [ 71.4838612, 51.1725006 ], [ 71.4836275, 51.1726249 ] ] ], [ [ [ 71.486361827524377, 51.172760340211681 ], [ 71.4863124, 51.172679 ], [ 71.4861596, 51.1727261 ], [ 71.486157127457929, 51.172741240208296 ], [ 71.486208927472177, 51.172807340209062 ], [ 71.486361827524377, 51.172760340211681 ] ] ], [ [ [ 71.4854772, 51.173023200000017 ], [ 71.48531, 51.1730762 ], [ 71.485424527196457, 51.173236540195312 ], [ 71.485591727253606, 51.173183640198189 ], [ 71.4854772, 51.173023200000017 ] ] ], [ [ [ 71.485788327307006, 51.173449340201032 ], [ 71.4859847, 51.1731588 ], [ 71.4857685, 51.172914 ], [ 71.4856166, 51.1729667 ], [ 71.485605427249084, 51.173398240198061 ], [ 71.485788327307006, 51.173449340201032 ] ] ], [ [ [ 71.484851026983122, 51.173829540184812 ], [ 71.485019327031068, 51.17400364018733 ], [ 71.485114127059958, 51.174057040188835 ], [ 71.485293827124266, 51.173931440192028 ], [ 71.4853843, 51.1737235 ], [ 71.4852812, 51.1736654 ], [ 71.484902, 51.173780499999985 ], [ 71.484851026983122, 51.173829540184812 ] ] ], [ [ [ 71.486708527571992, 51.174334440214885 ], [ 71.486711, 51.1743193 ], [ 71.4863226, 51.17395410000001 ], [ 71.4860945, 51.1740494 ], [ 71.485835627273644, 51.174610740199945 ], [ 71.485900827292483, 51.174672040200917 ], [ 71.486708527571992, 51.174334440214885 ] ] ], [ [ [ 71.4857465, 51.174702 ], [ 71.4855802, 51.174752399999988 ], [ 71.485636727199008, 51.174831440196257 ], [ 71.48580302725604, 51.174774340199114 ], [ 71.4857465, 51.174702 ] ] ], [ [ [ 71.4855158, 51.1748298 ], [ 71.4853924, 51.1748701 ], [ 71.485389927115676, 51.174885240192083 ], [ 71.485513327150699, 51.175016440193914 ], [ 71.485631327190731, 51.174986140195912 ], [ 71.4856338, 51.174971 ], [ 71.4855158, 51.1748298 ] ] ], [ [ [ 71.483551226477474, 51.175698240160152 ], [ 71.4834056, 51.1755035 ], [ 71.4830933, 51.1756047 ], [ 71.483238926370618, 51.17579944015479 ], [ 71.483551226477474, 51.175698240160152 ] ] ], [ [ [ 71.482850900000017, 51.1757789 ], [ 71.4826634, 51.1758412 ], [ 71.482723026195657, 51.175929940145991 ], [ 71.482910626259908, 51.175867640149207 ], [ 71.482850900000017, 51.1757789 ] ] ], [ [ [ 71.4830517, 51.1758536 ], [ 71.4829549, 51.1758884 ], [ 71.482952426272121, 51.175903540149832 ], [ 71.48304732629893, 51.17600734015128 ], [ 71.483144126332192, 51.175972540152927 ], [ 71.4831466, 51.1759574 ], [ 71.4830517, 51.1758536 ] ] ], [ [ [ 71.482991326281763, 51.175978340150365 ], [ 71.4829193, 51.1758744 ], [ 71.482180200000016, 51.1761178 ], [ 71.482177726007976, 51.176132940136583 ], [ 71.482252126028669, 51.176221840137693 ], [ 71.482991326281763, 51.175978340150365 ] ] ], [ [ [ 71.4840248, 51.1759269 ], [ 71.4838733, 51.175978399999984 ], [ 71.483870826570012, 51.175993540164995 ], [ 71.484045126618767, 51.176195440167561 ], [ 71.484196626670695, 51.176144040170172 ], [ 71.4841991, 51.1761289 ], [ 71.4840248, 51.1759269 ] ] ], [ [ [ 71.4847728, 51.1759809 ], [ 71.4845079, 51.1760812 ], [ 71.484505426774135, 51.176096340175391 ], [ 71.484966626905475, 51.176574940182284 ], [ 71.485231526996728, 51.176474640186854 ], [ 71.485234, 51.1764595 ], [ 71.4847728, 51.1759809 ] ] ], [ [ [ 71.483626626442216, 51.177122740159085 ], [ 71.4827145, 51.1760997 ], [ 71.4823186, 51.1762409 ], [ 71.483230826306254, 51.177263940152272 ], [ 71.483626626442216, 51.177122740159085 ] ] ], [ [ [ 71.4862588, 51.1451686 ], [ 71.486052528568393, 51.145516940250673 ], [ 71.486283128641958, 51.145567340254438 ], [ 71.4864841, 51.1452123 ], [ 71.4862588, 51.1451686 ] ] ], [ [ [ 71.4860013, 51.1455304 ], [ 71.48579502847069, 51.145831540245894 ], [ 71.486001528536107, 51.145887040249249 ], [ 71.4861944, 51.1455775 ], [ 71.4860013, 51.1455304 ] ] ], [ [ [ 71.485917628495457, 51.146199540247331 ], [ 71.4859923, 51.1459282 ], [ 71.4857347, 51.145855899999987 ], [ 71.485410728323998, 51.146321540238716 ], [ 71.485760528434668, 51.146419740244369 ], [ 71.485917628495457, 51.146199540247331 ] ] ], [ [ [ 71.4852369, 51.146644299999984 ], [ 71.484966228146249, 51.147080040230094 ], [ 71.485207628222796, 51.147144040234011 ], [ 71.4854836, 51.1467049 ], [ 71.4852369, 51.146644299999984 ] ] ], [ [ [ 71.4852476, 51.1475319 ], [ 71.485202228200535, 51.147631140233123 ], [ 71.48532562824019, 51.14765134023515 ], [ 71.485371, 51.1475521 ], [ 71.4852476, 51.1475319 ] ] ], [ [ [ 71.4898545, 51.147878 ], [ 71.489827929705797, 51.147933840309506 ], [ 71.489886029720907, 51.148028340310312 ], [ 71.489957329743888, 51.148038040311491 ], [ 71.490018729764685, 51.148022840312514 ], [ 71.490079129786153, 51.147983440313602 ], [ 71.4900418, 51.1478984 ], [ 71.4899929, 51.1478727 ], [ 71.4898545, 51.147878 ] ] ], [ [ [ 71.4894408, 51.1480709 ], [ 71.489497629587589, 51.148167440303638 ], [ 71.489580729614929, 51.148165940305027 ], [ 71.489734529668127, 51.148101340307676 ], [ 71.4896649, 51.1479869 ], [ 71.4894907, 51.1480362 ], [ 71.4894408, 51.1480709 ] ] ], [ [ [ 71.488826629362734, 51.14827854029231 ], [ 71.488884629378816, 51.148348940293161 ], [ 71.488959029403318, 51.148346940294417 ], [ 71.489028529427031, 51.148325240295591 ], [ 71.4890722, 51.1482742 ], [ 71.489001, 51.1481829 ], [ 71.4888665, 51.1482245 ], [ 71.488826629362734, 51.14827854029231 ] ] ], [ [ [ 71.4850386, 51.148164699999988 ], [ 71.484824728040934, 51.148481240225472 ], [ 71.485246728174502, 51.148597840232298 ], [ 71.485534528266982, 51.148644840237012 ], [ 71.486023128434667, 51.148470340245417 ], [ 71.4860396, 51.1484351 ], [ 71.4857443, 51.1483314 ], [ 71.4850386, 51.148164699999988 ] ] ], [ [ [ 71.4886706, 51.1482747 ], [ 71.4884732, 51.1483144 ], [ 71.488451829235032, 51.148390740285905 ], [ 71.488511929251544, 51.148466840286765 ], [ 71.488644329295838, 51.148446940289006 ], [ 71.488735229328597, 51.148377240290635 ], [ 71.4886706, 51.1482747 ] ] ], [ [ [ 71.4901328, 51.1482257 ], [ 71.490027529751984, 51.148394140312085 ], [ 71.490314529842976, 51.148469940316716 ], [ 71.4904198, 51.1483014 ], [ 71.4901328, 51.1482257 ] ] ], [ [ [ 71.4879767, 51.1484302 ], [ 71.487966288899642, 51.148454094977176 ], [ 71.4879549, 51.1484396 ], [ 71.4877884, 51.1484911 ], [ 71.48778592901165, 51.148506240274656 ], [ 71.487827729023152, 51.14855934027527 ], [ 71.48793484017709, 51.148526274182366 ], [ 71.48791662905154, 51.148577540276726 ], [ 71.48799172907232, 51.148670140277808 ], [ 71.488209029141359, 51.148723940281322 ], [ 71.488396729205562, 51.148661740284552 ], [ 71.4881644, 51.1483679 ], [ 71.4879767, 51.1484302 ] ] ], [ [ [ 71.485749828326831, 51.148902340240156 ], [ 71.486019628419172, 51.148811440244813 ], [ 71.486408828556236, 51.148589340251625 ], [ 71.4863202, 51.1484679 ], [ 71.485406, 51.1487758 ], [ 71.485481828239713, 51.148882340235737 ], [ 71.485749828326831, 51.148902340240156 ] ] ], [ [ [ 71.4889575, 51.1486049 ], [ 71.4889097, 51.1486745 ], [ 71.48887522935749, 51.148783440292313 ], [ 71.488985929391404, 51.148841140294046 ], [ 71.489169129449621, 51.148886340297018 ], [ 71.489232629471914, 51.14885164029814 ], [ 71.4892801, 51.148770899999988 ], [ 71.4890903, 51.1486408 ], [ 71.4889575, 51.1486049 ] ] ], [ [ [ 71.489287, 51.148795 ], [ 71.489239529473096, 51.148877640298203 ], [ 71.489350629507442, 51.148927840299947 ], [ 71.489452329539702, 51.148954240301613 ], [ 71.489546629570498, 51.148957740303182 ], [ 71.4896526, 51.148786 ], [ 71.4894863, 51.1487428 ], [ 71.4893821, 51.1487463 ], [ 71.489287, 51.148795 ] ] ], [ [ [ 71.4871192, 51.1488756 ], [ 71.487191528796487, 51.148984940263993 ], [ 71.487332628841287, 51.149020540266278 ], [ 71.4874079, 51.1488901 ], [ 71.4873495, 51.1488547 ], [ 71.4871619, 51.1488086 ], [ 71.4871192, 51.1488756 ] ] ], [ [ [ 71.486271128486166, 51.149181540248385 ], [ 71.4864653, 51.1488955 ], [ 71.4862669, 51.1488358 ], [ 71.4858806, 51.1489191 ], [ 71.485786928332786, 51.149050340240549 ], [ 71.486271128486166, 51.149181540248385 ] ] ], [ [ [ 71.489571629577597, 51.14898414030354 ], [ 71.489623629593282, 51.14901694030435 ], [ 71.48982432965704, 51.149067240307609 ], [ 71.489905329686309, 51.149003340309051 ], [ 71.4899082, 51.1489302 ], [ 71.4897328, 51.148886 ], [ 71.4896282, 51.1488869 ], [ 71.489571629577597, 51.14898414030354 ] ] ], [ [ [ 71.487726628965973, 51.149130440272664 ], [ 71.487793228992132, 51.149028340273915 ], [ 71.4877773, 51.1489875 ], [ 71.4875568, 51.1489133 ], [ 71.48746692888345, 51.149066240268453 ], [ 71.487726628965973, 51.149130440272664 ] ] ], [ [ [ 71.4900356, 51.148847 ], [ 71.489890629678897, 51.149064940308712 ], [ 71.490023329720103, 51.149120640310827 ], [ 71.490180929770787, 51.149145440313404 ], [ 71.49025, 51.1490334 ], [ 71.490172, 51.148909 ], [ 71.4901083, 51.1488667 ], [ 71.4900356, 51.148847 ] ] ], [ [ [ 71.4879809, 51.1490294 ], [ 71.4879326, 51.1490513 ], [ 71.487861529008711, 51.149167140274841 ], [ 71.487959829038843, 51.149217840276364 ], [ 71.488105829085129, 51.149256140278759 ], [ 71.488194229114498, 51.149247740280238 ], [ 71.488224, 51.1491889 ], [ 71.4881897, 51.1491166 ], [ 71.4879809, 51.1490294 ] ] ], [ [ [ 71.486586228583832, 51.149317840253396 ], [ 71.487069928737014, 51.149450840261224 ], [ 71.487328128829859, 51.149257740265831 ], [ 71.4873851, 51.1491646 ], [ 71.4869347, 51.1490408 ], [ 71.4867131, 51.1491247 ], [ 71.486586228583832, 51.149317840253396 ] ] ], [ [ [ 71.488373829169674, 51.149337540283078 ], [ 71.48850592921238, 51.149352740285245 ], [ 71.488572529236336, 51.149302740286423 ], [ 71.488591, 51.1492192 ], [ 71.4883233, 51.1491493 ], [ 71.488230729124254, 51.149300640280757 ], [ 71.488373829169674, 51.149337540283078 ] ] ], [ [ [ 71.4902042, 51.1497304 ], [ 71.4895561, 51.1495275 ], [ 71.489460200000011, 51.1496597 ], [ 71.48945772951123, 51.149674840300541 ], [ 71.490116529719543, 51.149862940311181 ], [ 71.4902042, 51.1497304 ] ] ], [ [ [ 71.488995429337223, 51.15020534029199 ], [ 71.4889099, 51.1500922 ], [ 71.4886952, 51.1501716 ], [ 71.488692729238664, 51.150186740286998 ], [ 71.488784029264664, 51.150281240288358 ], [ 71.488995429337223, 51.15020534029199 ] ] ], [ [ [ 71.4892348, 51.1501838 ], [ 71.4890201, 51.1502633 ], [ 71.489108929367447, 51.150372840293613 ], [ 71.489320329439991, 51.150297040297239 ], [ 71.4892348, 51.1501838 ] ] ], [ [ [ 71.4897815, 51.1501802 ], [ 71.4895668, 51.1502596 ], [ 71.489655629547016, 51.150369240302702 ], [ 71.489867029619575, 51.15029334030632 ], [ 71.4897815, 51.1501802 ] ] ], [ [ [ 71.4885846, 51.1502076 ], [ 71.4883699, 51.150287 ], [ 71.488458729153066, 51.150396640282764 ], [ 71.488670129225625, 51.150320740286404 ], [ 71.4885846, 51.1502076 ] ] ], [ [ [ 71.4894694, 51.1503015 ], [ 71.4893231, 51.1503588 ], [ 71.489320629436875, 51.150373940297115 ], [ 71.489443329471953, 51.150497640298966 ], [ 71.489590529522673, 51.150440140301498 ], [ 71.489593, 51.150425 ], [ 71.4894694, 51.1503015 ] ] ], [ [ [ 71.4899478, 51.1503692 ], [ 71.4897332, 51.1504486 ], [ 71.489822029593682, 51.150558240305152 ], [ 71.490033329666232, 51.150482340308791 ], [ 71.4899478, 51.1503692 ] ] ], [ [ [ 71.487769128922508, 51.150497340271144 ], [ 71.4877716, 51.150482199999985 ], [ 71.4876482, 51.1503728 ], [ 71.4870527, 51.1505882 ], [ 71.487050228682122, 51.150603340259046 ], [ 71.487122728702857, 51.150675640260118 ], [ 71.487584028858862, 51.150566340267957 ], [ 71.487769128922508, 51.150497340271144 ] ] ], [ [ [ 71.488636929205512, 51.150540240285494 ], [ 71.4885514, 51.1504271 ], [ 71.4883367, 51.1505065 ], [ 71.48833422910694, 51.150521640280502 ], [ 71.48842552913294, 51.150616140281869 ], [ 71.488636929205512, 51.150540240285494 ] ] ], [ [ [ 71.4895401, 51.1505127 ], [ 71.4893254, 51.1505922 ], [ 71.489414229453828, 51.150701740298153 ], [ 71.489625629526401, 51.150625940301786 ], [ 71.4895401, 51.1505127 ] ] ], [ [ [ 71.4885431, 51.1506397 ], [ 71.4883716, 51.1506955 ], [ 71.48847772914047, 51.150844540282364 ], [ 71.488650029199306, 51.150790040285315 ], [ 71.4885431, 51.1506397 ] ] ], [ [ [ 71.489908829612673, 51.150784740306236 ], [ 71.4898028, 51.1506292 ], [ 71.4896374, 51.1506793 ], [ 71.489745229556888, 51.150834340303419 ], [ 71.489908829612673, 51.150784740306236 ] ] ], [ [ [ 71.4888656, 51.1507686 ], [ 71.4886509, 51.1508481 ], [ 71.48873972922172, 51.150957640286521 ], [ 71.488951129294279, 51.150881840290175 ], [ 71.4888656, 51.1507686 ] ] ], [ [ [ 71.4863421, 51.1505649 ], [ 71.4856812, 51.1508221 ], [ 71.485678728222155, 51.150837240235845 ], [ 71.486303428401371, 51.151451640245241 ], [ 71.486634828515918, 51.15131364025099 ], [ 71.486896928608715, 51.15115274025559 ], [ 71.4869929, 51.150917299999989 ], [ 71.4866897, 51.1506231 ], [ 71.4863421, 51.1505649 ] ] ], [ [ [ 71.489945029616607, 51.150974140306516 ], [ 71.4898595, 51.1508609 ], [ 71.4896448, 51.1509404 ], [ 71.48964232951802, 51.150955540301524 ], [ 71.489733629544034, 51.15104994030289 ], [ 71.489945029616607, 51.150974140306516 ] ] ], [ [ [ 71.488857, 51.1509766 ], [ 71.4886819, 51.1510325 ], [ 71.488792329229483, 51.151183640287051 ], [ 71.488963929288161, 51.151127540289984 ], [ 71.488857, 51.1509766 ] ] ], [ [ [ 71.4904021, 51.1509929 ], [ 71.4902294, 51.151054099999989 ], [ 71.490298929725341, 51.151150740312112 ], [ 71.490472829784949, 51.151090340315093 ], [ 71.4904021, 51.1509929 ] ] ], [ [ [ 71.4901183, 51.1510904 ], [ 71.4899357, 51.1511529 ], [ 71.490004829624638, 51.151250040307076 ], [ 71.490187029687021, 51.151188640310188 ], [ 71.4901183, 51.1510904 ] ] ], [ [ [ 71.4891666, 51.151105099999988 ], [ 71.4889519, 51.1511845 ], [ 71.489040829306418, 51.151294040290985 ], [ 71.48925212937894, 51.151218240294611 ], [ 71.4891666, 51.151105099999988 ] ] ], [ [ [ 71.4876348, 51.1509567 ], [ 71.4874309, 51.151027299999988 ], [ 71.487425957574132, 51.151057580529134 ], [ 71.488018757911789, 51.151669980546856 ], [ 71.488195758033754, 51.15160108055295 ], [ 71.4882007, 51.1515708 ], [ 71.4876348, 51.1509567 ] ] ], [ [ [ 71.4905527, 51.151219 ], [ 71.490213, 51.151349599999989 ], [ 71.490279729707041, 51.151436240311334 ], [ 71.490620629824377, 51.151306340317213 ], [ 71.4905527, 51.151219 ] ] ], [ [ [ 71.4871446, 51.1512953 ], [ 71.4868559, 51.1514383 ], [ 71.486988128620382, 51.151587540256408 ], [ 71.487468428785988, 51.151397740264699 ], [ 71.4874615, 51.151342599999985 ], [ 71.4873462, 51.1512496 ], [ 71.4871446, 51.1512953 ] ] ], [ [ [ 71.4892769, 51.1513269 ], [ 71.4890622, 51.1514064 ], [ 71.489151029333257, 51.151515940292462 ], [ 71.48936242940583, 51.151440040296094 ], [ 71.4892769, 51.1513269 ] ] ], [ [ [ 71.489925, 51.1514218 ], [ 71.4897103, 51.1515013 ], [ 71.489799129541993, 51.151610840303064 ], [ 71.490010529614551, 51.151535040306705 ], [ 71.489925, 51.1514218 ] ] ], [ [ [ 71.489595129476356, 51.151579240299732 ], [ 71.4895305, 51.1514885 ], [ 71.4893228, 51.1515631 ], [ 71.489320329386189, 51.151578240295166 ], [ 71.489389029405629, 51.1516527402962 ], [ 71.489595129476356, 51.151579240299732 ] ] ], [ [ [ 71.486270128375807, 51.151800140244127 ], [ 71.487018628613725, 51.151983940256265 ], [ 71.487122928649697, 51.15194294025806 ], [ 71.4871783, 51.1517788 ], [ 71.4870709, 51.1516714 ], [ 71.4866925, 51.1513899 ], [ 71.4861075, 51.1516198 ], [ 71.486270128375807, 51.151800140244127 ] ] ], [ [ [ 71.4865163, 51.152057 ], [ 71.486409, 51.152099 ], [ 71.486465528424546, 51.152166340246794 ], [ 71.486567428459679, 51.152125940248538 ], [ 71.4865163, 51.152057 ] ] ], [ [ [ 71.4887842, 51.1517759 ], [ 71.4877731, 51.1518015 ], [ 71.4874469, 51.1519191 ], [ 71.487130328635729, 51.152332640257562 ], [ 71.48738942870888, 51.152615740261403 ], [ 71.487979928902092, 51.152630140271185 ], [ 71.488228928987624, 51.152539440275483 ], [ 71.488927329238294, 51.152028540287922 ], [ 71.4888804, 51.1518836 ], [ 71.4887842, 51.1517759 ] ] ], [ [ [ 71.4847684, 51.1519519 ], [ 71.484728845827604, 51.152194143493595 ], [ 71.486290153099318, 51.153572943873193 ], [ 71.486471354104509, 51.153493243923478 ], [ 71.486508428392398, 51.153266140245712 ], [ 71.486629128433322, 51.15323464024776 ], [ 71.4866316, 51.1532195 ], [ 71.4853764, 51.1518938 ], [ 71.4849499, 51.1517524 ], [ 71.4847684, 51.1519519 ] ] ], [ [ [ 71.487077728562042, 51.153675540254518 ], [ 71.4869273, 51.153494 ], [ 71.486839446512775, 51.153525768351017 ], [ 71.486843, 51.153504 ], [ 71.4866724, 51.153326699999987 ], [ 71.4865207, 51.1533841 ], [ 71.486495983834971, 51.153535502453607 ], [ 71.486570826009725, 51.153613327779361 ], [ 71.4861086, 51.153780399999981 ], [ 71.486083882315754, 51.153931802378672 ], [ 71.486182382594009, 51.154039002393318 ], [ 71.486752584552207, 51.153832902491445 ], [ 71.486770101537005, 51.153673665753793 ], [ 71.486858428486727, 51.153754840250734 ], [ 71.487077728562042, 51.153675540254518 ] ] ], [ [ [ 71.489759558858324, 51.154005680597123 ], [ 71.490015159034314, 51.153907880605928 ], [ 71.490017736951074, 51.153892081900786 ], [ 71.49008824770344, 51.153970601520889 ], [ 71.49069614874611, 51.15375620157311 ], [ 71.4907085, 51.1536805 ], [ 71.4906187, 51.1535805 ], [ 71.4900108, 51.1537949 ], [ 71.490000579143413, 51.153857538279127 ], [ 71.4898974, 51.1537515 ], [ 71.4896419, 51.1538492 ], [ 71.489636958788424, 51.153879480593467 ], [ 71.489759558858324, 51.154005680597123 ] ] ], [ [ [ 71.4894069, 51.1538887 ], [ 71.4891994, 51.1539643 ], [ 71.489217853896164, 51.154001951284116 ], [ 71.4889396, 51.154105799999989 ], [ 71.488927245753757, 51.154181501422769 ], [ 71.489038545911768, 51.154298801431061 ], [ 71.489627746924938, 51.154078901481789 ], [ 71.4896401, 51.1540032 ], [ 71.4895288, 51.1538859 ], [ 71.489434049107231, 51.153921263069883 ], [ 71.4894069, 51.1538887 ] ] ], [ [ [ 71.4887048, 51.1540169 ], [ 71.488603, 51.1540543 ], [ 71.488634529054949, 51.154105840279684 ], [ 71.488736229089909, 51.154068440281442 ], [ 71.4887048, 51.1540169 ] ] ], [ [ [ 71.4886357, 51.1541096 ], [ 71.488332, 51.1542205 ], [ 71.48839802896876, 51.154309540275428 ], [ 71.488701729073114, 51.154198640280661 ], [ 71.4886357, 51.1541096 ] ] ], [ [ [ 71.4880635, 51.1542605 ], [ 71.4879746, 51.1542933 ], [ 71.487972128829014, 51.154308440268352 ], [ 71.488059728853841, 51.154401840269664 ], [ 71.488148628884403, 51.154369140271186 ], [ 71.4881511, 51.154354 ], [ 71.4880635, 51.1542605 ] ] ], [ [ [ 71.488834129112306, 51.154300140282686 ], [ 71.4887836, 51.1542258 ], [ 71.488393700000017, 51.1543632 ], [ 71.488391228963664, 51.154378340275215 ], [ 71.488444328978602, 51.154437540275985 ], [ 71.488834129112306, 51.154300140282686 ] ] ], [ [ [ 71.488948, 51.154305399999984 ], [ 71.488758, 51.1543789 ], [ 71.488745645398353, 51.154454601405476 ], [ 71.48910944591772, 51.154824601432701 ], [ 71.489299446244985, 51.154751101449072 ], [ 71.4893118, 51.154675399999988 ], [ 71.488948, 51.154305399999984 ] ] ], [ [ [ 71.487689, 51.1545409 ], [ 71.4870766, 51.1547604 ], [ 71.487046942080028, 51.154942083027677 ], [ 71.487158542460477, 51.155059383047636 ], [ 71.48775894493609, 51.154839883171661 ], [ 71.4877886, 51.1546582 ], [ 71.487689, 51.1545409 ] ] ], [ [ [ 71.4858028, 51.1548077 ], [ 71.4856875, 51.1548514 ], [ 71.485749428073291, 51.154930440230387 ], [ 71.485862028112095, 51.154886740232349 ], [ 71.4858028, 51.1548077 ] ] ], [ [ [ 71.490943748833828, 51.155274201581371 ], [ 71.491128949151829, 51.155207301597279 ], [ 71.4911413, 51.1551316 ], [ 71.4904973, 51.154430599999984 ], [ 71.4901441, 51.154363399999987 ], [ 71.4897841, 51.154495299999979 ], [ 71.489771747057929, 51.154571001489749 ], [ 71.489870747198097, 51.154677301497117 ], [ 71.490943748833828, 51.155274201581371 ] ] ], [ [ [ 71.4865557, 51.1548883 ], [ 71.4863688, 51.1549582 ], [ 71.486411928286941, 51.155021340241277 ], [ 71.486598828351234, 51.154951340244473 ], [ 71.4865557, 51.1548883 ] ] ], [ [ [ 71.486728, 51.1550191 ], [ 71.4866167, 51.15506 ], [ 71.486614228351087, 51.155075140244541 ], [ 71.486766228394131, 51.155237740246804 ], [ 71.486877528432387, 51.155196840248713 ], [ 71.48688, 51.155181699999979 ], [ 71.486728, 51.1550191 ] ] ], [ [ [ 71.4884534, 51.1553254 ], [ 71.4879322, 51.1547769 ], [ 71.4877612, 51.154840900000011 ], [ 71.487748843665344, 51.154916601318924 ], [ 71.488269944405374, 51.155465001357776 ], [ 71.488441044699613, 51.155401101372505 ], [ 71.4884534, 51.1553254 ] ] ], [ [ [ 71.4899143, 51.155538 ], [ 71.48991082139905, 51.155559317630008 ], [ 71.489889132484052, 51.155550888114256 ], [ 71.4898968, 51.1555039 ], [ 71.4892445, 51.1548239 ], [ 71.4890372, 51.1549022 ], [ 71.48902484574667, 51.154977901424431 ], [ 71.489677046674288, 51.155657901473091 ], [ 71.489732640139408, 51.155636913300157 ], [ 71.489863329387745, 51.155785840297376 ], [ 71.490040229448383, 51.155724740300414 ], [ 71.490038093457741, 51.155704350630373 ], [ 71.490751048481755, 51.155444801564009 ], [ 71.4907634, 51.1553691 ], [ 71.4906663, 51.1552642 ], [ 71.4899143, 51.155538 ] ] ], [ [ [ 71.48760782866627, 51.155335840260626 ], [ 71.4875148, 51.1552178 ], [ 71.4874002, 51.1552596 ], [ 71.487493228626889, 51.155377740258658 ], [ 71.48760782866627, 51.155335840260626 ] ] ], [ [ [ 71.486958, 51.1553323 ], [ 71.4867034, 51.155423399999989 ], [ 71.486767128382937, 51.155511340246363 ], [ 71.487021728470324, 51.155420240250756 ], [ 71.486958, 51.1553323 ] ] ], [ [ [ 71.487881728743872, 51.155628340264705 ], [ 71.4876282, 51.1553472 ], [ 71.4874784, 51.1554039 ], [ 71.487731928692327, 51.155685040262121 ], [ 71.487881728743872, 51.155628340264705 ] ] ], [ [ [ 71.4870231, 51.1554395 ], [ 71.4868642, 51.1554965 ], [ 71.486861728413984, 51.155511640247944 ], [ 71.487081828476093, 51.155752840251218 ], [ 71.487240728530622, 51.155695840253955 ], [ 71.4872432, 51.1556807 ], [ 71.4870231, 51.1554395 ] ] ], [ [ [ 71.4879148, 51.1556585 ], [ 71.4878236, 51.155688 ], [ 71.487891128740259, 51.155788440264601 ], [ 71.487982328771423, 51.155759040266169 ], [ 71.4879148, 51.1556585 ] ] ], [ [ [ 71.4866809, 51.1555447 ], [ 71.4864993, 51.1556097 ], [ 71.486496828289447, 51.155624840241707 ], [ 71.487066228451866, 51.156207240250218 ], [ 71.487247828514214, 51.156142240253324 ], [ 71.4872503, 51.156127099999985 ], [ 71.4866809, 51.1555447 ] ] ], [ [ [ 71.488287528860681, 51.156019240270815 ], [ 71.488378528892056, 51.155983440272394 ], [ 71.4884594, 51.1559019 ], [ 71.4882351, 51.1556774 ], [ 71.4880789, 51.1557388 ], [ 71.488076428802529, 51.155753940267736 ], [ 71.488110828810093, 51.15584234026818 ], [ 71.488287528860681, 51.156019240270815 ] ] ], [ [ [ 71.487649428651139, 51.156020740260217 ], [ 71.4873324, 51.1556781 ], [ 71.4871161, 51.1557611 ], [ 71.48743206930493, 51.156102654471155 ], [ 71.4871657, 51.1562207 ], [ 71.487163228482515, 51.156235840251775 ], [ 71.487335028532485, 51.156388240254394 ], [ 71.487604228625869, 51.156268940259054 ], [ 71.4876067, 51.1562538 ], [ 71.487436206664768, 51.156102559118416 ], [ 71.487649428651139, 51.156020740260217 ] ] ], [ [ [ 71.4887912, 51.1553641 ], [ 71.4886343, 51.1554275 ], [ 71.48862194497508, 51.155503201386708 ], [ 71.489581446345198, 51.156477701458513 ], [ 71.489745846628153, 51.156415301472677 ], [ 71.4897582, 51.1563396 ], [ 71.4887912, 51.1553641 ] ] ], [ [ [ 71.4910408, 51.1556235 ], [ 71.4900973, 51.1559886 ], [ 71.490084947258424, 51.156064301503669 ], [ 71.490201747425189, 51.156183101512418 ], [ 71.491145249050419, 51.1558179015937 ], [ 71.4911576, 51.1557422 ], [ 71.4910408, 51.1556235 ] ] ], [ [ [ 71.487718082059473, 51.156440471611454 ], [ 71.4876688, 51.1563843 ], [ 71.4874921, 51.1564452 ], [ 71.487585196381232, 51.156559136226704 ], [ 71.487531028587071, 51.156620440257285 ], [ 71.487873628684085, 51.156987640262372 ], [ 71.488361528851797, 51.156808640270768 ], [ 71.488364, 51.1567935 ], [ 71.4879182, 51.1563156 ], [ 71.4878157, 51.1563533 ], [ 71.487718082059473, 51.156440471611454 ] ] ], [ [ [ 71.486345940958515, 51.15684040118672 ], [ 71.487072342209828, 51.156559401249389 ], [ 71.4870847, 51.1564837 ], [ 71.4869802, 51.1563775 ], [ 71.4857984, 51.1561997 ], [ 71.4856466, 51.1562596 ], [ 71.485634239896569, 51.156335301131648 ], [ 71.486093840554588, 51.156793501166156 ], [ 71.486345940958515, 51.15684040118672 ] ] ], [ [ [ 71.490813948304137, 51.156782501558403 ], [ 71.49145804922307, 51.15744110160653 ], [ 71.491641249538588, 51.157370601622304 ], [ 71.491652935688933, 51.157298971871796 ], [ 71.49175672994123, 51.157406640326194 ], [ 71.492304630129809, 51.15719884033561 ], [ 71.4921919, 51.157064199999986 ], [ 71.49164217030895, 51.157283215016641 ], [ 71.4910094, 51.1566363 ], [ 71.4909863688884, 51.156645167822909 ], [ 71.4909932, 51.1566033 ], [ 71.490595, 51.1561831 ], [ 71.4903944, 51.1562579 ], [ 71.490382047689508, 51.156333601526164 ], [ 71.490780248254865, 51.156753801555816 ], [ 71.490821117583991, 51.156738562221811 ], [ 71.490813948304137, 51.156782501558403 ] ] ], [ [ [ 71.4885516, 51.156053 ], [ 71.488373, 51.1561218 ], [ 71.488360644400359, 51.156197501359372 ], [ 71.489256745679072, 51.157111901426411 ], [ 71.489435245986527, 51.157043001441785 ], [ 71.4894476, 51.1569673 ], [ 71.4885516, 51.156053 ] ] ], [ [ [ 71.4898759, 51.1564522 ], [ 71.4896436, 51.1565449 ], [ 71.489631246396925, 51.156620601461476 ], [ 71.489780546610987, 51.156768201472701 ], [ 71.490008347003382, 51.156680201492321 ], [ 71.4900207, 51.156604499999979 ], [ 71.4898759, 51.1564522 ] ] ], [ [ [ 71.487278, 51.1567047 ], [ 71.487268628495585, 51.156747740252705 ], [ 71.487360928521625, 51.156849040254066 ], [ 71.487728928630418, 51.157135040259725 ], [ 71.487881028682622, 51.157080540262335 ], [ 71.4876485, 51.1567937 ], [ 71.4874634, 51.1566668 ], [ 71.4874131, 51.156656299999987 ], [ 71.487278, 51.1567047 ] ] ], [ [ [ 71.4899249, 51.156864 ], [ 71.4898718, 51.1568865 ], [ 71.489869329342852, 51.156901640295672 ], [ 71.489924729358876, 51.156953040296514 ], [ 71.489977729377216, 51.156930540297431 ], [ 71.4899802, 51.1569154 ], [ 71.4899249, 51.156864 ] ] ], [ [ [ 71.4882053, 51.1568903 ], [ 71.4879201, 51.1570049 ], [ 71.488075128742409, 51.157174340265414 ], [ 71.488360328840841, 51.157059740270341 ], [ 71.4882053, 51.1568903 ] ] ], [ [ [ 71.4899385, 51.1569912 ], [ 71.489821, 51.1568749 ], [ 71.4894662, 51.157016 ], [ 71.489453846006825, 51.15709170144293 ], [ 71.489571346175254, 51.157208001451757 ], [ 71.489926146787241, 51.157066901482352 ], [ 71.4899385, 51.1569912 ] ] ], [ [ [ 71.4894874, 51.157135 ], [ 71.4893603, 51.1571831 ], [ 71.489399329174276, 51.157241440287294 ], [ 71.489526529218068, 51.157193340289496 ], [ 71.4894874, 51.157135 ] ] ], [ [ [ 71.4857445, 51.15704 ], [ 71.4856361, 51.157232 ], [ 71.485637827934426, 51.157362240224614 ], [ 71.485787627973494, 51.157602440226704 ], [ 71.486027128052243, 51.157599040230679 ], [ 71.486526628225889, 51.157368940239358 ], [ 71.4865232, 51.157193 ], [ 71.4863438, 51.1570102 ], [ 71.4857445, 51.15704 ] ] ], [ [ [ 71.488560328893897, 51.157359740273172 ], [ 71.4884902, 51.1572719 ], [ 71.4882966, 51.1573479 ], [ 71.488294128806359, 51.157363040268756 ], [ 71.488366628827123, 51.157435740269833 ], [ 71.488560328893897, 51.157359740273172 ] ] ], [ [ [ 71.487550200000015, 51.1574346 ], [ 71.4872047, 51.157557 ], [ 71.487197285313073, 51.157602420750592 ], [ 71.487656985701406, 51.158113120771041 ], [ 71.488002486057098, 51.157990820788854 ], [ 71.4880099, 51.1579454 ], [ 71.487550200000015, 51.1574346 ] ] ], [ [ [ 71.4898049, 51.1572699 ], [ 71.4896314, 51.1573399 ], [ 71.489619046209938, 51.157415601454026 ], [ 71.490601847621974, 51.158373401527896 ], [ 71.49077534792147, 51.158303401542881 ], [ 71.4907877, 51.1582277 ], [ 71.4898049, 51.1572699 ] ] ], [ [ [ 71.4861566, 51.1581125 ], [ 71.4856372, 51.1576668 ], [ 71.4852763, 51.1578323 ], [ 71.485273827794515, 51.157847440217758 ], [ 71.485793227946289, 51.158293040225679 ], [ 71.486154128071718, 51.158127640231953 ], [ 71.4861566, 51.1581125 ] ] ], [ [ [ 71.48904634515111, 51.157981301401882 ], [ 71.4890587, 51.1579056 ], [ 71.4888869, 51.1577295 ], [ 71.4881301, 51.15802 ], [ 71.488117743602857, 51.158095701323809 ], [ 71.488290043848593, 51.158272201336707 ], [ 71.48904634515111, 51.157981301401882 ] ] ], [ [ [ 71.48713, 51.1578397 ], [ 71.4865191, 51.1580749 ], [ 71.486489438212033, 51.158256582852012 ], [ 71.486593538568485, 51.158362882870705 ], [ 71.487204441093709, 51.158127682997154 ], [ 71.4872341, 51.157946 ], [ 71.48713, 51.1578397 ] ] ], [ [ [ 71.487811800000017, 51.1581619 ], [ 71.4868534, 51.1585256 ], [ 71.486831154495746, 51.158661862183322 ], [ 71.486947554794, 51.158782562198986 ], [ 71.487905957763246, 51.158418862347659 ], [ 71.4879282, 51.1582826 ], [ 71.487811800000017, 51.1581619 ] ] ], [ [ [ 71.4880471, 51.158411 ], [ 71.4879746, 51.1584113 ], [ 71.4878983, 51.1584376 ], [ 71.4878638, 51.1584712 ], [ 71.487840257468974, 51.158683662333971 ], [ 71.487874457555293, 51.158722562338532 ], [ 71.488051658056833, 51.158780762364188 ], [ 71.488125758277249, 51.158776862375319 ], [ 71.488213958549338, 51.158746462388962 ], [ 71.488239258634522, 51.15871886239313 ], [ 71.4882615, 51.1585826 ], [ 71.4881928, 51.1585042 ], [ 71.4880471, 51.158411 ] ] ], [ [ [ 71.489610545782924, 51.159382301437411 ], [ 71.489791446094344, 51.159313401452998 ], [ 71.489803800000018, 51.1592377 ], [ 71.4895038, 51.1584036 ], [ 71.489311, 51.1582043 ], [ 71.4889312, 51.1583489 ], [ 71.4888109, 51.1584675 ], [ 71.488798544626306, 51.158543201376752 ], [ 71.489610545782924, 51.159382301437411 ] ] ], [ [ [ 71.4874059, 51.1588056 ], [ 71.4873172, 51.1588405 ], [ 71.48731472842212, 51.15885564025006 ], [ 71.487395028445093, 51.158935940251254 ], [ 71.487483728475695, 51.158901040252786 ], [ 71.4874862, 51.1588859 ], [ 71.4874059, 51.1588056 ] ] ], [ [ [ 71.4866611, 51.158766099999987 ], [ 71.4865466, 51.158645299999989 ], [ 71.4855708, 51.159009 ], [ 71.485548550523234, 51.159145261984342 ], [ 71.485663050815816, 51.159266061999737 ], [ 71.486638853836581, 51.158902362151061 ], [ 71.4866611, 51.158766099999987 ] ] ], [ [ [ 71.4870376, 51.1587998 ], [ 71.486965, 51.1588001 ], [ 71.4868887, 51.1588264 ], [ 71.4868541, 51.15886 ], [ 71.486830654338917, 51.159072462177264 ], [ 71.486864854425249, 51.159111362181825 ], [ 71.487042054926775, 51.159169562207481 ], [ 71.487116255147484, 51.159165662218648 ], [ 71.487204255419002, 51.159135262232247 ], [ 71.487229655504493, 51.159107662236451 ], [ 71.4872519, 51.1589714 ], [ 71.4871831, 51.158893 ], [ 71.4870376, 51.1587998 ] ] ], [ [ [ 71.4888822, 51.1588863 ], [ 71.488247800000011, 51.159142 ], [ 71.488409428762097, 51.159317240267498 ], [ 71.48904382898111, 51.159061640278459 ], [ 71.4888822, 51.1588863 ] ] ], [ [ [ 71.487732528537364, 51.159376840256158 ], [ 71.487934, 51.1591863 ], [ 71.487768800000012, 51.1590085 ], [ 71.4867873, 51.1593872 ], [ 71.486784828225183, 51.159402340240362 ], [ 71.486813928231697, 51.15947394024073 ], [ 71.486867428246853, 51.159531540241524 ], [ 71.486953728273463, 51.159572840242888 ], [ 71.487167128343927, 51.159562940246452 ], [ 71.487273428379524, 51.15954654024825 ], [ 71.487732528537364, 51.159376840256158 ] ] ], [ [ [ 71.4860511, 51.1591818 ], [ 71.4859786, 51.15918210000001 ], [ 71.4859023, 51.1592084 ], [ 71.4858677, 51.159242 ], [ 71.485844251279886, 51.159454462024101 ], [ 71.485878451366204, 51.159493362028648 ], [ 71.486055551867494, 51.159551462054289 ], [ 71.486129752088218, 51.159547562065477 ], [ 71.486217852360028, 51.159517162079105 ], [ 71.486243152445184, 51.159489662083274 ], [ 71.4862654, 51.1593534 ], [ 71.4861967, 51.159275 ], [ 71.4860511, 51.1591818 ] ] ], [ [ [ 71.4865212, 51.1594971 ], [ 71.4860563, 51.1596773 ], [ 71.486179128008771, 51.159819540229613 ], [ 71.486644028168996, 51.159639240237638 ], [ 71.4865212, 51.1594971 ] ] ], [ [ [ 71.4895764, 51.159755400000016 ], [ 71.4891763, 51.1593439 ], [ 71.4881041, 51.1597521 ], [ 71.488074443610088, 51.15993378313555 ], [ 71.488485045018095, 51.160349383209343 ], [ 71.48868714579875, 51.160380283249033 ], [ 71.489497449159984, 51.160045283417126 ], [ 71.489546749408746, 51.159937083429057 ], [ 71.4895764, 51.159755400000016 ] ] ], [ [ [ 71.48803422859126, 51.16045114025944 ], [ 71.4874544, 51.159788 ], [ 71.4868367, 51.1600064 ], [ 71.486947828247338, 51.160147840241862 ], [ 71.487773828501901, 51.160543140254944 ], [ 71.48803422859126, 51.16045114025944 ] ] ], [ [ [ 71.490595547165881, 51.160496101510205 ], [ 71.49119984820554, 51.1602691015622 ], [ 71.4912122, 51.160193399999983 ], [ 71.4909642, 51.1599337 ], [ 71.4908676, 51.1599271 ], [ 71.4904018, 51.1601021 ], [ 71.490397546884381, 51.160288801495419 ], [ 71.490595547165881, 51.160496101510205 ] ] ], [ [ [ 71.487181441495053, 51.160812001224016 ], [ 71.487410041886363, 51.160735701243624 ], [ 71.487422400000014, 51.16066 ], [ 71.4873421, 51.1605653 ], [ 71.487052, 51.1603328 ], [ 71.4867154, 51.1604451 ], [ 71.486703040770962, 51.1605208011866 ], [ 71.486804140911858, 51.160640001194032 ], [ 71.487181441495053, 51.160812001224016 ] ] ], [ [ [ 71.4858499, 51.1603292 ], [ 71.485673, 51.1603961 ], [ 71.485660639070133, 51.160471801100336 ], [ 71.486173439799785, 51.161005001138655 ], [ 71.486350340104252, 51.160938101153882 ], [ 71.4863627, 51.1608624 ], [ 71.4858499, 51.1603292 ] ] ], [ [ [ 71.4898332, 51.1603624 ], [ 71.4886871, 51.1607857 ], [ 71.488664859058787, 51.16092196242468 ], [ 71.488677759076992, 51.160974562425828 ], [ 71.489132060241673, 51.161444462486919 ], [ 71.489195460418799, 51.161471462496017 ], [ 71.490341763966072, 51.161048062673551 ], [ 71.490463664355559, 51.160970562692896 ], [ 71.4904859, 51.1608343 ], [ 71.49002, 51.1603382 ], [ 71.4898332, 51.1603624 ] ] ], [ [ [ 71.4865206, 51.1609017 ], [ 71.4855039, 51.1613012 ], [ 71.48549153860219, 51.161376901078924 ], [ 71.485581938730746, 51.161471301085683 ], [ 71.486607140495593, 51.161081801174078 ], [ 71.486619500000018, 51.1610061 ], [ 71.4865206, 51.1609017 ] ] ], [ [ [ 71.490090158458642, 51.161347480584332 ], [ 71.490250158550367, 51.161505980589126 ], [ 71.490639958819344, 51.161351280602574 ], [ 71.490644900000021, 51.161321 ], [ 71.4904849, 51.1611625 ], [ 71.4904038, 51.1611527 ], [ 71.4900951, 51.1613172 ], [ 71.490090158458642, 51.161347480584332 ] ] ], [ [ [ 71.48788264245114, 51.161739601274782 ], [ 71.488129442832431, 51.161853201294349 ], [ 71.488707943824295, 51.161652501344037 ], [ 71.488788643968789, 51.161595301351205 ], [ 71.488801, 51.161519599999984 ], [ 71.4886728, 51.1613742 ], [ 71.488177, 51.1609992 ], [ 71.4875121, 51.16123 ], [ 71.487499741913794, 51.161305701246455 ], [ 71.48788264245114, 51.161739601274782 ] ] ], [ [ [ 71.491006347566028, 51.161801801533727 ], [ 71.491371348176315, 51.161749001564466 ], [ 71.492426249991055, 51.16135370165523 ], [ 71.4924386, 51.161278 ], [ 71.4919442, 51.1607779 ], [ 71.4911692, 51.1603727 ], [ 71.4909377, 51.1604627 ], [ 71.4908489, 51.16083 ], [ 71.490792815554457, 51.161343619887141 ], [ 71.4906843, 51.1613821 ], [ 71.490681829420751, 51.161397240301866 ], [ 71.49074592943883, 51.161468240302824 ], [ 71.490781635799664, 51.16145556949823 ], [ 71.490770847229442, 51.1615636015161 ], [ 71.491006347566028, 51.161801801533727 ] ] ], [ [ [ 71.489938829153147, 51.161960640288626 ], [ 71.4896596, 51.161638600000011 ], [ 71.489444, 51.1617165 ], [ 71.48972322907909, 51.16203844028491 ], [ 71.489938829153147, 51.161960640288626 ] ] ], [ [ [ 71.487303756553558, 51.162244180488813 ], [ 71.4873087, 51.162213899999983 ], [ 71.4867612, 51.1616566 ], [ 71.4864137, 51.1617908 ], [ 71.486408756001453, 51.161821080460456 ], [ 71.486521656065932, 51.161935980463809 ], [ 71.487002156345724, 51.162360680478429 ], [ 71.487303756553558, 51.162244180488813 ] ] ], [ [ [ 71.4899908, 51.16203380000001 ], [ 71.4898055, 51.1621035 ], [ 71.489928929137733, 51.162250240288003 ], [ 71.490114329201532, 51.162180540291182 ], [ 71.4899908, 51.16203380000001 ] ] ], [ [ [ 71.486305755868699, 51.162595280454497 ], [ 71.486607356076547, 51.162478780464909 ], [ 71.4866123, 51.1624485 ], [ 71.4860648, 51.1618912 ], [ 71.4857173, 51.1620255 ], [ 71.485712355524427, 51.162055780436511 ], [ 71.486305755868699, 51.162595280454497 ] ] ], [ [ [ 71.4895231, 51.162151299999984 ], [ 71.489391490100203, 51.162211789427154 ], [ 71.4891785, 51.1619812 ], [ 71.4888525, 51.1621004 ], [ 71.489072728850374, 51.162398740273524 ], [ 71.489254828901935, 51.162594540276238 ], [ 71.489595829019123, 51.162469840282107 ], [ 71.489424712488429, 51.162250811307324 ], [ 71.489602729022891, 51.16243454028227 ], [ 71.489732429067544, 51.16238514028452 ], [ 71.4895231, 51.162151299999984 ] ] ], [ [ [ 71.488352528602391, 51.162672740261108 ], [ 71.488355, 51.1626576 ], [ 71.4881162, 51.1624221 ], [ 71.4879339, 51.1624911 ], [ 71.487959528472686, 51.162688640254565 ], [ 71.48806272850284, 51.162777040256131 ], [ 71.488352528602391, 51.162672740261108 ] ] ], [ [ [ 71.4897928, 51.1624923 ], [ 71.4894575, 51.1626176 ], [ 71.48954742899231, 51.162729940280883 ], [ 71.489882729107663, 51.162604640286659 ], [ 71.4897928, 51.1624923 ] ] ], [ [ [ 71.4871686, 51.1626254 ], [ 71.487016, 51.16268 ], [ 71.48701352816181, 51.162695140238846 ], [ 71.487320828250006, 51.162996940243445 ], [ 71.487453328295928, 51.162939840245748 ], [ 71.4874558, 51.1629247 ], [ 71.4871686, 51.1626254 ] ] ], [ [ [ 71.4893589, 51.1627828 ], [ 71.4889697, 51.1629363 ], [ 71.489054128817401, 51.163038140272185 ], [ 71.489443328951623, 51.162884740278905 ], [ 71.4893589, 51.1627828 ] ] ], [ [ [ 71.4902409, 51.1630591 ], [ 71.490116, 51.1629455 ], [ 71.4899499, 51.1630173 ], [ 71.489947429110927, 51.16303244028704 ], [ 71.490072329147168, 51.163146040288936 ], [ 71.490238429204723, 51.163074240291806 ], [ 71.4902409, 51.1630591 ] ] ], [ [ [ 71.489515328960081, 51.163246140279519 ], [ 71.48963902899591, 51.163360140281391 ], [ 71.489962329106021, 51.163265940286912 ], [ 71.490040429133089, 51.163232540288263 ], [ 71.4900429, 51.1632174 ], [ 71.4899582, 51.1631393 ], [ 71.4898182, 51.1631068 ], [ 71.4895178, 51.163231 ], [ 71.489515328960081, 51.163246140279519 ] ] ], [ [ [ 71.488468, 51.1634043 ], [ 71.4883713, 51.1633075 ], [ 71.4879783, 51.1629921 ], [ 71.4876553, 51.1631126 ], [ 71.487650356705601, 51.163142880497432 ], [ 71.488070756944765, 51.163581780509972 ], [ 71.488463057214759, 51.163434580523507 ], [ 71.488468, 51.1634043 ] ] ], [ [ [ 71.489552528967536, 51.163359440279955 ], [ 71.4894522, 51.1632442 ], [ 71.4892267, 51.1633353 ], [ 71.489224228860124, 51.163350440274506 ], [ 71.489327028889676, 51.163450540276038 ], [ 71.489552528967536, 51.163359440279955 ] ] ], [ [ [ 71.48672095603267, 51.163887280464138 ], [ 71.4867259, 51.163857 ], [ 71.4861785, 51.1632997 ], [ 71.4858309, 51.1634339 ], [ 71.485825955480522, 51.163464180435739 ], [ 71.485938755544936, 51.163579080439106 ], [ 71.486419255824757, 51.164003780453719 ], [ 71.48672095603267, 51.163887280464138 ] ] ], [ [ [ 71.4873934, 51.1637703 ], [ 71.4872324, 51.1638342 ], [ 71.487315828209134, 51.163930040241858 ], [ 71.487487428268025, 51.163869540244804 ], [ 71.4874899, 51.1638544 ], [ 71.4873934, 51.1637703 ] ] ], [ [ [ 71.48956352893741, 51.164162140278833 ], [ 71.4892061, 51.1637307 ], [ 71.4887608, 51.1638821 ], [ 71.489118228784832, 51.164313540271188 ], [ 71.48956352893741, 51.164162140278833 ] ] ], [ [ [ 71.4903666, 51.1640486 ], [ 71.4901629, 51.1641255 ], [ 71.49016042913432, 51.164140640288778 ], [ 71.490346529187264, 51.164334540291563 ], [ 71.490550229257394, 51.164257640295055 ], [ 71.4905527, 51.1642425 ], [ 71.4903666, 51.1640486 ] ] ], [ [ [ 71.488438, 51.1640343 ], [ 71.4881889, 51.1641198 ], [ 71.488183956971312, 51.164150080511909 ], [ 71.488555457179473, 51.164575980522876 ], [ 71.48880455735025, 51.164490580531435 ], [ 71.4888095, 51.1644603 ], [ 71.488438, 51.1640343 ] ] ], [ [ [ 71.4906531, 51.1643978 ], [ 71.490497, 51.1644524 ], [ 71.49055892924838, 51.164539840294751 ], [ 71.490715029301938, 51.164485240297438 ], [ 71.4906531, 51.1643978 ] ] ], [ [ [ 71.4904219, 51.1645059 ], [ 71.4902765, 51.164556799999986 ], [ 71.490324929167812, 51.164629140290721 ], [ 71.4904703292177, 51.164578240293224 ], [ 71.4904219, 51.1645059 ] ] ], [ [ [ 71.488187728453838, 51.164919240254733 ], [ 71.48754940000002, 51.1642143 ], [ 71.487165, 51.1643548 ], [ 71.4872625281686, 51.164477540240085 ], [ 71.487850628337966, 51.165042440248939 ], [ 71.488187728453838, 51.164919240254733 ] ] ], [ [ [ 71.4908652, 51.1645393 ], [ 71.4907143, 51.1645922 ], [ 71.490810729323584, 51.164718340298641 ], [ 71.490961529375298, 51.164665540301243 ], [ 71.4908652, 51.1645393 ] ] ], [ [ [ 71.490737129297031, 51.164774740297339 ], [ 71.4906471, 51.1646629 ], [ 71.4904826, 51.1647248 ], [ 71.490572729240441, 51.16483664029451 ], [ 71.490737129297031, 51.164774740297339 ] ] ], [ [ [ 71.490403729179093, 51.164975940291463 ], [ 71.490593629244287, 51.164908540294725 ], [ 71.4905961, 51.1648934 ], [ 71.4903964, 51.1646721 ], [ 71.489866500000019, 51.1648601 ], [ 71.490021329050435, 51.165049540285004 ], [ 71.490361210784855, 51.164928846818505 ], [ 71.490403729179093, 51.164975940291463 ] ] ], [ [ [ 71.4909451, 51.164794 ], [ 71.4908279, 51.1648383 ], [ 71.490904729345289, 51.164935940299848 ], [ 71.491021929385639, 51.164891640301867 ], [ 71.4909451, 51.164794 ] ] ], [ [ [ 71.490779, 51.1648362 ], [ 71.4906307, 51.164888099999985 ], [ 71.490682129271036, 51.164963740296116 ], [ 71.490830329321895, 51.16491184029865 ], [ 71.490779, 51.1648362 ] ] ], [ [ [ 71.4910088, 51.165067 ], [ 71.4908584, 51.1651197 ], [ 71.490910629336298, 51.165196240299537 ], [ 71.491061029387893, 51.165143540302104 ], [ 71.4910088, 51.165067 ] ] ], [ [ [ 71.490575129222577, 51.165280540293821 ], [ 71.490746229281541, 51.16521424029677 ], [ 71.490769129291195, 51.16516384029724 ], [ 71.4906253, 51.1650004 ], [ 71.4904017, 51.1650871 ], [ 71.490575129222577, 51.165280540293821 ] ] ], [ [ [ 71.4897475, 51.164957200000011 ], [ 71.4888904, 51.1652876 ], [ 71.489032028708777, 51.165449740267903 ], [ 71.489889129004112, 51.165119340282693 ], [ 71.4897475, 51.164957200000011 ] ] ], [ [ [ 71.4900306, 51.165244799999989 ], [ 71.4892888, 51.165548899999983 ], [ 71.489286328787472, 51.165564040271946 ], [ 71.489443328832692, 51.16571454027433 ], [ 71.490185029089034, 51.165410540287134 ], [ 71.4901875, 51.1653954 ], [ 71.4900306, 51.165244799999989 ] ] ], [ [ [ 71.4888196, 51.1653237 ], [ 71.488258700036454, 51.165542299985795 ], [ 71.4882362, 51.1655196 ], [ 71.4879046, 51.1656489 ], [ 71.488003328357678, 51.165766140250319 ], [ 71.488210328427357, 51.165725540253817 ], [ 71.488288928454452, 51.165694940255172 ], [ 71.488335028472022, 51.16563694025605 ], [ 71.488404428491876, 51.165706940257067 ], [ 71.488965328685254, 51.165488340266734 ], [ 71.4888196, 51.1653237 ] ] ], [ [ [ 71.488675828569015, 51.165991940261122 ], [ 71.488850328626256, 51.16599344026401 ], [ 71.489293728778506, 51.16583524027164 ], [ 71.4891053, 51.1656097 ], [ 71.4883282, 51.1658869 ], [ 71.488472828499312, 51.166064240257619 ], [ 71.488675828569015, 51.165991940261122 ] ] ], [ [ [ 71.4876716, 51.165677100000011 ], [ 71.4874704, 51.1657525 ], [ 71.487467928181815, 51.165767640241413 ], [ 71.487779828270476, 51.166094740246059 ], [ 71.487981028339703, 51.166019340249541 ], [ 71.4879835, 51.16600420000001 ], [ 71.4876716, 51.165677100000011 ] ] ], [ [ [ 71.4880962, 51.1659664 ], [ 71.488003, 51.166001499999986 ], [ 71.488000528346234, 51.16601664024985 ], [ 71.488149928388722, 51.16617274025208 ], [ 71.488243128420805, 51.166137640253702 ], [ 71.4882456, 51.1661225 ], [ 71.4880962, 51.1659664 ] ] ], [ [ [ 71.4863462, 51.1664455 ], [ 71.4861623, 51.1665075 ], [ 71.48627742775335, 51.166659940220164 ], [ 71.486461327816329, 51.166597940223326 ], [ 71.4863462, 51.1664455 ] ] ], [ [ [ 71.486811127922309, 51.166809840228787 ], [ 71.4867822, 51.1667565 ], [ 71.486683, 51.1667885 ], [ 71.486680527879656, 51.166803640226632 ], [ 71.486711927888365, 51.1668418402271 ], [ 71.486811127922309, 51.166809840228787 ] ] ], [ [ [ 71.486819, 51.166926 ], [ 71.4866554, 51.1669844 ], [ 71.486690727873025, 51.167041140226416 ], [ 71.486854327929208, 51.166982740229237 ], [ 71.486819, 51.166926 ] ] ], [ [ [ 71.4870494, 51.1671601 ], [ 71.4867978, 51.1672513 ], [ 71.486795327897909, 51.167266440227799 ], [ 71.487323628047278, 51.16783944023566 ], [ 71.487575228133736, 51.167748340239974 ], [ 71.4875777, 51.1677332 ], [ 71.4870494, 51.1671601 ] ] ], [ [ [ 71.487734328178348, 51.16792984024233 ], [ 71.4876401, 51.1678075 ], [ 71.4872806, 51.1679349 ], [ 71.487278128027683, 51.167950040234707 ], [ 71.487374728054903, 51.168057240236152 ], [ 71.487734328178348, 51.16792984024233 ] ] ], [ [ [ 71.4878445, 51.168022799999989 ], [ 71.4876934, 51.1680899 ], [ 71.487690928156724, 51.168105040241308 ], [ 71.48780272818928, 51.168204040243012 ], [ 71.487953828241729, 51.168136940245645 ], [ 71.4879563, 51.1681218 ], [ 71.4878445, 51.168022799999989 ] ] ], [ [ [ 71.48716372794776, 51.16895724023118 ], [ 71.488107428271903, 51.168618840247419 ], [ 71.48784, 51.1683077 ], [ 71.4860888, 51.1674006 ], [ 71.4854634, 51.1676248 ], [ 71.486267427671606, 51.168524440216977 ], [ 71.48716372794776, 51.16895724023118 ] ] ], [ [ [ 71.4894469, 51.1701653 ], [ 71.4883657, 51.1704784 ], [ 71.488477228307985, 51.170648340250274 ], [ 71.489558428676261, 51.170335140268755 ], [ 71.4894469, 51.1701653 ] ] ], [ [ [ 71.4893434, 51.1705402 ], [ 71.4887103, 51.1707248 ], [ 71.488931828440741, 51.171041840257189 ], [ 71.489564928656463, 51.170857140268012 ], [ 71.4893434, 51.1705402 ] ] ], [ [ [ 71.4867227, 51.1715582 ], [ 71.4865062, 51.1716357 ], [ 71.486650427659072, 51.171811840218027 ], [ 71.486866927733459, 51.171734240221745 ], [ 71.4867227, 51.1715582 ] ] ], [ [ [ 71.4870487, 51.1730834 ], [ 71.4869562, 51.1731145 ], [ 71.486953727703238, 51.173129640220928 ], [ 71.487031527724952, 51.173220440222067 ], [ 71.487123927756627, 51.173189340223651 ], [ 71.4871264, 51.1731742 ], [ 71.4870487, 51.1730834 ] ] ], [ [ [ 71.490842530041036, 51.147879240326439 ], [ 71.4907408, 51.1477481 ], [ 71.4903978, 51.1478693 ], [ 71.490395329894071, 51.147884440319004 ], [ 71.490499629923448, 51.148000440320551 ], [ 71.490842530041036, 51.147879240326439 ] ] ], [ [ [ 71.4909177, 51.1479182 ], [ 71.490805230020399, 51.148079740325485 ], [ 71.491146030128007, 51.148180440330989 ], [ 71.4912584, 51.148019 ], [ 71.4909177, 51.1479182 ] ] ], [ [ [ 71.4905637, 51.1483521 ], [ 71.490460429888856, 51.148517640319064 ], [ 71.490719529971045, 51.148585940323251 ], [ 71.4908228, 51.1484205 ], [ 71.4905637, 51.1483521 ] ] ], [ [ [ 71.4914295, 51.1485147 ], [ 71.4912021, 51.1484548 ], [ 71.491087530089658, 51.148637040329284 ], [ 71.491314930161764, 51.148697040332962 ], [ 71.4914295, 51.1485147 ] ] ], [ [ [ 71.4918769, 51.1486806 ], [ 71.4916818, 51.148727 ], [ 71.491742030295654, 51.148846140339799 ], [ 71.491937230361671, 51.148799740343101 ], [ 71.4918769, 51.1486806 ] ] ], [ [ [ 71.4923475, 51.14895 ], [ 71.492299330470587, 51.149036340348751 ], [ 71.492576130558518, 51.149105740353228 ], [ 71.492743530612515, 51.14912794035596 ], [ 71.492816330637567, 51.149100340357229 ], [ 71.4928472, 51.1490452 ], [ 71.4928061, 51.1489727 ], [ 71.4925971, 51.148921 ], [ 71.4923475, 51.14895 ] ] ], [ [ [ 71.490438, 51.149086699999984 ], [ 71.4902874, 51.1490905 ], [ 71.4902264, 51.149175 ], [ 71.490252029790739, 51.149226140314447 ], [ 71.490387729833628, 51.149265040316635 ], [ 71.490546329887877, 51.149212940319373 ], [ 71.4905718, 51.1491663 ], [ 71.4905414, 51.1491165 ], [ 71.490438, 51.149086699999984 ] ] ], [ [ [ 71.490605429904392, 51.149281740320227 ], [ 71.490815629970868, 51.149340840323617 ], [ 71.490882829993836, 51.149319540324761 ], [ 71.490905530002621, 51.1492877403252 ], [ 71.4908946, 51.1492104 ], [ 71.490662, 51.1491436 ], [ 71.490605429904392, 51.149281740320227 ] ] ], [ [ [ 71.4909321, 51.1492788 ], [ 71.490886329993046, 51.149365440324758 ], [ 71.490937530008352, 51.149401040325543 ], [ 71.491037230040092, 51.149424740327156 ], [ 71.491129430070401, 51.149423640328706 ], [ 71.491226330104439, 51.149370040330396 ], [ 71.4913361, 51.149181 ], [ 71.4911787, 51.1491438 ], [ 71.4909321, 51.1492788 ] ] ], [ [ [ 71.492508330524657, 51.14938234035165 ], [ 71.49266743057521, 51.149421540354219 ], [ 71.492727130596663, 51.149377740355284 ], [ 71.492760430609863, 51.149323740355925 ], [ 71.4928044, 51.1491954 ], [ 71.4925025, 51.1491221 ], [ 71.492446630510983, 51.1492257403509 ], [ 71.492508330524657, 51.14938234035165 ] ] ], [ [ [ 71.4913272, 51.149344 ], [ 71.49125233010875, 51.149470540330668 ], [ 71.491472830178822, 51.149525240334221 ], [ 71.4915476, 51.1494002 ], [ 71.4913272, 51.149344 ] ] ], [ [ [ 71.4915258301954, 51.149544640335087 ], [ 71.491562030205372, 51.149590240335606 ], [ 71.491648430232743, 51.149613740337003 ], [ 71.491800530282717, 51.149612740339535 ], [ 71.491863130305148, 51.149567540340641 ], [ 71.4918787, 51.1494864 ], [ 71.4916073, 51.1494136 ], [ 71.4915258301954, 51.149544640335087 ] ] ], [ [ [ 71.4923907, 51.1494624 ], [ 71.492377530474528, 51.149553940349207 ], [ 71.49240873048366, 51.149580440349673 ], [ 71.492534630523835, 51.14960784035172 ], [ 71.4926173, 51.1494462 ], [ 71.4925145, 51.149424 ], [ 71.4924532, 51.1494312 ], [ 71.4923907, 51.1494624 ] ] ], [ [ [ 71.4918144, 51.149678499999986 ], [ 71.491834430288861, 51.149730640339897 ], [ 71.49192843031858, 51.149758140341412 ], [ 71.492067030363629, 51.149768440343699 ], [ 71.4921507, 51.1496441 ], [ 71.4919789, 51.1495714 ], [ 71.4918957, 51.1495694 ], [ 71.4918144, 51.149678499999986 ] ] ], [ [ [ 71.4903829, 51.1497218 ], [ 71.4903253, 51.149750299999987 ], [ 71.4902846, 51.1498069 ], [ 71.490287929775334, 51.149873840314008 ], [ 71.490380429803665, 51.149921940315465 ], [ 71.490502529842317, 51.149955940317426 ], [ 71.490550829858606, 51.14994534031824 ], [ 71.4906353, 51.1498167 ], [ 71.49056090000002, 51.1497532 ], [ 71.4903829, 51.1497218 ] ] ], [ [ [ 71.4921677, 51.1497368 ], [ 71.492106230372798, 51.149856340344201 ], [ 71.492363730454073, 51.149933740348359 ], [ 71.4924359, 51.1498142 ], [ 71.4921677, 51.1497368 ] ] ], [ [ [ 71.494010630990047, 51.150041340375502 ], [ 71.4939648, 51.1498479 ], [ 71.4937073, 51.1495888 ], [ 71.493262, 51.149750299999987 ], [ 71.493656530868179, 51.150175940369415 ], [ 71.494010630990047, 51.150041340375502 ] ] ], [ [ [ 71.4907441, 51.1498506 ], [ 71.490622329878946, 51.150020140319313 ], [ 71.490899229966175, 51.150106540323769 ], [ 71.4910209, 51.1499349 ], [ 71.4907441, 51.1498506 ] ] ], [ [ [ 71.4911297, 51.1499798 ], [ 71.491035330009964, 51.150127740325992 ], [ 71.491283130088576, 51.150191940330018 ], [ 71.4913798, 51.150048399999989 ], [ 71.4911297, 51.1499798 ] ] ], [ [ [ 71.4917716, 51.1501639 ], [ 71.4915194, 51.1500922 ], [ 71.491371030113129, 51.1502943403313 ], [ 71.491621030192022, 51.150369940335331 ], [ 71.4917716, 51.1501639 ] ] ], [ [ [ 71.4919167, 51.150196 ], [ 71.491815330256671, 51.150349040338583 ], [ 71.492061930334685, 51.150418340342561 ], [ 71.4921656, 51.1502646 ], [ 71.4919167, 51.150196 ] ] ], [ [ [ 71.4923006, 51.1503025 ], [ 71.492171330368322, 51.150472340344301 ], [ 71.492440030452826, 51.1505599403486 ], [ 71.492567, 51.1503872 ], [ 71.4923006, 51.1503025 ] ] ], [ [ [ 71.492641630510946, 51.150752040351641 ], [ 71.492907230591442, 51.150910940355793 ], [ 71.493036530635933, 51.150861940358006 ], [ 71.4927635, 51.1505613 ], [ 71.492552, 51.1506415 ], [ 71.492641630510946, 51.150752040351641 ] ] ], [ [ [ 71.490679929850344, 51.151151340318435 ], [ 71.49078632988072, 51.151260040320032 ], [ 71.491273230048179, 51.151077640328396 ], [ 71.4912757, 51.1510625 ], [ 71.4911739, 51.1509577 ], [ 71.4909994, 51.15097020000001 ], [ 71.4908394, 51.1510289 ], [ 71.490679929850344, 51.151151340318435 ] ] ], [ [ [ 71.496253558104058, 51.152624002043282 ], [ 71.4962659, 51.1525483 ], [ 71.4956145, 51.1518609 ], [ 71.4955525, 51.151884 ], [ 71.4954116, 51.1517353 ], [ 71.4952411, 51.1517989 ], [ 71.495379531358779, 51.151962740395092 ], [ 71.495475331391717, 51.15192704039675 ], [ 71.495465456944089, 51.151987601983087 ], [ 71.496116857869026, 51.152675002031543 ], [ 71.496253558104058, 51.152624002043282 ] ] ], [ [ [ 71.4944308, 51.1521449 ], [ 71.49431220000001, 51.1521882 ], [ 71.494385031018751, 51.152287340378088 ], [ 71.494503931059555, 51.152244740380127 ], [ 71.4944308, 51.1521449 ] ] ], [ [ [ 71.493459430689583, 51.152891640361752 ], [ 71.494363130992937, 51.152731440376982 ], [ 71.494553731058559, 51.152658240380283 ], [ 71.4945562, 51.1526431 ], [ 71.494157, 51.152234 ], [ 71.4939663, 51.1523073 ], [ 71.4932971, 51.1527035 ], [ 71.493459430689583, 51.152891640361752 ] ] ], [ [ [ 71.494797, 51.152506399999986 ], [ 71.494606, 51.1525768 ], [ 71.49459365537399, 51.15265250190545 ], [ 71.495195856227511, 51.153295301950166 ], [ 71.49538685655574, 51.153224901966574 ], [ 71.4953992, 51.153149199999987 ], [ 71.494797, 51.152506399999986 ] ] ], [ [ [ 71.4926949, 51.152757799999989 ], [ 71.492685021762654, 51.15281836139647 ], [ 71.493341930624979, 51.1535128403588 ], [ 71.493484230673928, 51.153459440361246 ], [ 71.493187863112027, 51.153130759162998 ], [ 71.4931973, 51.1530729 ], [ 71.4928437, 51.152702 ], [ 71.4926949, 51.152757799999989 ] ] ], [ [ [ 71.4937542, 51.1529345 ], [ 71.4935401, 51.1530068 ], [ 71.493571530719265, 51.153061440363338 ], [ 71.493785630792573, 51.152989140367019 ], [ 71.4937542, 51.1529345 ] ] ], [ [ [ 71.4920672, 51.152983399999989 ], [ 71.4919821, 51.1530162 ], [ 71.491979630198031, 51.153031340336973 ], [ 71.492116030236971, 51.153170440339011 ], [ 71.492201230266318, 51.153137540340474 ], [ 71.4922037, 51.1531224 ], [ 71.4920672, 51.152983399999989 ] ] ], [ [ [ 71.492082730224723, 51.153201640338409 ], [ 71.4919422, 51.1530398 ], [ 71.4915655, 51.153184200000013 ], [ 71.491563300886099, 51.153197680178963 ], [ 71.4914851, 51.1531211 ], [ 71.4907976, 51.1533973 ], [ 71.490785248951781, 51.153473001582803 ], [ 71.49088174909032, 51.15356750159004 ], [ 71.491569250276584, 51.153291301649347 ], [ 71.491581209987686, 51.153217990710893 ], [ 71.491706030095031, 51.153346040331904 ], [ 71.492082730224723, 51.153201640338409 ] ] ], [ [ [ 71.4948101, 51.1531628 ], [ 71.4947212, 51.1531943 ], [ 71.494718731089606, 51.15320944038212 ], [ 71.494927931148538, 51.153441640385211 ], [ 71.495016831179043, 51.153410040386753 ], [ 71.4950193, 51.1533949 ], [ 71.4948101, 51.1531628 ] ] ], [ [ [ 71.492402, 51.1533375 ], [ 71.4923121, 51.1533681 ], [ 71.492364330306884, 51.153446540342699 ], [ 71.492454230337685, 51.153415940344217 ], [ 71.492402, 51.1533375 ] ] ], [ [ [ 71.4944316, 51.1532148 ], [ 71.493904, 51.1534127 ], [ 71.494023230846807, 51.153555440370035 ], [ 71.494550831028292, 51.153357640379106 ], [ 71.4944316, 51.1532148 ] ] ], [ [ [ 71.4947042, 51.1532161 ], [ 71.4945388, 51.153275 ], [ 71.494536331026353, 51.153290140378985 ], [ 71.494826031108033, 51.153609840383261 ], [ 71.494991431164792, 51.153550840386103 ], [ 71.4949939, 51.153535699999985 ], [ 71.4947042, 51.1532161 ] ] ], [ [ [ 71.495069655990122, 51.153439701938531 ], [ 71.495143656095109, 51.153518201944038 ], [ 71.495344856394581, 51.153664801959543 ], [ 71.495457156587634, 51.153623101969181 ], [ 71.495594956835745, 51.153518401981458 ], [ 71.4956073, 51.1534427 ], [ 71.4955442, 51.1533757 ], [ 71.4953775, 51.1532545 ], [ 71.495082, 51.153364 ], [ 71.495069655990122, 51.153439701938531 ] ] ], [ [ [ 71.492553030363936, 51.153562440345617 ], [ 71.4925492, 51.153515 ], [ 71.4924722, 51.1534602 ], [ 71.4923896, 51.1534929 ], [ 71.49247353033654, 51.153593940344265 ], [ 71.492553030363936, 51.153562440345617 ] ] ], [ [ [ 71.4926304, 51.153586 ], [ 71.4925281, 51.1536198 ], [ 71.492592330370471, 51.153714340346028 ], [ 71.492694630405495, 51.153680440347792 ], [ 71.4926304, 51.153586 ] ] ], [ [ [ 71.4918228, 51.1534629 ], [ 71.49181045062052, 51.153538601667364 ], [ 71.49188075072037, 51.153612601672599 ], [ 71.492376851447233, 51.154028801710403 ], [ 71.492537751724086, 51.153967801724235 ], [ 71.4925501, 51.153892099999986 ], [ 71.4922475, 51.153461399999983 ], [ 71.4921, 51.1533209 ], [ 71.4919518, 51.153376 ], [ 71.4918228, 51.1534629 ] ] ], [ [ [ 71.4937362, 51.153459 ], [ 71.493129, 51.1536867 ], [ 71.493291330593195, 51.153874740357374 ], [ 71.493898630802079, 51.153646940367821 ], [ 71.4937362, 51.153459 ] ] ], [ [ [ 71.494754831083014, 51.153649440382019 ], [ 71.4946678, 51.1535403 ], [ 71.4935417, 51.1538612 ], [ 71.4933057, 51.1539497 ], [ 71.493303230593312, 51.153964840357425 ], [ 71.493464030639004, 51.15413354035983 ], [ 71.494754831083014, 51.153649440382019 ] ] ], [ [ [ 71.4959414, 51.1539789 ], [ 71.4956342, 51.1536591 ], [ 71.4954678, 51.153714 ], [ 71.495455456549919, 51.153789701967696 ], [ 71.49577335700404, 51.154112201991438 ], [ 71.495929057271653, 51.15405460200482 ], [ 71.4959414, 51.1539789 ] ] ], [ [ [ 71.496580131660295, 51.154170140411438 ], [ 71.4961106, 51.1536637 ], [ 71.495978, 51.1537138 ], [ 71.496280931561884, 51.154175040406486 ], [ 71.496357231583602, 51.154254440407612 ], [ 71.496580131660295, 51.154170140411438 ] ] ], [ [ [ 71.493609130666528, 51.154613040361447 ], [ 71.493916330772265, 51.154496440366735 ], [ 71.493843331706884, 51.154403112905271 ], [ 71.495252756198724, 51.153878001950183 ], [ 71.4952651, 51.153802300000017 ], [ 71.4951393, 51.1536725 ], [ 71.4936501, 51.1542225 ], [ 71.493637753460078, 51.154298201812843 ], [ 71.493740759249533, 51.154419209356959 ], [ 71.49352, 51.154503 ], [ 71.493609130666528, 51.154613040361447 ] ] ], [ [ [ 71.4949948, 51.1540203 ], [ 71.4949012, 51.1540548 ], [ 71.494952431127828, 51.154127140384517 ], [ 71.495045931159979, 51.154092640386132 ], [ 71.4949948, 51.1540203 ] ] ], [ [ [ 71.4921569, 51.1538981 ], [ 71.4911774, 51.1539045 ], [ 71.4910129, 51.1539627 ], [ 71.490998849176066, 51.154074601595653 ], [ 71.491254749533724, 51.154371501614506 ], [ 71.491334549656557, 51.154410301620814 ], [ 71.491978350760917, 51.154182801676079 ], [ 71.492231651200129, 51.154070701698004 ], [ 71.492244, 51.153995 ], [ 71.4921569, 51.1538981 ] ] ], [ [ [ 71.4955566, 51.1542757 ], [ 71.495710931363035, 51.154455440396568 ], [ 71.49607692013744, 51.154315563268959 ], [ 71.496114631499665, 51.154357640403418 ], [ 71.49629563156175, 51.154293840406517 ], [ 71.4962981, 51.1542787 ], [ 71.496129400000015, 51.1540477 ], [ 71.4959193, 51.1541218 ], [ 71.49597318515265, 51.154199818613939 ], [ 71.4958677, 51.1541591 ], [ 71.4955566, 51.1542757 ] ] ], [ [ [ 71.4923921, 51.1541615 ], [ 71.4921154, 51.1542416 ], [ 71.491988, 51.15430460000001 ], [ 71.491985530145897, 51.154319740334991 ], [ 71.492122330185424, 51.154447640337025 ], [ 71.492394130275258, 51.154433140341595 ], [ 71.492532930322682, 51.154388640343967 ], [ 71.492618130353605, 51.154318140345488 ], [ 71.4924735, 51.154159699999987 ], [ 71.4923921, 51.1541615 ] ] ], [ [ [ 71.4944696, 51.1542917 ], [ 71.494314, 51.1543489 ], [ 71.494392830930565, 51.154451040374724 ], [ 71.494548430984025, 51.154393840377388 ], [ 71.4944696, 51.1542917 ] ] ], [ [ [ 71.4948307, 51.1543542 ], [ 71.4946834, 51.1544078 ], [ 71.494720831037611, 51.154466040380122 ], [ 71.494868131088197, 51.154412340382649 ], [ 71.4948307, 51.1543542 ] ] ], [ [ [ 71.491332, 51.154608699999983 ], [ 71.4909472, 51.154167799999989 ], [ 71.4907122, 51.1542485 ], [ 71.490687497229757, 51.154399903135996 ], [ 71.491072298307714, 51.154840803192748 ], [ 71.491307299112989, 51.154760103233066 ], [ 71.491332, 51.154608699999983 ] ] ], [ [ [ 71.4970332, 51.1544628 ], [ 71.4969465, 51.1543897 ], [ 71.4966207, 51.1542451 ], [ 71.4965167, 51.154283 ], [ 71.496770631705843, 51.15457544041395 ], [ 71.497030731795306, 51.154477940418403 ], [ 71.4970332, 51.1544628 ] ] ], [ [ [ 71.494601930987443, 51.154731340377722 ], [ 71.494839731069305, 51.154640840381816 ], [ 71.4946997, 51.1544785 ], [ 71.4945266, 51.1545445 ], [ 71.494523330965066, 51.154650040376573 ], [ 71.494601930987443, 51.154731340377722 ] ] ], [ [ [ 71.4960543, 51.1545604 ], [ 71.496246531524491, 51.154798140404914 ], [ 71.496569231635064, 51.154687240410418 ], [ 71.496663931661942, 51.154787340411815 ], [ 71.496791531705824, 51.154739840414024 ], [ 71.4966473, 51.1545678 ], [ 71.4962993, 51.1544761 ], [ 71.4960543, 51.1545604 ] ] ], [ [ [ 71.493323630554968, 51.155038340356029 ], [ 71.493560430635682, 51.154967340360059 ], [ 71.493686330679139, 51.154916540362251 ], [ 71.4936888, 51.1549014 ], [ 71.4933752, 51.1545883 ], [ 71.4931042, 51.154694 ], [ 71.493101730495951, 51.154709140352871 ], [ 71.49313373049678, 51.154939240353038 ], [ 71.493323630554968, 51.155038340356029 ] ] ], [ [ [ 71.4952233, 51.154275 ], [ 71.4950595, 51.1543363 ], [ 71.495047155749347, 51.154412001928812 ], [ 71.495935257011169, 51.155345801994898 ], [ 71.496099057292852, 51.155284502008961 ], [ 71.4961114, 51.1552088 ], [ 71.4952233, 51.154275 ] ] ], [ [ [ 71.4965763, 51.1548312 ], [ 71.4961892, 51.1549698 ], [ 71.496289831526113, 51.15509814040513 ], [ 71.496676931658996, 51.154959640411782 ], [ 71.4965763, 51.1548312 ] ] ], [ [ [ 71.491688900000014, 51.1551167 ], [ 71.491689630009333, 51.155259640328552 ], [ 71.491863530057557, 51.155470440331101 ], [ 71.492058730121741, 51.155467740334338 ], [ 71.492569630298377, 51.155254940343156 ], [ 71.4925711, 51.1551147 ], [ 71.4923897, 51.154904 ], [ 71.4917305, 51.154906 ], [ 71.491688900000014, 51.1551167 ] ] ], [ [ [ 71.4950679, 51.155649299999986 ], [ 71.4941513, 51.1546831 ], [ 71.4939743, 51.1547492 ], [ 71.49397183077923, 51.154764340367223 ], [ 71.494888431039584, 51.155730540380866 ], [ 71.495065431100457, 51.155664440383902 ], [ 71.4950679, 51.155649299999986 ] ] ], [ [ [ 71.497145700000019, 51.1550943 ], [ 71.4963691, 51.1553838 ], [ 71.496484331572148, 51.155523140407666 ], [ 71.497260931839207, 51.155233640421002 ], [ 71.497145700000019, 51.1550943 ] ] ], [ [ [ 71.4955219, 51.1553019 ], [ 71.4953303, 51.1553835 ], [ 71.495327831197741, 51.155398640388704 ], [ 71.495458431235548, 51.155519340390669 ], [ 71.495650031301864, 51.155437740393964 ], [ 71.4956525, 51.1554226 ], [ 71.4955219, 51.1553019 ] ] ], [ [ [ 71.491699029984858, 51.155916040327646 ], [ 71.491865330042032, 51.155853940330502 ], [ 71.4918678, 51.1558388 ], [ 71.4915166, 51.1554692 ], [ 71.491083300000014, 51.1556312 ], [ 71.491173329819517, 51.155743640319194 ], [ 71.491699029984858, 51.155916040327646 ] ] ], [ [ [ 71.496102331431629, 51.155883840400747 ], [ 71.4959075, 51.1556684 ], [ 71.4949029, 51.1560645 ], [ 71.494900431028896, 51.156079640380504 ], [ 71.495092931083889, 51.15627504038337 ], [ 71.496102331431629, 51.155883840400747 ] ] ], [ [ [ 71.497263894852765, 51.156400653475387 ], [ 71.497551887239638, 51.155829563826146 ], [ 71.4975741, 51.1556933 ], [ 71.497279100000014, 51.1553839 ], [ 71.4971301, 51.1554398 ], [ 71.4967837, 51.1560226 ], [ 71.496761484780293, 51.156158863703446 ], [ 71.496776384784482, 51.15626446370414 ], [ 71.497014344853014, 51.156513952376237 ], [ 71.496758, 51.1569108 ], [ 71.496735784369264, 51.15704706368669 ], [ 71.496841184638939, 51.157157663700801 ], [ 71.497443486503613, 51.156931863793943 ], [ 71.497498786714232, 51.156806663804012 ], [ 71.497521, 51.1566704 ], [ 71.497263894852765, 51.156400653475387 ] ] ], [ [ [ 71.4922532, 51.1562129 ], [ 71.4919368, 51.1558962 ], [ 71.4917705, 51.1559544 ], [ 71.492077630093306, 51.15629304033331 ], [ 71.492250730152847, 51.156228040336288 ], [ 71.4922532, 51.1562129 ] ] ], [ [ [ 71.4910758, 51.1562769 ], [ 71.4909754, 51.1563156 ], [ 71.491031229745744, 51.156390340315788 ], [ 71.491131629780313, 51.156351640317524 ], [ 71.4910758, 51.1562769 ] ] ], [ [ [ 71.492726, 51.1558076 ], [ 71.492831030310441, 51.157012340344664 ], [ 71.493274030454899, 51.157035340351975 ], [ 71.493626230570754, 51.157029340357816 ], [ 71.493758, 51.156207 ], [ 71.4937473, 51.1559559 ], [ 71.4934642, 51.1555694 ], [ 71.4931701, 51.1555744 ], [ 71.492726, 51.1558076 ] ] ], [ [ [ 71.497736059757031, 51.156346902136065 ], [ 71.497944660054401, 51.15656170215162 ], [ 71.498149660407265, 51.15648340216925 ], [ 71.498162, 51.15640770000001 ], [ 71.4981144, 51.1562086 ], [ 71.4978779, 51.1559651 ], [ 71.4976805, 51.1560406 ], [ 71.497668159693902, 51.156116302132283 ], [ 71.497736059757031, 51.156346902136065 ] ] ], [ [ [ 71.491172, 51.1563776 ], [ 71.4910966, 51.1564069 ], [ 71.491094129765045, 51.156422040316784 ], [ 71.491160529783855, 51.15649304031777 ], [ 71.491235929809804, 51.156464640319072 ], [ 71.4912384, 51.1564495 ], [ 71.491172, 51.1563776 ] ] ], [ [ [ 71.492275600000013, 51.1562462 ], [ 71.4921121, 51.1563094 ], [ 71.49210963010249, 51.156324540333799 ], [ 71.49242573019211, 51.15666164033852 ], [ 71.49258663024743, 51.156601940341261 ], [ 71.4925891, 51.1565868 ], [ 71.492275600000013, 51.1562462 ] ] ], [ [ [ 71.49483723098777, 51.156565340378663 ], [ 71.4948397, 51.1565502 ], [ 71.4945494, 51.156259299999988 ], [ 71.4939034, 51.156513 ], [ 71.49390093068196, 51.156528140363179 ], [ 71.494024630717576, 51.156647340365041 ], [ 71.494682330933628, 51.156643540375981 ], [ 71.49483723098777, 51.156565340378663 ] ] ], [ [ [ 71.496133443421726, 51.156673924845705 ], [ 71.496247823638228, 51.156565348815967 ], [ 71.496363031483725, 51.156682440403785 ], [ 71.496497431530045, 51.156630340406103 ], [ 71.4963837, 51.1564971 ], [ 71.496275559058503, 51.15653902072841 ], [ 71.496473, 51.1563388 ], [ 71.4962303, 51.1560875 ], [ 71.4954051, 51.1563164 ], [ 71.4952052, 51.1563946 ], [ 71.495719931260666, 51.156967540392664 ], [ 71.495893131320258, 51.156902040395643 ], [ 71.495994828394316, 51.156805505079063 ], [ 71.496027031367007, 51.156835640397958 ], [ 71.496206831429205, 51.156760140401076 ], [ 71.496133443421726, 51.156673924845705 ] ] ], [ [ [ 71.492345330164639, 51.15668714033712 ], [ 71.4922443, 51.1565649 ], [ 71.491878735072419, 51.15670393287909 ], [ 71.49179, 51.1566122 ], [ 71.4915459, 51.1567051 ], [ 71.49154342990002, 51.156720240323764 ], [ 71.491735629954761, 51.156919040326628 ], [ 71.492345330164639, 51.15668714033712 ] ] ], [ [ [ 71.494777330954747, 51.156884040377157 ], [ 71.4946686, 51.156753 ], [ 71.4941451, 51.1569505 ], [ 71.494142630742942, 51.156965640366501 ], [ 71.494253830774596, 51.157081540368161 ], [ 71.494777330954747, 51.156884040377157 ] ] ], [ [ [ 71.496241931420244, 51.157248240400854 ], [ 71.4960489, 51.157028399999987 ], [ 71.4958072, 51.1571191 ], [ 71.495868031299509, 51.15720054039474 ], [ 71.496055331356075, 51.157318340397659 ], [ 71.496241931420244, 51.157248240400854 ] ] ], [ [ [ 71.4982201, 51.1570849 ], [ 71.4978647, 51.1572201 ], [ 71.497961531980991, 51.157337840429221 ], [ 71.498316832103313, 51.157202640435315 ], [ 71.4982201, 51.1570849 ] ] ], [ [ [ 71.4934857, 51.1572824 ], [ 71.4934077, 51.1573159 ], [ 71.493405230485564, 51.157331040353661 ], [ 71.493483030508116, 51.157402240354855 ], [ 71.493561030535119, 51.157368740356205 ], [ 71.4935635, 51.1573536 ], [ 71.4934857, 51.1572824 ] ] ], [ [ [ 71.4958562, 51.1572921 ], [ 71.495716, 51.1573415 ], [ 71.49579763126593, 51.157450440393163 ], [ 71.495937831314009, 51.157401040395584 ], [ 71.4958562, 51.1572921 ] ] ], [ [ [ 71.493175330398955, 51.157596340349428 ], [ 71.49335003045897, 51.157532940352432 ], [ 71.4933525, 51.1575178 ], [ 71.4930593, 51.1571995 ], [ 71.4921046, 51.157545399999989 ], [ 71.492102130048139, 51.157560540331659 ], [ 71.492217530080779, 51.157685840333386 ], [ 71.493175330398955, 51.157596340349428 ] ] ], [ [ [ 71.495588574358635, 51.15765758467667 ], [ 71.4956182, 51.1574759 ], [ 71.4951011, 51.1569422 ], [ 71.4947953, 51.1570587 ], [ 71.494765671326917, 51.157240384520989 ], [ 71.494994171986917, 51.157717484557196 ], [ 71.495112072390128, 51.157839184578307 ], [ 71.495588574358635, 51.15765758467667 ] ] ], [ [ [ 71.4976611, 51.1572541 ], [ 71.4974534, 51.1573337 ], [ 71.49757583184855, 51.157477140422607 ], [ 71.4977836319201, 51.157397440426173 ], [ 71.4976611, 51.1572541 ] ] ], [ [ [ 71.491622629893271, 51.15750024032382 ], [ 71.4915846, 51.1574463 ], [ 71.4914673, 51.1574971 ], [ 71.491464829840965, 51.157512240321189 ], [ 71.491505329852671, 51.157549740321777 ], [ 71.491622629893271, 51.15750024032382 ] ] ], [ [ [ 71.4941928, 51.1570629 ], [ 71.4939967, 51.1571392 ], [ 71.493984353417162, 51.157214901818001 ], [ 71.494650254368892, 51.157888501867788 ], [ 71.494846454706931, 51.157812201884674 ], [ 71.4948588, 51.157736499999984 ], [ 71.4941928, 51.1570629 ] ] ], [ [ [ 71.493937730649591, 51.157587740362089 ], [ 71.4937959, 51.157431 ], [ 71.4928691, 51.1578026 ], [ 71.492866630288319, 51.157817740343937 ], [ 71.492953730313317, 51.157903240345249 ], [ 71.493782630596073, 51.157649940359406 ], [ 71.493937730649591, 51.157587740362089 ] ] ], [ [ [ 71.4917859, 51.1584675 ], [ 71.4902388, 51.1568409 ], [ 71.490067, 51.1569052 ], [ 71.490054647016223, 51.156980901493725 ], [ 71.491601749214112, 51.158607501609019 ], [ 71.491773549509588, 51.158543201623793 ], [ 71.4917859, 51.1584675 ] ] ], [ [ [ 71.4988617, 51.1573634 ], [ 71.4980861, 51.1576717 ], [ 71.498073760017846, 51.157747402152737 ], [ 71.498161960144316, 51.157834802159329 ], [ 71.498937661482159, 51.157526502226098 ], [ 71.49895, 51.1574508 ], [ 71.4988617, 51.1573634 ] ] ], [ [ [ 71.496589207980875, 51.158143933673252 ], [ 71.4966355, 51.1579136 ], [ 71.4966254, 51.1578692 ], [ 71.4965429, 51.1577973 ], [ 71.4964001, 51.1577709 ], [ 71.4962625, 51.1578066 ], [ 71.4962157, 51.1578438 ], [ 71.496161576408255, 51.158070284782674 ], [ 71.496187976466061, 51.158162084786149 ], [ 71.49623597663674, 51.158198684794996 ], [ 71.496300576878895, 51.158223184807362 ], [ 71.49638826254612, 51.158231559117155 ], [ 71.4958264994914, 51.1584406230103 ], [ 71.495872, 51.1582112 ], [ 71.4958299, 51.1581267 ], [ 71.4957116, 51.1580741 ], [ 71.4956366, 51.158068499999985 ], [ 71.495499, 51.1581042 ], [ 71.4954277, 51.1581862 ], [ 71.495398773229667, 51.158415184624189 ], [ 71.495472473479182, 51.158496284637273 ], [ 71.495591144368589, 51.158528210647212 ], [ 71.4954939, 51.1585644 ], [ 71.495471680010382, 51.158700663473994 ], [ 71.495613280372268, 51.158850363492938 ], [ 71.496623883500177, 51.158474263649246 ], [ 71.496638468167262, 51.158384809497491 ], [ 71.496687883703103, 51.158437563659312 ], [ 71.49770098683733, 51.158064063815885 ], [ 71.4977232, 51.1579278 ], [ 71.4975825, 51.1577777 ], [ 71.497358786549086, 51.157860185936492 ], [ 71.497393481401787, 51.157790885033172 ], [ 71.4974231, 51.1576092 ], [ 71.497413, 51.1575648 ], [ 71.4973305, 51.1574929 ], [ 71.4971877, 51.1574665 ], [ 71.497114, 51.157477 ], [ 71.4970501, 51.1575022 ], [ 71.4969788, 51.1575842 ], [ 71.496949179664085, 51.157765884945277 ], [ 71.496975579721905, 51.157857684948738 ], [ 71.497088180134739, 51.157918784969937 ], [ 71.497177437835873, 51.157927050940835 ], [ 71.496589207980875, 51.158143933673252 ] ], [ [ 71.496518017998483, 51.158202591324283 ], [ 71.49656642952732, 51.15817003248079 ], [ 71.496554783812144, 51.158241460350503 ], [ 71.496518017998483, 51.158202591324283 ] ] ], [ [ [ 71.492752, 51.157833699999983 ], [ 71.4926947, 51.1578508 ], [ 71.492692230229054, 51.157865940340976 ], [ 71.492745030244237, 51.157916940341778 ], [ 71.492796330261925, 51.157897140342655 ], [ 71.4927988, 51.157882 ], [ 71.492752, 51.157833699999983 ] ] ], [ [ [ 71.4979935, 51.1577146 ], [ 71.4978594, 51.1577685 ], [ 71.497856931927984, 51.157783640426771 ], [ 71.49796953196045, 51.157891240428448 ], [ 71.498103632006718, 51.157837440430768 ], [ 71.4981061, 51.1578223 ], [ 71.4979935, 51.1577146 ] ] ], [ [ [ 71.494419730788465, 51.158049340369359 ], [ 71.4941029, 51.1576899 ], [ 71.4938834, 51.1577699 ], [ 71.493145830357889, 51.158344240347731 ], [ 71.493263530391204, 51.158471140349484 ], [ 71.494419730788465, 51.158049340369359 ] ] ], [ [ [ 71.492910930271478, 51.158565640343461 ], [ 71.4920009, 51.157588 ], [ 71.4917786, 51.1576709 ], [ 71.492688630195033, 51.158648540339648 ], [ 71.492910930271478, 51.158565640343461 ] ] ], [ [ [ 71.4993827, 51.1577604 ], [ 71.4980823, 51.1582537 ], [ 71.498176532008358, 51.15836914043112 ], [ 71.499476932455948, 51.15787584045345 ], [ 71.4993827, 51.1577604 ] ] ], [ [ [ 71.4980546, 51.158763699999987 ], [ 71.4975117, 51.158229 ], [ 71.4973373, 51.158301400000013 ], [ 71.49733483173425, 51.15831654041726 ], [ 71.497892231895079, 51.158845140425633 ], [ 71.498052131950359, 51.15877884042839 ], [ 71.4980546, 51.158763699999987 ] ] ], [ [ [ 71.497461, 51.1587614 ], [ 71.497033, 51.1583838 ], [ 71.4968667, 51.1584484 ], [ 71.496878431576576, 51.158503240409374 ], [ 71.497209931672231, 51.158817840414379 ], [ 71.497266831689529, 51.158850940415263 ], [ 71.497458531755584, 51.15877654041855 ], [ 71.497461, 51.1587614 ] ] ], [ [ [ 71.4992695, 51.1583334 ], [ 71.4985826, 51.1585897 ], [ 71.498560389126894, 51.15872596393443 ], [ 71.498657989376454, 51.158828863947505 ], [ 71.499344891502631, 51.158572664053644 ], [ 71.4993671, 51.1584364 ], [ 71.4992695, 51.1583334 ] ] ], [ [ [ 71.4919485, 51.158583 ], [ 71.4917615, 51.1586561 ], [ 71.491756559776334, 51.158686380648291 ], [ 71.492015459924446, 51.158946780656045 ], [ 71.492202460053363, 51.158873680662481 ], [ 71.4922074, 51.1588434 ], [ 71.4919485, 51.158583 ] ] ], [ [ [ 71.490985329623328, 51.158946340310891 ], [ 71.491093829660841, 51.158901140312764 ], [ 71.491245929714779, 51.15880624031545 ], [ 71.4911671, 51.1587144 ], [ 71.4908714, 51.1588214 ], [ 71.490985329623328, 51.158946340310891 ] ] ], [ [ [ 71.495697731172228, 51.158902640389158 ], [ 71.496335431380174, 51.158936240399676 ], [ 71.4963379, 51.1589211 ], [ 71.4961824, 51.1586723 ], [ 71.4957002, 51.1588875 ], [ 71.495697731172228, 51.158902640389158 ] ] ], [ [ [ 71.4915913, 51.1588388 ], [ 71.4911371, 51.1590293 ], [ 71.491114866961979, 51.15916556281654 ], [ 71.49129326742586, 51.159332862840756 ], [ 71.491747468839861, 51.159142362911389 ], [ 71.4917697, 51.1590061 ], [ 71.4915913, 51.1588388 ] ] ], [ [ [ 71.497959482938256, 51.159169285119006 ], [ 71.49817548368415, 51.159378185157905 ], [ 71.498233383897769, 51.159406985168857 ], [ 71.498389584545677, 51.159342285201184 ], [ 71.4984192, 51.1591606 ], [ 71.4980994, 51.158857 ], [ 71.4979452, 51.158920899999984 ], [ 71.497915582798868, 51.159102585111562 ], [ 71.497959482938256, 51.159169285119006 ] ] ], [ [ [ 71.4992448, 51.1593317 ], [ 71.4988052, 51.1588646 ], [ 71.4985655, 51.1589533 ], [ 71.498543288939217, 51.159089563926592 ], [ 71.498982890061924, 51.159556763985357 ], [ 71.499222590803669, 51.15946796402239 ], [ 71.4992448, 51.1593317 ] ] ], [ [ [ 71.497073731605425, 51.159344640411248 ], [ 71.497134831622475, 51.159416540412167 ], [ 71.497357631695849, 51.15941094041586 ], [ 71.4973481, 51.1592076 ], [ 71.4971346, 51.159213 ], [ 71.4970714, 51.1592543 ], [ 71.497073731605425, 51.159344640411248 ] ] ], [ [ [ 71.496804431504017, 51.159654740406296 ], [ 71.497028231577715, 51.159649140410004 ], [ 71.4970061, 51.1592479 ], [ 71.4969407, 51.1591126 ], [ 71.4967041, 51.1591186 ], [ 71.496709531489486, 51.159258340405344 ], [ 71.496804431504017, 51.159654740406296 ] ] ], [ [ [ 71.493592130440604, 51.159864440352685 ], [ 71.4935423, 51.1598035 ], [ 71.4934009, 51.1598569 ], [ 71.493398430376686, 51.159872040349462 ], [ 71.493447330390751, 51.159919540350195 ], [ 71.493592130440604, 51.159864440352685 ] ] ], [ [ [ 71.4938538, 51.1597819 ], [ 71.4936764, 51.1598653 ], [ 71.493673930466798, 51.159880440354002 ], [ 71.493785730499553, 51.159974040355713 ], [ 71.493963130561298, 51.159890740358797 ], [ 71.4939656, 51.159875599999985 ], [ 71.4938538, 51.1597819 ] ] ], [ [ [ 71.498319883835265, 51.160208885170512 ], [ 71.498907686274393, 51.159963585292147 ], [ 71.4989373, 51.1597819 ], [ 71.498812, 51.159663799999983 ], [ 71.4979497, 51.1593961 ], [ 71.4977811, 51.159466499999986 ], [ 71.497751481877927, 51.159648185068356 ], [ 71.498319883835265, 51.160208885170512 ] ] ], [ [ [ 71.4965701, 51.1596376 ], [ 71.4963308, 51.1596326 ], [ 71.496305131321961, 51.160086940397321 ], [ 71.496544431400338, 51.160091840401272 ], [ 71.4965701, 51.1596376 ] ] ], [ [ [ 71.4952628, 51.1596278 ], [ 71.4950829, 51.1596957 ], [ 71.495080430935673, 51.15971084037762 ], [ 71.495610831086637, 51.160263240385511 ], [ 71.495790731148531, 51.160195340388604 ], [ 71.4957932, 51.1601802 ], [ 71.4952628, 51.1596278 ] ] ], [ [ [ 71.493382, 51.159947099999989 ], [ 71.4931696, 51.160033 ], [ 71.493270230323006, 51.16014844034688 ], [ 71.493482630396343, 51.16006254035053 ], [ 71.493382, 51.159947099999989 ] ] ], [ [ [ 71.4968991, 51.1599873 ], [ 71.496889931513735, 51.160092440406999 ], [ 71.496994531547969, 51.16009494040874 ], [ 71.4970011, 51.1599873 ], [ 71.4968991, 51.1599873 ] ] ], [ [ [ 71.497245031625027, 51.160218740412695 ], [ 71.497336231655382, 51.160208940414208 ], [ 71.4973589, 51.160114299999989 ], [ 71.4971717, 51.1600957 ], [ 71.497149031594674, 51.160190640411138 ], [ 71.497245031625027, 51.160218740412695 ] ] ], [ [ [ 71.4930046, 51.1602588 ], [ 71.4927868, 51.1603441 ], [ 71.49278433015462, 51.160359240338472 ], [ 71.493103630246011, 51.160679840343249 ], [ 71.493321430321089, 51.160594540346999 ], [ 71.4933239, 51.1605794 ], [ 71.4930046, 51.1602588 ] ] ], [ [ [ 71.4975563, 51.1605045 ], [ 71.4974785, 51.160534 ], [ 71.497476031687015, 51.160549140415988 ], [ 71.497541731705951, 51.160612140416973 ], [ 71.497622231733615, 51.160582740418349 ], [ 71.497624700000017, 51.1605676 ], [ 71.4975563, 51.1605045 ] ] ], [ [ [ 71.493361821348387, 51.160580761391159 ], [ 71.494084722208186, 51.161114261435699 ], [ 71.494246022430701, 51.161050761446816 ], [ 71.4942559, 51.1609902 ], [ 71.493624, 51.160263799999989 ], [ 71.4932589, 51.1604076 ], [ 71.493249021219157, 51.160468161384394 ], [ 71.493361821348387, 51.160580761391159 ] ] ], [ [ [ 71.4974256, 51.160721299999977 ], [ 71.4972369, 51.1607957 ], [ 71.496858900039555, 51.160999912444062 ], [ 71.497353331641619, 51.16067104041376 ], [ 71.4971042, 51.160391 ], [ 71.4957052, 51.1609135 ], [ 71.4953186, 51.1614243 ], [ 71.495422730970816, 51.161551740380311 ], [ 71.496798659269572, 51.161032456919294 ], [ 71.4955852, 51.161688 ], [ 71.495582731016995, 51.16170314038272 ], [ 71.496103531166199, 51.162223040390508 ], [ 71.498117431860692, 51.161429640425183 ], [ 71.4981199, 51.1614145 ], [ 71.4974256, 51.160721299999977 ] ] ], [ [ [ 71.497838531799246, 51.160710840421729 ], [ 71.499180432184019, 51.162042440441809 ], [ 71.499629532338901, 51.161865140449549 ], [ 71.4983538, 51.1604861 ], [ 71.497841, 51.1606957 ], [ 71.497838531799246, 51.160710840421729 ] ] ], [ [ [ 71.4950444, 51.1611914 ], [ 71.4946112, 51.161364399999989 ], [ 71.49476433075543, 51.161532740369431 ], [ 71.495197430904909, 51.161359840376889 ], [ 71.4950444, 51.1611914 ] ] ], [ [ [ 71.4941433, 51.161566 ], [ 71.494228730573695, 51.16167344036031 ], [ 71.494466630655538, 51.161584340364399 ], [ 71.4944691, 51.161569199999988 ], [ 71.4943738, 51.1614691 ], [ 71.4943178, 51.1614642 ], [ 71.4942543, 51.161488 ], [ 71.4941433, 51.161566 ] ] ], [ [ [ 71.4932259, 51.1616408 ], [ 71.4931575, 51.1616694 ], [ 71.493205930235504, 51.161729940343236 ], [ 71.493277030259989, 51.16170304034447 ], [ 71.4932259, 51.1616408 ] ] ], [ [ [ 71.494579330687884, 51.161695740366106 ], [ 71.4945227, 51.161613 ], [ 71.4944691, 51.161631499999984 ], [ 71.494379930621903, 51.161707840362773 ], [ 71.494417930632537, 51.16175124036333 ], [ 71.494579330687884, 51.161695740366106 ] ] ], [ [ [ 71.493879, 51.1616374 ], [ 71.4938146, 51.161661 ], [ 71.493812130436808, 51.1616761403534 ], [ 71.493891230459568, 51.161752640354599 ], [ 71.493956930482071, 51.161729940355706 ], [ 71.4939594, 51.1617148 ], [ 71.493879, 51.1616374 ] ] ], [ [ [ 71.4934001, 51.1618124 ], [ 71.4933358, 51.1618359 ], [ 71.49333333027225, 51.161851040345162 ], [ 71.493389630288505, 51.161904040346009 ], [ 71.493456630311456, 51.161881340347165 ], [ 71.4934591, 51.1618662 ], [ 71.4934001, 51.1618124 ] ] ], [ [ [ 71.498353631924545, 51.161756140428579 ], [ 71.4981576, 51.1615409 ], [ 71.49799440000001, 51.16160450000001 ], [ 71.4973157, 51.16199670000001 ], [ 71.497313231572235, 51.162011840410948 ], [ 71.497420531602927, 51.162120040412518 ], [ 71.498353631924545, 51.161756140428579 ] ] ], [ [ [ 71.4951282, 51.1619125 ], [ 71.4950777, 51.161862 ], [ 71.4949695, 51.1618485 ], [ 71.494605703269272, 51.161989038834115 ], [ 71.4946114, 51.1618996 ], [ 71.4944669, 51.1617549 ], [ 71.4942142, 51.1618542 ], [ 71.494209261118343, 51.161884480719351 ], [ 71.494328661186699, 51.162004080722916 ], [ 71.494435876862624, 51.162073413659456 ], [ 71.494295, 51.162159 ], [ 71.494282652853698, 51.162234701802149 ], [ 71.494398653019786, 51.162350801810838 ], [ 71.494587153344796, 51.162276701827075 ], [ 71.495073754193058, 51.162041001869319 ], [ 71.495115854273251, 51.161988201873243 ], [ 71.4951282, 51.1619125 ] ] ], [ [ [ 71.493402430278877, 51.162233740345698 ], [ 71.4930423, 51.1618385 ], [ 71.4928388, 51.1619142 ], [ 71.492928930132123, 51.162026840338164 ], [ 71.493215530214485, 51.162305740342482 ], [ 71.493402430278877, 51.162233740345698 ] ] ], [ [ [ 71.497000231463204, 51.162161040405486 ], [ 71.4969326, 51.1620746 ], [ 71.4968223, 51.1621172 ], [ 71.496890031425252, 51.16220364040359 ], [ 71.497000231463204, 51.162161040405486 ] ] ], [ [ [ 71.4940957, 51.1622177 ], [ 71.4940317, 51.1622405 ], [ 71.494029230483747, 51.162255640356058 ], [ 71.494084030499167, 51.162317140356862 ], [ 71.494149030521484, 51.162294240357994 ], [ 71.4941515, 51.1622791 ], [ 71.4940957, 51.1622177 ] ] ], [ [ [ 71.4904062, 51.1624881 ], [ 71.490537529321202, 51.16263924029748 ], [ 71.491220429532717, 51.162941740308327 ], [ 71.492201729870843, 51.162562740325249 ], [ 71.4922042, 51.162547600000011 ], [ 71.491663200000019, 51.1619972 ], [ 71.4904062, 51.1624881 ] ] ], [ [ [ 71.497848917226435, 51.1627747041886 ], [ 71.498747320320547, 51.162430504343035 ], [ 71.498772, 51.1622791 ], [ 71.4985625, 51.1620769 ], [ 71.497713, 51.162199 ], [ 71.4975242, 51.1622709 ], [ 71.497499516226966, 51.162422304136371 ], [ 71.497848917226435, 51.1627747041886 ] ] ], [ [ [ 71.493682130350891, 51.162705740349573 ], [ 71.4935864, 51.1625934 ], [ 71.4932293, 51.1627352 ], [ 71.493226830199532, 51.162750340341944 ], [ 71.493325030227709, 51.162847540343414 ], [ 71.493682130350891, 51.162705740349573 ] ] ], [ [ [ 71.4954524, 51.1630323 ], [ 71.495444992746684, 51.16307772113484 ], [ 71.495553192839409, 51.163187921139702 ], [ 71.496495193789016, 51.16301552118739 ], [ 71.497098594412705, 51.16278242121853 ], [ 71.4971869, 51.1625068 ], [ 71.497078, 51.162396 ], [ 71.4967347, 51.1623467 ], [ 71.4961316, 51.1625797 ], [ 71.4954524, 51.1630323 ] ] ], [ [ [ 71.494752, 51.1628352 ], [ 71.4946598, 51.1628724 ], [ 71.494657330663472, 51.16288754036546 ], [ 71.494758030692466, 51.162984540366978 ], [ 71.494850730724437, 51.162947840368581 ], [ 71.4948532, 51.1629327 ], [ 71.494752, 51.1628352 ] ] ], [ [ [ 71.4948891, 51.162976 ], [ 71.4948028, 51.1630142 ], [ 71.494800330704493, 51.163029340367594 ], [ 71.494923258479403, 51.163126512435987 ], [ 71.495044730775177, 51.163257240371294 ], [ 71.495130230804648, 51.163223740372764 ], [ 71.4951327, 51.1632086 ], [ 71.4948891, 51.162976 ] ] ], [ [ [ 71.494638630637851, 51.163351640364404 ], [ 71.494798530683582, 51.163513140366788 ], [ 71.494879730711432, 51.163485140368174 ], [ 71.4947149, 51.1632771 ], [ 71.4946356, 51.1633044 ], [ 71.494638630637851, 51.163351640364404 ] ] ], [ [ [ 71.492650229957974, 51.163994540330364 ], [ 71.493351230199281, 51.163729640342417 ], [ 71.4933537, 51.1637145 ], [ 71.4926146, 51.1629451 ], [ 71.4920539, 51.1631383 ], [ 71.4919004, 51.1631963 ], [ 71.491897929743857, 51.163211440319145 ], [ 71.492650229957974, 51.163994540330364 ] ] ], [ [ [ 71.4948746, 51.1635318 ], [ 71.4947763, 51.1635647 ], [ 71.494773830672685, 51.163579840366289 ], [ 71.49493543071776, 51.163769440368654 ], [ 71.495033730751445, 51.163736440370329 ], [ 71.4950362, 51.1637213 ], [ 71.4948746, 51.1635318 ] ] ], [ [ [ 71.491913629707568, 51.164198240317816 ], [ 71.492058429757421, 51.164143140320292 ], [ 71.4921645, 51.1639819 ], [ 71.4916289, 51.1634285 ], [ 71.4913, 51.1635537 ], [ 71.491297529531693, 51.163568840308585 ], [ 71.491913629707568, 51.164198240317816 ] ] ], [ [ [ 71.49116072946812, 51.164013340305615 ], [ 71.491444729549187, 51.164303240309849 ], [ 71.491642629617374, 51.164227040313264 ], [ 71.4913581, 51.163918799999983 ], [ 71.491247, 51.1638388 ], [ 71.4911188, 51.1638881 ], [ 71.49116072946812, 51.164013340305615 ] ] ], [ [ [ 71.4917454, 51.1642293 ], [ 71.4914362, 51.1643563 ], [ 71.491557229578291, 51.16448974031141 ], [ 71.49186642968516, 51.16436274031674 ], [ 71.4917454, 51.1642293 ] ] ], [ [ [ 71.4912195, 51.1644252 ], [ 71.4911062, 51.1644649 ], [ 71.491162329446283, 51.164545840304761 ], [ 71.491275729485167, 51.164506240306714 ], [ 71.4912195, 51.1644252 ] ] ], [ [ [ 71.492197229780302, 51.164683740321728 ], [ 71.4919479, 51.1644078 ], [ 71.49182350000001, 51.164455 ], [ 71.492072829737467, 51.164731040319573 ], [ 71.492197229780302, 51.164683740321728 ] ] ], [ [ [ 71.4913741, 51.164585700000011 ], [ 71.4912639, 51.1646243 ], [ 71.491334729495492, 51.164721740307343 ], [ 71.491445029533324, 51.164683140309236 ], [ 71.4913741, 51.164585700000011 ] ] ], [ [ [ 71.491581200000013, 51.1647846 ], [ 71.491450200000017, 51.1648391 ], [ 71.491530329550883, 51.16493224031025 ], [ 71.491661229596147, 51.164877740312512 ], [ 71.491581200000013, 51.1647846 ] ] ], [ [ [ 71.491099329401109, 51.165128240302785 ], [ 71.491208529438595, 51.165090040304641 ], [ 71.491291629467995, 51.165039740306113 ], [ 71.4912455, 51.1649701 ], [ 71.4911278, 51.1649814 ], [ 71.4910186, 51.1650197 ], [ 71.491099329401109, 51.165128240302785 ] ] ], [ [ [ 71.491936, 51.1696194 ], [ 71.4917697, 51.16969 ], [ 71.491767229428163, 51.169705140306469 ], [ 71.492025729502998, 51.16994444031036 ], [ 71.492192029560584, 51.169873840313251 ], [ 71.4921945, 51.1698587 ], [ 71.491936, 51.1696194 ] ] ], [ [ [ 71.494573830330111, 51.17017654035228 ], [ 71.494713330376058, 51.170173140354606 ], [ 71.495351730596184, 51.169924240365603 ], [ 71.4951342, 51.1696669 ], [ 71.4949143, 51.169751 ], [ 71.4944959, 51.1700807 ], [ 71.494573830330111, 51.17017654035228 ] ] ], [ [ [ 71.494565030264866, 51.171661840349728 ], [ 71.495177230475022, 51.171445340360236 ], [ 71.4951797, 51.1714302 ], [ 71.4945372, 51.170314 ], [ 71.4941494, 51.1702535 ], [ 71.49375160000001, 51.1707605 ], [ 71.493660529995623, 51.170998940335799 ], [ 71.494565030264866, 51.171661840349728 ] ] ] ] } }
]
}
