{
"type": "FeatureCollection",
"name": "shadows-0800",
"crs": { "type": "name", "properties": { "name": "urn:ogc:def:crs:OGC:1.3:CRS84" } },
"features": [
{ "type": "Feature", "properties": { "time": "2026-06-21T08:00:00+05:00", "altitude_deg": 34.25, "azimuth_deg": 94.46 }, "geometry": { "type": "MultiPolygon", "coordinates": [ [ [ [ 71.445092585694624, 51.152859426476041 ], [ 71.445403990402255, 51.152942816990979 ], [ 71.4451164, 51.1529133 ], [ 71.445049629318035, 51.152917984031227 ], [ 71.444979928994513, 51.153136683995648 ], [ 71.446439028933383, 51.153301584830231 ], [ 71.4465058, 51.1532969 ], [ 71.446533357337941, 51.153222321999365 ], [ 71.446802109991637, 51.153210988951813 ], [ 71.446749649255281, 51.153265422583871 ], [ 71.447266808455325, 51.153461458794716 ], [ 71.447243628798034, 51.153463085291754 ], [ 71.447112228609981, 51.153582585219141 ], [ 71.447380123535538, 51.153671120974977 ], [ 71.447181528503364, 51.153662385260141 ], [ 71.447070727874021, 51.154089885205074 ], [ 71.4473143, 51.1541033 ], [ 71.447422645181234, 51.153685173732065 ], [ 71.44805902827369, 51.153895485764586 ], [ 71.448225328235594, 51.153935885860108 ], [ 71.4482921, 51.1539312 ], [ 71.4484155, 51.153837 ], [ 71.447973554994633, 51.153685594564024 ], [ 71.4486774, 51.1536362 ], [ 71.4487525, 51.1535582 ], [ 71.4482176, 51.1533139 ], [ 71.4479399, 51.1532087 ], [ 71.4476253, 51.153132 ], [ 71.446980771118717, 51.153177226560096 ], [ 71.4470931, 51.1527951 ], [ 71.44576415750393, 51.152641267285858 ], [ 71.4457979, 51.1526389 ], [ 71.4458222, 51.1525575 ], [ 71.4448266, 51.152445299999982 ], [ 71.444759829957235, 51.152449983857259 ], [ 71.444723423165257, 51.15257216666091 ], [ 71.444598878717301, 51.152580903177494 ], [ 71.444558877516116, 51.152716503056098 ], [ 71.444669487735823, 51.152746123995762 ], [ 71.444318135948393, 51.15277076995585 ], [ 71.444292734673297, 51.152879269856449 ], [ 71.444556834647528, 51.152903671064081 ], [ 71.444658545977234, 51.152896536327674 ], [ 71.444600128998445, 51.153102083778563 ], [ 71.444767228991694, 51.153120783874165 ], [ 71.444834, 51.1531161 ], [ 71.4448929, 51.1529084 ], [ 71.444736981614483, 51.152891034247567 ], [ 71.445092585694624, 51.152859426476041 ] ] ], [ [ [ 71.444409944595108, 51.153161818736187 ], [ 71.444372743675032, 51.15328641864194 ], [ 71.445204243473199, 51.153384221020318 ], [ 71.4455381, 51.1533608 ], [ 71.4455753, 51.1532362 ], [ 71.4447438, 51.1531384 ], [ 71.444588571311428, 51.153149288846315 ], [ 71.4445956, 51.1531251 ], [ 71.444531, 51.1531177 ], [ 71.444464228952768, 51.153122383701508 ], [ 71.444453675186196, 51.153158751250587 ], [ 71.444409944595108, 51.153161818736187 ] ] ], [ [ [ 71.444175227702814, 51.153965683552734 ], [ 71.444542290498177, 51.153955562157421 ], [ 71.444538465891625, 51.154059503138399 ], [ 71.44484686607646, 51.154064004193366 ], [ 71.44507426427775, 51.154048052538705 ], [ 71.445260438539336, 51.154073821245532 ], [ 71.445528460541922, 51.154055018885572 ], [ 71.445513438406309, 51.154113521970139 ], [ 71.446289638310176, 51.154192024189136 ], [ 71.4466235, 51.1541686 ], [ 71.4467219, 51.1537856 ], [ 71.4465405, 51.1537673 ], [ 71.446206641150965, 51.153790723914767 ], [ 71.445618179284523, 51.153963248362032 ], [ 71.445721848713916, 51.153584884958534 ], [ 71.446258656347553, 51.153640163971062 ], [ 71.4468596, 51.153598 ], [ 71.4468968, 51.153456 ], [ 71.4460762, 51.153371499999984 ], [ 71.445706561038904, 51.153397432923683 ], [ 71.4455836, 51.1533842 ], [ 71.44524974333217, 51.153407621152169 ], [ 71.445122806894929, 51.153870892258496 ], [ 71.444777917950077, 51.153880027472795 ], [ 71.444774, 51.1534007 ], [ 71.444230942593023, 51.153424718250974 ], [ 71.444234805871332, 51.153897773995425 ], [ 71.444158427799763, 51.153896983541856 ], [ 71.44411152774741, 51.153929383515752 ], [ 71.444175227702814, 51.153965683552734 ] ] ], [ [ [ 71.4424924, 51.1536651 ], [ 71.441976139326911, 51.153688911851404 ], [ 71.441947139161684, 51.153709411770699 ], [ 71.44194833751196, 51.153938511795708 ], [ 71.441987736424167, 51.154092811922517 ], [ 71.442142136295587, 51.154123612365353 ], [ 71.443393837083093, 51.154119315931396 ], [ 71.4437277, 51.154095899999987 ], [ 71.4437261, 51.1537895 ], [ 71.4424924, 51.1536651 ] ] ], [ [ [ 71.4443236, 51.1542292 ], [ 71.444102127332599, 51.15421648351581 ], [ 71.444072727180796, 51.15431938350099 ], [ 71.4442942, 51.1543321 ], [ 71.4443236, 51.1542292 ] ] ], [ [ [ 71.4444531, 51.1544526 ], [ 71.444221027023517, 51.154440983587804 ], [ 71.4441952268714, 51.154544383575058 ], [ 71.4444273, 51.1545559 ], [ 71.4444531, 51.1544526 ] ] ], [ [ [ 71.442834353664367, 51.15446256563397 ], [ 71.442822752617218, 51.154824965634397 ], [ 71.4433061, 51.1548215 ], [ 71.4434023, 51.1546596 ], [ 71.443405, 51.1546094 ], [ 71.4433358, 51.1544944 ], [ 71.4432687, 51.1544609 ], [ 71.442834353664367, 51.15446256563397 ] ] ], [ [ [ 71.4445473, 51.1545987 ], [ 71.4440711, 51.1545349 ], [ 71.444004326855236, 51.15453958346616 ], [ 71.443969226702592, 51.154642583448108 ], [ 71.444445426668111, 51.154706483720688 ], [ 71.4445122, 51.1547018 ], [ 71.4445473, 51.1545987 ] ] ], [ [ [ 71.4450859, 51.1546832 ], [ 71.444879726770608, 51.154671783967515 ], [ 71.444854826644985, 51.154756883954938 ], [ 71.445061, 51.1547682 ], [ 71.4450859, 51.1546832 ] ] ], [ [ [ 71.4440631, 51.1547082 ], [ 71.443996326604562, 51.154712883464875 ], [ 71.44396652647491, 51.154800383449547 ], [ 71.444108526464674, 51.154819383530835 ], [ 71.4441753, 51.1548147 ], [ 71.4442051, 51.1547273 ], [ 71.4440631, 51.1547082 ] ] ], [ [ [ 71.445048400000019, 51.1547959 ], [ 71.444842126603675, 51.15478448394822 ], [ 71.444817226478051, 51.154869583935643 ], [ 71.4450235, 51.154881 ], [ 71.445048400000019, 51.1547959 ] ] ], [ [ [ 71.4440115, 51.1548436 ], [ 71.443944726403245, 51.154848283438035 ], [ 71.443914926273706, 51.154935683422686 ], [ 71.444057026263366, 51.154954783504039 ], [ 71.4441238, 51.1549501 ], [ 71.4441536, 51.1548626 ], [ 71.4440115, 51.1548436 ] ] ], [ [ [ 71.442619652400964, 51.154882965405122 ], [ 71.442613152226201, 51.154943065399983 ], [ 71.442737151893084, 51.155069065546051 ], [ 71.44292745177394, 51.155126365765099 ], [ 71.4432417, 51.1551233 ], [ 71.4433747, 51.1550735 ], [ 71.4433889, 51.1549416 ], [ 71.4433242, 51.1548947 ], [ 71.4427532, 51.1548736 ], [ 71.442619652400964, 51.154882965405122 ] ] ], [ [ [ 71.4450122, 51.1549363 ], [ 71.444805926396853, 51.154924983930243 ], [ 71.444781026271244, 51.155010083917666 ], [ 71.4449872, 51.1550214 ], [ 71.4450122, 51.1549363 ] ] ], [ [ [ 71.4439673, 51.154995 ], [ 71.443900526179746, 51.154999683415703 ], [ 71.443870726050207, 51.15508708340036 ], [ 71.444012726039858, 51.155106183481642 ], [ 71.4440795, 51.1551015 ], [ 71.4441093, 51.155014 ], [ 71.4439673, 51.154995 ] ] ], [ [ [ 71.4439217, 51.1551203 ], [ 71.443854925993676, 51.155124983392085 ], [ 71.443825125863995, 51.155212483376751 ], [ 71.443967125853774, 51.155231483458024 ], [ 71.4440339, 51.1552268 ], [ 71.4440637, 51.1551394 ], [ 71.4439217, 51.1551203 ] ] ], [ [ [ 71.4449438, 51.155134 ], [ 71.44473752610385, 51.155122583895 ], [ 71.444712625978227, 51.155207683882409 ], [ 71.4449188, 51.1552191 ], [ 71.4449438, 51.155134 ] ] ], [ [ [ 71.4438855, 51.155249 ], [ 71.443818725803851, 51.155253683373871 ], [ 71.44378892567417, 51.155341183358551 ], [ 71.443930925663963, 51.155360183439825 ], [ 71.4439977, 51.1553555 ], [ 71.4440275, 51.1552681 ], [ 71.4438855, 51.155249 ] ] ], [ [ [ 71.4431579, 51.1554365 ], [ 71.4431851, 51.155316 ], [ 71.443137, 51.1552207 ], [ 71.4428776, 51.1552194 ], [ 71.44254372847513, 51.155242813615132 ], [ 71.442541526926234, 51.155457613629117 ], [ 71.442824027080405, 51.155459914434267 ], [ 71.4431579, 51.1554365 ] ] ], [ [ [ 71.4448928, 51.155338399999984 ], [ 71.444686625803186, 51.155326983869834 ], [ 71.44466162567754, 51.155412083857193 ], [ 71.4448679, 51.1554235 ], [ 71.4448928, 51.155338399999984 ] ] ], [ [ [ 71.4439832, 51.1553942 ], [ 71.4438412, 51.1553752 ], [ 71.443774425616652, 51.15537988335101 ], [ 71.443744625487128, 51.155467283335682 ], [ 71.443886725476787, 51.155486383417021 ], [ 71.4439535, 51.155481699999989 ], [ 71.4439832, 51.1553942 ] ] ], [ [ [ 71.4448499, 51.1554663 ], [ 71.444643725613702, 51.15545488384781 ], [ 71.444618725488056, 51.155539983835155 ], [ 71.444825, 51.1555514 ], [ 71.4448499, 51.1554663 ] ] ], [ [ [ 71.4438023, 51.1554997 ], [ 71.443735525432558, 51.155504383331198 ], [ 71.443705725303005, 51.155591783315849 ], [ 71.443847825292679, 51.15561088339723 ], [ 71.4439146, 51.155606200000015 ], [ 71.4439444, 51.1555187 ], [ 71.4438023, 51.1554997 ] ] ], [ [ [ 71.4447963, 51.1556387 ], [ 71.444590025358792, 51.155627283820458 ], [ 71.444565125233154, 51.155712383807881 ], [ 71.4447713, 51.1557238 ], [ 71.4447963, 51.1556387 ] ] ], [ [ [ 71.4437473, 51.1556595 ], [ 71.443680525195632, 51.155664183302854 ], [ 71.443650825066115, 51.155751583287582 ], [ 71.443792825055766, 51.155770683368864 ], [ 71.4438596, 51.155766 ], [ 71.4438894, 51.1556786 ], [ 71.4437473, 51.1556595 ] ] ], [ [ [ 71.4437071, 51.1557832 ], [ 71.443640325012538, 51.155787883282287 ], [ 71.443610524882985, 51.155875283266958 ], [ 71.443752524872792, 51.155894283348239 ], [ 71.4438193, 51.1558896 ], [ 71.4438491, 51.1558022 ], [ 71.4437071, 51.1557832 ] ] ], [ [ [ 71.44260215009183, 51.155682765415328 ], [ 71.442528949892846, 51.15574566533428 ], [ 71.442521248749443, 51.156141765340436 ], [ 71.442714, 51.1561329 ], [ 71.4428663, 51.1560859 ], [ 71.443231200000014, 51.15577780000001 ], [ 71.443261, 51.1557292 ], [ 71.443262, 51.155677399999988 ], [ 71.44260215009183, 51.155682765415328 ] ] ], [ [ [ 71.4451758, 51.1558381 ], [ 71.444969525117358, 51.155826684040498 ], [ 71.44494462499172, 51.155911784027914 ], [ 71.4451509, 51.155923099999988 ], [ 71.4451758, 51.1558381 ] ] ], [ [ [ 71.4447171, 51.1558902 ], [ 71.444510924986815, 51.155878783780132 ], [ 71.444486024861192, 51.155963883767555 ], [ 71.4446922, 51.1559753 ], [ 71.4447171, 51.1558902 ] ] ], [ [ [ 71.443710200000012, 51.1559375 ], [ 71.443573824766602, 51.155952983247509 ], [ 71.443628124574872, 51.156090583281056 ], [ 71.4437645, 51.1560751 ], [ 71.443710200000012, 51.1559375 ] ] ], [ [ [ 71.4446621, 51.1561194 ], [ 71.444455924649759, 51.156108083753118 ], [ 71.444431024524249, 51.15619308374054 ], [ 71.4446372, 51.1562045 ], [ 71.4446621, 51.1561194 ] ] ], [ [ [ 71.443954, 51.1561929 ], [ 71.44368702438156, 51.156229683317235 ], [ 71.443734024221243, 51.156344883346193 ], [ 71.4440009, 51.1563082 ], [ 71.443954, 51.1561929 ] ] ], [ [ [ 71.443168919637969, 51.156521815517124 ], [ 71.4435028, 51.1564984 ], [ 71.443507, 51.1563422 ], [ 71.442903029181124, 51.156344992592601 ], [ 71.4429031, 51.1563259 ], [ 71.4423612, 51.1563252 ], [ 71.442027320195862, 51.15634861224796 ], [ 71.44202681922431, 51.156483412259242 ], [ 71.442695244999385, 51.156475241155306 ], [ 71.442985619540849, 51.156519914994661 ], [ 71.443168919637969, 51.156521815517124 ] ] ], [ [ [ 71.44463, 51.156371 ], [ 71.444563224277118, 51.156375683819327 ], [ 71.444455324186393, 51.156429583758836 ], [ 71.444543624096767, 51.156499183810475 ], [ 71.4446104, 51.1564945 ], [ 71.4447183, 51.156440599999989 ], [ 71.44463, 51.156371 ] ] ], [ [ [ 71.4448473, 51.1565178 ], [ 71.444780524091854, 51.156522483945928 ], [ 71.444672524001106, 51.156576383885387 ], [ 71.444760823911494, 51.156645983937018 ], [ 71.4448276, 51.1566413 ], [ 71.4449356, 51.1565874 ], [ 71.4448473, 51.1565178 ] ] ], [ [ [ 71.4450636, 51.1566879 ], [ 71.4449753, 51.156618299999984 ], [ 71.444908523962496, 51.15662298402075 ], [ 71.444800623871785, 51.156676883960266 ], [ 71.444888923782159, 51.156746484011911 ], [ 71.4449557, 51.1567418 ], [ 71.4450636, 51.1566879 ] ] ], [ [ [ 71.443840347187844, 51.156794266868481 ], [ 71.443905547098709, 51.156830666944174 ], [ 71.4442344, 51.156793099999987 ], [ 71.4441712, 51.1566212 ], [ 71.44383854757649, 51.15665926686134 ], [ 71.443814047388415, 51.156722466835809 ], [ 71.443840347187844, 51.156794266868481 ] ] ], [ [ [ 71.4451034, 51.1567353 ], [ 71.445036623809386, 51.156739984095957 ], [ 71.444928723718817, 51.156793784035493 ], [ 71.445017023629191, 51.156863384087124 ], [ 71.4450838, 51.1568587 ], [ 71.4451917, 51.1568048 ], [ 71.4451034, 51.1567353 ] ] ], [ [ [ 71.4423557, 51.1565343 ], [ 71.44185141858874, 51.156556911766387 ], [ 71.441844014029073, 51.157189111804897 ], [ 71.4423484, 51.1571664 ], [ 71.4423557, 51.1565343 ] ] ], [ [ [ 71.4434747, 51.156989 ], [ 71.443468441439961, 51.156951696578389 ], [ 71.443567, 51.1569476 ], [ 71.4435749, 51.156777200000015 ], [ 71.443477466758353, 51.156775874032938 ], [ 71.4434867, 51.156596 ], [ 71.4433158, 51.15659260000001 ], [ 71.442981918846186, 51.15661601499319 ], [ 71.442950314392206, 51.157231514961161 ], [ 71.443121214470281, 51.15723501544845 ], [ 71.4434551, 51.1572116 ], [ 71.443460542912476, 51.15710556733579 ], [ 71.4435655, 51.1571016 ], [ 71.4435707, 51.1569907 ], [ 71.4434747, 51.156989 ] ] ], [ [ [ 71.444875, 51.1567978 ], [ 71.444808223691709, 51.156802483966963 ], [ 71.44445952341438, 51.156965683771354 ], [ 71.444577523317079, 51.157043083840051 ], [ 71.4446443, 51.1570384 ], [ 71.4449796, 51.1569055 ], [ 71.444875, 51.1567978 ] ] ], [ [ [ 71.4444137, 51.1569879 ], [ 71.4443664, 51.156860599999987 ], [ 71.4442636, 51.1568296 ], [ 71.443942323485842, 51.156872683474866 ], [ 71.444023623212928, 51.1570688835249 ], [ 71.4444137, 51.1569879 ] ] ], [ [ [ 71.4423636, 51.1571757 ], [ 71.442029714069221, 51.157199112334951 ], [ 71.442024713221016, 51.157316412331753 ], [ 71.442588013493733, 51.157325813937717 ], [ 71.4429219, 51.1573024 ], [ 71.4429269, 51.1571851 ], [ 71.4423636, 51.1571757 ] ] ], [ [ [ 71.443951, 51.1572997 ], [ 71.4438749, 51.1572188 ], [ 71.443770922939692, 51.157237283384056 ], [ 71.44384702283233, 51.157318183428949 ], [ 71.443951, 51.1572997 ] ] ], [ [ [ 71.4443773, 51.1572395 ], [ 71.444310522994996, 51.157244183691695 ], [ 71.444191322915884, 51.157289083624612 ], [ 71.444263022816614, 51.15736398366689 ], [ 71.4443298, 51.1573593 ], [ 71.444449, 51.1573143 ], [ 71.4443773, 51.1572395 ] ] ], [ [ [ 71.4437847, 51.1573488 ], [ 71.4437002, 51.1572596 ], [ 71.443633422884162, 51.157264283306212 ], [ 71.443115422557952, 51.157447183014462 ], [ 71.443407722148848, 51.157755583186855 ], [ 71.4434745, 51.157750900000011 ], [ 71.4436296, 51.1576931 ], [ 71.443610650707484, 51.157410124010575 ], [ 71.4437847, 51.1573488 ] ] ], [ [ [ 71.443066516361853, 51.157852853184494 ], [ 71.4433488, 51.1578105 ], [ 71.4433837, 51.157748299999987 ], [ 71.4432415, 51.1575977 ], [ 71.442640500539611, 51.157639846093794 ], [ 71.442519978593268, 51.157672268976953 ], [ 71.4412096, 51.1576659 ], [ 71.440875709839659, 51.157689309092916 ], [ 71.440874409059219, 51.157797509099403 ], [ 71.441059424212938, 51.157798409766443 ], [ 71.441058521645544, 51.157907781850938 ], [ 71.442999221870622, 51.157914382957053 ], [ 71.443066, 51.1579097 ], [ 71.443066516361853, 51.157852853184494 ] ] ], [ [ [ 71.4447009, 51.157626 ], [ 71.44463412247714, 51.157630683883383 ], [ 71.444514422398115, 51.157675483816021 ], [ 71.44458762229614, 51.157752383859204 ], [ 71.4446544, 51.1577477 ], [ 71.4447741, 51.1577028 ], [ 71.4447009, 51.157626 ] ] ], [ [ [ 71.4437943, 51.1578857 ], [ 71.44351592196594, 51.157891583251093 ], [ 71.443516821881744, 51.157950083252707 ], [ 71.4437951, 51.15794420000001 ], [ 71.4437943, 51.1578857 ] ] ], [ [ [ 71.4425924, 51.157935 ], [ 71.44249702177359, 51.157939582671318 ], [ 71.442496821749202, 51.157956482671537 ], [ 71.4425922, 51.157952 ], [ 71.4425924, 51.157935 ] ] ], [ [ [ 71.4421195, 51.1582253 ], [ 71.442004421310813, 51.15821938239587 ], [ 71.44196382125169, 51.158256982373445 ], [ 71.441997221220859, 51.158281182392933 ], [ 71.4420904, 51.1582777 ], [ 71.4421291, 51.15825670000001 ], [ 71.4421195, 51.1582253 ] ] ], [ [ [ 71.4445015, 51.1585204 ], [ 71.444149181178105, 51.158546810418962 ], [ 71.4440611, 51.1584852 ], [ 71.443727205659442, 51.158508617295311 ], [ 71.442360499293883, 51.159277313473432 ], [ 71.442489176764255, 51.159355870553263 ], [ 71.442410919525983, 51.15949188265153 ], [ 71.442230618861075, 51.159938082557176 ], [ 71.442490818819735, 51.159988582706418 ], [ 71.4425576, 51.1599839 ], [ 71.4430672, 51.1596206 ], [ 71.443155987577569, 51.159466285518867 ], [ 71.443909897912988, 51.159598917918728 ], [ 71.4442438, 51.1595755 ], [ 71.444294500000012, 51.1594621 ], [ 71.4433469, 51.1593001 ], [ 71.443012999355375, 51.159323515337057 ], [ 71.442962348048169, 51.159412424152777 ], [ 71.442659620842093, 51.159343918781225 ], [ 71.4428082, 51.1593335 ], [ 71.444041101989939, 51.158640056464264 ], [ 71.44436568408122, 51.159425979112868 ], [ 71.444343819763873, 51.159488983753036 ], [ 71.444394576102056, 51.159495935032673 ], [ 71.444468497703042, 51.159674919517613 ], [ 71.4448024, 51.1596515 ], [ 71.4449582, 51.1596262 ], [ 71.4445015, 51.1585204 ] ] ], [ [ [ 71.4452344, 51.15902 ], [ 71.445022820476382, 51.159051584131724 ], [ 71.445057620374214, 51.159125384152944 ], [ 71.4452693, 51.1590938 ], [ 71.4452344, 51.15902 ] ] ], [ [ [ 71.4441804, 51.1596394 ], [ 71.4434213, 51.159552 ], [ 71.443354519546659, 51.159556683190502 ], [ 71.443206818767649, 51.160084783116297 ], [ 71.443965918756092, 51.160156483550232 ], [ 71.4440327, 51.1601518 ], [ 71.4441804, 51.1596394 ] ] ], [ [ [ 71.4442809, 51.1597654 ], [ 71.444147338671229, 51.159774767330866 ], [ 71.444061137832023, 51.16005866724332 ], [ 71.4446453377724, 51.160128367911817 ], [ 71.4447789, 51.160119 ], [ 71.4448651, 51.159835200000011 ], [ 71.4442809, 51.1597654 ] ] ], [ [ [ 71.445112, 51.1601656 ], [ 71.4450879, 51.1601227 ], [ 71.444729718797433, 51.160191883986222 ], [ 71.444753818738519, 51.160234784000757 ], [ 71.445112, 51.1601656 ] ] ], [ [ [ 71.440637545144696, 51.160808446774979 ], [ 71.4415725, 51.1607429 ], [ 71.4418501, 51.15972 ], [ 71.440915166255436, 51.159785548720116 ], [ 71.440634464781652, 51.159835046493562 ], [ 71.43980394888608, 51.160553140056578 ], [ 71.439758945672054, 51.16070863973853 ], [ 71.440637545144696, 51.160808446774979 ] ] ], [ [ [ 71.443823618238895, 51.160503383475699 ], [ 71.4438904, 51.1604987 ], [ 71.4439606, 51.160223599999988 ], [ 71.4437772, 51.16020120000001 ], [ 71.443218918583185, 51.160213783125613 ], [ 71.443159918255489, 51.160436183096195 ], [ 71.443823618238895, 51.160503383475699 ] ] ], [ [ [ 71.444183, 51.1603153 ], [ 71.44395531854336, 51.160303183546979 ], [ 71.443794317651154, 51.160908683466651 ], [ 71.4440328, 51.1609175 ], [ 71.444183, 51.1603153 ] ] ], [ [ [ 71.4431256, 51.160539 ], [ 71.442831918094328, 51.160520482910847 ], [ 71.442760017685814, 51.160797882875109 ], [ 71.4430537, 51.1608164 ], [ 71.4431256, 51.160539 ] ] ], [ [ [ 71.443367017609702, 51.160901583222987 ], [ 71.4436378, 51.1609165 ], [ 71.443656756272858, 51.160851992091658 ], [ 71.4437823, 51.1608534 ], [ 71.4438619, 51.1605505 ], [ 71.443617618165831, 51.160536783358928 ], [ 71.443538798253627, 51.160836713206997 ], [ 71.443384017710642, 51.160832983231394 ], [ 71.443367017609702, 51.160901583222987 ] ] ], [ [ [ 71.442134918241678, 51.160359782510582 ], [ 71.441859117131216, 51.161107082367494 ], [ 71.441962117058893, 51.161165882427298 ], [ 71.442061817054949, 51.161176982484328 ], [ 71.4427228, 51.1611432 ], [ 71.4428497, 51.1611208 ], [ 71.4428743, 51.16104150000001 ], [ 71.4423622, 51.1603732 ], [ 71.442134918241678, 51.160359782510582 ] ] ], [ [ [ 71.4455622, 51.1611971 ], [ 71.4452033, 51.1603967 ], [ 71.444869392575114, 51.160420120730301 ], [ 71.444649092162265, 51.160458920106187 ], [ 71.445013186678182, 51.161250421218391 ], [ 71.4455622, 51.1611971 ] ] ], [ [ [ 71.4447033, 51.160666 ], [ 71.444470218090501, 51.160660583847168 ], [ 71.444368317491396, 51.161067683796766 ], [ 71.444540017478275, 51.16109118389506 ], [ 71.4446068, 51.16108650000001 ], [ 71.4447033, 51.160666 ] ] ], [ [ [ 71.443475717560759, 51.160944683285763 ], [ 71.443443752670404, 51.161074574532925 ], [ 71.443048, 51.1610374 ], [ 71.442981217360554, 51.161042083005761 ], [ 71.442949917170111, 51.16117158299037 ], [ 71.443600517159837, 51.1612332833623 ], [ 71.4436673, 51.1612286 ], [ 71.4437331, 51.1609584 ], [ 71.443475717560759, 51.160944683285763 ] ] ], [ [ [ 71.4443989, 51.1611905 ], [ 71.4440897, 51.160949 ], [ 71.443753717615976, 51.160929683443889 ], [ 71.443678717132116, 51.161259083407366 ], [ 71.44430481712709, 51.161315083765246 ], [ 71.4443716, 51.1613104 ], [ 71.4443989, 51.1611905 ] ] ], [ [ [ 71.4449582, 51.1612578 ], [ 71.4446573, 51.1612191 ], [ 71.44459051729325, 51.16122378392636 ], [ 71.444547617098962, 51.161354983904381 ], [ 71.444848517079564, 51.161393684076586 ], [ 71.4449153, 51.161389 ], [ 71.4449582, 51.1612578 ] ] ], [ [ [ 71.4454331, 51.1613242 ], [ 71.4450986, 51.1612829 ], [ 71.445031817254659, 51.161287584179064 ], [ 71.44499381707061, 51.16141208415975 ], [ 71.445324517050352, 51.161453884349008 ], [ 71.4453913, 51.1614492 ], [ 71.4454331, 51.1613242 ] ] ], [ [ [ 71.442814, 51.1614491 ], [ 71.442605016743556, 51.161438582798837 ], [ 71.442554516485473, 51.161613382773375 ], [ 71.4427631, 51.16162580000001 ], [ 71.442814, 51.1614491 ] ] ], [ [ [ 71.4431772, 51.1614874 ], [ 71.442995416733382, 51.161478383022086 ], [ 71.442944416460676, 51.161663282996507 ], [ 71.4431244, 51.1616707 ], [ 71.4431772, 51.1614874 ] ] ], [ [ [ 71.44319661649449, 51.161660983140195 ], [ 71.44325461641256, 51.161722683174425 ], [ 71.4434174, 51.1617299 ], [ 71.443442200000021, 51.1616508 ], [ 71.4434245, 51.1615587 ], [ 71.443294316658225, 51.161555583193874 ], [ 71.443222516616842, 51.161578283153403 ], [ 71.44319661649449, 51.161660983140195 ] ] ], [ [ [ 71.443555616424163, 51.161739883346286 ], [ 71.443527916280431, 51.161837283332318 ], [ 71.443752516271402, 51.161862383460807 ], [ 71.4438193, 51.1618577 ], [ 71.4438471, 51.1617603 ], [ 71.443798509639308, 51.161754872277371 ], [ 71.4438523, 51.161751099999989 ], [ 71.4438945, 51.1616103 ], [ 71.4436841, 51.1615846 ], [ 71.443617316648712, 51.161589283378603 ], [ 71.443585216491172, 51.161695883362327 ], [ 71.443711099486762, 51.16174510818643 ], [ 71.443555616424163, 51.161739883346286 ] ] ], [ [ [ 71.4441781, 51.1617532 ], [ 71.4442226, 51.1616003 ], [ 71.444057916669564, 51.161611783630143 ], [ 71.444015816469886, 51.161746783608692 ], [ 71.4441781, 51.1617532 ] ] ], [ [ [ 71.444061716394714, 51.161802783635906 ], [ 71.444033716249479, 51.161901183621787 ], [ 71.444232116241494, 51.161923383735292 ], [ 71.4442989, 51.1619187 ], [ 71.4443204, 51.1618465 ], [ 71.444301973820359, 51.161829281241111 ], [ 71.4444834, 51.1618393 ], [ 71.4445246, 51.1617126 ], [ 71.444334616573599, 51.161701583789544 ], [ 71.444295138063467, 51.161822893409933 ], [ 71.4441285, 51.161798099999984 ], [ 71.444061716394714, 51.161802783635906 ] ] ], [ [ [ 71.4447288, 51.1617354 ], [ 71.444546616560743, 51.161728283910861 ], [ 71.444510516355734, 51.161867483892898 ], [ 71.4446926, 51.1618746 ], [ 71.4447288, 51.1617354 ] ] ], [ [ [ 71.4449487, 51.1617419 ], [ 71.4448414, 51.1617217 ], [ 71.444774616591062, 51.161726384040755 ], [ 71.444705016372893, 51.16187188400383 ], [ 71.44481231635676, 51.161892084065371 ], [ 71.4448791, 51.1618874 ], [ 71.4449487, 51.1617419 ] ] ], [ [ [ 71.4422454, 51.1616805 ], [ 71.4422778, 51.161561599999985 ], [ 71.4421007, 51.1615275 ], [ 71.4419426, 51.1615255 ], [ 71.441066065689583, 51.161586953281478 ], [ 71.441013765146877, 51.161611252896272 ], [ 71.440890759232431, 51.161913552050933 ], [ 71.440834155288726, 51.162117251677913 ], [ 71.44084665329737, 51.162223551797723 ], [ 71.441052253205413, 51.162245653341103 ], [ 71.4419288, 51.1621842 ], [ 71.4422454, 51.1616805 ] ] ], [ [ [ 71.445642416378448, 51.16194668453948 ], [ 71.4457092, 51.161942 ], [ 71.4457499, 51.1618167 ], [ 71.4454056, 51.161780899999989 ], [ 71.445337459326893, 51.161789774116507 ], [ 71.4450165, 51.1617556 ], [ 71.444949716563357, 51.161760284141181 ], [ 71.444913116381358, 51.161883484122662 ], [ 71.445473368428409, 51.161918175408282 ], [ 71.445642416378448, 51.16194668453948 ] ] ], [ [ [ 71.4435658, 51.1618653 ], [ 71.443499016229794, 51.161869983316478 ], [ 71.443471316086047, 51.161967383302525 ], [ 71.443695916077019, 51.161992483431007 ], [ 71.4437627, 51.1619878 ], [ 71.4437905, 51.1618904 ], [ 71.4435658, 51.1618653 ] ] ], [ [ [ 71.4442781, 51.1619504 ], [ 71.444030716197233, 51.161937183620772 ], [ 71.444010816081089, 51.162016083610915 ], [ 71.4442581, 51.1620293 ], [ 71.4442781, 51.1619504 ] ] ], [ [ [ 71.4434421, 51.1620137 ], [ 71.443375316000925, 51.162018383248778 ], [ 71.443357815898764, 51.162087783240104 ], [ 71.443662915891835, 51.16211818341457 ], [ 71.4437297, 51.1621135 ], [ 71.4437473, 51.162044 ], [ 71.4434421, 51.1620137 ] ] ], [ [ [ 71.4440722, 51.1620544 ], [ 71.444005416018442, 51.162059083608654 ], [ 71.443974815879258, 51.16215308359299 ], [ 71.444144915868407, 51.162174883690334 ], [ 71.4442117, 51.1621702 ], [ 71.4442423, 51.1620761 ], [ 71.4440722, 51.1620544 ] ] ], [ [ [ 71.442658, 51.1621073 ], [ 71.442446515774463, 51.162097582720925 ], [ 71.442405815537739, 51.162258382700763 ], [ 71.4426173, 51.1622681 ], [ 71.442658, 51.1621073 ] ] ], [ [ [ 71.4434529, 51.1621279 ], [ 71.443386115837612, 51.162132583257105 ], [ 71.443368015732503, 51.162203983248119 ], [ 71.44364181572638, 51.162231183404671 ], [ 71.4437086, 51.1622265 ], [ 71.4437266, 51.1621552 ], [ 71.4434529, 51.1621279 ] ] ], [ [ [ 71.4428631, 51.1621765 ], [ 71.442698715698398, 51.162171482866071 ], [ 71.442672115543701, 51.162276582852883 ], [ 71.4428365, 51.1622817 ], [ 71.4428631, 51.1621765 ] ] ], [ [ [ 71.4430759, 51.162198 ], [ 71.442891415693609, 51.162190982976256 ], [ 71.44286501553978, 51.162295482963188 ], [ 71.4430495, 51.1623025 ], [ 71.4430759, 51.162198 ] ] ], [ [ [ 71.4440296, 51.1621865 ], [ 71.443962815822871, 51.162191183586863 ], [ 71.443939315705862, 51.162270383574963 ], [ 71.444119015697325, 51.162291383677776 ], [ 71.4441858, 51.1622867 ], [ 71.444209300000011, 51.1622076 ], [ 71.4440296, 51.1621865 ] ] ], [ [ [ 71.4433411, 51.1622372 ], [ 71.443126715672477, 51.162225383110993 ], [ 71.443100415536094, 51.162317783097762 ], [ 71.4433148, 51.1623296 ], [ 71.4433411, 51.1622372 ] ] ], [ [ [ 71.4436973, 51.162285 ], [ 71.4434299, 51.1622577 ], [ 71.443363115647713, 51.162262383246428 ], [ 71.443339115511336, 51.162354983234501 ], [ 71.443606615504478, 51.162382183387457 ], [ 71.4436734, 51.162377499999984 ], [ 71.4436973, 51.162285 ] ] ], [ [ [ 71.4420346, 51.1623593 ], [ 71.441763815339343, 51.162342182336467 ], [ 71.441737015193965, 51.162440782323046 ], [ 71.4420078, 51.1624579 ], [ 71.4420346, 51.1623593 ] ] ], [ [ [ 71.4440153, 51.1623015 ], [ 71.443948515655379, 51.162306183580895 ], [ 71.443921615498866, 51.16241248356755 ], [ 71.444248, 51.1624309 ], [ 71.4442748, 51.162332 ], [ 71.4440153, 51.1623015 ] ] ], [ [ [ 71.4423346, 51.162393 ], [ 71.442063815327018, 51.16237588250808 ], [ 71.44203701518164, 51.162474482494652 ], [ 71.4423078, 51.1624916 ], [ 71.4423346, 51.162393 ] ] ], [ [ [ 71.4447189, 51.1624966 ], [ 71.4447526, 51.1623635 ], [ 71.444342715652738, 51.162341083806218 ], [ 71.444302215468369, 51.162465583785469 ], [ 71.44465211545922, 51.162501283985549 ], [ 71.4447189, 51.1624966 ] ] ], [ [ [ 71.4427221, 51.1624159 ], [ 71.442510115341776, 51.16240308276295 ], [ 71.442479315195754, 51.162501782747249 ], [ 71.4426886, 51.1625104 ], [ 71.4427221, 51.1624159 ] ] ], [ [ [ 71.4455848, 51.1623712 ], [ 71.445330715748881, 51.162357284369591 ], [ 71.445313015645539, 51.162427484360812 ], [ 71.445567, 51.1624415 ], [ 71.4455848, 51.1623712 ] ] ], [ [ [ 71.4428064, 51.1624159 ], [ 71.44273961534428, 51.162420582894065 ], [ 71.44270411518518, 51.162527982875865 ], [ 71.442846215175678, 51.16254648295719 ], [ 71.442913, 51.1625418 ], [ 71.4429486, 51.1624344 ], [ 71.4428064, 51.1624159 ] ] ], [ [ [ 71.4451245, 51.1624076 ], [ 71.444894015640713, 51.162395684121435 ], [ 71.444859115442313, 51.162530384104095 ], [ 71.4450896, 51.1625424 ], [ 71.4451245, 51.1624076 ] ] ], [ [ [ 71.443155, 51.1624683 ], [ 71.442946015317929, 51.162456183012367 ], [ 71.442913615158758, 51.162563882995926 ], [ 71.4431225, 51.162576 ], [ 71.443155, 51.1624683 ] ] ], [ [ [ 71.4433975, 51.1624944 ], [ 71.443184515302207, 51.162487083148875 ], [ 71.443161615162637, 51.162581983137621 ], [ 71.4433761, 51.1625919 ], [ 71.4433975, 51.1624944 ] ] ], [ [ [ 71.4434699, 51.1625041 ], [ 71.443403115297357, 51.162508783273879 ], [ 71.443379115156077, 51.162604783262012 ], [ 71.4435875, 51.1626113 ], [ 71.443617, 51.1625239 ], [ 71.4434699, 51.1625041 ] ] ], [ [ [ 71.4455661, 51.1625082 ], [ 71.4453844, 51.1624849 ], [ 71.445317615556576, 51.162489584364636 ], [ 71.445296215459436, 51.162555184353664 ], [ 71.445478015447833, 51.162578484457718 ], [ 71.4455448, 51.1625738 ], [ 71.4455661, 51.1625082 ] ] ], [ [ [ 71.4435861, 51.1626484 ], [ 71.443372815106756, 51.162638483259066 ], [ 71.443350914977799, 51.162726083248216 ], [ 71.44349741496697, 51.162745883332079 ], [ 71.4435642, 51.1627412 ], [ 71.4435861, 51.1626484 ] ] ], [ [ [ 71.442557914414422, 51.163050382802382 ], [ 71.4427434, 51.1630587 ], [ 71.4428109, 51.1628003 ], [ 71.442582361072809, 51.162787760366292 ], [ 71.4425954, 51.1627208 ], [ 71.442282414873119, 51.162709082638941 ], [ 71.442266414730625, 51.162806582631667 ], [ 71.442572504575224, 51.162819659112451 ], [ 71.442546974709458, 51.1629196863001 ], [ 71.442274514585151, 51.162908182638184 ], [ 71.442257914438557, 51.163008482630609 ], [ 71.442548396046789, 51.163021330658125 ], [ 71.442557914414422, 51.163050382802382 ] ] ], [ [ [ 71.4434811, 51.162849 ], [ 71.4434971, 51.1627928 ], [ 71.443233600000013, 51.1627601 ], [ 71.443166814899769, 51.162764783144013 ], [ 71.443159414860375, 51.162791483140317 ], [ 71.443193514814766, 51.162825983160388 ], [ 71.443414314801544, 51.16285368328677 ], [ 71.4434811, 51.162849 ] ] ], [ [ [ 71.44359936545456, 51.16316827215411 ], [ 71.444072065233016, 51.163262572916821 ], [ 71.444881865213318, 51.16333537421874 ], [ 71.445069700000019, 51.1633222 ], [ 71.4452371, 51.1627308 ], [ 71.4438389, 51.1625833 ], [ 71.443651067790455, 51.162596472206666 ], [ 71.443504765551324, 51.163136472000794 ], [ 71.44359936545456, 51.16316827215411 ] ] ], [ [ [ 71.442838413939612, 51.163403282968908 ], [ 71.442989324573475, 51.163455216445385 ], [ 71.442494751569726, 51.164170472893794 ], [ 71.442439049358299, 51.164263972425317 ], [ 71.442425246881371, 51.16437277233446 ], [ 71.442469446476053, 51.164394472734458 ], [ 71.443449445937659, 51.164500581492881 ], [ 71.4445504, 51.1644185 ], [ 71.4446922, 51.1641938 ], [ 71.4448415, 51.1636592 ], [ 71.4448341, 51.16341 ], [ 71.4447793, 51.1633901 ], [ 71.4442362, 51.1633302 ], [ 71.4440678, 51.1633315 ], [ 71.4438329, 51.1633088 ], [ 71.443665935425287, 51.163320508668612 ], [ 71.443656126279564, 51.163360369690061 ], [ 71.443400245025714, 51.163378313281264 ], [ 71.4434339, 51.1632603 ], [ 71.4432921, 51.1632435 ], [ 71.443225314209968, 51.163248183186475 ], [ 71.443142896575651, 51.163292207439618 ], [ 71.4431514, 51.1632371 ], [ 71.4429238, 51.1632216 ], [ 71.442771544346542, 51.16324697126791 ], [ 71.44250723569391, 51.163240480594993 ], [ 71.4425088, 51.1632313 ], [ 71.4417966, 51.1631851 ], [ 71.441596242295574, 51.163199146885241 ], [ 71.441565441505091, 51.163379346842774 ], [ 71.441749464919738, 51.163391914291253 ], [ 71.441720443625954, 51.16356259181827 ], [ 71.441850343401896, 51.163596092331609 ], [ 71.442221026315508, 51.163570103199653 ], [ 71.442215938780123, 51.16360115009946 ], [ 71.442436838809357, 51.163615350690854 ], [ 71.4427499, 51.1635934 ], [ 71.442788413349234, 51.163357942333171 ], [ 71.442838413939612, 51.163403282968908 ] ], [ [ 71.443126649460396, 51.163397498449356 ], [ 71.443130012457246, 51.163375704256751 ], [ 71.44324648692394, 51.163389095243588 ], [ 71.443126649460396, 51.163397498449356 ] ] ], [ [ [ 71.4454821, 51.1634461 ], [ 71.445311214187626, 51.163438684378889 ], [ 71.445286614060834, 51.163524584366492 ], [ 71.4454629, 51.1635319 ], [ 71.4454821, 51.1634461 ] ] ], [ [ [ 71.442270113202269, 51.163867082653759 ], [ 71.4424463, 51.163851899999983 ], [ 71.442466, 51.1637556 ], [ 71.442037413370201, 51.163731082518566 ], [ 71.442018413234251, 51.163823782509482 ], [ 71.442099213201502, 51.163853282556097 ], [ 71.442270113202269, 51.163867082653759 ] ] ], [ [ [ 71.4427843, 51.1649858 ], [ 71.4429022, 51.16459960000001 ], [ 71.4413416, 51.1644357 ], [ 71.441274812255429, 51.164440382097304 ], [ 71.44117261175073, 51.164781882045489 ], [ 71.441572111696232, 51.164853182274513 ], [ 71.442717511636758, 51.164990482929909 ], [ 71.4427843, 51.1649858 ] ] ], [ [ [ 71.44381631199569, 51.164833683553212 ], [ 71.443755611712703, 51.165024883522221 ], [ 71.444257311687892, 51.165084183809284 ], [ 71.4443241, 51.1650795 ], [ 71.4443847, 51.1648969 ], [ 71.4443206, 51.1648735 ], [ 71.4439532, 51.1648252 ], [ 71.44381631199569, 51.164833683553212 ] ] ], [ [ [ 71.4439198, 51.1650526 ], [ 71.443721911682957, 51.165042683503351 ], [ 71.443707211612562, 51.165090283495871 ], [ 71.4439038, 51.1651002 ], [ 71.4439198, 51.1650526 ] ] ], [ [ [ 71.4434143, 51.1648416 ], [ 71.442989530653009, 51.164868652278194 ], [ 71.442832827127674, 51.16537715190448 ], [ 71.442863626938987, 51.165407651989469 ], [ 71.443032426905589, 51.165426752442116 ], [ 71.4433455, 51.1654048 ], [ 71.4433862, 51.1653804 ], [ 71.4435719, 51.1650005 ], [ 71.4436063, 51.1648832 ], [ 71.4434143, 51.1648416 ] ] ], [ [ [ 71.4428813, 51.165122 ], [ 71.442658711458378, 51.165109282898655 ], [ 71.442636611343403, 51.165187182887522 ], [ 71.4428592, 51.1651998 ], [ 71.4428813, 51.165122 ] ] ], [ [ [ 71.444655111043247, 51.16556468404508 ], [ 71.4447219, 51.16556 ], [ 71.4448347, 51.1651451 ], [ 71.444625711662226, 51.165132884020174 ], [ 71.443660211186469, 51.165381883474581 ], [ 71.443640611064552, 51.165464783464977 ], [ 71.444655111043247, 51.16556468404508 ] ] ], [ [ [ 71.44328, 51.1654856 ], [ 71.443031110982204, 51.165470783117705 ], [ 71.443009610865559, 51.165549883106948 ], [ 71.4432585, 51.1655646 ], [ 71.44328, 51.1654856 ] ] ], [ [ [ 71.4436088, 51.165542599999988 ], [ 71.443383810939949, 51.165529683319839 ], [ 71.443361710824959, 51.16560758330872 ], [ 71.4435867, 51.1656205 ], [ 71.4436088, 51.165542599999988 ] ] ], [ [ [ 71.4440905, 51.1655867 ], [ 71.443881210933924, 51.165575583604195 ], [ 71.443856510804764, 51.165663083591781 ], [ 71.4440658, 51.1656742 ], [ 71.4440905, 51.1655867 ] ] ], [ [ [ 71.4443169, 51.1656147 ], [ 71.444104310920977, 51.165603283731876 ], [ 71.444080710797138, 51.165687183720017 ], [ 71.444293300000012, 51.165698599999985 ], [ 71.4443169, 51.1656147 ] ] ], [ [ [ 71.4447296, 51.165589 ], [ 71.444511011006924, 51.165577783963187 ], [ 71.444496066379628, 51.16563395368626 ], [ 71.444320210912906, 51.16562698385539 ], [ 71.444297410788892, 51.165711083843952 ], [ 71.444621810775232, 51.165747784029534 ], [ 71.4446886, 51.165743099999986 ], [ 71.4447296, 51.165589 ] ] ], [ [ [ 71.4433205, 51.1656664 ], [ 71.4431108, 51.1656415 ], [ 71.443044010730887, 51.165646183128366 ], [ 71.443017310600197, 51.165734583114819 ], [ 71.443226910589502, 51.165759583234752 ], [ 71.4432937, 51.165754899999989 ], [ 71.4433205, 51.1656664 ] ] ], [ [ [ 71.4435049, 51.1656818 ], [ 71.443438110720436, 51.165686483353753 ], [ 71.443407110560827, 51.165794583338119 ], [ 71.443633310551277, 51.165820183467524 ], [ 71.4437001, 51.1658155 ], [ 71.4437311, 51.1657074 ], [ 71.4435049, 51.1656818 ] ] ], [ [ [ 71.4440182, 51.1657615 ], [ 71.443798110673569, 51.165749183560116 ], [ 71.44377401054696, 51.165834983547995 ], [ 71.4439941, 51.1658473 ], [ 71.4440182, 51.1657615 ] ] ], [ [ [ 71.4431839, 51.1658395 ], [ 71.442987, 51.1658159 ], [ 71.44292021046445, 51.165820583061112 ], [ 71.442898410358879, 51.165891983050024 ], [ 71.443095310348653, 51.165915583162679 ], [ 71.4431621, 51.1659109 ], [ 71.4431839, 51.1658395 ] ] ], [ [ [ 71.444181, 51.1657623 ], [ 71.444114210686138, 51.165766983740596 ], [ 71.444065910439519, 51.165933983716229 ], [ 71.444268910430765, 51.165957083832367 ], [ 71.4443357, 51.1659524 ], [ 71.444384, 51.165785399999983 ], [ 71.444181, 51.1657623 ] ] ], [ [ [ 71.444570267855156, 51.166136503569099 ], [ 71.4443181, 51.1661108 ], [ 71.444251310200258, 51.166115483825315 ], [ 71.44417680977007, 51.16640758378837 ], [ 71.4444403, 51.1664216 ], [ 71.444506330458026, 51.166350665057472 ], [ 71.444481410743549, 51.166434134362163 ], [ 71.444408209754073, 51.166438083920831 ], [ 71.444404529251855, 51.166450759931109 ], [ 71.444208309730058, 51.166437983806887 ], [ 71.444169409562008, 51.166551283786852 ], [ 71.444318509551039, 51.166571383872224 ], [ 71.4443853, 51.1665667 ], [ 71.444389731734631, 51.166553758905394 ], [ 71.444443846059428, 51.16655995781052 ], [ 71.444414214210795, 51.166659209647698 ], [ 71.445014813848971, 51.166730513771597 ], [ 71.4458163, 51.1666743 ], [ 71.4460606, 51.1658587 ], [ 71.4454593, 51.165787 ], [ 71.444685650854098, 51.165841259917364 ], [ 71.44469, 51.1658261 ], [ 71.444444810663114, 51.165810683929855 ], [ 71.444406310465112, 51.165944783910426 ], [ 71.444509974740342, 51.165956521776735 ], [ 71.444466310451034, 51.165959583944918 ], [ 71.444433210282668, 51.166073583928195 ], [ 71.444583898869183, 51.166090845563502 ], [ 71.444570267855156, 51.166136503569099 ] ], [ [ 71.444607300385869, 51.165963399764273 ], [ 71.444622260383071, 51.165962350606236 ], [ 71.444621462828124, 51.165965022087299 ], [ 71.444607300385869, 51.165963399764273 ] ] ], [ [ [ 71.4434459, 51.1659977 ], [ 71.443379110257837, 51.166002383326074 ], [ 71.443357210147184, 51.166077283315005 ], [ 71.443606210136068, 51.166105883457455 ], [ 71.443673, 51.1661012 ], [ 71.4436949, 51.1660264 ], [ 71.4434459, 51.1659977 ] ] ], [ [ [ 71.4433432, 51.1662849 ], [ 71.443276409831327, 51.166289583272963 ], [ 71.443237509663263, 51.166402883252928 ], [ 71.443386609652308, 51.166422983338279 ], [ 71.4434534, 51.1664183 ], [ 71.4434922, 51.166305 ], [ 71.4433432, 51.1662849 ] ] ], [ [ [ 71.4436767, 51.1663251 ], [ 71.443609909813688, 51.166329783463794 ], [ 71.443583509628553, 51.166455983451108 ], [ 71.443974009605398, 51.166504783674597 ], [ 71.4440408, 51.1665001 ], [ 71.4440864, 51.1663773 ], [ 71.4436767, 51.1663251 ] ] ], [ [ [ 71.445048, 51.1667706 ], [ 71.444714046537698, 51.166794020889071 ], [ 71.444612943695859, 51.167179720637343 ], [ 71.444876343653306, 51.167207721390604 ], [ 71.4452103, 51.1671843 ], [ 71.4453114, 51.1667975 ], [ 71.445048, 51.1667706 ] ] ], [ [ [ 71.4439419, 51.167552 ], [ 71.443875108076696, 51.167556683638082 ], [ 71.443850907979183, 51.167622283625533 ], [ 71.444096207957671, 51.167657783766018 ], [ 71.444163, 51.1676531 ], [ 71.4441871, 51.1675875 ], [ 71.4439419, 51.167552 ] ] ], [ [ [ 71.4449848, 51.168464 ], [ 71.445019062606548, 51.168405844746978 ], [ 71.446055581009304, 51.168715721339716 ], [ 71.446135180976057, 51.168724321886096 ], [ 71.447082489303469, 51.168664947162675 ], [ 71.447032273158058, 51.168860882432504 ], [ 71.4467857, 51.1688333 ], [ 71.446718906573125, 51.168837985283126 ], [ 71.446692106434057, 51.168932185269639 ], [ 71.44694320642391, 51.168960285413284 ], [ 71.44701, 51.1689556 ], [ 71.447025273235013, 51.168902115333694 ], [ 71.447277443816461, 51.168922853071805 ], [ 71.447250206392994, 51.169007485589162 ], [ 71.447453606380407, 51.169033285705559 ], [ 71.4475204, 51.1690286 ], [ 71.447557770249858, 51.168912388794809 ], [ 71.4489445, 51.1688255 ], [ 71.4491644, 51.1687683 ], [ 71.4488587, 51.1683629 ], [ 71.4481184, 51.1682671 ], [ 71.447309510258222, 51.168328315842984 ], [ 71.4473551, 51.168163 ], [ 71.4451211, 51.1679378 ], [ 71.444319590977358, 51.167994009302802 ], [ 71.444276488208473, 51.168150409043427 ], [ 71.444293787565655, 51.16818900917049 ], [ 71.444560171422168, 51.168268650754598 ], [ 71.44451540690352, 51.168423984019384 ], [ 71.444918006887775, 51.168468684249703 ], [ 71.4449848, 51.168464 ] ] ], [ [ [ 71.445007606097846, 51.169023984311259 ], [ 71.4450744, 51.1690193 ], [ 71.4450885, 51.168775 ], [ 71.444764006457447, 51.168754184167319 ], [ 71.444664906105274, 51.168990084115272 ], [ 71.445007606097846, 51.169023984311259 ] ] ], [ [ [ 71.4457476, 51.1686628 ], [ 71.445633806665612, 51.168682784661726 ], [ 71.445594706616916, 51.16871328464002 ], [ 71.44545240590881, 51.169192384567964 ], [ 71.445517505799302, 51.169273784606581 ], [ 71.445716905792139, 51.169295484720664 ], [ 71.4457837, 51.1692908 ], [ 71.4459477, 51.1686846 ], [ 71.4457476, 51.1686628 ] ] ], [ [ [ 71.4454292, 51.1692675 ], [ 71.44531310575843, 51.169284984490304 ], [ 71.445251005568778, 51.16941128445729 ], [ 71.445508205422655, 51.169534184606199 ], [ 71.4457467, 51.1695477 ], [ 71.44578420000002, 51.1695181 ], [ 71.4458401, 51.1693111 ], [ 71.4454292, 51.1692675 ] ] ], [ [ [ 71.4464854, 51.1503728 ], [ 71.44641863314348, 51.150377484763368 ], [ 71.446353132956062, 51.150502084728394 ], [ 71.44655693292006, 51.150544184845316 ], [ 71.4466237, 51.150539499999987 ], [ 71.4466892, 51.150415 ], [ 71.4464854, 51.1503728 ] ] ], [ [ [ 71.4451473, 51.1534941 ], [ 71.444971828485237, 51.153489483997696 ], [ 71.444947728321523, 51.153601083986068 ], [ 71.4451231, 51.1536056 ], [ 71.4451473, 51.1534941 ] ] ], [ [ [ 71.4460951, 51.1543838 ], [ 71.445888827324055, 51.154372384536913 ], [ 71.445863927198417, 51.154457484524329 ], [ 71.4460702, 51.154468799999989 ], [ 71.4460951, 51.1543838 ] ] ], [ [ [ 71.4456036, 51.1544056 ], [ 71.445397427233203, 51.154394184257292 ], [ 71.445372427107557, 51.154479284244644 ], [ 71.4455787, 51.1544907 ], [ 71.4456036, 51.1544056 ] ] ], [ [ [ 71.4468856, 51.1544603 ], [ 71.446678827254317, 51.154487084989249 ], [ 71.44671232713749, 51.154570985009933 ], [ 71.4469191, 51.1545442 ], [ 71.4468856, 51.1544603 ] ] ], [ [ [ 71.4455567, 51.1545797 ], [ 71.44535042697666, 51.154568284233811 ], [ 71.445325526851036, 51.15465338422122 ], [ 71.4455317, 51.1546648 ], [ 71.4455567, 51.1545797 ] ] ], [ [ [ 71.446964, 51.1546344 ], [ 71.446757227013109, 51.154661085037226 ], [ 71.446790826896134, 51.154745085057961 ], [ 71.4469976, 51.1547183 ], [ 71.446964, 51.1546344 ] ] ], [ [ [ 71.4465196, 51.154619 ], [ 71.446320926983816, 51.154644784788282 ], [ 71.446392826737608, 51.154821684832591 ], [ 71.446591500000011, 51.154796 ], [ 71.4465196, 51.154619 ] ] ], [ [ [ 71.4464433, 51.154868699999987 ], [ 71.44602322651005, 51.154948584624371 ], [ 71.446071526387385, 51.15503778465358 ], [ 71.4464916, 51.154957899999985 ], [ 71.4464433, 51.154868699999987 ] ] ], [ [ [ 71.4454494, 51.154938 ], [ 71.445243126447281, 51.154926684179422 ], [ 71.445218226321785, 51.155011684166844 ], [ 71.4454244, 51.1550231 ], [ 71.4454494, 51.154938 ] ] ], [ [ [ 71.4454105, 51.1550592 ], [ 71.445204226268089, 51.155047784159557 ], [ 71.445179326142451, 51.155132884146958 ], [ 71.4453856, 51.1551442 ], [ 71.4454105, 51.1550592 ] ] ], [ [ [ 71.4467213, 51.1550247 ], [ 71.446514526421367, 51.15505138490628 ], [ 71.446548026304399, 51.155135384926972 ], [ 71.4467549, 51.1551086 ], [ 71.4467213, 51.1550247 ] ] ], [ [ [ 71.4453609, 51.1552131 ], [ 71.445154626040321, 51.155201684134177 ], [ 71.445129725914683, 51.155286784121593 ], [ 71.4453359, 51.155298199999983 ], [ 71.4453609, 51.1552131 ] ] ], [ [ [ 71.446787, 51.1551694 ], [ 71.446580226220803, 51.155196084946439 ], [ 71.446613826103984, 51.155279984967201 ], [ 71.4468206, 51.1552533 ], [ 71.446787, 51.1551694 ] ] ], [ [ [ 71.445953, 51.1552748 ], [ 71.445751026024993, 51.155262384475186 ], [ 71.445723025895958, 51.155349584460886 ], [ 71.445925, 51.155362 ], [ 71.445953, 51.1552748 ] ] ], [ [ [ 71.4463875, 51.1553386 ], [ 71.4463454, 51.1552537 ], [ 71.446146926041607, 51.155284084701208 ], [ 71.446188925924332, 51.155368984726735 ], [ 71.4463875, 51.1553386 ] ] ], [ [ [ 71.445326, 51.155346 ], [ 71.445119725844606, 51.155334584116808 ], [ 71.445094825718982, 51.155419684104203 ], [ 71.4453011, 51.1554311 ], [ 71.445326, 51.155346 ] ] ], [ [ [ 71.4466453, 51.155339299999987 ], [ 71.446417525954146, 51.155367484856981 ], [ 71.446451925825031, 51.15545998487832 ], [ 71.446671848911038, 51.155432836896225 ], [ 71.446742625659766, 51.15559908504661 ], [ 71.4469563, 51.1555698 ], [ 71.4468835, 51.1553988 ], [ 71.446677764573096, 51.155426755594789 ], [ 71.4466453, 51.155339299999987 ] ] ], [ [ [ 71.4452858, 51.1554713 ], [ 71.445079525659054, 51.155459984096254 ], [ 71.445054625533558, 51.155544984083669 ], [ 71.4452608, 51.1555564 ], [ 71.4452858, 51.1554713 ] ] ], [ [ [ 71.4452455, 51.1555975 ], [ 71.445039325472493, 51.155586084075722 ], [ 71.445014325346833, 51.155671184063081 ], [ 71.4452206, 51.1556826 ], [ 71.4452455, 51.1555975 ] ] ], [ [ [ 71.4452174, 51.1557195 ], [ 71.445011125293277, 51.155708084061963 ], [ 71.444986225167639, 51.155793184049358 ], [ 71.4451924, 51.1558045 ], [ 71.4452174, 51.1557195 ] ] ], [ [ [ 71.4461627, 51.155705399999988 ], [ 71.445970925365714, 51.155738384609485 ], [ 71.446068625132995, 51.155908084668368 ], [ 71.4462604, 51.1558751 ], [ 71.4461627, 51.155705399999988 ] ] ], [ [ [ 71.4470136, 51.15571 ], [ 71.446799825464666, 51.155739285081864 ], [ 71.446872725227081, 51.155910285126623 ], [ 71.4470864, 51.155881 ], [ 71.4470136, 51.15571 ] ] ], [ [ [ 71.4458207, 51.155909 ], [ 71.445628925031102, 51.155941884418432 ], [ 71.44572662479824, 51.156111684477295 ], [ 71.445918400000011, 51.1560787 ], [ 71.4458207, 51.155909 ] ] ], [ [ [ 71.4452935, 51.1561504 ], [ 71.4451779, 51.155985200000011 ], [ 71.44498942483645, 51.156023284055536 ], [ 71.445105024612232, 51.15618858412455 ], [ 71.4452935, 51.1561504 ] ] ], [ [ [ 71.4463173, 51.156013299999984 ], [ 71.446118824943809, 51.156043584699532 ], [ 71.446160824826549, 51.156128484725073 ], [ 71.4463593, 51.1560982 ], [ 71.4463173, 51.156013299999984 ] ] ], [ [ [ 71.4453487, 51.1562471 ], [ 71.445156924486668, 51.156280084155838 ], [ 71.445254524253926, 51.156449784214665 ], [ 71.4454464, 51.1564168 ], [ 71.4453487, 51.1562471 ] ] ], [ [ [ 71.4462668, 51.1563657 ], [ 71.4462247, 51.1562808 ], [ 71.44602622454714, 51.156311084651826 ], [ 71.446068224429879, 51.156395984677353 ], [ 71.4462668, 51.1563657 ] ] ], [ [ [ 71.4470683, 51.1563803 ], [ 71.4468584245096, 51.156406985127866 ], [ 71.446891724390554, 51.156492385148454 ], [ 71.4471016, 51.156465799999985 ], [ 71.4470683, 51.1563803 ] ] ], [ [ [ 71.4467594, 51.1564451 ], [ 71.446422924335593, 51.156491184881276 ], [ 71.446456224216547, 51.15657658490187 ], [ 71.4467928, 51.1565305 ], [ 71.4467594, 51.1564451 ] ] ], [ [ [ 71.4463596, 51.1565995 ], [ 71.4463263, 51.156514 ], [ 71.445989724183903, 51.1565600846357 ], [ 71.446023124064737, 51.156645584656367 ], [ 71.4463596, 51.1565995 ] ] ], [ [ [ 71.445818, 51.1565948 ], [ 71.445481524005999, 51.156640884347631 ], [ 71.445514823886967, 51.156726284368219 ], [ 71.445851300000015, 51.1566802 ], [ 71.445818, 51.1565948 ] ] ], [ [ [ 71.447006248952377, 51.156744720391401 ], [ 71.4474134, 51.1566823 ], [ 71.4473801, 51.1565969 ], [ 71.446766524083316, 51.156695085080948 ], [ 71.446799823964298, 51.156780485101507 ], [ 71.4470098, 51.1567538 ], [ 71.447006248952377, 51.156744720391401 ] ] ], [ [ [ 71.4467724, 51.1567959 ], [ 71.4467391, 51.1567105 ], [ 71.446338723928534, 51.1567665848385 ], [ 71.446372023809502, 51.156851984859081 ], [ 71.4467724, 51.1567959 ] ] ], [ [ [ 71.4463408, 51.1567778 ], [ 71.446130823848932, 51.156804384720743 ], [ 71.446164123729758, 51.156889884741325 ], [ 71.446374100000014, 51.156863199999989 ], [ 71.4463408, 51.1567778 ] ] ], [ [ [ 71.4461582, 51.1568985 ], [ 71.4461248, 51.1568131 ], [ 71.445727123695761, 51.156876784492042 ], [ 71.445760523576737, 51.156962184512672 ], [ 71.4461582, 51.1568985 ] ] ], [ [ [ 71.4452409, 51.1568488 ], [ 71.445174123662454, 51.156853484176452 ], [ 71.445066223571743, 51.156907384115989 ], [ 71.445154523482117, 51.156976984167635 ], [ 71.4452213, 51.1569723 ], [ 71.4453292, 51.1569184 ], [ 71.4452409, 51.1568488 ] ] ], [ [ [ 71.4457102, 51.1569751 ], [ 71.4456769, 51.1568896 ], [ 71.445467023607392, 51.156916284344561 ], [ 71.445500323488346, 51.157001684365149 ], [ 71.4457102, 51.1569751 ] ] ], [ [ [ 71.4453919, 51.15700660000001 ], [ 71.445193423400355, 51.157036984190938 ], [ 71.445235423283094, 51.157121884216451 ], [ 71.4454339, 51.1570916 ], [ 71.4453919, 51.15700660000001 ] ] ], [ [ [ 71.4457473, 51.1570563 ], [ 71.445548823371865, 51.157086584394399 ], [ 71.445590823254605, 51.157171484419933 ], [ 71.4457893, 51.1571412 ], [ 71.4457473, 51.1570563 ] ] ], [ [ [ 71.4458577, 51.1573086 ], [ 71.4458157, 51.157223699999989 ], [ 71.44561722313891, 51.157253984436537 ], [ 71.445659223021636, 51.157338884462064 ], [ 71.4458577, 51.1573086 ] ] ], [ [ [ 71.4471179, 51.1572443 ], [ 71.44672272320777, 51.157298985067385 ], [ 71.446756223090631, 51.157383085088057 ], [ 71.4471514, 51.1573284 ], [ 71.4471179, 51.1572443 ] ] ], [ [ [ 71.4467196, 51.157310699999982 ], [ 71.446327123060485, 51.157367984843248 ], [ 71.446360622943345, 51.15745208486392 ], [ 71.4467531, 51.1573948 ], [ 71.4467196, 51.157310699999982 ] ] ], [ [ [ 71.445056822543251, 51.157620284124093 ], [ 71.4452765, 51.1575847 ], [ 71.4453657, 51.1575005 ], [ 71.4453927, 51.1573189 ], [ 71.4453186, 51.1572347 ], [ 71.444986722989583, 51.157304684078191 ], [ 71.445056822543251, 51.157620284124093 ] ] ], [ [ [ 71.4461199, 51.1574135 ], [ 71.44570932283041, 51.157475784493215 ], [ 71.445745322714146, 51.157559484515311 ], [ 71.4463615, 51.157463 ], [ 71.446328, 51.157378799999989 ], [ 71.446119222980869, 51.157405784725469 ], [ 71.4461523369242, 51.157488915863453 ], [ 71.4461199, 51.1574135 ] ] ], [ [ [ 71.4471018, 51.1617597 ], [ 71.44688981681405, 51.161749185246663 ], [ 71.446875716736685, 51.16180168523961 ], [ 71.4470877, 51.1618122 ], [ 71.4471018, 51.1617597 ] ] ], [ [ [ 71.446331, 51.1618817 ], [ 71.446264216540598, 51.161886384892718 ], [ 71.44623231641495, 51.161970884876141 ], [ 71.446430916396437, 51.162000384989859 ], [ 71.4464977, 51.1619957 ], [ 71.4465297, 51.161911199999984 ], [ 71.446331, 51.1618817 ] ] ], [ [ [ 71.4457, 51.1619826 ], [ 71.445468516322549, 51.161970884440834 ], [ 71.445450716219199, 51.162041084432012 ], [ 71.4456822, 51.1620528 ], [ 71.4457, 51.1619826 ] ] ], [ [ [ 71.4464685, 51.1620917 ], [ 71.446294, 51.1620658 ], [ 71.446227216270742, 51.162070484875109 ], [ 71.44619741615341, 51.162149384859603 ], [ 71.446371916137196, 51.162175284959552 ], [ 71.4464387, 51.1621706 ], [ 71.4464685, 51.1620917 ] ] ], [ [ [ 71.4456656, 51.1621151 ], [ 71.445434116127373, 51.162103384423737 ], [ 71.445416316024051, 51.162173584414887 ], [ 71.4456478, 51.1621853 ], [ 71.4456656, 51.1621151 ] ] ], [ [ [ 71.4456031, 51.162253499999984 ], [ 71.445347015920945, 51.162239284376653 ], [ 71.44532971581998, 51.16230788436809 ], [ 71.4455858, 51.162322 ], [ 71.4456031, 51.162253499999984 ] ] ], [ [ [ 71.4461545, 51.1622747 ], [ 71.446087715952757, 51.162279384799547 ], [ 71.446057915835411, 51.162358284784041 ], [ 71.446232415819182, 51.16238418488399 ], [ 71.4462992, 51.1623795 ], [ 71.446329, 51.1623006 ], [ 71.4461545, 51.1622747 ] ] ], [ [ [ 71.4470015, 51.1622961 ], [ 71.446934716024373, 51.162300785282646 ], [ 71.44685201579037, 51.162456185238469 ], [ 71.446980815767034, 51.162483185312389 ], [ 71.4470476, 51.1624785 ], [ 71.4471302, 51.162323 ], [ 71.4470015, 51.1622961 ] ] ], [ [ [ 71.4461272, 51.1626024 ], [ 71.446060415477064, 51.162607084790174 ], [ 71.446020115307419, 51.162721384769355 ], [ 71.446243215289869, 51.16275228489711 ], [ 71.44631, 51.1627476 ], [ 71.4463502, 51.1626332 ], [ 71.4461272, 51.1626024 ] ] ], [ [ [ 71.4473601, 51.1626682 ], [ 71.447141715534357, 51.162658085407386 ], [ 71.447114915376019, 51.162765685394149 ], [ 71.4473332, 51.1627759 ], [ 71.4473601, 51.1626682 ] ] ], [ [ [ 71.4469698, 51.1627308 ], [ 71.4466979, 51.1626914 ], [ 71.446631115417816, 51.162696085117105 ], [ 71.44659891528778, 51.162783585100406 ], [ 71.44687081526402, 51.162822885256126 ], [ 71.4469376, 51.1628182 ], [ 71.4469698, 51.1627308 ] ] ], [ [ [ 71.4462761, 51.1627762 ], [ 71.446020615233806, 51.162772484770606 ], [ 71.446009815096716, 51.162866684766229 ], [ 71.4462653, 51.1628704 ], [ 71.4462761, 51.1627762 ] ] ], [ [ [ 71.4466907, 51.1628439 ], [ 71.446623915197122, 51.162848585115889 ], [ 71.446599815068055, 51.162936085103802 ], [ 71.446827915059899, 51.16296088523427 ], [ 71.4468947, 51.1629562 ], [ 71.4469188, 51.1628687 ], [ 71.4466907, 51.1628439 ] ] ], [ [ [ 71.4462939, 51.1629393 ], [ 71.4460374, 51.1629049 ], [ 71.44597061503012, 51.162909584744703 ], [ 71.445938514890443, 51.16300378472819 ], [ 71.446194914871867, 51.163038184874949 ], [ 71.4462617, 51.1630335 ], [ 71.4462939, 51.1629393 ] ] ], [ [ [ 71.4467103, 51.1629693 ], [ 71.446643515018707, 51.162973985129426 ], [ 71.446606014858915, 51.1630816851101 ], [ 71.446779614845596, 51.163105485209464 ], [ 71.4468464, 51.1631008 ], [ 71.446884, 51.16299320000001 ], [ 71.4467103, 51.1629693 ] ] ], [ [ [ 71.447284700000012, 51.1630056 ], [ 71.447029115006671, 51.16301468534995 ], [ 71.447034414876441, 51.163105485354698 ], [ 71.44729, 51.163096399999986 ], [ 71.447284700000012, 51.1630056 ] ] ], [ [ [ 71.4462456, 51.1630789 ], [ 71.4459881, 51.1630434 ], [ 71.445921314824503, 51.163048084719222 ], [ 71.445891814699706, 51.163132184704004 ], [ 71.446149314679687, 51.163167684851423 ], [ 71.4462161, 51.163163 ], [ 71.4462456, 51.1630789 ] ] ], [ [ [ 71.4465914, 51.1631569 ], [ 71.446524614733889, 51.16316158506519 ], [ 71.446497814602068, 51.163250785051602 ], [ 71.446728814590642, 51.163278085183791 ], [ 71.4467956, 51.1632734 ], [ 71.4468225, 51.1631843 ], [ 71.4465914, 51.1631569 ] ] ], [ [ [ 71.4459601, 51.1631819 ], [ 71.445893314621458, 51.16318658470589 ], [ 71.445853114500125, 51.163267384684488 ], [ 71.446031314471369, 51.163302284786724 ], [ 71.4460981, 51.1632976 ], [ 71.4461383, 51.1632169 ], [ 71.4459601, 51.1631819 ] ] ], [ [ [ 71.4472393, 51.163216300000016 ], [ 71.446996914719108, 51.163211485335317 ], [ 71.446983514576914, 51.163308985329522 ], [ 71.4472259, 51.1633138 ], [ 71.4472393, 51.163216300000016 ] ] ], [ [ [ 71.4466395, 51.163282 ], [ 71.446572714559352, 51.163286685094995 ], [ 71.446545914427531, 51.163375885081386 ], [ 71.44677691441612, 51.163403185213554 ], [ 71.4468437, 51.1633985 ], [ 71.4468706, 51.1633094 ], [ 71.4466395, 51.163282 ] ] ], [ [ [ 71.445904, 51.163317 ], [ 71.44583721441991, 51.163321684676447 ], [ 71.445805014282541, 51.163414284659858 ], [ 71.446007114267204, 51.163441884775544 ], [ 71.4460739, 51.1634372 ], [ 71.4461061, 51.1633447 ], [ 71.445904, 51.163317 ] ] ], [ [ [ 71.446568, 51.1634004 ], [ 71.446501214380021, 51.163405085056475 ], [ 71.446463614259144, 51.163485785036563 ], [ 71.44663751423434, 51.163517585136283 ], [ 71.4467043, 51.1635129 ], [ 71.446741800000012, 51.16343220000001 ], [ 71.446568, 51.1634004 ] ] ], [ [ [ 71.4472689, 51.1634121 ], [ 71.447010314444356, 51.163403185346574 ], [ 71.446994214313818, 51.163492385339083 ], [ 71.4472528, 51.1635013 ], [ 71.4472689, 51.1634121 ] ] ], [ [ [ 71.4458612, 51.1634712 ], [ 71.445794414192449, 51.163475884654972 ], [ 71.445757414080873, 51.163550184635284 ], [ 71.445934714052285, 51.163584884736991 ], [ 71.4460015, 51.1635802 ], [ 71.4460385, 51.1635059 ], [ 71.4458612, 51.1634712 ] ] ], [ [ [ 71.4465282, 51.1635133 ], [ 71.446461414212465, 51.163517985035917 ], [ 71.446423914079318, 51.163607185016239 ], [ 71.44658381406046, 51.163633685107861 ], [ 71.4466506, 51.163629 ], [ 71.4466882, 51.1635398 ], [ 71.4465282, 51.1635133 ] ] ], [ [ [ 71.4470418, 51.1636522 ], [ 71.4469935, 51.163595 ], [ 71.446926714150976, 51.163599685302643 ], [ 71.446763514053089, 51.16365388521065 ], [ 71.446811813976623, 51.163710985239256 ], [ 71.4468786, 51.1637063 ], [ 71.4470418, 51.1636522 ] ] ], [ [ [ 71.4458166, 51.1636168 ], [ 71.445749813977159, 51.163621484632309 ], [ 71.445717613832556, 51.163719084615813 ], [ 71.445889113821295, 51.16374128471395 ], [ 71.4459559, 51.163736599999986 ], [ 71.4459881, 51.1636391 ], [ 71.4458166, 51.1636168 ] ] ], [ [ [ 71.4465951, 51.1636808 ], [ 71.446528313979087, 51.16368548507721 ], [ 71.446496113856256, 51.16376798506041 ], [ 71.446640113841809, 51.163790085142885 ], [ 71.4467069, 51.1637854 ], [ 71.4467391, 51.163703 ], [ 71.4465951, 51.1636808 ] ] ], [ [ [ 71.4464173, 51.163819 ], [ 71.4463468, 51.1637085 ], [ 71.446159313850828, 51.163743484868007 ], [ 71.446229813700043, 51.163853984910268 ], [ 71.4464173, 51.163819 ] ] ], [ [ [ 71.447384, 51.1636993 ], [ 71.447191113986605, 51.163735885455893 ], [ 71.447265113830213, 51.163850585500242 ], [ 71.447458, 51.163814 ], [ 71.447384, 51.1636993 ] ] ], [ [ [ 71.4458245, 51.1637871 ], [ 71.445757713732604, 51.163791784640033 ], [ 71.445730813651366, 51.163845884625715 ], [ 71.44596151361425, 51.163890984758048 ], [ 71.4460283, 51.163886299999987 ], [ 71.4460552, 51.1638323 ], [ 71.4458245, 51.1637871 ] ] ], [ [ [ 71.4471766, 51.1637483 ], [ 71.447109813952139, 51.163752985409893 ], [ 71.446964913876343, 51.163793385328077 ], [ 71.447053213707548, 51.163917885380755 ], [ 71.44712, 51.16391320000001 ], [ 71.4472648, 51.1638729 ], [ 71.4471766, 51.1637483 ] ] ], [ [ [ 71.4469588, 51.1638154 ], [ 71.446892013829043, 51.163820085287036 ], [ 71.446755213744581, 51.163867185209952 ], [ 71.446846713604998, 51.163971685264073 ], [ 71.4469135, 51.163967 ], [ 71.4470503, 51.16392 ], [ 71.4469588, 51.1638154 ] ] ], [ [ [ 71.4467706, 51.163898399999987 ], [ 71.446703813686611, 51.163903085181325 ], [ 71.446585813606731, 51.163948585114944 ], [ 71.446707213442522, 51.164072685186476 ], [ 71.446774, 51.164068 ], [ 71.446892, 51.1640226 ], [ 71.4467706, 51.163898399999987 ] ] ], [ [ [ 71.447458, 51.1638964 ], [ 71.447391213772676, 51.163901085573066 ], [ 71.447098113584985, 51.164006685408026 ], [ 71.447163213490498, 51.164077685446458 ], [ 71.44723, 51.164073 ], [ 71.447523, 51.1639674 ], [ 71.447458, 51.1638964 ] ] ], [ [ [ 71.4466345, 51.1640848 ], [ 71.4465337, 51.1639609 ], [ 71.446466913567846, 51.163965585047507 ], [ 71.446340813494359, 51.164005984976392 ], [ 71.446441713327928, 51.164129885036239 ], [ 71.4465085, 51.164125199999987 ], [ 71.4466345, 51.1640848 ] ] ], [ [ [ 71.4463194, 51.1640268 ], [ 71.446252613446916, 51.164031484926596 ], [ 71.446105013349055, 51.164086984843529 ], [ 71.446221713187427, 51.164208884912348 ], [ 71.4462885, 51.1642042 ], [ 71.446436, 51.1641487 ], [ 71.4463194, 51.1640268 ] ] ], [ [ [ 71.4461467, 51.1641754 ], [ 71.4457057, 51.1641241 ], [ 71.445638913232415, 51.164128784578679 ], [ 71.445585212962357, 51.164311584551513 ], [ 71.446026412942231, 51.164362584803932 ], [ 71.4460932, 51.1643579 ], [ 71.4461467, 51.1641754 ] ] ], [ [ [ 71.4473829, 51.1643405 ], [ 71.4473065, 51.1642515 ], [ 71.447239713242411, 51.164256185493443 ], [ 71.447100213157626, 51.16430328541481 ], [ 71.447176613038707, 51.164392185460031 ], [ 71.4472434, 51.1643875 ], [ 71.4473829, 51.1643405 ] ] ], [ [ [ 71.4470594, 51.1643182 ], [ 71.44699261311635, 51.164322885353862 ], [ 71.446890713057897, 51.16435488529639 ], [ 71.446910767859308, 51.164380042302149 ], [ 71.446734012941477, 51.164422485208355 ], [ 71.446798412832777, 51.164503285246589 ], [ 71.4468652, 51.1644986 ], [ 71.446983533924111, 51.164453543817245 ], [ 71.4471388, 51.1644178 ], [ 71.4470594, 51.1643182 ] ] ], [ [ [ 71.4467525, 51.1645372 ], [ 71.4466442, 51.164425 ], [ 71.446577412912134, 51.164429685119238 ], [ 71.446475512844032, 51.164468385061888 ], [ 71.446583812695366, 51.164580585125748 ], [ 71.4466506, 51.1645759 ], [ 71.4467525, 51.1645372 ] ] ], [ [ [ 71.4463127, 51.1651067 ], [ 71.44600711178407, 51.165164284808071 ], [ 71.44605541166635, 51.165249984837224 ], [ 71.446361, 51.1651925 ], [ 71.4463127, 51.1651067 ] ] ], [ [ [ 71.4471176, 51.165112899999983 ], [ 71.447050811977675, 51.165117585402029 ], [ 71.446887111884919, 51.165168185309696 ], [ 71.446951711774219, 51.16525038534806 ], [ 71.4470185, 51.1652457 ], [ 71.4471821, 51.1651951 ], [ 71.4471176, 51.165112899999983 ] ] ], [ [ [ 71.4464763, 51.1652421 ], [ 71.446409511713796, 51.165246785038981 ], [ 71.446246411622283, 51.165296584946979 ], [ 71.446302611524686, 51.165368984980347 ], [ 71.4463694, 51.1653643 ], [ 71.4465325, 51.1653145 ], [ 71.4464763, 51.1652421 ] ] ], [ [ [ 71.4472812, 51.1652385 ], [ 71.447214411816404, 51.165243185497644 ], [ 71.447046711718542, 51.165296985403089 ], [ 71.447100411630018, 51.165362885434931 ], [ 71.4471672, 51.1653582 ], [ 71.447335, 51.1653044 ], [ 71.4472812, 51.1652385 ] ] ], [ [ [ 71.4473447, 51.1653672 ], [ 71.447277911638523, 51.165371885536274 ], [ 71.447133811561542, 51.165413185454923 ], [ 71.447185211466277, 51.165483585485553 ], [ 71.447252, 51.1654789 ], [ 71.4473961, 51.16543750000001 ], [ 71.4473447, 51.1653672 ] ] ], [ [ [ 71.4465943, 51.1653982 ], [ 71.44639881143685, 51.165437985036483 ], [ 71.446445411345465, 51.16550528506432 ], [ 71.4466409, 51.1654655 ], [ 71.4465943, 51.1653982 ] ] ], [ [ [ 71.4467126, 51.1655531 ], [ 71.446663, 51.1654842 ], [ 71.446596211387359, 51.165488885149976 ], [ 71.446416311292197, 51.165539785048395 ], [ 71.446465911198871, 51.165608685077949 ], [ 71.4465327, 51.165604 ], [ 71.4467126, 51.1655531 ] ] ], [ [ [ 71.445815, 51.165590499999986 ], [ 71.445610911139113, 51.165578384590063 ], [ 71.445566710928006, 51.165721084567593 ], [ 71.4457709, 51.1657331 ], [ 71.445815, 51.165590499999986 ] ] ], [ [ [ 71.4460565, 51.1655639 ], [ 71.445853511205215, 51.16555288472788 ], [ 71.445798610927952, 51.165740584700131 ], [ 71.4460015, 51.1657516 ], [ 71.4460565, 51.1655639 ] ] ], [ [ [ 71.4467666, 51.165671 ], [ 71.44672, 51.1656021 ], [ 71.446539811167142, 51.165636885120605 ], [ 71.44658651107332, 51.165705885148526 ], [ 71.4467666, 51.165671 ] ] ], [ [ [ 71.4462208, 51.1656538 ], [ 71.446043511095283, 51.165645084837898 ], [ 71.446001310893521, 51.165781484816421 ], [ 71.4461786, 51.1657903 ], [ 71.4462208, 51.1656538 ] ] ], [ [ [ 71.446572, 51.1656866 ], [ 71.446357011054346, 51.165699785017608 ], [ 71.446366810958651, 51.165766985024455 ], [ 71.4465817, 51.1657539 ], [ 71.446572, 51.1656866 ] ] ], [ [ [ 71.4468878, 51.1657401 ], [ 71.4468389, 51.165668 ], [ 71.446638011075805, 51.165708485177944 ], [ 71.446686810977738, 51.165780585207102 ], [ 71.4468878, 51.1657401 ] ] ], [ [ [ 71.446635043629755, 51.165840440942773 ], [ 71.446359242979526, 51.165930040320781 ], [ 71.446403100649889, 51.165983186566436 ], [ 71.44637461064498, 51.165985185033044 ], [ 71.446326310450246, 51.166116185007965 ], [ 71.44650071043489, 51.166141485107843 ], [ 71.4465675, 51.1661368 ], [ 71.446604211862805, 51.16603694684602 ], [ 71.4467232, 51.1660286 ], [ 71.446999, 51.1659391 ], [ 71.4469022, 51.1658217 ], [ 71.446635043629755, 51.165840440942773 ] ] ], [ [ [ 71.446347, 51.1659875 ], [ 71.446146110629172, 51.165976984902642 ], [ 71.446103710411066, 51.166124684881261 ], [ 71.446304600000019, 51.1661351 ], [ 71.446347, 51.1659875 ] ] ], [ [ [ 71.4470665, 51.1659612 ], [ 71.446999710748457, 51.165965885388935 ], [ 71.446768810603714, 51.166046885258858 ], [ 71.446845310492733, 51.16613028530405 ], [ 71.4469121, 51.1661256 ], [ 71.4471425, 51.1660472 ], [ 71.4470665, 51.1659612 ] ] ], [ [ [ 71.4471554, 51.1661001 ], [ 71.447088610558922, 51.166104785442229 ], [ 71.446851910414068, 51.166185385308836 ], [ 71.446924510301898, 51.166269285351802 ], [ 71.4469913, 51.1662646 ], [ 71.447228, 51.166184 ], [ 71.4471554, 51.1661001 ] ] ], [ [ [ 71.4465505, 51.1661634 ], [ 71.446338810369596, 51.166173185016177 ], [ 71.446350510181546, 51.166304585025323 ], [ 71.4465621, 51.1662949 ], [ 71.4465505, 51.1661634 ] ] ], [ [ [ 71.4473041, 51.1662782 ], [ 71.4472465, 51.1662072 ], [ 71.447179710415554, 51.166211885496168 ], [ 71.447060110346143, 51.166249985428735 ], [ 71.447117710250737, 51.166320985462896 ], [ 71.4471845, 51.1663163 ], [ 71.4473041, 51.1662782 ] ] ], [ [ [ 71.4472917, 51.1663218 ], [ 71.44722491025577, 51.166326485524088 ], [ 71.447068910165243, 51.166376185436114 ], [ 71.447139010049, 51.166462685477704 ], [ 71.4472058, 51.166458 ], [ 71.4473618, 51.1664083 ], [ 71.4472917, 51.1663218 ] ] ], [ [ [ 71.4473535, 51.166431499999987 ], [ 71.447286710105089, 51.166436185561381 ], [ 71.447137110019526, 51.166482985477025 ], [ 71.447208509898658, 51.166572785519406 ], [ 71.4472753, 51.1665681 ], [ 71.4474249, 51.166521299999985 ], [ 71.4473535, 51.166431499999987 ] ] ], [ [ [ 71.4471435, 51.1666157 ], [ 71.4470308, 51.1664854 ], [ 71.446964009988321, 51.166490085378499 ], [ 71.446814409896845, 51.166540985294183 ], [ 71.446874065856051, 51.166609957784196 ], [ 71.446702909714503, 51.166658085232847 ], [ 71.446776909600175, 51.166743585276627 ], [ 71.4468437, 51.1667389 ], [ 71.446977300000015, 51.1666934 ], [ 71.446956409171435, 51.166669229999286 ], [ 71.4471435, 51.1666157 ] ] ], [ [ [ 71.4459943, 51.166617499999987 ], [ 71.44592750967243, 51.166622184790214 ], [ 71.445886409519105, 51.166725084768757 ], [ 71.446004509506722, 51.166743584836404 ], [ 71.4460713, 51.1667389 ], [ 71.4461123, 51.166636 ], [ 71.4459943, 51.166617499999987 ] ] ], [ [ [ 71.4463075, 51.1666354 ], [ 71.4461975, 51.1666169 ], [ 71.446130709697883, 51.166621584906025 ], [ 71.44607420950058, 51.166753684876319 ], [ 71.446184209487214, 51.166772184939362 ], [ 71.446251, 51.1667675 ], [ 71.4463075, 51.1666354 ] ] ], [ [ [ 71.4464935, 51.1666654 ], [ 71.446306009663743, 51.166659985006667 ], [ 71.446275409452255, 51.166804084991945 ], [ 71.4464629, 51.1668095 ], [ 71.4464935, 51.1666654 ] ] ], [ [ [ 71.446724, 51.1666896 ], [ 71.446539109659497, 51.166682485139951 ], [ 71.446508709482785, 51.166802485124883 ], [ 71.4466935, 51.1668095 ], [ 71.446724, 51.1666896 ] ] ], [ [ [ 71.4475725, 51.1666735 ], [ 71.447505709782661, 51.166678185690792 ], [ 71.44736530970728, 51.166718685611507 ], [ 71.44742680959375, 51.166802585648156 ], [ 71.4474936, 51.1667979 ], [ 71.447634, 51.1667575 ], [ 71.4475725, 51.1666735 ] ] ], [ [ [ 71.4472645, 51.1667689 ], [ 71.447197709607835, 51.166773585517042 ], [ 71.447071809538102, 51.166811385445996 ], [ 71.447176309353054, 51.166948485508129 ], [ 71.4472431, 51.1669438 ], [ 71.4473691, 51.166906 ], [ 71.4472645, 51.1667689 ] ] ], [ [ [ 71.447049, 51.16683 ], [ 71.446982209493669, 51.166834685395372 ], [ 71.446856909419381, 51.166875685324726 ], [ 71.446949909269591, 51.166987385379855 ], [ 71.44701670000002, 51.1669827 ], [ 71.447142, 51.1669417 ], [ 71.447049, 51.16683 ] ] ], [ [ [ 71.4461418, 51.1668928 ], [ 71.446075009293352, 51.166897484879506 ], [ 71.446043509155132, 51.166990684863293 ], [ 71.446195109144355, 51.167010884950095 ], [ 71.4462619, 51.1670062 ], [ 71.4462935, 51.1669129 ], [ 71.4461418, 51.1668928 ] ] ], [ [ [ 71.4465179, 51.1669296 ], [ 71.446362, 51.1669093 ], [ 71.446295209296181, 51.166913985005316 ], [ 71.446264709159991, 51.167005884989656 ], [ 71.446420609149442, 51.167026285078897 ], [ 71.4464874, 51.1670216 ], [ 71.4465179, 51.1669296 ] ] ], [ [ [ 71.4468438, 51.1669609 ], [ 71.446777009280083, 51.166965585280877 ], [ 71.446648309208712, 51.16700428520825 ], [ 71.446742109043001, 51.167127085264035 ], [ 71.4468089, 51.1671224 ], [ 71.4469376, 51.1670837 ], [ 71.4468438, 51.1669609 ] ] ], [ [ [ 71.4462456, 51.167124 ], [ 71.446061108956272, 51.167130084875964 ], [ 71.446063808828001, 51.167219284879174 ], [ 71.4462483, 51.1672132 ], [ 71.4462456, 51.167124 ] ] ], [ [ [ 71.4460927, 51.1673141 ], [ 71.445895, 51.1672909 ], [ 71.445828208689449, 51.167295584746334 ], [ 71.445804008570164, 51.167376284734083 ], [ 71.446001808560652, 51.167399484847238 ], [ 71.4460686, 51.1673948 ], [ 71.4460927, 51.1673141 ] ] ], [ [ [ 71.4459372, 51.1674436 ], [ 71.445741508477667, 51.167435184699563 ], [ 71.445722808371158, 51.167507484690262 ], [ 71.445918400000011, 51.1675159 ], [ 71.4459372, 51.1674436 ] ] ], [ [ [ 71.4460254, 51.1674201 ], [ 71.445958608518936, 51.167424784823119 ], [ 71.445924008376608, 51.167520584805189 ], [ 71.446066208364698, 51.167540784886612 ], [ 71.446133, 51.1675361 ], [ 71.4461676, 51.167440299999988 ], [ 71.4460254, 51.1674201 ] ] ], [ [ [ 71.4464236, 51.1674247 ], [ 71.446319, 51.167406199999988 ], [ 71.446252208574521, 51.167410884990183 ], [ 71.446197608392723, 51.167532384961355 ], [ 71.446302208378683, 51.167550885021306 ], [ 71.446369, 51.1675462 ], [ 71.4464236, 51.1674247 ] ] ], [ [ [ 71.4474453, 51.1674576 ], [ 71.447085308572355, 51.167482285466356 ], [ 71.447122908347069, 51.167641685490807 ], [ 71.4473346, 51.1676236 ], [ 71.44733137034342, 51.167609936115248 ], [ 71.4474875, 51.1675933 ], [ 71.447471691032689, 51.167542464156185 ], [ 71.447490408500698, 51.167565985698822 ], [ 71.4475572, 51.167561299999981 ], [ 71.4477277, 51.167508 ], [ 71.4476564, 51.1674184 ], [ 71.447589608718758, 51.167423085752667 ], [ 71.44744830375268, 51.167467259015169 ], [ 71.4474453, 51.1674576 ] ] ], [ [ [ 71.4465055, 51.1674629 ], [ 71.446438708515316, 51.16746758509754 ], [ 71.446393408336377, 51.167587885074006 ], [ 71.446540908322632, 51.16760978515849 ], [ 71.4466077, 51.1676051 ], [ 71.4466531, 51.1674848 ], [ 71.4465055, 51.1674629 ] ] ], [ [ [ 71.4469769, 51.1674487 ], [ 71.446757208586448, 51.167444985278649 ], [ 71.446731308316686, 51.167629885267402 ], [ 71.446951, 51.1676337 ], [ 71.4469769, 51.1674487 ] ] ], [ [ [ 71.4463985, 51.1687891 ], [ 71.446106806594074, 51.168772084933003 ], [ 71.446079906433212, 51.168881384919736 ], [ 71.446366215529324, 51.168898784694349 ], [ 71.446352606370596, 51.168947685076425 ], [ 71.446559706362919, 51.168970385194889 ], [ 71.4466265, 51.168965699999987 ], [ 71.446656, 51.168859699999985 ], [ 71.446385667569245, 51.168841435310213 ], [ 71.4463985, 51.1687891 ] ] ], [ [ [ 71.4469859, 51.1690044 ], [ 71.446777, 51.1689815 ], [ 71.446710206358361, 51.168986185280971 ], [ 71.446680706202073, 51.169092085266158 ], [ 71.446889606194347, 51.169114985385633 ], [ 71.4469564, 51.1691103 ], [ 71.4469859, 51.1690044 ] ] ], [ [ [ 71.447445, 51.169169299999986 ], [ 71.447246306174492, 51.169158685589785 ], [ 71.447208305983281, 51.169288085570564 ], [ 71.447407, 51.1692987 ], [ 71.447445, 51.169169299999986 ] ] ], [ [ [ 71.446844, 51.1692005 ], [ 71.446777206050655, 51.169205185323293 ], [ 71.446712605838215, 51.169347085289161 ], [ 71.446862805817588, 51.169373985375273 ], [ 71.4469296, 51.1693693 ], [ 71.4469942, 51.1692274 ], [ 71.446844, 51.1692005 ] ] ], [ [ [ 71.4472246, 51.1693592 ], [ 71.447157805867846, 51.169363885543227 ], [ 71.44713320574418, 51.169447585530783 ], [ 71.447369705733436, 51.169474885666084 ], [ 71.4474365, 51.1694702 ], [ 71.4474611, 51.1693865 ], [ 71.4472246, 51.1693592 ] ] ], [ [ [ 71.4466118, 51.1693557 ], [ 71.446545005798754, 51.169360385193876 ], [ 71.446496705618401, 51.169481385168616 ], [ 71.446787705587866, 51.169526985335352 ], [ 71.4468545, 51.1695223 ], [ 71.4469027, 51.1694013 ], [ 71.4466118, 51.1693557 ] ] ], [ [ [ 71.445936500000016, 51.1693723 ], [ 71.445869705693099, 51.16937698480929 ], [ 71.445792605416386, 51.169562384768838 ], [ 71.445977605395242, 51.169592584874849 ], [ 71.4460444, 51.1695879 ], [ 71.4461216, 51.1694025 ], [ 71.445936500000016, 51.1693723 ] ] ], [ [ [ 71.4462751, 51.1693844 ], [ 71.44620830571661, 51.169389085002507 ], [ 71.446133205329133, 51.169651484964682 ], [ 71.446278005317524, 51.169671685047561 ], [ 71.4463448, 51.169667 ], [ 71.4464253, 51.169408 ], [ 71.4462751, 51.1693844 ] ] ], [ [ [ 71.4468759, 51.1695711 ], [ 71.4465486, 51.1695148 ], [ 71.446481805561646, 51.169519485160869 ], [ 71.446436205405746, 51.169623785136828 ], [ 71.446763505364146, 51.169680085324444 ], [ 71.4468303, 51.169675399999988 ], [ 71.4468759, 51.1695711 ] ] ], [ [ [ 71.4472273, 51.1695795 ], [ 71.447160505550471, 51.169584185548914 ], [ 71.447138605440557, 51.169658585537839 ], [ 71.447383105429466, 51.169686785677754 ], [ 71.4474499, 51.1696821 ], [ 71.4474718, 51.169607799999987 ], [ 71.4472273, 51.1695795 ] ] ], [ [ [ 71.4472905, 51.1696987 ], [ 71.44714820539123, 51.169693585543968 ], [ 71.447122105273138, 51.169773285530589 ], [ 71.4472644, 51.169778299999983 ], [ 71.4472905, 51.1696987 ] ] ], [ [ [ 71.4475071, 51.1697222 ], [ 71.44729730538505, 51.169710385629266 ], [ 71.4472750052729, 51.169786285617981 ], [ 71.4474848, 51.169798199999988 ], [ 71.4475071, 51.1697222 ] ] ], [ [ [ 71.445890700000021, 51.1697226 ], [ 71.445823905182394, 51.169727284789786 ], [ 71.445781905018237, 51.169837584767947 ], [ 71.445917105005478, 51.169857784845384 ], [ 71.4459839, 51.1698531 ], [ 71.4460259, 51.1697429 ], [ 71.445890700000021, 51.1697226 ] ] ], [ [ [ 71.4463486, 51.1697596 ], [ 71.446148705193551, 51.169746784975274 ], [ 71.446118105058048, 51.169838184959573 ], [ 71.446318, 51.169851 ], [ 71.4463486, 51.1697596 ] ] ], [ [ [ 71.4477396, 51.169744299999984 ], [ 71.447533305372389, 51.169738985764333 ], [ 71.447511905214597, 51.169846585754165 ], [ 71.4477181, 51.1698545 ], [ 71.4477396, 51.169744299999984 ] ] ], [ [ [ 71.446662, 51.1698022 ], [ 71.446408505160974, 51.169791185124204 ], [ 71.446389705031052, 51.169879685115149 ], [ 71.4466431, 51.1698906 ], [ 71.446662, 51.1698022 ] ] ], [ [ [ 71.4471246, 51.1699565 ], [ 71.447057804994387, 51.169961185497506 ], [ 71.446870804295386, 51.170430185399759 ], [ 71.447031804278538, 51.170455385492026 ], [ 71.4470986, 51.1704507 ], [ 71.4472855, 51.1699818 ], [ 71.4471246, 51.1699565 ] ] ], [ [ [ 71.4466047, 51.1701913 ], [ 71.446380104591341, 51.17018378511542 ], [ 71.446356204413235, 51.170305285104099 ], [ 71.4465808, 51.1703128 ], [ 71.4466047, 51.1701913 ] ] ], [ [ [ 71.4474236, 51.1702156 ], [ 71.447356804656906, 51.170220285672805 ], [ 71.447307204352512, 51.170427185648457 ], [ 71.448042904341492, 51.170496586069092 ], [ 71.4481097, 51.1704919 ], [ 71.4481594, 51.170285 ], [ 71.4474236, 51.1702156 ] ] ], [ [ [ 71.4474156, 51.17050720000001 ], [ 71.447348804235403, 51.170511885673768 ], [ 71.447316604068973, 51.170624585657535 ], [ 71.447981304041846, 51.170699186037815 ], [ 71.4480481, 51.1706945 ], [ 71.4480802, 51.1705819 ], [ 71.4474156, 51.17050720000001 ] ] ], [ [ [ 71.446906403376843, 51.171070085432135 ], [ 71.446980003365255, 51.171084285474358 ], [ 71.44704680000001, 51.1710796 ], [ 71.447215, 51.17103250000001 ], [ 71.4472656, 51.1709293 ], [ 71.44701670000002, 51.1708552 ], [ 71.4467673, 51.1708077 ], [ 71.446700503723562, 51.170812385309922 ], [ 71.4466549035822, 51.170906585285699 ], [ 71.446906403376843, 51.171070085432135 ] ] ], [ [ [ 71.447458103053194, 51.17134078575171 ], [ 71.447684903044134, 51.171366085881466 ], [ 71.4477517, 51.1713614 ], [ 71.4478003, 51.1712164 ], [ 71.4477583, 51.1711781 ], [ 71.4475424, 51.171153199999985 ], [ 71.447475603319091, 51.17115788575822 ], [ 71.447431903088372, 51.171314185736279 ], [ 71.447458103053194, 51.17134078575171 ] ] ], [ [ [ 71.4484653, 51.1487957 ], [ 71.448398535654675, 51.148800385861726 ], [ 71.448332735496479, 51.148904685826217 ], [ 71.448555035445594, 51.148958685953922 ], [ 71.4486218, 51.148954 ], [ 71.4486869, 51.1488495 ], [ 71.4484653, 51.1487957 ] ] ], [ [ [ 71.448825334530937, 51.149616386120364 ], [ 71.4488921, 51.1496117 ], [ 71.4489958, 51.1494446 ], [ 71.4489439, 51.1493064 ], [ 71.4486131, 51.1492255 ], [ 71.448546335053479, 51.149230185954075 ], [ 71.448405234708858, 51.149457585877975 ], [ 71.448589034585467, 51.149558685984609 ], [ 71.448825334530937, 51.149616386120364 ] ] ], [ [ [ 71.4476532, 51.1496574 ], [ 71.4475006, 51.1496161 ], [ 71.447433834356275, 51.149620785327549 ], [ 71.447343234155611, 51.14975248527842 ], [ 71.447495734114568, 51.149793785366079 ], [ 71.4475625, 51.1497891 ], [ 71.4476532, 51.1496574 ] ] ], [ [ [ 71.448205, 51.1496551 ], [ 71.448138234385297, 51.149659785729675 ], [ 71.448031334132097, 51.149826585671882 ], [ 71.448217034087136, 51.149873385778591 ], [ 71.4482838, 51.1498687 ], [ 71.4483907, 51.1497019 ], [ 71.448205, 51.1496551 ] ] ], [ [ [ 71.4485793, 51.14979060000001 ], [ 71.448512534235405, 51.149795285945501 ], [ 71.448410934021013, 51.149935585890262 ], [ 71.448577233972856, 51.149982985985922 ], [ 71.448644, 51.1499783 ], [ 71.4487456, 51.1498379 ], [ 71.4485793, 51.14979060000001 ] ] ], [ [ [ 71.4476818, 51.149888 ], [ 71.4474796, 51.1498313 ], [ 71.447412834043746, 51.149835985319655 ], [ 71.447307433817954, 51.14998388526238 ], [ 71.447509633760745, 51.150040585378662 ], [ 71.4475764, 51.1500359 ], [ 71.4476818, 51.149888 ] ] ], [ [ [ 71.4479923, 51.1499829 ], [ 71.447925533887386, 51.14998758561466 ], [ 71.447826433676894, 51.150125385560798 ], [ 71.447972333635065, 51.150166685644699 ], [ 71.4480391, 51.150162 ], [ 71.4481382, 51.1500241 ], [ 71.4479923, 51.1499829 ] ] ], [ [ [ 71.4470403, 51.1500708 ], [ 71.446973533645632, 51.150075485073842 ], [ 71.44691873351077, 51.150164485044307 ], [ 71.44710053346941, 51.150208485148724 ], [ 71.4471673, 51.1502038 ], [ 71.4472221, 51.1501148 ], [ 71.4470403, 51.1500708 ] ] ], [ [ [ 71.4482558, 51.1500625 ], [ 71.448189033804596, 51.150067185766311 ], [ 71.448113333606173, 51.150198585725654 ], [ 71.448286333570636, 51.150237785824984 ], [ 71.4483531, 51.1502331 ], [ 71.448428800000016, 51.1501017 ], [ 71.4482558, 51.1500625 ] ] ], [ [ [ 71.4473171, 51.1501442 ], [ 71.447250333573365, 51.150148885232952 ], [ 71.447174833393532, 51.15026738519218 ], [ 71.447301933362965, 51.15029928526522 ], [ 71.447368700000013, 51.1502946 ], [ 71.4474442, 51.1501761 ], [ 71.4473171, 51.1501442 ] ] ], [ [ [ 71.4485465, 51.1501156 ], [ 71.448479733763293, 51.15012028593295 ], [ 71.448394233588715, 51.150234285886384 ], [ 71.44854413354318, 51.150278485972642 ], [ 71.4486109, 51.1502738 ], [ 71.4486964, 51.1501598 ], [ 71.4485465, 51.1501156 ] ] ], [ [ [ 71.4471229, 51.150301399999982 ], [ 71.447056133323429, 51.150306085125266 ], [ 71.447003533216659, 51.150375785096614 ], [ 71.447220033150231, 51.150440085221206 ], [ 71.4472868, 51.1504354 ], [ 71.4473394, 51.1503656 ], [ 71.4471229, 51.150301399999982 ] ] ], [ [ [ 71.448750700000019, 51.1503605 ], [ 71.4485693, 51.1503074 ], [ 71.448502533489759, 51.150312085949587 ], [ 71.448406033290965, 51.150441985897046 ], [ 71.448587433236554, 51.150494986001412 ], [ 71.4486542, 51.1504903 ], [ 71.448750700000019, 51.1503605 ] ] ], [ [ [ 71.4477397, 51.1503716 ], [ 71.447672933296914, 51.150376285478067 ], [ 71.447583833064158, 51.150530385430208 ], [ 71.447724433035063, 51.150562385510938 ], [ 71.4477912, 51.1505577 ], [ 71.4478802, 51.1504036 ], [ 71.4477397, 51.1503716 ] ] ], [ [ [ 71.448132, 51.1503845 ], [ 71.448065233325792, 51.15038918570184 ], [ 71.448001533153729, 51.15050328566771 ], [ 71.448149533124791, 51.150535785752666 ], [ 71.448200812248388, 51.150532186946258 ], [ 71.448120732982318, 51.15063228573807 ], [ 71.448268632933079, 51.150678885823211 ], [ 71.4483354, 51.1506742 ], [ 71.4484339, 51.15055120000001 ], [ 71.4482859, 51.1505046 ], [ 71.448228839080755, 51.150508604619596 ], [ 71.4482799, 51.150417 ], [ 71.448132, 51.1503845 ] ] ], [ [ [ 71.4471231, 51.1505175 ], [ 71.4468022, 51.1504309 ], [ 71.446735433098084, 51.150435584944979 ], [ 71.446645432898052, 51.150566884896179 ], [ 71.446966232812116, 51.150653485080618 ], [ 71.447033, 51.1506488 ], [ 71.4471231, 51.1505175 ] ] ], [ [ [ 71.4475483, 51.1506028 ], [ 71.447481532940714, 51.150607485373378 ], [ 71.447381332707764, 51.150760785319164 ], [ 71.447574632659396, 51.15081058543025 ], [ 71.4476414, 51.1508059 ], [ 71.4477417, 51.1506525 ], [ 71.4475483, 51.1506028 ] ] ], [ [ [ 71.4480071, 51.1507625 ], [ 71.447837, 51.1507134 ], [ 71.447770232816325, 51.150718085539964 ], [ 71.447692232653608, 51.150824485497552 ], [ 71.447862332603435, 51.150873585595363 ], [ 71.4479291, 51.1508689 ], [ 71.4480071, 51.1507625 ] ] ], [ [ [ 71.4481581, 51.1507896 ], [ 71.448091332745392, 51.150794285724388 ], [ 71.448016632567374, 51.150911585684028 ], [ 71.448214132519965, 51.150961085797505 ], [ 71.4482809, 51.1509564 ], [ 71.4483556, 51.1508391 ], [ 71.4481581, 51.1507896 ] ] ], [ [ [ 71.4467781, 51.1508067 ], [ 71.446711332553832, 51.150811384938336 ], [ 71.446632332354568, 51.150943084895822 ], [ 71.446925632290203, 51.151012385064249 ], [ 71.4469924, 51.151007699999987 ], [ 71.4470714, 51.150876 ], [ 71.4467781, 51.1508067 ] ] ], [ [ [ 71.4473587, 51.1509281 ], [ 71.447291932449161, 51.150932785271479 ], [ 71.447227532300928, 51.151030285236622 ], [ 71.447397232257913, 51.151074385334148 ], [ 71.447464, 51.1510697 ], [ 71.4475283, 51.1509721 ], [ 71.4473587, 51.1509281 ] ] ], [ [ [ 71.4477664, 51.151033399999989 ], [ 71.447699632346811, 51.151038085505775 ], [ 71.447626432189566, 51.15114108546603 ], [ 71.447783732145368, 51.151184985556505 ], [ 71.4478505, 51.1511803 ], [ 71.4479236, 51.151077299999983 ], [ 71.4477664, 51.151033399999989 ] ] ], [ [ [ 71.4478971, 51.1514705 ], [ 71.4479232, 51.1514423 ], [ 71.4479168, 51.1513784 ], [ 71.4478404, 51.1513362 ], [ 71.447671831901459, 51.151344885495753 ], [ 71.447604431824317, 51.151392785458249 ], [ 71.447610831733172, 51.15145658546308 ], [ 71.447687231681485, 51.151498885507436 ], [ 71.4478055, 51.1514986 ], [ 71.4478971, 51.1514705 ] ] ], [ [ [ 71.4489128, 51.1526617 ], [ 71.44884603013972, 51.152666386189829 ], [ 71.448688029887919, 51.152827886102827 ], [ 71.44878932984399, 51.152866886161291 ], [ 71.4488561, 51.1528622 ], [ 71.4490142, 51.1527007 ], [ 71.4489128, 51.1526617 ] ] ], [ [ [ 71.448834428900298, 51.153525686199458 ], [ 71.448686828665032, 51.153676586118188 ], [ 71.448858097944395, 51.153742534058871 ], [ 71.448650043513112, 51.153757135690526 ], [ 71.448578842069793, 51.153834635221209 ], [ 71.448625441170975, 51.153890535552556 ], [ 71.448710078919049, 51.15392241375725 ], [ 71.4486579, 51.1539058 ], [ 71.448591128316451, 51.153910486068078 ], [ 71.448475727858721, 51.154218486008155 ], [ 71.448708127350542, 51.15422023329991 ], [ 71.448699983502891, 51.154264558524311 ], [ 71.448935083514741, 51.15428155892721 ], [ 71.4491354, 51.1542675 ], [ 71.449147, 51.1542045 ], [ 71.449110791888373, 51.154073337996252 ], [ 71.449617236276254, 51.154256942417753 ], [ 71.450434338617271, 51.154200996737934 ], [ 71.450302083758615, 51.154339961267453 ], [ 71.450702683256139, 51.154489861960791 ], [ 71.450879040437115, 51.154477481946941 ], [ 71.450746854308903, 51.154617396196876 ], [ 71.4500913, 51.1543594 ], [ 71.450024527836348, 51.15436408689348 ], [ 71.4499876908651, 51.154400923806186 ], [ 71.4499102, 51.1543743 ], [ 71.44984342779297, 51.154378986790555 ], [ 71.449617027391383, 51.154638686666445 ], [ 71.449740827345266, 51.15468108673781 ], [ 71.4498076, 51.1546764 ], [ 71.449964326146045, 51.154496611982907 ], [ 71.450617941320928, 51.154753845003363 ], [ 71.450604982020295, 51.154767561809543 ], [ 71.450967981568979, 51.154902462437761 ], [ 71.4511683, 51.1548884 ], [ 71.4514123, 51.1548495 ], [ 71.4516022, 51.1546484 ], [ 71.4510858, 51.15445660000001 ], [ 71.450909493773281, 51.154468976757251 ], [ 71.4510449, 51.1543267 ], [ 71.4506443, 51.1541768 ], [ 71.450501978558563, 51.154186790539669 ], [ 71.450553, 51.1541312 ], [ 71.4504675, 51.1540514 ], [ 71.4496043, 51.1537194 ], [ 71.4494513, 51.1537009 ], [ 71.449035650585714, 51.15373007279787 ], [ 71.4491475, 51.1536158 ], [ 71.4489012, 51.153521 ], [ 71.448834428900298, 51.153525686199458 ] ], [ [ 71.448822724152592, 51.153964840616609 ], [ 71.449075916381801, 51.154060202605862 ], [ 71.4489371, 51.1540502 ], [ 71.448779458493874, 51.154061263645431 ], [ 71.448822724152592, 51.153964840616609 ] ] ], [ [ [ 71.447027, 51.1541568 ], [ 71.446960227757515, 51.154161485143469 ], [ 71.44692692758403, 51.15427908512671 ], [ 71.447130927575856, 51.154301885243399 ], [ 71.4471977, 51.1542972 ], [ 71.4472311, 51.1541796 ], [ 71.447027, 51.1541568 ] ] ], [ [ [ 71.4481686, 51.1544178 ], [ 71.4482193, 51.154228699999983 ], [ 71.4474471, 51.1541472 ], [ 71.447313555629464, 51.154156570727395 ], [ 71.44720975522975, 51.154286570614012 ], [ 71.447195755076223, 51.154338670600019 ], [ 71.448035055024263, 51.154427171559909 ], [ 71.4481686, 51.1544178 ] ] ], [ [ [ 71.448638204223855, 51.154492358040279 ], [ 71.44866, 51.1543381 ], [ 71.4484845, 51.15432830000001 ], [ 71.448284183015673, 51.154342357817903 ], [ 71.448253182055623, 51.154561857777352 ], [ 71.448428682077392, 51.154571558077933 ], [ 71.448613565914442, 51.15455858315859 ], [ 71.448605854640519, 51.154608272217317 ], [ 71.449441354695452, 51.154659373171448 ], [ 71.4495749, 51.15465 ], [ 71.4495927, 51.1545353 ], [ 71.4495593, 51.1544461 ], [ 71.449359900000019, 51.1544339 ], [ 71.448638204223855, 51.154492358040279 ] ] ], [ [ [ 71.4474562, 51.154499 ], [ 71.447249427267735, 51.154525685315143 ], [ 71.447283027150917, 51.154609585335884 ], [ 71.4474898, 51.1545829 ], [ 71.4474562, 51.154499 ] ] ], [ [ [ 71.4478921, 51.154745699999985 ], [ 71.447691226964267, 51.15477338557158 ], [ 71.447726826850996, 51.154854985593424 ], [ 71.4479277, 51.1548273 ], [ 71.4478921, 51.154745699999985 ] ] ], [ [ [ 71.4486547, 51.1547532 ], [ 71.448451327102049, 51.154741586004135 ], [ 71.448426126979271, 51.154824685991336 ], [ 71.4486295, 51.1548363 ], [ 71.4486547, 51.1547532 ] ] ], [ [ [ 71.4489446, 51.1548119 ], [ 71.448877827045607, 51.154816586248593 ], [ 71.448848926924967, 51.154897886233648 ], [ 71.448999626912808, 51.154918986319935 ], [ 71.4490664, 51.1549143 ], [ 71.4490953, 51.154833 ], [ 71.4489446, 51.1548119 ] ] ], [ [ [ 71.447170326414522, 51.155111185281129 ], [ 71.447398, 51.155080499999983 ], [ 71.4472807, 51.1547946 ], [ 71.447053026812426, 51.154825185208885 ], [ 71.447080054905712, 51.1548910854873 ], [ 71.44688732666026, 51.154916885116172 ], [ 71.446920926543427, 51.15500078513692 ], [ 71.447114890597746, 51.154976022063437 ], [ 71.447130266949173, 51.155013512660751 ], [ 71.446943626491418, 51.155038785150573 ], [ 71.446977226374614, 51.155122685171307 ], [ 71.447165303326884, 51.155098938059496 ], [ 71.447170326414522, 51.155111185281129 ] ] ], [ [ [ 71.4479746, 51.1549337 ], [ 71.447773726703375, 51.154961385622158 ], [ 71.447809326590104, 51.155042985643973 ], [ 71.4480102, 51.1550153 ], [ 71.4479746, 51.1549337 ] ] ], [ [ [ 71.4485084, 51.155129699999989 ], [ 71.448474600000011, 51.1550478 ], [ 71.448273226601117, 51.155074285908917 ], [ 71.4483070264872, 51.155156185929755 ], [ 71.4485084, 51.155129699999989 ] ] ], [ [ [ 71.4480383, 51.155062 ], [ 71.447837426526206, 51.155089685660876 ], [ 71.447873026412935, 51.155171285682705 ], [ 71.4480739, 51.1551436 ], [ 71.4480383, 51.155062 ] ] ], [ [ [ 71.4480933, 51.155202 ], [ 71.447892426331137, 51.155229685694856 ], [ 71.44792802621788, 51.155311285716714 ], [ 71.4481289, 51.1552836 ], [ 71.4480933, 51.155202 ] ] ], [ [ [ 71.4489394, 51.1552075 ], [ 71.448737926427242, 51.155233986176746 ], [ 71.448771726313325, 51.155315886197563 ], [ 71.4489731, 51.1552894 ], [ 71.4489394, 51.1552075 ] ] ], [ [ [ 71.4485626, 51.1552287 ], [ 71.448357026349171, 51.15525618596012 ], [ 71.448426926115843, 51.155423986003129 ], [ 71.4486325, 51.1553966 ], [ 71.4485626, 51.1552287 ] ] ], [ [ [ 71.4481563, 51.1553593 ], [ 71.447955426112088, 51.155386985733728 ], [ 71.447991025998832, 51.155468585755564 ], [ 71.4481919, 51.155440899999988 ], [ 71.4481563, 51.1553593 ] ] ], [ [ [ 71.44727, 51.155369 ], [ 71.447055525989981, 51.155396185221093 ], [ 71.447122125750184, 51.155568185262304 ], [ 71.4473367, 51.155541 ], [ 71.44727, 51.155369 ] ] ], [ [ [ 71.4482469, 51.1555511 ], [ 71.4482113, 51.1554695 ], [ 71.448010425959964, 51.155497185767167 ], [ 71.448046025846708, 51.155578785788983 ], [ 71.4482469, 51.1555511 ] ] ], [ [ [ 71.44912, 51.1554585 ], [ 71.448887826078376, 51.155488686266992 ], [ 71.448925425944765, 51.155584586290225 ], [ 71.4491576, 51.1555544 ], [ 71.44912, 51.1554585 ] ] ], [ [ [ 71.4486672, 51.1554837 ], [ 71.448461625994398, 51.155511186024555 ], [ 71.448531525761055, 51.155678986067549 ], [ 71.4487371, 51.1556516 ], [ 71.4486672, 51.1554837 ] ] ], [ [ [ 71.4491833, 51.1557062 ], [ 71.4491457, 51.1556272 ], [ 71.448962925849997, 51.155653486312914 ], [ 71.449000525740573, 51.15573258633583 ], [ 71.4491833, 51.1557062 ] ] ], [ [ [ 71.4473824, 51.1556494 ], [ 71.44716872559647, 51.155678785290945 ], [ 71.447241525359019, 51.15584968533566 ], [ 71.4474552, 51.15582040000001 ], [ 71.4473824, 51.1556494 ] ] ], [ [ [ 71.4487624, 51.1557293 ], [ 71.44855682565202, 51.15575678608343 ], [ 71.448626825418685, 51.155924586126488 ], [ 71.4488323, 51.1558972 ], [ 71.4487624, 51.1557293 ] ] ], [ [ [ 71.44758442559646, 51.15571368552849 ], [ 71.447782825108348, 51.156069085648269 ], [ 71.4479891, 51.1560408 ], [ 71.4483428, 51.1557639 ], [ 71.4483139, 51.15569630000001 ], [ 71.4479839, 51.1556529 ], [ 71.44758442559646, 51.15571368552849 ] ] ], [ [ [ 71.448496, 51.1559168 ], [ 71.448345725369549, 51.155935085966526 ], [ 71.44839412520696, 51.156051985996299 ], [ 71.4485444, 51.1560337 ], [ 71.448496, 51.1559168 ] ] ], [ [ [ 71.4489408, 51.1559394 ], [ 71.448669925347815, 51.155977386152038 ], [ 71.448705325229184, 51.156062686173861 ], [ 71.44897610000001, 51.1560248 ], [ 71.4489408, 51.1559394 ] ] ], [ [ [ 71.4475057, 51.1559405 ], [ 71.44729202519207, 51.155969785366693 ], [ 71.447364824954448, 51.156140785411409 ], [ 71.4475786, 51.1561115 ], [ 71.4475057, 51.1559405 ] ] ], [ [ [ 71.4471195, 51.1559809 ], [ 71.446905825087114, 51.15601018514738 ], [ 71.446978624849663, 51.156181085192088 ], [ 71.4471923, 51.156151800000011 ], [ 71.4471195, 51.1559809 ] ] ], [ [ [ 71.4484718, 51.1560603 ], [ 71.44826182514052, 51.156086985921569 ], [ 71.448295125021488, 51.15617238594217 ], [ 71.4485051, 51.15614570000001 ], [ 71.4484718, 51.1560603 ] ] ], [ [ [ 71.4490283, 51.1561455 ], [ 71.448757425061586, 51.156183386205818 ], [ 71.448792824942799, 51.156268786227606 ], [ 71.4490636, 51.1562309 ], [ 71.4490283, 51.1561455 ] ] ], [ [ [ 71.4480021, 51.1563077 ], [ 71.4479685, 51.1562238 ], [ 71.447761724844398, 51.156250485639667 ], [ 71.447795324727565, 51.156334385660394 ], [ 71.4480021, 51.1563077 ] ] ], [ [ [ 71.4476157, 51.1561928 ], [ 71.447402024841807, 51.156222085434159 ], [ 71.4474748246042, 51.156393085478882 ], [ 71.4476885, 51.1563638 ], [ 71.4476157, 51.1561928 ] ] ], [ [ [ 71.4472792, 51.1563457 ], [ 71.447072424585201, 51.156372485249172 ], [ 71.44710592446836, 51.156456385269827 ], [ 71.4473128, 51.1564296 ], [ 71.4472792, 51.1563457 ] ] ], [ [ [ 71.4491034, 51.1564831 ], [ 71.4490648, 51.1563968 ], [ 71.448864224726208, 51.156425086271263 ], [ 71.448902924606543, 51.156511386294923 ], [ 71.4491034, 51.1564831 ] ] ], [ [ [ 71.4483727, 51.1564287 ], [ 71.448162724597651, 51.156455385872064 ], [ 71.448196024478634, 51.156540785892638 ], [ 71.448406, 51.156514099999988 ], [ 71.4483727, 51.1564287 ] ] ], [ [ [ 71.4486297, 51.1564191 ], [ 71.4484100246342, 51.156450786012897 ], [ 71.44845602449179, 51.156553486041055 ], [ 71.4486757, 51.1565219 ], [ 71.4486297, 51.1564191 ] ] ], [ [ [ 71.4481339, 51.1565574 ], [ 71.4481005, 51.156472 ], [ 71.447764024459076, 51.156518085646027 ], [ 71.447797324340044, 51.156603485666636 ], [ 71.4481339, 51.1565574 ] ] ], [ [ [ 71.4477487, 51.156533 ], [ 71.447412124328579, 51.156579085446651 ], [ 71.44744552420957, 51.15666448546731 ], [ 71.447782, 51.1566184 ], [ 71.4477487, 51.156533 ] ] ], [ [ [ 71.4491631, 51.1566445 ], [ 71.448962624381323, 51.156672686332008 ], [ 71.449001224261622, 51.156758986355641 ], [ 71.4492017, 51.1567308 ], [ 71.4491631, 51.1566445 ] ] ], [ [ [ 71.4487193, 51.156653699999985 ], [ 71.44839752427589, 51.156698386010447 ], [ 71.448467924029785, 51.156875086053915 ], [ 71.4487897, 51.1568305 ], [ 71.4487193, 51.156653699999985 ] ] ], [ [ [ 71.4488902, 51.1570199 ], [ 71.44885, 51.1569139 ], [ 71.44810262377635, 51.157020285848482 ], [ 71.448142823628459, 51.15712628587341 ], [ 71.4488902, 51.1570199 ] ] ], [ [ [ 71.4475016, 51.1569913 ], [ 71.447295723680156, 51.157019285388643 ], [ 71.447371040029367, 51.157196844371754 ], [ 71.44718142337365, 51.157222385327344 ], [ 71.447214923256368, 51.15730658534801 ], [ 71.4474237, 51.1572796 ], [ 71.447414078849647, 51.157255446638501 ], [ 71.4476024, 51.1572288 ], [ 71.4475016, 51.1569913 ] ] ], [ [ [ 71.4480446, 51.1570844 ], [ 71.447835823612792, 51.157111385698173 ], [ 71.447869423495661, 51.157195485718901 ], [ 71.4480781, 51.1571686 ], [ 71.4480446, 51.1570844 ] ] ], [ [ [ 71.4478253, 51.1572113 ], [ 71.4477917, 51.1571271 ], [ 71.447582923520656, 51.157154085554858 ], [ 71.447616523403525, 51.157238185575594 ], [ 71.4478253, 51.1572113 ] ] ], [ [ [ 71.4485921, 51.1613041 ], [ 71.448225935245176, 51.161305572037463 ], [ 71.448217834972525, 51.161399472031782 ], [ 71.448584, 51.161398 ], [ 71.4485921, 51.1613041 ] ] ], [ [ [ 71.4491166, 51.1615095 ], [ 71.4489606, 51.1614978 ], [ 71.448626686912448, 51.161521231540767 ], [ 71.44861568649354, 51.161578431514833 ], [ 71.448771686518015, 51.161588131960272 ], [ 71.4491056, 51.1615647 ], [ 71.4491166, 51.1615095 ] ] ], [ [ [ 71.446766085958245, 51.161497426236672 ], [ 71.446747985135048, 51.161610126195733 ], [ 71.448115085337278, 51.161696830099544 ], [ 71.4485291, 51.1616785 ], [ 71.4485555, 51.161515 ], [ 71.448408617335872, 51.161514686107814 ], [ 71.44840184542565, 51.161556555959017 ], [ 71.4471, 51.161474 ], [ 71.446766085958245, 51.161497426236672 ] ] ], [ [ [ 71.4468815, 51.1618543 ], [ 71.446547583085163, 51.161877725649973 ], [ 71.446526582218382, 51.161996225601293 ], [ 71.448347782408504, 51.162122730802878 ], [ 71.448664661994087, 51.16210049557057 ], [ 71.448628081169801, 51.162318131620061 ], [ 71.448810881192486, 51.162330332142112 ], [ 71.4491448, 51.162306899999983 ], [ 71.4492523, 51.161666799999985 ], [ 71.4490695, 51.1616551 ], [ 71.448735585844645, 51.161678531865945 ], [ 71.44868498622516, 51.16197957662488 ], [ 71.4468815, 51.1618543 ] ] ], [ [ [ 71.4480214, 51.1621864 ], [ 71.447700616292906, 51.162178785716875 ], [ 71.447685916118871, 51.162298285710747 ], [ 71.4480067, 51.1623059 ], [ 71.4480214, 51.1621864 ] ] ], [ [ [ 71.4475889, 51.1623933 ], [ 71.447522115955337, 51.162397985619272 ], [ 71.447350915855495, 51.162452885522747 ], [ 71.447412615753819, 51.162528585559343 ], [ 71.4474794, 51.1625239 ], [ 71.4476506, 51.162469 ], [ 71.4475889, 51.1623933 ] ] ], [ [ [ 71.449232679043305, 51.162663933375583 ], [ 71.449418279061234, 51.162677033905702 ], [ 71.4497522, 51.1626536 ], [ 71.4498901, 51.1618971 ], [ 71.4497045, 51.1618817 ], [ 71.449370584595769, 51.161905133696834 ], [ 71.44927222875701, 51.162446320754405 ], [ 71.4481938, 51.1623641 ], [ 71.447859880204746, 51.162387529437595 ], [ 71.447838579359399, 51.1625030293878 ], [ 71.449010879422985, 51.162592632736818 ], [ 71.449248670237978, 51.162575945965806 ], [ 71.449232679043305, 51.162663933375583 ] ] ], [ [ [ 71.4476964, 51.1625201 ], [ 71.447629615785559, 51.162524785682933 ], [ 71.447452915669047, 51.162590785583482 ], [ 71.447519915575228, 51.162661485622991 ], [ 71.4475867, 51.1626568 ], [ 71.4477635, 51.1625908 ], [ 71.4476964, 51.1625201 ] ] ], [ [ [ 71.4477745, 51.1626887 ], [ 71.447707715551971, 51.162693385730634 ], [ 71.44757051545507, 51.162749085653495 ], [ 71.447613815399905, 51.162790985678953 ], [ 71.4476806, 51.1627863 ], [ 71.4478177, 51.1627306 ], [ 71.4477745, 51.1626887 ] ] ], [ [ [ 71.4481824, 51.1627265 ], [ 71.4481234, 51.1626693 ], [ 71.44805661562215, 51.162673985929096 ], [ 71.447892715506455, 51.162740485836949 ], [ 71.447951715431159, 51.162797685871659 ], [ 71.4480185, 51.162793 ], [ 71.4481824, 51.1627265 ] ] ], [ [ [ 71.4484855, 51.1627173 ], [ 71.448418715596773, 51.162721986136376 ], [ 71.448273615499232, 51.162777486054743 ], [ 71.448332615419005, 51.162838086089501 ], [ 71.4483994, 51.162833399999982 ], [ 71.4485445, 51.1627778 ], [ 71.4484855, 51.1627173 ] ] ], [ [ [ 71.449163430912137, 51.162887273165843 ], [ 71.449297, 51.1628779 ], [ 71.4493221, 51.1628014 ], [ 71.449202, 51.1626923 ], [ 71.44894103140868, 51.162696372905131 ], [ 71.448922631100928, 51.162801572888114 ], [ 71.449018230914746, 51.162874172999835 ], [ 71.449163430912137, 51.162887273165843 ] ] ], [ [ [ 71.4479451, 51.1628697 ], [ 71.44787, 51.1627822 ], [ 71.447803215428735, 51.162786885786815 ], [ 71.447656715339662, 51.162836385704274 ], [ 71.44773181522261, 51.162923885748711 ], [ 71.4477986, 51.1629192 ], [ 71.4479451, 51.1628697 ] ] ], [ [ [ 71.4486239, 51.1628514 ], [ 71.448557115420215, 51.162856086217801 ], [ 71.448332615266352, 51.162943986091499 ], [ 71.448413115159596, 51.163024786138905 ], [ 71.4484799, 51.1630201 ], [ 71.4487043, 51.1629321 ], [ 71.4486239, 51.1628514 ] ] ], [ [ [ 71.4480209, 51.1629176 ], [ 71.447954115251818, 51.162922285875389 ], [ 71.447766715151729, 51.162975985769592 ], [ 71.447823015046964, 51.163053385803153 ], [ 71.4478898, 51.1630487 ], [ 71.4480773, 51.162995 ], [ 71.4480209, 51.1629176 ] ] ], [ [ [ 71.4491994, 51.1629323 ], [ 71.448993115362711, 51.162932586467711 ], [ 71.448987715265048, 51.162999886465904 ], [ 71.4491941, 51.1629996 ], [ 71.4491994, 51.1629323 ] ] ], [ [ [ 71.4488144, 51.1629631 ], [ 71.448747615282258, 51.162967786328466 ], [ 71.44855791518448, 51.163019686221332 ], [ 71.448622315058927, 51.163112186259788 ], [ 71.4486891, 51.1631075 ], [ 71.4488788, 51.1630556 ], [ 71.4488144, 51.1629631 ] ] ], [ [ [ 71.4481208, 51.1630454 ], [ 71.448054015079677, 51.163050085934742 ], [ 71.447871314972815, 51.163108885831718 ], [ 71.447924914884723, 51.1631744858635 ], [ 71.4479917, 51.1631698 ], [ 71.4481744, 51.163111 ], [ 71.4481208, 51.1630454 ] ] ], [ [ [ 71.4482453, 51.1631618 ], [ 71.448178514926937, 51.163166486007874 ], [ 71.447957114813505, 51.163226585882853 ], [ 71.448026914676504, 51.163327485924533 ], [ 71.4480937, 51.1633228 ], [ 71.448315, 51.1632627 ], [ 71.4482453, 51.1631618 ] ] ], [ [ [ 71.4490941, 51.1632623 ], [ 71.4490164, 51.1631774 ], [ 71.448949614997773, 51.163182086447648 ], [ 71.448823514916924, 51.163227586376649 ], [ 71.448901314804104, 51.163312386422582 ], [ 71.4489681, 51.1633077 ], [ 71.4490941, 51.1632623 ] ] ], [ [ [ 71.4477734, 51.1632165 ], [ 71.447706614790988, 51.163221185739985 ], [ 71.447519914661143, 51.16329558563497 ], [ 71.447627214521461, 51.163401485698124 ], [ 71.447694, 51.1633968 ], [ 71.4478807, 51.1633225 ], [ 71.4477734, 51.1632165 ] ] ], [ [ [ 71.4488139, 51.1632628 ], [ 71.448747114850164, 51.163267486333851 ], [ 71.448611614773938, 51.163308986257412 ], [ 71.448670614671954, 51.16338468629246 ], [ 71.4487374, 51.16338 ], [ 71.4488729, 51.1633385 ], [ 71.4488139, 51.1632628 ] ] ], [ [ [ 71.4491858, 51.1633893 ], [ 71.4491313, 51.1633137 ], [ 71.449064514815205, 51.163318386515719 ], [ 71.448922814740101, 51.163358586435713 ], [ 71.448977414637724, 51.163434186468251 ], [ 71.4490442, 51.1634295 ], [ 71.4491858, 51.1633893 ] ] ], [ [ [ 71.4486088, 51.163318 ], [ 71.448426714683364, 51.163356286152947 ], [ 71.448498914551706, 51.163453686195922 ], [ 71.4486811, 51.1634154 ], [ 71.4486088, 51.163318 ] ] ], [ [ [ 71.4474683, 51.163402799999986 ], [ 71.447401514485506, 51.163407485569607 ], [ 71.447291914417733, 51.163445285507862 ], [ 71.44735091432787, 51.163512585542762 ], [ 71.4474177, 51.1635079 ], [ 71.4475273, 51.1634701 ], [ 71.4474683, 51.163402799999986 ] ] ], [ [ [ 71.4484879, 51.1634843 ], [ 71.448405, 51.1633823 ], [ 71.448338214628393, 51.163386986103077 ], [ 71.448201414548706, 51.163430786025941 ], [ 71.448284314411836, 51.163532686075101 ], [ 71.4483511, 51.163528 ], [ 71.4484879, 51.1634843 ] ] ], [ [ [ 71.4481816, 51.1634401 ], [ 71.44811481451805, 51.163444785976843 ], [ 71.447994114435545, 51.163491885908925 ], [ 71.448118014270477, 51.16361678598193 ], [ 71.4481848, 51.1636121 ], [ 71.4483055, 51.1635651 ], [ 71.4481816, 51.1634401 ] ] ], [ [ [ 71.4491913, 51.1636228 ], [ 71.4493477, 51.1635755 ], [ 71.449307, 51.1634826 ], [ 71.4492532, 51.1634582 ], [ 71.449186414621664, 51.163462886587901 ], [ 71.449032714530986, 51.163512886501266 ], [ 71.449124514376862, 51.163627486555747 ], [ 71.4491913, 51.1636228 ] ] ], [ [ [ 71.4479872, 51.1635207 ], [ 71.447920414378331, 51.163525385867565 ], [ 71.447791714287646, 51.163577485795209 ], [ 71.447922214120652, 51.163704285871979 ], [ 71.447989, 51.1636996 ], [ 71.4481178, 51.16364750000001 ], [ 71.4479872, 51.1635207 ] ] ], [ [ [ 71.4477702, 51.1635837 ], [ 71.447703414261241, 51.163588385745086 ], [ 71.447593414180034, 51.163635485683294 ], [ 71.447739914004018, 51.16376988576932 ], [ 71.4478067, 51.1637652 ], [ 71.4479166, 51.1637181 ], [ 71.4477702, 51.1635837 ] ] ], [ [ [ 71.4493608, 51.1636006 ], [ 71.449294014429384, 51.163605286651922 ], [ 71.449171614352437, 51.163648386582977 ], [ 71.449247314239784, 51.16373288662772 ], [ 71.4493141, 51.1637282 ], [ 71.4494365, 51.1636851 ], [ 71.4493608, 51.1636006 ] ] ], [ [ [ 71.4475936, 51.1636374 ], [ 71.447526814162472, 51.163642085645449 ], [ 71.447395414066548, 51.163697585571619 ], [ 71.447514513920936, 51.163808585641597 ], [ 71.4475813, 51.1638039 ], [ 71.4477128, 51.1637484 ], [ 71.4475936, 51.1636374 ] ] ], [ [ [ 71.4492369, 51.1637593 ], [ 71.4491635, 51.1636705 ], [ 71.449096714304744, 51.1636751865408 ], [ 71.448964614226909, 51.163718086466325 ], [ 71.449038014107785, 51.163806886509853 ], [ 71.4491048, 51.1638022 ], [ 71.4492369, 51.1637593 ] ] ], [ [ [ 71.4483674, 51.1639387 ], [ 71.448300613821743, 51.163943386092171 ], [ 71.448151132748478, 51.163994059185754 ], [ 71.448082013719599, 51.163995885968561 ], [ 71.447972013655416, 51.164031185906531 ], [ 71.448042913538714, 51.164118085948594 ], [ 71.4481097, 51.1641134 ], [ 71.4482197, 51.1640781 ], [ 71.44820279114083, 51.164057375353764 ], [ 71.448268, 51.1640528 ], [ 71.448415919772572, 51.163994899819649 ], [ 71.4484772, 51.1639906 ], [ 71.448796, 51.1638921 ], [ 71.44873701052984, 51.163780047811976 ], [ 71.448831513966439, 51.16388758639367 ], [ 71.4488983, 51.1638829 ], [ 71.4490297, 51.1638375 ], [ 71.4489253, 51.163718699999983 ], [ 71.448858514206435, 51.163723386405955 ], [ 71.448729769501327, 51.163767868877542 ], [ 71.4487016, 51.1637319 ], [ 71.4486073, 51.1636893 ], [ 71.448540514210322, 51.163693986224168 ], [ 71.448413114135064, 51.163735486152333 ], [ 71.448383714062913, 51.163783086136483 ], [ 71.448481408220275, 51.163876240925866 ], [ 71.448351413871862, 51.163912886120521 ], [ 71.448382032928407, 51.163955649147042 ], [ 71.4483674, 51.1639387 ] ] ], [ [ [ 71.4480354, 51.1641313 ], [ 71.4479469, 51.1640355 ], [ 71.447880113631314, 51.164040185854326 ], [ 71.447721113528871, 51.164097885764797 ], [ 71.447809613401333, 51.164193785817048 ], [ 71.4478764, 51.1641891 ], [ 71.4480354, 51.1641313 ] ] ], [ [ [ 71.4477118, 51.1641328 ], [ 71.447645013462591, 51.164137485722179 ], [ 71.447522613395734, 51.164173585653103 ], [ 71.447587013279829, 51.16425938569143 ], [ 71.4476538, 51.1642547 ], [ 71.447776200000021, 51.1642185 ], [ 71.4477118, 51.1641328 ] ] ], [ [ [ 71.4474285, 51.1641336 ], [ 71.447361713427142, 51.164138285560739 ], [ 71.447253113357633, 51.164177385499585 ], [ 71.447420713114241, 51.164360285598555 ], [ 71.4474875, 51.1643556 ], [ 71.447596, 51.164316499999984 ], [ 71.4474285, 51.1641336 ] ] ], [ [ [ 71.448844946973495, 51.165446145951009 ], [ 71.4491121, 51.165427399999984 ], [ 71.44958290000001, 51.1652812 ], [ 71.4500243, 51.1650795 ], [ 71.4494385, 51.1643375 ], [ 71.449171353416801, 51.164356246612712 ], [ 71.44778305025865, 51.16478734348037 ], [ 71.448214547315928, 51.165333844505369 ], [ 71.448844946973495, 51.165446145951009 ] ] ], [ [ [ 71.4477966, 51.1648939 ], [ 71.447729812375599, 51.164898585784883 ], [ 71.44750511226232, 51.164958285657946 ], [ 71.447561612148775, 51.165041785691727 ], [ 71.4476284, 51.165037099999985 ], [ 71.4478531, 51.1649774 ], [ 71.4477966, 51.1648939 ] ] ], [ [ [ 71.44791, 51.1650293 ], [ 71.447843212194087, 51.165033985852077 ], [ 71.447652712089308, 51.165090685744573 ], [ 71.447714711978719, 51.165172585781463 ], [ 71.4477815, 51.1651679 ], [ 71.447972, 51.165111199999984 ], [ 71.44791, 51.1650293 ] ] ], [ [ [ 71.447640111642997, 51.165399185743212 ], [ 71.4477069, 51.1653945 ], [ 71.447824602555173, 51.165350320060035 ], [ 71.4480668, 51.1652947 ], [ 71.4479798, 51.1651696 ], [ 71.447913012000271, 51.165174285894508 ], [ 71.4477225119021, 51.165226385786916 ], [ 71.447756790518298, 51.1652756935555 ], [ 71.447695611821572, 51.165279985772585 ], [ 71.447574211749938, 51.16531948570416 ], [ 71.447640111642997, 51.165399185743212 ] ] ], [ [ [ 71.447700433484684, 51.165748457466528 ], [ 71.4479008, 51.1657344 ], [ 71.4481503, 51.1656858 ], [ 71.4483209, 51.165634599999983 ], [ 71.4481345, 51.1653904 ], [ 71.447934135057451, 51.165404457846613 ], [ 71.44764583471661, 51.165459057356777 ], [ 71.447510534491897, 51.165499657127732 ], [ 71.447700433484684, 51.165748457466528 ] ] ], [ [ [ 71.4496286, 51.165892 ], [ 71.449561811158318, 51.16589668684788 ], [ 71.449362611026217, 51.165971586735751 ], [ 71.449371476143966, 51.16598085596074 ], [ 71.449195610923226, 51.166028986641656 ], [ 71.449263810813108, 51.166111086682079 ], [ 71.4493306, 51.1661064 ], [ 71.4494703, 51.1660608 ], [ 71.449457766556037, 51.166045689955808 ], [ 71.4495018, 51.1660426 ], [ 71.449701, 51.1659676 ], [ 71.4496286, 51.165892 ] ] ], [ [ [ 71.4484, 51.1663656 ], [ 71.4485899, 51.1663048 ], [ 71.4487084, 51.1662004 ], [ 71.4485367, 51.1658949 ], [ 71.4484413, 51.1657775 ], [ 71.448174144629689, 51.16579624444821 ], [ 71.44776184366998, 51.165928043518228 ], [ 71.448132841217983, 51.166384344398509 ], [ 71.4484, 51.1663656 ] ] ], [ [ [ 71.4492022, 51.1660414 ], [ 71.449135410891301, 51.166046086607665 ], [ 71.448995710808632, 51.166091686528915 ], [ 71.449063810698505, 51.166173786569274 ], [ 71.4491306, 51.1661691 ], [ 71.4492704, 51.1661235 ], [ 71.4492022, 51.1660414 ] ] ], [ [ [ 71.4490808, 51.1663912 ], [ 71.4489997, 51.1662883 ], [ 71.448932910510806, 51.166292986496934 ], [ 71.448824210448905, 51.166326786435619 ], [ 71.44890531031038, 51.166429686483767 ], [ 71.4489721, 51.166425 ], [ 71.4490808, 51.1663912 ] ] ], [ [ [ 71.448982440511628, 51.166578146350069 ], [ 71.449052140018807, 51.166669446515868 ], [ 71.449312939183656, 51.166836147123043 ], [ 71.4495801, 51.1668174 ], [ 71.4503084, 51.1665987 ], [ 71.450272500000011, 51.1663539 ], [ 71.4502061, 51.166267 ], [ 71.449938942661163, 51.166285748508557 ], [ 71.448982440511628, 51.166578146350069 ] ] ], [ [ [ 71.4476777, 51.1668103 ], [ 71.447610909598154, 51.166814985753312 ], [ 71.447460809512208, 51.166861985668668 ], [ 71.447535809385315, 51.166956285713184 ], [ 71.4476026, 51.1669516 ], [ 71.4477528, 51.1669047 ], [ 71.4476777, 51.1668103 ] ] ], [ [ [ 71.4478085, 51.166922699999986 ], [ 71.447741709451904, 51.16692738583 ], [ 71.447567709358182, 51.166977785731774 ], [ 71.447614609271994, 51.167041485759711 ], [ 71.4476814, 51.1670368 ], [ 71.4478554, 51.1669864 ], [ 71.4478085, 51.166922699999986 ] ] ], [ [ [ 71.4488589, 51.1669833 ], [ 71.448725318968499, 51.166992672821657 ], [ 71.448299418468864, 51.167130172341366 ], [ 71.448387418181312, 51.167237272445718 ], [ 71.448521, 51.1672279 ], [ 71.4489469, 51.1670904 ], [ 71.4488589, 51.1669833 ] ] ], [ [ [ 71.447871, 51.1670702 ], [ 71.447804209246812, 51.167074885868409 ], [ 71.447654109160851, 51.16712188578375 ], [ 71.447729109033972, 51.167216185828288 ], [ 71.4477959, 51.1672115 ], [ 71.4479461, 51.1671646 ], [ 71.447871, 51.1670702 ] ] ], [ [ [ 71.4480132, 51.1671627 ], [ 71.447946409130637, 51.167167385951203 ], [ 71.447788709040466, 51.16721668586225 ], [ 71.447852508932527, 51.167296885900114 ], [ 71.4479193, 51.1672922 ], [ 71.448077, 51.1672429 ], [ 71.4480132, 51.1671627 ] ] ], [ [ [ 71.4481573, 51.167374399999986 ], [ 71.4481018, 51.1672836 ], [ 71.447905808906683, 51.167319285930915 ], [ 71.447961208782473, 51.167410085964221 ], [ 71.4481573, 51.167374399999986 ] ] ], [ [ [ 71.4478677, 51.1673486 ], [ 71.447662108778431, 51.167387785793316 ], [ 71.447707708679687, 51.167460085820686 ], [ 71.4479133, 51.167421 ], [ 71.4478677, 51.1673486 ] ] ], [ [ [ 71.4500597, 51.1677447 ], [ 71.4498044, 51.1673986 ], [ 71.44900290710801, 51.167454841212034 ], [ 71.448756005510447, 51.167526439539621 ], [ 71.448794339872705, 51.16757841211448 ], [ 71.448547404008337, 51.167595738128632 ], [ 71.448300702502792, 51.167662036456363 ], [ 71.448563496902736, 51.168007738332157 ], [ 71.449365, 51.167951499999987 ], [ 71.4495447, 51.1678977 ], [ 71.449507489750928, 51.16782294001608 ], [ 71.44988, 51.1677968 ], [ 71.4500597, 51.1677447 ] ] ], [ [ [ 71.4498945, 51.1685957 ], [ 71.449827707292044, 51.168600387050525 ], [ 71.449701207219348, 51.168640186979189 ], [ 71.449813407030888, 51.168780287045784 ], [ 71.4498802, 51.168775599999989 ], [ 71.4500067, 51.1687358 ], [ 71.4498945, 51.1685957 ] ] ], [ [ [ 71.4479488, 51.1690111 ], [ 71.4477544, 51.1689843 ], [ 71.447687606472599, 51.168988985838105 ], [ 71.44765810634776, 51.169073085822873 ], [ 71.447852506332637, 51.169099885934187 ], [ 71.4479193, 51.1690952 ], [ 71.4479488, 51.1690111 ] ] ], [ [ [ 71.4480068, 51.1691511 ], [ 71.447790806269381, 51.169138585899745 ], [ 71.447767706153215, 51.169217185888058 ], [ 71.4479837, 51.16922970000001 ], [ 71.4480068, 51.1691511 ] ] ], [ [ [ 71.4488672, 51.1696494 ], [ 71.4497034, 51.1693844 ], [ 71.4492835, 51.1688634 ], [ 71.448481981004818, 51.16891963798151 ], [ 71.448250379398246, 51.168993036414093 ], [ 71.447957868959065, 51.169571734544689 ], [ 71.448017841293165, 51.169646229113212 ], [ 71.447951705528595, 51.169665786001424 ], [ 71.448116705240508, 51.16987938609951 ], [ 71.448270905168172, 51.169942486188582 ], [ 71.4484356, 51.1699142 ], [ 71.4484718, 51.1698049 ], [ 71.448381796182744, 51.169683456447245 ], [ 71.4488672, 51.1696494 ] ] ], [ [ [ 71.4479598, 51.1692729 ], [ 71.447737206088377, 51.16925958587148 ], [ 71.447712805965892, 51.169342485859154 ], [ 71.4479354, 51.1693559 ], [ 71.4479598, 51.1692729 ] ] ], [ [ [ 71.4478948, 51.1693736 ], [ 71.447659405935781, 51.16935888582902 ], [ 71.447633005803084, 51.169448685815659 ], [ 71.4478683, 51.1694635 ], [ 71.4478948, 51.1693736 ] ] ], [ [ [ 71.4478535, 51.169542 ], [ 71.447646005686835, 51.169530385824622 ], [ 71.447620605559322, 51.169616685811768 ], [ 71.4478281, 51.1696283 ], [ 71.4478535, 51.169542 ] ] ], [ [ [ 71.449236505601036, 51.169723386734802 ], [ 71.449142205277397, 51.16993988668515 ], [ 71.449366405050014, 51.170116386816268 ], [ 71.4495435, 51.170125 ], [ 71.4500382, 51.169953099999987 ], [ 71.4497815, 51.1696215 ], [ 71.4496378, 51.1695964 ], [ 71.449571005817916, 51.169601086923137 ], [ 71.449236505601036, 51.169723386734802 ] ] ], [ [ [ 71.448636825896614, 51.17047256743853 ], [ 71.448783, 51.1704759 ], [ 71.448796156358256, 51.170424752390936 ], [ 71.4489137, 51.1704275 ], [ 71.4491045, 51.1703481 ], [ 71.4490755, 51.1702767 ], [ 71.448841160058478, 51.170249791941835 ], [ 71.4488667, 51.1701505 ], [ 71.4475538, 51.1700229 ], [ 71.447487004950574, 51.170027585743384 ], [ 71.447460204789564, 51.170136985730167 ], [ 71.448606575214711, 51.170243469523044 ], [ 71.448552697184539, 51.17046406848943 ], [ 71.448494004437052, 51.170468186325678 ], [ 71.448484804343934, 51.170531986321635 ], [ 71.4486283, 51.1705316 ], [ 71.448636825896614, 51.17047256743853 ] ] ], [ [ [ 71.4478577, 51.1709645 ], [ 71.447790903629411, 51.170969185934396 ], [ 71.447771003589068, 51.170995485923534 ], [ 71.447902403546266, 51.171036185999213 ], [ 71.4479692, 51.1710315 ], [ 71.4479897, 51.1710058 ], [ 71.4478577, 51.1709645 ] ] ], [ [ [ 71.448584103509944, 51.171118586389319 ], [ 71.448683303315136, 51.171261986448584 ], [ 71.4487501, 51.1712573 ], [ 71.4488773, 51.1711994 ], [ 71.4491157, 51.1708565 ], [ 71.4490272, 51.1707481 ], [ 71.448960404083067, 51.170752786596893 ], [ 71.448741403955452, 51.170822886473395 ], [ 71.448584103509944, 51.171118586389319 ] ] ], [ [ [ 71.4498112, 51.171098799999989 ], [ 71.449744403672199, 51.171103487050388 ], [ 71.448877303188056, 51.171366386561132 ], [ 71.448993702984382, 51.171517386630342 ], [ 71.4490605, 51.1715127 ], [ 71.4499276, 51.1712498 ], [ 71.4498112, 51.171098799999989 ] ] ], [ [ [ 71.4500701, 51.1712791 ], [ 71.450003303443523, 51.171283787201354 ], [ 71.44888060282905, 51.171615586567704 ], [ 71.448967202673373, 51.17173078661925 ], [ 71.449034, 51.1717261 ], [ 71.4501567, 51.171394299999989 ], [ 71.4500701, 51.1712791 ] ] ], [ [ [ 71.449719152598746, 51.171797482148293 ], [ 71.449269402432918, 51.171922886795137 ], [ 71.449338777530699, 51.172012954664361 ], [ 71.449303302291625, 51.172023686816345 ], [ 71.449477101987, 51.172249486919704 ], [ 71.4495439, 51.1722448 ], [ 71.4496943, 51.1721992 ], [ 71.4495698, 51.1720375 ], [ 71.450129601075474, 51.171868080745163 ], [ 71.45032560227277, 51.172122587400928 ], [ 71.4503924, 51.172117900000011 ], [ 71.4505681, 51.1720648 ], [ 71.450518, 51.1718728 ], [ 71.4504149, 51.171738899999987 ], [ 71.450325900855844, 51.171750306782677 ], [ 71.4502612, 51.1716663 ], [ 71.450129416319001, 51.171688284603988 ], [ 71.4502389, 51.1716559 ], [ 71.4500963, 51.1714666 ], [ 71.450029503176282, 51.171471287219845 ], [ 71.449801403051296, 51.171538787091116 ], [ 71.449868961066983, 51.171628533003798 ], [ 71.4497659, 51.171554099999987 ], [ 71.449699103010062, 51.17155878703317 ], [ 71.449521602909257, 51.171613786933044 ], [ 71.449669202657148, 51.171800987020717 ], [ 71.449719152598746, 51.171797482148293 ] ], [ [ 71.449992754853938, 51.171724659219045 ], [ 71.449811364870911, 51.171772938705232 ], [ 71.449950045625414, 51.171727656133676 ], [ 71.449992754853938, 51.171724659219045 ] ] ], [ [ [ 71.4484891, 51.1716426 ], [ 71.448422302727849, 51.171647286307092 ], [ 71.448271602647864, 51.171690086222007 ], [ 71.448388502428386, 51.171852086291672 ], [ 71.4484553, 51.1718474 ], [ 71.4486061, 51.1718046 ], [ 71.4484891, 51.1716426 ] ] ], [ [ [ 71.44921420249301, 51.171876586762799 ], [ 71.449281, 51.1718719 ], [ 71.449404265936309, 51.171834601517325 ], [ 71.449418802551108, 51.171853486878966 ], [ 71.4494856, 51.1718488 ], [ 71.449576, 51.1718214 ], [ 71.4494571, 51.1716668 ], [ 71.449299802759668, 51.171698886808215 ], [ 71.449350019350874, 51.17176412646706 ], [ 71.449163302582164, 51.171810486732518 ], [ 71.44921420249301, 51.171876586762799 ] ] ], [ [ [ 71.4491048, 51.1718112 ], [ 71.44907, 51.1717675 ], [ 71.448906602565089, 51.171800786586026 ], [ 71.448942802507588, 51.171843686607474 ], [ 71.4491048, 51.1718112 ] ] ], [ [ [ 71.4487717, 51.1720294 ], [ 71.4486684, 51.1718913 ], [ 71.448601602390866, 51.171895986413972 ], [ 71.448430602297606, 51.171946286317457 ], [ 71.448533902110938, 51.172084386378963 ], [ 71.4486007, 51.1720797 ], [ 71.4487717, 51.1720294 ] ] ], [ [ [ 71.4502909, 51.1721832 ], [ 71.4501994, 51.1720615 ], [ 71.45013260233074, 51.17206618728985 ], [ 71.44951970197269, 51.172262986944226 ], [ 71.449601601825535, 51.172371886992963 ], [ 71.4496684, 51.1723672 ], [ 71.4502909, 51.1721832 ] ] ], [ [ [ 71.4489841, 51.1723422 ], [ 71.4488849, 51.1722131 ], [ 71.448818101952924, 51.172217786543456 ], [ 71.448705501890132, 51.172251886479941 ], [ 71.448804701715915, 51.172380986538919 ], [ 71.4488715, 51.1723763 ], [ 71.4489841, 51.1723422 ] ] ], [ [ [ 71.4497271, 51.172531 ], [ 71.44966030159641, 51.172535687029516 ], [ 71.449582501544569, 51.172565086985749 ], [ 71.449626801483163, 51.172611387011855 ], [ 71.4496936, 51.1726067 ], [ 71.44977, 51.1725747 ], [ 71.4497271, 51.172531 ] ] ], [ [ [ 71.4506026, 51.1474562 ], [ 71.4504316, 51.147416699999987 ], [ 71.45036483787878, 51.147421386956054 ], [ 71.450273437643759, 51.147576886906919 ], [ 71.450444437607402, 51.147616487005081 ], [ 71.450499116585533, 51.147612648310179 ], [ 71.450488937597243, 51.147627287030659 ], [ 71.450704737538388, 51.147686287154734 ], [ 71.4507715, 51.1476816 ], [ 71.450879, 51.147527 ], [ 71.4506632, 51.147468 ], [ 71.4505964378329, 51.147472687088978 ], [ 71.45057374694548, 51.147505319759503 ], [ 71.4506026, 51.1474562 ] ] ], [ [ [ 71.4500373, 51.147712199999987 ], [ 71.449970537405463, 51.147716886736958 ], [ 71.44987973723029, 51.147830886687387 ], [ 71.450074437165995, 51.147891886799485 ], [ 71.4501412, 51.1478872 ], [ 71.450232, 51.1477732 ], [ 71.4500373, 51.147712199999987 ] ] ], [ [ [ 71.4503326, 51.1477936 ], [ 71.450265837323954, 51.147798286906777 ], [ 71.450185837134953, 51.147922786863546 ], [ 71.450360937092356, 51.147967086964151 ], [ 71.4504277, 51.1479624 ], [ 71.4505078, 51.1478379 ], [ 71.4503326, 51.1477936 ] ] ], [ [ [ 71.4497231, 51.1479019 ], [ 71.449656337094225, 51.147906586561518 ], [ 71.449550636871876, 51.148052086504052 ], [ 71.449719736822345, 51.148100686601317 ], [ 71.4497865, 51.148096 ], [ 71.4498943, 51.1479523 ], [ 71.4497231, 51.1479019 ] ] ], [ [ [ 71.451087, 51.1480078 ], [ 71.4509099, 51.1479669 ], [ 71.450843137144219, 51.147971587238992 ], [ 71.450773936966044, 51.148089487201801 ], [ 71.450951036928558, 51.148130387303475 ], [ 71.4510178, 51.1481257 ], [ 71.451087, 51.1480078 ] ] ], [ [ [ 71.4501697, 51.1480341 ], [ 71.450102936957848, 51.148038786818503 ], [ 71.450038536780397, 51.148156586784033 ], [ 71.450220236746063, 51.1481956868883 ], [ 71.450287, 51.148191 ], [ 71.4503514, 51.1480732 ], [ 71.4501697, 51.1480341 ] ] ], [ [ [ 71.4495771, 51.1481807 ], [ 71.449510336675004, 51.148185386483611 ], [ 71.449404636452641, 51.14833088642613 ], [ 71.449573736403096, 51.14837948652341 ], [ 71.4496405, 51.1483748 ], [ 71.4497483, 51.1482311 ], [ 71.4495771, 51.1481807 ] ] ], [ [ [ 71.4509142, 51.1482354 ], [ 71.4507455, 51.1481989 ], [ 71.450678736790167, 51.148203587149709 ], [ 71.450609936601822, 51.148328587112871 ], [ 71.450778536569629, 51.148365087209626 ], [ 71.4508453, 51.1483604 ], [ 71.4509142, 51.1482354 ] ] ], [ [ [ 71.4498478, 51.1482932 ], [ 71.449781036545716, 51.148297886640002 ], [ 71.449727436398661, 51.148395486611292 ], [ 71.449913536363141, 51.148435786718096 ], [ 71.4499803, 51.1484311 ], [ 71.450034, 51.1483335 ], [ 71.4498478, 51.1482932 ] ] ], [ [ [ 71.4493019, 51.1483107 ], [ 71.449235136454462, 51.14831538632928 ], [ 71.449123936216751, 51.148471086268842 ], [ 71.449332536156987, 51.148530086388824 ], [ 71.4493993, 51.1485254 ], [ 71.4495129, 51.1483716 ], [ 71.4493019, 51.1483107 ] ] ], [ [ [ 71.4506774, 51.1483737 ], [ 71.4504937, 51.1483365 ], [ 71.450426936561513, 51.148341187008846 ], [ 71.450367736388714, 51.148456186977299 ], [ 71.450551336357364, 51.14849338708261 ], [ 71.450618100000014, 51.1484887 ], [ 71.4506774, 51.1483737 ] ] ], [ [ [ 71.4491937, 51.1485058 ], [ 71.449126936160354, 51.148510486271306 ], [ 71.449038335963991, 51.148639386223259 ], [ 71.449200035920455, 51.148683186316227 ], [ 71.4492668, 51.1486785 ], [ 71.4493555, 51.1485495 ], [ 71.4491937, 51.1485058 ] ] ], [ [ [ 71.4496805, 51.1485096 ], [ 71.449613736213792, 51.148514286548753 ], [ 71.44951733602079, 51.148640186496209 ], [ 71.449729535954276, 51.148704186618332 ], [ 71.4497963, 51.1486995 ], [ 71.4498928, 51.1485735 ], [ 71.4496805, 51.1485096 ] ] ], [ [ [ 71.4503807, 51.1485156 ], [ 71.450313936289874, 51.148520286947843 ], [ 71.450240036110827, 51.148638386907962 ], [ 71.45040463607242, 51.148678887002532 ], [ 71.4504714, 51.1486742 ], [ 71.4505453, 51.1485562 ], [ 71.4503807, 51.1485156 ] ] ], [ [ [ 71.4509021, 51.1485419 ], [ 71.45083533631508, 51.148546587245434 ], [ 71.450749536102336, 51.148687087199207 ], [ 71.450933836060841, 51.148731387305041 ], [ 71.4510006, 51.148726699999983 ], [ 71.4510864, 51.1485862 ], [ 71.4509021, 51.1485419 ] ] ], [ [ [ 71.4502868, 51.1486914 ], [ 71.4502200360253, 51.148696086897651 ], [ 71.450144935859925, 51.148804586856912 ], [ 71.450291135819867, 51.14884468694099 ], [ 71.4503579, 51.14884 ], [ 71.4504332, 51.1487328 ], [ 71.4502868, 51.1486914 ] ] ], [ [ [ 71.4497406, 51.1487279 ], [ 71.449673835906623, 51.148732586587123 ], [ 71.44959173571938, 51.148855686542667 ], [ 71.449764335674885, 51.148901086641878 ], [ 71.4498311, 51.1488964 ], [ 71.4499133, 51.1487733 ], [ 71.4497406, 51.1487279 ] ] ], [ [ [ 71.449219, 51.1488009 ], [ 71.4490416, 51.1487527 ], [ 71.448974835786345, 51.148757386189303 ], [ 71.448898535617644, 51.148868086147928 ], [ 71.44907603556986, 51.148916186249963 ], [ 71.4491428, 51.1489115 ], [ 71.449219, 51.1488009 ] ] ], [ [ [ 71.4507572, 51.1487926 ], [ 71.450690435936451, 51.148797287167604 ], [ 71.450614435749245, 51.148920887126657 ], [ 71.450772635713221, 51.148959187217514 ], [ 71.4508394, 51.1489545 ], [ 71.4509154, 51.1488308 ], [ 71.4507572, 51.1487926 ] ] ], [ [ [ 71.4496236, 51.148894 ], [ 71.449556835653226, 51.148898686523601 ], [ 71.449482435470372, 51.149019386483495 ], [ 71.449649835432155, 51.149059986579637 ], [ 71.4497166, 51.1490553 ], [ 71.449791, 51.14893450000001 ], [ 71.4496236, 51.148894 ] ] ], [ [ [ 71.4491351, 51.1489703 ], [ 71.4489024, 51.1489184 ], [ 71.448835635530827, 51.148923086113122 ], [ 71.448770635358045, 51.149037586078265 ], [ 71.449003335311431, 51.149089486211814 ], [ 71.4490701, 51.1490848 ], [ 71.4491351, 51.1489703 ] ] ], [ [ [ 71.4501074, 51.148931 ], [ 71.450040635658468, 51.148935686799966 ], [ 71.44996593546621, 51.149062886759829 ], [ 71.450142835428707, 51.149103786861403 ], [ 71.4502096, 51.1490991 ], [ 71.4502843, 51.1489718 ], [ 71.4501074, 51.148931 ] ] ], [ [ [ 71.4506305, 51.1489704 ], [ 71.450563735665028, 51.148975087098776 ], [ 71.450484035490305, 51.149089687055536 ], [ 71.450657935442777, 51.149137287155533 ], [ 71.4507247, 51.149132599999987 ], [ 71.4508044, 51.149018 ], [ 71.4506305, 51.1489704 ] ] ], [ [ [ 71.4496776, 51.149104899999983 ], [ 71.4495039, 51.1490711 ], [ 71.449437135383647, 51.149075786458745 ], [ 71.449367435171993, 51.149216886421698 ], [ 71.449541135144315, 51.149250686521299 ], [ 71.4496079, 51.149246 ], [ 71.4496776, 51.149104899999983 ] ] ], [ [ [ 71.4505326, 51.1491109 ], [ 71.4504658354508, 51.149115587045664 ], [ 71.45037533525506, 51.149243886996494 ], [ 71.450568735201102, 51.149297587107732 ], [ 71.4506355, 51.1492929 ], [ 71.450726, 51.1491646 ], [ 71.4505326, 51.1491109 ] ] ], [ [ [ 71.4500586, 51.1493723 ], [ 71.450165, 51.1492061 ], [ 71.4499783, 51.149159 ], [ 71.449911535314456, 51.149163686730731 ], [ 71.449775135170611, 51.14925208665467 ], [ 71.449736335078768, 51.149312586633705 ], [ 71.449991835016931, 51.149376986780524 ], [ 71.4500586, 51.1493723 ] ] ], [ [ [ 71.4503945, 51.149279 ], [ 71.450327735191962, 51.149283686970143 ], [ 71.450239134988081, 51.149417786922214 ], [ 71.450444634936019, 51.149471187040305 ], [ 71.4505114, 51.1494665 ], [ 71.4505999, 51.1493323 ], [ 71.4503945, 51.149279 ] ] ], [ [ [ 71.4492962, 51.149385 ], [ 71.449229434906385, 51.149389686346332 ], [ 71.449135534721165, 51.14951038629512 ], [ 71.44935333465159, 51.14957698642047 ], [ 71.4494201, 51.1495723 ], [ 71.449514, 51.1494516 ], [ 71.4492962, 51.149385 ] ] ], [ [ [ 71.450899800000016, 51.1494177 ], [ 71.450833035053336, 51.149422387260699 ], [ 71.450755934891021, 51.149528587218782 ], [ 71.450943434836518, 51.149582187326615 ], [ 71.4510102, 51.1495775 ], [ 71.4510873, 51.1494713 ], [ 71.450899800000016, 51.1494177 ] ] ], [ [ [ 71.4498752, 51.1495527 ], [ 71.449808434734862, 51.149557386679419 ], [ 71.449710834513482, 51.149702886626578 ], [ 71.449888834467458, 51.149749786728876 ], [ 71.4499556, 51.1497451 ], [ 71.4500532, 51.1495997 ], [ 71.4498752, 51.1495527 ] ] ], [ [ [ 71.4493471, 51.1496809 ], [ 71.4491554, 51.149626399999988 ], [ 71.44908863454161, 51.149631086270659 ], [ 71.448976434303773, 51.149786786209681 ], [ 71.449167734246402, 51.149842686319751 ], [ 71.4492345, 51.149838 ], [ 71.4493471, 51.1496809 ] ] ], [ [ [ 71.4507212, 51.1499304 ], [ 71.4508101, 51.1497955 ], [ 71.4503393, 51.1496735 ], [ 71.450272534617028, 51.149678186946154 ], [ 71.450208834470033, 51.149774886911693 ], [ 71.450338234372907, 51.149853186986903 ], [ 71.450654434293199, 51.149935087168622 ], [ 71.4507212, 51.1499304 ] ] ], [ [ [ 71.449616233825012, 51.150172886581558 ], [ 71.449683, 51.15016820000001 ], [ 71.4497797, 51.1500167 ], [ 71.449736563734888, 51.150005884451168 ], [ 71.4497976, 51.1500016 ], [ 71.4498888, 51.1498461 ], [ 71.4497272, 51.1498088 ], [ 71.449660434348061, 51.149813486599939 ], [ 71.449569234113028, 51.149968986550917 ], [ 71.449594404836773, 51.149974796412096 ], [ 71.449541834096053, 51.149978486535467 ], [ 71.449445133866121, 51.150129986483229 ], [ 71.449616233825012, 51.150172886581558 ] ] ], [ [ [ 71.4491364, 51.1499615 ], [ 71.4489253, 51.1499173 ], [ 71.448858534094754, 51.14992198614506 ], [ 71.448799633928175, 51.15003268611359 ], [ 71.449010733890049, 51.150076886234714 ], [ 71.4490775, 51.1500722 ], [ 71.4491364, 51.1499615 ] ] ], [ [ [ 71.4506627, 51.150111899999985 ], [ 71.45072380000002, 51.1500162 ], [ 71.4502849, 51.1499061 ], [ 71.450218134275403, 51.149910786919548 ], [ 71.450114934029699, 51.150072686863815 ], [ 71.450280533989968, 51.150114186958959 ], [ 71.4506627, 51.150111899999985 ] ] ], [ [ [ 71.4509158, 51.1498955 ], [ 71.450849034367039, 51.149900187278853 ], [ 71.450737334121158, 51.150061487218252 ], [ 71.450943834065058, 51.150117787336988 ], [ 71.4510106, 51.1501131 ], [ 71.4511223, 51.14995170000001 ], [ 71.4509158, 51.1498955 ] ] ], [ [ [ 71.4501297, 51.1501186 ], [ 71.450062933950534, 51.150123286835139 ], [ 71.449982933730965, 51.150268986792334 ], [ 71.450223233685279, 51.15032088693021 ], [ 71.45029, 51.1503162 ], [ 71.45037, 51.1501706 ], [ 71.4501297, 51.1501186 ] ] ], [ [ [ 71.4495024, 51.1501533 ], [ 71.449435633824621, 51.150157986478348 ], [ 71.449320333584083, 51.150315286415633 ], [ 71.449471933539499, 51.15035898650283 ], [ 71.4495387, 51.150354299999989 ], [ 71.449654, 51.150197 ], [ 71.4495024, 51.1501533 ] ] ], [ [ [ 71.4507076, 51.1502082 ], [ 71.450640833891399, 51.150212887166134 ], [ 71.450549033700213, 51.150337887116194 ], [ 71.450803133625087, 51.150411387262352 ], [ 71.4508699, 51.1504067 ], [ 71.4509617, 51.1502817 ], [ 71.4507076, 51.1502082 ] ] ], [ [ [ 71.4500153, 51.1503035 ], [ 71.449948533670337, 51.150308186773458 ], [ 71.449885933509194, 51.150414786739809 ], [ 71.450065633471027, 51.15045638684299 ], [ 71.4501324, 51.1504517 ], [ 71.4501951, 51.1503451 ], [ 71.4500153, 51.1503035 ] ] ], [ [ [ 71.4499884, 51.1505509 ], [ 71.449921633310694, 51.150555586762799 ], [ 71.449830933110704, 51.150686786713592 ], [ 71.450014833060962, 51.150736786819337 ], [ 71.4500816, 51.1507321 ], [ 71.4501723, 51.1506009 ], [ 71.4499884, 51.1505509 ] ] ], [ [ [ 71.4494012, 51.1504909 ], [ 71.449267666637311, 51.150500272816203 ], [ 71.449079865874495, 51.150749272611591 ], [ 71.449470265635341, 51.150865073060885 ], [ 71.4496038, 51.1508557 ], [ 71.449791500000018, 51.1506067 ], [ 71.4494012, 51.1504909 ] ] ], [ [ [ 71.4512568, 51.1506997 ], [ 71.4510857, 51.1506578 ], [ 71.451018933289504, 51.150662487390086 ], [ 71.450948133117279, 51.1507760873519 ], [ 71.451119233077648, 51.150817987450182 ], [ 71.451186, 51.15081330000001 ], [ 71.4512568, 51.1506997 ] ] ], [ [ [ 71.4486896, 51.1509334 ], [ 71.448622832602524, 51.15093808602996 ], [ 71.448558432461496, 51.151030585995009 ], [ 71.449215132282092, 51.15121028637261 ], [ 71.4492819, 51.1512056 ], [ 71.4493462, 51.1511131 ], [ 71.4486896, 51.1509334 ] ] ], [ [ [ 71.4496932, 51.1529856 ], [ 71.449626429767505, 51.15299028664063 ], [ 71.44956212963092, 51.153079686605693 ], [ 71.449670329599925, 51.153110286667932 ], [ 71.4497371, 51.1531056 ], [ 71.4498014, 51.153016099999988 ], [ 71.4496932, 51.1529856 ] ] ], [ [ [ 71.4510386, 51.153567 ], [ 71.4509756, 51.15350810000001 ], [ 71.450908829169933, 51.153512787381281 ], [ 71.450780129076264, 51.153566987308977 ], [ 71.450843228999034, 51.15362588734606 ], [ 71.45091, 51.1536212 ], [ 71.4510386, 51.153567 ] ] ], [ [ [ 71.449907127524611, 51.154570586830481 ], [ 71.449649227080144, 51.154857386688953 ], [ 71.449786427025884, 51.15490658676805 ], [ 71.4498532, 51.1549019 ], [ 71.45004503520309, 51.154691351488609 ], [ 71.451138226901037, 51.155106787542174 ], [ 71.451205, 51.1551021 ], [ 71.4512533, 51.1550521 ], [ 71.4499739, 51.1545659 ], [ 71.449907127524611, 51.154570586830481 ] ] ], [ [ [ 71.4492097, 51.1548287 ], [ 71.449142927053458, 51.154833386399986 ], [ 71.449109526919898, 51.154923286382633 ], [ 71.449255326906851, 51.154944586466122 ], [ 71.4493221, 51.1549399 ], [ 71.4493555, 51.15485 ], [ 71.4492097, 51.1548287 ] ] ], [ [ [ 71.4494966, 51.1550328 ], [ 71.449300026747565, 51.155058886493769 ], [ 71.449369326518209, 51.155223886536376 ], [ 71.4495658, 51.1551978 ], [ 71.4494966, 51.1550328 ] ] ], [ [ [ 71.4492926, 51.1552669 ], [ 71.4492203, 51.1551337 ], [ 71.449027426561273, 51.15516528634042 ], [ 71.449099726377952, 51.155298586384149 ], [ 71.4492926, 51.1552669 ] ] ], [ [ [ 71.450507200000018, 51.1550597 ], [ 71.450440426877663, 51.155064387143732 ], [ 71.450208226499711, 51.155307187016 ], [ 71.450396426420326, 51.155378087124603 ], [ 71.4504632, 51.1553734 ], [ 71.4506955, 51.1551305 ], [ 71.450507200000018, 51.1550597 ] ] ], [ [ [ 71.4495429, 51.1553992 ], [ 71.449204726181563, 51.155443686446723 ], [ 71.449238326055664, 51.155533886467587 ], [ 71.4495765, 51.1554895 ], [ 71.4495429, 51.1553992 ] ] ], [ [ [ 71.450325, 51.155524 ], [ 71.4500341, 51.1554129 ], [ 71.449967326311466, 51.155417586880816 ], [ 71.449853726129007, 51.155534686818292 ], [ 71.45014462600426, 51.155645686986162 ], [ 71.4502114, 51.155641 ], [ 71.450325, 51.155524 ] ] ], [ [ [ 71.4494389, 51.1555908 ], [ 71.449237925929239, 51.15562158646901 ], [ 71.449279425813089, 51.155705686494251 ], [ 71.4494805, 51.1556749 ], [ 71.4494389, 51.1555908 ] ] ], [ [ [ 71.4497189, 51.1555477 ], [ 71.44951822602988, 51.155575286627858 ], [ 71.449590225799838, 51.155740986672036 ], [ 71.4497909, 51.1557135 ], [ 71.4497189, 51.1555477 ] ] ], [ [ [ 71.4510004, 51.1557774 ], [ 71.4505598, 51.1556065 ], [ 71.450493026096126, 51.155611187184029 ], [ 71.450374125907828, 51.155731887118563 ], [ 71.450814725714892, 51.155902787372909 ], [ 71.4508815, 51.1558981 ], [ 71.4510004, 51.1557774 ] ] ], [ [ [ 71.44970042539731, 51.156029586740281 ], [ 71.4499293, 51.155996499999979 ], [ 71.449846, 51.1558093 ], [ 71.449563525636947, 51.155851786658907 ], [ 71.44970042539731, 51.156029586740281 ] ] ], [ [ [ 71.450357225450432, 51.156047887114923 ], [ 71.45041522542617, 51.15606958714838 ], [ 71.450644325399736, 51.156107187279645 ], [ 71.4507111, 51.15610250000001 ], [ 71.45082, 51.1559879 ], [ 71.4503707, 51.1558198 ], [ 71.45030392576588, 51.155824487080324 ], [ 71.450195025587576, 51.155939087020421 ], [ 71.450357225450432, 51.156047887114923 ] ] ], [ [ [ 71.451175298382765, 51.155944814042336 ], [ 71.4514433, 51.155926 ], [ 71.4522945, 51.1550309 ], [ 71.4521273, 51.1549684 ], [ 71.451793435878244, 51.154991839946447 ], [ 71.450942228914926, 51.155886837605856 ], [ 71.451054684368685, 51.155928941600969 ], [ 71.451014825647462, 51.155966387488114 ], [ 71.451111425600956, 51.156006787543923 ], [ 71.4511782, 51.1560021 ], [ 71.4512195, 51.155963299999989 ], [ 71.451175298382765, 51.155944814042336 ] ] ], [ [ [ 71.449593249852356, 51.156157491029148 ], [ 71.449472, 51.15587330000001 ], [ 71.449287625537409, 51.155897686502556 ], [ 71.449462124969031, 51.156306786609733 ], [ 71.4500726, 51.1562054 ], [ 71.4500063, 51.15605630000001 ], [ 71.449855725349821, 51.156075586829651 ], [ 71.449593249852356, 51.156157491029148 ] ] ], [ [ [ 71.450983, 51.1561236 ], [ 71.45078682533385, 51.156164887361946 ], [ 71.450824425263178, 51.156217087384363 ], [ 71.4510206, 51.1561758 ], [ 71.450983, 51.1561236 ] ] ], [ [ [ 71.4501583, 51.1562471 ], [ 71.45014470000001, 51.1562166 ], [ 71.450039225152423, 51.156227986937111 ], [ 71.45005272510997, 51.15625858694537 ], [ 71.4501583, 51.1562471 ] ] ], [ [ [ 71.451183, 51.1562536 ], [ 71.451009525229807, 51.156255787490558 ], [ 71.451004125098322, 51.15634658748921 ], [ 71.4511776, 51.1563444 ], [ 71.451183, 51.1562536 ] ] ], [ [ [ 71.4500557, 51.1562746 ], [ 71.449853425024457, 51.156301186832614 ], [ 71.44988622491357, 51.156380886852801 ], [ 71.4500884, 51.1563543 ], [ 71.4500557, 51.1562746 ] ] ], [ [ [ 71.4501465, 51.1564844 ], [ 71.4501138, 51.1564047 ], [ 71.449911524844012, 51.156431286868191 ], [ 71.44994422473313, 51.156510986888321 ], [ 71.4501465, 51.1564844 ] ] ], [ [ [ 71.450857424668868, 51.156632287411021 ], [ 71.4509242, 51.1566276 ], [ 71.4509684, 51.1565413 ], [ 71.450924300000011, 51.1564307 ], [ 71.4508498, 51.1564157 ], [ 71.450783024965205, 51.156420387364605 ], [ 71.450696524832978, 51.15650488731692 ], [ 71.450652424703563, 51.15659098729342 ], [ 71.450857424668868, 51.156632287411021 ] ] ], [ [ [ 71.451234, 51.1565222 ], [ 71.45108802486682, 51.156514287540205 ], [ 71.451074524817059, 51.156547687533141 ], [ 71.4512204, 51.1565556 ], [ 71.451234, 51.1565222 ] ] ], [ [ [ 71.4502001, 51.1566089 ], [ 71.4501674, 51.1565292 ], [ 71.449965224671104, 51.156555786901137 ], [ 71.449997924560222, 51.156635486921267 ], [ 71.4502001, 51.1566089 ] ] ], [ [ [ 71.450249200000016, 51.1567083 ], [ 71.450047024422915, 51.156734886951135 ], [ 71.450079724312033, 51.156814586971279 ], [ 71.4502819, 51.156788 ], [ 71.450249200000016, 51.1567083 ] ] ], [ [ [ 71.449438, 51.1567286 ], [ 71.449237524293395, 51.156756786490249 ], [ 71.449276224173715, 51.156843086513938 ], [ 71.4494767, 51.1568149 ], [ 71.449438, 51.1567286 ] ] ], [ [ [ 71.449233223892122, 51.157034886493058 ], [ 71.4496893, 51.1569617 ], [ 71.449633, 51.156835799999989 ], [ 71.449072124027524, 51.156927386399225 ], [ 71.449086923981781, 51.156960386408279 ], [ 71.449233223892122, 51.157034886493058 ] ] ], [ [ [ 71.450642547068966, 51.157406574644412 ], [ 71.450779059787635, 51.15741418257268 ], [ 71.450764315297619, 51.157761837276318 ], [ 71.451286, 51.1577384 ], [ 71.451307877933957, 51.157127875042583 ], [ 71.45224132072893, 51.157132141425215 ], [ 71.4525752, 51.1571087 ], [ 71.4525752, 51.1570188 ], [ 71.4514385, 51.15701270000001 ], [ 71.451104620732536, 51.157036138177304 ], [ 71.451103823822706, 51.157084356726166 ], [ 71.450792120038301, 51.157106237293519 ], [ 71.450790933764523, 51.157134208328998 ], [ 71.450666047834403, 51.157142974661213 ], [ 71.450642547068966, 51.157406574644412 ] ] ], [ [ [ 71.451387721248736, 51.159050087758985 ], [ 71.451981119711419, 51.160166588118273 ], [ 71.4521275, 51.160145199999988 ], [ 71.451552102239361, 51.159062669591577 ], [ 71.451923, 51.15904 ], [ 71.4519742, 51.1583853 ], [ 71.451615898091163, 51.158391197435108 ], [ 71.4516278, 51.1577842 ], [ 71.4514241, 51.157783 ], [ 71.451090215173508, 51.157806438209143 ], [ 71.451063910429937, 51.158462538196275 ], [ 71.451444046076617, 51.158454093952145 ], [ 71.451407352263004, 51.159045993872937 ], [ 71.451387721248736, 51.159050087758985 ] ] ], [ [ [ 71.451271686914083, 51.161743139098739 ], [ 71.451538817412498, 51.161724387895688 ], [ 71.451722916435727, 51.16241748801373 ], [ 71.451943388951051, 51.1624229210503 ], [ 71.451941316427863, 51.162441288138659 ], [ 71.4522712, 51.1624443 ], [ 71.45227224483115, 51.162423612351915 ], [ 71.4528721, 51.1623815 ], [ 71.4531015, 51.1623115 ], [ 71.4525963, 51.1616605 ], [ 71.451809588139852, 51.161715728652879 ], [ 71.451763540705542, 51.161658304941518 ], [ 71.4523505, 51.1616171 ], [ 71.4525777, 51.1615459 ], [ 71.452841, 51.1603446 ], [ 71.4527326, 51.1602151 ], [ 71.451931235632216, 51.160271359607897 ], [ 71.450846928288598, 51.160604852268392 ], [ 71.450815914911999, 51.160682757914536 ], [ 71.450653794100148, 51.160694137238806 ], [ 71.450221893122375, 51.160793536017515 ], [ 71.450288192316421, 51.16091093621754 ], [ 71.451271686914083, 51.161743139098739 ] ] ], [ [ [ 71.4491022, 51.1612494 ], [ 71.448768288788372, 51.16127283192079 ], [ 71.448751187897315, 51.161395031883607 ], [ 71.450132688157566, 51.161474935827762 ], [ 71.450466600000013, 51.1614515 ], [ 71.4504837, 51.1613308 ], [ 71.4491022, 51.1612494 ] ] ], [ [ [ 71.450119716445883, 51.162275787097371 ], [ 71.450840516452132, 51.162331987509226 ], [ 71.4509073, 51.1623273 ], [ 71.4509299, 51.162226199999985 ], [ 71.450878, 51.1621453 ], [ 71.4502836, 51.162099499999989 ], [ 71.450216816704994, 51.162104187149453 ], [ 71.45013631659117, 51.162176387104942 ], [ 71.450119716445883, 51.162275787097371 ] ] ], [ [ [ 71.4521603, 51.1625657 ], [ 71.451110116225721, 51.162511687666267 ], [ 71.45109281605599, 51.16262798765861 ], [ 71.4521412, 51.162683 ], [ 71.4521603, 51.1625657 ] ] ], [ [ [ 71.4512429, 51.1628077 ], [ 71.450186715772873, 51.162748287144474 ], [ 71.450166415595987, 51.162869287135194 ], [ 71.4512221, 51.1629283 ], [ 71.4512429, 51.1628077 ] ] ], [ [ [ 71.450334400000017, 51.1630846 ], [ 71.449367, 51.1630172 ], [ 71.449300215271151, 51.163021886644437 ], [ 71.449280315097624, 51.163140586635336 ], [ 71.450246415117419, 51.163207987187214 ], [ 71.4503132, 51.1632033 ], [ 71.450334400000017, 51.1630846 ] ] ], [ [ [ 71.4516366, 51.1633213 ], [ 71.451569815107561, 51.163325987943679 ], [ 71.450972814762522, 51.163515187606997 ], [ 71.45111131453163, 51.163686987689182 ], [ 71.4511781, 51.1636823 ], [ 71.451775, 51.1634931 ], [ 71.4516366, 51.1633213 ] ] ], [ [ [ 71.4508433, 51.1637879 ], [ 71.4510491, 51.1637335 ], [ 71.4509825, 51.1636344 ], [ 71.450832514563032, 51.16364178752945 ], [ 71.450698814495794, 51.163677187453899 ], [ 71.450776514338855, 51.163792587500389 ], [ 71.4508433, 51.1637879 ] ] ], [ [ [ 71.45202419547465, 51.163770922356598 ], [ 71.452104044447481, 51.163876984294419 ], [ 71.4527719, 51.1638301 ], [ 71.4531347, 51.1637227 ], [ 71.4529903, 51.1635309 ], [ 71.452322449025218, 51.163577785482488 ], [ 71.451959647037597, 51.163685183435142 ], [ 71.452009066674421, 51.16375082698378 ], [ 71.4518971, 51.1636136 ], [ 71.451830314717725, 51.163618288097659 ], [ 71.451504148586451, 51.163732751014869 ], [ 71.451439514498858, 51.16373728787719 ], [ 71.451226514383535, 51.163799387756967 ], [ 71.451268414307165, 51.163855887781921 ], [ 71.4513352, 51.1638512 ], [ 71.4515482, 51.163789099999988 ], [ 71.451528994924928, 51.163763202961285 ], [ 71.451625914312814, 51.163881987986159 ], [ 71.4516927, 51.1638773 ], [ 71.45202419547465, 51.163770922356598 ] ] ], [ [ [ 71.450573914095898, 51.163944087387783 ], [ 71.4509725, 51.1639427 ], [ 71.451133, 51.1638979 ], [ 71.4510646, 51.1638014 ], [ 71.450997814346181, 51.16380608762676 ], [ 71.450649414226575, 51.163859787429203 ], [ 71.450536414167502, 51.163891287365402 ], [ 71.450573914095898, 51.163944087387783 ] ] ], [ [ [ 71.451419014048753, 51.164047787871382 ], [ 71.451473214027331, 51.164067187902624 ], [ 71.45154, 51.1640625 ], [ 71.451698300000018, 51.1640054 ], [ 71.4515641, 51.16385910000001 ], [ 71.451497314323476, 51.163863787912518 ], [ 71.451336014220061, 51.163921987821695 ], [ 71.451419014048753, 51.164047787871382 ] ] ], [ [ [ 71.4512325, 51.1640413 ], [ 71.4511782, 51.1639696 ], [ 71.451111414117463, 51.163974287694685 ], [ 71.450949414028216, 51.164022587603263 ], [ 71.451003713931428, 51.164094287635571 ], [ 71.4510705, 51.1640896 ], [ 71.4512325, 51.1640413 ] ] ], [ [ [ 71.450264113688192, 51.164200887216076 ], [ 71.4503309, 51.1641962 ], [ 71.4505339, 51.1641309 ], [ 71.4506772, 51.1640646 ], [ 71.4506157, 51.1639894 ], [ 71.450372713961713, 51.164020287274553 ], [ 71.450169813843004, 51.164085587160159 ], [ 71.450264113688192, 51.164200887216076 ] ] ], [ [ [ 71.4512638, 51.164078399999987 ], [ 71.451197013970983, 51.164083087745524 ], [ 71.451079613894478, 51.164126287679437 ], [ 71.451148313796693, 51.164199887719988 ], [ 71.4512151, 51.1641952 ], [ 71.4513325, 51.164152 ], [ 71.4512638, 51.164078399999987 ] ] ], [ [ [ 71.451834, 51.1641936 ], [ 71.4517306, 51.164066899999987 ], [ 71.451663814044082, 51.164071588011332 ], [ 71.451507513952933, 51.16412168792322 ], [ 71.451610913782659, 51.164248487984558 ], [ 71.4516777, 51.1642438 ], [ 71.451834, 51.1641936 ] ] ], [ [ [ 71.4508271, 51.164095499999988 ], [ 71.45076031389344, 51.164100187496956 ], [ 71.450595913794814, 51.1641547874043 ], [ 71.45068351365623, 51.164258287456185 ], [ 71.45075030000001, 51.1642536 ], [ 71.4509146, 51.1641989 ], [ 71.4508271, 51.164095499999988 ] ] ], [ [ [ 71.4506408, 51.1645563 ], [ 71.4507568, 51.1645175 ], [ 71.4506785, 51.1644256 ], [ 71.450617888596994, 51.164429854013825 ], [ 71.4507778, 51.1643546 ], [ 71.4507059, 51.164274 ], [ 71.450635426326485, 51.164279982829527 ], [ 71.4506726, 51.1642561 ], [ 71.4505995, 51.1641708 ], [ 71.45053271375734, 51.164175487368674 ], [ 71.450305013619328, 51.164252087240349 ], [ 71.450377413506132, 51.164336687283217 ], [ 71.450509446035014, 51.164324241354656 ], [ 71.450425913487649, 51.16435358731119 ], [ 71.450448213350654, 51.164450487325723 ], [ 71.450462013330124, 51.164465887333883 ], [ 71.450516769912326, 51.164462044318647 ], [ 71.450495713329587, 51.164469087353126 ], [ 71.450574013206577, 51.16456098739949 ], [ 71.4506408, 51.1645563 ] ] ], [ [ [ 71.4514255, 51.1642823 ], [ 71.4513845, 51.1642309 ], [ 71.451317713765746, 51.164235587817188 ], [ 71.451140013663775, 51.164291387716972 ], [ 71.451180913594769, 51.164342687741247 ], [ 71.4512477, 51.164338 ], [ 71.4514255, 51.1642823 ] ] ], [ [ [ 71.4518746, 51.1642283 ], [ 71.451807813828836, 51.164232988096472 ], [ 71.45167291375023, 51.164276188020416 ], [ 71.451741413637578, 51.164360088061031 ], [ 71.4518082, 51.1643554 ], [ 71.451943, 51.1643121 ], [ 71.4518746, 51.1642283 ] ] ], [ [ [ 71.451507, 51.1643866 ], [ 71.451440213556126, 51.164391287889963 ], [ 71.451292613465441, 51.164441787806801 ], [ 71.451346913382068, 51.164504187838915 ], [ 71.4514137, 51.1644995 ], [ 71.4515613, 51.1644491 ], [ 71.451507, 51.1643866 ] ] ], [ [ [ 71.451559, 51.1645117 ], [ 71.451492213382053, 51.164516387921971 ], [ 71.45132951328047, 51.164573187830314 ], [ 71.451400113174259, 51.164652787872051 ], [ 71.4514669, 51.1646481 ], [ 71.4516296, 51.1645913 ], [ 71.451559, 51.1645117 ] ] ], [ [ [ 71.450873, 51.1645487 ], [ 71.450806213245642, 51.164553387531676 ], [ 71.45063201315449, 51.164601987433322 ], [ 71.450687913047659, 51.164680787466672 ], [ 71.4507547, 51.1646761 ], [ 71.4509288, 51.1646275 ], [ 71.450873, 51.1645487 ] ] ], [ [ [ 71.4517738, 51.1647313 ], [ 71.4517101, 51.164655599999989 ], [ 71.451643313192903, 51.164660288010793 ], [ 71.451528813124398, 51.164698187946279 ], [ 71.451592513022973, 51.164773887984005 ], [ 71.4516593, 51.1647692 ], [ 71.4517738, 51.1647313 ] ] ], [ [ [ 71.4510257, 51.1646603 ], [ 71.45095891310325, 51.164664987620846 ], [ 71.450733112972259, 51.164736887493504 ], [ 71.450802412857385, 51.164822387534628 ], [ 71.4508692, 51.1648177 ], [ 71.451095, 51.1647458 ], [ 71.4510257, 51.1646603 ] ] ], [ [ [ 71.4518374, 51.1647789 ], [ 71.451770613030547, 51.164783588085697 ], [ 71.45161961295014, 51.164826688000446 ], [ 71.45165261288868, 51.164872088020104 ], [ 71.4517194, 51.164867399999984 ], [ 71.4518703, 51.164824199999984 ], [ 71.4518374, 51.1647789 ] ] ], [ [ [ 71.450922512671383, 51.164961487605687 ], [ 71.4509893, 51.1649568 ], [ 71.4512875, 51.1648629 ], [ 71.4512287, 51.164789399999989 ], [ 71.451016812901798, 51.164809587656563 ], [ 71.450844312802616, 51.164863887559278 ], [ 71.450922512671383, 51.164961487605687 ] ] ], [ [ [ 71.45118721263583, 51.165008387757453 ], [ 71.451265512563836, 51.16506488780314 ], [ 71.4513323, 51.1650602 ], [ 71.4515117, 51.1650056 ], [ 71.4514044, 51.1648668 ], [ 71.451337612851404, 51.164871487840571 ], [ 71.451156512750018, 51.164926587738393 ], [ 71.45118721263583, 51.165008387757453 ] ] ], [ [ [ 71.4519095, 51.1649051 ], [ 71.451842712857342, 51.164909788129172 ], [ 71.451691712761786, 51.16496338804415 ], [ 71.451748612677989, 51.165026288077733 ], [ 71.4518154, 51.1650216 ], [ 71.4519664, 51.164968 ], [ 71.4519095, 51.1649051 ] ] ], [ [ [ 71.4513301, 51.1651606 ], [ 71.4512745, 51.1650972 ], [ 71.451207712503489, 51.165101887770895 ], [ 71.451051512407176, 51.165155587682889 ], [ 71.451107112322347, 51.165219087715762 ], [ 71.4511739, 51.1652144 ], [ 71.4513301, 51.1651606 ] ] ], [ [ [ 71.4518481, 51.1653629 ], [ 71.4518574, 51.1653236 ], [ 71.4517668, 51.1652113 ], [ 71.451700012398618, 51.165215988053625 ], [ 71.451206512110758, 51.16537418777537 ], [ 71.451258112025897, 51.165437387805973 ], [ 71.451541, 51.1654138 ], [ 71.451657354999298, 51.165376464670246 ], [ 71.451676912129514, 51.165400688043967 ], [ 71.4517437, 51.165396 ], [ 71.4518481, 51.1653629 ] ] ], [ [ [ 71.4517329, 51.1654102 ], [ 71.451666112107745, 51.165414888038072 ], [ 71.451563812049372, 51.165446787980365 ], [ 71.451643311914538, 51.165546988027579 ], [ 71.4517101, 51.1655423 ], [ 71.4518124, 51.1655104 ], [ 71.4517329, 51.1654102 ] ] ], [ [ [ 71.4515908, 51.1656043 ], [ 71.4516536, 51.165588799999988 ], [ 71.45157, 51.165455599999987 ], [ 71.451321811936012, 51.165505087843556 ], [ 71.451389111789467, 51.165612387883961 ], [ 71.4515908, 51.1656043 ] ] ], [ [ [ 71.4507421, 51.1656535 ], [ 71.4509445, 51.1655877 ], [ 71.4508915, 51.1655235 ], [ 71.450688611799649, 51.165546487483454 ], [ 71.450605411750644, 51.165573487436554 ], [ 71.450675311636985, 51.165658187477987 ], [ 71.4507421, 51.1656535 ] ] ], [ [ [ 71.4504192, 51.1656707 ], [ 71.450352411573093, 51.165675387294272 ], [ 71.450226311499421, 51.165715887223172 ], [ 71.450282611406777, 51.165784887256571 ], [ 71.4503494, 51.1657802 ], [ 71.4504755, 51.1657397 ], [ 71.4504192, 51.1656707 ] ] ], [ [ [ 71.4502777, 51.1658183 ], [ 71.4502026, 51.1657207 ], [ 71.450135811474766, 51.165725387171783 ], [ 71.450017011408491, 51.165761387104752 ], [ 71.450031465118428, 51.165780127032775 ], [ 71.449973611370368, 51.165784187080448 ], [ 71.449821211282995, 51.16583198699449 ], [ 71.449893711160868, 51.16592278703753 ], [ 71.4499605, 51.1659181 ], [ 71.4501128, 51.1658704 ], [ 71.450103025746685, 51.165858128206082 ], [ 71.4502777, 51.1658183 ] ] ], [ [ [ 71.4507446, 51.1659272 ], [ 71.4509763, 51.1658545 ], [ 71.4508537, 51.16570080000001 ], [ 71.450586546240146, 51.165719549942104 ], [ 71.450354845708674, 51.16579224941939 ], [ 71.450477444881642, 51.165945949710505 ], [ 71.4507446, 51.1659272 ] ] ], [ [ [ 71.450955733130982, 51.166103563052637 ], [ 71.4511561, 51.1660895 ], [ 71.451330559221745, 51.166030083426847 ], [ 71.4520053, 51.1659915 ], [ 71.4530142, 51.165664 ], [ 71.452935662234566, 51.165568842605801 ], [ 71.4533351, 51.1655408 ], [ 71.4543457, 51.165238499999987 ], [ 71.4542281, 51.1650838 ], [ 71.453560228137192, 51.165130692830978 ], [ 71.452549622554741, 51.165432987128504 ], [ 71.45262359386156, 51.165530296927557 ], [ 71.452220620345443, 51.165558585277211 ], [ 71.451216872121904, 51.165884373118097 ], [ 71.451011334064248, 51.165892463135727 ], [ 71.450827233726613, 51.165955062824509 ], [ 71.450955733130982, 51.166103563052637 ] ] ], [ [ [ 71.4499803, 51.1660069 ], [ 71.449913511035248, 51.166011587050505 ], [ 71.449768710952242, 51.166056986968805 ], [ 71.44985341080924, 51.166163287019117 ], [ 71.4499202, 51.1661586 ], [ 71.4500651, 51.1661132 ], [ 71.4499803, 51.1660069 ] ] ], [ [ [ 71.4508079, 51.1659727 ], [ 71.45074111118474, 51.165977387521529 ], [ 71.450388410971897, 51.166095387322756 ], [ 71.450560410701058, 51.166297687424596 ], [ 71.4506272, 51.166293 ], [ 71.45098, 51.1661751 ], [ 71.4508079, 51.1659727 ] ] ], [ [ [ 71.4515849, 51.1662714 ], [ 71.4515159, 51.1661842 ], [ 71.451181954679214, 51.166207639265458 ], [ 71.45034455229424, 51.166468136903731 ], [ 71.450413551707385, 51.166555337108626 ], [ 71.4507475, 51.1665319 ], [ 71.4515849, 51.1662714 ] ] ], [ [ [ 71.4510615, 51.1667418 ], [ 71.450994710106542, 51.166746487680605 ], [ 71.450872710035981, 51.166785187611808 ], [ 71.450918309974142, 51.166831887638693 ], [ 71.4509851, 51.1668272 ], [ 71.4511058, 51.1667898 ], [ 71.4510615, 51.1667418 ] ] ], [ [ [ 71.450089707937693, 51.16749814865495 ], [ 71.450482401811172, 51.167470590129412 ], [ 71.450537208912507, 51.167536187434813 ], [ 71.450199008711479, 51.167647187244143 ], [ 71.450288508567596, 51.167754487297195 ], [ 71.4503553, 51.16774980000001 ], [ 71.4507975, 51.1676047 ], [ 71.450674372783382, 51.167457117472807 ], [ 71.4508912, 51.1674419 ], [ 71.4510859, 51.1673816 ], [ 71.451026509730937, 51.167245364821213 ], [ 71.4516529, 51.16720140000001 ], [ 71.4518433, 51.167142399999989 ], [ 71.4515898, 51.166820799999989 ], [ 71.450788319699441, 51.166877053291984 ], [ 71.450539317970737, 51.166956051606917 ], [ 71.450629014175149, 51.167061409836556 ], [ 71.450398411242347, 51.167077593693925 ], [ 71.4503535, 51.1670247 ], [ 71.450286709612925, 51.167029387282447 ], [ 71.449839413067679, 51.167180646871003 ], [ 71.450089707937693, 51.16749814865495 ] ] ], [ [ [ 71.4515405, 51.1677709 ], [ 71.4514226, 51.1676182 ], [ 71.451355808886618, 51.167622887903008 ], [ 71.451225208813682, 51.167662487829318 ], [ 71.451343108607631, 51.167815287899401 ], [ 71.4514099, 51.1678106 ], [ 71.4515405, 51.1677709 ] ] ], [ [ [ 71.4516081, 51.1678581 ], [ 71.451541308563151, 51.167862788013267 ], [ 71.451297508419287, 51.167942087875822 ], [ 71.451391908266189, 51.168056187931768 ], [ 71.4514587, 51.1680515 ], [ 71.4517024, 51.1679723 ], [ 71.4516081, 51.1678581 ] ] ], [ [ [ 71.4511788, 51.1680203 ], [ 71.451112008277263, 51.168024987771638 ], [ 71.450924008166552, 51.168085987665656 ], [ 71.451010008026984, 51.16818998771663 ], [ 71.4510768, 51.1681853 ], [ 71.4512648, 51.168124199999987 ], [ 71.4511788, 51.1680203 ] ] ], [ [ [ 71.450564107762759, 51.168335787465253 ], [ 71.4506309, 51.1683311 ], [ 71.450944, 51.1682293 ], [ 71.450832300000016, 51.1680943 ], [ 71.450765508128612, 51.168098987575561 ], [ 71.450619608042587, 51.168146387493302 ], [ 71.450483507893736, 51.168238187417465 ], [ 71.450564107762759, 51.168335787465253 ] ] ], [ [ [ 71.4519022, 51.1681065 ], [ 71.451835408240598, 51.168111188185591 ], [ 71.451573808086351, 51.168196188038081 ], [ 71.451664607939009, 51.168305988091923 ], [ 71.4517314, 51.1683013 ], [ 71.451993, 51.1682163 ], [ 71.4519022, 51.1681065 ] ] ], [ [ [ 71.4517202, 51.1683757 ], [ 71.451396460818287, 51.168398422620662 ], [ 71.4515353, 51.1683282 ], [ 71.4514492, 51.168224 ], [ 71.451382408016286, 51.168228687929627 ], [ 71.451089907843738, 51.168323787764699 ], [ 71.451014107760727, 51.168374987722487 ], [ 71.4510786076562, 51.168452887760722 ], [ 71.451207947208658, 51.168454318297428 ], [ 71.450142535475152, 51.168784036547066 ], [ 71.450259834466095, 51.168933836895512 ], [ 71.4505938, 51.1689104 ], [ 71.4518022, 51.1684821 ], [ 71.4517202, 51.1683757 ] ] ], [ [ [ 71.4504457, 51.1683725 ], [ 71.4503625, 51.1682834 ], [ 71.450295707799057, 51.168288087311375 ], [ 71.450035807630158, 51.168383387165051 ], [ 71.450119007511603, 51.168472587214154 ], [ 71.4501858, 51.1684679 ], [ 71.4504457, 51.1683725 ] ] ], [ [ [ 71.4510294, 51.1683965 ], [ 71.450962607716704, 51.168401187693618 ], [ 71.450791007615464, 51.168456987596869 ], [ 71.450863007498739, 51.168543987639566 ], [ 71.4509298, 51.1685393 ], [ 71.4511013, 51.1684835 ], [ 71.4510294, 51.1683965 ] ] ], [ [ [ 71.4504886, 51.1685497 ], [ 71.450421807430317, 51.168554387388291 ], [ 71.450238207322002, 51.168614087284773 ], [ 71.450303207216535, 51.168692687323293 ], [ 71.45037, 51.168688 ], [ 71.4505536, 51.1686283 ], [ 71.4504886, 51.1685497 ] ] ], [ [ [ 71.4520419, 51.1687378 ], [ 71.451975107347181, 51.168742488277161 ], [ 71.451680007195066, 51.168823188110494 ], [ 71.451759107054244, 51.168927488157543 ], [ 71.4518259, 51.1689228 ], [ 71.4521196, 51.168840399999986 ], [ 71.4520419, 51.1687378 ] ] ], [ [ [ 71.4516283, 51.1688457 ], [ 71.451561507141491, 51.168850388043474 ], [ 71.451314807010831, 51.168920287904172 ], [ 71.451396506857463, 51.169033487952873 ], [ 71.4514633, 51.169028799999985 ], [ 71.4517099, 51.1689589 ], [ 71.4516283, 51.1688457 ] ] ], [ [ [ 71.450853600000016, 51.1689035 ], [ 71.450786806964331, 51.168908187603016 ], [ 71.450565906838222, 51.16897708747841 ], [ 71.450846206362826, 51.169330287644847 ], [ 71.450913, 51.1693256 ], [ 71.4511326, 51.1692567 ], [ 71.450853600000016, 51.1689035 ] ] ], [ [ [ 71.452012106983801, 51.168997588303078 ], [ 71.451818606872834, 51.169058288193938 ], [ 71.452096106404611, 51.169406288358687 ], [ 71.4521629, 51.1694016 ], [ 71.4523564, 51.1693409 ], [ 71.4520789, 51.1689929 ], [ 71.452012106983801, 51.168997588303078 ] ] ], [ [ [ 71.4519437, 51.1692294 ], [ 71.4516097329834, 51.169252840772643 ], [ 71.451147231771046, 51.169382139466826 ], [ 71.451269930601541, 51.169554639832825 ], [ 71.4516039, 51.1695312 ], [ 71.452066400000021, 51.1694018 ], [ 71.4519437, 51.1692294 ] ] ], [ [ [ 71.4507508, 51.169356 ], [ 71.450544506227075, 51.169399087474183 ], [ 71.450640306041123, 51.169536087531384 ], [ 71.4508466, 51.169493099999983 ], [ 71.4507508, 51.169356 ] ] ], [ [ [ 71.4522868, 51.170625 ], [ 71.4521525, 51.1704628 ], [ 71.452085704872971, 51.170467488372857 ], [ 71.451450604498106, 51.170674088014763 ], [ 71.451585004280304, 51.170836388094436 ], [ 71.4516518, 51.1708317 ], [ 71.4522868, 51.170625 ] ] ], [ [ [ 71.4506094, 51.1707465 ], [ 71.450542604276947, 51.170751187498666 ], [ 71.449953903916054, 51.17095198716693 ], [ 71.450156003604789, 51.171184787286528 ], [ 71.4502228, 51.1711801 ], [ 71.4508114, 51.1709793 ], [ 71.4506094, 51.1707465 ] ] ], [ [ [ 71.4523066, 51.1707983 ], [ 71.452173008800742, 51.170807676896068 ], [ 71.451571208078363, 51.171007576217612 ], [ 71.451662307789775, 51.171115276325537 ], [ 71.4517959, 51.1711059 ], [ 71.4523977, 51.1709061 ], [ 71.4523066, 51.1707983 ] ] ], [ [ [ 71.4507617, 51.1712793 ], [ 71.4509216, 51.1712189 ], [ 71.450876207099654, 51.171171652183354 ], [ 71.4509891, 51.1711354 ], [ 71.450936578275901, 51.171077947193467 ], [ 71.451035003773399, 51.171141687786736 ], [ 71.4511018, 51.171137 ], [ 71.4512367, 51.1710913 ], [ 71.451118400000013, 51.170954 ], [ 71.451051604039336, 51.170958687792741 ], [ 71.450880579534854, 51.171016690737055 ], [ 71.450809403926485, 51.171016587655771 ], [ 71.450414903671046, 51.17116058743364 ], [ 71.450510503539121, 51.171260087490026 ], [ 71.45069490352698, 51.171283987595565 ], [ 71.4507617, 51.1712793 ] ] ], [ [ [ 71.4518327, 51.1719293 ], [ 71.451718, 51.1717904 ], [ 71.451651202905666, 51.171795088150304 ], [ 71.451425390460017, 51.171868398151361 ], [ 71.451417114648464, 51.171802991907967 ], [ 71.4515444, 51.1717617 ], [ 71.4514543, 51.1716526 ], [ 71.451389589443721, 51.171657141570563 ], [ 71.4513355, 51.1715917 ], [ 71.451268703145914, 51.171596387928531 ], [ 71.451082395236043, 51.171656852144203 ], [ 71.451204098469461, 51.171522144702109 ], [ 71.451239803187264, 51.17156528791147 ], [ 71.4513066, 51.1715606 ], [ 71.4515201, 51.1714911 ], [ 71.4513121, 51.1712398 ], [ 71.451245303650595, 51.171244487908538 ], [ 71.451076603551002, 51.171299387813406 ], [ 71.451097623956016, 51.171347073265714 ], [ 71.4508198, 51.1713029 ], [ 71.450753003499997, 51.171307587629116 ], [ 71.450623003423232, 51.171349887555827 ], [ 71.450916402947485, 51.171704387729754 ], [ 71.450956643056188, 51.171701563736249 ], [ 71.451279102432238, 51.172092087943824 ], [ 71.4513459, 51.172087399999988 ], [ 71.4518327, 51.1719293 ] ] ], [ [ [ 71.4509749, 51.1719694 ], [ 71.4506499, 51.1715827 ], [ 71.450583103075857, 51.171587387537571 ], [ 71.450409402972056, 51.171644787439639 ], [ 71.450734302453668, 51.172031487632161 ], [ 71.4508011, 51.1720268 ], [ 71.4509749, 51.1719694 ] ] ], [ [ [ 71.450545402067178, 51.172283587529257 ], [ 71.450900801458147, 51.172735687740378 ], [ 71.4509676, 51.172731 ], [ 71.451375200000015, 51.1726051 ], [ 71.451497, 51.1725046 ], [ 71.4514925, 51.1723464 ], [ 71.4514233, 51.1722583 ], [ 71.4512276, 51.172154 ], [ 71.451102, 51.1721275 ], [ 71.451035202344869, 51.172132187805566 ], [ 71.450545402067178, 51.172283587529257 ] ] ], [ [ [ 71.450364, 51.17259450000001 ], [ 71.4502763, 51.1724814 ], [ 71.450209501734435, 51.172486087341632 ], [ 71.4500942016697, 51.172521287276574 ], [ 71.450181901517198, 51.172634387328699 ], [ 71.4502487, 51.172629699999987 ], [ 71.450364, 51.17259450000001 ] ] ], [ [ [ 71.4505751, 51.172474 ], [ 71.450508301781284, 51.172478687511799 ], [ 71.45033520167955, 51.172534687414192 ], [ 71.450487001431966, 51.172719087504198 ], [ 71.4505538, 51.1727144 ], [ 71.4507269, 51.1726584 ], [ 71.4505751, 51.172474 ] ] ], [ [ [ 71.452454, 51.172631899999985 ], [ 71.452387201781121, 51.172636588585725 ], [ 71.451999601565433, 51.172753588367037 ], [ 71.452079001426029, 51.172856888414238 ], [ 71.4521458, 51.1728522 ], [ 71.4525334, 51.1727352 ], [ 71.452454, 51.172631899999985 ] ] ], [ [ [ 71.451895, 51.172801099999987 ], [ 71.451828201469354, 51.172805788270317 ], [ 71.451421001243773, 51.172927988040527 ], [ 71.451570600979338, 51.173123888129503 ], [ 71.4516374, 51.1731192 ], [ 71.4520445, 51.172997 ], [ 71.451895, 51.172801099999987 ] ] ], [ [ [ 71.450766200793211, 51.17318538767217 ], [ 71.450888000702093, 51.173258787742974 ], [ 71.4509548, 51.1732541 ], [ 71.4511327, 51.1731962 ], [ 71.4511516, 51.1731608 ], [ 71.4510672, 51.1730387 ], [ 71.451000401026391, 51.17304338780297 ], [ 71.450723300862748, 51.173133587646724 ], [ 71.450766200793211, 51.17318538767217 ] ] ], [ [ [ 71.450300500421505, 51.173403987410843 ], [ 71.450368500403329, 51.173422287449966 ], [ 71.4504353, 51.1734176 ], [ 71.45075, 51.1733218 ], [ 71.4506294, 51.173166 ], [ 71.450562600789752, 51.173170687555846 ], [ 71.450251800615675, 51.17326528738046 ], [ 71.450243600520494, 51.173330587377031 ], [ 71.450300500421505, 51.173403987410843 ] ] ], [ [ [ 71.450658598759802, 51.17402316299399 ], [ 71.450859, 51.1740091 ], [ 71.4524522, 51.1734751 ], [ 71.4522429, 51.1732027 ], [ 71.452176100932249, 51.173207388476222 ], [ 71.450791452216748, 51.173625349316985 ], [ 71.450701, 51.1735281 ], [ 71.450500600783826, 51.173542162696535 ], [ 71.450307400437126, 51.173606062369771 ], [ 71.450658598759802, 51.17402316299399 ] ] ], [ [ [ 71.4524762, 51.1464421 ], [ 71.452409439529859, 51.146446788102594 ], [ 71.452328539349693, 51.146565088058729 ], [ 71.452504639302745, 51.14661248815996 ], [ 71.4525714, 51.1466078 ], [ 71.4526524, 51.1464895 ], [ 71.4524762, 51.1464421 ] ] ], [ [ [ 71.4527546, 51.1464972 ], [ 71.452687839484213, 51.146501888262257 ], [ 71.452595539278761, 51.146636788212227 ], [ 71.452940639186735, 51.146729688410623 ], [ 71.4530074, 51.146725 ], [ 71.4530997, 51.1465901 ], [ 71.4527546, 51.1464972 ] ] ], [ [ [ 71.4521777, 51.1467167 ], [ 71.452004, 51.1466706 ], [ 71.451937239143632, 51.146675287837859 ], [ 71.451845138935596, 51.146811987787984 ], [ 71.452018938890234, 51.146858087887878 ], [ 71.4520857, 51.1468534 ], [ 71.4521777, 51.1467167 ] ] ], [ [ [ 71.4522875, 51.146740699999988 ], [ 71.452220739076978, 51.146745388000717 ], [ 71.45212133885714, 51.146889687946825 ], [ 71.45231913880373, 51.146943388060535 ], [ 71.4523859, 51.1469387 ], [ 71.4524854, 51.1467943 ], [ 71.4522875, 51.146740699999988 ] ] ], [ [ [ 71.4525294, 51.1468271 ], [ 71.452462638981828, 51.14683178814019 ], [ 71.452394238828958, 51.146932188103115 ], [ 71.452631738765959, 51.146995888239658 ], [ 71.452698500000011, 51.1469912 ], [ 71.4527669, 51.1468909 ], [ 71.4525294, 51.1468271 ] ] ], [ [ [ 71.4516144, 51.1469823 ], [ 71.4514063, 51.1469242 ], [ 71.451339538706051, 51.146928887502106 ], [ 71.45125873853236, 51.14704268745821 ], [ 71.451466738473741, 51.147100887577842 ], [ 71.4515335, 51.1470962 ], [ 71.4516144, 51.1469823 ] ] ], [ [ [ 71.4517603, 51.1470384 ], [ 71.451693538584422, 51.14704308770596 ], [ 71.451619138423752, 51.147148387665581 ], [ 71.451779238379061, 51.147192887757633 ], [ 71.451846, 51.1471882 ], [ 71.4519204, 51.1470829 ], [ 71.4517603, 51.1470384 ] ] ], [ [ [ 71.4520022, 51.1471021 ], [ 71.451935438521957, 51.147106787845011 ], [ 71.451865338362964, 51.147211287807046 ], [ 71.452084538306252, 51.147269087933033 ], [ 71.4521513, 51.1472644 ], [ 71.4522214, 51.1471599 ], [ 71.4520022, 51.1471021 ] ] ], [ [ [ 71.4509664, 51.147174199999988 ], [ 71.450899638292753, 51.147178887256189 ], [ 71.450824738118783, 51.147293387215676 ], [ 71.450992738076749, 51.147336687312212 ], [ 71.4510595, 51.147332 ], [ 71.4511345, 51.1472175 ], [ 71.4509664, 51.147174199999988 ] ] ], [ [ [ 71.4523554, 51.1471624 ], [ 71.452288638477867, 51.147167088047397 ], [ 71.452193738267468, 51.14730518799594 ], [ 71.45232123823321, 51.147339688069238 ], [ 71.452388, 51.147335 ], [ 71.452483, 51.1471969 ], [ 71.4523554, 51.1471624 ] ] ], [ [ [ 71.451218, 51.1472416 ], [ 71.451151238226132, 51.147246287400819 ], [ 71.451065038030194, 51.147375087354142 ], [ 71.451254337980814, 51.147425287462951 ], [ 71.4513211, 51.1474206 ], [ 71.4514067, 51.1472917 ], [ 71.451218, 51.1472416 ] ] ], [ [ [ 71.4526988, 51.1472993 ], [ 71.452632038322264, 51.14730398824566 ], [ 71.45254983814452, 51.147420488201021 ], [ 71.452735438095544, 51.147470088307706 ], [ 71.4528022, 51.1474654 ], [ 71.4528844, 51.147349 ], [ 71.4526988, 51.1472993 ] ] ], [ [ [ 71.4517581, 51.1473904 ], [ 71.4515658, 51.147338 ], [ 71.451499038129384, 51.147342687600812 ], [ 71.451390737886271, 51.147502387542126 ], [ 71.45158303783623, 51.147553287652677 ], [ 71.4516498, 51.1475486 ], [ 71.451662328793304, 51.147530298534583 ], [ 71.451830337838942, 51.147572187793934 ], [ 71.4518971, 51.1475675 ], [ 71.4519685, 51.1474566 ], [ 71.4517807, 51.1474103 ], [ 71.451742647888281, 51.147412971853399 ], [ 71.4517581, 51.1473904 ] ] ], [ [ [ 71.4521275, 51.147487 ], [ 71.452060737982777, 51.147491687923697 ], [ 71.451974337788101, 51.147619587876889 ], [ 71.452129737747441, 51.147660887966211 ], [ 71.4521965, 51.1476562 ], [ 71.4522829, 51.1475283 ], [ 71.4521275, 51.147487 ] ] ], [ [ [ 71.451177, 51.1476246 ], [ 71.45101, 51.147581 ], [ 71.450943237712139, 51.147585687288732 ], [ 71.450862637527393, 51.147707187245111 ], [ 71.4510295374848, 51.147750787341018 ], [ 71.4510963, 51.1477461 ], [ 71.451177, 51.1476246 ] ] ], [ [ [ 71.4524445, 51.14757 ], [ 71.4523777379016, 51.147574688105891 ], [ 71.45228633769149, 51.147712888056418 ], [ 71.452503637636426, 51.14776938818131 ], [ 71.4525704, 51.1477647 ], [ 71.4526618, 51.1476266 ], [ 71.4524445, 51.14757 ] ] ], [ [ [ 71.4513332, 51.1477025 ], [ 71.451266437576251, 51.147707187475206 ], [ 71.451201937388575, 51.147832087440783 ], [ 71.4513738373591, 51.147866987539409 ], [ 71.4514406, 51.1478623 ], [ 71.4515051, 51.1477375 ], [ 71.4513332, 51.1477025 ] ] ], [ [ [ 71.451813, 51.147785 ], [ 71.4516077, 51.1477377 ], [ 71.451540937558789, 51.147742387632263 ], [ 71.451454537335735, 51.14788998758582 ], [ 71.451659837292468, 51.147937287703691 ], [ 71.4517266, 51.147932600000011 ], [ 71.451813, 51.147785 ] ] ], [ [ [ 71.4518905, 51.1479296 ], [ 71.451823737316616, 51.147934287797035 ], [ 71.451762437158123, 51.148039187764098 ], [ 71.451936737121471, 51.148079287864157 ], [ 71.4520035, 51.1480746 ], [ 71.4520648, 51.1479696 ], [ 71.4518905, 51.1479296 ] ] ], [ [ [ 71.4521909, 51.1479054 ], [ 71.452124137387841, 51.147910087967738 ], [ 71.45204343718882, 51.148041487924253 ], [ 71.452302337129993, 51.148104088072948 ], [ 71.4523691, 51.148099399999985 ], [ 71.4524498, 51.147968 ], [ 71.4521909, 51.1479054 ] ] ], [ [ [ 71.4512389, 51.1480281 ], [ 71.451172137095895, 51.14803278742761 ], [ 71.451085636891264, 51.148167587380875 ], [ 71.451275436845251, 51.148215487489942 ], [ 71.4513422, 51.1482108 ], [ 71.4514286, 51.148076 ], [ 71.4512389, 51.1480281 ] ] ], [ [ [ 71.4529432, 51.1479913 ], [ 71.452876437355201, 51.147995988398016 ], [ 71.45277033713667, 51.148138788340276 ], [ 71.453006837065629, 51.148207988476329 ], [ 71.4530736, 51.148203299999984 ], [ 71.4531797, 51.1480605 ], [ 71.4529432, 51.1479913 ] ] ], [ [ [ 71.451494, 51.1481147 ], [ 71.451427237002036, 51.148119387574617 ], [ 71.451362636823688, 51.14823778754004 ], [ 71.451613979712008, 51.148281051656326 ], [ 71.451535136600995, 51.148406887641528 ], [ 71.451692536564039, 51.148445787731958 ], [ 71.4517593, 51.1484411 ], [ 71.4518401, 51.1483123 ], [ 71.451682600000012, 51.1482734 ], [ 71.451644809027314, 51.14827605344513 ], [ 71.4517078, 51.1481607 ], [ 71.451494, 51.1481147 ] ] ], [ [ [ 71.4531138, 51.1483454 ], [ 71.4529086, 51.1482889 ], [ 71.452841836922374, 51.148293588383943 ], [ 71.452745036704826, 51.148436488331491 ], [ 71.452950236650452, 51.148491488449444 ], [ 71.453017, 51.1484868 ], [ 71.4531138, 51.1483454 ] ] ], [ [ [ 71.4513459, 51.1483841 ], [ 71.451279136596085, 51.148388787495321 ], [ 71.451181936386419, 51.148526187442528 ], [ 71.451347236340169, 51.148572187537589 ], [ 71.451414, 51.1485675 ], [ 71.4515112, 51.1484302 ], [ 71.4513459, 51.1483841 ] ] ], [ [ [ 71.451511, 51.1485261 ], [ 71.451444236411533, 51.14853078759208 ], [ 71.451378636243149, 51.148642187556803 ], [ 71.451551136206419, 51.148682187655844 ], [ 71.4516179, 51.148677499999984 ], [ 71.4516835, 51.148566099999982 ], [ 71.451511, 51.1485261 ] ] ], [ [ [ 71.4521213, 51.1486477 ], [ 71.4519493, 51.148602 ], [ 71.451882536355257, 51.148606687843255 ], [ 71.451798636166231, 51.148730887797811 ], [ 71.451970736121226, 51.148776587896734 ], [ 71.4520375, 51.1487719 ], [ 71.4521213, 51.1486477 ] ] ], [ [ [ 71.4523982, 51.148655 ], [ 71.452331436333282, 51.148659688100039 ], [ 71.452269936168548, 51.148768888067082 ], [ 71.452459936130907, 51.14881098817613 ], [ 71.4525267, 51.148806299999983 ], [ 71.4525882, 51.1486971 ], [ 71.4523982, 51.148655 ] ] ], [ [ [ 71.4513657, 51.1487208 ], [ 71.451298936113517, 51.148725487512976 ], [ 71.451211935904666, 51.148863187466013 ], [ 71.451418935855543, 51.148914687584934 ], [ 71.4514857, 51.14891 ], [ 71.4515728, 51.1487723 ], [ 71.4513657, 51.1487208 ] ] ], [ [ [ 71.4521858, 51.1488779 ], [ 71.4518894, 51.14879950000001 ], [ 71.451822636063554, 51.148804187812878 ], [ 71.451736835869511, 51.148931687766392 ], [ 71.45203323579247, 51.149010087936752 ], [ 71.4521, 51.1490054 ], [ 71.4521858, 51.1488779 ] ] ], [ [ [ 71.4524584, 51.1488316 ], [ 71.45239163608619, 51.148836288137687 ], [ 71.452300835886092, 51.148967588088439 ], [ 71.45245433584445, 51.149009388176694 ], [ 71.4525211, 51.1490047 ], [ 71.4526119, 51.1488733 ], [ 71.4524584, 51.1488316 ] ] ], [ [ [ 71.4512522, 51.1489009 ], [ 71.451185435840372, 51.148905587451715 ], [ 71.451104735623758, 51.149049187408444 ], [ 71.451313735582517, 51.149095387528405 ], [ 71.4513805, 51.1490907 ], [ 71.4514612, 51.1489471 ], [ 71.4512522, 51.1489009 ] ] ], [ [ [ 71.4523463, 51.1490103 ], [ 71.452279535815236, 51.149014988077212 ], [ 71.452194035629446, 51.149136788030795 ], [ 71.452336035590164, 51.149175988112432 ], [ 71.4524028, 51.149171299999985 ], [ 71.4524882, 51.1490495 ], [ 71.4523463, 51.1490103 ] ] ], [ [ [ 71.4516748, 51.1490195 ], [ 71.451608035720696, 51.149024187694749 ], [ 71.451521635525737, 51.149152287647929 ], [ 71.451701135478871, 51.149199887751124 ], [ 71.4517679, 51.1491952 ], [ 71.4518543, 51.1490672 ], [ 71.4516748, 51.1490195 ] ] ], [ [ [ 71.4510747, 51.1491762 ], [ 71.451007935422354, 51.149180887355769 ], [ 71.450926035226487, 51.149309987311568 ], [ 71.451088035187766, 51.149350487404639 ], [ 71.4511548, 51.1493458 ], [ 71.4512368, 51.1492167 ], [ 71.4510747, 51.1491762 ] ] ], [ [ [ 71.4521922, 51.149167 ], [ 71.452125435570863, 51.149171687992371 ], [ 71.452059035399927, 51.149284787956674 ], [ 71.452218935366133, 51.149321688048474 ], [ 71.4522857, 51.149317 ], [ 71.452352100000013, 51.149204 ], [ 71.4521922, 51.149167 ] ] ], [ [ [ 71.4517609, 51.1492528 ], [ 71.4515518, 51.149208499999986 ], [ 71.451485035433578, 51.149213187628256 ], [ 71.451415935240405, 51.149341487591307 ], [ 71.451462338824541, 51.14935131873942 ], [ 71.451407235219619, 51.149355187586607 ], [ 71.451321134991986, 51.149505987540394 ], [ 71.451520434951732, 51.149550687654802 ], [ 71.4515872, 51.149546 ], [ 71.4516733, 51.1493953 ], [ 71.451629567294063, 51.149385469503827 ], [ 71.4516918, 51.1493811 ], [ 71.4517609, 51.1492528 ] ] ], [ [ [ 71.4520891, 51.1493705 ], [ 71.452022335265255, 51.14937518793748 ], [ 71.451943035107575, 51.149477987894223 ], [ 71.452090235061164, 51.149522587978936 ], [ 71.452157, 51.149517899999985 ], [ 71.4522362, 51.1494152 ], [ 71.4520891, 51.1493705 ] ] ], [ [ [ 71.4530522, 51.149476300000011 ], [ 71.452924, 51.1494297 ], [ 71.452857235281058, 51.149434388414313 ], [ 71.452809035199891, 51.149486688387846 ], [ 71.45293723514844, 51.149533188461767 ], [ 71.453004, 51.1495285 ], [ 71.4530522, 51.149476300000011 ] ] ], [ [ [ 71.4519739, 51.149489499999987 ], [ 71.451907135079921, 51.149494187874069 ], [ 71.451815934898178, 51.149612687824359 ], [ 71.452007134837928, 51.149670587934402 ], [ 71.4520739, 51.1496659 ], [ 71.4521651, 51.1495473 ], [ 71.4519739, 51.149489499999987 ] ] ], [ [ [ 71.4513328, 51.1495124 ], [ 71.451266034969336, 51.149517087509217 ], [ 71.451169834740611, 51.149667787457261 ], [ 71.451403234683738, 51.149726887591363 ], [ 71.45147, 51.1497222 ], [ 71.451568100000017, 51.1495716 ], [ 71.4513328, 51.1495124 ] ] ], [ [ [ 71.4520444, 51.1496961 ], [ 71.4518618, 51.1496462 ], [ 71.451795034840629, 51.149650887813173 ], [ 71.451697634626314, 51.149791487760325 ], [ 71.451879634576883, 51.149841087864978 ], [ 71.4519464, 51.1498364 ], [ 71.4520444, 51.1496961 ] ] ], [ [ [ 71.4527283, 51.1497895 ], [ 71.452661534739093, 51.14979418830962 ], [ 71.452580634564669, 51.149908488265702 ], [ 71.452680134536806, 51.149936188322904 ], [ 71.4527469, 51.1499315 ], [ 71.4528279, 51.1498172 ], [ 71.4527283, 51.1497895 ] ] ], [ [ [ 71.4512269, 51.1500013 ], [ 71.451160134252277, 51.15000598745813 ], [ 71.451100334085581, 51.150116687426149 ], [ 71.451402034029769, 51.150180787599268 ], [ 71.4514688, 51.1501761 ], [ 71.4515286, 51.1500654 ], [ 71.4512269, 51.1500013 ] ] ], [ [ [ 71.4512937, 51.1503751 ], [ 71.451226933721898, 51.150379787503255 ], [ 71.451153033565163, 51.1504823874631 ], [ 71.451310933519878, 51.150527087553911 ], [ 71.4513777, 51.1505224 ], [ 71.4514515, 51.1504199 ], [ 71.4512937, 51.1503751 ] ] ], [ [ [ 71.4518267, 51.1501361 ], [ 71.451693168246564, 51.150145475566944 ], [ 71.451118565857399, 51.150926474941677 ], [ 71.451471265648621, 51.151028575347489 ], [ 71.4516048, 51.1510192 ], [ 71.4521794, 51.1502382 ], [ 71.4518267, 51.1501361 ] ] ], [ [ [ 71.4526962, 51.1503844 ], [ 71.452629433878286, 51.150389088302589 ], [ 71.452128332862415, 51.151052188029624 ], [ 71.452206432838452, 51.15107538807456 ], [ 71.4522732, 51.1510707 ], [ 71.4527742, 51.1504076 ], [ 71.4526962, 51.1503844 ] ] ], [ [ [ 71.4528755, 51.151648 ], [ 71.4501901, 51.150870500000011 ], [ 71.450123332874711, 51.150875186883788 ], [ 71.44950483162205, 51.151692786546825 ], [ 71.452191430815901, 51.152478088092565 ], [ 71.4522582, 51.1524734 ], [ 71.4528755, 51.151648 ] ] ], [ [ [ 71.4526724, 51.1534664 ], [ 71.4526762, 51.153418 ], [ 71.452502, 51.1533419 ], [ 71.451964329555878, 51.153333587979361 ], [ 71.451957629376992, 51.153457187977885 ], [ 71.4526724, 51.1534664 ] ] ], [ [ [ 71.4525573, 51.1539262 ], [ 71.4520076, 51.153492 ], [ 71.4517567, 51.1534835 ], [ 71.451556387855263, 51.153497563363899 ], [ 71.45154038665261, 51.153774463352264 ], [ 71.452249185923236, 51.15400276457693 ], [ 71.4524495, 51.1539887 ], [ 71.4525573, 51.1539262 ] ] ], [ [ [ 71.4531652, 51.1559195 ], [ 71.4531049, 51.1558841 ], [ 71.453038126004245, 51.155888788639636 ], [ 71.452932625889318, 51.15595968858085 ], [ 71.452993025845771, 51.155994988615944 ], [ 71.4530598, 51.1559903 ], [ 71.4531652, 51.1559195 ] ] ], [ [ [ 71.4529482, 51.1559743 ], [ 71.45288142585531, 51.155978988552043 ], [ 71.452660625626834, 51.156118988428872 ], [ 71.452761225540456, 51.156187388487496 ], [ 71.452828, 51.1561827 ], [ 71.4530609, 51.1560549 ], [ 71.4529482, 51.1559743 ] ] ], [ [ [ 71.4529613, 51.1562676 ], [ 71.45262742702289, 51.156291042445716 ], [ 71.452624426366867, 51.156381842445761 ], [ 71.453761927007335, 51.156388545687477 ], [ 71.4540958, 51.1563651 ], [ 71.4540973, 51.1562676 ], [ 71.4529613, 51.1562676 ] ] ], [ [ [ 71.453442, 51.1564967 ], [ 71.453295125156103, 51.156498988797651 ], [ 71.453289825053588, 51.156569688795976 ], [ 71.4534366, 51.1565674 ], [ 71.453442, 51.1564967 ] ] ], [ [ [ 71.4523343, 51.1566436 ], [ 71.452000423934223, 51.156667040694792 ], [ 71.45200192320597, 51.156768240708637 ], [ 71.453147023858207, 51.156773943971928 ], [ 71.4534809, 51.1567505 ], [ 71.4534778, 51.156647399999983 ], [ 71.4523343, 51.1566436 ] ] ], [ [ [ 71.4529645, 51.15686010000001 ], [ 71.45273142456071, 51.156864788483347 ], [ 71.45273142448319, 51.156918588484366 ], [ 71.4529645, 51.1569139 ], [ 71.4529645, 51.15686010000001 ] ] ], [ [ [ 71.452943283306965, 51.157018682746838 ], [ 71.4529412, 51.1569601 ], [ 71.452680024406646, 51.156967388455996 ], [ 71.452635224333505, 51.157014388431357 ], [ 71.452636524279754, 51.157051788432803 ], [ 71.452682224204011, 51.157108188459915 ], [ 71.452891401040674, 51.157104547639321 ], [ 71.452863417167137, 51.157678743249541 ], [ 71.453047517253381, 51.157682243774424 ], [ 71.4533814, 51.1576588 ], [ 71.4534134, 51.1570022 ], [ 71.4532293, 51.1569986 ], [ 71.452943283306965, 51.157018682746838 ] ] ], [ [ [ 71.4517681, 51.1576319 ], [ 71.451434216470489, 51.157655339175022 ], [ 71.451429715618957, 51.157773139173344 ], [ 71.452460816132941, 51.157788442112754 ], [ 71.4527947, 51.157765 ], [ 71.4527992, 51.1576472 ], [ 71.4517681, 51.1576319 ] ] ], [ [ [ 71.4530919, 51.1579423 ], [ 71.452758323005298, 51.15794638851915 ], [ 71.452742222632423, 51.158203788514847 ], [ 71.4530799, 51.1582008 ], [ 71.4530919, 51.1579423 ] ] ], [ [ [ 71.454383868458365, 51.158222268466098 ], [ 71.4545842, 51.1582082 ], [ 71.4545872, 51.1580308 ], [ 71.4535329, 51.158023899999989 ], [ 71.453332568873165, 51.158037966658313 ], [ 71.453332322799952, 51.158052514062412 ], [ 71.45311714578267, 51.158060777489574 ], [ 71.453098844248913, 51.158591377488811 ], [ 71.4535034, 51.1585857 ], [ 71.453516199947984, 51.15821658911068 ], [ 71.454383868458365, 51.158222268466098 ] ] ], [ [ [ 71.452654, 51.1583973 ], [ 71.4524661, 51.1583922 ], [ 71.452132211414607, 51.158415641235841 ], [ 71.452086806662933, 51.159071241168519 ], [ 71.452274606739138, 51.15907644170413 ], [ 71.4526085, 51.159053 ], [ 71.452654, 51.1583973 ] ] ], [ [ [ 71.4530129, 51.159157399999984 ], [ 71.452946121276028, 51.15916208864919 ], [ 71.452570421065516, 51.159276588437265 ], [ 71.452668420895222, 51.159402988495494 ], [ 71.4527352, 51.1593983 ], [ 71.4531108, 51.1592837 ], [ 71.4530129, 51.159157399999984 ] ] ], [ [ [ 71.4524335, 51.1593354 ], [ 71.452054220804698, 51.159414188145689 ], [ 71.452083720736766, 51.159463788163443 ], [ 71.4521505, 51.1594591 ], [ 71.452463, 51.1593825 ], [ 71.4524335, 51.1593354 ] ] ], [ [ [ 71.4533937, 51.15963570000001 ], [ 71.45321370000002, 51.1593898 ], [ 71.453146920965409, 51.159394488768029 ], [ 71.452819720790018, 51.159488688583345 ], [ 71.452999720457427, 51.159734588690583 ], [ 71.4530665, 51.1597299 ], [ 71.4533937, 51.15963570000001 ] ] ], [ [ [ 71.4521317, 51.1594659 ], [ 71.451887920640274, 51.159514288052819 ], [ 71.452146720077664, 51.159926388208099 ], [ 71.4523905, 51.1598779 ], [ 71.4521317, 51.1594659 ] ] ], [ [ [ 71.4528583, 51.1596112 ], [ 71.452791520603284, 51.159615888569675 ], [ 71.452500820445408, 51.159700988405639 ], [ 71.452613420240851, 51.159852388472672 ], [ 71.4526802, 51.1598477 ], [ 71.452971, 51.1597626 ], [ 71.4528583, 51.1596112 ] ] ], [ [ [ 71.4525633, 51.1598626 ], [ 71.452496520205202, 51.159867288406332 ], [ 71.452237920030626, 51.15996668826083 ], [ 71.452339819892657, 51.160070988320875 ], [ 71.4524066, 51.1600663 ], [ 71.4526653, 51.1599669 ], [ 71.4525633, 51.1598626 ] ] ], [ [ [ 71.4535516, 51.160015399999985 ], [ 71.453324220038951, 51.160052188881515 ], [ 71.453367219922228, 51.160136788907629 ], [ 71.4535946, 51.1601 ], [ 71.4535516, 51.160015399999985 ] ] ], [ [ [ 71.4531473, 51.1600856 ], [ 71.452930319881872, 51.160128088658482 ], [ 71.453007719717121, 51.160248888704885 ], [ 71.4532247, 51.1602064 ], [ 71.4531473, 51.1600856 ] ] ], [ [ [ 71.4536862, 51.1604939 ], [ 71.4536019, 51.1603882 ], [ 71.453535119573445, 51.160392889008165 ], [ 71.453414719504536, 51.160430588940251 ], [ 71.453499019362411, 51.160536288990315 ], [ 71.4535658, 51.1605316 ], [ 71.4536862, 51.1604939 ] ] ], [ [ [ 71.45320491941844, 51.1604726888215 ], [ 71.452886019256738, 51.160558088641373 ], [ 71.452946919153987, 51.16063448867753 ], [ 71.4530137, 51.1606298 ], [ 71.453152705245671, 51.160586232489834 ], [ 71.453161919232926, 51.160597788799372 ], [ 71.4532287, 51.1605931 ], [ 71.4533429, 51.1605573 ], [ 71.4532717, 51.160468 ], [ 71.45320491941844, 51.1604726888215 ] ] ], [ [ [ 71.4536968, 51.1608718 ], [ 71.4535985, 51.160748399999989 ], [ 71.453531719053871, 51.160753089013042 ], [ 71.453402318979684, 51.160793688940068 ], [ 71.453500718813729, 51.160917088998481 ], [ 71.4535675, 51.1609124 ], [ 71.4536968, 51.1608718 ] ] ], [ [ [ 71.4534337, 51.1608545 ], [ 71.453366918880988, 51.160859188921137 ], [ 71.453199718785058, 51.160911688826857 ], [ 71.45326471867547, 51.160993188865447 ], [ 71.4533315, 51.1609885 ], [ 71.4534987, 51.1609361 ], [ 71.4534337, 51.1608545 ] ] ], [ [ [ 71.4532263, 51.16102260000001 ], [ 71.4531616, 51.1609415 ], [ 71.453094818722633, 51.16094618876771 ], [ 71.452947618638348, 51.160992288684703 ], [ 71.452969896476262, 51.161020213552703 ], [ 71.452729518476019, 51.161086588562192 ], [ 71.452799018358746, 51.161173788603442 ], [ 71.4528658, 51.161169099999988 ], [ 71.4530694, 51.1611052 ], [ 71.453042371953813, 51.161071278678776 ], [ 71.4532263, 51.16102260000001 ] ] ], [ [ [ 71.4519826, 51.1628127 ], [ 71.451761715870887, 51.162812588043316 ], [ 71.451755915732505, 51.162908088041803 ], [ 71.4519768, 51.1629062 ], [ 71.4519826, 51.1628127 ] ] ], [ [ [ 71.4534902, 51.1630448 ], [ 71.453277515659892, 51.163086288912368 ], [ 71.45333701553362, 51.163178888948039 ], [ 71.4535496, 51.163137399999982 ], [ 71.4534902, 51.1630448 ] ] ], [ [ [ 71.4536842, 51.1632676 ], [ 71.4536068, 51.1631653 ], [ 71.453540015571051, 51.163169989063569 ], [ 71.453387015486925, 51.163215488977215 ], [ 71.453464415348833, 51.163317789023274 ], [ 71.4535312, 51.163313099999989 ], [ 71.4536842, 51.1632676 ] ] ], [ [ [ 71.4538375, 51.163311 ], [ 71.45377071538897, 51.163315689197802 ], [ 71.453522515242852, 51.163396189057877 ], [ 71.453598715118872, 51.163488589103046 ], [ 71.4536655, 51.1634839 ], [ 71.4539137, 51.1634034 ], [ 71.4538375, 51.163311 ] ] ], [ [ [ 71.45382810000001, 51.163485399999985 ], [ 71.453761315136418, 51.163490089195733 ], [ 71.453627815062731, 51.163529989120413 ], [ 71.453673014982414, 51.163589489147299 ], [ 71.4537398, 51.1635848 ], [ 71.4538733, 51.1635449 ], [ 71.45382810000001, 51.163485399999985 ] ] ], [ [ [ 71.4520294, 51.1638021 ], [ 71.451962614462019, 51.163806788176636 ], [ 71.451818114377616, 51.163853188095146 ], [ 71.451886214265627, 51.163936588135542 ], [ 71.451953, 51.1639319 ], [ 71.4520975, 51.1638856 ], [ 71.4520294, 51.1638021 ] ] ], [ [ [ 71.4521992, 51.1638855 ], [ 71.452132414362339, 51.163890188274976 ], [ 71.451896214224462, 51.163965988141804 ], [ 71.451958714121744, 51.164042488178865 ], [ 71.4520255, 51.1640378 ], [ 71.4522616, 51.1639621 ], [ 71.4521992, 51.1638855 ] ] ], [ [ [ 71.4523288, 51.1641293 ], [ 71.4522658, 51.164052199999986 ], [ 71.452199014130088, 51.16405688831609 ], [ 71.451921613968196, 51.16414588815968 ], [ 71.451984513864502, 51.164223088197005 ], [ 71.4520513, 51.16421840000001 ], [ 71.4523288, 51.1641293 ] ] ], [ [ [ 71.4536989, 51.1641334 ], [ 71.453632114186618, 51.164138089134383 ], [ 71.453440814072749, 51.164200989026547 ], [ 71.453635513760588, 51.164433889141904 ], [ 71.4537023, 51.1644292 ], [ 71.4538937, 51.1643663 ], [ 71.4536989, 51.1641334 ] ] ], [ [ [ 71.4530999, 51.1646403 ], [ 71.4528293, 51.1642384 ], [ 71.4526377, 51.1639924 ], [ 71.452570914261344, 51.163997088526905 ], [ 71.452368714147624, 51.164058988412833 ], [ 71.452865013288815, 51.164696388707746 ], [ 71.4529318, 51.1646917 ], [ 71.4530999, 51.1646403 ] ] ], [ [ [ 71.4524834, 51.1642986 ], [ 71.452416613801219, 51.164303288444771 ], [ 71.452292813728988, 51.164342988374969 ], [ 71.452365913608674, 51.164432588418322 ], [ 71.4524327, 51.1644279 ], [ 71.4525565, 51.1643881 ], [ 71.4524834, 51.1642986 ] ] ], [ [ [ 71.4520264, 51.1643822 ], [ 71.451959613625348, 51.164386888185902 ], [ 71.451791013526943, 51.164440988090846 ], [ 71.451871813393879, 51.16454008813875 ], [ 71.4519386, 51.1645354 ], [ 71.4521072, 51.1644813 ], [ 71.4520264, 51.1643822 ] ] ], [ [ [ 71.452442813362381, 51.164609888465513 ], [ 71.4525096, 51.1646052 ], [ 71.4526388, 51.1645558 ], [ 71.4525633, 51.164478 ], [ 71.4525063, 51.1644494 ], [ 71.452439513586583, 51.164454088460673 ], [ 71.452373913542601, 51.164479088423761 ], [ 71.452362413472159, 51.16452698841811 ], [ 71.452442813362381, 51.164609888465513 ] ] ], [ [ [ 71.452094, 51.1645718 ], [ 71.451889613288742, 51.164614488150306 ], [ 71.451949113173711, 51.16469928818583 ], [ 71.4521535, 51.1646567 ], [ 71.452094, 51.1645718 ] ] ], [ [ [ 71.452429213231838, 51.16469928845946 ], [ 71.452529713127376, 51.164780188518257 ], [ 71.4525965, 51.1647755 ], [ 71.452794, 51.1647128 ], [ 71.4527372, 51.1646451 ], [ 71.452530113292653, 51.164665588516314 ], [ 71.452429213231838, 51.16469928845946 ] ] ], [ [ [ 71.45398376281328, 51.16479564231912 ], [ 71.454054313161976, 51.164884289389136 ], [ 71.4541211, 51.1648796 ], [ 71.4542856, 51.1648285 ], [ 71.4540147, 51.1644858 ], [ 71.453947913716831, 51.164490489321025 ], [ 71.453387313399944, 51.164663189004813 ], [ 71.453576813074164, 51.164905089117369 ], [ 71.4536436, 51.1649004 ], [ 71.45398376281328, 51.16479564231912 ] ] ], [ [ [ 71.453172, 51.1646975 ], [ 71.453105213309527, 51.164702188844771 ], [ 71.452950313222601, 51.16474948875738 ], [ 71.452995613143884, 51.164807888784303 ], [ 71.4530624, 51.1648032 ], [ 71.4532173, 51.164756 ], [ 71.453172, 51.1646975 ] ] ], [ [ [ 71.4523907, 51.1648506 ], [ 71.452335, 51.1647825 ], [ 71.452268213085631, 51.164787188369353 ], [ 71.452140713011076, 51.164828188297463 ], [ 71.452196412919648, 51.164896288330496 ], [ 71.4522632, 51.1648916 ], [ 71.4523907, 51.1648506 ] ] ], [ [ [ 71.45302658306224, 51.164943946211459 ], [ 71.4532553, 51.164883499999988 ], [ 71.4531829, 51.1647898 ], [ 71.453116113177799, 51.164794488852735 ], [ 71.453010113118395, 51.164826788792929 ], [ 71.45297423116476, 51.164882173337006 ], [ 71.4529401, 51.1648419 ], [ 71.452873313073283, 51.164846588715335 ], [ 71.452707812973642, 51.164901788622061 ], [ 71.452825512787655, 51.165040688691782 ], [ 71.4530118, 51.1650173 ], [ 71.4530718, 51.164997299999989 ], [ 71.45302658306224, 51.164943946211459 ] ] ], [ [ [ 71.45279, 51.1650444 ], [ 71.4526731, 51.1649188 ], [ 71.452606312930072, 51.164923488564625 ], [ 71.452460812835753, 51.164976688482696 ], [ 71.452577712668841, 51.165102288551722 ], [ 71.4526445, 51.16509760000001 ], [ 71.45279, 51.1650444 ] ] ], [ [ [ 71.4523826, 51.1651324 ], [ 71.452541, 51.165073399999983 ], [ 71.4524591, 51.1649869 ], [ 71.452392312805969, 51.164991588443947 ], [ 71.452275712729275, 51.165034988378309 ], [ 71.45228531262967, 51.165104888385109 ], [ 71.45231581258696, 51.1651370884031 ], [ 71.4523826, 51.1651324 ] ] ], [ [ [ 71.452180500000011, 51.165254199999985 ], [ 71.452331, 51.1651958 ], [ 71.452205, 51.165068 ], [ 71.452138212658284, 51.165072688300675 ], [ 71.452029312584258, 51.165114888239415 ], [ 71.452048717819153, 51.165167327501557 ], [ 71.4520028, 51.165117 ], [ 71.451936012563138, 51.165121688186353 ], [ 71.451827212493583, 51.165160788125085 ], [ 71.451895512320377, 51.165286688166404 ], [ 71.4520507, 51.1652832 ], [ 71.452180500000011, 51.165254199999985 ] ] ], [ [ [ 71.45317630000001, 51.1650893 ], [ 71.453109512745215, 51.165093988854636 ], [ 71.452967412655639, 51.165144188774597 ], [ 71.453025912568862, 51.165209288809187 ], [ 71.4530927, 51.16520460000001 ], [ 71.4532348, 51.1651543 ], [ 71.45317630000001, 51.1650893 ] ] ], [ [ [ 71.4538826, 51.166059899999986 ], [ 71.4537981, 51.1659535 ], [ 71.453597734679178, 51.165967567562255 ], [ 71.45311823384661, 51.166119766751017 ], [ 71.453170367818572, 51.166182786311978 ], [ 71.453080222271566, 51.166212977756238 ], [ 71.452980721818378, 51.166361777648461 ], [ 71.4531042214264, 51.166508077794781 ], [ 71.4532378, 51.1664987 ], [ 71.4540574, 51.1662253 ], [ 71.4539175, 51.1660594 ], [ 71.4538826, 51.166059899999986 ] ] ], [ [ [ 71.4536991, 51.1665681 ], [ 71.453632310676454, 51.166572789180599 ], [ 71.453499510587562, 51.166623289105864 ], [ 71.453629210410043, 51.166757289182343 ], [ 71.453696, 51.1667526 ], [ 71.4538288, 51.166702 ], [ 71.4536991, 51.1665681 ] ] ], [ [ [ 71.4533525, 51.1667974 ], [ 71.4534218, 51.1667723 ], [ 71.4534523, 51.1667142 ], [ 71.453399, 51.1666562 ], [ 71.453332210513082, 51.16666088901124 ], [ 71.453199910428125, 51.166708688936744 ], [ 71.453285710303845, 51.166802088987417 ], [ 71.4533525, 51.1667974 ] ] ], [ [ [ 71.4529672, 51.1666718 ], [ 71.452900410438275, 51.166676488765425 ], [ 71.452772810355626, 51.166723088693587 ], [ 71.452849910245163, 51.166806188739088 ], [ 71.4529167, 51.1668015 ], [ 71.4530443, 51.1667549 ], [ 71.4529672, 51.1666718 ] ] ], [ [ [ 71.453841, 51.166752699999989 ], [ 71.453774210427483, 51.166757389264973 ], [ 71.453672110369425, 51.166789089207377 ], [ 71.453811710131106, 51.166966089290291 ], [ 71.4538785, 51.1669614 ], [ 71.4539806, 51.1669298 ], [ 71.453841, 51.166752699999989 ] ] ], [ [ [ 71.4529719, 51.1669671 ], [ 71.4528999, 51.1668898 ], [ 71.452833110115805, 51.166894488731195 ], [ 71.452705110032682, 51.166941388659133 ], [ 71.452777209929934, 51.167018688701688 ], [ 71.452844, 51.167014 ], [ 71.4529719, 51.1669671 ] ] ], [ [ [ 71.4535713, 51.1668758 ], [ 71.453504510217314, 51.166880489113595 ], [ 71.453391810152766, 51.166915789050023 ], [ 71.453498609972641, 51.167049689113448 ], [ 71.4535654, 51.167045 ], [ 71.453678, 51.16700969999998 ], [ 71.4535713, 51.1668758 ] ] ], [ [ [ 71.4540173, 51.1669893 ], [ 71.453950510107703, 51.166993989369921 ], [ 71.453833110040406, 51.16703078930373 ], [ 71.453961609823693, 51.167191889380014 ], [ 71.4540284, 51.1671872 ], [ 71.4541458, 51.1671505 ], [ 71.4540173, 51.1669893 ] ] ], [ [ [ 71.4529796, 51.1670419 ], [ 71.452912809906152, 51.167046588779506 ], [ 71.452797409841267, 51.167081888714407 ], [ 71.452911209644398, 51.167227988782038 ], [ 71.452978, 51.1672233 ], [ 71.4530933, 51.167188 ], [ 71.4529796, 51.1670419 ] ] ], [ [ [ 71.4536776, 51.1670426 ], [ 71.453610809989698, 51.167047289177347 ], [ 71.453463209899141, 51.167097689094184 ], [ 71.453589709704815, 51.16724308916902 ], [ 71.4536565, 51.1672384 ], [ 71.4538041, 51.167188 ], [ 71.4536776, 51.1670426 ] ] ], [ [ [ 71.4537236, 51.167246 ], [ 71.453656809701997, 51.167250689207393 ], [ 71.453498609618521, 51.167295289118087 ], [ 71.453567009514046, 51.16737348915855 ], [ 71.4536338, 51.167368799999984 ], [ 71.4537853, 51.1673225 ], [ 71.4537236, 51.167246 ] ] ], [ [ [ 71.4531502, 51.1672694 ], [ 71.453083409598776, 51.167274088881044 ], [ 71.452965309531123, 51.167311088814436 ], [ 71.45307210935114, 51.167444888877839 ], [ 71.4531389, 51.1674402 ], [ 71.4532569, 51.1674032 ], [ 71.4531502, 51.1672694 ] ] ], [ [ [ 71.4540133, 51.1674419 ], [ 71.4539126, 51.167309 ], [ 71.453738509575047, 51.167345589255767 ], [ 71.453839209395483, 51.167478589315685 ], [ 71.4540133, 51.1674419 ] ] ], [ [ [ 71.45179540873653, 51.167763888156216 ], [ 71.4521809, 51.1677378 ], [ 71.4523552, 51.1676812 ], [ 71.452153600000017, 51.1674373 ], [ 71.452086809235979, 51.16744198831622 ], [ 71.451912509133251, 51.167498588217939 ], [ 71.451707508879153, 51.167657588104113 ], [ 71.45179540873653, 51.167763888156216 ] ] ], [ [ [ 71.4533186, 51.1674941 ], [ 71.453251809295196, 51.16749878898127 ], [ 71.453155209239938, 51.167528988926769 ], [ 71.453257209067871, 51.167656888987345 ], [ 71.453324, 51.1676522 ], [ 71.4534205, 51.1676219 ], [ 71.4533186, 51.1674941 ] ] ], [ [ [ 71.4536002, 51.167835499999988 ], [ 71.4534873, 51.1677045 ], [ 71.453420509012247, 51.1677091890814 ], [ 71.453321308951629, 51.167742889025511 ], [ 71.453434208776571, 51.167873789092333 ], [ 71.453501, 51.1678691 ], [ 71.4536002, 51.167835499999988 ] ] ], [ [ [ 71.4536845, 51.1679093 ], [ 71.453617708740822, 51.167913989197679 ], [ 71.453486208659442, 51.167959389123588 ], [ 71.453603208481695, 51.168092489192794 ], [ 71.45367, 51.1680878 ], [ 71.4538014, 51.1680423 ], [ 71.4536845, 51.1679093 ] ] ], [ [ [ 71.452368207935109, 51.168367788494123 ], [ 71.452435, 51.1683631 ], [ 71.4527008, 51.1682793 ], [ 71.4524866, 51.16791460000001 ], [ 71.4523804, 51.1677885 ], [ 71.452313608757038, 51.167793188452123 ], [ 71.452048208598171, 51.167881088302522 ], [ 71.452368207935109, 51.168367788494123 ] ] ], [ [ [ 71.453721008243477, 51.168267589263252 ], [ 71.4539099, 51.168228699999986 ], [ 71.4538926, 51.1681564 ], [ 71.4538441, 51.1680885 ], [ 71.45377730850177, 51.168093189292051 ], [ 71.453625608421532, 51.168136089206385 ], [ 71.453721008243477, 51.168267589263252 ] ] ], [ [ [ 71.4540014, 51.168338 ], [ 71.453934608161049, 51.168342689386435 ], [ 71.453831508100848, 51.168375789328287 ], [ 71.453945507913048, 51.168515589395909 ], [ 71.4540123, 51.1685109 ], [ 71.4541154, 51.1684779 ], [ 71.4540014, 51.168338 ] ] ], [ [ [ 71.4537866, 51.1683592 ], [ 71.453719808104466, 51.168363889264391 ], [ 71.453542007999275, 51.168421889164165 ], [ 71.45363120785494, 51.168529489217036 ], [ 71.453698, 51.1685248 ], [ 71.4538759, 51.1684668 ], [ 71.4537866, 51.1683592 ] ] ], [ [ [ 71.452552907585442, 51.168625788604281 ], [ 71.452392607490467, 51.168678188513894 ], [ 71.452381807185461, 51.168888788511737 ], [ 71.452114707027221, 51.168976088361148 ], [ 71.452197006894437, 51.16907508840994 ], [ 71.4522638, 51.1690704 ], [ 71.4525309, 51.1689831 ], [ 71.4525173, 51.1689666 ], [ 71.4528237, 51.1688665 ], [ 71.4526197, 51.16862110000001 ], [ 71.452552907585442, 51.168625788604281 ] ] ], [ [ [ 71.4530039, 51.1685824 ], [ 71.452937107687802, 51.168587088822512 ], [ 71.452775807595287, 51.168637688731543 ], [ 71.453119707015006, 51.169068988935713 ], [ 71.4531865, 51.1690643 ], [ 71.4533478, 51.1690137 ], [ 71.4530039, 51.1685824 ] ] ], [ [ [ 71.4531133, 51.1690946 ], [ 71.4530063, 51.1689691 ], [ 71.452939507130466, 51.168973788831217 ], [ 71.452526806881039, 51.169112088598588 ], [ 71.45263380671301, 51.169237588661957 ], [ 71.4527006, 51.1692329 ], [ 71.4531133, 51.1690946 ] ] ], [ [ [ 71.453739582318917, 51.170128702790294 ], [ 71.453907700000016, 51.1701169 ], [ 71.454066794178686, 51.170069446061298 ], [ 71.454075417064516, 51.170079668612658 ], [ 71.454275800000019, 51.1700656 ], [ 71.4544517, 51.1700073 ], [ 71.4542155, 51.1697274 ], [ 71.454015118505751, 51.169741468490336 ], [ 71.453839318189623, 51.169799768193037 ], [ 71.453891496844932, 51.169861627480529 ], [ 71.453721417827481, 51.169873567995651 ], [ 71.45354741753971, 51.169925467701077 ], [ 71.453592297126917, 51.169983146561904 ], [ 71.453368905638158, 51.17004468909623 ], [ 71.453505805414338, 51.17021138917741 ], [ 71.4535726, 51.1702067 ], [ 71.4537546, 51.170147 ], [ 71.453739582318917, 51.170128702790294 ] ] ], [ [ [ 71.4539406, 51.170131699999985 ], [ 71.453873805567085, 51.170136389385725 ], [ 71.453549505368287, 51.170246989202987 ], [ 71.453615705266145, 51.170323389242178 ], [ 71.4536825, 51.17031870000001 ], [ 71.4540069, 51.1702081 ], [ 71.4539406, 51.170131699999985 ] ] ], [ [ [ 71.4535095, 51.1704584 ], [ 71.4531941, 51.1700772 ], [ 71.452993716621151, 51.170091266763741 ], [ 71.4528271163244, 51.170145866481967 ], [ 71.453141014795307, 51.17052566704028 ], [ 71.4533414, 51.1705116 ], [ 71.4535095, 51.1704584 ] ] ], [ [ [ 71.4544716, 51.1701607 ], [ 71.454271216724237, 51.170174768952862 ], [ 71.453674815663362, 51.170369867944181 ], [ 71.453765415232951, 51.170476968105177 ], [ 71.4539658, 51.1704629 ], [ 71.4545611, 51.1702674 ], [ 71.4544716, 51.1701607 ] ] ], [ [ [ 71.4526407, 51.1702546 ], [ 71.452440315652552, 51.170268665827528 ], [ 71.452253115321895, 51.170329365510881 ], [ 71.452562713809826, 51.170704866061584 ], [ 71.4527631, 51.1706908 ], [ 71.4529503, 51.1706302 ], [ 71.4526407, 51.1702546 ] ] ], [ [ [ 71.4530054, 51.170889699999989 ], [ 71.452871808706405, 51.170899077696113 ], [ 71.452315508061375, 51.171075977068661 ], [ 71.452392807804642, 51.171171477160399 ], [ 71.4525264, 51.1711621 ], [ 71.4530826, 51.1709852 ], [ 71.4530054, 51.170889699999989 ] ] ], [ [ [ 71.4538577, 51.1708734 ], [ 71.453724108959946, 51.170882778667071 ], [ 71.453007308159187, 51.171100177858186 ], [ 71.453096807848297, 51.171215477964587 ], [ 71.4532304, 51.1712061 ], [ 71.4539447, 51.1709871 ], [ 71.4538577, 51.1708734 ] ] ], [ [ [ 71.4523873, 51.1711984 ], [ 71.452320503840539, 51.171203088520585 ], [ 71.452029003674269, 51.171293888356153 ], [ 71.452125503510445, 51.171415588413467 ], [ 71.4521923, 51.1714109 ], [ 71.4524838, 51.1713201 ], [ 71.4523873, 51.1711984 ] ] ], [ [ [ 71.4541242, 51.1712578 ], [ 71.454057403965308, 51.171262489511697 ], [ 71.453862503851269, 51.17132518940182 ], [ 71.453941703721256, 51.171421989448774 ], [ 71.4540085, 51.1714173 ], [ 71.4542034, 51.1713546 ], [ 71.4541242, 51.1712578 ] ] ], [ [ [ 71.4528179, 51.1715642 ], [ 71.4527124, 51.1714286 ], [ 71.452645603547921, 51.171433288710247 ], [ 71.452211703303846, 51.171566088465468 ], [ 71.452317203121041, 51.171701688528152 ], [ 71.452384, 51.171697 ], [ 71.4528179, 51.1715642 ] ] ], [ [ [ 71.4540973, 51.171487799999987 ], [ 71.454030503630335, 51.171492489500729 ], [ 71.453346703230039, 51.171712589115145 ], [ 71.453452803060173, 51.171839289178017 ], [ 71.4535196, 51.171834599999983 ], [ 71.4542013, 51.1716164 ], [ 71.4540973, 51.171487799999987 ] ] ], [ [ [ 71.4533212, 51.1718233 ], [ 71.453254403052426, 51.171827989064724 ], [ 71.453046102933001, 51.171893288947246 ], [ 71.453134002784722, 51.172003488999415 ], [ 71.4532008, 51.1719988 ], [ 71.453409, 51.1719335 ], [ 71.4533212, 51.1718233 ] ] ], [ [ [ 71.452117405785984, 51.171848176872068 ], [ 71.452380604895538, 51.172178977184622 ], [ 71.4526096, 51.1721602 ], [ 71.4526973, 51.1721328 ], [ 71.4524078, 51.171769 ], [ 71.452274206025322, 51.17177837704817 ], [ 71.452117405785984, 51.171848176872068 ] ] ], [ [ [ 71.453230740432844, 51.172677427653745 ], [ 71.453433652591841, 51.172619048892606 ], [ 71.4537805, 51.1725947 ], [ 71.4547481, 51.1722984 ], [ 71.4546305, 51.1721475 ], [ 71.453828931941175, 51.172203775298719 ], [ 71.45286132540609, 51.17250006874783 ], [ 71.452925822095978, 51.172582830849201 ], [ 71.452742907392519, 51.172635455381794 ], [ 71.452818006836978, 51.172738055560792 ], [ 71.45308511321241, 51.172719306092148 ], [ 71.45296940336857, 51.172757777877756 ], [ 71.45314010282722, 51.172959778079985 ], [ 71.4532737, 51.1729504 ], [ 71.4535101, 51.1728719 ], [ 71.4533394, 51.172669800000016 ], [ 71.453230740432844, 51.172677427653745 ] ] ], [ [ [ 71.4536093, 51.1729477 ], [ 71.453542501465591, 51.172952389250227 ], [ 71.453274301311794, 51.173036489098955 ], [ 71.453428801051132, 51.173230189190683 ], [ 71.453471700949905, 51.173227177683614 ], [ 71.453314204994712, 51.173277346011112 ], [ 71.45375920130563, 51.173826247331306 ], [ 71.4540932, 51.173802799999983 ], [ 71.454257700000014, 51.1737504 ], [ 71.4538127, 51.1732015 ], [ 71.453502747513568, 51.173223258752017 ], [ 71.4537638, 51.1731414 ], [ 71.4536093, 51.1729477 ] ] ], [ [ [ 71.4526984, 51.172939 ], [ 71.452631601367784, 51.172943688730868 ], [ 71.452257101165202, 51.173052688519455 ], [ 71.452616400508305, 51.173538288733447 ], [ 71.4526832, 51.1735336 ], [ 71.4530577, 51.173424600000011 ], [ 71.4526984, 51.172939 ] ] ], [ [ [ 71.454078898879118, 51.174189548276857 ], [ 71.4544129, 51.1741661 ], [ 71.4548664, 51.1740285 ], [ 71.4547675, 51.1739003 ], [ 71.4543427, 51.1738116 ], [ 71.45400870139332, 51.17383504804323 ], [ 71.453660200419833, 51.173940747060016 ], [ 71.453786099318364, 51.174104047434291 ], [ 71.454078898879118, 51.174189548276857 ] ] ], [ [ [ 71.453269, 51.1743813 ], [ 71.4537268, 51.1742555 ], [ 71.4532809, 51.1736172 ], [ 71.453147300905385, 51.173626578113442 ], [ 71.45188259959734, 51.173973776684839 ], [ 71.452284598034737, 51.174549177164891 ], [ 71.4524182, 51.1745398 ], [ 71.453269, 51.1743813 ] ] ], [ [ [ 71.453758600000015, 51.1742689 ], [ 71.453691799577982, 51.17427358936034 ], [ 71.453136399298927, 51.174420389046539 ], [ 71.453250099068782, 51.174589489114538 ], [ 71.4533169, 51.1745848 ], [ 71.4538724, 51.174438 ], [ 71.453758600000015, 51.1742689 ] ] ], [ [ [ 71.453066, 51.1746974 ], [ 71.4529186, 51.1744988 ], [ 71.452851799144582, 51.174503488885904 ], [ 71.451995498680645, 51.174753188402534 ], [ 71.452142898412006, 51.174951788490297 ], [ 71.4522097, 51.1749471 ], [ 71.453066, 51.1746974 ] ] ], [ [ [ 71.4534165, 51.1748769 ], [ 71.4540184, 51.1747077 ], [ 71.4539625, 51.1746303 ], [ 71.453895699081372, 51.174634989483408 ], [ 71.453668914765004, 51.174699314958147 ], [ 71.4536579, 51.1746846 ], [ 71.453591098966129, 51.17468928931082 ], [ 71.453507398920507, 51.174713889263572 ], [ 71.453530080718636, 51.174744151370653 ], [ 71.453294398759098, 51.174807889143935 ], [ 71.453349698659494, 51.174881589176856 ], [ 71.4534165, 51.1748769 ] ] ], [ [ [ 71.4531785, 51.174807099999988 ], [ 71.453111698731348, 51.174811789039872 ], [ 71.452983598656672, 51.174852788967634 ], [ 71.453054698539347, 51.174940089009802 ], [ 71.4531215, 51.1749354 ], [ 71.4532496, 51.1748944 ], [ 71.4531785, 51.174807099999988 ] ] ], [ [ [ 71.4541118, 51.1748007 ], [ 71.454044998853661, 51.174805389571731 ], [ 71.453893098761114, 51.174856789486135 ], [ 71.454104198432688, 51.175102189611103 ], [ 71.454171, 51.1750975 ], [ 71.4543229, 51.17504610000001 ], [ 71.4541118, 51.1748007 ] ] ], [ [ [ 71.453415, 51.1749943 ], [ 71.4533466, 51.1749104 ], [ 71.453279798602694, 51.174915089137649 ], [ 71.453096598495961, 51.174973689034331 ], [ 71.453164898383221, 51.175057589074846 ], [ 71.4532317, 51.1750529 ], [ 71.453415, 51.1749943 ] ] ], [ [ [ 71.4538889, 51.1748632 ], [ 71.453822098736481, 51.174867889445871 ], [ 71.453497598556524, 51.174965389262745 ], [ 71.45368729822134, 51.175213689375582 ], [ 71.4537541, 51.175209 ], [ 71.4540786, 51.175111499999986 ], [ 71.4538889, 51.1748632 ] ] ], [ [ [ 71.4546379, 51.1454293 ], [ 71.454571141250099, 51.14543398931508 ], [ 71.454495441081832, 51.145544489274045 ], [ 71.454634441044661, 51.145581989353971 ], [ 71.4547012, 51.1455773 ], [ 71.454776900000013, 51.1454668 ], [ 71.4546379, 51.1454293 ] ] ], [ [ [ 71.4545081, 51.1455617 ], [ 71.454441341043733, 51.145566389243641 ], [ 71.454341240822814, 51.145711389189344 ], [ 71.454501740779449, 51.145754989281642 ], [ 71.4545685, 51.14575030000001 ], [ 71.4546687, 51.1456052 ], [ 71.4545081, 51.1455617 ] ] ], [ [ [ 71.45437, 51.1457624 ], [ 71.454303240737971, 51.14576708916875 ], [ 71.454230740572086, 51.145876189129503 ], [ 71.454408940526562, 51.145922789231918 ], [ 71.4544757, 51.1459181 ], [ 71.4545482, 51.1458089 ], [ 71.45437, 51.1457624 ] ] ], [ [ [ 71.4536859, 51.1457776 ], [ 71.453619140633251, 51.145782288779252 ], [ 71.453542940456273, 51.145898788738052 ], [ 71.453720040412193, 51.145944288839807 ], [ 71.4537868, 51.145939599999984 ], [ 71.453863, 51.1458231 ], [ 71.4536859, 51.1457776 ] ] ], [ [ [ 71.4535985, 51.1459231 ], [ 71.453531740413155, 51.145927788732223 ], [ 71.453462740264385, 51.146025288694759 ], [ 71.453606340224169, 51.146065288777315 ], [ 71.4536731, 51.1460606 ], [ 71.4537421, 51.1459631 ], [ 71.4535985, 51.1459231 ] ] ], [ [ [ 71.4544099, 51.1459835 ], [ 71.4542457, 51.1459389 ], [ 71.454178940468751, 51.145943589101272 ], [ 71.454089240270974, 51.146073389052631 ], [ 71.454253340226472, 51.146118089146974 ], [ 71.4543201, 51.1461134 ], [ 71.4544099, 51.1459835 ] ] ], [ [ [ 71.4535063, 51.1460655 ], [ 71.453439540196911, 51.146070188682387 ], [ 71.45338684007433, 51.146150888653885 ], [ 71.453530740038445, 51.146187888736577 ], [ 71.4535975, 51.146183199999989 ], [ 71.4536503, 51.1461025 ], [ 71.4535063, 51.1460655 ] ] ], [ [ [ 71.4537877, 51.146125299999987 ], [ 71.453720940144876, 51.14612998884386 ], [ 71.453670940033987, 51.146202788816737 ], [ 71.453745240015166, 51.146222088859446 ], [ 71.453812, 51.1462174 ], [ 71.453861900000021, 51.1461451 ], [ 71.4537877, 51.146125299999987 ] ] ], [ [ [ 71.4543108, 51.1461452 ], [ 71.4541466, 51.1461006 ], [ 71.454079840223883, 51.146105289047874 ], [ 71.453990140026093, 51.146235088999227 ], [ 71.454154239981605, 51.146279789093576 ], [ 71.454221, 51.1462751 ], [ 71.4543108, 51.1461452 ] ] ], [ [ [ 71.4547269, 51.1461042 ], [ 71.454526620822406, 51.146118268021915 ], [ 71.454448120327285, 51.146226267893866 ], [ 71.454603220200013, 51.146268768161406 ], [ 71.4548035, 51.1462547 ], [ 71.4548793, 51.1461432 ], [ 71.4547269, 51.1461042 ] ] ], [ [ [ 71.452997, 51.1461612 ], [ 71.452930239997443, 51.146165888394009 ], [ 71.452856139830502, 51.146275588353866 ], [ 71.453030039784991, 51.146321788453825 ], [ 71.4530968, 51.1463171 ], [ 71.4531708, 51.1462074 ], [ 71.452997, 51.1461612 ] ] ], [ [ [ 71.453471591308471, 51.146394446996247 ], [ 71.4535184, 51.1463231 ], [ 71.4532854, 51.1462629 ], [ 71.45321863988589, 51.146267588560256 ], [ 71.453138139699305, 51.146390388516728 ], [ 71.45337113964095, 51.146450488650608 ], [ 71.453437488980896, 51.146445828866426 ], [ 71.453636739591175, 51.146507388803009 ], [ 71.4537035, 51.1465027 ], [ 71.4537781, 51.1463903 ], [ 71.4535735, 51.1463368 ], [ 71.453506739814344, 51.14634148872581 ], [ 71.453471591308471, 51.146394446996247 ] ] ], [ [ [ 71.45380440000001, 51.1464894 ], [ 71.453737639622531, 51.146494088860258 ], [ 71.453684139464997, 51.146598988831762 ], [ 71.453836339439334, 51.146629588919069 ], [ 71.4539031, 51.1466249 ], [ 71.4539567, 51.1465199 ], [ 71.45380440000001, 51.1464894 ] ] ], [ [ [ 71.454088, 51.146491 ], [ 71.454021239654566, 51.146495689021897 ], [ 71.45396023951713, 51.146585988988846 ], [ 71.454142039469431, 51.14663438909335 ], [ 71.4542088, 51.1466297 ], [ 71.4542699, 51.1465394 ], [ 71.454088, 51.146491 ] ] ], [ [ [ 71.454717239332581, 51.146777789423794 ], [ 71.454784, 51.1467731 ], [ 71.454865, 51.1466513 ], [ 71.4546618, 51.1465981 ], [ 71.454601904648911, 51.146602307139382 ], [ 71.4546332, 51.1465568 ], [ 71.4545779, 51.1465402 ], [ 71.454511139643031, 51.14654488930195 ], [ 71.454479466722731, 51.146591005558825 ], [ 71.4543568, 51.1465564 ], [ 71.454290039592919, 51.146561089176281 ], [ 71.454224939454406, 51.146651789140918 ], [ 71.454399439404696, 51.146700989241268 ], [ 71.4544662, 51.1466963 ], [ 71.454519419576485, 51.146622038250143 ], [ 71.454584222519813, 51.146619054985294 ], [ 71.454514039384591, 51.146724589307006 ], [ 71.454717239332581, 51.146777789423794 ] ] ], [ [ [ 71.4551092, 51.1467604 ], [ 71.4549586, 51.1467223 ], [ 71.454891839426864, 51.146726989522321 ], [ 71.454842839311183, 51.146803189495856 ], [ 71.454993539274568, 51.14684128958244 ], [ 71.4550603, 51.1468366 ], [ 71.4551092, 51.1467604 ] ] ], [ [ [ 71.454387, 51.1467528 ], [ 71.454320239313731, 51.146757489197213 ], [ 71.454280139225929, 51.146815089175455 ], [ 71.454365439203272, 51.146837989224494 ], [ 71.4544322, 51.1468333 ], [ 71.4544722, 51.1467752 ], [ 71.454387, 51.1467528 ] ] ], [ [ [ 71.453744, 51.146761 ], [ 71.453677239224064, 51.146765688830989 ], [ 71.453582239012519, 51.146904588779492 ], [ 71.453785038958443, 51.146959188896084 ], [ 71.4538518, 51.1469545 ], [ 71.4539468, 51.1468155 ], [ 71.453744, 51.146761 ] ] ], [ [ [ 71.4543065, 51.1469397 ], [ 71.4541143, 51.1468793 ], [ 71.454047539098511, 51.14688398904422 ], [ 71.453938638888886, 51.147020388984757 ], [ 71.454130838825179, 51.147080789095419 ], [ 71.4541976, 51.1470761 ], [ 71.4543065, 51.1469397 ] ] ], [ [ [ 71.4529216, 51.1469297 ], [ 71.452854838881535, 51.146934388365608 ], [ 71.45278223871864, 51.147041388326265 ], [ 71.452953438673418, 51.147087188424671 ], [ 71.4530202, 51.1470825 ], [ 71.4530928, 51.1469754 ], [ 71.4529216, 51.1469297 ] ] ], [ [ [ 71.4545675, 51.1469153 ], [ 71.454500739101562, 51.146919989303136 ], [ 71.454404038876689, 51.147067989250836 ], [ 71.454753638789541, 51.147157889451726 ], [ 71.4548204, 51.1471532 ], [ 71.4549171, 51.1470053 ], [ 71.4545675, 51.1469153 ] ] ], [ [ [ 71.4533362, 51.1470645 ], [ 71.4531661, 51.1470191 ], [ 71.453099338782394, 51.147023788506615 ], [ 71.4530313386297, 51.147124088469759 ], [ 71.453201438584912, 51.147169488567535 ], [ 71.4532682, 51.1471648 ], [ 71.4533362, 51.1470645 ] ] ], [ [ [ 71.4535171, 51.1471131 ], [ 71.453450338689493, 51.147117788708385 ], [ 71.45337653853035, 51.147222088668315 ], [ 71.453594238469421, 51.147282688793489 ], [ 71.453661, 51.147278 ], [ 71.4537348, 51.1471737 ], [ 71.4535171, 51.1471131 ] ] ], [ [ [ 71.4540564, 51.1471622 ], [ 71.453989638684078, 51.147166889016596 ], [ 71.453913338528935, 51.14726818897504 ], [ 71.454111638468277, 51.147326989089137 ], [ 71.4541784, 51.1473223 ], [ 71.4542547, 51.147221 ], [ 71.4540564, 51.1471622 ] ] ], [ [ [ 71.4544499, 51.1472596 ], [ 71.454383138591453, 51.147264289242649 ], [ 71.454318338438284, 51.147365189207633 ], [ 71.454570138377164, 51.147428789352318 ], [ 71.4546369, 51.147424099999988 ], [ 71.4547017, 51.14732320000001 ], [ 71.4544499, 51.1472596 ] ] ], [ [ [ 71.453082, 51.1473855 ], [ 71.45301523824449, 51.147390188465629 ], [ 71.452940738091314, 51.147490288425075 ], [ 71.453075938050659, 51.147529888502881 ], [ 71.4531427, 51.1475252 ], [ 71.4532171, 51.147425 ], [ 71.453082, 51.1473855 ] ] ], [ [ [ 71.45347, 51.1474486 ], [ 71.453403238200593, 51.147453288687906 ], [ 71.453306837981984, 51.147596988635698 ], [ 71.453459337942533, 51.147637188723344 ], [ 71.4535261, 51.1476325 ], [ 71.4536225, 51.1474889 ], [ 71.45347, 51.1474486 ] ] ], [ [ [ 71.4533883, 51.1477447 ], [ 71.453321537764253, 51.147749388646965 ], [ 71.453251837615227, 51.147846988609082 ], [ 71.453427837565243, 51.147896488710309 ], [ 71.4534946, 51.1478918 ], [ 71.4535644, 51.1477942 ], [ 71.4533883, 51.1477447 ] ] ], [ [ [ 71.4551046, 51.148007399999983 ], [ 71.4545254, 51.1478423 ], [ 71.454458637761348, 51.147846989296724 ], [ 71.454373237581365, 51.147964789250295 ], [ 71.454952337413559, 51.148129989583381 ], [ 71.4550191, 51.1481253 ], [ 71.4551046, 51.148007399999983 ] ] ], [ [ [ 71.452965681334746, 51.148779642698095 ], [ 71.453382280740001, 51.148897243896108 ], [ 71.453700403702584, 51.148874902361975 ], [ 71.45528655771642, 51.149344399676387 ], [ 71.455706847483384, 51.149314876156183 ], [ 71.455684335741381, 51.149352490023645 ], [ 71.45597133565775, 51.149434690188748 ], [ 71.4560381, 51.14943 ], [ 71.456147, 51.1492803 ], [ 71.4562971, 51.1489985 ], [ 71.4560411, 51.1489252 ], [ 71.455974336385211, 51.148929890180881 ], [ 71.455835600507001, 51.14910628388526 ], [ 71.454759177070983, 51.148789150044529 ], [ 71.454869693168718, 51.148633143650287 ], [ 71.4551223, 51.148615399999983 ], [ 71.4552152, 51.148486 ], [ 71.4543298, 51.1482469 ], [ 71.454138330264428, 51.148260348072149 ], [ 71.4541535, 51.1482381 ], [ 71.4537468, 51.1481234 ], [ 71.453412986162718, 51.148146843912507 ], [ 71.45315215592575, 51.148515280611335 ], [ 71.4530727, 51.1484963 ], [ 71.453005936643521, 51.148500988481366 ], [ 71.452882536335309, 51.148704588414915 ], [ 71.452998998805938, 51.14873240928258 ], [ 71.452965681334746, 51.148779642698095 ] ], [ [ 71.4540119, 51.1485591 ], [ 71.453945136666761, 51.148563789017714 ], [ 71.453918336607785, 51.148602489003181 ], [ 71.454034702180167, 51.148731860673529 ], [ 71.453805869580876, 51.148747932205559 ], [ 71.454008797328115, 51.148450321325591 ], [ 71.454723857750594, 51.148643387191377 ], [ 71.454644269487062, 51.148755295338333 ], [ 71.4544627, 51.1487018 ], [ 71.454412479565107, 51.148705327344153 ], [ 71.4540119, 51.1485591 ] ] ], [ [ [ 71.455339, 51.1487319 ], [ 71.454954, 51.148629 ], [ 71.454887236680179, 51.14863368955583 ], [ 71.454804836502689, 51.148749989511103 ], [ 71.455177836399642, 51.148852889725582 ], [ 71.4552446, 51.14884820000001 ], [ 71.455339, 51.1487319 ] ] ], [ [ [ 71.4532082, 51.1489298 ], [ 71.453141436035523, 51.148934488566788 ], [ 71.453061435861912, 51.14904828852336 ], [ 71.453243735811256, 51.149098788628187 ], [ 71.4533105, 51.1490941 ], [ 71.4533906, 51.1489803 ], [ 71.4532082, 51.1489298 ] ] ], [ [ [ 71.453656, 51.1490881 ], [ 71.453589235861728, 51.149092788824944 ], [ 71.453297435299064, 51.149458888665613 ], [ 71.45348513523696, 51.149517788773657 ], [ 71.4535519, 51.1495131 ], [ 71.453843800000016, 51.149147 ], [ 71.453656, 51.1490881 ] ] ], [ [ [ 71.4531062, 51.1492647 ], [ 71.453039435540788, 51.149269388515023 ], [ 71.452971935404548, 51.149358288478226 ], [ 71.453075335372574, 51.149389188537725 ], [ 71.4531421, 51.149384499999989 ], [ 71.4532096, 51.1492956 ], [ 71.4531062, 51.1492647 ] ] ], [ [ [ 71.453523137695768, 51.15010085545326 ], [ 71.453993037155882, 51.150234056534352 ], [ 71.4542601, 51.1502153 ], [ 71.4552477, 51.1500923 ], [ 71.4553286, 51.1499791 ], [ 71.454121, 51.1496375 ], [ 71.4534539, 51.1496482 ], [ 71.453186840032927, 51.149666954653881 ], [ 71.45310903935858, 51.149777454484912 ], [ 71.453523137695768, 51.15010085545326 ] ] ], [ [ [ 71.4552151, 51.1505769 ], [ 71.45514833390601, 51.150581589741549 ], [ 71.455095933790048, 51.150657689713128 ], [ 71.455168233769413, 51.150678089754713 ], [ 71.455235, 51.1506734 ], [ 71.4552883, 51.1505968 ], [ 71.4552151, 51.1505769 ] ] ], [ [ [ 71.4540788, 51.1513339 ], [ 71.4535007, 51.1511665 ], [ 71.453433932849066, 51.15117118877582 ], [ 71.45326323249418, 51.151403188682956 ], [ 71.453841332323051, 51.151570589015542 ], [ 71.4539081, 51.1515659 ], [ 71.4540788, 51.1513339 ] ] ], [ [ [ 71.454148195825184, 51.151871367702164 ], [ 71.453954537130457, 51.151935157850019 ], [ 71.4534579, 51.1517898 ], [ 71.453391131945963, 51.151794488763244 ], [ 71.453270531697697, 51.151956688697595 ], [ 71.453598080930576, 51.152052571344917 ], [ 71.452340892595856, 51.152466664646447 ], [ 71.452157891602738, 51.152681064345785 ], [ 71.453412290470453, 51.153048466511059 ], [ 71.453845590174907, 51.153153267257728 ], [ 71.4540459, 51.1531392 ], [ 71.4543669, 51.1528409 ], [ 71.4548816, 51.152025799999983 ], [ 71.4543485, 51.1518573 ], [ 71.454148195825184, 51.151871367702164 ] ] ], [ [ [ 71.4550525, 51.1519716 ], [ 71.454985731877173, 51.151976289675325 ], [ 71.454941631787548, 51.152034789651303 ], [ 71.455043531756388, 51.152064989709942 ], [ 71.4551103, 51.1520603 ], [ 71.4551544, 51.1520019 ], [ 71.4550525, 51.1519716 ] ] ], [ [ [ 71.453588428186691, 51.154420388925423 ], [ 71.4536552, 51.1544157 ], [ 71.4536887, 51.1543938 ], [ 71.4536901, 51.1543644 ], [ 71.4536364, 51.1543492 ], [ 71.453569628280235, 51.154353888913427 ], [ 71.453534828211744, 51.154398488894458 ], [ 71.453588428186691, 51.154420388925423 ] ] ], [ [ [ 71.4535166, 51.1558994 ], [ 71.453182730011903, 51.155922843993061 ], [ 71.453185929329393, 51.15601784401116 ], [ 71.454314530007764, 51.156018547226928 ], [ 71.4546484, 51.1559951 ], [ 71.4546474, 51.15589940000001 ], [ 71.4535166, 51.1558994 ] ] ], [ [ [ 71.4559812, 51.1565383 ], [ 71.4558907, 51.1563689 ], [ 71.455625815510132, 51.156373370483152 ], [ 71.4556369, 51.1562339 ], [ 71.4555905, 51.1562078 ], [ 71.455167409047689, 51.156239552210252 ], [ 71.455171, 51.1560597 ], [ 71.454571025942357, 51.156060589516429 ], [ 71.454566525582436, 51.15630998951859 ], [ 71.455074136182986, 51.156312435559101 ], [ 71.455058224650315, 51.156824649422319 ], [ 71.455466962737262, 51.156809577727628 ], [ 71.455466724718349, 51.156849550588625 ], [ 71.455485424903358, 51.156858490052628 ], [ 71.455573924911064, 51.156860590103101 ], [ 71.455641425407578, 51.156849959506253 ], [ 71.456494925323909, 51.15685195351849 ], [ 71.4568288, 51.1568285 ], [ 71.4568295, 51.1567108 ], [ 71.4558013, 51.1567084 ], [ 71.455562060513358, 51.156725203735455 ], [ 71.455582235082787, 51.156613870491114 ], [ 71.4559797, 51.156599799999988 ], [ 71.4559812, 51.1565383 ] ] ], [ [ [ 71.4540938, 51.1564832 ], [ 71.45387942524286, 51.156487889130403 ], [ 71.453871425132803, 51.156563589127281 ], [ 71.4540991, 51.1565606 ], [ 71.4540938, 51.1564832 ] ] ], [ [ [ 71.453779900000015, 51.1565169 ], [ 71.453552225149764, 51.156524988944653 ], [ 71.453554725082356, 51.156571988946965 ], [ 71.4537824, 51.1565639 ], [ 71.453779900000015, 51.1565169 ] ] ], [ [ [ 71.4545784, 51.1566889 ], [ 71.454378075024508, 51.156702968369828 ], [ 71.454373774554327, 51.156811368368636 ], [ 71.454715174643809, 51.156819368952739 ], [ 71.4549155, 51.1568053 ], [ 71.4549176, 51.1566916 ], [ 71.4545784, 51.1566889 ] ] ], [ [ [ 71.4540642, 51.1569644 ], [ 71.453713124529315, 51.15696908904475 ], [ 71.453713124442118, 51.157029589045912 ], [ 71.4540642, 51.1570249 ], [ 71.4540642, 51.1569644 ] ] ], [ [ [ 71.4554019, 51.1569842 ], [ 71.455257224691692, 51.156986189925 ], [ 71.455253424628125, 51.157029989923657 ], [ 71.4553981, 51.1570279 ], [ 71.4554019, 51.1569842 ] ] ], [ [ [ 71.4538604, 51.157072 ], [ 71.453707824373609, 51.157076689043784 ], [ 71.453707824291186, 51.157133889044864 ], [ 71.4538604, 51.1571292 ], [ 71.4538604, 51.157072 ] ] ], [ [ [ 71.453975724199267, 51.157220189199151 ], [ 71.453969023699273, 51.157566589201885 ], [ 71.454134823410087, 51.157781189300444 ], [ 71.4545825, 51.1577781 ], [ 71.4545804, 51.1574265 ], [ 71.4544354, 51.157217099999983 ], [ 71.453975724199267, 51.157220189199151 ] ] ], [ [ [ 71.454678723586937, 51.157704189608936 ], [ 71.455109738660894, 51.157710623589914 ], [ 71.455105917530844, 51.15781674965227 ], [ 71.455298317627935, 51.157819450200705 ], [ 71.4556322, 51.157796 ], [ 71.4556553, 51.1571543 ], [ 71.4554629, 51.1571516 ], [ 71.455129022168521, 51.157175049657255 ], [ 71.455119306565265, 51.157444888508678 ], [ 71.45491732398591, 51.157447389740035 ], [ 71.454684123779103, 51.157571289609493 ], [ 71.454678723586937, 51.157704189608936 ] ] ], [ [ [ 71.453530067365577, 51.158403267016709 ], [ 71.453555365196607, 51.158907067088577 ], [ 71.454131265242864, 51.158944768075322 ], [ 71.4548329, 51.1589067 ], [ 71.4548546, 51.1584035 ], [ 71.4537304, 51.1583892 ], [ 71.453530067365577, 51.158403267016709 ] ] ], [ [ [ 71.4550392, 51.1592867 ], [ 71.4549185, 51.1591311 ], [ 71.454851721544742, 51.159135789734655 ], [ 71.453713120939014, 51.15946038909194 ], [ 71.45384052074472, 51.159605889167302 ], [ 71.4539073, 51.1596012 ], [ 71.4550392, 51.1592867 ] ] ], [ [ [ 71.454382284838786, 51.160203604710212 ], [ 71.454629512192767, 51.160510577353506 ], [ 71.454578919506034, 51.160527389605569 ], [ 71.454613819450728, 51.160568689626238 ], [ 71.454689007365204, 51.160584284204845 ], [ 71.454712367919697, 51.160613224846834 ], [ 71.454584319321626, 51.160655789611084 ], [ 71.454605836701475, 51.160679790953722 ], [ 71.454478219233962, 51.1607076895516 ], [ 71.454189619021577, 51.160830789389451 ], [ 71.454207843357665, 51.160852320001794 ], [ 71.454108947778025, 51.160859264433888 ], [ 71.453455842872785, 51.161066159646253 ], [ 71.453719684857873, 51.161404123074057 ], [ 71.453491236002066, 51.161485278045653 ], [ 71.4533631353397, 51.161704277907965 ], [ 71.453568534687193, 51.161947878151288 ], [ 71.4539033, 51.1619183 ], [ 71.45407718647634, 51.161860640535906 ], [ 71.454124288555661, 51.161919133211718 ], [ 71.453929417341527, 51.161974489262839 ], [ 71.454077917062719, 51.162180389351363 ], [ 71.4541447, 51.1621757 ], [ 71.45437, 51.1621118 ], [ 71.454233382112491, 51.161922283007165 ], [ 71.4550007, 51.1618684 ], [ 71.4556687, 51.1616567 ], [ 71.455593025810288, 51.161562776519084 ], [ 71.4562391, 51.1615174 ], [ 71.4572182, 51.1612074 ], [ 71.457135, 51.1611038 ], [ 71.456333626660665, 51.16116008991655 ], [ 71.456074414270859, 51.161207460411369 ], [ 71.4559492, 51.16106869999998 ], [ 71.455882418876982, 51.161073390358773 ], [ 71.455716818772302, 51.161132090265497 ], [ 71.455825766039993, 51.161252899701331 ], [ 71.455405271141203, 51.16132974175904 ], [ 71.455001458543649, 51.160828533961876 ], [ 71.4557267, 51.1607776 ], [ 71.4558855, 51.1607271 ], [ 71.455878, 51.1594784 ], [ 71.4557968, 51.1593777 ], [ 71.454995454568859, 51.159433980372498 ], [ 71.454124648520931, 51.159710474480327 ], [ 71.454085447125308, 51.159787874229856 ], [ 71.454133645346516, 51.159894774583776 ], [ 71.454268420101869, 51.160087889420289 ], [ 71.454288014111285, 51.160086513493134 ], [ 71.454310158689637, 51.160114018759309 ], [ 71.454254520035903, 51.160132489413215 ], [ 71.45431841993468, 51.160208089451075 ], [ 71.454382284838786, 51.160203604710212 ] ], [ [ 71.454627256071575, 51.16069101289564 ], [ 71.454751814833216, 51.160662094267842 ], [ 71.454774680194973, 51.160690421321284 ], [ 71.454659207370952, 51.160728805770276 ], [ 71.454627256071575, 51.16069101289564 ] ], [ [ 71.454691529708526, 51.160818354389576 ], [ 71.4547254, 51.1608071 ], [ 71.454692408976328, 51.160768077464503 ], [ 71.45481409303035, 51.160739248335076 ], [ 71.454867946791154, 51.160805965450812 ], [ 71.454691529708526, 51.160818354389576 ] ] ], [ [ [ 71.4537417, 51.159952 ], [ 71.453563320161308, 51.159987389016564 ], [ 71.453616520058077, 51.160063489048312 ], [ 71.4537949, 51.1600282 ], [ 71.4537417, 51.159952 ] ] ], [ [ [ 71.4540353, 51.1598658 ], [ 71.453968520378879, 51.159870489245264 ], [ 71.453787520285317, 51.159920189143037 ], [ 71.453948919971651, 51.160151389239431 ], [ 71.4540157, 51.1601467 ], [ 71.4541967, 51.160097 ], [ 71.4540353, 51.1598658 ] ] ], [ [ [ 71.4540144, 51.1603177 ], [ 71.4539533, 51.1602454 ], [ 71.453886519821836, 51.160250089205732 ], [ 71.453760019745985, 51.160292089134423 ], [ 71.453821119649177, 51.16036438917061 ], [ 71.4538879, 51.1603597 ], [ 71.4540144, 51.1603177 ] ] ], [ [ [ 71.4541235, 51.1603673 ], [ 71.454056719666738, 51.160371989305027 ], [ 71.453874719557504, 51.160432489202456 ], [ 71.453932919465245, 51.160501389236934 ], [ 71.453999700000011, 51.1604967 ], [ 71.4541818, 51.1604362 ], [ 71.4541235, 51.1603673 ] ] ], [ [ [ 71.4541872, 51.1604697 ], [ 71.454120419526888, 51.16047438934325 ], [ 71.453954019427016, 51.160529689249479 ], [ 71.454025819313202, 51.160614689292011 ], [ 71.4540926, 51.16061 ], [ 71.454258900000013, 51.1605547 ], [ 71.4541872, 51.1604697 ] ] ], [ [ [ 71.4544545, 51.1607021 ], [ 71.4543712, 51.160603499999986 ], [ 71.454304419356319, 51.160608189450656 ], [ 71.454081819222694, 51.160682189325193 ], [ 71.454165119090675, 51.160780789374542 ], [ 71.4542319, 51.1607761 ], [ 71.4544545, 51.1607021 ] ] ], [ [ [ 71.4540202, 51.1607985 ], [ 71.4539407, 51.1606988 ], [ 71.453671, 51.1606129 ], [ 71.453532719216867, 51.160640089011494 ], [ 71.453720818899484, 51.160876089123157 ], [ 71.4537876, 51.1608714 ], [ 71.4540202, 51.1607985 ] ] ], [ [ [ 71.4541903, 51.1631133 ], [ 71.4543745, 51.1630478 ], [ 71.4543054, 51.162971299999981 ], [ 71.454238615935324, 51.162975989458012 ], [ 71.454106551193604, 51.163022950534135 ], [ 71.454056993989553, 51.162972723650981 ], [ 71.4542408, 51.1629047 ], [ 71.4541807, 51.1628438 ], [ 71.454113916104006, 51.16284848938453 ], [ 71.453940415985997, 51.162915789286949 ], [ 71.453978971476786, 51.162954858093151 ], [ 71.453791515925559, 51.162945189202631 ], [ 71.453688715855733, 51.16298498914481 ], [ 71.453816315684662, 51.163114389219963 ], [ 71.4538831, 51.1631097 ], [ 71.454055589031597, 51.163042788213161 ], [ 71.454123515716674, 51.163117989395104 ], [ 71.4541903, 51.1631133 ] ] ], [ [ [ 71.4544519, 51.163205499999989 ], [ 71.4543737, 51.1631195 ], [ 71.454306915729973, 51.163124189499754 ], [ 71.454098015596983, 51.163198889382102 ], [ 71.454176115482596, 51.163284789428268 ], [ 71.4542429, 51.1632801 ], [ 71.4544519, 51.163205499999989 ] ] ], [ [ [ 71.4544986, 51.1632714 ], [ 71.454431815526121, 51.163276089573806 ], [ 71.454283615436097, 51.163326089490305 ], [ 71.454354815324933, 51.163409189532437 ], [ 71.4544216, 51.1634045 ], [ 71.4545699, 51.1633545 ], [ 71.4544986, 51.1632714 ] ] ], [ [ [ 71.454861246413245, 51.163360669574367 ], [ 71.455256244251743, 51.163893670280018 ], [ 71.4554566, 51.1638796 ], [ 71.455727300000021, 51.1638007 ], [ 71.456335, 51.163294 ], [ 71.4562181, 51.1631362 ], [ 71.4556912, 51.1627675 ], [ 71.455490849146472, 51.162781570617909 ], [ 71.455178248638887, 51.162872670088625 ], [ 71.454861246413245, 51.163360669574367 ] ] ], [ [ [ 71.4546514, 51.1634691 ], [ 71.4545986, 51.1634017 ], [ 71.454531815350407, 51.163406389633273 ], [ 71.454390315270274, 51.16345008955345 ], [ 71.454443115179657, 51.163517389584818 ], [ 71.4545099, 51.1635127 ], [ 71.4546514, 51.1634691 ] ] ], [ [ [ 71.4546683, 51.1635102 ], [ 71.454601515202441, 51.163514889675042 ], [ 71.454464415119816, 51.163560689597773 ], [ 71.454516615037633, 51.163622089628689 ], [ 71.4545834, 51.1636174 ], [ 71.4547204, 51.1635716 ], [ 71.4546683, 51.1635102 ] ] ], [ [ [ 71.4539189, 51.163645799999983 ], [ 71.453747314863264, 51.163678389191318 ], [ 71.453784514788481, 51.163733389213576 ], [ 71.4539561, 51.1637008 ], [ 71.4539189, 51.163645799999983 ] ] ], [ [ [ 71.4546218, 51.1638114 ], [ 71.4548696, 51.1637297 ], [ 71.4548183, 51.163668499999986 ], [ 71.454602314928792, 51.163704789679095 ], [ 71.4544921148631, 51.163741089616977 ], [ 71.454555014762605, 51.163816089654269 ], [ 71.4546218, 51.1638114 ] ] ], [ [ [ 71.4540594, 51.163742 ], [ 71.453992614794515, 51.163746689332427 ], [ 71.453843214704335, 51.163796689248237 ], [ 71.453894814623084, 51.163857389278782 ], [ 71.4539616, 51.1638527 ], [ 71.454111, 51.1638026 ], [ 71.4540594, 51.163742 ] ] ], [ [ [ 71.4548664, 51.1637736 ], [ 71.454799614846749, 51.163778289792951 ], [ 71.454641214753451, 51.16382968970364 ], [ 71.45470491464971, 51.163906989741392 ], [ 71.4547717, 51.1639023 ], [ 71.4549301, 51.1638509 ], [ 71.4548664, 51.1637736 ] ] ], [ [ [ 71.4541261, 51.1638511 ], [ 71.45405931464532, 51.163855789372512 ], [ 71.453914414556706, 51.163905089290857 ], [ 71.453976714460438, 51.163977089327737 ], [ 71.454043500000012, 51.1639724 ], [ 71.4541884, 51.1639231 ], [ 71.4541261, 51.1638511 ] ] ], [ [ [ 71.4544888, 51.1640026 ], [ 71.4544204, 51.1639173 ], [ 71.454353614585543, 51.163921989541478 ], [ 71.454181714486438, 51.163976289444548 ], [ 71.45425021437191, 51.164061489485199 ], [ 71.454317, 51.1640568 ], [ 71.4544888, 51.1640026 ] ] ], [ [ [ 71.4550057, 51.163942699999986 ], [ 71.454938914619831, 51.163947389875531 ], [ 71.454755714499186, 51.164015689772434 ], [ 71.454820714408299, 51.164084189810772 ], [ 71.4548875, 51.1640795 ], [ 71.4550706, 51.1640112 ], [ 71.4550057, 51.163942699999986 ] ] ], [ [ [ 71.4557765, 51.1640206 ], [ 71.455709714600928, 51.164025290316317 ], [ 71.455586114532196, 51.164062590246559 ], [ 71.455634414447346, 51.164125490275282 ], [ 71.4557012, 51.1641208 ], [ 71.4558248, 51.1640835 ], [ 71.4557765, 51.1640206 ] ] ], [ [ [ 71.4543915, 51.1642136 ], [ 71.45433970000002, 51.1641389 ], [ 71.454126714181072, 51.16418348941712 ], [ 71.4541785140798, 51.164258089448055 ], [ 71.4543915, 51.1642136 ] ] ], [ [ [ 71.4557941, 51.1641233 ], [ 71.455727314455018, 51.164127990328289 ], [ 71.455603714386257, 51.164165290258538 ], [ 71.45565201430145, 51.164228190287268 ], [ 71.4557188, 51.1642235 ], [ 71.4558424, 51.1641862 ], [ 71.4557941, 51.1641233 ] ] ], [ [ [ 71.4551811, 51.1641836 ], [ 71.455114314293809, 51.164188289980068 ], [ 71.454975414212953, 51.164232689901745 ], [ 71.455043514100268, 51.164316589942139 ], [ 71.4551103, 51.1643119 ], [ 71.4552493, 51.1642675 ], [ 71.4551811, 51.1641836 ] ] ], [ [ [ 71.4546761, 51.1644837 ], [ 71.454630659183948, 51.164432769775651 ], [ 71.454814440577934, 51.164380905965977 ], [ 71.4548877, 51.1643842 ], [ 71.4550372, 51.164336499999983 ], [ 71.4549682, 51.1642514 ], [ 71.454901414170251, 51.164256089860011 ], [ 71.454780510348741, 51.16429466579357 ], [ 71.4547643, 51.1642765 ], [ 71.45469751410937, 51.164281189744287 ], [ 71.454526114001808, 51.164341389647738 ], [ 71.454550145884284, 51.16436832053045 ], [ 71.454505013955881, 51.164371489636295 ], [ 71.454293413823109, 51.164445789517096 ], [ 71.45439771366722, 51.164562689578744 ], [ 71.4544645, 51.164558 ], [ 71.4546761, 51.1644837 ] ] ], [ [ [ 71.4549946, 51.16502 ], [ 71.4576441, 51.164203 ], [ 71.4575251, 51.1640486 ], [ 71.456857247056291, 51.164095511425081 ], [ 71.454206032056689, 51.164913096470336 ], [ 71.454326729985624, 51.16506689718738 ], [ 71.4549946, 51.16502 ] ] ], [ [ [ 71.4546759, 51.1645879 ], [ 71.454609113649738, 51.164592589699794 ], [ 71.454478313573773, 51.164634289626051 ], [ 71.454530513487256, 51.164698689657008 ], [ 71.4545973, 51.164694 ], [ 71.4547281, 51.1646522 ], [ 71.4546759, 51.1645879 ] ] ], [ [ [ 71.453855310257893, 51.166395594752387 ], [ 71.454425499976324, 51.167156598146313 ], [ 71.454668202537263, 51.167139556675494 ], [ 71.454689909947703, 51.167167089794624 ], [ 71.4547567, 51.1671624 ], [ 71.454852909623668, 51.167126587038041 ], [ 71.4550934, 51.1671097 ], [ 71.4555064, 51.1669835 ], [ 71.4556371, 51.1668452 ], [ 71.4551828, 51.1662607 ], [ 71.4549184, 51.166228 ], [ 71.454451484069409, 51.166260785792964 ], [ 71.4545155, 51.1662417 ], [ 71.45447750000001, 51.1661915 ], [ 71.454410711313741, 51.166196189617089 ], [ 71.454260111230894, 51.166240989532128 ], [ 71.454283953283124, 51.166272548965416 ], [ 71.453855310257893, 51.166395594752387 ] ] ], [ [ [ 71.455327209661704, 51.167418990162624 ], [ 71.4558686, 51.1673118 ], [ 71.4560473, 51.16726 ], [ 71.4558732, 51.167024 ], [ 71.455806410282534, 51.167028690428346 ], [ 71.455623910184016, 51.16708169032534 ], [ 71.455212309872422, 51.167263190094197 ], [ 71.455327209661704, 51.167418990162624 ] ] ], [ [ [ 71.4543579, 51.1673535 ], [ 71.4542682, 51.1672564 ], [ 71.454201409752969, 51.167261089518 ], [ 71.454066709665994, 51.167310089442147 ], [ 71.454156409537006, 51.1674070894951 ], [ 71.4542232, 51.1674024 ], [ 71.4543579, 51.1673535 ] ] ], [ [ [ 71.4549195, 51.167229699999986 ], [ 71.454745409816155, 51.16726298982806 ], [ 71.454866509573293, 51.167441589900477 ], [ 71.4550406, 51.1674083 ], [ 71.4549195, 51.167229699999986 ] ] ], [ [ [ 71.4559515, 51.1673397 ], [ 71.455884709836837, 51.167344390478945 ], [ 71.455722509746678, 51.167393290387437 ], [ 71.455764009673558, 51.167447490412123 ], [ 71.4558308, 51.167442800000011 ], [ 71.455993, 51.1673939 ], [ 71.4559515, 51.1673397 ] ] ], [ [ [ 71.4544929, 51.1675597 ], [ 71.45449760000001, 51.1674695 ], [ 71.4544387, 51.1673971 ], [ 71.454371909570753, 51.167401789617834 ], [ 71.4541847094617, 51.16746168951228 ], [ 71.454301009269898, 51.167604489581244 ], [ 71.4543678, 51.1675998 ], [ 71.4544929, 51.1675597 ] ] ], [ [ [ 71.4553887, 51.167950599999983 ], [ 71.4555445, 51.167903699999989 ], [ 71.4561263, 51.1676598 ], [ 71.4559986, 51.16749309999998 ], [ 71.4557368, 51.1674825 ], [ 71.455381909538858, 51.167508790195498 ], [ 71.455324533187891, 51.167526086039508 ], [ 71.4552572, 51.1674352 ], [ 71.455190409615, 51.167439890085042 ], [ 71.455086409553942, 51.167473490026424 ], [ 71.455181609384098, 51.167599290083054 ], [ 71.455231649288407, 51.167595776250167 ], [ 71.455126509232073, 51.167700090053557 ], [ 71.455321908887768, 51.167955290169758 ], [ 71.4553887, 51.167950599999983 ] ] ], [ [ [ 71.454780509257759, 51.167653189855486 ], [ 71.454852409236636, 51.167673889896847 ], [ 71.4549192, 51.1676692 ], [ 71.4551694, 51.1675891 ], [ 71.4550615, 51.1674566 ], [ 71.454994709560424, 51.167461289973936 ], [ 71.454779409434849, 51.167530289852515 ], [ 71.454729209342403, 51.167590189825042 ], [ 71.454780509257759, 51.167653189855486 ] ] ], [ [ [ 71.4541016, 51.1675265 ], [ 71.454034809343341, 51.167531189428161 ], [ 71.453892709258199, 51.167578289348072 ], [ 71.454002809083079, 51.167708989413278 ], [ 71.4540696, 51.1677043 ], [ 71.4542118, 51.1676572 ], [ 71.4541016, 51.1675265 ] ] ], [ [ [ 71.4546661, 51.1677841 ], [ 71.4545163, 51.1676001 ], [ 71.454449509287443, 51.167604789665916 ], [ 71.454305409203513, 51.16765088958465 ], [ 71.454455208956347, 51.167834889673507 ], [ 71.454522, 51.1678302 ], [ 71.4546661, 51.1677841 ] ] ], [ [ [ 71.454115108754365, 51.167946389481791 ], [ 71.4543298, 51.1679015 ], [ 71.4542208, 51.1677438 ], [ 71.454035408983628, 51.167780689433222 ], [ 71.454051508879473, 51.167854289443781 ], [ 71.454115108754365, 51.167946389481791 ] ] ], [ [ [ 71.4548424, 51.1680103 ], [ 71.4546892, 51.167822 ], [ 71.454622408988442, 51.16782668976866 ], [ 71.454490608911627, 51.167868889694319 ], [ 71.454643908658824, 51.168057089785286 ], [ 71.4547107, 51.1680524 ], [ 71.4548424, 51.1680103 ] ] ], [ [ [ 71.454446200000021, 51.1679396 ], [ 71.454379408789436, 51.167944289632374 ], [ 71.454266408721509, 51.167981889568701 ], [ 71.454382108538439, 51.168118589637231 ], [ 71.4544489, 51.1681139 ], [ 71.4545619, 51.1680763 ], [ 71.454446200000021, 51.1679396 ] ] ], [ [ [ 71.4548475, 51.168100399999986 ], [ 71.454716508599418, 51.168104389827555 ], [ 71.454714108484779, 51.168183689827679 ], [ 71.4548451, 51.1681798 ], [ 71.4548475, 51.168100399999986 ] ] ], [ [ [ 71.455215250809488, 51.168366175120262 ], [ 71.455247808197598, 51.168427690136483 ], [ 71.4553146, 51.168423 ], [ 71.4554563, 51.1683815 ], [ 71.4555104, 51.1683261 ], [ 71.4554777, 51.168262 ], [ 71.455344308447948, 51.168262190188365 ], [ 71.455296464156405, 51.168276219688252 ], [ 71.4553112, 51.16825870000001 ], [ 71.4552501, 51.168178 ], [ 71.455193647782238, 51.168181964076418 ], [ 71.455196, 51.1681034 ], [ 71.4551289, 51.1680705 ], [ 71.454864408662772, 51.168072889911244 ], [ 71.454862508569519, 51.168137389911401 ], [ 71.454963908480295, 51.168207789970502 ], [ 71.455060995630149, 51.168208687293323 ], [ 71.45485540839158, 51.168260189909674 ], [ 71.455061608217591, 51.168398190029805 ], [ 71.455215250809488, 51.168366175120262 ] ] ], [ [ [ 71.4556567, 51.1682734 ], [ 71.456382, 51.1680434 ], [ 71.4563216, 51.1679684 ], [ 71.455530708795109, 51.168037090290312 ], [ 71.455423108732916, 51.168071190229647 ], [ 71.455589908454797, 51.168278090328634 ], [ 71.4556567, 51.1682734 ] ] ], [ [ [ 71.4542695, 51.1682138 ], [ 71.45420270837262, 51.168218489536869 ], [ 71.453974608231221, 51.168297389408352 ], [ 71.454020908160999, 51.168349989435733 ], [ 71.4540877, 51.1683453 ], [ 71.4543158, 51.1682665 ], [ 71.4542695, 51.1682138 ] ] ], [ [ [ 71.454083907546973, 51.168781089479808 ], [ 71.4541507, 51.1687764 ], [ 71.454608246311537, 51.168625805281074 ], [ 71.4548097, 51.1686185 ], [ 71.4549317, 51.1685783 ], [ 71.4549463, 51.1685146 ], [ 71.454837, 51.1683841 ], [ 71.454694533013026, 51.168413691000268 ], [ 71.4548271, 51.1683665 ], [ 71.4547121, 51.1682395 ], [ 71.454645308389203, 51.168244189789618 ], [ 71.454345008198672, 51.168351089620479 ], [ 71.454458174275246, 51.168476064588411 ], [ 71.453959407746325, 51.168632389406035 ], [ 71.454083907546973, 51.168781089479808 ] ], [ [ 71.454509351776025, 51.168474625102128 ], [ 71.454498615643075, 51.168478157825383 ], [ 71.454496409738255, 51.168475533807111 ], [ 71.454509351776025, 51.168474625102128 ] ] ], [ [ [ 71.4543683, 51.1683929 ], [ 71.454301508126335, 51.16839758959658 ], [ 71.454139708037957, 51.168445289505257 ], [ 71.454183507959058, 51.168503689531335 ], [ 71.4542503, 51.168499 ], [ 71.4544121, 51.1684513 ], [ 71.4543683, 51.1683929 ] ] ], [ [ [ 71.455026530668903, 51.168792360297005 ], [ 71.455140829694727, 51.168970860571115 ], [ 71.455408, 51.1689521 ], [ 71.455779927212362, 51.168845580332544 ], [ 71.455624260977658, 51.168894423942596 ], [ 71.45596928846939, 51.169327121197448 ], [ 71.455724306853867, 51.169399590426487 ], [ 71.455817706686361, 51.169523590482086 ], [ 71.4558845, 51.1695189 ], [ 71.456076799014809, 51.16946194772089 ], [ 71.45629535191938, 51.169736027130199 ], [ 71.4568297, 51.1696985 ], [ 71.4570548, 51.169628 ], [ 71.456975211088334, 51.169528195555394 ], [ 71.4574393, 51.1694956 ], [ 71.4576644, 51.1694251 ], [ 71.4569932, 51.1685834 ], [ 71.456458864942007, 51.168620927706577 ], [ 71.456233863909404, 51.168691526691369 ], [ 71.456313367335838, 51.168791232372364 ], [ 71.45585804070798, 51.168823208476311 ], [ 71.455908, 51.1688089 ], [ 71.4558285, 51.1686998 ], [ 71.455174030984381, 51.168750060630082 ], [ 71.455026530668903, 51.168792360297005 ] ] ], [ [ [ 71.4554743, 51.1692787 ], [ 71.4553728, 51.1691473 ], [ 71.455306007160232, 51.169151990183394 ], [ 71.454668006803715, 51.169345589823415 ], [ 71.454769406626525, 51.169476989883698 ], [ 71.4548362, 51.1694723 ], [ 71.4554743, 51.1692787 ] ] ], [ [ [ 71.4551441, 51.1695131 ], [ 71.455077306605006, 51.169517790059977 ], [ 71.454848806473763, 51.169589589931093 ], [ 71.455147505971198, 51.169963190108419 ], [ 71.4552143, 51.1699585 ], [ 71.4554431, 51.1698865 ], [ 71.4551441, 51.1695131 ] ] ], [ [ [ 71.4561702, 51.1703214 ], [ 71.456103405563709, 51.170326090660119 ], [ 71.455956278705415, 51.170378133980499 ], [ 71.4559134, 51.1703305 ], [ 71.455846605519454, 51.170335190513931 ], [ 71.455704605429858, 51.170385390433943 ], [ 71.455809205274804, 51.170501690495762 ], [ 71.455876, 51.170497 ], [ 71.456018, 51.1704467 ], [ 71.456152, 51.1704353 ], [ 71.4562436, 51.1704029 ], [ 71.4561702, 51.1703214 ] ] ], [ [ [ 71.454778, 51.1704147 ], [ 71.454577615736724, 51.170428769491217 ], [ 71.454407015444104, 51.170482069202542 ], [ 71.454705913910004, 51.170861769735211 ], [ 71.4549063, 51.1708477 ], [ 71.4550744, 51.17079660000001 ], [ 71.454778, 51.1704147 ] ] ], [ [ [ 71.4556498, 51.1705284 ], [ 71.455583005202115, 51.170533090367442 ], [ 71.455426705106589, 51.170586190279352 ], [ 71.455726604647424, 51.170929790456796 ], [ 71.4557934, 51.1709251 ], [ 71.4559481, 51.1708723 ], [ 71.4556498, 51.1705284 ] ] ], [ [ [ 71.455201, 51.1712862 ], [ 71.4554029, 51.1712239 ], [ 71.4553164, 51.1710683 ], [ 71.4551884, 51.1709542 ], [ 71.455121604532096, 51.170958890112516 ], [ 71.454924304418924, 51.171020790001243 ], [ 71.455134204054843, 51.171290890125981 ], [ 71.455201, 51.1712862 ] ] ], [ [ [ 71.4546286, 51.171074099999984 ], [ 71.454561804291373, 51.171078789795722 ], [ 71.454351504183677, 51.171135789676931 ], [ 71.454439404010429, 51.171263289729453 ], [ 71.4545062, 51.1712586 ], [ 71.4547165, 51.1712016 ], [ 71.4546286, 51.171074099999984 ] ] ], [ [ [ 71.4550055, 51.1712871 ], [ 71.454938704029857, 51.171291790014585 ], [ 71.454396003733621, 51.171451589708283 ], [ 71.454478103584918, 51.171561589757154 ], [ 71.4545449, 51.1715569 ], [ 71.4550883, 51.1713964 ], [ 71.4550055, 51.1712871 ] ] ], [ [ [ 71.4552756, 51.1722621 ], [ 71.4552429, 51.1722214 ], [ 71.4551712, 51.1721895 ], [ 71.455027202750756, 51.172186090081958 ], [ 71.45497340271973, 51.172203090051624 ], [ 71.454936002652019, 51.172246890031133 ], [ 71.454937202554945, 51.1723142900331 ], [ 71.454966702505743, 51.172350890050602 ], [ 71.455045802468888, 51.172383090096318 ], [ 71.4551891, 51.1723812 ], [ 71.4552442, 51.1723638 ], [ 71.4552792, 51.1723266 ], [ 71.4552756, 51.1722621 ] ] ], [ [ [ 71.4555968, 51.1725203 ], [ 71.456136, 51.172345699999987 ], [ 71.4559281, 51.1720797 ], [ 71.455861302998528, 51.172084390555476 ], [ 71.455316402691054, 51.172251790248048 ], [ 71.455530002322902, 51.172524990374981 ], [ 71.4555968, 51.1725203 ] ] ], [ [ [ 71.455433, 51.1724455 ], [ 71.4553613, 51.1724137 ], [ 71.455284, 51.1724056 ], [ 71.455163502419538, 51.172427190164221 ], [ 71.455126102351841, 51.172470990143744 ], [ 71.455127302254624, 51.172538490145712 ], [ 71.455156702205414, 51.172575090163157 ], [ 71.455235702168551, 51.172607290208795 ], [ 71.4553791, 51.1726054 ], [ 71.4554343, 51.1725879 ], [ 71.455469300000019, 51.1725507 ], [ 71.455465700000019, 51.1724863 ], [ 71.455433, 51.1724455 ] ] ], [ [ [ 71.4565349, 51.1726877 ], [ 71.4565297, 51.1726331 ], [ 71.4564996, 51.1725988 ], [ 71.4564365, 51.1725741 ], [ 71.456288502332058, 51.172582390808408 ], [ 71.456219002289032, 51.172606390769225 ], [ 71.456162702219032, 51.172650190737969 ], [ 71.456172502140575, 51.172705390744611 ], [ 71.456203902092767, 51.172741190763183 ], [ 71.456262402066827, 51.172764090796974 ], [ 71.4564323, 51.1727493 ], [ 71.4564868, 51.1727305 ], [ 71.4565349, 51.1726877 ] ] ], [ [ [ 71.4558421, 51.1726486 ], [ 71.455812, 51.1726143 ], [ 71.4557489, 51.172589600000016 ], [ 71.455600902226351, 51.172597890416768 ], [ 71.455531502183334, 51.172621890377677 ], [ 71.455475102113311, 51.172665690346328 ], [ 71.455485002035033, 51.172720790353047 ], [ 71.455516401987069, 51.172756690371614 ], [ 71.455574801961276, 51.172779490405333 ], [ 71.4557448, 51.1727648 ], [ 71.4557993, 51.172746 ], [ 71.4558473, 51.1727032 ], [ 71.4558421, 51.1726486 ] ] ], [ [ [ 71.4549513, 51.1725536 ], [ 71.454884502196649, 51.1725582900077 ], [ 71.453879701578714, 51.172902289441467 ], [ 71.453979101426185, 51.17301638950029 ], [ 71.4540459, 51.1730117 ], [ 71.4550507, 51.1726678 ], [ 71.4549513, 51.1725536 ] ] ], [ [ [ 71.4553852, 51.1727816 ], [ 71.455345, 51.1727395 ], [ 71.455278201976228, 51.172744190235612 ], [ 71.455183001919835, 51.172775290181946 ], [ 71.455220501868553, 51.172813990204027 ], [ 71.4553852, 51.1727816 ] ] ], [ [ [ 71.4561411, 51.1727572 ], [ 71.456111, 51.1727228 ], [ 71.4560478, 51.1726982 ], [ 71.455899902105827, 51.17270659058925 ], [ 71.455830402062915, 51.172730490550116 ], [ 71.455774001992907, 51.172774290518788 ], [ 71.455783901914486, 51.17282949052548 ], [ 71.455815301866664, 51.172865290544053 ], [ 71.455873701840858, 51.172888090577764 ], [ 71.4560437, 51.1728734 ], [ 71.456098200000014, 51.1728546 ], [ 71.4561463, 51.1728118 ], [ 71.4561411, 51.1727572 ] ] ], [ [ [ 71.455190800000011, 51.1728813 ], [ 71.45512400175302, 51.172885990150412 ], [ 71.454348101290037, 51.173141789712993 ], [ 71.454491001061569, 51.17331218979767 ], [ 71.4545578, 51.1733075 ], [ 71.4553337, 51.1730517 ], [ 71.455190800000011, 51.1728813 ] ] ], [ [ [ 71.454637600878257, 51.173451589883875 ], [ 71.454917700416459, 51.17379529005003 ], [ 71.455064900388848, 51.173826790134548 ], [ 71.4551317, 51.17382210000001 ], [ 71.4553553, 51.1737505 ], [ 71.4549532, 51.1732669 ], [ 71.454886401168054, 51.173271590022274 ], [ 71.454689201053142, 51.173334689911087 ], [ 71.454637600878257, 51.173451589883875 ] ] ], [ [ [ 71.4556948, 51.1733621 ], [ 71.455628001120616, 51.173366790446792 ], [ 71.455442901020291, 51.173420790342298 ], [ 71.455653500636458, 51.173704590467729 ], [ 71.4557203, 51.1736999 ], [ 71.455905300000012, 51.1736459 ], [ 71.4556948, 51.1733621 ] ] ], [ [ [ 71.456379, 51.1736964 ], [ 71.456312200721356, 51.17370109084311 ], [ 71.45618880064093, 51.173746490773638 ], [ 71.456239800557384, 51.173808690803895 ], [ 71.4563066, 51.173804 ], [ 71.456434, 51.1737586 ], [ 71.456379, 51.1736964 ] ] ], [ [ [ 71.4554845, 51.173951399999986 ], [ 71.455417700245121, 51.173956090338073 ], [ 71.455029900027043, 51.174074690119284 ], [ 71.455113499882103, 51.174182190168985 ], [ 71.4551803, 51.1741775 ], [ 71.4555681, 51.1740589 ], [ 71.4554845, 51.173951399999986 ] ] ], [ [ [ 71.454921798773256, 51.174934790073969 ], [ 71.4549886, 51.1749301 ], [ 71.456107624295001, 51.174598408809366 ], [ 71.456217099208388, 51.174741990808634 ], [ 71.45626237825752, 51.174738811279397 ], [ 71.456363299023593, 51.174882390894652 ], [ 71.4564301, 51.17487770000001 ], [ 71.456612, 51.1748207 ], [ 71.4565002, 51.1746805 ], [ 71.456449722906854, 51.174684044646277 ], [ 71.4563923839046, 51.174608841869556 ], [ 71.456429999386529, 51.174636390927972 ], [ 71.4564968, 51.174631699999978 ], [ 71.4566606, 51.17458220000001 ], [ 71.4560302, 51.173762699999983 ], [ 71.455963400583443, 51.173767390645551 ], [ 71.455724600450353, 51.173839590510831 ], [ 71.456218499584324, 51.174481490804503 ], [ 71.456302544108908, 51.174543044261128 ], [ 71.456145506545866, 51.174583458661267 ], [ 71.4559126, 51.1742746 ], [ 71.455845799830811, 51.174279290588224 ], [ 71.454924999325414, 51.174552290068533 ], [ 71.454729799117246, 51.174680189959716 ], [ 71.454921798773256, 51.174934790073969 ] ] ], [ [ [ 71.4547235, 51.1742615 ], [ 71.454656699705581, 51.174266189910192 ], [ 71.454420499571356, 51.174339389776961 ], [ 71.454514499410664, 51.17445868983279 ], [ 71.4545813, 51.174454 ], [ 71.454817500000019, 51.1743807 ], [ 71.4547235, 51.1742615 ] ] ], [ [ [ 71.4549649, 51.1743731 ], [ 71.454898099573853, 51.17437779004991 ], [ 71.45454999935049, 51.174503389853861 ], [ 71.454639699220436, 51.174601089906858 ], [ 71.4547065, 51.1745964 ], [ 71.4550546, 51.1744708 ], [ 71.4549649, 51.1743731 ] ] ], [ [ [ 71.4562589, 51.174781 ], [ 71.456192099142314, 51.174785690795218 ], [ 71.455040998523287, 51.175118090145389 ], [ 71.455226998180592, 51.175371290256187 ], [ 71.4552938, 51.1753666 ], [ 71.456445, 51.1750342 ], [ 71.4562589, 51.174781 ] ] ], [ [ [ 71.4567577, 51.1755151 ], [ 71.456900966881818, 51.17547019015251 ], [ 71.457019898040187, 51.175619291282871 ], [ 71.4570867, 51.1756146 ], [ 71.457262, 51.1755597 ], [ 71.4569466, 51.1751643 ], [ 71.456879798672759, 51.175168991194475 ], [ 71.45670459857233, 51.175223891095655 ], [ 71.456022098265422, 51.175379290709557 ], [ 71.455569598006022, 51.175521090454318 ], [ 71.455597857898141, 51.175556520252073 ], [ 71.455390497855475, 51.175610390353931 ], [ 71.455510897634511, 51.175773690425643 ], [ 71.4555777, 51.175769 ], [ 71.4557569, 51.175717 ], [ 71.455723022698407, 51.175671041898319 ], [ 71.4567577, 51.1755151 ] ] ], [ [ [ 71.4544097, 51.1752353 ], [ 71.454342898262823, 51.175239989749763 ], [ 71.454126998138435, 51.17530808962799 ], [ 71.454532497458061, 51.175813789868727 ], [ 71.4545993, 51.1758091 ], [ 71.4548152, 51.175741 ], [ 71.4544097, 51.1752353 ] ] ], [ [ [ 71.4560227, 51.175788 ], [ 71.455955897661028, 51.175792690679657 ], [ 71.455774497558266, 51.175848690577332 ], [ 71.455790640178364, 51.175869226639655 ], [ 71.455608197441606, 51.175915590483804 ], [ 71.455688997295454, 51.176023690531906 ], [ 71.4557558, 51.176019 ], [ 71.455879761919718, 51.175982603743783 ], [ 71.455901997339723, 51.176010890653089 ], [ 71.4559688, 51.1760062 ], [ 71.4561502, 51.1759501 ], [ 71.4560227, 51.175788 ] ] ], [ [ [ 71.456417496687124, 51.176506590956308 ], [ 71.4564843, 51.1765019 ], [ 71.4567139, 51.176430599999989 ], [ 71.4563547, 51.1759758 ], [ 71.456287897430371, 51.175980490872469 ], [ 71.455930797227239, 51.176091290670996 ], [ 71.456215596741416, 51.176451990840178 ], [ 71.456417496687124, 51.176506590956308 ] ] ], [ [ [ 71.457044369947923, 51.14516179290257 ], [ 71.457573338838188, 51.145304027673411 ], [ 71.4589085, 51.1452102 ], [ 71.458997, 51.145080699999987 ], [ 71.4584302, 51.1449283 ], [ 71.458387945228409, 51.144931269508049 ], [ 71.4584305, 51.144869 ], [ 71.4578637, 51.1447166 ], [ 71.457457708210981, 51.144745129059238 ], [ 71.4576732, 51.1445279 ], [ 71.4577653, 51.1444014 ], [ 71.4568489, 51.1441388 ], [ 71.456782143376216, 51.144143490550363 ], [ 71.456186342125719, 51.144961790226418 ], [ 71.456960541899946, 51.145183690671743 ], [ 71.4570273, 51.145179 ], [ 71.457044369947923, 51.14516179290257 ] ] ], [ [ [ 71.455818740049807, 51.146372390043737 ], [ 71.4558855, 51.1463677 ], [ 71.455903300000017, 51.1463429 ], [ 71.455671179537063, 51.146273653168564 ], [ 71.45622280000002, 51.1462349 ], [ 71.4568348, 51.1453866 ], [ 71.4560682, 51.1451758 ], [ 71.45570165588326, 51.145201551224822 ], [ 71.4565252, 51.144112 ], [ 71.456452, 51.1440929 ], [ 71.456385243394251, 51.144097590323341 ], [ 71.455556370215916, 51.145211757812461 ], [ 71.455491288278708, 51.145216329879389 ], [ 71.4563322, 51.1440529 ], [ 71.4561615, 51.1440046 ], [ 71.456094743486204, 51.144009290156148 ], [ 71.454668340442893, 51.146002689381241 ], [ 71.454826292636056, 51.146045112622758 ], [ 71.454805004212304, 51.146075596312663 ], [ 71.455044445204479, 51.146141411359842 ], [ 71.455008940212394, 51.146191389578895 ], [ 71.455034640157621, 51.146231589594301 ], [ 71.455657140060765, 51.146351189951247 ], [ 71.455724478896641, 51.146345683823967 ], [ 71.455818740049807, 51.146372390043737 ] ] ], [ [ [ 71.457158300000017, 51.1465409 ], [ 71.4578732, 51.1455778 ], [ 71.457665, 51.1455169 ], [ 71.457598241490615, 51.145521591041486 ], [ 71.456422540384324, 51.146190890384311 ], [ 71.456325340184037, 51.14632179033142 ], [ 71.457091539954561, 51.146545590772213 ], [ 71.457158300000017, 51.1465409 ] ] ], [ [ [ 71.454826619396755, 51.146473468554909 ], [ 71.455510319064501, 51.14660786973122 ], [ 71.4557106, 51.1465938 ], [ 71.455770700000016, 51.1465082 ], [ 71.4549618, 51.1462847 ], [ 71.454761520127903, 51.146298768433695 ], [ 71.454669419527619, 51.146429968283726 ], [ 71.454826619396755, 51.146473468554909 ] ] ], [ [ [ 71.4571925, 51.1467943 ], [ 71.457125739593764, 51.146798990796526 ], [ 71.457082039479729, 51.146874490773051 ], [ 71.457141039467587, 51.146887890806923 ], [ 71.4572078, 51.1468832 ], [ 71.4572515, 51.1468078 ], [ 71.4571925, 51.1467943 ] ] ], [ [ [ 71.4552147, 51.1473335 ], [ 71.455402948630351, 51.147081644518153 ], [ 71.4554833, 51.147076 ], [ 71.4556396, 51.146853 ], [ 71.4554839, 51.14681 ], [ 71.455283618048028, 51.146824069356022 ], [ 71.45513305130622, 51.147038984191518 ], [ 71.45510037801381, 51.147041279332157 ], [ 71.454911877231339, 51.147297079127036 ], [ 71.455081177140428, 51.147342879321705 ], [ 71.4552147, 51.1473335 ] ] ], [ [ [ 71.4569024, 51.146841 ], [ 71.456835639491359, 51.146845690632105 ], [ 71.45676093933281, 51.146949490591524 ], [ 71.456955939276796, 51.147004790703662 ], [ 71.4570227, 51.1470001 ], [ 71.4570975, 51.1468962 ], [ 71.4569024, 51.146841 ] ] ], [ [ [ 71.455771515088955, 51.147549970231296 ], [ 71.4559718, 51.1475359 ], [ 71.456212235992524, 51.147189980128239 ], [ 71.456256016766005, 51.147202571039713 ], [ 71.4564563, 51.1471885 ], [ 71.4567421, 51.1467977 ], [ 71.4565592, 51.146745 ], [ 71.456358918719573, 51.146759071190374 ], [ 71.456114753248556, 51.147093023944407 ], [ 71.4560726, 51.1470815 ], [ 71.455872317088875, 51.147095570377743 ], [ 71.455590815236732, 51.147500569919622 ], [ 71.455771515088955, 51.147549970231296 ] ] ], [ [ [ 71.4570027, 51.1470927 ], [ 71.456764, 51.147025 ], [ 71.456697239209589, 51.147029690556735 ], [ 71.45662943906585, 51.147123790519885 ], [ 71.456868138997251, 51.147191490657193 ], [ 71.4569349, 51.1471868 ], [ 71.4570027, 51.1470927 ] ] ], [ [ [ 71.4555791, 51.1471517 ], [ 71.455512338883594, 51.14715638988401 ], [ 71.45547323878958, 51.147218389862921 ], [ 71.455623338754165, 51.147255589949133 ], [ 71.4556901, 51.147250899999989 ], [ 71.4557292, 51.147189 ], [ 71.4555791, 51.1471517 ] ] ], [ [ [ 71.4568909, 51.1472171 ], [ 71.4567029, 51.1471604 ], [ 71.456636139007188, 51.147165090524503 ], [ 71.456545738826591, 51.147282890475218 ], [ 71.456581020303929, 51.147293555716026 ], [ 71.456526438803351, 51.147297390464495 ], [ 71.45645763865015, 51.147397990427194 ], [ 71.456647138599635, 51.147448990536162 ], [ 71.4567139, 51.1474443 ], [ 71.4567827, 51.1473437 ], [ 71.456760729798148, 51.147337787196932 ], [ 71.4568004, 51.147335 ], [ 71.4568909, 51.1472171 ] ] ], [ [ [ 71.4575312, 51.1473825 ], [ 71.4573571, 51.1473369 ], [ 71.457290338832237, 51.147341590900595 ], [ 71.457215838661909, 51.14745359086028 ], [ 71.457389838617317, 51.147499190960282 ], [ 71.4574566, 51.1474945 ], [ 71.4575312, 51.1473825 ] ] ], [ [ [ 71.4565074, 51.1474444 ], [ 71.456440638574477, 51.147449090418498 ], [ 71.456336138346373, 51.147598690361797 ], [ 71.456564538283587, 51.147661490493121 ], [ 71.4566313, 51.1476568 ], [ 71.4567359, 51.1475073 ], [ 71.4565074, 51.1474444 ] ] ], [ [ [ 71.4551176, 51.1474314 ], [ 71.454917315230105, 51.14744546876522 ], [ 71.454848914784421, 51.147542868653844 ], [ 71.455578514178868, 51.147744369912459 ], [ 71.4557788, 51.1477303 ], [ 71.4558472, 51.1476329 ], [ 71.4551176, 51.1474314 ] ] ], [ [ [ 71.457189, 51.1474709 ], [ 71.457122238618879, 51.147475590807346 ], [ 71.457033138422887, 51.147604190759033 ], [ 71.457336538340527, 51.147686890933464 ], [ 71.4574033, 51.1476822 ], [ 71.4574924, 51.1475536 ], [ 71.457189, 51.1474709 ] ] ], [ [ [ 71.456388, 51.1476171 ], [ 71.45632123831129, 51.147621790353725 ], [ 71.456207938078208, 51.147774090292074 ], [ 71.456348338036022, 51.147815190372846 ], [ 71.4564151, 51.1478105 ], [ 71.4565285, 51.1476583 ], [ 71.456388, 51.1476171 ] ] ], [ [ [ 71.4550478, 51.1476217 ], [ 71.454981038142336, 51.147626389590187 ], [ 71.454930138038236, 51.147694389562467 ], [ 71.455623537827989, 51.147898689961437 ], [ 71.4556903, 51.147894 ], [ 71.4557412, 51.147826 ], [ 71.4550478, 51.1476217 ] ] ], [ [ [ 71.4570958, 51.14765 ], [ 71.45702903834966, 51.147654690757662 ], [ 71.456946638171871, 51.147771190712902 ], [ 71.457142938116888, 51.147825890825793 ], [ 71.4572097, 51.1478212 ], [ 71.4572922, 51.1477047 ], [ 71.4570958, 51.14765 ] ] ], [ [ [ 71.4563874, 51.1478642 ], [ 71.4562186, 51.1478198 ], [ 71.456151837998831, 51.147824490261051 ], [ 71.456070437813821, 51.147946090216976 ], [ 71.456239237770319, 51.147990490314008 ], [ 71.456306, 51.1479858 ], [ 71.4563874, 51.1478642 ] ] ], [ [ [ 71.4569486, 51.1478042 ], [ 71.456881838109723, 51.1478088906767 ], [ 71.45680293793022, 51.147926890633983 ], [ 71.457013337875907, 51.147982290754918 ], [ 71.4570801, 51.1479776 ], [ 71.4571591, 51.1478596 ], [ 71.4569486, 51.1478042 ] ] ], [ [ [ 71.4549751, 51.1478003 ], [ 71.454908337876304, 51.147804989552156 ], [ 71.454873037803765, 51.147852389532936 ], [ 71.455637037574533, 51.148075789972509 ], [ 71.4557038, 51.14807110000001 ], [ 71.455739, 51.1480237 ], [ 71.4549751, 51.1478003 ] ] ], [ [ [ 71.4570346, 51.1480332 ], [ 71.456811, 51.1479661 ], [ 71.456744237859894, 51.147970790601377 ], [ 71.456638537647606, 51.148109290543779 ], [ 71.456862137578028, 51.148176390672461 ], [ 71.4569289, 51.1481717 ], [ 71.4570346, 51.1480332 ] ] ], [ [ [ 71.4552802, 51.1480784 ], [ 71.455213437512725, 51.14808308973128 ], [ 71.455149337378941, 51.148170589696406 ], [ 71.455245037350764, 51.148198189751454 ], [ 71.4553118, 51.1481935 ], [ 71.4553759, 51.1481059 ], [ 71.4552802, 51.1480784 ] ] ], [ [ [ 71.4557615, 51.1481837 ], [ 71.455694737419336, 51.148188390007498 ], [ 71.455659337346944, 51.148235689988226 ], [ 71.455768037314016, 51.148267690050773 ], [ 71.4558348, 51.148263 ], [ 71.4558702, 51.1482158 ], [ 71.4557615, 51.1481837 ] ] ], [ [ [ 71.4578212, 51.1484677 ], [ 71.4576477, 51.1484213 ], [ 71.457594466030372, 51.148425040492839 ], [ 71.457648765993383, 51.148358538322299 ], [ 71.4579169, 51.1483401 ], [ 71.4580514, 51.148164299999983 ], [ 71.4575195, 51.1480041 ], [ 71.457252451474858, 51.14802286379544 ], [ 71.457117950396864, 51.148198663502242 ], [ 71.45730833952058, 51.148256006662244 ], [ 71.457245936259994, 51.148348108179093 ], [ 71.457152137369192, 51.148345790840921 ], [ 71.457024337082203, 51.148534290771664 ], [ 71.457331267263271, 51.148606330120558 ], [ 71.457308410937756, 51.148639972920442 ], [ 71.457481810800275, 51.148686373219491 ], [ 71.4576821, 51.148672299999987 ], [ 71.4578212, 51.1484677 ] ], [ [ 71.457306909886256, 51.148373986505746 ], [ 71.457507058774041, 51.148431182122998 ], [ 71.457447411872323, 51.148435373146391 ], [ 71.457389302788044, 51.148520905939051 ], [ 71.457306909886256, 51.148373986505746 ] ] ], [ [ [ 71.4555808, 51.1484174 ], [ 71.455514037060865, 51.148422089908983 ], [ 71.455472836968156, 51.148482989886659 ], [ 71.455593436936368, 51.14851518995598 ], [ 71.4556602, 51.1485105 ], [ 71.4557021, 51.1484496 ], [ 71.4555808, 51.1484174 ] ] ], [ [ [ 71.4563818, 51.14838850000001 ], [ 71.456315037199516, 51.148393190364835 ], [ 71.456144336834313, 51.148632390272105 ], [ 71.456326336782752, 51.148683490376769 ], [ 71.4563931, 51.1486788 ], [ 71.4565638, 51.1484396 ], [ 71.4563818, 51.14838850000001 ] ] ], [ [ [ 71.4565692, 51.1500143 ], [ 71.456583, 51.1499073 ], [ 71.4563684, 51.1498409 ], [ 71.455967810412659, 51.149869041739159 ], [ 71.455837708566236, 51.150071741317412 ], [ 71.456044208258263, 51.150124742029433 ], [ 71.4564448, 51.1500966 ], [ 71.4565692, 51.1500143 ] ] ], [ [ [ 71.455542006313379, 51.150307540333316 ], [ 71.455806731692874, 51.150384187831108 ], [ 71.455505471164102, 51.150405350088043 ], [ 71.455417570125576, 51.15054214985058 ], [ 71.455811569495594, 51.150662750984537 ], [ 71.4561454, 51.1506393 ], [ 71.4562627, 51.1506066 ], [ 71.4562715, 51.1504543 ], [ 71.455920064742415, 51.150395429448459 ], [ 71.4562607, 51.1503715 ], [ 71.4564165, 51.1501598 ], [ 71.4562588, 51.150114 ], [ 71.455858207972696, 51.150142141395527 ], [ 71.455639107523922, 51.150175640650275 ], [ 71.455542006313379, 51.150307540333316 ] ] ], [ [ [ 71.4554675, 51.1503675 ], [ 71.4553525, 51.1503313 ], [ 71.45528573427643, 51.150335989815169 ], [ 71.455184834082559, 51.150462089760076 ], [ 71.455299834044354, 51.150498289826288 ], [ 71.4553666, 51.1504936 ], [ 71.4554675, 51.1503675 ] ] ], [ [ [ 71.4556978, 51.1536227 ], [ 71.455497488685339, 51.153636770109138 ], [ 71.454991187373238, 51.153897769258471 ], [ 71.454940987026504, 51.153973769176964 ], [ 71.454898185796381, 51.154254769119774 ], [ 71.454984685373077, 51.154359969273635 ], [ 71.455035385334028, 51.154373269361059 ], [ 71.4554709, 51.1543514 ], [ 71.4560874, 51.154022399999988 ], [ 71.4562588, 51.1537712 ], [ 71.4556978, 51.1536227 ] ] ], [ [ [ 71.456397720739446, 51.157480053301093 ], [ 71.456388713308712, 51.157658107307256 ], [ 71.456286423840211, 51.157663590524336 ], [ 71.456291723705107, 51.157757790529161 ], [ 71.456383774435167, 51.157755735894789 ], [ 71.456371313231116, 51.158002060029581 ], [ 71.4554704, 51.1579914 ], [ 71.455136516121982, 51.158014849758217 ], [ 71.455133115297045, 51.158129049759346 ], [ 71.456147215824899, 51.158141052650002 ], [ 71.456365055825685, 51.158125751270781 ], [ 71.456364215946991, 51.158142353268424 ], [ 71.456629716069656, 51.158147654025441 ], [ 71.4569636, 51.1581242 ], [ 71.45692988875733, 51.157497285840797 ], [ 71.457203, 51.1574781 ], [ 71.457213403088815, 51.157178491051162 ], [ 71.4573124, 51.1571738 ], [ 71.4573191, 51.1568584 ], [ 71.4569288, 51.156724599999983 ], [ 71.456862025256328, 51.156729290834626 ], [ 71.456868620636001, 51.15686895572987 ], [ 71.456692125231569, 51.156881354083147 ], [ 71.456688686066968, 51.157157800041659 ], [ 71.456545524593722, 51.157162490662486 ], [ 71.456548224501972, 51.157226390665258 ], [ 71.456687875931351, 51.157222920319192 ], [ 71.456684928035358, 51.157459878524136 ], [ 71.456397720739446, 51.157480053301093 ] ] ], [ [ [ 71.457653524933491, 51.157019891291199 ], [ 71.457508624697752, 51.15717129121149 ], [ 71.457571852978305, 51.157195114285393 ], [ 71.457551323481127, 51.157196556561161 ], [ 71.457466322777535, 51.157287056327554 ], [ 71.459068519467849, 51.157881160949088 ], [ 71.459381217893338, 51.157859188442579 ], [ 71.459323023841918, 51.157917792259639 ], [ 71.459391423807688, 51.157947292299141 ], [ 71.4594582, 51.1579426 ], [ 71.45978, 51.1578265 ], [ 71.4595601, 51.1577416 ], [ 71.459493324109715, 51.157746292353416 ], [ 71.459476749713431, 51.157762983569611 ], [ 71.459269944463358, 51.157685944564662 ], [ 71.4593254, 51.157628 ], [ 71.4590988, 51.1575431 ], [ 71.459032024339848, 51.157547792086753 ], [ 71.45899571740928, 51.157583788646114 ], [ 71.458803193187663, 51.157512068260075 ], [ 71.4588542, 51.1574599 ], [ 71.458667, 51.1573878 ], [ 71.458600224511301, 51.157392491837754 ], [ 71.458568579890866, 51.157424856967381 ], [ 71.458219813675839, 51.15729637243944 ], [ 71.458275, 51.157237599999988 ], [ 71.4579406, 51.1571141 ], [ 71.457873824817668, 51.157118791418604 ], [ 71.457818424725943, 51.15717779138815 ], [ 71.457792623852143, 51.157179604053361 ], [ 71.4578891, 51.1570788 ], [ 71.4577203, 51.1570152 ], [ 71.457653524933491, 51.157019891291199 ] ] ], [ [ [ 71.455237622394378, 51.158578689944008 ], [ 71.455522721993688, 51.15888069011222 ], [ 71.4557922, 51.158876 ], [ 71.4561438, 51.1587766 ], [ 71.456147, 51.1586694 ], [ 71.4559284, 51.1584568 ], [ 71.455240722569414, 51.158457489943473 ], [ 71.455237622394378, 51.158578689944008 ] ] ], [ [ [ 71.4571297, 51.1595538 ], [ 71.457075201438414, 51.159489271838737 ], [ 71.4575531, 51.1594557 ], [ 71.4577342, 51.1593961 ], [ 71.4573796, 51.1589628 ], [ 71.457176, 51.1589164 ], [ 71.456508220608598, 51.158963308462397 ], [ 71.45580671652597, 51.159187604507238 ], [ 71.455898715029051, 51.159299205052669 ], [ 71.455950412503, 51.159309863705559 ], [ 71.455836842723926, 51.159350580638232 ], [ 71.456036897741242, 51.159570140440714 ], [ 71.455920852892888, 51.15960868674064 ], [ 71.456010351191495, 51.159714587376776 ], [ 71.4569477, 51.159643 ], [ 71.4570583, 51.1596062 ], [ 71.4571297, 51.1595538 ] ], [ [ 71.456430582951242, 51.159408860825529 ], [ 71.456723307851007, 51.159469210964808 ], [ 71.456499872922194, 51.159484905657457 ], [ 71.456430582951242, 51.159408860825529 ] ] ], [ [ [ 71.4576892, 51.1595555 ], [ 71.457013284493399, 51.159625364130889 ], [ 71.456795984006405, 51.159691563640578 ], [ 71.456396282852793, 51.159858062742096 ], [ 71.456480682309703, 51.159959362942146 ], [ 71.457292380777616, 51.160293364817797 ], [ 71.4575595, 51.1602746 ], [ 71.4581327, 51.160091 ], [ 71.4578386, 51.1596539 ], [ 71.4576892, 51.1595555 ] ] ], [ [ [ 71.456137120300326, 51.160107290485598 ], [ 71.45644201979475, 51.160483690666503 ], [ 71.4565088, 51.160479 ], [ 71.4566696, 51.1604288 ], [ 71.4567436, 51.1603833 ], [ 71.456476, 51.160045699999984 ], [ 71.456299920393263, 51.160056490577418 ], [ 71.456137120300326, 51.160107290485598 ] ] ], [ [ [ 71.4562123, 51.1607236 ], [ 71.4561746, 51.160668699999988 ], [ 71.456006719431684, 51.160698990422517 ], [ 71.456052019355454, 51.160755690449406 ], [ 71.4562123, 51.1607236 ] ] ], [ [ [ 71.458387358801843, 51.160792275456835 ], [ 71.4585877, 51.1607782 ], [ 71.4587648, 51.1607207 ], [ 71.4584458, 51.1603387 ], [ 71.45824546065063, 51.160352775189196 ], [ 71.458066260339862, 51.160409574886067 ], [ 71.458302543111415, 51.160691188762947 ], [ 71.458242719707869, 51.160695391696713 ], [ 71.457509319279524, 51.160930891283215 ], [ 71.457589819147046, 51.161029591330966 ], [ 71.4576566, 51.1610249 ], [ 71.458387358801843, 51.160792275456835 ] ] ], [ [ [ 71.456066206210778, 51.162319888351753 ], [ 71.4568676, 51.1622636 ], [ 71.458984103758809, 51.161591435288145 ], [ 71.459139793575901, 51.16179128021615 ], [ 71.459207692692857, 51.16183528084867 ], [ 71.459442538881746, 51.161818779757795 ], [ 71.459379318199879, 51.161837192366107 ], [ 71.459389739128596, 51.161851259491428 ], [ 71.459223691178693, 51.161902281014896 ], [ 71.459353787697225, 51.16206418225034 ], [ 71.459410621063327, 51.162060188933381 ], [ 71.459367687507395, 51.162073582379961 ], [ 71.459720777654852, 51.162530485738422 ], [ 71.460004417104969, 51.162649392737769 ], [ 71.4600712, 51.1626447 ], [ 71.4602685, 51.1625906 ], [ 71.460203871174883, 51.162496539689414 ], [ 71.4607893, 51.1624554 ], [ 71.4609813, 51.1623945 ], [ 71.460625, 51.1619396 ], [ 71.46056783911132, 51.161943616939503 ], [ 71.4611221, 51.1617704 ], [ 71.4609909, 51.1616125 ], [ 71.460422353590047, 51.161652454941091 ], [ 71.460253820830133, 51.16124415210561 ], [ 71.4606156, 51.1611375 ], [ 71.4604915, 51.1609859 ], [ 71.459423010967484, 51.161060982576643 ], [ 71.459043000209974, 51.161182011338049 ], [ 71.4589853, 51.1611106 ], [ 71.458183929234181, 51.161166902571743 ], [ 71.455763212256699, 51.161944886194291 ], [ 71.456066206210778, 51.162319888351753 ] ] ], [ [ [ 71.457829517506084, 51.162188191489555 ], [ 71.4581022, 51.1621552 ], [ 71.4582673, 51.1621054 ], [ 71.458256146095721, 51.162090861184119 ], [ 71.4584161, 51.16205630000001 ], [ 71.4583357, 51.1619527 ], [ 71.458169617836319, 51.161987691679577 ], [ 71.458185672893151, 51.162008379627025 ], [ 71.458010317765257, 51.162023591589467 ], [ 71.457761017626652, 51.162098791448813 ], [ 71.457829517506084, 51.162188191489555 ] ] ], [ [ [ 71.4575658, 51.162227 ], [ 71.457499017403293, 51.162231691302033 ], [ 71.457357817320897, 51.162276991222427 ], [ 71.457415317226094, 51.16234759125652 ], [ 71.4574821, 51.1623429 ], [ 71.4576234, 51.1622976 ], [ 71.4575658, 51.162227 ] ] ], [ [ [ 71.4582205, 51.162297700000011 ], [ 71.4581615, 51.1622216 ], [ 71.458094717483306, 51.162226291641417 ], [ 71.457921817386222, 51.162279091543873 ], [ 71.457980817283698, 51.162355191578968 ], [ 71.458047600000015, 51.1623505 ], [ 71.4582205, 51.162297700000011 ] ] ], [ [ [ 71.4569691, 51.1623886 ], [ 71.456902317098042, 51.162393290965028 ], [ 71.456787017033193, 51.162428590899985 ], [ 71.456867416894042, 51.162531890947761 ], [ 71.4569342, 51.162527199999985 ], [ 71.4570495, 51.1624919 ], [ 71.4569691, 51.1623886 ] ] ], [ [ [ 71.457731, 51.1623961 ], [ 71.457664217179584, 51.162400791399385 ], [ 71.457536117104809, 51.162441891327155 ], [ 71.457593117010958, 51.162511791360956 ], [ 71.4576599, 51.1625071 ], [ 71.457788, 51.162466 ], [ 71.457731, 51.1623961 ] ] ], [ [ [ 71.4582854, 51.1624542 ], [ 71.4582397, 51.1623953 ], [ 71.458172917242393, 51.162399991689277 ], [ 71.458044517170478, 51.162439091616847 ], [ 71.458090217091112, 51.162497991644003 ], [ 71.458157, 51.1624933 ], [ 71.4582854, 51.1624542 ] ] ], [ [ [ 71.4577839, 51.1625071 ], [ 71.457717117025993, 51.162511791431641 ], [ 71.457599716946334, 51.162557191365579 ], [ 71.457664016859553, 51.162622791403486 ], [ 71.4577308, 51.162618099999989 ], [ 71.4578483, 51.1625727 ], [ 71.4577839, 51.1625071 ] ] ], [ [ [ 71.4571154, 51.1625461 ], [ 71.457048616888741, 51.16255079105138 ], [ 71.456921516814688, 51.162591490979743 ], [ 71.456993316696526, 51.162679491022317 ], [ 71.4570601, 51.1626748 ], [ 71.4571871, 51.162634099999984 ], [ 71.4571154, 51.1625461 ] ] ], [ [ [ 71.4579341, 51.1627314 ], [ 71.4578391, 51.1626148 ], [ 71.457772316877424, 51.162619491465129 ], [ 71.457669416817396, 51.162652491407123 ], [ 71.457764416660837, 51.162769091463474 ], [ 71.4578312, 51.1627644 ], [ 71.4579341, 51.1627314 ] ] ], [ [ [ 71.4572461, 51.1626764 ], [ 71.457179316716775, 51.162681091128363 ], [ 71.457070016652921, 51.162716191066721 ], [ 71.457135116545786, 51.162795991105341 ], [ 71.4572019, 51.1627913 ], [ 71.4573112, 51.1627562 ], [ 71.4572461, 51.1626764 ] ] ], [ [ [ 71.4580184, 51.1627913 ], [ 71.457951616644749, 51.162795991570682 ], [ 71.457787316548874, 51.162848691478047 ], [ 71.457869516413524, 51.162949491526788 ], [ 71.4579363, 51.1629448 ], [ 71.4581006, 51.1628921 ], [ 71.4580184, 51.1627913 ] ] ], [ [ [ 71.4573909, 51.1628647 ], [ 71.457324116462885, 51.162869391214457 ], [ 71.457177816377538, 51.16291629113195 ], [ 71.457232516287604, 51.162983291164416 ], [ 71.4572993, 51.1629786 ], [ 71.4574455, 51.162931699999987 ], [ 71.4573909, 51.1628647 ] ] ], [ [ [ 71.4574475, 51.1629799 ], [ 71.457380716303675, 51.162984591248886 ], [ 71.457206016201781, 51.163040591150384 ], [ 71.457268516098779, 51.163117291187461 ], [ 71.4573353, 51.1631126 ], [ 71.45751, 51.1630566 ], [ 71.4574475, 51.1629799 ] ] ], [ [ [ 71.4580384, 51.1631119 ], [ 71.4582484, 51.1630446 ], [ 71.4581921, 51.1629755 ], [ 71.458009616373573, 51.162988991607371 ], [ 71.457897016307882, 51.163025091543901 ], [ 71.457971616185034, 51.163116591588157 ], [ 71.4580384, 51.1631119 ] ] ], [ [ [ 71.457417215909942, 51.163260791274922 ], [ 71.457484, 51.163256099999984 ], [ 71.4577456, 51.1631743 ], [ 71.4576877, 51.16310150000001 ], [ 71.457418116118504, 51.163116191272699 ], [ 71.457325216065456, 51.163145191220309 ], [ 71.457417215909942, 51.163260791274922 ] ] ], [ [ [ 71.45799981601877, 51.163234291606457 ], [ 71.458047515940095, 51.163292891634754 ], [ 71.4581143, 51.1632882 ], [ 71.4583435, 51.1631931 ], [ 71.4582675, 51.1631 ], [ 71.458200716229953, 51.163104691718488 ], [ 71.458077416158062, 51.163144191648975 ], [ 71.45799981601877, 51.163234291606457 ] ] ], [ [ [ 71.457524515696932, 51.163417591339055 ], [ 71.4577524, 51.1633964 ], [ 71.4578773, 51.1633563 ], [ 71.4578189, 51.1632848 ], [ 71.457594015908185, 51.163276891376 ], [ 71.457448015823005, 51.163323691293691 ], [ 71.457524515696932, 51.163417591339055 ] ] ], [ [ [ 71.457938615881773, 51.163324191573267 ], [ 71.457973878539647, 51.16337023356332 ], [ 71.457811102174958, 51.163422857205042 ], [ 71.4577887, 51.163395399999985 ], [ 71.457721915746077, 51.163400091451216 ], [ 71.457576615661281, 51.163446691369302 ], [ 71.45761013911725, 51.163487825671353 ], [ 71.457306916534108, 51.163585852179914 ], [ 71.4572559, 51.163525 ], [ 71.457189115494685, 51.163529691150032 ], [ 71.457041715403875, 51.163580291066978 ], [ 71.457030915317503, 51.163639291061948 ], [ 71.457055241761736, 51.163667213285358 ], [ 71.45690229237843, 51.163716658169157 ], [ 71.4568333, 51.1636304 ], [ 71.456766515291505, 51.163635090911193 ], [ 71.456604915198696, 51.163685890820048 ], [ 71.456625448256673, 51.163711564224478 ], [ 71.45657381515268, 51.163715190802883 ], [ 71.456413810842989, 51.163775224337236 ], [ 71.456355915033868, 51.163779290679926 ], [ 71.456211414949337, 51.163825790598459 ], [ 71.456270914851757, 51.163898490633741 ], [ 71.4564353, 51.1639041 ], [ 71.4565092, 51.1638803 ], [ 71.456482169082662, 51.16384726921688 ], [ 71.4565458, 51.163842799999983 ], [ 71.456703278830517, 51.163786876573369 ], [ 71.456725402059618, 51.16386032505541 ], [ 71.456796499916777, 51.163940625896288 ], [ 71.456894399868645, 51.163950527015928 ], [ 71.4582301, 51.1638567 ], [ 71.460041, 51.1632652 ], [ 71.4603545, 51.1631458 ], [ 71.4603706, 51.1630984 ], [ 71.4602756, 51.1629701 ], [ 71.459391484116921, 51.163032223598833 ], [ 71.4594263, 51.1630216 ], [ 71.4593609, 51.16293730000001 ], [ 71.459294116597036, 51.162941992338546 ], [ 71.459161716522743, 51.162982392263849 ], [ 71.459210254246955, 51.163044957116384 ], [ 71.458939930389647, 51.163063949994488 ], [ 71.458102831423048, 51.163328544402447 ], [ 71.458079, 51.1632974 ], [ 71.457938615881773, 51.163324191573267 ] ] ], [ [ [ 71.4562957, 51.1639557 ], [ 71.4562138, 51.1638556 ], [ 71.456147014891798, 51.163860290562383 ], [ 71.456047042801444, 51.163904302595213 ], [ 71.455979614802459, 51.163908190467914 ], [ 71.455805514702064, 51.163963190369707 ], [ 71.455858614613078, 51.164029390401247 ], [ 71.455925400000012, 51.1640247 ], [ 71.45608334357415, 51.163974894719196 ], [ 71.456104314684509, 51.164000490540744 ], [ 71.4561711, 51.1639958 ], [ 71.4562957, 51.1639557 ] ] ], [ [ [ 71.4580197, 51.1645607 ], [ 71.457952914094179, 51.164565391604988 ], [ 71.457811614018823, 51.164605791525226 ], [ 71.457867913914058, 51.164683191558773 ], [ 71.4579347, 51.1646785 ], [ 71.4580761, 51.164638 ], [ 71.4580197, 51.1645607 ] ] ], [ [ [ 71.4581603, 51.1646978 ], [ 71.458093513913582, 51.164702491687699 ], [ 71.457973813843708, 51.164740891620227 ], [ 71.458034913743134, 51.164815791656473 ], [ 71.4581017, 51.1648111 ], [ 71.4582214, 51.1647728 ], [ 71.4581603, 51.1646978 ] ] ], [ [ [ 71.4576655, 51.1648202 ], [ 71.4575828, 51.1647189 ], [ 71.457516013813162, 51.164723591358971 ], [ 71.4573877137382, 51.164764791286643 ], [ 71.457470413602195, 51.164866091335696 ], [ 71.4575372, 51.1648614 ], [ 71.4576655, 51.1648202 ] ] ], [ [ [ 71.4560756, 51.1647875 ], [ 71.456008813531582, 51.164792190501302 ], [ 71.455905613463429, 51.164830790443219 ], [ 71.455965313380275, 51.164893490478434 ], [ 71.4560321, 51.1648888 ], [ 71.4561352, 51.1648503 ], [ 71.4560756, 51.1647875 ] ] ], [ [ [ 71.4573952, 51.16478930000001 ], [ 71.457328413688927, 51.164793991253411 ], [ 71.457134213574989, 51.164856691143932 ], [ 71.457186913488812, 51.16492089117515 ], [ 71.457240683617869, 51.164930326860947 ], [ 71.457113913407312, 51.16497129113452 ], [ 71.457168013318991, 51.165037091166596 ], [ 71.4572348, 51.1650324 ], [ 71.457408, 51.1649765 ], [ 71.457384561462291, 51.164947896329913 ], [ 71.4575017, 51.164919 ], [ 71.4573952, 51.16478930000001 ] ] ], [ [ [ 71.457949, 51.1650871 ], [ 71.4583676, 51.1649589 ], [ 71.4582745, 51.16483920000001 ], [ 71.458207713723567, 51.164843891755474 ], [ 71.457713913445602, 51.164995191476933 ], [ 71.45777031334805, 51.165067591510443 ], [ 71.457882213326727, 51.165091791574682 ], [ 71.457949, 51.1650871 ] ] ], [ [ [ 71.4583156, 51.165184499999988 ], [ 71.4584666, 51.1651354 ], [ 71.4583502, 51.1649946 ], [ 71.45828341350871, 51.164999291801564 ], [ 71.458176313445421, 51.165034191741206 ], [ 71.458248813230767, 51.165189191785451 ], [ 71.4583156, 51.165184499999988 ] ] ], [ [ [ 71.4575858, 51.1651442 ], [ 71.457527, 51.165077199999985 ], [ 71.457460213289849, 51.165081891333976 ], [ 71.457264513168809, 51.165149391223707 ], [ 71.457323413079351, 51.165216391258575 ], [ 71.4573902, 51.1652117 ], [ 71.4575858, 51.1651442 ] ] ], [ [ [ 71.4576583, 51.1652314 ], [ 71.457591513083457, 51.165236091411735 ], [ 71.457381912953807, 51.165308391293657 ], [ 71.45744441285872, 51.165379591330627 ], [ 71.4575112, 51.16537490000001 ], [ 71.4577208, 51.1653026 ], [ 71.4576583, 51.1652314 ] ] ], [ [ [ 71.4577461, 51.165339 ], [ 71.457679312938964, 51.165343691463818 ], [ 71.457460112808008, 51.165416091340262 ], [ 71.45752691270134, 51.165495691379846 ], [ 71.4575937, 51.165491 ], [ 71.4578129, 51.165418699999989 ], [ 71.4577461, 51.165339 ] ] ], [ [ [ 71.4577388, 51.1654721 ], [ 71.457672012746187, 51.165476791462169 ], [ 71.457567612677593, 51.165515591403427 ], [ 71.457648312563975, 51.165601191451032 ], [ 71.4577151, 51.1655965 ], [ 71.4578196, 51.1655577 ], [ 71.4577388, 51.1654721 ] ] ], [ [ [ 71.4579225, 51.1655754 ], [ 71.457855712619519, 51.165580091568856 ], [ 71.457659512500157, 51.165646391458282 ], [ 71.457717212410415, 51.165713491492433 ], [ 71.457784, 51.1657088 ], [ 71.4579802, 51.1656425 ], [ 71.4579225, 51.1655754 ] ] ], [ [ [ 71.458156, 51.1657486 ], [ 71.4581302, 51.165715899999988 ], [ 71.457979, 51.165702 ], [ 71.457912212443844, 51.165706691603461 ], [ 71.457785712371845, 51.165745991532091 ], [ 71.457850012262156, 51.165827491570283 ], [ 71.4579168, 51.1658228 ], [ 71.458156, 51.1657486 ] ] ], [ [ [ 71.456342338723545, 51.165263172214878 ], [ 71.455408737040742, 51.165573770636293 ], [ 71.455561936007769, 51.165825470912544 ], [ 71.455722235194045, 51.166027071198087 ], [ 71.456027533886342, 51.166355071738742 ], [ 71.4562279, 51.166341 ], [ 71.4564265, 51.1662788 ], [ 71.456827, 51.1656087 ], [ 71.4565427, 51.1652491 ], [ 71.456342338723545, 51.165263172214878 ] ] ], [ [ [ 71.4580979, 51.1658892 ], [ 71.45804320000002, 51.1658199 ], [ 71.457976412281653, 51.165824591642277 ], [ 71.457864612218074, 51.16585929157921 ], [ 71.457919312124787, 51.165928591611696 ], [ 71.4579861, 51.16592390000001 ], [ 71.4580979, 51.1658892 ] ] ], [ [ [ 71.458284, 51.165997399999988 ], [ 71.4582173, 51.1659131 ], [ 71.458039812154524, 51.165918091680169 ], [ 71.457896512072864, 51.165962691599354 ], [ 71.457984911922523, 51.166074391651847 ], [ 71.4580517, 51.1660697 ], [ 71.458284, 51.165997399999988 ] ] ], [ [ [ 71.4582588, 51.1661588 ], [ 71.4583292, 51.1661374 ], [ 71.4582601, 51.1660481 ], [ 71.458193311978945, 51.16605279177022 ], [ 71.458013811878587, 51.166107291668943 ], [ 71.458066411786803, 51.166175391700229 ], [ 71.4582588, 51.1661588 ] ] ], [ [ [ 71.4583776, 51.1662501 ], [ 71.4583284, 51.1661877 ], [ 71.458261611785943, 51.166192391811784 ], [ 71.458143311718828, 51.166228991745065 ], [ 71.45819251163482, 51.166291391774287 ], [ 71.4582593, 51.1662867 ], [ 71.4583776, 51.1662501 ] ] ], [ [ [ 71.458441400000012, 51.1662766 ], [ 71.458374611671474, 51.166281291877866 ], [ 71.458221011580321, 51.166331591791277 ], [ 71.458282911480708, 51.166405891827985 ], [ 71.4583497, 51.1664012 ], [ 71.4585033, 51.1663509 ], [ 71.458441400000012, 51.1662766 ] ] ], [ [ [ 71.4571002, 51.1661669 ], [ 71.456899834956559, 51.1661809732203 ], [ 71.456224733727495, 51.166408372078948 ], [ 71.456311333301329, 51.166514172233029 ], [ 71.45651331607084, 51.166576352363286 ], [ 71.456693110706496, 51.166809190929541 ], [ 71.4567599, 51.1668045 ], [ 71.4570147, 51.1667271 ], [ 71.457005438320508, 51.166715105984878 ], [ 71.4571721, 51.1667034 ], [ 71.4574628, 51.16660980000001 ], [ 71.4571002, 51.1661669 ] ] ], [ [ [ 71.457958810482452, 51.167070991655891 ], [ 71.4580256, 51.1670663 ], [ 71.4584092, 51.166958 ], [ 71.4583987, 51.166802799999985 ], [ 71.4583602, 51.1667475 ], [ 71.458197210959483, 51.166760191785841 ], [ 71.457814310753449, 51.166870891569729 ], [ 71.457958810482452, 51.167070991655891 ] ] ], [ [ [ 71.4574841, 51.1668025 ], [ 71.457150153837233, 51.166825956331529 ], [ 71.456666052375923, 51.16698795496734 ], [ 71.456774251525204, 51.167115055287738 ], [ 71.4571082, 51.1670916 ], [ 71.4575922, 51.16692960000001 ], [ 71.4574841, 51.1668025 ] ] ], [ [ [ 71.4576989, 51.1671384 ], [ 71.457632110338878, 51.167143091471047 ], [ 71.457436310221709, 51.167207891360682 ], [ 71.45749371013035, 51.167276091394697 ], [ 71.4575605, 51.1672714 ], [ 71.4577563, 51.1672066 ], [ 71.4576989, 51.1671384 ] ] ], [ [ [ 71.4568205, 51.16728 ], [ 71.456753710028238, 51.167284690973098 ], [ 71.456617809950345, 51.167327290896445 ], [ 71.456678109848511, 51.167402990932267 ], [ 71.4567449, 51.1673983 ], [ 71.4568809, 51.1673557 ], [ 71.4568205, 51.16728 ] ] ], [ [ [ 71.4583298, 51.1673482 ], [ 71.458263010112873, 51.167352891834597 ], [ 71.458105310024976, 51.16740059174564 ], [ 71.458184009887162, 51.16750279179243 ], [ 71.4582508, 51.1674981 ], [ 71.4584085, 51.1674504 ], [ 71.4583298, 51.1673482 ] ] ], [ [ [ 71.4562771, 51.1674302 ], [ 71.456148609714106, 51.167451690631403 ], [ 71.45623440955724, 51.167567690682503 ], [ 71.4563656, 51.1675479 ], [ 71.4562771, 51.1674302 ] ] ], [ [ [ 71.457740687274125, 51.16760940843821 ], [ 71.4578006, 51.1676052 ], [ 71.457926091781403, 51.167561085665604 ], [ 71.458008709735282, 51.167593391694218 ], [ 71.4580755, 51.1675887 ], [ 71.4581404, 51.1675658 ], [ 71.4581719, 51.167512 ], [ 71.4581222, 51.1674563 ], [ 71.4580353, 51.167406699999987 ], [ 71.457968509992824, 51.167411391667855 ], [ 71.457888497398699, 51.167439554158754 ], [ 71.457749419856839, 51.167442783125182 ], [ 71.457569919631354, 51.167505882922953 ], [ 71.457628506024591, 51.167571468646301 ], [ 71.457479009628088, 51.167623191392906 ], [ 71.457550709519126, 51.167704791435312 ], [ 71.4576175, 51.1677001 ], [ 71.4577731, 51.1676462 ], [ 71.457740687274125, 51.16760940843821 ] ] ], [ [ [ 71.4573362, 51.167772 ], [ 71.4572655, 51.1676816 ], [ 71.457198709503118, 51.167686291234347 ], [ 71.457054509421766, 51.167730591152996 ], [ 71.457125209299988, 51.167820991195008 ], [ 71.457192, 51.1678163 ], [ 71.4573362, 51.167772 ] ] ], [ [ [ 71.456355, 51.1676301 ], [ 71.456288209467019, 51.167634790714423 ], [ 71.456125609369451, 51.16768879062279 ], [ 71.456435408877951, 51.168055690806305 ], [ 71.4565022, 51.168051 ], [ 71.4566648, 51.167997 ], [ 71.456355, 51.1676301 ] ] ], [ [ [ 71.4586836, 51.1677913 ], [ 71.458616809516869, 51.16779599204466 ], [ 71.458309509337298, 51.167894691871389 ], [ 71.458399109190125, 51.168004291924539 ], [ 71.4584659, 51.1679996 ], [ 71.4587732, 51.1679008 ], [ 71.4586836, 51.1677913 ] ] ], [ [ [ 71.4580089, 51.1681086 ], [ 71.4579278, 51.168004499999988 ], [ 71.457861009117806, 51.168009191617934 ], [ 71.457583108961416, 51.168094291461173 ], [ 71.457664108821135, 51.168198391509314 ], [ 71.4577309, 51.1681937 ], [ 71.4580089, 51.1681086 ] ] ], [ [ [ 71.4585129, 51.1681673 ], [ 71.458446108954007, 51.168171991954516 ], [ 71.458195908804271, 51.168254791813482 ], [ 71.458264508695081, 51.168336291854125 ], [ 71.458331300000012, 51.1683316 ], [ 71.4585815, 51.1682488 ], [ 71.4585129, 51.1681673 ] ] ], [ [ [ 71.4577521, 51.1684219 ], [ 71.4582308, 51.1682415 ], [ 71.4581757, 51.16816870000001 ], [ 71.4581089089111, 51.168173391762352 ], [ 71.457413008528249, 51.168380391369652 ], [ 71.457491608387954, 51.168484291416419 ], [ 71.4575584, 51.1684796 ], [ 71.4577521, 51.1684219 ] ] ], [ [ [ 71.458180296867653, 51.169063429760968 ], [ 71.458512907081584, 51.169476092017327 ], [ 71.458321506970861, 51.169536791909366 ], [ 71.458552606585442, 51.169823492046547 ], [ 71.45863300655698, 51.169849992092871 ], [ 71.4586998, 51.1698453 ], [ 71.4588825, 51.1697874 ], [ 71.45875072243615, 51.169623925643776 ], [ 71.458964606888472, 51.169647992278023 ], [ 71.4590314, 51.1696433 ], [ 71.4592534, 51.169572899999984 ], [ 71.458533, 51.1686791 ], [ 71.458939013828598, 51.168550394145555 ], [ 71.458897208383746, 51.168605392219824 ], [ 71.458851108159863, 51.16875679219644 ], [ 71.458965707968261, 51.168899292264463 ], [ 71.4590325, 51.1688946 ], [ 71.459839521533169, 51.168639205890123 ], [ 71.45987470838925, 51.168683792778445 ], [ 71.4599415, 51.1686791 ], [ 71.4603545, 51.168551 ], [ 71.4604456, 51.1684689 ], [ 71.4602712, 51.1682479 ], [ 71.4601104, 51.1681597 ], [ 71.4597154, 51.167984 ], [ 71.459648609364109, 51.167988692636371 ], [ 71.459389609216785, 51.168069092490292 ], [ 71.459640206230404, 51.168386642402425 ], [ 71.4594508, 51.1682703 ], [ 71.459384008919216, 51.168274992491007 ], [ 71.459073708739993, 51.168373192316018 ], [ 71.459008781267173, 51.16845860973649 ], [ 71.4588822, 51.1683015 ], [ 71.458815408805279, 51.168306192167535 ], [ 71.458615312016391, 51.16836964737066 ], [ 71.4585764, 51.1683218 ], [ 71.458509608738922, 51.168326491993625 ], [ 71.457726208294261, 51.168568991551744 ], [ 71.457780708203387, 51.168636591584082 ], [ 71.457833313241821, 51.168632896508406 ], [ 71.457942278760811, 51.168768100947915 ], [ 71.457710507899421, 51.168841491547951 ], [ 71.457828207703002, 51.168987591617807 ], [ 71.458006107559342, 51.169102191721386 ], [ 71.4580729, 51.1690975 ], [ 71.458180296867653, 51.169063429760968 ] ], [ [ 71.458408208419954, 51.168432327495097 ], [ 71.4584328, 51.1684306 ], [ 71.458555724537234, 51.16839120543851 ], [ 71.458373552995567, 51.168481334619031 ], [ 71.458363217504498, 51.168468521700362 ], [ 71.4584223, 51.1684498 ], [ 71.458408208419954, 51.168432327495097 ] ] ], [ [ [ 71.4576347, 51.1684721 ], [ 71.457457208347179, 51.168509691397283 ], [ 71.457515808242505, 51.168587191432167 ], [ 71.4576933, 51.1685496 ], [ 71.4576347, 51.1684721 ] ] ], [ [ [ 71.4581119, 51.1698976 ], [ 71.458045106410282, 51.169902291758767 ], [ 71.457888306315112, 51.169955091670417 ], [ 71.458245505758086, 51.170371391881915 ], [ 71.4583123, 51.17036670000001 ], [ 71.458469, 51.1703138 ], [ 71.4581119, 51.1698976 ] ] ], [ [ [ 71.4565134, 51.1700946 ], [ 71.456446605932385, 51.170099290851454 ], [ 71.456171405766199, 51.170191390696331 ], [ 71.456234305667124, 51.17026539073359 ], [ 71.4563011, 51.1702607 ], [ 71.4565764, 51.1701686 ], [ 71.4565134, 51.1700946 ] ] ], [ [ [ 71.456984, 51.1702086 ], [ 71.4569318, 51.1701395 ], [ 71.45686500591836, 51.170144191090763 ], [ 71.456586105765126, 51.170226990933351 ], [ 71.456638305671802, 51.170296090964435 ], [ 71.4567051, 51.170291400000011 ], [ 71.456984, 51.1702086 ] ] ], [ [ [ 71.4575511, 51.1702068 ], [ 71.457484305896372, 51.170211491445009 ], [ 71.457362605825807, 51.170250191376383 ], [ 71.457441405694624, 51.170347791423133 ], [ 71.4575082, 51.1703431 ], [ 71.45763, 51.1703044 ], [ 71.4575511, 51.1702068 ] ] ], [ [ [ 71.456876505451064, 51.170469191103493 ], [ 71.4570566, 51.1704374 ], [ 71.457048352216447, 51.170366307706409 ], [ 71.45706990558439, 51.17039299121226 ], [ 71.4571367, 51.1703883 ], [ 71.457401, 51.1703043 ], [ 71.4573383, 51.17022679999998 ], [ 71.457271505841746, 51.170231491324095 ], [ 71.457019118468139, 51.170311735436684 ], [ 71.456947605691141, 51.170308691140967 ], [ 71.456800105622207, 51.170344091057579 ], [ 71.456876505451064, 51.170469191103493 ] ] ], [ [ [ 71.4578493, 51.170319 ], [ 71.457782505770723, 51.170323691617106 ], [ 71.457457705570405, 51.170435291434103 ], [ 71.457554305422761, 51.17054579149125 ], [ 71.4576211, 51.1705411 ], [ 71.4579459, 51.1704295 ], [ 71.4578493, 51.170319 ] ] ], [ [ [ 71.4565537, 51.170580199999989 ], [ 71.4568289, 51.1704927 ], [ 71.4567464, 51.1703907 ], [ 71.456679605533608, 51.170395390989839 ], [ 71.456585205478916, 51.170425390936614 ], [ 71.45642640533751, 51.170510090847721 ], [ 71.456486905236972, 51.170584890883596 ], [ 71.4565537, 51.170580199999989 ] ] ], [ [ [ 71.4574678, 51.1705341 ], [ 71.457401005414269, 51.17053879140375 ], [ 71.457043005205307, 51.170653591201891 ], [ 71.457128705064264, 51.170758591252714 ], [ 71.4571955, 51.1707539 ], [ 71.4575535, 51.1706391 ], [ 71.4574678, 51.1705341 ] ] ], [ [ [ 71.4567037, 51.1708732 ], [ 71.4566294, 51.1707891 ], [ 71.456562604944892, 51.170793790930709 ], [ 71.455947504561991, 51.171007590584189 ], [ 71.456021804449691, 51.171091690628117 ], [ 71.4560886, 51.171087 ], [ 71.4567037, 51.1708732 ] ] ], [ [ [ 71.4583103, 51.1713236 ], [ 71.458243504377819, 51.171328291898909 ], [ 71.457702504057238, 51.171505091593907 ], [ 71.45780670388902, 51.171630491655677 ], [ 71.4578735, 51.1716258 ], [ 71.458414500000018, 51.171449 ], [ 71.4583103, 51.1713236 ] ] ], [ [ [ 71.4571837, 51.1714883 ], [ 71.456998903950591, 51.171519891193171 ], [ 71.457025703871338, 51.171577091209514 ], [ 71.4572212, 51.1715489 ], [ 71.4571837, 51.1714883 ] ] ], [ [ [ 71.4573703, 51.1717265 ], [ 71.4572784, 51.1716132 ], [ 71.457211603835049, 51.171617891316259 ], [ 71.456338603327978, 51.171896090823935 ], [ 71.456430403175702, 51.172009390878422 ], [ 71.4564972, 51.1720047 ], [ 71.4573703, 51.1717265 ] ] ], [ [ [ 71.4583792, 51.1719631 ], [ 71.4581495, 51.1717196 ], [ 71.458082703787198, 51.171724291814776 ], [ 71.457925403701495, 51.171770491726015 ], [ 71.458000803504405, 51.171913491771676 ], [ 71.458138903266146, 51.172090291853763 ], [ 71.458231903166663, 51.172167091908229 ], [ 71.4582987, 51.1721624 ], [ 71.4584622, 51.1721143 ], [ 71.4583792, 51.1719631 ] ] ], [ [ [ 71.4573124, 51.1718224 ], [ 71.457245603537444, 51.171827091339615 ], [ 71.45702180340561, 51.171899691213426 ], [ 71.457273402996364, 51.172204591362608 ], [ 71.4573402, 51.172199899999981 ], [ 71.4575639, 51.1721273 ], [ 71.4573124, 51.1718224 ] ] ], [ [ [ 71.4589822, 51.1722145 ], [ 71.4588983, 51.1721109 ], [ 71.458831503313661, 51.172115592249 ], [ 71.458295703002918, 51.172285991946836 ], [ 71.45837950286365, 51.17238959199657 ], [ 71.458420537549657, 51.172386709623048 ], [ 71.458374602846177, 51.172401291993999 ], [ 71.458681902334504, 51.172781892176367 ], [ 71.4587487, 51.1727772 ], [ 71.4589314, 51.17271920000001 ], [ 71.4586241, 51.1723386 ], [ 71.458582785431375, 51.172341502108381 ], [ 71.4589822, 51.1722145 ] ] ], [ [ [ 71.4577897, 51.1722711 ], [ 71.457722902948177, 51.172275791620173 ], [ 71.457301302672036, 51.172431791382806 ], [ 71.457399202533921, 51.172535791440588 ], [ 71.457466, 51.1725311 ], [ 71.4578876, 51.172375099999989 ], [ 71.4577897, 51.1722711 ] ] ], [ [ [ 71.4565518, 51.172418 ], [ 71.4565217, 51.1723837 ], [ 71.4564585, 51.172359 ], [ 71.456310602644976, 51.172367290816908 ], [ 71.456241102601936, 51.172391290777767 ], [ 71.456184702531914, 51.172435090746447 ], [ 71.456194602453508, 51.172490290753139 ], [ 71.456226002405685, 51.172526090771704 ], [ 71.456284402379723, 51.172548990805424 ], [ 71.4564544, 51.1725342 ], [ 71.456508900000017, 51.1725154 ], [ 71.4565569, 51.1724726 ], [ 71.4565518, 51.172418 ] ] ], [ [ [ 71.4577952, 51.1730035 ], [ 71.457728401892496, 51.173008191637187 ], [ 71.457409201708245, 51.173109091457171 ], [ 71.457479001600163, 51.173189891498481 ], [ 71.4575458, 51.1731852 ], [ 71.4578649, 51.1730876 ], [ 71.4577952, 51.1730035 ] ] ], [ [ [ 71.4587856, 51.1730477 ], [ 71.458635001904184, 51.17307629215523 ], [ 71.458675901832706, 51.173129292179539 ], [ 71.4588265, 51.1731011 ], [ 71.4587856, 51.1730477 ] ] ], [ [ [ 71.4584114, 51.173030899999986 ], [ 71.458344601927678, 51.173035591988935 ], [ 71.458068101757704, 51.173130191833124 ], [ 71.458218501526545, 51.173303091922129 ], [ 71.4582853, 51.1732984 ], [ 71.4585619, 51.1732038 ], [ 71.4584114, 51.173030899999986 ] ] ], [ [ [ 71.4572385, 51.1736261 ], [ 71.4566761, 51.1729312 ], [ 71.456609301861079, 51.172935890997948 ], [ 71.456346801708833, 51.173019390849909 ], [ 71.456909300774711, 51.173714291183707 ], [ 71.4569761, 51.1737096 ], [ 71.4572385, 51.1736261 ] ] ], [ [ [ 71.45803410089826, 51.173723191825005 ], [ 71.458481100294861, 51.17417909208843 ], [ 71.458547900000013, 51.1741744 ], [ 71.4588102, 51.1740905 ], [ 71.4583181, 51.1734862 ], [ 71.458251301259651, 51.17349089194439 ], [ 71.457929001071719, 51.173594091762638 ], [ 71.45803410089826, 51.173723191825005 ] ] ], [ [ [ 71.4577534, 51.1737313 ], [ 71.457686600837647, 51.173735991627161 ], [ 71.457539600752028, 51.173782991544279 ], [ 71.457692000500487, 51.173970191634695 ], [ 71.4577588, 51.1739655 ], [ 71.4579058, 51.1739184 ], [ 71.4577534, 51.1737313 ] ] ], [ [ [ 71.456875900550699, 51.173866791167555 ], [ 71.457328799803307, 51.174422991436259 ], [ 71.4573956, 51.1744183 ], [ 71.4577465, 51.174306 ], [ 71.457398112405414, 51.173878115236313 ], [ 71.4574419, 51.1738641 ], [ 71.4573374, 51.1737358 ], [ 71.457270600780731, 51.173740491390134 ], [ 71.456875900550699, 51.173866791167555 ] ] ], [ [ [ 71.4589181, 51.1743103 ], [ 71.4587953, 51.1741551 ], [ 71.458728500352706, 51.174159792229069 ], [ 71.458250800080421, 51.174308391959627 ], [ 71.458373599871436, 51.174463592032538 ], [ 71.4584404, 51.1744589 ], [ 71.4589181, 51.1743103 ] ] ], [ [ [ 71.4572438, 51.1751828 ], [ 71.4584673, 51.174883199999989 ], [ 71.4582366, 51.174513 ], [ 71.458169799768683, 51.174517691917409 ], [ 71.457481099441821, 51.174686391528056 ], [ 71.457009999048452, 51.17491949126395 ], [ 71.457176998682115, 51.17518749136422 ], [ 71.4572438, 51.1751828 ] ] ], [ [ [ 71.4588589, 51.1745771 ], [ 71.45879209975169, 51.174581792273337 ], [ 71.458402299527293, 51.17470459205348 ], [ 71.458779498894188, 51.175175192277422 ], [ 71.4588463, 51.1751705 ], [ 71.459236, 51.1750477 ], [ 71.4588589, 51.1745771 ] ] ], [ [ [ 71.456606398670345, 51.175147691038234 ], [ 71.4566732, 51.175143 ], [ 71.4568464, 51.175086400000012 ], [ 71.4569666, 51.1749215 ], [ 71.4568786, 51.1748159 ], [ 71.456811799167085, 51.1748205911491 ], [ 71.456524798996853, 51.174914490987305 ], [ 71.456518798811345, 51.175042590986315 ], [ 71.456606398670345, 51.175147691038234 ] ] ], [ [ [ 71.4575723, 51.1751922 ], [ 71.457505498708386, 51.175196891551657 ], [ 71.457239698555995, 51.175280191401718 ], [ 71.457365398343896, 51.175437791476362 ], [ 71.4574322, 51.1754331 ], [ 71.457698, 51.1753498 ], [ 71.4575723, 51.1751922 ] ] ], [ [ [ 71.4583190978978, 51.175827192027363 ], [ 71.458477497607717, 51.176041592121734 ], [ 71.458785368211906, 51.176249456111634 ], [ 71.458547097213824, 51.176320492166681 ], [ 71.458632397061862, 51.176432992217435 ], [ 71.4586992, 51.1764283 ], [ 71.4595183, 51.1761973 ], [ 71.4590581, 51.1756407 ], [ 71.4586966, 51.17510450000001 ], [ 71.458629798971216, 51.175109192190845 ], [ 71.458114798692989, 51.17525879190012 ], [ 71.458063098446246, 51.175425491873817 ], [ 71.458302698007486, 51.175749792016553 ], [ 71.458456865629046, 51.175789932550352 ], [ 71.4583190978978, 51.175827192027363 ] ] ], [ [ [ 71.4581897, 51.1760235 ], [ 71.4578521, 51.1755033 ], [ 71.457785298293544, 51.175507991717041 ], [ 71.457552798179663, 51.175567391585652 ], [ 71.457890397470308, 51.176087491787946 ], [ 71.4579572, 51.1760828 ], [ 71.4581897, 51.1760235 ] ] ], [ [ [ 71.4571982, 51.1765973 ], [ 71.4579782, 51.1763924 ], [ 71.457522, 51.1757101 ], [ 71.457455197955184, 51.175714791532805 ], [ 71.456517997486259, 51.175961091003252 ], [ 71.456757796997863, 51.176319791146739 ], [ 71.457131396636029, 51.176601991365061 ], [ 71.4571982, 51.1765973 ] ] ], [ [ [ 71.4584753, 51.176432 ], [ 71.4582742, 51.1761122 ], [ 71.457980897358084, 51.176172891841148 ], [ 71.458181996921127, 51.176492691961826 ], [ 71.4584753, 51.176432 ] ] ], [ [ [ 71.4581305, 51.1766358 ], [ 71.458063696693557, 51.176640491897224 ], [ 71.457838396569144, 51.176707791770056 ], [ 71.45789199645921, 51.176788491802135 ], [ 71.4579588, 51.176783799999988 ], [ 71.4581922, 51.1767148 ], [ 71.4581305, 51.1766358 ] ] ], [ [ [ 71.457044395962299, 51.177061691324184 ], [ 71.457335595229949, 51.17759379150025 ], [ 71.457452295039516, 51.177735591569466 ], [ 71.4575191, 51.1777309 ], [ 71.4589012, 51.177284 ], [ 71.4584307, 51.1767121 ], [ 71.457696996345831, 51.176850691692167 ], [ 71.457044395962299, 51.177061691324184 ] ] ], [ [ [ 71.4586529, 51.1436089 ], [ 71.457518052063833, 51.14368865149774 ], [ 71.457454051290682, 51.143714850886326 ], [ 71.457282446589858, 51.14389244928153 ], [ 71.457171341940168, 51.144073048263678 ], [ 71.457833235854309, 51.144377354772921 ], [ 71.458022034926159, 51.144431156618957 ], [ 71.458111434934068, 51.144438357487196 ], [ 71.4592463, 51.1443586 ], [ 71.4593194, 51.1442578 ], [ 71.4588446, 51.1436633 ], [ 71.4586529, 51.1436089 ] ] ], [ [ [ 71.4586269, 51.1446421 ], [ 71.458560142866887, 51.144646791572939 ], [ 71.458466242671349, 51.144774691521867 ], [ 71.458675242609687, 51.144835091642108 ], [ 71.458742, 51.1448304 ], [ 71.4588359, 51.1447025 ], [ 71.4586269, 51.1446421 ] ] ], [ [ [ 71.4583748, 51.1452732 ], [ 71.458308041927538, 51.145277891441289 ], [ 71.458023741338238, 51.145663191286609 ], [ 71.458248841271484, 51.145728491416108 ], [ 71.4583156, 51.1457238 ], [ 71.4585999, 51.1453385 ], [ 71.4583748, 51.1452732 ] ] ], [ [ [ 71.4578041, 51.1463449 ], [ 71.457737340315049, 51.146349591136456 ], [ 71.457646040117922, 51.146478791086892 ], [ 71.458043340006782, 51.146589391315352 ], [ 71.4581101, 51.1465847 ], [ 71.4582015, 51.1464555 ], [ 71.4578041, 51.1463449 ] ] ], [ [ [ 71.4588645, 51.1467558 ], [ 71.4590443, 51.1464994 ], [ 71.4586485, 51.1463902 ], [ 71.458581740352116, 51.146394891618442 ], [ 71.458401939961092, 51.146651291520861 ], [ 71.458451606044548, 51.146664994375314 ], [ 71.4577158, 51.1465868 ], [ 71.457448759734859, 51.146605564135264 ], [ 71.457305558488585, 51.146809863824409 ], [ 71.45836555731843, 51.147102166262435 ], [ 71.4586326, 51.1470834 ], [ 71.458849, 51.1467744 ], [ 71.458798392105777, 51.146760445909734 ], [ 71.4588645, 51.1467558 ] ] ], [ [ [ 71.4574323, 51.1469091 ], [ 71.45736553945747, 51.146913790935322 ], [ 71.457242539191554, 51.147088090868557 ], [ 71.457597639092569, 51.147186691072754 ], [ 71.4576644, 51.147182 ], [ 71.4577874, 51.1470077 ], [ 71.4574323, 51.1469091 ] ] ], [ [ [ 71.4582783, 51.1471703 ], [ 71.4581122, 51.1471213 ], [ 71.45804543923424, 51.14712599132676 ], [ 71.457927138992503, 51.147283891262326 ], [ 71.458093238942055, 51.147332891357898 ], [ 71.45816, 51.1473282 ], [ 71.4582783, 51.1471703 ] ] ], [ [ [ 71.4574636, 51.1471876 ], [ 71.457396839060166, 51.147192290958444 ], [ 71.457327038907991, 51.147292090920558 ], [ 71.457492338862465, 51.147337591015621 ], [ 71.4575591, 51.1473329 ], [ 71.4576289, 51.1472331 ], [ 71.4574636, 51.1471876 ] ] ], [ [ [ 71.458029438702297, 51.147493991324602 ], [ 71.45817433866425, 51.147532591407895 ], [ 71.4582411, 51.1475279 ], [ 71.4583378, 51.1473852 ], [ 71.4582083, 51.1473507 ], [ 71.458049338864285, 51.147383191333823 ], [ 71.458011838779939, 51.147438591313531 ], [ 71.458029438702297, 51.147493991324602 ] ] ], [ [ [ 71.458217, 51.1475955 ], [ 71.4580431, 51.1475389 ], [ 71.457976338624434, 51.147543591295296 ], [ 71.457884538453442, 51.1476545912451 ], [ 71.458058438392996, 51.147711191345259 ], [ 71.4581252, 51.1477065 ], [ 71.458217, 51.1475955 ] ] ], [ [ [ 71.4579141, 51.1476918 ], [ 71.457847338388575, 51.1476964912247 ], [ 71.457759738191172, 51.147826191177245 ], [ 71.457907238152586, 51.14786539126203 ], [ 71.457974, 51.14786070000001 ], [ 71.4580617, 51.1477311 ], [ 71.4579141, 51.1476918 ] ] ], [ [ [ 71.458850537159449, 51.148634291814119 ], [ 71.459161387513959, 51.148630378959666 ], [ 71.459158485016999, 51.148789160342076 ], [ 71.45937598513801, 51.148790660961893 ], [ 71.4597098, 51.1487672 ], [ 71.459719020206506, 51.148262662002196 ], [ 71.460656389716405, 51.148262664559489 ], [ 71.460945915745043, 51.148242312933633 ], [ 71.46094748883641, 51.148409365402756 ], [ 71.46145, 51.1483853 ], [ 71.4614423, 51.1475682 ], [ 71.460939794715927, 51.147592265303189 ], [ 71.460944746085474, 51.148118100178905 ], [ 71.4600246, 51.1481181 ], [ 71.459721272408473, 51.148139419385195 ], [ 71.459727, 51.147826 ], [ 71.4595095, 51.1478244 ], [ 71.45917569180618, 51.147847860301709 ], [ 71.459165393762831, 51.148411216613795 ], [ 71.459034837494755, 51.148416991914999 ], [ 71.458850537159449, 51.148634291814119 ] ] ], [ [ [ 71.458081030327818, 51.148927623797256 ], [ 71.457941927978865, 51.149097123112902 ], [ 71.458006826517376, 51.149215323465896 ], [ 71.458735027235079, 51.149221227201217 ], [ 71.4593359, 51.149179 ], [ 71.4593389, 51.1489562 ], [ 71.4587563, 51.1488831 ], [ 71.458081030327818, 51.148927623797256 ] ] ], [ [ [ 71.4584698, 51.1493056 ], [ 71.458295736116526, 51.149311691510853 ], [ 71.45829703605618, 51.149353691512395 ], [ 71.4584712, 51.1493477 ], [ 71.4584698, 51.1493056 ] ] ], [ [ [ 71.458088173809671, 51.150255257431986 ], [ 71.4585938, 51.1502327 ], [ 71.458600723857217, 51.149728483003805 ], [ 71.459925078652063, 51.149737462616159 ], [ 71.4602589, 51.149714 ], [ 71.4602612, 51.1495796 ], [ 71.4589038, 51.1495705 ], [ 71.458602602618399, 51.149591666203158 ], [ 71.4586051, 51.1494098 ], [ 71.45809947974314, 51.14943235738609 ], [ 71.458092602157166, 51.149932940188279 ], [ 71.457806970301874, 51.149946082526746 ], [ 71.457698869855065, 51.150092082409095 ], [ 71.457780969609928, 51.150184082506136 ], [ 71.4580709, 51.150173599999988 ], [ 71.458089462622908, 51.150161451051147 ], [ 71.458088173809671, 51.150255257431986 ] ] ], [ [ [ 71.458806734336846, 51.150590191826296 ], [ 71.459179447360611, 51.150588811873654 ], [ 71.459156866578425, 51.151349160580601 ], [ 71.459341366674394, 51.15135136110645 ], [ 71.4596752, 51.1513279 ], [ 71.4597015, 51.1504421 ], [ 71.459517, 51.1504399 ], [ 71.459233202202896, 51.150459844698034 ], [ 71.4592372, 51.1503229 ], [ 71.458856334724743, 51.150325091849503 ], [ 71.45881153468271, 51.150350491824462 ], [ 71.458806734336846, 51.150590191826296 ] ] ], [ [ [ 71.45802310000002, 51.151267 ], [ 71.458025193375803, 51.151171011184445 ], [ 71.4583541, 51.1511479 ], [ 71.4583608, 51.1502668 ], [ 71.457863473424325, 51.150289856795098 ], [ 71.457863122178949, 51.150335325428522 ], [ 71.457803834576453, 51.150339491250058 ], [ 71.457501234326159, 51.150487791080472 ], [ 71.457501233972366, 51.150733391085126 ], [ 71.457799033835599, 51.150853391257087 ], [ 71.457859120177886, 51.150853391315323 ], [ 71.457858853937026, 51.150887857157201 ], [ 71.457540201256805, 51.150899773445317 ], [ 71.457537499965397, 51.15119837345771 ], [ 71.457822799711721, 51.151281073950123 ], [ 71.45802310000002, 51.151267 ] ] ], [ [ [ 71.4590196, 51.1506521 ], [ 71.458792034244027, 51.150653391819098 ], [ 71.45878923416835, 51.150705691818501 ], [ 71.4590169, 51.1507043 ], [ 71.4590196, 51.1506521 ] ] ], [ [ [ 71.460201762553623, 51.151995863618978 ], [ 71.4605356, 51.1519724 ], [ 71.4606079, 51.1518694 ], [ 71.4596416, 51.1516025 ], [ 71.459591340559143, 51.151606032158874 ], [ 71.4596047, 51.151587 ], [ 71.4586384, 51.1513201 ], [ 71.458304566102271, 51.151343558151808 ], [ 71.458232265316596, 51.151446557955602 ], [ 71.459198563979712, 51.151713460733966 ], [ 71.459248823508389, 51.15170992874657 ], [ 71.459235463890423, 51.151728960840565 ], [ 71.460201762553623, 51.151995863618978 ] ] ], [ [ [ 71.4587989, 51.1523912 ], [ 71.458732131726592, 51.152395891818053 ], [ 71.458712131679803, 51.152426691807243 ], [ 71.459047231597097, 51.152512291999813 ], [ 71.459114, 51.1525076 ], [ 71.459134, 51.1524767 ], [ 71.4587989, 51.1523912 ] ] ], [ [ [ 71.4587137, 51.1524488 ], [ 71.4586621, 51.15243550000001 ], [ 71.458595331646194, 51.152440191740965 ], [ 71.458530931496483, 51.152538691706127 ], [ 71.458582531483586, 51.152551991735784 ], [ 71.4586493, 51.1525473 ], [ 71.4587137, 51.1524488 ] ] ], [ [ [ 71.4591059, 51.1525458 ], [ 71.459039131541076, 51.152550491995939 ], [ 71.458965031383428, 51.152653691955656 ], [ 71.45901983136774, 51.152669191987201 ], [ 71.4590866, 51.1526645 ], [ 71.4591606, 51.1525612 ], [ 71.4591059, 51.1525458 ] ] ], [ [ [ 71.4586655, 51.1525918 ], [ 71.458598731421432, 51.152596491745861 ], [ 71.458569531360268, 51.152636491729986 ], [ 71.458871931272014, 51.152723191903931 ], [ 71.4589387, 51.1527185 ], [ 71.4589679, 51.1526785 ], [ 71.4586655, 51.1525918 ] ] ], [ [ [ 71.457988330108037, 51.153456791414371 ], [ 71.458094, 51.153437799999985 ], [ 71.4580954, 51.1533276 ], [ 71.457941100000014, 51.1532965 ], [ 71.457810030302085, 51.153307091309919 ], [ 71.457988330108037, 51.153456791414371 ] ] ], [ [ [ 71.457688430073844, 51.153455291243453 ], [ 71.457710830031331, 51.153486691256795 ], [ 71.4578307, 51.1534907 ], [ 71.4578746, 51.15347 ], [ 71.4578762, 51.1534356 ], [ 71.4578343, 51.1534134 ], [ 71.457767530137019, 51.153418091287804 ], [ 71.457713730121, 51.153424691257264 ], [ 71.457688430073844, 51.153455291243453 ] ] ], [ [ [ 71.4579628, 51.153577 ], [ 71.4575889298372, 51.153611191189711 ], [ 71.457743229779524, 51.153664191278637 ], [ 71.457787429784872, 51.153664191303811 ], [ 71.4578904, 51.1536477 ], [ 71.457983, 51.153587099999989 ], [ 71.4579628, 51.153577 ] ] ], [ [ [ 71.4582509, 51.154291 ], [ 71.4581736, 51.1542681 ], [ 71.458106828946725, 51.154272791497391 ], [ 71.458074728867203, 51.154325291480077 ], [ 71.45815192885135, 51.154342791524407 ], [ 71.4582187, 51.1543381 ], [ 71.4582509, 51.154291 ] ] ], [ [ [ 71.458843202339267, 51.156550185521773 ], [ 71.459861452240858, 51.156926055855102 ], [ 71.4602621, 51.1568979 ], [ 71.460324995168122, 51.156832408103845 ], [ 71.460532457034191, 51.157012665217088 ], [ 71.4603058, 51.156995 ], [ 71.459971926231418, 51.157018463441233 ], [ 71.459870525360088, 51.157130863162976 ], [ 71.460232724521248, 51.157277764208935 ], [ 71.4605854, 51.1572543 ], [ 71.4609128, 51.1571963 ], [ 71.4609875, 51.15709840000001 ], [ 71.460898741161571, 51.157061834941238 ], [ 71.4610216, 51.1570532 ], [ 71.4611304, 51.1569695 ], [ 71.4610301, 51.1567454 ], [ 71.4606557, 51.1566096 ], [ 71.460321829220334, 51.156633064401575 ], [ 71.460243892936163, 51.156719799032281 ], [ 71.4591911, 51.156326799999988 ], [ 71.458795236858435, 51.156354616226693 ], [ 71.458634879033326, 51.156208263043482 ], [ 71.458834431221575, 51.156230160125361 ], [ 71.4591683, 51.1562067 ], [ 71.459275, 51.1560936 ], [ 71.458934, 51.1559617 ], [ 71.458561232873762, 51.155977859323009 ], [ 71.458227832325875, 51.15602585837761 ], [ 71.458169831638685, 51.156116358220949 ], [ 71.458274950344972, 51.156155104107661 ], [ 71.458130431262518, 51.156165258113333 ], [ 71.458039730658541, 51.15624145786213 ], [ 71.458149629071642, 51.156470958197033 ], [ 71.458484528343718, 51.156600159163517 ], [ 71.4588184, 51.1565767 ], [ 71.458843202339267, 51.156550185521773 ] ] ], [ [ [ 71.4580071, 51.1575027 ], [ 71.457940324265735, 51.157507391463895 ], [ 71.457904224206175, 51.157545691444028 ], [ 71.458022224157489, 51.157589391512111 ], [ 71.458089, 51.1575847 ], [ 71.4581251, 51.1575464 ], [ 71.4580071, 51.1575027 ] ] ], [ [ [ 71.458396423759709, 51.157896891731177 ], [ 71.458370623451643, 51.15810849172049 ], [ 71.458449123302216, 51.158218791767325 ], [ 71.4585159, 51.1582141 ], [ 71.458995, 51.15808 ], [ 71.4589242, 51.1579804 ], [ 71.4587032, 51.157883100000014 ], [ 71.4585892, 51.1578569 ], [ 71.458396423759709, 51.157896891731177 ] ] ], [ [ [ 71.457897623120658, 51.158298391454544 ], [ 71.4581665, 51.1582965 ], [ 71.4581726, 51.1578168 ], [ 71.457908123814519, 51.157817791451436 ], [ 71.457862923631779, 51.157940791427983 ], [ 71.457858323478618, 51.158046691427387 ], [ 71.457897623120658, 51.158298391454544 ] ] ], [ [ [ 71.458796721430559, 51.159978359400966 ], [ 71.458510433699445, 51.15999847393276 ], [ 71.457882928034067, 51.160191368269722 ], [ 71.457990425323089, 51.160317969288343 ], [ 71.4590589, 51.1602429 ], [ 71.4596894, 51.1600491 ], [ 71.459629064103282, 51.159980464604963 ], [ 71.4598332, 51.1599238 ], [ 71.4598566, 51.1598831 ], [ 71.4596522, 51.1595714 ], [ 71.4594983, 51.1593826 ], [ 71.4592155, 51.1590998 ], [ 71.4591574, 51.1590898 ], [ 71.458564225221664, 51.15912748957961 ], [ 71.458855, 51.1585982 ], [ 71.4587727, 51.1584971 ], [ 71.458171705794683, 51.15853932590462 ], [ 71.457325001339242, 51.158811621608542 ], [ 71.457705895689628, 51.15927922364196 ], [ 71.457912629344222, 51.159264699896617 ], [ 71.457978860498287, 51.159342000753625 ], [ 71.458305188336524, 51.159597162637624 ], [ 71.458359521133033, 51.159716391744695 ], [ 71.458410721052331, 51.159776691775008 ], [ 71.45867522082311, 51.159957991929176 ], [ 71.458756077535426, 51.159948824593428 ], [ 71.458796721430559, 51.159978359400966 ] ] ], [ [ [ 71.459571418128107, 51.15906467378359 ], [ 71.45979930992678, 51.15963951562032 ], [ 71.459785221410371, 51.159643892555792 ], [ 71.459956788319857, 51.16003673531597 ], [ 71.460006469775564, 51.160097064013328 ], [ 71.459872020675334, 51.160161192615071 ], [ 71.460031920514695, 51.16028609270856 ], [ 71.4600987, 51.1602814 ], [ 71.4603974, 51.1601498 ], [ 71.460371045917171, 51.160117325833042 ], [ 71.460643200000021, 51.1600982 ], [ 71.4616246, 51.1597905 ], [ 71.4616843, 51.1597162 ], [ 71.4616822, 51.1596547 ], [ 71.4604544, 51.1580758 ], [ 71.4604021, 51.1580544 ], [ 71.4602026, 51.1580189 ], [ 71.459601613557027, 51.158061133156593 ], [ 71.459226111428805, 51.158193631253361 ], [ 71.459528316990372, 51.158955952305341 ], [ 71.4594708223579, 51.158959992363627 ], [ 71.459203622195645, 51.159050092213064 ], [ 71.459283922070341, 51.159143792260622 ], [ 71.4593507, 51.1591391 ], [ 71.459571418128107, 51.15906467378359 ] ] ], [ [ [ 71.459687780805552, 51.16026392126453 ], [ 71.4595992, 51.1601575 ], [ 71.459532420632712, 51.160162192421566 ], [ 71.458894620254469, 51.160370992062063 ], [ 71.458994420093731, 51.160490892121196 ], [ 71.4590612, 51.1604862 ], [ 71.459475546610861, 51.160350581386162 ], [ 71.459559820213457, 51.160455392442742 ], [ 71.4596266, 51.160450700000013 ], [ 71.4600354, 51.1603211 ], [ 71.4599167, 51.1602062 ], [ 71.459849920601016, 51.160210892603423 ], [ 71.459687780805552, 51.16026392126453 ] ] ], [ [ [ 71.4597637, 51.1607963 ], [ 71.459563359151289, 51.160810377468415 ], [ 71.459275958688721, 51.160893176981773 ], [ 71.459354458271477, 51.16099627712186 ], [ 71.4595548, 51.1609822 ], [ 71.4598407, 51.160898899999985 ], [ 71.4597637, 51.1607963 ] ] ], [ [ [ 71.458799018009316, 51.161920592036985 ], [ 71.4588658, 51.1619159 ], [ 71.4590256, 51.1618665 ], [ 71.4589177, 51.1617292 ], [ 71.458850918284739, 51.161733892063026 ], [ 71.458717718209343, 51.161774991987905 ], [ 71.458743618104378, 51.161849992004072 ], [ 71.458799018009316, 51.161920592036985 ] ] ], [ [ [ 71.4590601, 51.1618977 ], [ 71.458993318059129, 51.161902392147375 ], [ 71.458840417969512, 51.16195169206118 ], [ 71.458896817877346, 51.162020392094604 ], [ 71.4589636, 51.1620157 ], [ 71.4591165, 51.1619664 ], [ 71.4590601, 51.1618977 ] ] ], [ [ [ 71.4586261, 51.1620325 ], [ 71.458559317812202, 51.162037191902598 ], [ 71.458423117735734, 51.162078791825742 ], [ 71.458478917638843, 51.162150691858919 ], [ 71.4585457, 51.162146 ], [ 71.4586819, 51.1621044 ], [ 71.4586261, 51.1620325 ] ] ], [ [ [ 71.459255, 51.162164799999985 ], [ 71.4592087, 51.1620956 ], [ 71.459014017727924, 51.16213389216356 ], [ 71.459060317633813, 51.162203092191262 ], [ 71.459255, 51.162164799999985 ] ] ], [ [ [ 71.4592924, 51.1622035 ], [ 71.459225617646496, 51.162208192285554 ], [ 71.459085117570922, 51.162248792206263 ], [ 71.459149317452599, 51.162336292244518 ], [ 71.4592161, 51.1623316 ], [ 71.4593567, 51.1622909 ], [ 71.4592924, 51.1622035 ] ] ], [ [ [ 71.4587394, 51.1622246 ], [ 71.458672617549041, 51.162229291970817 ], [ 71.458514317454899, 51.162281291881577 ], [ 71.45857331736012, 51.162351991916545 ], [ 71.4586401, 51.1623473 ], [ 71.4587985, 51.1622952 ], [ 71.4587394, 51.1622246 ] ] ], [ [ [ 71.458861, 51.1623304 ], [ 71.458794217411267, 51.16233509204212 ], [ 71.458625717316764, 51.162386491947053 ], [ 71.458678117225503, 51.162454191978213 ], [ 71.4587449, 51.1624495 ], [ 71.4589135, 51.162398 ], [ 71.458861, 51.1623304 ] ] ], [ [ [ 71.4594364, 51.1623501 ], [ 71.459369617452637, 51.162354792370408 ], [ 71.459255417383588, 51.162393092306047 ], [ 71.459332717262356, 51.162483692351827 ], [ 71.4593995, 51.162479 ], [ 71.4595137, 51.1624408 ], [ 71.4594364, 51.1623501 ] ] ], [ [ [ 71.4583389, 51.1625099 ], [ 71.458272117089237, 51.162514591747993 ], [ 71.458155317022175, 51.162551291682114 ], [ 71.458209616930588, 51.162619391714344 ], [ 71.4582764, 51.1626147 ], [ 71.4583933, 51.1625781 ], [ 71.4583389, 51.1625099 ] ] ], [ [ [ 71.4590681, 51.1625739 ], [ 71.4590013, 51.1624877 ], [ 71.458934517201541, 51.162492392125074 ], [ 71.458776117112549, 51.162540792035699 ], [ 71.458842916996559, 51.162626892075416 ], [ 71.4589097, 51.1626222 ], [ 71.4590681, 51.1625739 ] ] ], [ [ [ 71.4595574, 51.1624768 ], [ 71.459490617284658, 51.162481492441785 ], [ 71.459347417200433, 51.162527892361055 ], [ 71.459440917048013, 51.162641492416491 ], [ 71.4595077, 51.1626368 ], [ 71.4596509, 51.1625904 ], [ 71.4595574, 51.1624768 ] ] ], [ [ [ 71.4591063, 51.162637599999989 ], [ 71.459039516998189, 51.162642292187741 ], [ 71.458890116914347, 51.162687892103463 ], [ 71.45895911679456, 51.162776792144491 ], [ 71.4590259, 51.1627721 ], [ 71.4591752, 51.1627265 ], [ 71.4591063, 51.162637599999989 ] ] ], [ [ [ 71.4586435, 51.1627444 ], [ 71.4585763, 51.1626579 ], [ 71.458509516904684, 51.16266259188609 ], [ 71.458254216761574, 51.162740391742062 ], [ 71.458321416644893, 51.162826991782012 ], [ 71.4583882, 51.1628223 ], [ 71.4586435, 51.1627444 ] ] ], [ [ [ 71.45961111677056, 51.162848292517438 ], [ 71.4596779, 51.1628436 ], [ 71.4597539, 51.162816499999984 ], [ 71.4598937, 51.1626986 ], [ 71.4598204, 51.1626179 ], [ 71.459753617113179, 51.162622592594346 ], [ 71.459510216958392, 51.16270949245726 ], [ 71.45961111677056, 51.162848292517438 ] ] ], [ [ [ 71.4592068, 51.1627931 ], [ 71.459140016786236, 51.162797792247979 ], [ 71.458998016706573, 51.162841092167866 ], [ 71.459077416568761, 51.162943392215041 ], [ 71.4591442, 51.1629387 ], [ 71.4592862, 51.1628954 ], [ 71.4592068, 51.1627931 ] ] ], [ [ [ 71.4587224, 51.162888 ], [ 71.458664, 51.162812700000011 ], [ 71.458597216692169, 51.162817391939008 ], [ 71.458380316570441, 51.162883591816659 ], [ 71.458438716469118, 51.162958791851359 ], [ 71.4585055, 51.1629541 ], [ 71.4587224, 51.162888 ] ] ], [ [ [ 71.4587162, 51.1629808 ], [ 71.458649416456183, 51.162985491971938 ], [ 71.458479416349803, 51.163044991876198 ], [ 71.458543816253396, 51.163117291914261 ], [ 71.458610600000014, 51.1631126 ], [ 71.4587805, 51.163053099999985 ], [ 71.4587162, 51.1629808 ] ] ], [ [ [ 71.4599902, 51.1640548 ], [ 71.4599188, 51.1639693 ], [ 71.459852015177006, 51.16397399267607 ], [ 71.459737915108974, 51.164011592611772 ], [ 71.459809314994516, 51.164096992654095 ], [ 71.4598761, 51.1640923 ], [ 71.4599902, 51.1640548 ] ] ], [ [ [ 71.4597199, 51.1640417 ], [ 71.459653115048525, 51.164046392564096 ], [ 71.459559214989852, 51.164079192511181 ], [ 71.459634114877403, 51.164163492555495 ], [ 71.4597009, 51.1641588 ], [ 71.4597948, 51.164126 ], [ 71.4597199, 51.1640417 ] ] ], [ [ [ 71.4595447, 51.1641024 ], [ 71.459477914939768, 51.164107092465407 ], [ 71.459385314882255, 51.164139192413238 ], [ 71.459443314794441, 51.16420499244753 ], [ 71.4595101, 51.1642003 ], [ 71.4596028, 51.1641682 ], [ 71.4595447, 51.1641024 ] ] ], [ [ [ 71.4594448, 51.1643051 ], [ 71.4593259, 51.1641561 ], [ 71.459176014788127, 51.164186892294865 ], [ 71.459294814587722, 51.164335892365386 ], [ 71.4594448, 51.1643051 ] ] ], [ [ [ 71.4591317, 51.164228499999986 ], [ 71.459064914707923, 51.164233192232423 ], [ 71.45896831464286, 51.164270192178066 ], [ 71.459070814503633, 51.164375392238476 ], [ 71.4591376, 51.164370699999985 ], [ 71.4592342, 51.1643337 ], [ 71.4591317, 51.164228499999986 ] ] ], [ [ [ 71.4589091, 51.1642921 ], [ 71.458842314589248, 51.164296792106754 ], [ 71.458745714518116, 51.164337992052495 ], [ 71.458820114428391, 51.164406492096198 ], [ 71.4588869, 51.1644018 ], [ 71.4589834, 51.1643606 ], [ 71.4589091, 51.1642921 ] ] ], [ [ [ 71.4586345, 51.164482 ], [ 71.4585764, 51.1644105 ], [ 71.458509614378215, 51.164415191919396 ], [ 71.458399514314124, 51.164450391857315 ], [ 71.458457614218091, 51.164521891891795 ], [ 71.4585244, 51.1645172 ], [ 71.4586345, 51.164482 ] ] ], [ [ [ 71.460078751471272, 51.16445261454939 ], [ 71.460143, 51.1644481 ], [ 71.460457, 51.1643601 ], [ 71.4603833, 51.1642761 ], [ 71.46031651479106, 51.164280792946641 ], [ 71.460212414726684, 51.164316692887986 ], [ 71.46022277908871, 51.164328505775288 ], [ 71.460164614697959, 51.164332592861051 ], [ 71.460017555112685, 51.164378686054853 ], [ 71.459945814606854, 51.164377392737194 ], [ 71.459829614538265, 51.164415192671697 ], [ 71.45990411441754, 51.164505192715865 ], [ 71.4599709, 51.1645005 ], [ 71.4600871, 51.1644627 ], [ 71.460078751471272, 51.16445261454939 ] ] ], [ [ [ 71.459382914391099, 51.16447969241834 ], [ 71.459426234742637, 51.164536134640294 ], [ 71.45928691429873, 51.164535692364673 ], [ 71.459201814251514, 51.164561292316669 ], [ 71.459302514074452, 51.164692592376561 ], [ 71.4593693, 51.1646879 ], [ 71.4594897, 51.1646515 ], [ 71.459506892489756, 51.164627384369922 ], [ 71.4596536, 51.1645963 ], [ 71.459657190703183, 51.164567528941205 ], [ 71.459672814271727, 51.164586892585596 ], [ 71.4597396, 51.1645822 ], [ 71.459892, 51.1645338 ], [ 71.4598071, 51.1644287 ], [ 71.45974031450119, 51.164433392621142 ], [ 71.459615491426916, 51.164473060552346 ], [ 71.4595397, 51.1644478 ], [ 71.459382914391099, 51.16447969241834 ] ] ], [ [ [ 71.458706, 51.1644932 ], [ 71.458639214274697, 51.164497891994841 ], [ 71.458526214209087, 51.1645338919311 ], [ 71.458593214098144, 51.164616491970868 ], [ 71.45866, 51.164611799999989 ], [ 71.458773, 51.1645758 ], [ 71.458706, 51.1644932 ] ] ], [ [ [ 71.4592867, 51.164708899999987 ], [ 71.4592095, 51.1646083 ], [ 71.4591365, 51.1645793 ], [ 71.459000514164245, 51.164604892202782 ], [ 71.45910941397274, 51.164746892267523 ], [ 71.4591762, 51.1647422 ], [ 71.4592867, 51.164708899999987 ] ] ], [ [ [ 71.4588695, 51.1646938 ], [ 71.4588266, 51.1646316 ], [ 71.458759814089788, 51.164636292066191 ], [ 71.458567913991573, 51.164688291957816 ], [ 71.4586108139071, 51.16475049198344 ], [ 71.4586776, 51.1647458 ], [ 71.4588695, 51.1646938 ] ] ], [ [ [ 71.4589177, 51.1647585 ], [ 71.4588509139179, 51.164763192120525 ], [ 71.458685913833307, 51.164807992027328 ], [ 71.458747013715438, 51.164894892063799 ], [ 71.4588138, 51.1648902 ], [ 71.4589784, 51.1648457 ], [ 71.4589177, 51.1647585 ] ] ], [ [ [ 71.4596119, 51.1648201 ], [ 71.459414713844964, 51.164861192443695 ], [ 71.459479113721869, 51.164951992482145 ], [ 71.4596763, 51.164911 ], [ 71.4596119, 51.1648201 ] ] ], [ [ [ 71.459477800000016, 51.1649581 ], [ 71.4594134, 51.1648672 ], [ 71.45921621375301, 51.164908292331475 ], [ 71.459280613629915, 51.164999092369882 ], [ 71.459477800000016, 51.1649581 ] ] ], [ [ [ 71.4597138, 51.1649547 ], [ 71.459516613663425, 51.16499569250432 ], [ 71.459581013540188, 51.165086592542757 ], [ 71.4597782, 51.1650455 ], [ 71.4597138, 51.1649547 ] ] ], [ [ [ 71.458755413496021, 51.165047792071491 ], [ 71.458895713226426, 51.165246592155221 ], [ 71.4589625, 51.165241899999984 ], [ 71.4592318, 51.1651631 ], [ 71.4591972, 51.165053799999988 ], [ 71.4591439, 51.1649834 ], [ 71.458902813575875, 51.165004792154697 ], [ 71.458755413496021, 51.165047792071491 ] ] ], [ [ [ 71.4598962, 51.1651734 ], [ 71.4598318, 51.1650825 ], [ 71.45963461349335, 51.165123592574012 ], [ 71.459699013370255, 51.16521439261242 ], [ 71.4598962, 51.1651734 ] ] ], [ [ [ 71.4585366, 51.1651994 ], [ 71.458374413187002, 51.165230091857808 ], [ 71.458440413058185, 51.165324991897236 ], [ 71.4586025, 51.1652943 ], [ 71.4585366, 51.1651994 ] ] ], [ [ [ 71.459125812899075, 51.165492992291036 ], [ 71.4591926, 51.165488299999986 ], [ 71.459458500000011, 51.1654076 ], [ 71.459395789742516, 51.165308713424324 ], [ 71.459552, 51.1652706 ], [ 71.4594877, 51.1651798 ], [ 71.459328097191275, 51.165210330043337 ], [ 71.459255713326442, 51.165207492359663 ], [ 71.458964713165429, 51.165294692195459 ], [ 71.459125812899075, 51.165492992291036 ] ] ], [ [ [ 71.4599232, 51.1652292 ], [ 71.459726013293078, 51.165270192628888 ], [ 71.459800913149778, 51.165375892673588 ], [ 71.4599981, 51.1653348 ], [ 71.4599232, 51.1652292 ] ] ], [ [ [ 71.4586649, 51.1653298 ], [ 71.458598113063616, 51.165334491987281 ], [ 71.458486612992289, 51.165374591924497 ], [ 71.458537512918156, 51.165430291954571 ], [ 71.4586043, 51.1654256 ], [ 71.4587158, 51.1653855 ], [ 71.4586649, 51.1653298 ] ] ], [ [ [ 71.4600786, 51.1654088 ], [ 71.459881413052841, 51.165449892720858 ], [ 71.459945812929746, 51.165540692759294 ], [ 71.460143, 51.1654997 ], [ 71.4600786, 51.1654088 ] ] ], [ [ [ 71.458830400000011, 51.165531 ], [ 71.4587634, 51.1654519 ], [ 71.458696612899516, 51.165456592045743 ], [ 71.458554512813961, 51.165503991965657 ], [ 71.458621612708058, 51.165583092005399 ], [ 71.4586884, 51.1655784 ], [ 71.458830400000011, 51.165531 ] ] ], [ [ [ 71.4595974, 51.1654854 ], [ 71.459530612952364, 51.165490092521701 ], [ 71.459259712788452, 51.165580992369023 ], [ 71.459341012661909, 51.165675592417152 ], [ 71.4594078, 51.1656709 ], [ 71.4596787, 51.16558 ], [ 71.4595974, 51.1654854 ] ] ], [ [ [ 71.4588921, 51.1655828 ], [ 71.458825312726404, 51.165587492121581 ], [ 71.458641912615064, 51.165649292018223 ], [ 71.458703712518613, 51.165721392054806 ], [ 71.4587705, 51.1657167 ], [ 71.4589539, 51.1656549 ], [ 71.4588921, 51.1655828 ] ] ], [ [ [ 71.4590528, 51.1657836 ], [ 71.4590048, 51.165714299999983 ], [ 71.458812912486138, 51.165753092117662 ], [ 71.458860912392055, 51.165822392146325 ], [ 71.4590528, 51.1657836 ] ] ], [ [ [ 71.4596158, 51.1657199 ], [ 71.459549012616492, 51.16572459253662 ], [ 71.459370612515713, 51.165779492436009 ], [ 71.459554212206655, 51.166009292544999 ], [ 71.459621, 51.1660046 ], [ 71.4597978, 51.1659492 ], [ 71.4596158, 51.1657199 ] ] ], [ [ [ 71.4591307, 51.1658932 ], [ 71.4590776, 51.1658235 ], [ 71.459010812401871, 51.165828192231864 ], [ 71.458836212349993, 51.165849492132764 ], [ 71.458755112305127, 51.165873792086991 ], [ 71.45877368983902, 51.16589820249829 ], [ 71.458599312194238, 51.165937591999402 ], [ 71.458663712071001, 51.166028492037853 ], [ 71.4587305, 51.1660238 ], [ 71.4588609, 51.1659874 ], [ 71.458846739295836, 51.16596743432131 ], [ 71.4591307, 51.1658932 ] ] ], [ [ [ 71.4591385, 51.1659576 ], [ 71.458919312137908, 51.166003592183046 ], [ 71.45897031203738, 51.166077592213519 ], [ 71.4591895, 51.1660316 ], [ 71.4591385, 51.1659576 ] ] ], [ [ [ 71.4592481, 51.1660868 ], [ 71.459037311967947, 51.166131392252737 ], [ 71.459088311869905, 51.166203692283169 ], [ 71.459299, 51.1661591 ], [ 71.4592481, 51.1660868 ] ] ], [ [ [ 71.459905, 51.1660638 ], [ 71.459838212155745, 51.166068492707979 ], [ 71.459646712051082, 51.166124992599904 ], [ 71.459807511767067, 51.166335492695545 ], [ 71.4598743, 51.1663308 ], [ 71.4600631, 51.1662754 ], [ 71.459905, 51.1660638 ] ] ], [ [ [ 71.4587723, 51.1663402 ], [ 71.458705511619897, 51.166344892067663 ], [ 71.458555311526553, 51.166396991983063 ], [ 71.458616211434318, 51.166466092019071 ], [ 71.458683, 51.1664614 ], [ 71.4588332, 51.1664092 ], [ 71.4587723, 51.1663402 ] ] ], [ [ [ 71.459327411313822, 51.166609492427142 ], [ 71.4593942, 51.1666048 ], [ 71.4596665, 51.1665217 ], [ 71.4593847, 51.1662056 ], [ 71.459317911888206, 51.166210292414142 ], [ 71.459140811788743, 51.166264392314226 ], [ 71.459255111439134, 51.166516492384176 ], [ 71.459327411313822, 51.166609492427142 ] ] ], [ [ [ 71.4588534, 51.1664259 ], [ 71.458786611506156, 51.16643059211551 ], [ 71.458633711407614, 51.16648609202943 ], [ 71.458691311324614, 51.166548492063434 ], [ 71.4587581, 51.1665438 ], [ 71.458911, 51.1664883 ], [ 71.4588534, 51.1664259 ] ] ], [ [ [ 71.459995800000016, 51.1668439 ], [ 71.4599208, 51.1667469 ], [ 71.45986372640111, 51.166750910119056 ], [ 71.4598778, 51.1667464 ], [ 71.4597424, 51.1665773 ], [ 71.459675611395667, 51.166581992625048 ], [ 71.459511211292678, 51.166639592532462 ], [ 71.459635043224793, 51.166788082436995 ], [ 71.45907333234986, 51.166966376981243 ], [ 71.459153831927992, 51.167070677124812 ], [ 71.4593985, 51.167063 ], [ 71.4598338, 51.1669372 ], [ 71.459995800000016, 51.1668439 ] ] ], [ [ [ 71.4591466, 51.1666552 ], [ 71.459079811211112, 51.166659892286972 ], [ 71.458683710970448, 51.166793492063761 ], [ 71.458773810830422, 51.166898192117102 ], [ 71.4588406, 51.1668935 ], [ 71.459237, 51.166759 ], [ 71.4591466, 51.1666552 ] ] ], [ [ [ 71.4592358, 51.1671556 ], [ 71.4591697, 51.1670816 ], [ 71.459102910599114, 51.167086292308241 ], [ 71.458977110520124, 51.167130492237369 ], [ 71.459043310421606, 51.167204392276517 ], [ 71.4591101, 51.1671997 ], [ 71.4592358, 51.1671556 ] ] ], [ [ [ 71.4587868, 51.1673247 ], [ 71.4589281, 51.1672817 ], [ 71.4588356, 51.1671623 ], [ 71.458768810442251, 51.167166992119348 ], [ 71.458660910381724, 51.167199892058484 ], [ 71.45865961030745, 51.167251292058729 ], [ 71.458720010202157, 51.167329392094622 ], [ 71.4587868, 51.1673247 ] ] ], [ [ [ 71.4586255, 51.1672998 ], [ 71.458558710218497, 51.167304492002216 ], [ 71.458459910156336, 51.167339291946575 ], [ 71.45851831006928, 51.167404591981075 ], [ 71.4585851, 51.1673999 ], [ 71.4586839, 51.1673652 ], [ 71.4586255, 51.1672998 ] ] ], [ [ [ 71.4605582, 51.1676592 ], [ 71.4603248, 51.1673588 ], [ 71.460191220664143, 51.167368185905694 ], [ 71.4587700190676, 51.167802284302184 ], [ 71.458912232889872, 51.167985323482547 ], [ 71.458675909149434, 51.168055792083273 ], [ 71.458764009008419, 51.168160992135476 ], [ 71.4588308, 51.1681563 ], [ 71.459001502633242, 51.168100219061614 ], [ 71.459137, 51.1680933 ], [ 71.4605582, 51.1676592 ] ] ], [ [ [ 71.45925380710554, 51.16952179244047 ], [ 71.4593206, 51.1695171 ], [ 71.4603272, 51.1691949 ], [ 71.4602261, 51.169077699999981 ], [ 71.460163021058634, 51.169082132051805 ], [ 71.4602686, 51.169051 ], [ 71.4601063, 51.1688346 ], [ 71.460039508185019, 51.168839292875312 ], [ 71.459317607790595, 51.169052092467915 ], [ 71.459173907601269, 51.169171292388263 ], [ 71.459131307416271, 51.169295992366358 ], [ 71.459177607332933, 51.16935769239393 ], [ 71.4592444, 51.169353 ], [ 71.460140379372589, 51.169088808385744 ], [ 71.459789509825271, 51.169215976632145 ], [ 71.459163107255463, 51.169410192386664 ], [ 71.45925380710554, 51.16952179244047 ] ] ], [ [ [ 71.4605636, 51.1693279 ], [ 71.460496807529125, 51.16933259314532 ], [ 71.45984670716561, 51.169529992778543 ], [ 71.459929507020917, 51.169637292827773 ], [ 71.4599963, 51.169632599999986 ], [ 71.4606465, 51.1694351 ], [ 71.4605636, 51.1693279 ] ] ], [ [ [ 71.4595974, 51.1696453 ], [ 71.4595083, 51.169521499999988 ], [ 71.459441507121952, 51.169526192547529 ], [ 71.459182906985035, 51.16959939240153 ], [ 71.459272006817301, 51.169723192454683 ], [ 71.4593388, 51.1697185 ], [ 71.4595974, 51.1696453 ] ] ], [ [ [ 71.4598497, 51.1700198 ], [ 71.4600399, 51.1699577 ], [ 71.4597829, 51.1696481 ], [ 71.459716106972678, 51.169652792706437 ], [ 71.459075193987147, 51.169861830618764 ], [ 71.4590583, 51.1698415 ], [ 71.458826906597935, 51.169837892203148 ], [ 71.458606006467178, 51.169909992078615 ], [ 71.4586991063168, 51.170022092133806 ], [ 71.4587659, 51.1700174 ], [ 71.459101473379505, 51.169907876650988 ], [ 71.459255906280632, 51.170093992452522 ], [ 71.4598497, 51.1700198 ] ] ], [ [ [ 71.4598737, 51.1702856 ], [ 71.459712100000019, 51.1700762 ], [ 71.459645306346758, 51.170080892674221 ], [ 71.459490806260376, 51.170127792587046 ], [ 71.459652405978005, 51.170337192683121 ], [ 71.4597192, 51.1703325 ], [ 71.4598737, 51.1702856 ] ] ], [ [ [ 71.4592819, 51.170367400000011 ], [ 71.4593789, 51.1702353 ], [ 71.4592766, 51.170094099999986 ], [ 71.45920980626812, 51.170098792426344 ], [ 71.458853906078716, 51.170200192225423 ], [ 71.45901900577023, 51.170427992323859 ], [ 71.4590858, 51.1704233 ], [ 71.4592819, 51.170367400000011 ] ] ], [ [ [ 71.4599137, 51.1703627 ], [ 71.459846905958031, 51.170367392794553 ], [ 71.459695505867558, 51.17041739270924 ], [ 71.459813905678445, 51.170558492779385 ], [ 71.4598807, 51.1705538 ], [ 71.4600321, 51.1705039 ], [ 71.4599137, 51.1703627 ] ] ], [ [ [ 71.4596415, 51.170668 ], [ 71.4597156, 51.1704778 ], [ 71.4596139, 51.1703566 ], [ 71.459547105930469, 51.170361292623561 ], [ 71.459165905703117, 51.170486892408697 ], [ 71.459376505366535, 51.170737992533489 ], [ 71.4594433, 51.1707333 ], [ 71.4596415, 51.170668 ] ] ], [ [ [ 71.4597602, 51.1708887 ], [ 71.459693405180857, 51.170893392717062 ], [ 71.459458505046072, 51.170967092584561 ], [ 71.459851804382637, 51.171460192818103 ], [ 71.4599186, 51.1714555 ], [ 71.4601535, 51.1713819 ], [ 71.4597602, 51.1708887 ] ] ], [ [ [ 71.4590231, 51.1711042 ], [ 71.458868004761882, 51.171114492250801 ], [ 71.458796504715593, 51.171140592210556 ], [ 71.458553804488432, 51.171277692074824 ], [ 71.458442504340667, 51.171370792013157 ], [ 71.458539004202066, 51.171474992070124 ], [ 71.4586844, 51.1714637 ], [ 71.4587756, 51.1714305 ], [ 71.459009, 51.171296 ], [ 71.4591163, 51.1712049 ], [ 71.4590231, 51.1711042 ] ] ], [ [ [ 71.4593602, 51.1713573 ], [ 71.459228504418078, 51.171383192461384 ], [ 71.459289004320425, 51.171455992497251 ], [ 71.4594208, 51.1714301 ], [ 71.4593602, 51.1713573 ] ] ], [ [ [ 71.4595268, 51.1716857 ], [ 71.4594806, 51.1716286 ], [ 71.4592451, 51.1714844 ], [ 71.4590928, 51.1714178 ], [ 71.459026004336849, 51.171422492346714 ], [ 71.458932304282513, 51.171452292293864 ], [ 71.458870304214699, 51.171494092259316 ], [ 71.458875904149338, 51.171539892263382 ], [ 71.458931604056559, 51.17160889229644 ], [ 71.459154403875345, 51.171753292426182 ], [ 71.459283803800588, 51.171815992501102 ], [ 71.4593506, 51.1718113 ], [ 71.4594595, 51.1717767 ], [ 71.4595314, 51.1717331 ], [ 71.4595268, 51.1716857 ] ] ], [ [ [ 71.4595217, 51.1718555 ], [ 71.459454903757603, 51.171860192599496 ], [ 71.459294903664784, 51.171911092509248 ], [ 71.459322769732665, 51.171945474886812 ], [ 71.459267003606158, 51.171949392494071 ], [ 71.459028303467036, 51.172025792359463 ], [ 71.459108203335092, 51.172123992406867 ], [ 71.459175, 51.172119299999984 ], [ 71.4594138, 51.1720428 ], [ 71.459358678636562, 51.171975207479932 ], [ 71.4594143, 51.1719713 ], [ 71.4595743, 51.1719203 ], [ 71.4595217, 51.1718555 ] ] ], [ [ [ 71.4596073, 51.172182 ], [ 71.4598581, 51.1720995 ], [ 71.459781600000014, 51.1720081 ], [ 71.459669, 51.1719606 ], [ 71.459602203623888, 51.171965292685421 ], [ 71.459408403508363, 51.172029092576174 ], [ 71.459540503297092, 51.172186692654478 ], [ 71.4596073, 51.172182 ] ] ], [ [ [ 71.459975700000015, 51.1722389 ], [ 71.459908903259702, 51.172243592865527 ], [ 71.459732003154883, 51.172301392765796 ], [ 71.459898202886876, 51.172501192864317 ], [ 71.459965, 51.1724965 ], [ 71.4601419, 51.1724387 ], [ 71.459975700000015, 51.1722389 ] ] ], [ [ [ 71.4602139, 51.1725775 ], [ 71.460147102800235, 51.172582193007713 ], [ 71.459931202677708, 51.172648992885939 ], [ 71.459987002582352, 51.172719792919075 ], [ 71.4600538, 51.1727151 ], [ 71.4602697, 51.1726483 ], [ 71.4602139, 51.1725775 ] ] ], [ [ [ 71.4593111, 51.1727596 ], [ 71.4592437, 51.172681 ], [ 71.459176902533287, 51.172685692456696 ], [ 71.458836602326727, 51.172800292264903 ], [ 71.45890400222153, 51.172878892304794 ], [ 71.4589708, 51.172874199999988 ], [ 71.4593111, 51.1727596 ] ] ], [ [ [ 71.4595637, 51.17271920000001 ], [ 71.459496902517003, 51.172723892639809 ], [ 71.458907702167593, 51.172916592307637 ], [ 71.458983602045251, 51.173007792352635 ], [ 71.4590504, 51.1730031 ], [ 71.4596396, 51.1728104 ], [ 71.4595637, 51.17271920000001 ] ] ], [ [ [ 71.4599143, 51.172998 ], [ 71.459847502157388, 51.173002692844939 ], [ 71.459487901960316, 51.17310909264198 ], [ 71.459533501878454, 51.17316969266912 ], [ 71.459579336964907, 51.173166472689132 ], [ 71.460008401164515, 51.173704592949989 ], [ 71.4600752, 51.1736999 ], [ 71.4603943, 51.1735989 ], [ 71.4599617, 51.1730618 ], [ 71.459944732605194, 51.173062992044123 ], [ 71.4599599, 51.17305850000001 ], [ 71.4599143, 51.172998 ] ] ], [ [ [ 71.4603278, 51.172812 ], [ 71.460261002475832, 51.172816693077095 ], [ 71.460000602326687, 51.172898192930205 ], [ 71.460349101737805, 51.173335793137149 ], [ 71.4604159, 51.1733311 ], [ 71.4606762, 51.1732496 ], [ 71.4603278, 51.172812 ] ] ], [ [ [ 71.4591184, 51.1732021 ], [ 71.459051601766475, 51.173206792395156 ], [ 71.458508601448798, 51.173381392088977 ], [ 71.458595501306007, 51.173487692140519 ], [ 71.4586623, 51.173483 ], [ 71.4592053, 51.17330840000001 ], [ 71.4591184, 51.1732021 ] ] ], [ [ [ 71.4588927, 51.1734903 ], [ 71.458825901323436, 51.173494992271991 ], [ 71.458518801154796, 51.17358609209866 ], [ 71.458935400409516, 51.174137792346599 ], [ 71.4590022, 51.1741331 ], [ 71.4593093, 51.174042 ], [ 71.4588927, 51.1734903 ] ] ], [ [ [ 71.460316, 51.1741607 ], [ 71.4602249, 51.1740368 ], [ 71.460158100696731, 51.174041493041699 ], [ 71.459965100592996, 51.174097192932749 ], [ 71.460056200425157, 51.174221192987041 ], [ 71.460123, 51.1742165 ], [ 71.460316, 51.1741607 ] ] ], [ [ [ 71.4604791, 51.1741391 ], [ 71.460412300580003, 51.17414379318852 ], [ 71.459119299893629, 51.1745108924585 ], [ 71.459273399604513, 51.174724292550387 ], [ 71.4593402, 51.1747196 ], [ 71.4606332, 51.1743525 ], [ 71.4604791, 51.1741391 ] ] ], [ [ [ 71.4600395, 51.1746227 ], [ 71.459972699829109, 51.174627392947151 ], [ 71.45978679972319, 51.17468519284229 ], [ 71.460071299238521, 51.175045093011278 ], [ 71.4601381, 51.1750404 ], [ 71.460324, 51.1749826 ], [ 71.4600395, 51.1746227 ] ] ], [ [ [ 71.4601996, 51.1753456 ], [ 71.4596688, 51.1747103 ], [ 71.459601999657778, 51.174714992737513 ], [ 71.459304899480969, 51.174812592570021 ], [ 71.459835698628922, 51.175447892884634 ], [ 71.4599025, 51.175443199999989 ], [ 71.4601996, 51.1753456 ] ] ], [ [ [ 71.459447698137538, 51.175755892669322 ], [ 71.459607497811291, 51.175995492764947 ], [ 71.4596743, 51.1759908 ], [ 71.4598787, 51.1759372 ], [ 71.459719, 51.175697599999978 ], [ 71.459563198225695, 51.17570449273417 ], [ 71.459447698137538, 51.175755892669322 ] ] ], [ [ [ 71.4606587, 51.1757359 ], [ 71.460591898298418, 51.175740593321223 ], [ 71.460083498000728, 51.175904193034548 ], [ 71.460140897906712, 51.175974193068591 ], [ 71.4602077, 51.1759695 ], [ 71.460716, 51.175806 ], [ 71.4606587, 51.1757359 ] ] ], [ [ [ 71.4606851, 51.1761068 ], [ 71.4606644, 51.1760757 ], [ 71.460447297733708, 51.176119893245996 ], [ 71.460468097691361, 51.17615099325846 ], [ 71.4606851, 51.1761068 ] ] ], [ [ [ 71.4600978, 51.1768484 ], [ 71.4600537, 51.1767187 ], [ 71.460011440859276, 51.176721668753935 ], [ 71.4599695, 51.1765981 ], [ 71.460160139760276, 51.176551153609005 ], [ 71.460214396670068, 51.176837593126884 ], [ 71.4607407, 51.1767727 ], [ 71.4607031, 51.1765745 ], [ 71.4605756, 51.1765138 ], [ 71.460165115554318, 51.176544129250111 ], [ 71.4602352, 51.1763147 ], [ 71.4601851, 51.1762347 ], [ 71.46011829752139, 51.176239393060726 ], [ 71.459354397157512, 51.176427392628881 ], [ 71.458861696855536, 51.176595292351216 ], [ 71.458990596574139, 51.176801192428613 ], [ 71.4595629, 51.1766981 ], [ 71.459759885832526, 51.176649653147841 ], [ 71.459793696746573, 51.176749192885396 ], [ 71.459765296737643, 51.176752992869282 ], [ 71.459809396555869, 51.176882692896896 ], [ 71.4600978, 51.1768484 ] ] ], [ [ [ 71.4599222, 51.1769687 ], [ 71.459667596383596, 51.176990192818081 ], [ 71.459683696298114, 51.177050792828425 ], [ 71.4599356, 51.1770293 ], [ 71.4599222, 51.1769687 ] ] ], [ [ [ 71.4592363, 51.1769548 ], [ 71.459169496367451, 51.176959492533584 ], [ 71.459012396273963, 51.177011092445021 ], [ 71.45920389596624, 51.177240492558525 ], [ 71.4592707, 51.1772358 ], [ 71.4594279, 51.1771842 ], [ 71.4592363, 51.1769548 ] ] ], [ [ [ 71.459545495618016, 51.177510592758374 ], [ 71.45976139474638, 51.178132892893252 ], [ 71.459941794633792, 51.178226092997832 ], [ 71.4605626, 51.1781459 ], [ 71.4602517, 51.1772498 ], [ 71.459643595892913, 51.177328292810827 ], [ 71.459545495618016, 51.177510592758374 ] ] ], [ [ [ 71.4602709, 51.1435885 ], [ 71.46020414458323, 51.143593192489611 ], [ 71.460131244417454, 51.143702192450121 ], [ 71.460796444246085, 51.143877192832448 ], [ 71.4608632, 51.143872499999986 ], [ 71.4609361, 51.1437635 ], [ 71.4602709, 51.1435885 ] ] ], [ [ [ 71.4603692, 51.1447533 ], [ 71.4608535, 51.1440992 ], [ 71.4604635, 51.1439855 ], [ 71.460396744034938, 51.143990192606886 ], [ 71.45971844357058, 51.14425559222547 ], [ 71.459516143152513, 51.144528892115389 ], [ 71.460302442917893, 51.144757992567719 ], [ 71.4603692, 51.1447533 ] ] ], [ [ [ 71.4592463, 51.1448943 ], [ 71.4590063, 51.144815899999983 ], [ 71.458939542662591, 51.144820591792381 ], [ 71.458872442538109, 51.14490139175571 ], [ 71.459112442454284, 51.144979791893945 ], [ 71.4591792, 51.1449751 ], [ 71.4592463, 51.1448943 ] ] ], [ [ [ 71.4594042, 51.1450915 ], [ 71.459337442313938, 51.145096192024354 ], [ 71.459148141896279, 51.145370291921672 ], [ 71.45951884179604, 51.145471092134805 ], [ 71.4595856, 51.145466399999982 ], [ 71.459775, 51.1451923 ], [ 71.4594042, 51.1450915 ] ] ], [ [ [ 71.458793341098698, 51.145894291729498 ], [ 71.459188640984294, 51.146006991956853 ], [ 71.4592554, 51.1460023 ], [ 71.4594957, 51.1456705 ], [ 71.459468146461461, 51.145662642562264 ], [ 71.4595342, 51.145658 ], [ 71.4596213, 51.1455401 ], [ 71.4591986, 51.1454172 ], [ 71.459131841819982, 51.145421891913387 ], [ 71.459044741639516, 51.145539891866001 ], [ 71.459420529542669, 51.145649063632071 ], [ 71.4591005, 51.1455578 ], [ 71.459033741605637, 51.145562491860176 ], [ 71.458793341098698, 51.145894291729498 ] ] ], [ [ [ 71.460871, 51.1463427 ], [ 71.460640381335338, 51.146354185619181 ], [ 71.460640381044996, 51.146454985622995 ], [ 71.4608677, 51.1464456 ], [ 71.460871, 51.1463427 ] ] ], [ [ [ 71.459905538986973, 51.147454192392814 ], [ 71.460130887643558, 51.147460565835118 ], [ 71.460130795046524, 51.147478262987597 ], [ 71.460323995160735, 51.147478663538031 ], [ 71.4606578, 51.1474552 ], [ 71.460661843509385, 51.14668136781296 ], [ 71.462388702254387, 51.146667369343 ], [ 71.4627225, 51.1466439 ], [ 71.462721992017165, 51.146620300045221 ], [ 71.462723602484061, 51.146663670296718 ], [ 71.4632696, 51.1466371 ], [ 71.463259414640675, 51.146362856941508 ], [ 71.4632972, 51.1463602 ], [ 71.463297716065014, 51.146344386298026 ], [ 71.4635559, 51.146345 ], [ 71.4635566, 51.1462979 ], [ 71.46326454104333, 51.146309094284916 ], [ 71.463141141011377, 51.146320894214824 ], [ 71.463140236745147, 51.146350733582331 ], [ 71.462712904552106, 51.146375570238845 ], [ 71.462718728455926, 51.146532411209002 ], [ 71.4609197, 51.1465471 ], [ 71.460662450635738, 51.146565183320419 ], [ 71.4606626, 51.1465366 ], [ 71.4604694, 51.1465362 ], [ 71.460135601664206, 51.146559662914022 ], [ 71.460132541949179, 51.147144400042556 ], [ 71.460003039438192, 51.147149092442575 ], [ 71.459816038998454, 51.147438692341538 ], [ 71.459905538986973, 51.147454192392814 ] ] ], [ [ [ 71.4597476, 51.1475618 ], [ 71.459146748647427, 51.147604029036103 ], [ 71.459148447284363, 51.147709329062828 ], [ 71.459515647715989, 51.147706930945425 ], [ 71.459819419424107, 51.147685580724122 ], [ 71.45981424376545, 51.148036832533037 ], [ 71.460263844222212, 51.148039434839042 ], [ 71.4608647, 51.1479972 ], [ 71.46087, 51.147630399999983 ], [ 71.4604205, 51.1476278 ], [ 71.460116249289257, 51.147649185492554 ], [ 71.4601148, 51.1475595 ], [ 71.4597476, 51.1475618 ] ] ], [ [ [ 71.461046130793051, 51.148892638136395 ], [ 71.4627152, 51.1487753 ], [ 71.4627126, 51.14856480000001 ], [ 71.4619841, 51.1484866 ], [ 71.4616067, 51.1484906 ], [ 71.459937637685073, 51.148607922210999 ], [ 71.459938660623294, 51.148646413295289 ], [ 71.459795686358817, 51.148656462144842 ], [ 71.459794885486218, 51.148777562154059 ], [ 71.459942157042988, 51.148777975653701 ], [ 71.459942830664858, 51.148803322377837 ], [ 71.460653029533219, 51.148894532537739 ], [ 71.461046130793051, 51.148892638136395 ] ] ], [ [ [ 71.4603594, 51.1491682 ], [ 71.460196036546748, 51.149172892590997 ], [ 71.460196036409911, 51.149267892592796 ], [ 71.4603594, 51.1492632 ], [ 71.4603594, 51.1491682 ] ] ], [ [ [ 71.459888536221698, 51.14937269241959 ], [ 71.460031, 51.1493687 ], [ 71.4600354, 51.1491694 ], [ 71.459621936483799, 51.149168292263788 ], [ 71.459618336247289, 51.149332192264836 ], [ 71.459888536221698, 51.14937269241959 ] ] ], [ [ [ 71.4600725, 51.1499026 ], [ 71.459471618658085, 51.149944831102275 ], [ 71.459465514869848, 51.150236531120861 ], [ 71.459656215057137, 51.150238132099062 ], [ 71.4602571, 51.1501959 ], [ 71.4602632, 51.1499042 ], [ 71.4600725, 51.1499026 ] ] ], [ [ [ 71.4598139, 51.150236499999984 ], [ 71.459718834950564, 51.150240892339369 ], [ 71.459718334924574, 51.15025889233943 ], [ 71.4598134, 51.15025450000001 ], [ 71.4598139, 51.150236499999984 ] ] ], [ [ [ 71.4597251, 51.1502706 ], [ 71.459513634877553, 51.150274292223081 ], [ 71.459512734802843, 51.150326092223551 ], [ 71.4597241, 51.1503224 ], [ 71.4597251, 51.1502706 ] ] ], [ [ [ 71.4599751, 51.1505026 ], [ 71.459774803724784, 51.150516677243367 ], [ 71.459771502622488, 51.150771477252256 ], [ 71.460127302744098, 51.150773277860559 ], [ 71.4603276, 51.1507592 ], [ 71.4603308, 51.15050440000001 ], [ 71.4599751, 51.1505026 ] ] ], [ [ [ 71.4608658, 51.1505659 ], [ 71.46053197288434, 51.150589364426132 ], [ 71.460078768191607, 51.151202763193211 ], [ 71.460221967978782, 51.151244363605144 ], [ 71.4605558, 51.1512209 ], [ 71.461009, 51.1506076 ], [ 71.4608658, 51.1505659 ] ] ], [ [ [ 71.4611304, 51.1511653 ], [ 71.461063633775225, 51.151169993123304 ], [ 71.460623832843751, 51.151779592884282 ], [ 71.460770732801478, 51.151821292968769 ], [ 71.4608375, 51.1518166 ], [ 71.4612773, 51.151207 ], [ 71.4611304, 51.1511653 ] ] ], [ [ [ 71.461041, 51.1518366 ], [ 71.460933332808651, 51.151829993061597 ], [ 71.460915932770973, 51.151854693052137 ], [ 71.4610236, 51.1518614 ], [ 71.461041, 51.1518366 ] ] ], [ [ [ 71.4608792, 51.151929 ], [ 71.460812432644602, 51.151933692994675 ], [ 71.460753132515848, 51.152018092962479 ], [ 71.460832732493657, 51.152040193008254 ], [ 71.4608995, 51.1520355 ], [ 71.4609589, 51.1519511 ], [ 71.4608792, 51.151929 ] ] ], [ [ [ 71.4608435, 51.1520704 ], [ 71.460735832447895, 51.152063792953498 ], [ 71.460718432410076, 51.15208859294404 ], [ 71.4608261, 51.1520952 ], [ 71.4608435, 51.1520704 ] ] ], [ [ [ 71.459833661190586, 51.153278984962981 ], [ 71.460251760959437, 51.153394385443846 ], [ 71.4603853, 51.153385 ], [ 71.4607435, 51.152874499999989 ], [ 71.4607093, 51.1527973 ], [ 71.4604281, 51.1527197 ], [ 71.460294562886787, 51.152729085467328 ], [ 71.460196862770616, 51.152761185357214 ], [ 71.459833661190586, 51.153278984962981 ] ] ], [ [ [ 71.4609134, 51.1530236 ], [ 71.460846631071831, 51.15302829303495 ], [ 71.460783830933408, 51.153119093000896 ], [ 71.46097903088058, 51.153172193113129 ], [ 71.4610458, 51.1531675 ], [ 71.4611086, 51.1530766 ], [ 71.4609134, 51.1530236 ] ] ], [ [ [ 71.4594942, 51.1532543 ], [ 71.45942743056743, 51.15325899223064 ], [ 71.459390630486183, 51.153312292210693 ], [ 71.459519830451271, 51.153347392284985 ], [ 71.4595866, 51.1533427 ], [ 71.4596234, 51.1532894 ], [ 71.4594942, 51.1532543 ] ] ], [ [ [ 71.4604747, 51.1565539 ], [ 71.4603621, 51.1565169 ], [ 71.460295325971757, 51.156521592787165 ], [ 71.460258625904046, 51.156565492767101 ], [ 71.460371325864415, 51.156602492832008 ], [ 71.4604381, 51.1565978 ], [ 71.4604747, 51.1565539 ] ] ], [ [ [ 71.4615218, 51.160212799999989 ], [ 71.461455020786147, 51.160217493518267 ], [ 71.461303520691246, 51.160270593432934 ], [ 71.461332620647511, 51.160303393450128 ], [ 71.4613994, 51.1602987 ], [ 71.461551, 51.16024560000001 ], [ 71.4615218, 51.160212799999989 ] ] ], [ [ [ 71.4611075, 51.1605071 ], [ 71.4612205, 51.16046990000001 ], [ 71.4611325, 51.1603622 ], [ 71.461065720523621, 51.160366893299241 ], [ 71.46090842043462, 51.160415393210542 ], [ 71.460971320323637, 51.16049769324794 ], [ 71.461040720311729, 51.160511793287746 ], [ 71.4611075, 51.1605071 ] ] ], [ [ [ 71.460594490569093, 51.160793679068306 ], [ 71.460475419780664, 51.160832692971688 ], [ 71.460504319734156, 51.160867392988813 ], [ 71.4605711, 51.160862699999988 ], [ 71.4607237, 51.1608127 ], [ 71.460699693184509, 51.160783875211976 ], [ 71.460897739232166, 51.160732541430669 ], [ 71.460912219950657, 51.160751493219074 ], [ 71.460979, 51.1607468 ], [ 71.461268703579577, 51.160659753406286 ], [ 71.461151620056242, 51.160698393354494 ], [ 71.461207719966623, 51.160765293387755 ], [ 71.461274500000016, 51.16076060000001 ], [ 71.4614154, 51.1607141 ], [ 71.4613593, 51.1606472 ], [ 71.46129557771458, 51.160651678541797 ], [ 71.4613208, 51.160644099999985 ], [ 71.4612272, 51.160521599999988 ], [ 71.461160420305347, 51.160526293356249 ], [ 71.460892485979841, 51.160606799003219 ], [ 71.4608529, 51.16054 ], [ 71.4607088, 51.160505 ], [ 71.46064202026642, 51.160509693060497 ], [ 71.460323720026025, 51.160649692881755 ], [ 71.460438419813642, 51.160806692950118 ], [ 71.460594490569093, 51.160793679068306 ] ] ], [ [ [ 71.4601582, 51.1606662 ], [ 71.460091419967299, 51.160670892749785 ], [ 71.459764019785794, 51.160769292565071 ], [ 71.459834219672217, 51.160853992606683 ], [ 71.459901, 51.1608493 ], [ 71.4602299, 51.1607518 ], [ 71.4601582, 51.1606662 ] ] ], [ [ [ 71.4607204, 51.1608557 ], [ 71.46065361976234, 51.160860393073776 ], [ 71.460540119693391, 51.160898693009813 ], [ 71.460605019592293, 51.160974293048234 ], [ 71.4606718, 51.1609696 ], [ 71.4607853, 51.1609313 ], [ 71.4607204, 51.1608557 ] ] ], [ [ [ 71.461456, 51.1608436 ], [ 71.461389219869005, 51.160848293492755 ], [ 71.461209319773545, 51.16089939339119 ], [ 71.461265519668203, 51.160977193424706 ], [ 71.4613323, 51.1609725 ], [ 71.4615122, 51.1609213 ], [ 71.461456, 51.1608436 ] ] ], [ [ [ 71.4615974, 51.1610279 ], [ 71.4615413, 51.160961 ], [ 71.461474519710123, 51.160965693543581 ], [ 71.461333619626018, 51.161012193464188 ], [ 71.461389719536413, 51.161079093497413 ], [ 71.4614565, 51.1610744 ], [ 71.4615974, 51.1610279 ] ] ], [ [ [ 71.460989600000019, 51.161096 ], [ 71.4609149, 51.1609884 ], [ 71.460848119594672, 51.16099309318713 ], [ 71.46067771950699, 51.161039593090919 ], [ 71.460752419360958, 51.161147193135527 ], [ 71.460857953567597, 51.161131924672475 ], [ 71.460801719360603, 51.161151593163709 ], [ 71.460890719227237, 51.161251593216328 ], [ 71.4609575, 51.1612469 ], [ 71.4610833, 51.1612029 ], [ 71.4609943, 51.1611029 ], [ 71.460953914073315, 51.16110573826515 ], [ 71.460989600000019, 51.161096 ] ] ], [ [ [ 71.4612755, 51.1614435 ], [ 71.461208718982434, 51.161448193401284 ], [ 71.461064518891305, 51.161499293320077 ], [ 71.461135918785516, 51.161578693362273 ], [ 71.4612027, 51.161574 ], [ 71.461347, 51.1615229 ], [ 71.4612755, 51.1614435 ] ] ], [ [ [ 71.4617169, 51.1616436 ], [ 71.461650118747556, 51.16164829365664 ], [ 71.461258818531306, 51.161765393435864 ], [ 71.461355018367414, 51.161887193492994 ], [ 71.4614218, 51.1618825 ], [ 71.4618023, 51.161767 ], [ 71.4617169, 51.1616436 ] ] ], [ [ [ 71.461513, 51.1620104 ], [ 71.4616437, 51.1619726 ], [ 71.4615802, 51.1618817 ], [ 71.461461618376745, 51.161889693553796 ], [ 71.461375218328641, 51.161915793505052 ], [ 71.461446218194112, 51.162015093547403 ], [ 71.461513, 51.1620104 ] ] ], [ [ [ 71.4603148, 51.1626481 ], [ 71.460248017129601, 51.162652792876678 ], [ 71.460106217042778, 51.162701092796773 ], [ 71.46017861693565, 51.162781492839564 ], [ 71.4602454, 51.1627768 ], [ 71.4603857, 51.1627314 ], [ 71.4603148, 51.1626481 ] ] ], [ [ [ 71.461706385606519, 51.162801868932817 ], [ 71.461298786147253, 51.162949741263517 ], [ 71.4613147, 51.162903 ], [ 71.4612422, 51.1628141 ], [ 71.461175417002778, 51.162818793408341 ], [ 71.460991916895608, 51.162877693304878 ], [ 71.461094116727537, 51.16300289336553 ], [ 71.461210659133656, 51.162982209932046 ], [ 71.460855482847521, 51.16311306653774 ], [ 71.460944482110108, 51.163222866801789 ], [ 71.4612784, 51.163199399999989 ], [ 71.4621519, 51.1629208 ], [ 71.4620403, 51.162778399999986 ], [ 71.461706385606519, 51.162801868932817 ] ] ], [ [ [ 71.461648, 51.1634796 ], [ 71.461581216092654, 51.16348429365226 ], [ 71.461459016018892, 51.163525193583389 ], [ 71.461536615897117, 51.163616193629359 ], [ 71.4616034, 51.1636115 ], [ 71.4617256, 51.1635705 ], [ 71.461648, 51.1634796 ] ] ], [ [ [ 71.4610779, 51.1636136 ], [ 71.46101111583036, 51.163618293329883 ], [ 71.460874915751276, 51.163661693253118 ], [ 71.460937115648093, 51.163738493289998 ], [ 71.4610039, 51.163733799999989 ], [ 71.4611402, 51.1636904 ], [ 71.4610779, 51.1636136 ] ] ], [ [ [ 71.460935, 51.1638097 ], [ 71.4608256, 51.1636808 ], [ 71.460758815702889, 51.163685493187387 ], [ 71.460649515637016, 51.163721993125804 ], [ 71.460687004675151, 51.163766164583308 ], [ 71.460547015510414, 51.163801193068871 ], [ 71.460605115422581, 51.163866993103241 ], [ 71.4606719, 51.1638623 ], [ 71.460746604021764, 51.163836387307072 ], [ 71.460758915464453, 51.163850893190599 ], [ 71.4608257, 51.1638462 ], [ 71.460935, 51.1638097 ] ] ], [ [ [ 71.460368615304532, 51.163928992969637 ], [ 71.460446615273199, 51.163957293014633 ], [ 71.4606067, 51.1639259 ], [ 71.4605129, 51.163797099999989 ], [ 71.460352815447493, 51.163828492958729 ], [ 71.460324315386956, 51.16386809294324 ], [ 71.460368615304532, 51.163928992969637 ] ] ], [ [ [ 71.4603856, 51.1639679 ], [ 71.4602873, 51.1638447 ], [ 71.460220515401332, 51.163849392883733 ], [ 71.45995031525554, 51.163927792731229 ], [ 71.460039715116878, 51.164031492784133 ], [ 71.4601065, 51.1640268 ], [ 71.460193278032278, 51.163997381094035 ], [ 71.460202615168939, 51.164009092876555 ], [ 71.4602694, 51.164004399999989 ], [ 71.4603856, 51.1639679 ] ] ], [ [ [ 71.4613504, 51.1639329 ], [ 71.461283615403119, 51.163937593491269 ], [ 71.461188115342509, 51.163971593437488 ], [ 71.461281415204908, 51.164074893492625 ], [ 71.4613482, 51.1640702 ], [ 71.4614438, 51.1640362 ], [ 71.4613504, 51.1639329 ] ] ], [ [ [ 71.4611289, 51.1641473 ], [ 71.461279, 51.164094 ], [ 71.461098, 51.1638937 ], [ 71.461031215429017, 51.163898393346692 ], [ 71.460847215312413, 51.163963793243063 ], [ 71.460945515167339, 51.164072693301144 ], [ 71.461062115067165, 51.164151993369117 ], [ 71.4611289, 51.1641473 ] ] ], [ [ [ 71.4609395, 51.1640856 ], [ 71.460872715133135, 51.164090293259996 ], [ 71.460747115053621, 51.164134893189249 ], [ 71.460770435196522, 51.164160702486996 ], [ 71.46065171495799, 51.164193193136008 ], [ 71.460711914869279, 51.164259793171588 ], [ 71.4607787, 51.1642551 ], [ 71.4610181, 51.1641727 ], [ 71.4609395, 51.1640856 ] ] ], [ [ [ 71.4605477, 51.164231 ], [ 71.460480914876015, 51.164235693039466 ], [ 71.460390914819115, 51.164267592988779 ], [ 71.460451814729197, 51.164335093024775 ], [ 71.460518600000015, 51.1643304 ], [ 71.4606086, 51.1642984 ], [ 71.4605477, 51.164231 ] ] ], [ [ [ 71.4616144, 51.1642603 ], [ 71.4615718, 51.1642119 ], [ 71.461505015027754, 51.164216593622747 ], [ 71.461339214924891, 51.164273993529356 ], [ 71.461381814860289, 51.164322393554535 ], [ 71.4614486, 51.1643177 ], [ 71.4616144, 51.1642603 ] ] ], [ [ [ 71.4612844, 51.1643951 ], [ 71.4612196, 51.1643268 ], [ 71.4611528148194, 51.164331493424214 ], [ 71.461026314736159, 51.164378593353 ], [ 71.46109101464539, 51.164446993391174 ], [ 71.4611578, 51.1644423 ], [ 71.4612844, 51.1643951 ] ] ], [ [ [ 71.4615473, 51.1644519 ], [ 71.4617036, 51.1643954 ], [ 71.461646, 51.16433270000001 ], [ 71.461484814830413, 51.164351793613811 ], [ 71.461409314782031, 51.164378993571276 ], [ 71.461480514678797, 51.164456593613345 ], [ 71.4615473, 51.1644519 ] ] ], [ [ [ 71.4609906, 51.1643674 ], [ 71.460923814733093, 51.164372093294489 ], [ 71.46078801464671, 51.16442059321799 ], [ 71.460849114557092, 51.164487893254098 ], [ 71.4609159, 51.1644832 ], [ 71.4610517, 51.1644347 ], [ 71.4609906, 51.1643674 ] ] ], [ [ [ 71.4617861, 51.1645342 ], [ 71.4617391, 51.164473 ], [ 71.461672314671645, 51.164477693723065 ], [ 71.461541214598654, 51.164517293649084 ], [ 71.461588214516127, 51.164578493677027 ], [ 71.461655, 51.1645738 ], [ 71.4617861, 51.1645342 ] ] ], [ [ [ 71.4605941, 51.1645077 ], [ 71.460527314482746, 51.164512393071163 ], [ 71.46038261439989, 51.164557692989554 ], [ 71.460442014299687, 51.164632193024822 ], [ 71.4605088, 51.1646275 ], [ 71.4606535, 51.1645821 ], [ 71.4605941, 51.1645077 ] ] ], [ [ [ 71.4611035, 51.1644972 ], [ 71.461036714559654, 51.164501893361276 ], [ 71.460859814436702, 51.164572293261799 ], [ 71.460925014351787, 51.164636693300167 ], [ 71.4609918, 51.164632 ], [ 71.4611686, 51.1645617 ], [ 71.4611035, 51.1644972 ] ] ], [ [ [ 71.461785, 51.1645803 ], [ 71.461718214522534, 51.164584993751248 ], [ 71.461614014458405, 51.164620693692548 ], [ 71.461659514388529, 51.164672993719471 ], [ 71.4617263, 51.1646683 ], [ 71.4618305, 51.1646326 ], [ 71.461785, 51.1645803 ] ] ], [ [ [ 71.4606999, 51.1646245 ], [ 71.46063311432718, 51.164629193133678 ], [ 71.460476414237405, 51.164678293045313 ], [ 71.46052891414891, 51.164744093076472 ], [ 71.4605957, 51.1647394 ], [ 71.4607523, 51.1646903 ], [ 71.4606999, 51.1646245 ] ] ], [ [ [ 71.4612103, 51.16462820000001 ], [ 71.460989914309621, 51.164671393337827 ], [ 71.461043614194907, 51.164755493370045 ], [ 71.4612639, 51.1647123 ], [ 71.4612103, 51.16462820000001 ] ] ], [ [ [ 71.4603822, 51.1648555 ], [ 71.460266, 51.1647575 ], [ 71.460206118063709, 51.164761707764264 ], [ 71.460227, 51.1647553 ], [ 71.4601967, 51.164716499999983 ], [ 71.4601031, 51.1646537 ], [ 71.459952214166336, 51.164683492746654 ], [ 71.459887114076849, 51.16474009271063 ], [ 71.45993741399198, 51.164803192740493 ], [ 71.460100004639074, 51.164792519646021 ], [ 71.460026813985948, 51.164814892791675 ], [ 71.460073313816707, 51.164936192820456 ], [ 71.4601401, 51.1649315 ], [ 71.4603822, 51.1648555 ] ] ], [ [ [ 71.4613568, 51.1648028 ], [ 71.4613073, 51.164734 ], [ 71.461240514243016, 51.164738693481908 ], [ 71.461079414157723, 51.164784293390973 ], [ 71.461128914064687, 51.164852993420489 ], [ 71.4611957, 51.1648483 ], [ 71.4613568, 51.1648028 ] ] ], [ [ [ 71.4608108, 51.1647867 ], [ 71.460744014106808, 51.164791393199955 ], [ 71.460587914017239, 51.164840393111923 ], [ 71.460623913956582, 51.164885493133298 ], [ 71.4606907, 51.1648808 ], [ 71.4608468, 51.1648319 ], [ 71.4608108, 51.1647867 ] ] ], [ [ [ 71.460921, 51.1649515 ], [ 71.4608856, 51.1649071 ], [ 71.460818813942296, 51.164911793244869 ], [ 71.460658313850189, 51.164962193154366 ], [ 71.460693713790619, 51.165006493175376 ], [ 71.4607605, 51.1650018 ], [ 71.460921, 51.1649515 ] ] ], [ [ [ 71.461405, 51.1648941 ], [ 71.461338214024053, 51.164898793540644 ], [ 71.461213413950375, 51.164939393470306 ], [ 71.461276813847647, 51.165015993507893 ], [ 71.4613436, 51.16501130000001 ], [ 71.4614683, 51.1649707 ], [ 71.461405, 51.1648941 ] ] ], [ [ [ 71.460198613640458, 51.165068992894398 ], [ 71.4603092, 51.16505020000001 ], [ 71.4603837, 51.1650056 ], [ 71.4603246, 51.1649323 ], [ 71.460257813837927, 51.164936992925625 ], [ 71.460092513742495, 51.164989292832431 ], [ 71.460151413647708, 51.165059992867342 ], [ 71.460198613640458, 51.165068992894398 ] ] ], [ [ [ 71.460569617649469, 51.16513694186731 ], [ 71.4606972, 51.1651033 ], [ 71.4606123, 51.1649924 ], [ 71.460545513786172, 51.164997093090747 ], [ 71.460278313655024, 51.165065592939754 ], [ 71.460221513528339, 51.165148692908964 ], [ 71.460256613469141, 51.165192692929821 ], [ 71.460296764289239, 51.165189871632393 ], [ 71.460359613363849, 51.165274392990064 ], [ 71.4604264, 51.1652697 ], [ 71.4606055, 51.1652179 ], [ 71.4606178, 51.1651829 ], [ 71.460569617649469, 51.16513694186731 ] ] ], [ [ [ 71.461469800000017, 51.1650146 ], [ 71.461403013858188, 51.165019293579867 ], [ 71.461287713787101, 51.165058893514917 ], [ 71.461354313685192, 51.165135193554313 ], [ 71.4614211, 51.1651305 ], [ 71.4615364, 51.16509090000001 ], [ 71.461469800000017, 51.1650146 ] ] ], [ [ [ 71.4610125, 51.1651199 ], [ 71.460945713650887, 51.165124593321252 ], [ 71.460846513594035, 51.165155693265298 ], [ 71.46090711349197, 51.165231593301279 ], [ 71.460973900000013, 51.1652269 ], [ 71.461073, 51.1651958 ], [ 71.4610125, 51.1651199 ] ] ], [ [ [ 71.461618095713717, 51.165207816535336 ], [ 71.4615432, 51.1651283 ], [ 71.461476413703167, 51.165132993623864 ], [ 71.461372113634852, 51.165171593565155 ], [ 71.461450013525081, 51.165254293611106 ], [ 71.461548093881689, 51.165237977432724 ], [ 71.461509813499902, 51.165276793645631 ], [ 71.461566113405098, 51.165347293679062 ], [ 71.4616329, 51.165342599999988 ], [ 71.4618759, 51.1652665 ], [ 71.4617972, 51.1651679 ], [ 71.461730413676889, 51.165172593769377 ], [ 71.461618095713717, 51.165207816535336 ] ] ], [ [ [ 71.46038991333667, 51.165295793007729 ], [ 71.460435913184398, 51.165405293036031 ], [ 71.4605027, 51.1654006 ], [ 71.4607091, 51.1653127 ], [ 71.4606172, 51.16524350000001 ], [ 71.46055041342477, 51.165248193098321 ], [ 71.46038991333667, 51.165295793007729 ] ] ], [ [ [ 71.4612494, 51.1653261 ], [ 71.4611819, 51.1652415 ], [ 71.461115113496149, 51.165246193420103 ], [ 71.460945413398719, 51.16529949332439 ], [ 71.461012813284938, 51.165384093364416 ], [ 71.4610796, 51.1653794 ], [ 71.4612494, 51.1653261 ] ] ], [ [ [ 71.4612653, 51.165365799999989 ], [ 71.461198513327048, 51.165370493469986 ], [ 71.461063313249539, 51.165412893393736 ], [ 71.461121113152018, 51.165485393428064 ], [ 71.4611879, 51.1654807 ], [ 71.4613231, 51.1654383 ], [ 71.4612653, 51.165365799999989 ] ] ], [ [ [ 71.4617863, 51.1653692 ], [ 71.461719513385347, 51.165373893766976 ], [ 71.461586813309282, 51.165415493692151 ], [ 71.46162921323787, 51.165468593717328 ], [ 71.461696, 51.1654639 ], [ 71.4618286, 51.1654223 ], [ 71.4617863, 51.1653692 ] ] ], [ [ [ 71.4607302, 51.1653842 ], [ 71.460580113188314, 51.165414693118393 ], [ 71.460447813083178, 51.165476493044167 ], [ 71.460472913040235, 51.165508393059078 ], [ 71.460550112993658, 51.165547193103805 ], [ 71.460520112976766, 51.165556393086895 ], [ 71.460565412895761, 51.165616393113837 ], [ 71.4606322, 51.1656117 ], [ 71.4608509, 51.1655456 ], [ 71.4607302, 51.1653842 ] ] ], [ [ [ 71.4601824, 51.165507399999981 ], [ 71.460115612991572, 51.165512092855508 ], [ 71.459908812879277, 51.165572592738798 ], [ 71.459950612803311, 51.165628792763691 ], [ 71.4600174, 51.165624099999988 ], [ 71.4602241, 51.1655637 ], [ 71.4601824, 51.165507399999981 ] ] ], [ [ [ 71.4619087, 51.165532 ], [ 71.4618636, 51.1654819 ], [ 71.461796813232255, 51.165486593813192 ], [ 71.461662513147473, 51.165534093737534 ], [ 71.461707713080585, 51.165584293764269 ], [ 71.4617745, 51.1655796 ], [ 71.4619087, 51.165532 ] ] ], [ [ [ 71.4613127, 51.165510399999988 ], [ 71.461245913124316, 51.165515093499756 ], [ 71.461052613013507, 51.165575693390736 ], [ 71.461110112916543, 51.165647793424888 ], [ 71.4611769, 51.1656431 ], [ 71.4613702, 51.1655825 ], [ 71.4613127, 51.165510399999988 ] ] ], [ [ [ 71.460260600000012, 51.1656064 ], [ 71.460193812858321, 51.165611092901962 ], [ 71.460017212764242, 51.165661492802286 ], [ 71.460087012634006, 51.165757692843869 ], [ 71.4601538, 51.165753 ], [ 71.4603304, 51.1657026 ], [ 71.460260600000012, 51.1656064 ] ] ], [ [ [ 71.4607901, 51.1657587 ], [ 71.4609756, 51.16570080000001 ], [ 71.4609024, 51.165608399999989 ], [ 71.460753212887241, 51.165638093221297 ], [ 71.460670312792274, 51.165696993175175 ], [ 71.460723312702967, 51.165763393206625 ], [ 71.4607901, 51.1657587 ] ] ], [ [ [ 71.4613851, 51.1657676 ], [ 71.461576300000019, 51.165712499999984 ], [ 71.4614824, 51.1655842 ], [ 71.461323812989193, 51.165615393546055 ], [ 71.461235812914779, 51.165659593496734 ], [ 71.461318312762302, 51.165772293545899 ], [ 71.4613851, 51.1657676 ] ] ], [ [ [ 71.461034964168661, 51.165803498842784 ], [ 71.4612239, 51.1657574 ], [ 71.461168, 51.1656794 ], [ 71.461101212863142, 51.165684093420495 ], [ 71.460946412781354, 51.165727793333105 ], [ 71.460975212347847, 51.165767978905158 ], [ 71.460881012720648, 51.165764393296527 ], [ 71.460757112659337, 51.165796493226523 ], [ 71.460797812570419, 51.165861593250959 ], [ 71.4609812, 51.1658477 ], [ 71.4610509, 51.1658303 ], [ 71.461034964168661, 51.165803498842784 ] ] ], [ [ [ 71.4612752, 51.1661684 ], [ 71.462642, 51.1657612 ], [ 71.4625642, 51.165657099999983 ], [ 71.462497413064654, 51.165661794215801 ], [ 71.461130912306189, 51.166072893444799 ], [ 71.461208412171118, 51.166173093490876 ], [ 71.4612752, 51.1661684 ] ] ], [ [ [ 71.460925411910438, 51.166330093332576 ], [ 71.46104211177061, 51.166436893401105 ], [ 71.4611089, 51.16643220000001 ], [ 71.4613359, 51.166364 ], [ 71.4611246, 51.1660897 ], [ 71.461057812266333, 51.166094393403561 ], [ 71.460832612140109, 51.166162993276515 ], [ 71.460925411910438, 51.166330093332576 ] ] ], [ [ [ 71.4606753, 51.1661744 ], [ 71.460608512089721, 51.16617909314909 ], [ 71.460244511890124, 51.166286892943695 ], [ 71.460318811756835, 51.166385592987908 ], [ 71.4603856, 51.1663809 ], [ 71.4607496, 51.166273 ], [ 71.4606753, 51.1661744 ] ] ], [ [ [ 71.461540411889459, 51.16639639368433 ], [ 71.4616072, 51.1663917 ], [ 71.4620902, 51.1662461 ], [ 71.4619923, 51.16611120000001 ], [ 71.461925512340585, 51.166115893898493 ], [ 71.461356012034017, 51.166280593577042 ], [ 71.46141761191997, 51.166364893613739 ], [ 71.461540411889459, 51.16639639368433 ] ] ], [ [ [ 71.460310611272263, 51.16672099298961 ], [ 71.4603774, 51.1667163 ], [ 71.4604673, 51.16668760000001 ], [ 71.4607168, 51.1665704 ], [ 71.4606204, 51.166451499999987 ], [ 71.460553611683522, 51.166456193123068 ], [ 71.460178711490698, 51.166558392911348 ], [ 71.460310611272263, 51.16672099298961 ] ] ], [ [ [ 71.460449453165012, 51.167196665768643 ], [ 71.460574307569829, 51.167353804195521 ], [ 71.460526210360939, 51.167371193124829 ], [ 71.460575210289036, 51.167425193153797 ], [ 71.460628078318578, 51.167421478246602 ], [ 71.460753450591056, 51.167579266671261 ], [ 71.460912006822056, 51.167568125024566 ], [ 71.460781150394467, 51.167608866753014 ], [ 71.46116804710725, 51.168097367901957 ], [ 71.461530174597598, 51.168064628972594 ], [ 71.461559309435543, 51.168099893727479 ], [ 71.4616261, 51.1680952 ], [ 71.4617245, 51.1680624 ], [ 71.4616832, 51.168014 ], [ 71.461652782400037, 51.168016137629131 ], [ 71.4612728, 51.1675363 ], [ 71.461114035372461, 51.167547456792789 ], [ 71.4612566, 51.1675028 ], [ 71.4613338, 51.167130899999989 ], [ 71.461293253635901, 51.167079660156219 ], [ 71.4615474, 51.1670618 ], [ 71.462602324318652, 51.16670782141906 ], [ 71.463463654201092, 51.167306574368524 ], [ 71.4637976, 51.1672831 ], [ 71.4639442, 51.1672347 ], [ 71.4632281, 51.1663803 ], [ 71.462894160363916, 51.166403772659841 ], [ 71.462445559024133, 51.166551871395562 ], [ 71.462474095572844, 51.166586060684793 ], [ 71.46208135842042, 51.166604970362769 ], [ 71.461503556649049, 51.166802068734981 ], [ 71.461127655104676, 51.166984667681142 ], [ 71.461169064983935, 51.16703322109101 ], [ 71.460917954500232, 51.167050867089856 ], [ 71.460670494678823, 51.167127877493755 ], [ 71.4606479, 51.1671046 ], [ 71.46058111074521, 51.167109293151157 ], [ 71.460484510681013, 51.167145693096785 ], [ 71.460514511369539, 51.167176419673702 ], [ 71.460449453165012, 51.167196665768643 ] ] ], [ [ [ 71.4619449, 51.1678759 ], [ 71.461878109790419, 51.167880593905004 ], [ 71.461755909721091, 51.167918393836082 ], [ 71.461802709643734, 51.167975993863841 ], [ 71.4618695, 51.1679713 ], [ 71.4619899, 51.167933 ], [ 71.4619449, 51.1678759 ] ] ], [ [ [ 71.4609092, 51.1683854 ], [ 71.4605176, 51.167891 ], [ 71.460450809595514, 51.167895693091829 ], [ 71.46027880949751, 51.167949192994811 ], [ 71.460670408831973, 51.168443693227388 ], [ 71.460737200000011, 51.168439 ], [ 71.4609092, 51.1683854 ] ] ], [ [ [ 71.4621507, 51.1686284 ], [ 71.4623933, 51.1682188 ], [ 71.4623157, 51.1681267 ], [ 71.461981747220165, 51.168150170225772 ], [ 71.461362745351565, 51.168357268481472 ], [ 71.461659643026238, 51.168704769360573 ], [ 71.4619936, 51.16868130000001 ], [ 71.4621507, 51.1686284 ] ] ], [ [ [ 71.4609307, 51.1684729 ], [ 71.460863908806559, 51.168477593338324 ], [ 71.460660108689694, 51.16854149322338 ], [ 71.460703008622062, 51.168591993248789 ], [ 71.4607698, 51.1685873 ], [ 71.4609736, 51.1685267 ], [ 71.4609307, 51.1684729 ] ] ], [ [ [ 71.461519809300896, 51.169047534965394 ], [ 71.4612412, 51.1686262 ], [ 71.460907242967153, 51.168649667211199 ], [ 71.460700842364659, 51.168715866629292 ], [ 71.46081552505504, 51.168856470117667 ], [ 71.460860908132929, 51.168944493345457 ], [ 71.46088588948362, 51.168942737955035 ], [ 71.461033139628867, 51.169123267614957 ], [ 71.461348228727701, 51.169101126122726 ], [ 71.460997107765451, 51.169210793428157 ], [ 71.46114970750709, 51.169402793518778 ], [ 71.4612165, 51.1693981 ], [ 71.4618309, 51.1692062 ], [ 71.4616783, 51.169014199999985 ], [ 71.461519809300896, 51.169047534965394 ] ] ], [ [ [ 71.461386007410894, 51.169489393655113 ], [ 71.461395784371433, 51.169501439503733 ], [ 71.461154807282469, 51.169558993524653 ], [ 71.461232807136184, 51.169666993571177 ], [ 71.4612996, 51.1696623 ], [ 71.46148383563353, 51.169609924033097 ], [ 71.461795406733174, 51.169993793898037 ], [ 71.4618622, 51.1699891 ], [ 71.462159, 51.1698944 ], [ 71.4617496, 51.1693899 ], [ 71.461682807583585, 51.169394593822474 ], [ 71.461386007410894, 51.169489393655113 ] ] ], [ [ [ 71.4610241, 51.1695814 ], [ 71.460957307219431, 51.169586093412605 ], [ 71.460698707064751, 51.169671593266834 ], [ 71.460802706898988, 51.169795293328455 ], [ 71.4608695, 51.169790599999985 ], [ 71.4611281, 51.169705 ], [ 71.4610241, 51.1695814 ] ] ], [ [ [ 71.461133106775392, 51.169908793518928 ], [ 71.461239906691731, 51.169975793581074 ], [ 71.4613067, 51.1699711 ], [ 71.461407639354306, 51.169915630079053 ], [ 71.461494606632499, 51.170038293727423 ], [ 71.461722, 51.1699917 ], [ 71.461539, 51.169825499999988 ], [ 71.4614322, 51.1697585 ], [ 71.461365407013545, 51.169763193648564 ], [ 71.461133106775392, 51.169908793518928 ] ] ], [ [ [ 71.4608241, 51.1703472 ], [ 71.4611103, 51.1701489 ], [ 71.4605823, 51.169849399999983 ], [ 71.460515506779359, 51.169854093165874 ], [ 71.460232175337453, 51.170050405256013 ], [ 71.460160406450186, 51.170052492967265 ], [ 71.459908306306247, 51.170131092825073 ], [ 71.460201905808276, 51.17050109299943 ], [ 71.4602687, 51.1704964 ], [ 71.4605253, 51.1704164 ], [ 71.4606929, 51.1703417 ], [ 71.460654916015713, 51.170293814492062 ], [ 71.460757306090798, 51.17035189331316 ], [ 71.4608241, 51.1703472 ] ] ], [ [ [ 71.4611134, 51.1712892 ], [ 71.4619125, 51.1710651 ], [ 71.4615404, 51.1705434 ], [ 71.461473605894767, 51.170548093725145 ], [ 71.460871405578288, 51.170716893385119 ], [ 71.460845719433692, 51.170797179997066 ], [ 71.4607555, 51.1706674 ], [ 71.460688705620726, 51.170672093280146 ], [ 71.460099605317097, 51.170833092947433 ], [ 71.460300304925227, 51.171121693067306 ], [ 71.460367100000013, 51.171117 ], [ 71.4607245, 51.1710193 ], [ 71.460656320137005, 51.170921328935954 ], [ 71.460820344543279, 51.170876493463673 ], [ 71.460798205239428, 51.170945693347733 ], [ 71.46104660476739, 51.171293893495928 ], [ 71.4611134, 51.1712892 ] ] ], [ [ [ 71.4610266, 51.1713396 ], [ 71.4607645, 51.1710277 ], [ 71.460697705102206, 51.171032393292116 ], [ 71.46039210491962, 51.171133293119844 ], [ 71.460654304501602, 51.171445193275211 ], [ 71.4607211, 51.17144050000001 ], [ 71.4610266, 51.1713396 ] ] ], [ [ [ 71.4604412, 51.1713519 ], [ 71.460374404595427, 51.171356593113991 ], [ 71.460170704474962, 51.171422992999162 ], [ 71.4602892042831, 51.171565993069414 ], [ 71.460356, 51.1715613 ], [ 71.4605597, 51.1714949 ], [ 71.4604412, 51.1713519 ] ] ], [ [ [ 71.4619479, 51.17188920000001 ], [ 71.4625158, 51.171694500000015 ], [ 71.462101, 51.1711241 ], [ 71.462034205125335, 51.171128794055704 ], [ 71.461135604645804, 51.171385693548416 ], [ 71.461569903837329, 51.171982793807295 ], [ 71.4616367, 51.1719781 ], [ 71.4619479, 51.17188920000001 ] ] ], [ [ [ 71.460689904325363, 51.171570393297877 ], [ 71.461263903271345, 51.17234949363985 ], [ 71.4613307, 51.1723448 ], [ 71.4616494, 51.1722525 ], [ 71.4610754, 51.1714734 ], [ 71.461008604497138, 51.171478093477788 ], [ 71.460689904325363, 51.171570393297877 ] ] ], [ [ [ 71.460818202845871, 51.172606993390708 ], [ 71.460912278217521, 51.172740658711987 ], [ 71.460876402645823, 51.17275059342662 ], [ 71.461080002253681, 51.17303959354814 ], [ 71.4611468, 51.1730349 ], [ 71.4613418, 51.1729809 ], [ 71.461138223984861, 51.172691934045538 ], [ 71.4618071, 51.1725067 ], [ 71.4617129, 51.172373 ], [ 71.461646103277033, 51.172377693858245 ], [ 71.460818202845871, 51.172606993390708 ] ] ], [ [ [ 71.4616893, 51.1729855 ], [ 71.461622502390753, 51.172990193856407 ], [ 71.461229202188719, 51.17309719363427 ], [ 71.461243258568061, 51.173117516888745 ], [ 71.461102602102812, 51.173146093563048 ], [ 71.461130802045517, 51.173188193579904 ], [ 71.461344, 51.1731619 ], [ 71.4617373, 51.1730549 ], [ 71.4616893, 51.1729855 ] ] ], [ [ [ 71.460450300779925, 51.174008393207622 ], [ 71.4605171, 51.1740037 ], [ 71.460919784629567, 51.173882669504039 ], [ 71.4609919, 51.1738855 ], [ 71.4613246, 51.173793199999984 ], [ 71.4612367, 51.173668699999986 ], [ 71.461169901350431, 51.173673393611423 ], [ 71.460858478413101, 51.173759884200216 ], [ 71.4608243, 51.1737152 ], [ 71.460757501233317, 51.173719893377232 ], [ 71.460328300995343, 51.173848793135036 ], [ 71.460450300779925, 51.174008393207622 ] ] ], [ [ [ 71.461732300171107, 51.174538293948395 ], [ 71.461599813256768, 51.174580448890197 ], [ 71.4617245, 51.1745398 ], [ 71.4614465, 51.1740718 ], [ 71.461278900000011, 51.1738696 ], [ 71.461212101065769, 51.17387429363928 ], [ 71.460897500879753, 51.173976793461911 ], [ 71.461105200097052, 51.17453689359094 ], [ 71.461161100006308, 51.174604493624109 ], [ 71.461474979811285, 51.174620168430394 ], [ 71.46195099921141, 51.175221994086051 ], [ 71.4620178, 51.1752173 ], [ 71.462284, 51.1751326 ], [ 71.4617991, 51.1745336 ], [ 71.461732300171107, 51.174538293948395 ] ] ], [ [ [ 71.4605043, 51.1744651 ], [ 71.460437500112818, 51.174469793209084 ], [ 71.460122799930403, 51.174569793031601 ], [ 71.460590099153336, 51.175147793308945 ], [ 71.4606569, 51.175143099999985 ], [ 71.4609716, 51.1750431 ], [ 71.4605043, 51.1744651 ] ] ], [ [ [ 71.4616599, 51.175226199999983 ], [ 71.461593099155152, 51.175230893882208 ], [ 71.461439799066156, 51.175279693795758 ], [ 71.461602298796507, 51.1754802938922 ], [ 71.4616691, 51.1754756 ], [ 71.4618224, 51.1754268 ], [ 71.4616599, 51.175226199999983 ] ] ], [ [ [ 71.4610224, 51.1752294 ], [ 71.460955599073188, 51.175234093518903 ], [ 71.459939698472184, 51.175565292946139 ], [ 71.460178598085704, 51.175853293087791 ], [ 71.4602454, 51.1758486 ], [ 71.4612613, 51.1755174 ], [ 71.4610224, 51.1752294 ] ] ], [ [ [ 71.4609361, 51.1757404 ], [ 71.4608851, 51.1756815 ], [ 71.460733798357751, 51.175711393401549 ], [ 71.46078209827995, 51.175769393430187 ], [ 71.4609361, 51.1757404 ] ] ], [ [ [ 71.4618742, 51.1756489 ], [ 71.461807398571395, 51.17565359401241 ], [ 71.461516998407049, 51.175743093848574 ], [ 71.461608498249944, 51.175859693902943 ], [ 71.4616753, 51.175855 ], [ 71.4619656, 51.1757654 ], [ 71.4618742, 51.1756489 ] ] ], [ [ [ 71.4614121, 51.1757899 ], [ 71.461246098261071, 51.175821493695651 ], [ 71.461294398155289, 51.175898893724657 ], [ 71.4614658, 51.1758707 ], [ 71.4614121, 51.1757899 ] ] ], [ [ [ 71.4624585, 51.1762722 ], [ 71.4628119, 51.176161899999983 ], [ 71.4627822, 51.1760268 ], [ 71.4623719, 51.1755099 ], [ 71.462305098832303, 51.175514594293453 ], [ 71.461889498594914, 51.175644194059018 ], [ 71.462391697743129, 51.176276894357301 ], [ 71.4624585, 51.1762722 ] ] ], [ [ [ 71.4610836, 51.175906 ], [ 71.461016798104581, 51.175910693566657 ], [ 71.460874598029037, 51.175951093486368 ], [ 71.460912197960909, 51.17600149350875 ], [ 71.460979, 51.1759968 ], [ 71.4611185, 51.1759548 ], [ 71.4610836, 51.175906 ] ] ], [ [ [ 71.461689928586395, 51.176299573506654 ], [ 71.461760755641791, 51.176286104465014 ], [ 71.462007197273508, 51.176570094143706 ], [ 71.46207560642479, 51.176564852161228 ], [ 71.462188597115187, 51.176695094249482 ], [ 71.4622554, 51.1766904 ], [ 71.4623952, 51.176642699999988 ], [ 71.4620116, 51.1762005 ], [ 71.461949763715822, 51.176204845153805 ], [ 71.4617714, 51.1759992 ], [ 71.461704598053586, 51.176003893960463 ], [ 71.461126197711764, 51.176192193634336 ], [ 71.46127209747327, 51.176369793720887 ], [ 71.461405364361013, 51.176343644582673 ], [ 71.461737596984008, 51.176748093993417 ], [ 71.4618044, 51.1767434 ], [ 71.4620021, 51.1766796 ], [ 71.461689928586395, 51.176299573506654 ] ] ], [ [ [ 71.4612325, 51.176439 ], [ 71.4611305, 51.1763247 ], [ 71.461063697506248, 51.176329393601328 ], [ 71.460945697438561, 51.176366393534778 ], [ 71.461042297290149, 51.176477393591938 ], [ 71.4612325, 51.176439 ] ] ], [ [ [ 71.4608985, 51.17653150000001 ], [ 71.4609039, 51.1763533 ], [ 71.4608234, 51.1762759 ], [ 71.460756597539387, 51.176280593425346 ], [ 71.460515197379124, 51.1763713932895 ], [ 71.460719097098163, 51.176583293409742 ], [ 71.4607859, 51.1765786 ], [ 71.4608985, 51.17653150000001 ] ] ], [ [ [ 71.4612763, 51.17645 ], [ 71.461209497343191, 51.176454693686814 ], [ 71.461070097255728, 51.176503593608281 ], [ 71.461457996675833, 51.176938193837628 ], [ 71.4615248, 51.1769335 ], [ 71.4616642, 51.1768846 ], [ 71.4612763, 51.17645 ] ] ], [ [ [ 71.4622396, 51.1778507 ], [ 71.4613172, 51.1768657 ], [ 71.46125039674844, 51.176870393718033 ], [ 71.460975196569066, 51.176971593563088 ], [ 71.461897695259921, 51.177956594107627 ], [ 71.4619645, 51.1779519 ], [ 71.4622396, 51.1778507 ] ] ], [ [ [ 71.462280624751031, 51.143533768737107 ], [ 71.462485924460793, 51.14359136932741 ], [ 71.4628197, 51.1435679 ], [ 71.463246157676238, 51.142970249513468 ], [ 71.463900091424321, 51.143125489210838 ], [ 71.4640336, 51.1431161 ], [ 71.4641737, 51.1429264 ], [ 71.4637981, 51.1426856 ], [ 71.4636374, 51.1425993 ], [ 71.4634828, 51.1425543 ], [ 71.463349292908518, 51.142563688561829 ], [ 71.463061292594205, 51.142648588236895 ], [ 71.46304319251928, 51.142673088217201 ], [ 71.463142089622849, 51.142882733523592 ], [ 71.462786129620383, 51.142899970116858 ], [ 71.462556028647228, 51.143015769472385 ], [ 71.462370326660675, 51.143276068968134 ], [ 71.462280624751031, 51.143533768737107 ] ] ], [ [ [ 71.4625537, 51.1436137 ], [ 71.462486944823667, 51.14361839379071 ], [ 71.462235744326975, 51.143942193653722 ], [ 71.462457544256367, 51.144009893781394 ], [ 71.4625243, 51.1440052 ], [ 71.462598222234817, 51.143909913813218 ], [ 71.462598221377618, 51.144029069688948 ], [ 71.463971522210286, 51.144029073601111 ], [ 71.464305300000021, 51.1440056 ], [ 71.464305300000021, 51.143871 ], [ 71.462932, 51.143871 ], [ 71.462610894909858, 51.143893578618858 ], [ 71.4627755, 51.1436814 ], [ 71.4625537, 51.1436137 ] ] ], [ [ [ 71.4623237, 51.1442206 ], [ 71.4624329, 51.1440631 ], [ 71.4621988, 51.14399920000001 ], [ 71.462132044225541, 51.14400389359583 ], [ 71.461996043926121, 51.144200393522084 ], [ 71.462152143883827, 51.144242893611818 ], [ 71.4623237, 51.1442206 ] ] ], [ [ [ 71.46363460000002, 51.1442013 ], [ 71.462826158644575, 51.144200197553573 ], [ 71.462826, 51.144177 ], [ 71.4625996, 51.144177699999986 ], [ 71.462466088019383, 51.144187087617183 ], [ 71.46246635058543, 51.144225497048801 ], [ 71.462262295648998, 51.144239844436676 ], [ 71.462261747441829, 51.144304115124754 ], [ 71.4620609, 51.1443026 ], [ 71.461727118711266, 51.144326067235667 ], [ 71.461722912183674, 51.144537766304268 ], [ 71.461659943393201, 51.144542193337081 ], [ 71.4614553429914, 51.144803993225473 ], [ 71.461462242836859, 51.144911893231459 ], [ 71.461715604751816, 51.144905521867749 ], [ 71.461715214390594, 51.144925167258698 ], [ 71.461927314507648, 51.144926767863076 ], [ 71.4622611, 51.1449033 ], [ 71.462271479881025, 51.144380729802286 ], [ 71.462265115391389, 51.144832468816425 ], [ 71.462460715499162, 51.144833969373792 ], [ 71.4627945, 51.1448105 ], [ 71.462802557874042, 51.14437997934251 ], [ 71.463036194681777, 51.144379648428959 ], [ 71.463637, 51.1443374 ], [ 71.46363460000002, 51.1442013 ] ] ], [ [ [ 71.461184641739891, 51.145650293087343 ], [ 71.4614853, 51.1456423 ], [ 71.461549854619037, 51.145524263589401 ], [ 71.461547609002622, 51.145659366851028 ], [ 71.4620337, 51.1456369 ], [ 71.4620448, 51.1449688 ], [ 71.461558713819826, 51.144991266819147 ], [ 71.461557196079468, 51.145082578715218 ], [ 71.461340142569625, 51.145087193165217 ], [ 71.461273542413664, 51.145189893129235 ], [ 71.461250242234001, 51.145312693118285 ], [ 71.461553402502503, 51.145310811952889 ], [ 71.461552304694777, 51.145376859452433 ], [ 71.461283042134724, 51.145384393138357 ], [ 71.461176542060059, 51.145427293078491 ], [ 71.461184641739891, 51.145650293087343 ] ] ], [ [ [ 71.4626957, 51.1449572 ], [ 71.462182914278102, 51.144980168596291 ], [ 71.462178409443354, 51.145651268647271 ], [ 71.4626911, 51.1456283 ], [ 71.4626957, 51.1449572 ] ] ], [ [ [ 71.4634538, 51.1456665 ], [ 71.46237344185478, 51.145670593765054 ], [ 71.462373141608495, 51.145841593768125 ], [ 71.4634536, 51.1458375 ], [ 71.4634538, 51.1456665 ] ] ], [ [ [ 71.4610802, 51.1457714 ], [ 71.460893541521415, 51.145777492923898 ], [ 71.460898841267166, 51.145954492930287 ], [ 71.4610856, 51.1459484 ], [ 71.4610802, 51.1457714 ] ] ], [ [ [ 71.4629598, 51.1462766 ], [ 71.46285184103246, 51.146281894049245 ], [ 71.462852840994714, 51.146308194050313 ], [ 71.4629608, 51.1463029 ], [ 71.4629598, 51.1462766 ] ] ], [ [ [ 71.461265, 51.1470257 ], [ 71.460931198621594, 51.147049165227074 ], [ 71.460932997798892, 51.147163565243069 ], [ 71.462141598584097, 51.147156268685528 ], [ 71.4624754, 51.1471328 ], [ 71.4624736, 51.1470185 ], [ 71.461265, 51.1470257 ] ] ], [ [ [ 71.4631664, 51.14702770000001 ], [ 71.462671599656474, 51.147051970185501 ], [ 71.462681194878641, 51.147716270276021 ], [ 71.463176, 51.147691899999984 ], [ 71.463169326988705, 51.147230215478153 ], [ 71.463834099060875, 51.147232573514465 ], [ 71.4641679, 51.1472091 ], [ 71.4641691, 51.1470778 ], [ 71.4634074, 51.1470752 ], [ 71.463167330498464, 51.147092080698727 ], [ 71.4631664, 51.14702770000001 ] ] ], [ [ [ 71.4618723390507, 51.147575493515745 ], [ 71.461875338580967, 51.147901893523688 ], [ 71.46201873831491, 51.148098693609121 ], [ 71.4624892, 51.1480936 ], [ 71.4624889, 51.1477875 ], [ 71.462307, 51.1475704 ], [ 71.4618723390507, 51.147575493515745 ] ] ], [ [ [ 71.4633479, 51.1477565 ], [ 71.462841594522232, 51.147779270738958 ], [ 71.462832288312612, 51.148640770794387 ], [ 71.4633386, 51.148618 ], [ 71.4633479, 51.1477565 ] ] ], [ [ [ 71.4632803, 51.1490773 ], [ 71.462872837004099, 51.14908069411446 ], [ 71.462871436809323, 51.149215794116216 ], [ 71.462787036562887, 51.149379794071265 ], [ 71.462937, 51.1493633 ], [ 71.4631274, 51.1493095 ], [ 71.4632884, 51.14919840000001 ], [ 71.4633071, 51.1491564 ], [ 71.4632803, 51.1490773 ] ] ], [ [ [ 71.4613815, 51.1490735 ], [ 71.460588910131946, 51.149102478554383 ], [ 71.460581007062345, 51.149812178581328 ], [ 71.461967007633888, 51.149796580949641 ], [ 71.4621673, 51.1497825 ], [ 71.4622375, 51.1493367 ], [ 71.4621752, 51.1490776 ], [ 71.4613815, 51.1490735 ] ] ], [ [ [ 71.462922473281338, 51.150735471250556 ], [ 71.463345217665989, 51.150718822960776 ], [ 71.463345573389546, 51.150756072457916 ], [ 71.464366674034764, 51.150752475366687 ], [ 71.4647005, 51.150729 ], [ 71.4646995, 51.150614 ], [ 71.4636783, 51.1506175 ], [ 71.46344493656423, 51.15063390869183 ], [ 71.463443832535887, 51.150107679913638 ], [ 71.463624178217657, 51.150109173190124 ], [ 71.463958, 51.1500857 ], [ 71.4639713, 51.1494386 ], [ 71.4636874, 51.1494363 ], [ 71.46335358273052, 51.149459772357439 ], [ 71.463351381978043, 51.149564072361088 ], [ 71.463421655978578, 51.150044523367441 ], [ 71.462921078086552, 51.150068171183108 ], [ 71.462922114696411, 51.150563982679081 ], [ 71.462688404552921, 51.150570282226937 ], [ 71.462553804406724, 51.150592781998128 ], [ 71.462463104078125, 51.150661181846992 ], [ 71.4624476037432, 51.15073738182484 ], [ 71.462922450685937, 51.150724665637014 ], [ 71.462922473281338, 51.150735471250556 ] ] ], [ [ [ 71.4618911, 51.1508879 ], [ 71.46182433426705, 51.150892593551454 ], [ 71.461805434226306, 51.150919293541207 ], [ 71.461849434213917, 51.150931593566504 ], [ 71.4619162, 51.15092689999998 ], [ 71.4619352, 51.1509003 ], [ 71.4618911, 51.1508879 ] ] ], [ [ [ 71.461383400000017, 51.1507999 ], [ 71.461049571512731, 51.150823365922989 ], [ 71.460931770250028, 51.150988765603103 ], [ 71.461261869783897, 51.151081266552346 ], [ 71.4615957, 51.1510578 ], [ 71.4617135, 51.1508924 ], [ 71.461383400000017, 51.1507999 ] ] ], [ [ [ 71.4625289, 51.1508471 ], [ 71.462195071867228, 51.150870569191028 ], [ 71.462196271084323, 51.150979369204798 ], [ 71.463259871751603, 51.150976272234715 ], [ 71.4635937, 51.1509528 ], [ 71.4635931, 51.1508444 ], [ 71.4625289, 51.1508471 ] ] ], [ [ [ 71.4622711, 51.1510671 ], [ 71.46207080212038, 51.151081181200354 ], [ 71.461988701584048, 51.151198381066685 ], [ 71.462386001715174, 51.151201481746021 ], [ 71.4625863, 51.1511874 ], [ 71.4625894, 51.1510696 ], [ 71.4622711, 51.1510671 ] ] ], [ [ [ 71.462334248847668, 51.1514301484182 ], [ 71.46327626849444, 51.151429872324577 ], [ 71.4636101, 51.1514064 ], [ 71.4636101, 51.1512854 ], [ 71.4625953, 51.1512856 ], [ 71.462261468749176, 51.151309069421899 ], [ 71.46226146806606, 51.151403782518905 ], [ 71.4619182, 51.1514059 ], [ 71.461770667605265, 51.151426568034772 ], [ 71.461765063123877, 51.152048268077898 ], [ 71.461994663251573, 51.152049868732178 ], [ 71.4623285, 51.1520264 ], [ 71.462334248847668, 51.1514301484182 ] ] ], [ [ [ 71.4614129, 51.1516893 ], [ 71.4613455, 51.1516687 ], [ 71.461278733076128, 51.151673393255422 ], [ 71.461162432846081, 51.15182329319201 ], [ 71.461229832824571, 51.151843893230804 ], [ 71.4612966, 51.1518392 ], [ 71.4614129, 51.1516893 ] ] ], [ [ [ 71.463551400000014, 51.1515583 ], [ 71.4633783, 51.1515584 ], [ 71.462577100797631, 51.151614730434602 ], [ 71.462550099888816, 51.151665030261448 ], [ 71.462548895472011, 51.151920430311513 ], [ 71.462548993102118, 51.152057530343498 ], [ 71.462577392139067, 51.152115630550945 ], [ 71.4634787, 51.1520592 ], [ 71.46354580000002, 51.1520265 ], [ 71.4635835, 51.1519934 ], [ 71.463582, 51.151612299999989 ], [ 71.463551400000014, 51.1515583 ] ] ], [ [ [ 71.4612107, 51.1520086 ], [ 71.461102932581426, 51.152001993161498 ], [ 71.461085532543606, 51.152026793152054 ], [ 71.4611932, 51.1520334 ], [ 71.4612107, 51.1520086 ] ] ], [ [ [ 71.4615097, 51.1520603 ], [ 71.461402032543234, 51.15205369333291 ], [ 71.461376232487083, 51.152090493318909 ], [ 71.461394642503933, 51.152095579719457 ], [ 71.461357132439673, 51.152121793308609 ], [ 71.4614648, 51.1521284 ], [ 71.4614822, 51.1521037 ], [ 71.461463632426842, 51.152098524688682 ], [ 71.4614839, 51.1520971 ], [ 71.4615097, 51.1520603 ] ] ], [ [ [ 71.4619565, 51.152349 ], [ 71.4617652, 51.152255 ], [ 71.4615507, 51.152194299999984 ], [ 71.461483932343839, 51.152198993382335 ], [ 71.461400532166621, 51.152314993337029 ], [ 71.461830032043522, 51.152436593584071 ], [ 71.4618968, 51.1524319 ], [ 71.4619565, 51.152349 ] ] ], [ [ [ 71.46238240000001, 51.1523777 ], [ 71.462048560753814, 51.152401168919148 ], [ 71.461970559926428, 51.152509468707223 ], [ 71.463217458138359, 51.152862672293303 ], [ 71.4635513, 51.1528392 ], [ 71.4636293, 51.1527309 ], [ 71.46238240000001, 51.1523777 ] ] ], [ [ [ 71.462014291954347, 51.153428681237642 ], [ 71.461756440696107, 51.153485418456896 ], [ 71.4616396, 51.1534485 ], [ 71.461572830547738, 51.153453193456826 ], [ 71.461369530445154, 51.153507293342017 ], [ 71.4613078303652, 51.153557593307816 ], [ 71.461332530128743, 51.153723793325071 ], [ 71.46161040999813, 51.15378381646844 ], [ 71.461849289680501, 51.153940880984806 ], [ 71.462390289705283, 51.153980681911889 ], [ 71.4625906, 51.1539666 ], [ 71.4626973, 51.1538247 ], [ 71.4622146, 51.153414599999984 ], [ 71.462014291954347, 51.153428681237642 ] ] ], [ [ [ 71.4629444, 51.1540805 ], [ 71.462877629795429, 51.154085194212357 ], [ 71.462481428942269, 51.154643993997212 ], [ 71.463570428636629, 51.154947794623524 ], [ 71.4636372, 51.1549431 ], [ 71.4640335, 51.1543843 ], [ 71.4629444, 51.1540805 ] ] ], [ [ [ 71.4634703, 51.155456599999987 ], [ 71.463362127887194, 51.155450394514411 ], [ 71.463279327699055, 51.155573994469577 ], [ 71.4633874, 51.15558020000001 ], [ 71.4634703, 51.155456599999987 ] ] ], [ [ [ 71.4616383, 51.1569607 ], [ 71.461571525487003, 51.156965393522853 ], [ 71.461521125403081, 51.157019393495155 ], [ 71.46163902535497, 51.157062693563162 ], [ 71.4617058, 51.157058 ], [ 71.4617562, 51.1570041 ], [ 71.4616383, 51.1569607 ] ] ], [ [ [ 71.4619333, 51.156943199999986 ], [ 71.46186652554799, 51.156947893690628 ], [ 71.461815925467363, 51.156999593662775 ], [ 71.462195025303657, 51.157145093881574 ], [ 71.4622618, 51.15714040000001 ], [ 71.4623122, 51.157088699999989 ], [ 71.4619333, 51.156943199999986 ] ] ], [ [ [ 71.4619812, 51.1574318 ], [ 71.4619759, 51.1573489 ], [ 71.4616729, 51.1572352 ], [ 71.4615401, 51.1572184 ], [ 71.461139450399557, 51.157246560261264 ], [ 71.46101894973863, 51.15731285985683 ], [ 71.460993348902079, 51.157407459780082 ], [ 71.461112248210426, 51.157497460196872 ], [ 71.461390647707447, 51.15757906115806 ], [ 71.4617913, 51.1575509 ], [ 71.4618969, 51.1575248 ], [ 71.4619812, 51.1574318 ] ] ], [ [ [ 71.461917022240314, 51.159247393763103 ], [ 71.462146322174164, 51.15931259389501 ], [ 71.4622131, 51.1593079 ], [ 71.4624907, 51.1589475 ], [ 71.4621905, 51.1588311 ], [ 71.4619325, 51.1587885 ], [ 71.461865722888689, 51.158793193725231 ], [ 71.461805422757294, 51.158879293692522 ], [ 71.461917022240314, 51.159247393763103 ] ] ], [ [ [ 71.462288207241087, 51.159848870309986 ], [ 71.462284606265342, 51.159983970312581 ], [ 71.463270785489854, 51.159978978421734 ], [ 71.4632675845953, 51.160133878426223 ], [ 71.463528784706497, 51.160136579021845 ], [ 71.4637959, 51.1601178 ], [ 71.463835100000011, 51.1598317 ], [ 71.4626221, 51.159825399999988 ], [ 71.462288207241087, 51.159848870309986 ] ] ], [ [ [ 71.463135499999524, 51.160241687415194 ], [ 71.463135500000021, 51.1602177 ], [ 71.462994320966956, 51.160221594395558 ], [ 71.462993620857191, 51.160297694396597 ], [ 71.463050153253079, 51.160299275232582 ], [ 71.463048779774951, 51.160951577989664 ], [ 71.463508880025316, 51.160946879038114 ], [ 71.463776, 51.160928099999985 ], [ 71.4642226, 51.160825899999985 ], [ 71.464218, 51.160333 ], [ 71.4637006, 51.1602242 ], [ 71.463135499999524, 51.160241687415194 ] ] ], [ [ [ 71.4621793, 51.1605584 ], [ 71.4623607, 51.1605016 ], [ 71.462195, 51.160216299999981 ], [ 71.4620153, 51.1600685 ], [ 71.46168140512124, 51.1600919686041 ], [ 71.461500404603612, 51.160148568093739 ], [ 71.461845401690297, 51.160581869117955 ], [ 71.4621793, 51.1605584 ] ] ], [ [ [ 71.4617718, 51.1607808 ], [ 71.4618903, 51.1607439 ], [ 71.4618178, 51.1606039 ], [ 71.46177560000001, 51.1605925 ], [ 71.461708820269678, 51.160597193670107 ], [ 71.461586620201686, 51.160634093601182 ], [ 71.461705019997808, 51.160785493671526 ], [ 71.4617718, 51.1607808 ] ] ], [ [ [ 71.462267619521526, 51.161163293999309 ], [ 71.462392334339143, 51.161139117681508 ], [ 71.46267, 51.1611196 ], [ 71.4628507, 51.1610625 ], [ 71.4625039, 51.1606311 ], [ 71.462170001363233, 51.160654570049779 ], [ 71.461989300841424, 51.160711769540313 ], [ 71.462261920683389, 51.161050819346521 ], [ 71.462191519640271, 51.161074493954274 ], [ 71.462267619521526, 51.161163293999309 ] ] ], [ [ [ 71.4619182, 51.160997 ], [ 71.4621165, 51.1609398 ], [ 71.46206, 51.1608632 ], [ 71.4619823, 51.1608073 ], [ 71.461858119982224, 51.160809193759221 ], [ 71.461733719914676, 51.160845593689025 ], [ 71.461851419703962, 51.161001693759061 ], [ 71.4619182, 51.160997 ] ] ], [ [ [ 71.4620729, 51.1610429 ], [ 71.462006119656564, 51.161047593848103 ], [ 71.461873319582367, 51.161087893773171 ], [ 71.461980519389542, 51.161230693836984 ], [ 71.4620473, 51.161226 ], [ 71.4621808, 51.1611858 ], [ 71.4620729, 51.1610429 ] ] ], [ [ [ 71.4617026, 51.161132 ], [ 71.46163581948322, 51.161136693638767 ], [ 71.46144301936269, 51.161204093530166 ], [ 71.461514319255741, 51.161284293572322 ], [ 71.4615811, 51.1612796 ], [ 71.4617739, 51.1612121 ], [ 71.4617026, 51.161132 ] ] ], [ [ [ 71.4631483, 51.1613201 ], [ 71.4630892, 51.1612404 ], [ 71.463022419495189, 51.161245094431017 ], [ 71.462783219365562, 51.161314894296027 ], [ 71.462842319257859, 51.161394594331234 ], [ 71.4629091, 51.1613899 ], [ 71.4631483, 51.1613201 ] ] ], [ [ [ 71.46182180000001, 51.1612825 ], [ 71.461755019280758, 51.161287193709555 ], [ 71.461584419181236, 51.161341893613375 ], [ 71.461650119073028, 51.161422493652339 ], [ 71.4617169, 51.1614178 ], [ 71.4618875, 51.1613632 ], [ 71.46182180000001, 51.1612825 ] ] ], [ [ [ 71.4623311, 51.1613061 ], [ 71.462264319308517, 51.161310794000251 ], [ 71.462121619220866, 51.161359593919848 ], [ 71.462186119121753, 51.161433793958004 ], [ 71.4622529, 51.1614291 ], [ 71.4623957, 51.1613803 ], [ 71.4623311, 51.1613061 ] ] ], [ [ [ 71.4619343, 51.161474800000015 ], [ 71.4618941, 51.161422099999989 ], [ 71.461827319088314, 51.1614267937534 ], [ 71.461703119019631, 51.161463993683327 ], [ 71.46174331894855, 51.161516693707256 ], [ 71.4618101, 51.161512 ], [ 71.4619343, 51.161474800000015 ] ] ], [ [ [ 71.4631778, 51.1613945 ], [ 71.463111019283815, 51.161399194484439 ], [ 71.462942819174771, 51.161460694389753 ], [ 71.46299491910267, 51.161515094420487 ], [ 71.4630617, 51.1615104 ], [ 71.4632291, 51.1614494 ], [ 71.4631778, 51.1613945 ] ] ], [ [ [ 71.4623931, 51.1614261 ], [ 71.462326319143074, 51.161430794037855 ], [ 71.462208619075611, 51.161467693971474 ], [ 71.462294618933271, 51.161573694022508 ], [ 71.4623614, 51.161569 ], [ 71.4624784, 51.1615307 ], [ 71.4623931, 51.1614261 ] ] ], [ [ [ 71.4620072, 51.1615535 ], [ 71.461940418912633, 51.161558193820362 ], [ 71.461819918832717, 51.161603493752551 ], [ 71.461873118759044, 51.161659093783925 ], [ 71.4619399, 51.1616544 ], [ 71.4620604, 51.161609 ], [ 71.4620072, 51.1615535 ] ] ], [ [ [ 71.4625466, 51.161576599999989 ], [ 71.462479818944772, 51.161581294128183 ], [ 71.4623237188529, 51.161631894040198 ], [ 71.462408118711792, 51.161736894090289 ], [ 71.4624749, 51.1617322 ], [ 71.4626348, 51.1616816 ], [ 71.4625466, 51.161576599999989 ] ] ], [ [ [ 71.4633494, 51.1616385 ], [ 71.463282618952931, 51.16164319458688 ], [ 71.463025118799763, 51.161727794441745 ], [ 71.463115218655304, 51.161835594495138 ], [ 71.463182, 51.1618309 ], [ 71.4634395, 51.1617462 ], [ 71.4633494, 51.1616385 ] ] ], [ [ [ 71.4621704, 51.1616814 ], [ 71.462103618748074, 51.161686093915783 ], [ 71.461886718622893, 51.16175469379349 ], [ 71.461975318474799, 51.161864893846079 ], [ 71.4620421, 51.1618602 ], [ 71.4622591, 51.161791599999987 ], [ 71.4621704, 51.1616814 ] ] ], [ [ [ 71.4635349, 51.161832799999985 ], [ 71.4634836, 51.1617779 ], [ 71.46341681876828, 51.161782594665993 ], [ 71.463248618659236, 51.161844094571315 ], [ 71.463300718587149, 51.161898494602049 ], [ 71.4633675, 51.1618938 ], [ 71.4635349, 51.161832799999985 ] ] ], [ [ [ 71.4628777, 51.1618078 ], [ 71.462810918651698, 51.161812494321282 ], [ 71.462682318580164, 51.161851294248727 ], [ 71.462744118475797, 51.161928894285424 ], [ 71.4628109, 51.1619242 ], [ 71.4629376, 51.1618856 ], [ 71.4628777, 51.1618078 ] ] ], [ [ [ 71.4626874, 51.1620343 ], [ 71.4627146, 51.1619647 ], [ 71.4626404, 51.1618647 ], [ 71.462573618540873, 51.161869394187129 ], [ 71.462425918458379, 51.161914194103801 ], [ 71.462537418256858, 51.16206339417019 ], [ 71.4626874, 51.1620343 ] ] ], [ [ [ 71.4636364, 51.1619529 ], [ 71.4635851, 51.161898 ], [ 71.463518318607498, 51.161902694726137 ], [ 71.463350118498425, 51.161964194631459 ], [ 71.463402218426367, 51.162018594662172 ], [ 71.463469, 51.1620139 ], [ 71.4636364, 51.1619529 ] ] ], [ [ [ 71.4623832, 51.1619198 ], [ 71.462316418430262, 51.161924494041607 ], [ 71.462129118319339, 51.161985693936032 ], [ 71.462291318060238, 51.162179094032126 ], [ 71.4623581, 51.1621744 ], [ 71.4625453, 51.1621118 ], [ 71.4623832, 51.1619198 ] ] ], [ [ [ 71.4619169, 51.1622355 ], [ 71.4622012, 51.1621184 ], [ 71.4621337, 51.1620326 ], [ 71.461799218135027, 51.16208579374991 ], [ 71.46174001810104, 51.162104393716533 ], [ 71.461749162113108, 51.162115672221312 ], [ 71.461592518014101, 51.162152293633383 ], [ 71.46160041782521, 51.162283993640393 ], [ 71.461648717741696, 51.162345993669078 ], [ 71.4617155, 51.1623413 ], [ 71.4619056, 51.1622838 ], [ 71.461871175232005, 51.162238713771764 ], [ 71.4619169, 51.1622355 ] ] ], [ [ [ 71.4637534, 51.1621253 ], [ 71.4637141, 51.1620742 ], [ 71.463647318369169, 51.162078894802995 ], [ 71.463496518285439, 51.162124294717934 ], [ 71.463535718219973, 51.162172994741184 ], [ 71.4636025, 51.1621683 ], [ 71.4637534, 51.1621253 ] ] ], [ [ [ 71.461191686962906, 51.162570367444204 ], [ 71.461391585309656, 51.162816568037201 ], [ 71.4617255, 51.1627931 ], [ 71.462612603522473, 51.16244580600231 ], [ 71.46265521764326, 51.162498994245617 ], [ 71.462722, 51.162494300000013 ], [ 71.4628937, 51.1624409 ], [ 71.462832, 51.1623749 ], [ 71.46277963732561, 51.162378580722446 ], [ 71.4628022, 51.162369499999983 ], [ 71.462697, 51.1622399 ], [ 71.462363089885955, 51.162263370752896 ], [ 71.461191686962906, 51.162570367444204 ] ] ], [ [ [ 71.462364756366497, 51.162801834539906 ], [ 71.462439, 51.1628062 ], [ 71.4627755, 51.1626985 ], [ 71.462751197187288, 51.162668639920433 ], [ 71.4629993, 51.1626512 ], [ 71.4638621, 51.1623728 ], [ 71.4637664, 51.1622561 ], [ 71.463432490417873, 51.162279573801648 ], [ 71.462569687888021, 51.162557971369615 ], [ 71.462622165918944, 51.162621965720042 ], [ 71.4624641, 51.1626144 ], [ 71.462340017405523, 51.162637394068604 ], [ 71.462329917229297, 51.162758794065148 ], [ 71.462241017178016, 51.162786894015014 ], [ 71.462265217137713, 51.162816894029383 ], [ 71.462364756366497, 51.162801834539906 ] ] ], [ [ [ 71.4636397, 51.1627341 ], [ 71.463572917408939, 51.162738794773169 ], [ 71.463395917314656, 51.162789294673239 ], [ 71.463438817218105, 51.162859894699032 ], [ 71.463503548441807, 51.162855344221107 ], [ 71.463462617209601, 51.16286779471276 ], [ 71.463525117100716, 51.162948594749899 ], [ 71.4635919, 51.1629439 ], [ 71.4638023, 51.1628799 ], [ 71.4637398, 51.1627991 ], [ 71.463685193499188, 51.162802938847726 ], [ 71.4636397, 51.1627341 ] ] ], [ [ [ 71.4633098, 51.1629253 ], [ 71.463243017093305, 51.162929994588779 ], [ 71.463010216969906, 51.162995994457368 ], [ 71.463068016861314, 51.163076194491829 ], [ 71.4631348, 51.1630715 ], [ 71.4633675, 51.1630055 ], [ 71.4633098, 51.1629253 ] ] ], [ [ [ 71.462878, 51.163031 ], [ 71.4628297, 51.162973 ], [ 71.462762916966284, 51.162977694316083 ], [ 71.462628816887033, 51.163021394240495 ], [ 71.46267711681044, 51.163078594269102 ], [ 71.4627439, 51.1630739 ], [ 71.462878, 51.163031 ] ] ], [ [ [ 71.4628724, 51.1631986 ], [ 71.4629054, 51.1631132 ], [ 71.4628578, 51.1630574 ], [ 71.462791016848016, 51.163062094333704 ], [ 71.462591216727219, 51.163129094221098 ], [ 71.462688216575216, 51.163242694278551 ], [ 71.462755, 51.163238 ], [ 71.4628724, 51.1631986 ] ] ], [ [ [ 71.4624929, 51.1631714 ], [ 71.462426116639435, 51.163176094127913 ], [ 71.46215351650271, 51.163247993973918 ], [ 71.462229216349442, 51.163360694019204 ], [ 71.462296, 51.163356 ], [ 71.4625686, 51.1632841 ], [ 71.4624929, 51.1631714 ] ] ], [ [ [ 71.4639943, 51.163271 ], [ 71.4639265, 51.1631854 ], [ 71.463859716793181, 51.163190094945193 ], [ 71.463631716663329, 51.163260994816596 ], [ 71.463699516548004, 51.16334669485687 ], [ 71.4637663, 51.163342 ], [ 71.4639943, 51.163271 ] ] ], [ [ [ 71.462778716487023, 51.163311494331438 ], [ 71.462865616274854, 51.163465994383905 ], [ 71.4629324, 51.1634613 ], [ 71.4633319, 51.1633341 ], [ 71.46324, 51.1632143 ], [ 71.462778716487023, 51.163311494331438 ] ] ], [ [ [ 71.4619333, 51.1634427 ], [ 71.462095, 51.1633885 ], [ 71.4620217, 51.1633025 ], [ 71.461954916393282, 51.163307193861868 ], [ 71.461837216322081, 51.163346693795525 ], [ 71.461812916264336, 51.163384693782419 ], [ 71.461866516180464, 51.163447393814153 ], [ 71.4619333, 51.1634427 ] ] ], [ [ [ 71.4636275, 51.1633836 ], [ 71.4635658, 51.1633089 ], [ 71.46349901657139, 51.163313594741965 ], [ 71.463238016417336, 51.16339849459483 ], [ 71.463299716317152, 51.163473194631422 ], [ 71.4633665, 51.1634685 ], [ 71.4636275, 51.1633836 ] ] ], [ [ [ 71.4631278, 51.1634382 ], [ 71.463061016331849, 51.163442894494814 ], [ 71.462800016177795, 51.163527794347694 ], [ 71.462810974809329, 51.163541061977696 ], [ 71.462572416035883, 51.163607094219486 ], [ 71.462634915931872, 51.163684494256579 ], [ 71.4627017, 51.1636798 ], [ 71.4629063, 51.1636144 ], [ 71.462894969422166, 51.16360015694066 ], [ 71.4631895, 51.1635129 ], [ 71.4631278, 51.1634382 ] ] ], [ [ [ 71.4619767, 51.1637097 ], [ 71.4619124, 51.1636256 ], [ 71.46171681585497, 51.163660593732892 ], [ 71.46177581573599, 51.163748093768156 ], [ 71.4619767, 51.1637097 ] ] ], [ [ [ 71.4625542, 51.1636402 ], [ 71.462487415971083, 51.163644894171767 ], [ 71.462267615844667, 51.163714094047812 ], [ 71.462323615750705, 51.163783994081058 ], [ 71.4623904, 51.1637793 ], [ 71.4626102, 51.1637101 ], [ 71.4625542, 51.1636402 ] ] ], [ [ [ 71.462056415780822, 51.163740593927947 ], [ 71.461742215605909, 51.163835493750689 ], [ 71.461747415524243, 51.163892593754731 ], [ 71.461776815473868, 51.163929993772207 ], [ 71.461841415455623, 51.163948093809374 ], [ 71.4619909, 51.1639184 ], [ 71.4622001, 51.1638345 ], [ 71.4621232, 51.1637359 ], [ 71.462056415780822, 51.163740593927947 ] ] ], [ [ [ 71.4637765, 51.1638982 ], [ 71.4637239, 51.16383230000001 ], [ 71.46356461578317, 51.163865894789858 ], [ 71.463617215694427, 51.163931894821083 ], [ 71.4637765, 51.1638982 ] ] ], [ [ [ 71.4628505, 51.1639119 ], [ 71.462668115553896, 51.16394949428053 ], [ 71.462747915405004, 51.164059494328107 ], [ 71.4629302, 51.1640219 ], [ 71.4628505, 51.1639119 ] ] ], [ [ [ 71.461927415297694, 51.164064893860591 ], [ 71.46204691502804, 51.164261993932442 ], [ 71.462114914958875, 51.164315693972213 ], [ 71.4621817, 51.164311 ], [ 71.4623908, 51.164253 ], [ 71.4622759, 51.164026499999984 ], [ 71.462044415357425, 51.164033293926671 ], [ 71.461927415297694, 51.164064893860591 ] ] ], [ [ [ 71.4631229, 51.1642422 ], [ 71.463035, 51.1641334 ], [ 71.46296821531844, 51.164138094455133 ], [ 71.462842115245465, 51.164178094384035 ], [ 71.462930015099133, 51.16428699443621 ], [ 71.4629968, 51.1642823 ], [ 71.4631229, 51.1642422 ] ] ], [ [ [ 71.46207561484556, 51.164390993951244 ], [ 71.462157014729428, 51.16447839399931 ], [ 71.462421014693277, 51.16452569415064 ], [ 71.4624878, 51.164521 ], [ 71.462567, 51.1644927 ], [ 71.4624033, 51.1642723 ], [ 71.462336515041571, 51.164276994097776 ], [ 71.462143714917673, 51.164346693989224 ], [ 71.46207561484556, 51.164390993951244 ] ] ], [ [ [ 71.4639357, 51.164643 ], [ 71.464223300000015, 51.1645611 ], [ 71.4642301, 51.1644727 ], [ 71.4640756, 51.1642594 ], [ 71.463955, 51.1641907 ], [ 71.463888215347438, 51.164195394980545 ], [ 71.463600615194494, 51.164277294818184 ], [ 71.463868914693066, 51.164647694978136 ], [ 71.4639357, 51.164643 ] ] ], [ [ [ 71.463228300000011, 51.1643601 ], [ 71.463161515015074, 51.164364794569622 ], [ 71.463024614929836, 51.164412394492501 ], [ 71.46313731475999, 51.164539694559153 ], [ 71.4632041, 51.164535 ], [ 71.463341, 51.1644873 ], [ 71.463228300000011, 51.1643601 ] ] ], [ [ [ 71.463298276975181, 51.16474990680809 ], [ 71.463265914457423, 51.16476039463663 ], [ 71.463338514339526, 51.164848294679672 ], [ 71.4634053, 51.1648436 ], [ 71.4635789, 51.1647872 ], [ 71.4634295, 51.1646065 ], [ 71.463362714684266, 51.164611194688973 ], [ 71.46322151460096, 51.164657094609368 ], [ 71.463298276975181, 51.16474990680809 ] ] ], [ [ [ 71.4619193, 51.1646694 ], [ 71.461702214333329, 51.164714893744602 ], [ 71.461756114227256, 51.164792993776807 ], [ 71.4619731, 51.1647475 ], [ 71.4619193, 51.1646694 ] ] ], [ [ [ 71.461844914048172, 51.164924693829917 ], [ 71.4619117, 51.16492 ], [ 71.4621213, 51.1648632 ], [ 71.4620701, 51.1647891 ], [ 71.461933114220173, 51.164812793878042 ], [ 71.46181141411401, 51.164876193809903 ], [ 71.461844914048172, 51.164924693829917 ] ] ], [ [ [ 71.462682714066332, 51.164982594308483 ], [ 71.4627495, 51.1649779 ], [ 71.4629941, 51.164901900000011 ], [ 71.462847, 51.164699099999986 ], [ 71.462780214480091, 51.164703794358751 ], [ 71.462535014340645, 51.164779894220473 ], [ 71.462682714066332, 51.164982594308483 ] ] ], [ [ [ 71.463423514055165, 51.165052694732005 ], [ 71.4636582, 51.1650238 ], [ 71.4638488, 51.1649392 ], [ 71.4637612, 51.1648257 ], [ 71.463694414408494, 51.164830394882173 ], [ 71.463335914208017, 51.164939294679932 ], [ 71.463423514055165, 51.165052694732005 ] ] ], [ [ [ 71.4621467, 51.1650263 ], [ 71.4620851, 51.1649391 ], [ 71.461909513984779, 51.164974093867677 ], [ 71.461971113866682, 51.165061193904428 ], [ 71.4621467, 51.1650263 ] ] ], [ [ [ 71.462698213984879, 51.165040394318417 ], [ 71.462861313698468, 51.165252794415402 ], [ 71.4629281, 51.1652481 ], [ 71.4631627, 51.1651803 ], [ 71.4630308, 51.1649578 ], [ 71.46296401412944, 51.164962494468419 ], [ 71.462698213984879, 51.165040394318417 ] ] ], [ [ [ 71.46223, 51.1650571 ], [ 71.462163213889127, 51.165061794013909 ], [ 71.461991113799627, 51.165109393916744 ], [ 71.462054413677265, 51.165199593954547 ], [ 71.462121200000013, 51.1651949 ], [ 71.4622934, 51.1651473 ], [ 71.46223, 51.1650571 ] ] ], [ [ [ 71.4623871, 51.1652667 ], [ 71.4623356, 51.1651941 ], [ 71.462268813704426, 51.165198794076709 ], [ 71.462112413622734, 51.165242293988399 ], [ 71.462163913524179, 51.165314994019127 ], [ 71.4622307, 51.1653103 ], [ 71.4623871, 51.1652667 ] ] ], [ [ [ 71.4623908, 51.1652911 ], [ 71.46232401357129, 51.165295794110015 ], [ 71.462191413490899, 51.165340394035297 ], [ 71.462253413393881, 51.165412894072006 ], [ 71.4623202, 51.1654082 ], [ 71.4624528, 51.1653637 ], [ 71.4623908, 51.1652911 ] ] ], [ [ [ 71.4634763, 51.1657711 ], [ 71.4637483, 51.1657125 ], [ 71.4638905, 51.1656459 ], [ 71.4637903, 51.16551290000001 ], [ 71.46334395351424, 51.165530779010901 ], [ 71.463033052817224, 51.16562547830933 ], [ 71.463162951934493, 51.165789478617967 ], [ 71.4634763, 51.1657711 ] ] ], [ [ [ 71.4622363, 51.166170399999984 ], [ 71.462178838112649, 51.166102075486428 ], [ 71.4625507, 51.1660771 ], [ 71.462785855596167, 51.166004455135095 ], [ 71.462811212559046, 51.166038894401794 ], [ 71.4629799, 51.1660039 ], [ 71.462878, 51.1658727 ], [ 71.462811212791891, 51.165877394398748 ], [ 71.462714612736477, 51.16590769434427 ], [ 71.462727948181936, 51.165925806345328 ], [ 71.462693, 51.1658807 ], [ 71.462626212757911, 51.165885394293447 ], [ 71.462116112468664, 51.16604309400573 ], [ 71.4621478758297, 51.166084684051782 ], [ 71.462018312352839, 51.166115193951377 ], [ 71.462091912236048, 51.166202393994951 ], [ 71.4621587, 51.1661977 ], [ 71.4622363, 51.166170399999984 ] ] ], [ [ [ 71.46394271182912, 51.166640395058124 ], [ 71.464056611682039, 51.166751995125146 ], [ 71.4642226, 51.1667169 ], [ 71.4641524, 51.1665876 ], [ 71.4640198, 51.166414899999985 ], [ 71.463953012148721, 51.166419595059779 ], [ 71.46380661206679, 51.166464094977187 ], [ 71.46394271182912, 51.166640395058124 ] ] ], [ [ [ 71.461618663384257, 51.16733294255549 ], [ 71.461399152226306, 51.167406768494914 ], [ 71.461482451568159, 51.167505068741626 ], [ 71.4618164, 51.1674816 ], [ 71.4629734, 51.1670926 ], [ 71.4628366, 51.166929899999985 ], [ 71.462769811262604, 51.166934594395229 ], [ 71.461611610559487, 51.16732479374253 ], [ 71.461618663384257, 51.16733294255549 ] ] ], [ [ [ 71.4632419, 51.1674619 ], [ 71.4631626, 51.1673617 ], [ 71.462784453262003, 51.167379672439978 ], [ 71.461710150201654, 51.167713769410319 ], [ 71.461694949998503, 51.167740669369579 ], [ 71.461771649320468, 51.167841169597686 ], [ 71.4621632, 51.1678218 ], [ 71.4632129, 51.1674912 ], [ 71.4632419, 51.1674619 ] ] ], [ [ [ 71.463506853093264, 51.167463874506581 ], [ 71.463992049121131, 51.168055675945503 ], [ 71.464326, 51.1680322 ], [ 71.4645374, 51.167964 ], [ 71.4640549, 51.1673722 ], [ 71.463720953714855, 51.167395675110214 ], [ 71.463506853093264, 51.167463874506581 ] ] ], [ [ [ 71.4635194, 51.16784 ], [ 71.4633479, 51.1676339 ], [ 71.463281110309595, 51.16763859470003 ], [ 71.462728209979929, 51.167820694388375 ], [ 71.462900609704249, 51.168026394490532 ], [ 71.4629674, 51.1680217 ], [ 71.4635194, 51.16784 ] ] ], [ [ [ 71.4626988, 51.1678427 ], [ 71.462632009929749, 51.167847394334053 ], [ 71.462442409813889, 51.167911794227223 ], [ 71.462668109464502, 51.168173094360817 ], [ 71.4627349, 51.1681684 ], [ 71.4629229, 51.1681046 ], [ 71.4626988, 51.1678427 ] ] ], [ [ [ 71.462490720574579, 51.16891902336377 ], [ 71.462575, 51.1689131 ], [ 71.4635626, 51.1685867 ], [ 71.4632615, 51.1682304 ], [ 71.463081992787721, 51.168243017348729 ], [ 71.4631368, 51.1682273 ], [ 71.4630999, 51.1681845 ], [ 71.463033109485579, 51.168189194569138 ], [ 71.462886309404752, 51.168232894486316 ], [ 71.462909352869517, 51.168259897598361 ], [ 71.462775946592402, 51.168304072503624 ], [ 71.462285751422357, 51.168731408896519 ], [ 71.4622112, 51.1686741 ], [ 71.461877243210139, 51.16869756997999 ], [ 71.461704142693463, 51.168754669492131 ], [ 71.461939540818179, 51.169034570189531 ], [ 71.4622735, 51.1690111 ], [ 71.4625043, 51.168935199999986 ], [ 71.462490720574579, 51.16891902336377 ] ] ], [ [ [ 71.463690209262083, 51.168399494947664 ], [ 71.463769509136455, 51.16849329499464 ], [ 71.4638363, 51.1684886 ], [ 71.4646624, 51.168211 ], [ 71.4646637, 51.1681759 ], [ 71.4645418, 51.1680764 ], [ 71.464475009816439, 51.168081095388885 ], [ 71.464324909726543, 51.168130795304293 ], [ 71.463690209262083, 51.168399494947664 ] ] ], [ [ [ 71.4644694, 51.1686102 ], [ 71.464402609037933, 51.168614895357784 ], [ 71.463864008702487, 51.168802195054354 ], [ 71.463953008572858, 51.168899595106957 ], [ 71.4640198, 51.1688949 ], [ 71.4645539, 51.1687104 ], [ 71.4644694, 51.1686102 ] ] ], [ [ [ 71.4645308, 51.1695951 ], [ 71.464327, 51.1693965 ], [ 71.46427917020111, 51.169399862299919 ], [ 71.4642169, 51.1692783 ], [ 71.4641496, 51.1692127 ], [ 71.4640018, 51.1691831 ], [ 71.46393500815509, 51.169187795102168 ], [ 71.463857208100208, 51.169219295058426 ], [ 71.463790707952555, 51.169316095022353 ], [ 71.463861407861629, 51.16938509506398 ], [ 71.464056607743728, 51.169483295177102 ], [ 71.464123982196668, 51.16947836497242 ], [ 71.464311607517999, 51.169661295325831 ], [ 71.4643784, 51.1696566 ], [ 71.4645308, 51.1695951 ] ] ], [ [ [ 71.463125107116866, 51.169839594652963 ], [ 71.4631919, 51.1698349 ], [ 71.4634057, 51.1697618 ], [ 71.4634855, 51.1694778 ], [ 71.4633746, 51.1693502 ], [ 71.463307807837992, 51.169354894747883 ], [ 71.46289290758304, 51.16949679451411 ], [ 71.462875207500986, 51.169552194505073 ], [ 71.463125107116866, 51.169839594652963 ] ] ], [ [ [ 71.464359306777794, 51.170178595362835 ], [ 71.4644261, 51.1701739 ], [ 71.464566, 51.170132899999984 ], [ 71.4643771, 51.1698794 ], [ 71.464310307196541, 51.169884095329316 ], [ 71.463614206817866, 51.170088094936453 ], [ 71.463699306663514, 51.170202294987128 ], [ 71.4637661, 51.170197599999987 ], [ 71.464264606042235, 51.170051597596363 ], [ 71.464359306777794, 51.170178595362835 ] ] ], [ [ [ 71.4622776, 51.1701804 ], [ 71.4621734, 51.170034 ], [ 71.462106606706172, 51.170038694076254 ], [ 71.461894606594939, 51.170097993956539 ], [ 71.461998806396451, 51.170244394018724 ], [ 71.4620656, 51.1702397 ], [ 71.4622776, 51.1701804 ] ] ], [ [ [ 71.463970406250525, 51.170511495147522 ], [ 71.4643193, 51.1704617 ], [ 71.464501, 51.1704103 ], [ 71.4647179, 51.1703142 ], [ 71.464628, 51.1701893 ], [ 71.46456120678009, 51.170193995478229 ], [ 71.463880606419735, 51.170386595093973 ], [ 71.463970406250525, 51.170511495147522 ] ] ], [ [ [ 71.4625809, 51.1703331 ], [ 71.462514106324306, 51.170337794314179 ], [ 71.461983706043313, 51.170487994014728 ], [ 71.462285405475825, 51.170906894194658 ], [ 71.4623522, 51.1709022 ], [ 71.4628826, 51.170752 ], [ 71.4625809, 51.1703331 ] ] ], [ [ [ 71.4639369, 51.1708921 ], [ 71.4636155, 51.1704395 ], [ 71.463548706296393, 51.170444194905905 ], [ 71.463384006210077, 51.170490194812878 ], [ 71.4637054055965, 51.170942695004669 ], [ 71.4637722, 51.170938 ], [ 71.4639369, 51.1708921 ] ] ], [ [ [ 71.463995005518441, 51.171021195171242 ], [ 71.463814305421081, 51.171073495069244 ], [ 71.463973305128732, 51.171289595163977 ], [ 71.464134805123081, 51.171307095256346 ], [ 71.4642016, 51.1713024 ], [ 71.4645844, 51.171191599999986 ], [ 71.4648899, 51.1709918 ], [ 71.464801, 51.1708711 ], [ 71.463995005518441, 51.171021195171242 ] ] ], [ [ [ 71.4627138, 51.170833 ], [ 71.462647005619502, 51.170837694399445 ], [ 71.462314505444155, 51.170931294211712 ], [ 71.46275630460795, 51.171548294475244 ], [ 71.4628231, 51.1715436 ], [ 71.4631556, 51.1714501 ], [ 71.4627138, 51.170833 ] ] ], [ [ [ 71.4634185, 51.1718478 ], [ 71.463351704241475, 51.171852494820371 ], [ 71.463183804150276, 51.171901594725611 ], [ 71.463259304013349, 51.172002894770571 ], [ 71.4633261, 51.171998199999983 ], [ 71.4634939, 51.1719491 ], [ 71.4634185, 51.1718478 ] ] ], [ [ [ 71.4635426, 51.173054599999986 ], [ 71.4632669, 51.1726678 ], [ 71.4633226, 51.1724735 ], [ 71.4632486, 51.1723695 ], [ 71.463150053643304, 51.172383089766093 ], [ 71.462785, 51.1718709 ], [ 71.462718204131292, 51.171875594459756 ], [ 71.462302003912612, 51.17199219422475 ], [ 71.462675303202303, 51.172516094447481 ], [ 71.462634103180577, 51.172527694424197 ], [ 71.462797002870914, 51.172756094521418 ], [ 71.462992011677244, 51.172744753654207 ], [ 71.463114402678087, 51.172916494705362 ], [ 71.463419202489646, 51.173072794882074 ], [ 71.4635426, 51.173054599999986 ] ] ], [ [ [ 71.4622406, 51.1723212 ], [ 71.462173803415766, 51.172325894158021 ], [ 71.461963403296352, 51.172390994039318 ], [ 71.462229202841399, 51.172728794197248 ], [ 71.462296, 51.172724100000011 ], [ 71.4625064, 51.172659 ], [ 71.4622406, 51.1723212 ] ] ], [ [ [ 71.4639944, 51.1728426 ], [ 71.463889257007622, 51.172859531067004 ], [ 71.4637885, 51.172716 ], [ 71.463703025864703, 51.17263344450862 ], [ 71.463966303055813, 51.172726295187303 ], [ 71.4640331, 51.1727216 ], [ 71.4642202, 51.1726618 ], [ 71.4640058, 51.172398 ], [ 71.463939003519229, 51.172402695165587 ], [ 71.463328403163572, 51.172597894821273 ], [ 71.464181801753, 51.173647695327645 ], [ 71.4645383, 51.1735829 ], [ 71.464699, 51.1735316 ], [ 71.4646016, 51.1734117 ], [ 71.4639944, 51.1728426 ] ] ], [ [ [ 71.4625829, 51.1726807 ], [ 71.462408902886992, 51.172712294299359 ], [ 71.462494002714877, 51.17283879435027 ], [ 71.4626688, 51.172808499999988 ], [ 71.4625829, 51.1726807 ] ] ], [ [ [ 71.4629625, 51.172865 ], [ 71.462895702719052, 51.17286969457983 ], [ 71.462547402522461, 51.17297669438333 ], [ 71.462653802338778, 51.173112994446562 ], [ 71.4627206, 51.1731083 ], [ 71.463069, 51.1730013 ], [ 71.4629625, 51.172865 ] ] ], [ [ [ 71.463478500969813, 51.174131494935992 ], [ 71.4635453, 51.1741268 ], [ 71.4638422, 51.1740337 ], [ 71.463389856884405, 51.173488957680981 ], [ 71.463473, 51.1734629 ], [ 71.4633451, 51.1733025 ], [ 71.463243583548049, 51.173318075858511 ], [ 71.4631622, 51.173223 ], [ 71.463095402226926, 51.173227694700437 ], [ 71.462814502080349, 51.173305694541824 ], [ 71.462835301942363, 51.173403094555532 ], [ 71.462987501558146, 51.173682294647591 ], [ 71.463165801257261, 51.173905894753474 ], [ 71.463290267260774, 51.173895433290795 ], [ 71.463478500969813, 51.174131494935992 ] ] ], [ [ [ 71.4639289, 51.1739046 ], [ 71.4640967, 51.1738561 ], [ 71.464084, 51.1736982 ], [ 71.4638352, 51.1734076 ], [ 71.463581, 51.17321 ], [ 71.463514202296523, 51.173214694938913 ], [ 71.463379802224097, 51.173253594863041 ], [ 71.463862101336858, 51.173909295150409 ], [ 71.4639289, 51.1739046 ] ] ], [ [ [ 71.4630691, 51.1742032 ], [ 71.4627652, 51.173575 ], [ 71.4626507, 51.1734321 ], [ 71.462583901863255, 51.173436794412865 ], [ 71.461888201462813, 51.173655894020506 ], [ 71.46246590049293, 51.174376894363483 ], [ 71.4625327, 51.1743722 ], [ 71.4630691, 51.1742032 ] ] ], [ [ [ 71.4642266, 51.1740001 ], [ 71.464159801235255, 51.174004795321913 ], [ 71.463846501053126, 51.174104695145225 ], [ 71.464340000235026, 51.17471339543809 ], [ 71.4644068, 51.174708699999989 ], [ 71.4647201, 51.1746089 ], [ 71.4642266, 51.1740001 ] ] ], [ [ [ 71.462761800023117, 51.174727494538814 ], [ 71.4635387, 51.1745698 ], [ 71.4638468, 51.1744765 ], [ 71.4636471, 51.1742171 ], [ 71.463580300851902, 51.174221794995724 ], [ 71.462592800319086, 51.174508094438309 ], [ 71.462761800023117, 51.174727494538814 ] ] ], [ [ [ 71.462532, 51.1746213 ], [ 71.462473, 51.1745422 ], [ 71.46240620024048, 51.174546894332693 ], [ 71.462250600156096, 51.174592294244853 ], [ 71.462312300056865, 51.17466629428143 ], [ 71.462532, 51.1746213 ] ] ], [ [ [ 71.4627224, 51.1747693 ], [ 71.462554999891566, 51.174801294422338 ], [ 71.462596599814816, 51.17485799444713 ], [ 71.4627653, 51.1748264 ], [ 71.4627224, 51.1747693 ] ] ], [ [ [ 71.4641468, 51.1746861 ], [ 71.464080000236052, 51.174690795289472 ], [ 71.463733199958696, 51.174853895094898 ], [ 71.463850299831847, 51.1749516951635 ], [ 71.463917100000018, 51.174947 ], [ 71.4642639, 51.174784 ], [ 71.4641468, 51.1746861 ] ] ], [ [ [ 71.462920900000015, 51.174971 ], [ 71.4628351, 51.1748601 ], [ 71.462768299825868, 51.174864794545108 ], [ 71.462580499725462, 51.174918594439106 ], [ 71.46266099957036, 51.17503289448716 ], [ 71.4627278, 51.1750282 ], [ 71.462920900000015, 51.174971 ] ] ], [ [ [ 71.4630566, 51.1752056 ], [ 71.4633705, 51.1750974 ], [ 71.4632474, 51.174957 ], [ 71.46318059973612, 51.174961694781963 ], [ 71.462822499514658, 51.17508509458019 ], [ 71.462899799396823, 51.175173294625949 ], [ 71.462989799354361, 51.175210294677953 ], [ 71.4630566, 51.1752056 ] ] ], [ [ [ 71.4637979, 51.1751836 ], [ 71.463731099476078, 51.175188295100071 ], [ 71.463593799399831, 51.1752295950226 ], [ 71.463693899223287, 51.17536039508213 ], [ 71.4637607, 51.1753557 ], [ 71.463898, 51.1753144 ], [ 71.4637979, 51.1751836 ] ] ], [ [ [ 71.4632221, 51.1753968 ], [ 71.4631507, 51.175319 ], [ 71.463083899202203, 51.175323694733748 ], [ 71.462848199050967, 51.175408694601003 ], [ 71.4629194989474, 51.175486494643117 ], [ 71.4629863, 51.1754818 ], [ 71.4632221, 51.1753968 ] ] ], [ [ [ 71.4628389, 51.1753992 ], [ 71.462772099048664, 51.17540389455754 ], [ 71.462477098887504, 51.175490794391045 ], [ 71.46256839872288, 51.175612594445404 ], [ 71.4626352, 51.1756079 ], [ 71.4629302, 51.175521 ], [ 71.4628389, 51.1753992 ] ] ], [ [ [ 71.4632596, 51.1754229 ], [ 71.463192799065538, 51.175427594797789 ], [ 71.463039598975385, 51.175477194711405 ], [ 71.463139698812128, 51.175598794770771 ], [ 71.4632065, 51.1755941 ], [ 71.4633598, 51.1755446 ], [ 71.4632596, 51.1754229 ] ] ], [ [ [ 71.4644567, 51.1754924 ], [ 71.464103899011661, 51.175541595319281 ], [ 71.464352998134132, 51.17617089547322 ], [ 71.4647057, 51.1761217 ], [ 71.4644567, 51.1754924 ] ] ], [ [ [ 71.4631637, 51.1758388 ], [ 71.463096898453941, 51.175843494751035 ], [ 71.462869698324951, 51.175913794622872 ], [ 71.46295419818027, 51.176021194673069 ], [ 71.463021, 51.1760165 ], [ 71.4632482, 51.1759462 ], [ 71.4631637, 51.1758388 ] ] ], [ [ [ 71.462880700000014, 51.1762877 ], [ 71.462813897772023, 51.176292394598242 ], [ 71.462655597682399, 51.17634119450895 ], [ 71.462722697547434, 51.176440394549076 ], [ 71.4627895, 51.1764357 ], [ 71.4629558, 51.1763903 ], [ 71.462880700000014, 51.1762877 ] ] ], [ [ [ 71.4636743, 51.1765514 ], [ 71.4637854, 51.1765173 ], [ 71.4636873, 51.1763917 ], [ 71.463620497719887, 51.17639639506001 ], [ 71.463429997612366, 51.176454894952528 ], [ 71.463501797488377, 51.176546894995191 ], [ 71.4636743, 51.1765514 ] ] ], [ [ [ 71.4637436, 51.1769227 ], [ 71.4639282, 51.1768661 ], [ 71.4637937, 51.1766939 ], [ 71.4635845, 51.176563 ], [ 71.463419497404814, 51.176597894949268 ], [ 71.463676796960684, 51.176927395102176 ], [ 71.4637436, 51.1769227 ] ] ], [ [ [ 71.4650972, 51.1425179 ], [ 71.465030446709903, 51.142522595218971 ], [ 71.464937446517908, 51.142648095168369 ], [ 71.466180346147041, 51.143010395883394 ], [ 71.4662471, 51.1430057 ], [ 71.4663401, 51.1428802 ], [ 71.4650972, 51.1425179 ] ] ], [ [ [ 71.4653307, 51.14311 ], [ 71.464258591505811, 51.143127389619394 ], [ 71.463838091100286, 51.143232789144264 ], [ 71.463838290275874, 51.14351908915539 ], [ 71.464010690011293, 51.143625489355891 ], [ 71.4644023, 51.1436141 ], [ 71.4651648, 51.1433766 ], [ 71.4653339, 51.1432706 ], [ 71.4653307, 51.14311 ] ] ], [ [ [ 71.467365820626952, 51.143492164561039 ], [ 71.468761026096942, 51.143892787231991 ], [ 71.468838600486023, 51.143887328510878 ], [ 71.468759605895514, 51.143996577711121 ], [ 71.469696603464229, 51.144263182561474 ], [ 71.4702974, 51.1442209 ], [ 71.4703846, 51.1441003 ], [ 71.4694476, 51.1438337 ], [ 71.469103079917218, 51.143857944478427 ], [ 71.4691936, 51.1437338 ], [ 71.4675412, 51.1432594 ], [ 71.467403788118716, 51.143269067865909 ], [ 71.4674286, 51.1432348 ], [ 71.4665853, 51.1429942 ], [ 71.466518546204625, 51.142998896075852 ], [ 71.466424246005857, 51.143128996024615 ], [ 71.467165396514076, 51.143340427863549 ], [ 71.467113980767067, 51.143419848117034 ], [ 71.466729773734244, 51.143446877797551 ], [ 71.466672873015511, 51.143525277612021 ], [ 71.466568775819866, 51.143793508281938 ], [ 71.466065, 51.143676599999985 ], [ 71.46580123683087, 51.143695153889055 ], [ 71.4662094, 51.1431628 ], [ 71.4660111, 51.143103 ], [ 71.465677329742931, 51.143126478374519 ], [ 71.465206025031648, 51.14374117709044 ], [ 71.465404324721391, 51.143800977661044 ], [ 71.465669498705338, 51.143782325475726 ], [ 71.46565602487911, 51.143800278377988 ], [ 71.466607323433792, 51.144081181114714 ], [ 71.4669411, 51.1440577 ], [ 71.4670498, 51.1439129 ], [ 71.466923511047312, 51.143875827922429 ], [ 71.4670959, 51.1438637 ], [ 71.467365820626952, 51.143492164561039 ] ] ], [ [ [ 71.4634732, 51.1435987 ], [ 71.462911634690812, 51.143613582211529 ], [ 71.462912434107949, 51.143748582220617 ], [ 71.4634739, 51.1437337 ], [ 71.4634732, 51.1435987 ] ] ], [ [ [ 71.4642167, 51.1441172 ], [ 71.463882921353061, 51.144140673359331 ], [ 71.463883020399891, 51.144273073372219 ], [ 71.465102421139363, 51.14427307684597 ], [ 71.4654362, 51.1442496 ], [ 71.4654362, 51.1441217 ], [ 71.4642167, 51.1441172 ] ] ], [ [ [ 71.4661489, 51.1442018 ], [ 71.4660295, 51.1441168 ], [ 71.4658531, 51.1440633 ], [ 71.465786344576429, 51.14406799567908 ], [ 71.465787344271263, 51.144279995683668 ], [ 71.4661492, 51.1442748 ], [ 71.4661489, 51.1442018 ] ] ], [ [ [ 71.463685743765964, 51.144453894489608 ], [ 71.463685628427527, 51.144501039420057 ], [ 71.463631118578235, 51.144504872676663 ], [ 71.463630517681494, 51.144629372686801 ], [ 71.465108418556127, 51.144632376897263 ], [ 71.4654422, 51.1446089 ], [ 71.4654428, 51.1444844 ], [ 71.463843682160999, 51.144489924575005 ], [ 71.4638438, 51.1444493 ], [ 71.463685743765964, 51.144453894489608 ] ] ], [ [ [ 71.4634842, 51.1448034 ], [ 71.463254143217554, 51.144798394250245 ], [ 71.46324344311445, 51.144869094245486 ], [ 71.4634734, 51.1448741 ], [ 71.4634842, 51.1448034 ] ] ], [ [ [ 71.463387215481291, 51.144914472020808 ], [ 71.463386884011243, 51.144970174167256 ], [ 71.462880314607304, 51.144993170584257 ], [ 71.462875809855348, 51.145652770634186 ], [ 71.4633918, 51.1456298 ], [ 71.463395270390251, 51.145121115366535 ], [ 71.4635175, 51.1451171 ], [ 71.4635189, 51.14507110000001 ], [ 71.463395597845079, 51.14507311840984 ], [ 71.463395761748615, 51.145049094173622 ], [ 71.464758715317203, 51.14505277594106 ], [ 71.4650925, 51.1450293 ], [ 71.4650938, 51.144893 ], [ 71.463721, 51.144891 ], [ 71.463387215481291, 51.144914472020808 ] ] ], [ [ [ 71.4640313, 51.1451097 ], [ 71.463803642833341, 51.145111494569278 ], [ 71.463798242663046, 51.145229294568445 ], [ 71.464026, 51.1452275 ], [ 71.4640313, 51.1451097 ] ] ], [ [ [ 71.4667916, 51.1455663 ], [ 71.4667334, 51.1449184 ], [ 71.466335, 51.144707099999984 ], [ 71.466134731078967, 51.144721187783801 ], [ 71.465810529921583, 51.144961787243439 ], [ 71.465958627182559, 51.145608287533499 ], [ 71.4667916, 51.1455663 ] ] ], [ [ [ 71.465586, 51.14529169999998 ], [ 71.465059770869019, 51.14531338138292 ], [ 71.465065969624362, 51.145529981413532 ], [ 71.4655922, 51.1455083 ], [ 71.465586, 51.14529169999998 ] ] ], [ [ [ 71.4649137, 51.1453386 ], [ 71.464633742604974, 51.145339995046584 ], [ 71.464630624915642, 51.145420901157095 ], [ 71.464128, 51.1453321 ], [ 71.463851742516738, 51.145335394600941 ], [ 71.463849242309649, 51.14547899460225 ], [ 71.46391644174841, 51.145874394648068 ], [ 71.4642007, 51.1458711 ], [ 71.464657372447817, 51.145664551292647 ], [ 71.464696441836509, 51.145878895092579 ], [ 71.4649928, 51.145877699999986 ], [ 71.4650066, 51.1455173 ], [ 71.4649137, 51.1453386 ] ] ], [ [ [ 71.4657318, 51.1458419 ], [ 71.4657211, 51.1455636 ], [ 71.465222242338243, 51.145574795386352 ], [ 71.465233941899839, 51.145880195398824 ], [ 71.4657318, 51.1458419 ] ] ], [ [ [ 71.4640568, 51.1468631 ], [ 71.464062606659354, 51.14644843952928 ], [ 71.465189505538376, 51.146447177301035 ], [ 71.4655233, 51.1464237 ], [ 71.465522900000011, 51.14629930000001 ], [ 71.4642756, 51.1463007 ], [ 71.464064467601759, 51.146315547776823 ], [ 71.4640658, 51.1462204 ], [ 71.463856747511784, 51.146222879151161 ], [ 71.463857, 51.1462047 ], [ 71.4638285, 51.1462045 ], [ 71.463761741247495, 51.146209194566303 ], [ 71.463761458086495, 51.14622958004243 ], [ 71.463571006027166, 51.146242972670805 ], [ 71.463562001393868, 51.146885672706297 ], [ 71.4640568, 51.1468631 ] ] ], [ [ [ 71.466343, 51.146281699999989 ], [ 71.466226641452891, 51.146274195971934 ], [ 71.466214841424105, 51.146293195965583 ], [ 71.4663311, 51.1463007 ], [ 71.466343, 51.146281699999989 ] ] ], [ [ [ 71.4664024, 51.147891 ], [ 71.466414214801347, 51.14676860488516 ], [ 71.467398502380192, 51.147071883653567 ], [ 71.467512589651605, 51.147063857384957 ], [ 71.46698930037131, 51.147316382511107 ], [ 71.466910099508837, 51.147429482296261 ], [ 71.467805598277138, 51.14767598487088 ], [ 71.4681394, 51.1476525 ], [ 71.4685081, 51.1471254 ], [ 71.4679746, 51.14697850000001 ], [ 71.467776089227058, 51.146992466373483 ], [ 71.467821, 51.1469351 ], [ 71.4668243, 51.146628 ], [ 71.46649050485648, 51.146651481026801 ], [ 71.466414422332534, 51.146748663105065 ], [ 71.4664132, 51.1465164 ], [ 71.4663247, 51.1464727 ], [ 71.465990905671646, 51.146496179588738 ], [ 71.465886305208571, 51.146551679296032 ], [ 71.465870595392133, 51.147913579380976 ], [ 71.466068595505774, 51.147914479945143 ], [ 71.4664024, 51.147891 ] ] ], [ [ [ 71.4643711, 51.1467033 ], [ 71.464160840579154, 51.146706894803152 ], [ 71.46415994050632, 51.146757394803622 ], [ 71.4643701, 51.1467538 ], [ 71.4643711, 51.1467033 ] ] ], [ [ [ 71.4654062, 51.1465404 ], [ 71.465072404627037, 51.14656387697854 ], [ 71.465053999866242, 51.147223476988913 ], [ 71.465236499962529, 51.147225477509011 ], [ 71.4655703, 51.147202 ], [ 71.4655887, 51.146542399999973 ], [ 71.4654062, 51.1465404 ] ] ], [ [ [ 71.4646602, 51.1468369 ], [ 71.464326402039575, 51.146860374881548 ], [ 71.464313697403142, 51.147503174906525 ], [ 71.464496497503916, 51.14750457542744 ], [ 71.4648303, 51.1474811 ], [ 71.464843, 51.1468383 ], [ 71.4646602, 51.1468369 ] ] ], [ [ [ 71.4644479, 51.1476818 ], [ 71.463719939114867, 51.147686494570586 ], [ 71.463719938993023, 51.147771094572192 ], [ 71.4644479, 51.1477664 ], [ 71.4644479, 51.1476818 ] ] ], [ [ [ 71.464933738344811, 51.148323395274303 ], [ 71.465286, 51.1483172 ], [ 71.465284725075051, 51.148224600393519 ], [ 71.4655435, 51.1482064 ], [ 71.465567, 51.1473114 ], [ 71.4653685, 51.1473093 ], [ 71.465034699067473, 51.147332776944339 ], [ 71.465012338715965, 51.148180627833561 ], [ 71.464931838543336, 51.148185395270588 ], [ 71.464933738344811, 51.148323395274303 ] ] ], [ [ [ 71.4649822, 51.1478235 ], [ 71.464863139050308, 51.147827595224626 ], [ 71.464860438917938, 51.14791929522486 ], [ 71.4649795, 51.1479152 ], [ 71.4649822, 51.1478235 ] ] ], [ [ [ 71.4637555, 51.147917 ], [ 71.463421693713144, 51.147940472406937 ], [ 71.463421192744278, 51.1480749724183 ], [ 71.464440893350414, 51.148076675323473 ], [ 71.4647747, 51.1480532 ], [ 71.4647752, 51.1479187 ], [ 71.4637555, 51.147917 ] ] ], [ [ [ 71.466366289300922, 51.148801180877697 ], [ 71.467359589902912, 51.148801283707513 ], [ 71.467559435676506, 51.148787224574363 ], [ 71.467559641910952, 51.148832172387777 ], [ 71.467610195525197, 51.148832085811875 ], [ 71.467610737865215, 51.148881896810245 ], [ 71.4679612, 51.148876 ], [ 71.467960715477403, 51.148831484925346 ], [ 71.468547043011625, 51.148830477450872 ], [ 71.468955919762251, 51.148801708441361 ], [ 71.468956014206626, 51.148864192843064 ], [ 71.469371614358863, 51.148863993553462 ], [ 71.4695719, 51.148849899999988 ], [ 71.4695714, 51.148586 ], [ 71.4691559, 51.1485862 ], [ 71.468955615346772, 51.148600292827297 ], [ 71.468955702758308, 51.148658130662973 ], [ 71.4681599, 51.1486595 ], [ 71.467958997380705, 51.148673634557817 ], [ 71.4679588, 51.1486555 ], [ 71.4667001, 51.1486526 ], [ 71.466385881547055, 51.148674702797308 ], [ 71.4664017, 51.1479866 ], [ 71.465919894736501, 51.148008779530493 ], [ 71.465903489589806, 51.148722079551696 ], [ 71.466366290019025, 51.148701337174266 ], [ 71.466366289300922, 51.148801180877697 ] ] ], [ [ [ 71.464007058285588, 51.148838091608326 ], [ 71.465179388300058, 51.148840177500041 ], [ 71.4655132, 51.1488167 ], [ 71.465515, 51.1485069 ], [ 71.465003790427446, 51.148529976970252 ], [ 71.464939927062503, 51.14869101698541 ], [ 71.4641468, 51.1486897 ], [ 71.463812988385911, 51.148713173595205 ], [ 71.46381263415212, 51.14880129024499 ], [ 71.4630157, 51.1487992 ], [ 71.462681886911469, 51.148822670383204 ], [ 71.462681186153418, 51.148927870391226 ], [ 71.463672786736709, 51.148930373216459 ], [ 71.4640066, 51.1489069 ], [ 71.464007058285588, 51.148838091608326 ] ] ], [ [ [ 71.463659100000015, 51.149084 ], [ 71.463560737076577, 51.149088294506555 ], [ 71.463560037048978, 51.149107394506501 ], [ 71.4636584, 51.1491032 ], [ 71.463659100000015, 51.149084 ] ] ], [ [ [ 71.465205284806387, 51.149327477620197 ], [ 71.4655391, 51.149304 ], [ 71.465539625950314, 51.149271654055411 ], [ 71.4656339, 51.1492669 ], [ 71.4656334, 51.1491325 ], [ 71.465339137221576, 51.149137395520796 ], [ 71.465339226066959, 51.149179181178695 ], [ 71.4641567, 51.1491767 ], [ 71.463822884884721, 51.149200173669747 ], [ 71.463822183989109, 51.149324473679584 ], [ 71.465205284806387, 51.149327477620197 ] ] ], [ [ [ 71.466353708275207, 51.150017588460763 ], [ 71.466554, 51.1500035 ], [ 71.466958, 51.14991160000001 ], [ 71.466964491526582, 51.149329526195217 ], [ 71.46835998668881, 51.149331886608103 ], [ 71.4686938, 51.1493084 ], [ 71.4686943, 51.1491996 ], [ 71.4672731, 51.1491972 ], [ 71.466939286627507, 51.149220682550066 ], [ 71.466938954745686, 51.149292786844676 ], [ 71.465957, 51.1492885 ], [ 71.465756711147506, 51.14930258739944 ], [ 71.465755510688169, 51.149408787403466 ], [ 71.465895608117094, 51.150015587677593 ], [ 71.466353708275207, 51.150017588460763 ] ] ], [ [ [ 71.4646253, 51.149582700000011 ], [ 71.464123882150517, 51.149605174565799 ], [ 71.464110875883293, 51.150474274611447 ], [ 71.464612300000013, 51.1504518 ], [ 71.4646253, 51.149582700000011 ] ] ], [ [ [ 71.464821170499178, 51.150467990539937 ], [ 71.4655657, 51.1504602 ], [ 71.4655709, 51.1501192 ], [ 71.464826471485438, 51.150126090532943 ], [ 71.464821170499178, 51.150467990539937 ] ] ], [ [ [ 71.4656752, 51.1509791 ], [ 71.4656775, 51.1508636 ], [ 71.4648313, 51.150854699999989 ], [ 71.464030115076767, 51.150911040209067 ], [ 71.464020908807541, 51.1512729402288 ], [ 71.4642286090684, 51.151275341649516 ], [ 71.4650298, 51.151219 ], [ 71.4656752, 51.1509791 ] ] ], [ [ [ 71.465141266910919, 51.151806777673869 ], [ 71.46673266813788, 51.151770482204334 ], [ 71.4670665, 51.151747 ], [ 71.4670671, 51.1516159 ], [ 71.465887, 51.151557700000012 ], [ 71.4654761, 51.151557 ], [ 71.465142268541499, 51.151580477655159 ], [ 71.465141266910919, 51.151806777673869 ] ] ], [ [ [ 71.4646363, 51.1515934 ], [ 71.463813566933212, 51.151620889435542 ], [ 71.463814166403225, 51.151804889443227 ], [ 71.464042666097654, 51.151930189708395 ], [ 71.464471566174041, 51.151939790197552 ], [ 71.4647981, 51.151929699999982 ], [ 71.4650205, 51.15178980000001 ], [ 71.4650217, 51.1516149 ], [ 71.4646363, 51.1515934 ] ] ], [ [ [ 71.4660983, 51.1519364 ], [ 71.4656043660855, 51.151960379007861 ], [ 71.46560996148547, 51.152599479084657 ], [ 71.4661038, 51.1525755 ], [ 71.4660983, 51.1519364 ] ] ], [ [ [ 71.4651876, 51.1526648 ], [ 71.4639173, 51.1523137 ], [ 71.463583462145593, 51.152337173286078 ], [ 71.463510361352121, 51.152441173087716 ], [ 71.464780559592811, 51.152792376740003 ], [ 71.465007347346656, 51.152776428395924 ], [ 71.464957159291515, 51.152849077248547 ], [ 71.466170257651129, 51.153178980736143 ], [ 71.4665041, 51.1531555 ], [ 71.4665755, 51.1530522 ], [ 71.4653625, 51.1527221 ], [ 71.465136113329109, 51.152738020850791 ], [ 71.4651876, 51.1526648 ] ] ], [ [ [ 71.466568059199176, 51.152997581852233 ], [ 71.467048, 51.152973099999983 ], [ 71.4669845, 51.1522804 ], [ 71.466463064122919, 51.152305181487158 ], [ 71.466473959546192, 51.152941481578807 ], [ 71.466568059199176, 51.152997581852233 ] ] ], [ [ [ 71.4661521, 51.1526872 ], [ 71.466007232183003, 51.152691495969158 ], [ 71.466006132056805, 51.152778995970188 ], [ 71.4661511, 51.1527746 ], [ 71.4661521, 51.1526872 ] ] ], [ [ [ 71.4642079, 51.1530384 ], [ 71.4641756, 51.1529655 ], [ 71.4638345, 51.1528729 ], [ 71.463634194885003, 51.152886983975897 ], [ 71.463570394461996, 51.152979483872109 ], [ 71.463981094129551, 51.153090984580551 ], [ 71.4641814, 51.1530769 ], [ 71.4642079, 51.1530384 ] ] ], [ [ [ 71.4655962, 51.153251 ], [ 71.4656179, 51.1532021 ], [ 71.4655858, 51.1530445 ], [ 71.4649148, 51.1528627 ], [ 71.4645929, 51.1528323 ], [ 71.46432582708556, 51.152851080284123 ], [ 71.46422922692112, 51.152871480065478 ], [ 71.464196326383643, 51.152961979997393 ], [ 71.464228025712686, 51.153081080078707 ], [ 71.464695824896083, 51.153262181158738 ], [ 71.46515672467487, 51.15333938221513 ], [ 71.4654879, 51.1533146 ], [ 71.4655962, 51.153251 ] ] ], [ [ [ 71.4639241, 51.1531455 ], [ 71.463857331261337, 51.153150194752833 ], [ 71.463835831213927, 51.153181294741167 ], [ 71.463885431200481, 51.153194794769689 ], [ 71.4639522, 51.153190099999989 ], [ 71.4639737, 51.153159 ], [ 71.4639241, 51.1531455 ] ] ], [ [ [ 71.4660966, 51.153295599999986 ], [ 71.465992431319847, 51.153289395972088 ], [ 71.465958131248968, 51.153335695953437 ], [ 71.4660623, 51.1533419 ], [ 71.4660966, 51.153295599999986 ] ] ], [ [ [ 71.466339, 51.1533483 ], [ 71.466205462509464, 51.153357692227523 ], [ 71.466048561841788, 51.153576192057038 ], [ 71.466364461661158, 51.153665492420437 ], [ 71.466498, 51.1536561 ], [ 71.4666549, 51.1534375 ], [ 71.466339, 51.1533483 ] ] ], [ [ [ 71.4658513, 51.156403 ], [ 71.4664116, 51.155617 ], [ 71.4646413, 51.1551206 ], [ 71.464440985463497, 51.155134685483397 ], [ 71.463880681861994, 51.155920684570432 ], [ 71.46565098036055, 51.156417087625115 ], [ 71.4658513, 51.156403 ] ] ], [ [ [ 71.4644444, 51.1561939 ], [ 71.4643156, 51.1561535 ], [ 71.464248826974895, 51.15615819503315 ], [ 71.464202726885887, 51.156216095007963 ], [ 71.464331526843296, 51.15625649508214 ], [ 71.4643983, 51.1562518 ], [ 71.4644444, 51.1561939 ] ] ], [ [ [ 71.4642332, 51.1562883 ], [ 71.46416642677066, 51.15629299498876 ], [ 71.464083926602157, 51.156402994943846 ], [ 71.464220726560526, 51.156443395022563 ], [ 71.4642875, 51.1564387 ], [ 71.46437, 51.156328600000016 ], [ 71.4642332, 51.1562883 ] ] ], [ [ [ 71.465000750749908, 51.157336991006083 ], [ 71.4653016, 51.157301 ], [ 71.4658453, 51.1568073 ], [ 71.4644686, 51.1564348 ], [ 71.464335053161378, 51.156444190213399 ], [ 71.464012251972349, 51.15682958986018 ], [ 71.464172651617019, 51.156966390048197 ], [ 71.465000750749908, 51.157336991006083 ] ] ], [ [ [ 71.4661888, 51.157432 ], [ 71.466082700000015, 51.15739940000001 ], [ 71.466015925394032, 51.157404096063836 ], [ 71.465977925319223, 51.157452796043103 ], [ 71.466084125285292, 51.157485296104248 ], [ 71.4661509, 51.1574806 ], [ 71.4661888, 51.157432 ] ] ], [ [ [ 71.4658703, 51.1590842 ], [ 71.4654358, 51.1589025 ], [ 71.465369023149407, 51.158907195723827 ], [ 71.465240322959275, 51.159028295652767 ], [ 71.465674822750131, 51.159209995903836 ], [ 71.4657416, 51.1592053 ], [ 71.4658703, 51.1590842 ] ] ], [ [ [ 71.464489584817514, 51.15987071015693 ], [ 71.464586515858556, 51.159922832948794 ], [ 71.464297821256693, 51.160130295136639 ], [ 71.464581221052399, 51.160295895301303 ], [ 71.464648, 51.1602912 ], [ 71.464911810484381, 51.160088274902442 ], [ 71.465057149598977, 51.160145669784882 ], [ 71.4655246, 51.1601128 ], [ 71.4656751, 51.1600064 ], [ 71.4654732, 51.15985220000001 ], [ 71.464401, 51.1593475 ], [ 71.463933556365376, 51.159380365200803 ], [ 71.46378985521936, 51.159481864641094 ], [ 71.463852605060595, 51.159516821962654 ], [ 71.463516021884459, 51.159628894681596 ], [ 71.46361102173644, 51.159739594737822 ], [ 71.463852421678411, 51.15980019487656 ], [ 71.4641274, 51.1598049 ], [ 71.464139425681125, 51.159676605800101 ], [ 71.464128121511507, 51.159939195036287 ], [ 71.4644844, 51.1599427 ], [ 71.464489584817514, 51.15987071015693 ] ] ], [ [ [ 71.465317502069169, 51.160821579034113 ], [ 71.4661583, 51.1607611 ], [ 71.4663139, 51.16065 ], [ 71.4659009, 51.1604154 ], [ 71.465574112808497, 51.16043837989168 ], [ 71.4656441, 51.1603898 ], [ 71.465302300000019, 51.1601961 ], [ 71.465168742522863, 51.160205491306755 ], [ 71.464757141599421, 51.160491190848497 ], [ 71.465098941124026, 51.160684891245445 ], [ 71.465218188606627, 51.160676506318786 ], [ 71.465148502669976, 51.160723978543274 ], [ 71.465317502069169, 51.160821579034113 ] ] ], [ [ [ 71.4646585, 51.1606045 ], [ 71.464591720602129, 51.160609195313249 ], [ 71.464495220475982, 51.160688595259764 ], [ 71.464618920389952, 51.160758695331573 ], [ 71.4646857, 51.160754 ], [ 71.4647913, 51.1606783 ], [ 71.4646585, 51.1606045 ] ] ], [ [ [ 71.4655665, 51.161015399999982 ], [ 71.465232600451657, 51.161038878812867 ], [ 71.46523449967593, 51.161146678828544 ], [ 71.466091936351532, 51.161135517536778 ], [ 71.466090479131438, 51.161319284951276 ], [ 71.466542679342936, 51.161320685982169 ], [ 71.4668098, 51.1613019 ], [ 71.4668112, 51.161112499999987 ], [ 71.466345202661273, 51.161112177332306 ], [ 71.4663434, 51.16100990000001 ], [ 71.4655665, 51.161015399999982 ] ] ], [ [ [ 71.464198400000015, 51.161192199999988 ], [ 71.46367029822531, 51.16121627437812 ], [ 71.463675693522489, 51.161869274455618 ], [ 71.4642037, 51.1618458 ], [ 71.464198400000015, 51.161192199999988 ] ] ], [ [ [ 71.4647853, 51.1611941 ], [ 71.46425729856773, 51.161218176050916 ], [ 71.464262593865584, 51.161871076128122 ], [ 71.4647907, 51.1618476 ], [ 71.4647853, 51.1611941 ] ] ], [ [ [ 71.4654332, 51.161409 ], [ 71.465197800000013, 51.1614052 ], [ 71.464863897418766, 51.161428677799371 ], [ 71.464848894668151, 51.161809077792839 ], [ 71.465087194786094, 51.161812778472218 ], [ 71.4654211, 51.1617893 ], [ 71.4654332, 51.161409 ] ] ], [ [ [ 71.4665752, 51.1623761 ], [ 71.466508418281222, 51.162380796439258 ], [ 71.466247418110441, 51.162477296292352 ], [ 71.466336417986184, 51.162570996344854 ], [ 71.4664032, 51.1625663 ], [ 71.4666567, 51.1624726 ], [ 71.4665752, 51.1623761 ] ] ], [ [ [ 71.4668664, 51.1627602 ], [ 71.4670052, 51.1627167 ], [ 71.466794, 51.1624688 ], [ 71.466660436333441, 51.162478193093449 ], [ 71.466492936126457, 51.162535892904756 ], [ 71.466583435840249, 51.162642793011955 ], [ 71.466732835510953, 51.162769593187079 ], [ 71.4668664, 51.1627602 ] ] ], [ [ [ 71.4641759, 51.162660799999983 ], [ 71.464109117579639, 51.162665495077327 ], [ 71.463787517379188, 51.162777494896183 ], [ 71.463854617278216, 51.162853194935863 ], [ 71.4639214, 51.1628485 ], [ 71.4642429, 51.1627365 ], [ 71.4641759, 51.162660799999983 ] ] ], [ [ [ 71.4664878, 51.162651 ], [ 71.466354235733846, 51.162660392751377 ], [ 71.466190835539081, 51.162714192567194 ], [ 71.466364234983843, 51.162921392772724 ], [ 71.466497800000013, 51.162912 ], [ 71.4666612, 51.1628582 ], [ 71.4664878, 51.162651 ] ] ], [ [ [ 71.464805517119117, 51.163043595481398 ], [ 71.464861917083027, 51.163073395514097 ], [ 71.4649287, 51.1630687 ], [ 71.465019507255732, 51.163033252565405 ], [ 71.4651531, 51.1630239 ], [ 71.4654605, 51.1629394 ], [ 71.465390700000015, 51.1628396 ], [ 71.465257134923803, 51.162848991508113 ], [ 71.464949734605284, 51.162933591160979 ], [ 71.464972188717795, 51.162965664073077 ], [ 71.464906317237023, 51.162970295537448 ], [ 71.464799917164157, 51.163011895477602 ], [ 71.464805517119117, 51.163043595481398 ] ] ], [ [ [ 71.4643114, 51.1629752 ], [ 71.464256, 51.1629157 ], [ 71.4642077, 51.1628971 ], [ 71.464140917242887, 51.162901795099962 ], [ 71.463999017149987, 51.1629542950201 ], [ 71.464081117036855, 51.163039695068498 ], [ 71.4641479, 51.163035 ], [ 71.4643114, 51.1629752 ] ] ], [ [ [ 71.4645232, 51.1630156 ], [ 71.464456417110355, 51.163020295282017 ], [ 71.464242516981031, 51.163091995161473 ], [ 71.464302816886288, 51.163162795197181 ], [ 71.4643696, 51.1631581 ], [ 71.4645835, 51.1630863 ], [ 71.4645232, 51.1630156 ] ] ], [ [ [ 71.4649953, 51.1640383 ], [ 71.4652016, 51.1639742 ], [ 71.465169488192785, 51.163933784589354 ], [ 71.4655234, 51.1639089 ], [ 71.4665609, 51.16358 ], [ 71.4664789, 51.1634782 ], [ 71.4651907, 51.1632197 ], [ 71.464522868302211, 51.163266654954334 ], [ 71.464345267275121, 51.163322953952907 ], [ 71.464830415828672, 51.163940895512681 ], [ 71.464928515693387, 51.164042995570526 ], [ 71.4649953, 51.1640383 ] ] ], [ [ [ 71.4643632, 51.1637144 ], [ 71.464296416083599, 51.163719095204115 ], [ 71.464157616007384, 51.163760295125812 ], [ 71.464254215834714, 51.163888195183276 ], [ 71.464321, 51.1638835 ], [ 71.4644598, 51.1638422 ], [ 71.4643632, 51.1637144 ] ] ], [ [ [ 71.466685393405413, 51.163953761346853 ], [ 71.466795093278051, 51.163970362100869 ], [ 71.4676527, 51.1639085 ], [ 71.467749, 51.1638716 ], [ 71.4677825, 51.1638428 ], [ 71.467803, 51.1638095 ], [ 71.4678002, 51.1637388 ], [ 71.4677772, 51.1637061 ], [ 71.4676954, 51.1636573 ], [ 71.4675858, 51.1636407 ], [ 71.466728097813018, 51.163702561581466 ], [ 71.46663179703441, 51.163739460931325 ], [ 71.466577795881506, 51.163801560576225 ], [ 71.46658059466084, 51.163872360611549 ], [ 71.466603594130405, 51.1639049607763 ], [ 71.466685393405413, 51.163953761346853 ] ] ], [ [ [ 71.4645567, 51.1639638 ], [ 71.464489915747563, 51.163968495319132 ], [ 71.46435111567132, 51.164009695240814 ], [ 71.464447615498798, 51.164137495298242 ], [ 71.4645144, 51.1641328 ], [ 71.4646533, 51.1640916 ], [ 71.4645567, 51.1639638 ] ] ], [ [ [ 71.465409788092671, 51.164153452668884 ], [ 71.465446986934182, 51.164223552939312 ], [ 71.465566986205943, 51.164275753771889 ], [ 71.466163009709319, 51.164242087735197 ], [ 71.466168286683967, 51.164298757889327 ], [ 71.466227085724768, 51.164359158305253 ], [ 71.466273085428483, 51.164380158624624 ], [ 71.466382785301136, 51.164396759378661 ], [ 71.4672404, 51.1643349 ], [ 71.4673367, 51.164298 ], [ 71.4673907, 51.1642358 ], [ 71.4673967, 51.164200299999983 ], [ 71.4673648, 51.1641324 ], [ 71.467329, 51.1641047 ], [ 71.4672299, 51.1640708 ], [ 71.466627861256029, 51.16410545864774 ], [ 71.4666183, 51.164051099999988 ], [ 71.466573, 51.1640032 ], [ 71.4664424, 51.1639622 ], [ 71.465552590532212, 51.164024453616008 ], [ 71.465438989372075, 51.164081952852264 ], [ 71.465409788092671, 51.164153452668884 ] ] ], [ [ [ 71.464605015153765, 51.164390095392761 ], [ 71.464671800000019, 51.1643854 ], [ 71.4648106, 51.1643442 ], [ 71.4647576, 51.1642126 ], [ 71.4647112, 51.1641524 ], [ 71.464571815455045, 51.164178295369801 ], [ 71.464493215354125, 51.164241695326204 ], [ 71.464605015153765, 51.164390095392761 ] ] ], [ [ [ 71.464670315098672, 51.164433795430803 ], [ 71.46467341481852, 51.164628395436274 ], [ 71.464717214736041, 51.164689295462402 ], [ 71.464924, 51.164646 ], [ 71.4650456, 51.1645622 ], [ 71.4648697, 51.16439170000001 ], [ 71.464670315098672, 51.164433795430803 ] ] ], [ [ [ 71.4642457, 51.164599399999986 ], [ 71.46417891479355, 51.164604095153983 ], [ 71.463846514597506, 51.164712094966625 ], [ 71.463921914472436, 51.164805195011347 ], [ 71.4639887, 51.1648005 ], [ 71.4643241, 51.164692199999983 ], [ 71.4642457, 51.164599399999986 ] ] ], [ [ [ 71.4658206, 51.164718 ], [ 71.465753814813709, 51.164722696053794 ], [ 71.465627814736422, 51.164765695982815 ], [ 71.465682014653041, 51.164828096014894 ], [ 71.4657488, 51.1648234 ], [ 71.4658747, 51.1647804 ], [ 71.4658206, 51.164718 ] ] ], [ [ [ 71.4666189, 51.1647857 ], [ 71.4665318, 51.1646773 ], [ 71.4664650149587, 51.164681996458341 ], [ 71.466229814827656, 51.164753096325654 ], [ 71.466316014679848, 51.16486289637686 ], [ 71.4663828, 51.1648582 ], [ 71.4666189, 51.1647857 ] ] ], [ [ [ 71.465021914416639, 51.164936495640738 ], [ 71.4651653, 51.1649083 ], [ 71.4654342, 51.1648031 ], [ 71.4653354, 51.1646731 ], [ 71.464888914651496, 51.164762395561631 ], [ 71.465021914416639, 51.164936495640738 ] ] ], [ [ [ 71.4668986, 51.1647256 ], [ 71.466831814933613, 51.164730296668296 ], [ 71.466638714815602, 51.164795896559511 ], [ 71.466697714723281, 51.164864896594437 ], [ 71.4667645, 51.1648602 ], [ 71.466963, 51.164796299999985 ], [ 71.4668986, 51.1647256 ] ] ], [ [ [ 71.4656192, 51.1649241 ], [ 71.4655441, 51.1648232 ], [ 71.465477314628487, 51.164827895898213 ], [ 71.465257414504762, 51.164895195774172 ], [ 71.465332514378233, 51.164989295818778 ], [ 71.4653993, 51.1649846 ], [ 71.4656192, 51.1649241 ] ] ], [ [ [ 71.464547414152179, 51.165079995373056 ], [ 71.4648548, 51.1650424 ], [ 71.464988, 51.1649984 ], [ 71.464818, 51.1647895 ], [ 71.464751214588929, 51.164794195483772 ], [ 71.464405114386054, 51.164905795288661 ], [ 71.464547414152179, 51.165079995373056 ] ] ], [ [ [ 71.4655655, 51.1650719 ], [ 71.465498714272528, 51.165076595915167 ], [ 71.465372614192489, 51.165121495844133 ], [ 71.46544591408464, 51.165202495887463 ], [ 71.4655127, 51.1651978 ], [ 71.4656389, 51.16515290000001 ], [ 71.4655655, 51.1650719 ] ] ], [ [ [ 71.4651797, 51.165220299999987 ], [ 71.465112914011769, 51.165224995698097 ], [ 71.464842613855978, 51.165310295545673 ], [ 71.464934613701786, 51.165424995600297 ], [ 71.4650014, 51.1654203 ], [ 71.4652717, 51.165335 ], [ 71.4651797, 51.165220299999987 ] ] ], [ [ [ 71.4666216, 51.1655607 ], [ 71.46655481369605, 51.16556539652634 ], [ 71.466183713483758, 51.165681396317041 ], [ 71.466280913319522, 51.165803496374771 ], [ 71.4663477, 51.1657988 ], [ 71.4667187, 51.1656828 ], [ 71.4666216, 51.1655607 ] ] ], [ [ [ 71.465773512478961, 51.166343796095894 ], [ 71.4658403, 51.1663391 ], [ 71.466319400000017, 51.1661916 ], [ 71.4659992, 51.165782599999979 ], [ 71.465932413300578, 51.16578729617585 ], [ 71.465453213029747, 51.165934795905535 ], [ 71.465773512478961, 51.166343796095894 ] ] ], [ [ [ 71.4649487, 51.166237 ], [ 71.4648647, 51.1661231 ], [ 71.464797912671969, 51.166127795535751 ], [ 71.46426561238475, 51.166282195235318 ], [ 71.464349612230578, 51.166396195285365 ], [ 71.4644164, 51.1663915 ], [ 71.4649487, 51.166237 ] ] ], [ [ [ 71.467048812489168, 51.16644409682462 ], [ 71.467447011906032, 51.166882097059883 ], [ 71.4675138, 51.1668774 ], [ 71.4677629, 51.166799 ], [ 71.4672696, 51.1661829 ], [ 71.467202812877673, 51.166187596907491 ], [ 71.46697221274502, 51.166260196777458 ], [ 71.467048812489168, 51.16644409682462 ] ] ], [ [ [ 71.4643255, 51.1667413 ], [ 71.464258711715217, 51.16674599524022 ], [ 71.464080211621592, 51.166795895139437 ], [ 71.46427111126053, 51.167062395253303 ], [ 71.4643379, 51.1670577 ], [ 71.4645146, 51.1670076 ], [ 71.4643255, 51.1667413 ] ] ], [ [ [ 71.4661969, 51.1676044 ], [ 71.4653269, 51.1664701 ], [ 71.465260112227753, 51.166474795805776 ], [ 71.464835511991694, 51.166602795566213 ], [ 71.465705510461675, 51.167737196083642 ], [ 71.4657723, 51.1677325 ], [ 71.4661969, 51.1676044 ] ] ], [ [ [ 71.464869710694003, 51.167505695602905 ], [ 71.4650162, 51.167476 ], [ 71.4646548, 51.167147 ], [ 71.464588011170235, 51.167151695435614 ], [ 71.464443811087705, 51.167196795354286 ], [ 71.464692510671782, 51.167506195501922 ], [ 71.464869710694003, 51.167505695602905 ] ] ], [ [ [ 71.4676068, 51.1674227 ], [ 71.4675422, 51.167343099999989 ], [ 71.4672926, 51.1673153 ], [ 71.467141611198926, 51.167346796894691 ], [ 71.467275410977265, 51.167511796974097 ], [ 71.4673422, 51.1675071 ], [ 71.4676068, 51.1674227 ] ] ], [ [ [ 71.4647421, 51.1675739 ], [ 71.4647126, 51.1675378 ], [ 71.464561310564733, 51.167569395428345 ], [ 71.464588210521853, 51.167601395444287 ], [ 71.4647421, 51.1675739 ] ] ], [ [ [ 71.4651683, 51.1677432 ], [ 71.465192200000018, 51.1677131 ], [ 71.4650576, 51.167531299999986 ], [ 71.464924021315142, 51.167540691306989 ], [ 71.464737321110064, 51.167596091096314 ], [ 71.464883620568557, 51.167796191270675 ], [ 71.4650172, 51.1677868 ], [ 71.4651683, 51.1677432 ] ] ], [ [ [ 71.465235, 51.1678467 ], [ 71.465168210231781, 51.167851395779607 ], [ 71.464985910129059, 51.167907295676763 ], [ 71.465194709771993, 51.168172495800803 ], [ 71.4652615, 51.168167799999985 ], [ 71.4654426, 51.168112 ], [ 71.465235, 51.1678467 ] ] ], [ [ [ 71.465764908742585, 51.168934396140301 ], [ 71.4658317, 51.1689297 ], [ 71.4660866, 51.1688495 ], [ 71.4658205, 51.168517099999988 ], [ 71.4656125, 51.16832010000001 ], [ 71.46554570959502, 51.168324796003759 ], [ 71.465377809498477, 51.168377595909064 ], [ 71.465495009195934, 51.168597295980042 ], [ 71.465764908742585, 51.168934396140301 ] ] ], [ [ [ 71.4683707, 51.1697421 ], [ 71.4671264, 51.1680955 ], [ 71.4665104, 51.1679433 ], [ 71.466443610247325, 51.167947996508317 ], [ 71.466029610019703, 51.168070996274714 ], [ 71.467480807426725, 51.169991397138382 ], [ 71.4675476, 51.169986699999981 ], [ 71.4683707, 51.1697421 ] ] ], [ [ [ 71.4661473, 51.1689721 ], [ 71.465880134789813, 51.168990885055997 ], [ 71.465663834263125, 51.169063984568467 ], [ 71.465913632708251, 51.169354585160065 ], [ 71.4661808, 51.1693358 ], [ 71.4663971, 51.169262699999983 ], [ 71.4661473, 51.1689721 ] ] ], [ [ [ 71.464970551346326, 51.169581037042796 ], [ 71.464919407685343, 51.169596395670986 ], [ 71.465142907289959, 51.169889395803949 ], [ 71.4652097, 51.1698847 ], [ 71.4653665, 51.1698377 ], [ 71.465351971627271, 51.169818643327723 ], [ 71.4656527, 51.1697975 ], [ 71.4657869, 51.1697483 ], [ 71.4650571, 51.1689 ], [ 71.4649424, 51.1688735 ], [ 71.464541652070935, 51.168901673224553 ], [ 71.464307851245721, 51.16897737243368 ], [ 71.464401350372484, 51.169086172765823 ], [ 71.464970551346326, 51.169581037042796 ] ] ], [ [ [ 71.4665584, 51.1698231 ], [ 71.4668518, 51.169725699999987 ], [ 71.4665048, 51.1693203 ], [ 71.466438008261065, 51.169324996531358 ], [ 71.46630680817897, 51.169370896457444 ], [ 71.466297007834712, 51.169608796456387 ], [ 71.466491607542537, 51.169827796571468 ], [ 71.4665584, 51.1698231 ] ] ], [ [ [ 71.4650928, 51.1699964 ], [ 71.4647845, 51.169608 ], [ 71.464717707637362, 51.169612695556353 ], [ 71.46453360753209, 51.169670195452525 ], [ 71.464841907009571, 51.170058495635608 ], [ 71.4649087, 51.1700538 ], [ 71.4650928, 51.1699964 ] ] ], [ [ [ 71.4658834, 51.1703196 ], [ 71.4661428, 51.1702441 ], [ 71.4658364, 51.1698303 ], [ 71.465769607444486, 51.16983499616012 ], [ 71.465505607301679, 51.169911796011114 ], [ 71.465816606744568, 51.170324296196206 ], [ 71.4658834, 51.1703196 ] ] ], [ [ [ 71.4669564, 51.17029740000001 ], [ 71.4671548, 51.1702359 ], [ 71.4670908, 51.1701061 ], [ 71.4669329, 51.1699081 ], [ 71.466866107465421, 51.169912796786534 ], [ 71.466637807335459, 51.169983696657759 ], [ 71.466889606906875, 51.170302096807355 ], [ 71.4669564, 51.17029740000001 ] ] ], [ [ [ 71.4655901, 51.1703008 ], [ 71.465423106681527, 51.170334895972132 ], [ 71.465489206554423, 51.170428596011597 ], [ 71.465652, 51.17039710000001 ], [ 71.4655901, 51.1703008 ] ] ], [ [ [ 71.4650013, 51.1701216 ], [ 71.464934506923029, 51.170126295689684 ], [ 71.464761706823012, 51.170181095592241 ], [ 71.465124406184245, 51.170654595807974 ], [ 71.4651912, 51.170649899999987 ], [ 71.4653725, 51.1705991 ], [ 71.4650013, 51.1701216 ] ] ], [ [ [ 71.4672152, 51.170342 ], [ 71.467148406873989, 51.17034669695569 ], [ 71.466971606772049, 51.170402496855992 ], [ 71.467105306548035, 51.170569096935367 ], [ 71.4671721, 51.1705644 ], [ 71.4673489, 51.1705086 ], [ 71.4672152, 51.170342 ] ] ], [ [ [ 71.4659768, 51.1705386 ], [ 71.465910006440112, 51.170543296253598 ], [ 71.46550788564582, 51.170663853871353 ], [ 71.4654845, 51.1706345 ], [ 71.465417706242036, 51.170639195974857 ], [ 71.465294006161415, 51.170684695905202 ], [ 71.465330206104085, 51.170727495926648 ], [ 71.465397, 51.1707228 ], [ 71.465513997753305, 51.170685535432362 ], [ 71.46558250606563, 51.17077539607137 ], [ 71.4656493, 51.1707707 ], [ 71.46606, 51.1706476 ], [ 71.4659768, 51.1705386 ] ] ], [ [ [ 71.4667316, 51.1707917 ], [ 71.4664201, 51.170464 ], [ 71.466353306601505, 51.170468696504848 ], [ 71.466127106467908, 51.170542296377334 ], [ 71.46641090601436, 51.170880696545524 ], [ 71.466477700000013, 51.170876 ], [ 71.4667316, 51.1707917 ] ] ], [ [ [ 71.467104606441794, 51.170642696936355 ], [ 71.46737020604877, 51.170937597093356 ], [ 71.467437, 51.1709329 ], [ 71.4676045, 51.1708841 ], [ 71.4676237, 51.1707677 ], [ 71.4675384, 51.1706574 ], [ 71.4673656, 51.1705791 ], [ 71.467298806550332, 51.170583797045929 ], [ 71.467104606441794, 51.170642696936355 ] ] ], [ [ [ 71.4662939, 51.1709054 ], [ 71.466227105949628, 51.170910096441318 ], [ 71.465401705509507, 51.17114579597537 ], [ 71.465467605386834, 51.171236396014656 ], [ 71.4655344, 51.1712317 ], [ 71.4663598, 51.170996 ], [ 71.4662939, 51.1709054 ] ] ], [ [ [ 71.466745205483278, 51.171277096743601 ], [ 71.4669315, 51.1712781 ], [ 71.4671625, 51.171204 ], [ 71.4670896, 51.171114700000011 ], [ 71.4668273, 51.1709579 ], [ 71.466760505938694, 51.170962596746328 ], [ 71.466545105812898, 51.171031696624887 ], [ 71.466745205483278, 51.171277096743601 ] ] ], [ [ [ 71.4678352, 51.1711116 ], [ 71.467778, 51.171037899999988 ], [ 71.46771120593877, 51.171042597289713 ], [ 71.467463405799791, 51.171118097149922 ], [ 71.467520605700301, 51.171191897183917 ], [ 71.4675874, 51.1711872 ], [ 71.4678352, 51.1711116 ] ] ], [ [ [ 71.4664997, 51.1711745 ], [ 71.466432905586544, 51.171179196563742 ], [ 71.465907105306798, 51.1713288962669 ], [ 71.46596340520172, 51.17140649630047 ], [ 71.4660302, 51.1714018 ], [ 71.4665559, 51.1712521 ], [ 71.4664997, 51.1711745 ] ] ], [ [ [ 71.4664337, 51.1716357 ], [ 71.4665459, 51.1714912 ], [ 71.4664848, 51.1714202 ], [ 71.466418005230395, 51.171424896559927 ], [ 71.4653473045786, 51.171786695956548 ], [ 71.465479404373113, 51.171940296034762 ], [ 71.4655462, 51.1719356 ], [ 71.4664337, 51.1716357 ] ] ], [ [ [ 71.4677166, 51.171979 ], [ 71.4673392, 51.171486 ], [ 71.467272405239243, 51.171490697048156 ], [ 71.467073605128704, 51.171550596936001 ], [ 71.467451004463669, 51.172043497160487 ], [ 71.4675178, 51.1720388 ], [ 71.4677166, 51.171979 ] ] ], [ [ [ 71.466810004209293, 51.172165896797459 ], [ 71.4669738, 51.172139 ], [ 71.4670065, 51.1720435 ], [ 71.4668378, 51.1717553 ], [ 71.4667998, 51.1717429 ], [ 71.466586004736939, 51.171781196662472 ], [ 71.466810004209293, 51.172165896797459 ] ] ], [ [ [ 71.46419430419418, 51.171956195302606 ], [ 71.464366003907969, 51.172169095404527 ], [ 71.4644328, 51.1721644 ], [ 71.46453, 51.1721336 ], [ 71.4647663, 51.1719329 ], [ 71.4647033, 51.1718548 ], [ 71.4644837, 51.1718412 ], [ 71.464416904380286, 51.171845895427403 ], [ 71.464270604295621, 51.171892295344882 ], [ 71.46419430419418, 51.171956195302606 ] ] ], [ [ [ 71.4663219, 51.17192 ], [ 71.466255104489775, 51.171924696476587 ], [ 71.466039204365359, 51.171992796354843 ], [ 71.466425303718665, 51.172473696584063 ], [ 71.4664921, 51.172469 ], [ 71.466708, 51.1724009 ], [ 71.4663219, 51.17192 ] ] ], [ [ [ 71.465867300000014, 51.1719964 ], [ 71.46580050432442, 51.172001096218949 ], [ 71.465587804206578, 51.172064896098917 ], [ 71.466121103263035, 51.172763996416208 ], [ 71.4661879, 51.17275930000001 ], [ 71.4664007, 51.1726955 ], [ 71.465867300000014, 51.1719964 ] ] ], [ [ [ 71.4651659, 51.17242 ], [ 71.464734303462734, 51.172508795620899 ], [ 71.464796803316716, 51.172615295658552 ], [ 71.4652284, 51.1725265 ], [ 71.4651659, 51.17242 ] ] ], [ [ [ 71.4667766, 51.1724534 ], [ 71.466709803775714, 51.172458096745913 ], [ 71.466392103597812, 51.172554696566671 ], [ 71.466483703438158, 51.172673096621146 ], [ 71.4665505, 51.1726684 ], [ 71.4668681, 51.1725718 ], [ 71.4667766, 51.1724534 ] ] ], [ [ [ 71.4670678, 51.1727017 ], [ 71.466962, 51.1725649 ], [ 71.466895203637407, 51.172569596853698 ], [ 71.466130703209245, 51.172802096422387 ], [ 71.466236503024788, 51.172938896485306 ], [ 71.4663033, 51.1729342 ], [ 71.4670678, 51.1727017 ] ] ], [ [ [ 71.4646279, 51.1727223 ], [ 71.464561103127011, 51.17272699552634 ], [ 71.464388503024836, 51.172783295429028 ], [ 71.464599902683005, 51.173038095554396 ], [ 71.464634003404356, 51.173035698430176 ], [ 71.46448150260359, 51.173083195487756 ], [ 71.464908701877576, 51.17362249574149 ], [ 71.4649755, 51.173617799999988 ], [ 71.4652269, 51.173539499999983 ], [ 71.4647997, 51.1730002 ], [ 71.46475990600976, 51.173002997392736 ], [ 71.4648393, 51.172977099999983 ], [ 71.4646279, 51.1727223 ] ] ], [ [ [ 71.4662303, 51.1737773 ], [ 71.4654663, 51.1727683 ], [ 71.465399503162431, 51.172772996005065 ], [ 71.465174403038461, 51.172839995878057 ], [ 71.465938401675757, 51.173849096332717 ], [ 71.4660052, 51.1738444 ], [ 71.4662303, 51.1737773 ] ] ], [ [ [ 71.4666739, 51.1737586 ], [ 71.4666412, 51.1733351 ], [ 71.4664929, 51.1731474 ], [ 71.466426102740314, 51.173152096597427 ], [ 71.466063402533848, 51.173264696392827 ], [ 71.466486601812136, 51.173800696644264 ], [ 71.4665534, 51.173796 ], [ 71.4666739, 51.1737586 ] ] ], [ [ [ 71.4662049, 51.1740719 ], [ 71.4664394, 51.1740063 ], [ 71.4662919, 51.1737991 ], [ 71.466225101775919, 51.173803796495264 ], [ 71.466077301698249, 51.173845196411804 ], [ 71.466064401512213, 51.173973096406897 ], [ 71.466138101371854, 51.174076596450867 ], [ 71.4662049, 51.1740719 ] ] ], [ [ [ 71.4656296, 51.174207699999982 ], [ 71.465249, 51.1737305 ], [ 71.465182201748235, 51.173735195899525 ], [ 71.465022901656909, 51.173785095809677 ], [ 71.465403501014677, 51.174262396035687 ], [ 71.4654703, 51.1742577 ], [ 71.4656296, 51.174207699999982 ] ] ], [ [ [ 71.4657369, 51.1742211 ], [ 71.465670101099832, 51.174225796186967 ], [ 71.465446300966349, 51.174299496060804 ], [ 71.465673800602076, 51.174571196195629 ], [ 71.4657406, 51.1745665 ], [ 71.4659644, 51.1744928 ], [ 71.4657369, 51.1742211 ] ] ], [ [ [ 71.4649245, 51.1742281 ], [ 71.464857700991104, 51.174232795724038 ], [ 71.464679700898685, 51.174281895623508 ], [ 71.465069100145541, 51.174836795856045 ], [ 71.4651359, 51.17483210000001 ], [ 71.4653139, 51.174783 ], [ 71.4649245, 51.1742281 ] ] ], [ [ [ 71.4653832, 51.174396599999987 ], [ 71.465316400803744, 51.174401295988694 ], [ 71.465210800744615, 51.174433395929121 ], [ 71.465402500410306, 51.174681296043104 ], [ 71.4654693, 51.1746766 ], [ 71.465575, 51.1746444 ], [ 71.4653832, 51.174396599999987 ] ] ], [ [ [ 71.4664049, 51.174840099999983 ], [ 71.4664276, 51.174712899999989 ], [ 71.4662123, 51.1744558 ], [ 71.46614550081901, 51.174460496462387 ], [ 71.465873000656543, 51.174550196308786 ], [ 71.466167000185919, 51.174901196483049 ], [ 71.4662338, 51.1748965 ], [ 71.4664049, 51.174840099999983 ] ] ], [ [ [ 71.4653428, 51.1747928 ], [ 71.465276000227334, 51.174797495973202 ], [ 71.46510800013742, 51.174845695878361 ], [ 71.465220699928366, 51.175000095945556 ], [ 71.4652875, 51.1749954 ], [ 71.4654555, 51.1749472 ], [ 71.4653428, 51.1747928 ] ] ], [ [ [ 71.4649701, 51.1747909 ], [ 71.46490330018483, 51.174795595760735 ], [ 71.464236599798951, 51.175006995384749 ], [ 71.464535299301048, 51.175377295562065 ], [ 71.4646021, 51.1753726 ], [ 71.4652688, 51.1751612 ], [ 71.4649701, 51.1747909 ] ] ], [ [ [ 71.466043, 51.1751168 ], [ 71.4659812, 51.1749916 ], [ 71.465301099771807, 51.175115395993558 ], [ 71.46536279959885, 51.175240496031094 ], [ 71.466043, 51.1751168 ] ] ], [ [ [ 71.466098, 51.1751433 ], [ 71.465749599694277, 51.175206896250941 ], [ 71.465807799543398, 51.175316396286199 ], [ 71.4661562, 51.1752528 ], [ 71.466098, 51.1751433 ] ] ], [ [ [ 71.4648055, 51.1754517 ], [ 71.464590499165098, 51.175476195595387 ], [ 71.464709398673918, 51.175826695669812 ], [ 71.4649244, 51.1758022 ], [ 71.4648055, 51.1754517 ] ] ], [ [ [ 71.4653555, 51.1757802 ], [ 71.4653388, 51.1756102 ], [ 71.465007799000958, 51.175625095836075 ], [ 71.465024498757757, 51.175795095848819 ], [ 71.4653555, 51.1757802 ] ] ], [ [ [ 71.4660234, 51.1755803 ], [ 71.465956599174007, 51.175584996376131 ], [ 71.465755998639992, 51.175938296268512 ], [ 71.465928998605335, 51.17597689636785 ], [ 71.4659958, 51.1759722 ], [ 71.4661964, 51.175619 ], [ 71.4660234, 51.1755803 ] ] ], [ [ [ 71.4657052, 51.1760231 ], [ 71.465387198485715, 51.176014196059747 ], [ 71.465342998018883, 51.176334096040634 ], [ 71.465661, 51.1763431 ], [ 71.4657052, 51.1760231 ] ] ], [ [ [ 71.4684149, 51.178429 ], [ 71.4681444, 51.1780952 ], [ 71.468010791592178, 51.178104595227978 ], [ 71.466976790391072, 51.178433794061718 ], [ 71.467247189493548, 51.178767594382698 ], [ 71.4673808, 51.1787582 ], [ 71.4684149, 51.178429 ] ] ], [ [ [ 71.467714693639891, 51.142677493540369 ], [ 71.4678482, 51.1426681 ], [ 71.4679746, 51.142501099999983 ], [ 71.4677189, 51.1423726 ], [ 71.467521, 51.1423136 ], [ 71.467387494581288, 51.142322993154039 ], [ 71.467196193807183, 51.142575692945691 ], [ 71.467402493680169, 51.142637193183099 ], [ 71.467714693639891, 51.142677493540369 ] ] ], [ [ [ 71.4671379, 51.1426523 ], [ 71.467071146763942, 51.142656996384176 ], [ 71.467039746701815, 51.142697496367063 ], [ 71.467111746679024, 51.142719396408488 ], [ 71.4671785, 51.1427147 ], [ 71.4672098, 51.1426742 ], [ 71.4671379, 51.1426523 ] ] ], [ [ [ 71.4687321, 51.1424081 ], [ 71.468665347308985, 51.142412797287776 ], [ 71.468272246428782, 51.142990997074854 ], [ 71.468538746358462, 51.143062297228028 ], [ 71.4686055, 51.143057599999985 ], [ 71.4689987, 51.1424795 ], [ 71.4687321, 51.1424081 ] ] ], [ [ [ 71.46889694622412, 51.143185797434462 ], [ 71.4691419, 51.1431972 ], [ 71.469637100000014, 51.1424851 ], [ 71.4692359, 51.142374 ], [ 71.469169147419223, 51.142378697574159 ], [ 71.468649346292835, 51.143117197292106 ], [ 71.46889694622412, 51.143185797434462 ] ] ], [ [ [ 71.4678067, 51.1428426 ], [ 71.467739946571086, 51.142847296768849 ], [ 71.467707646507137, 51.142888996751218 ], [ 71.467800046477734, 51.142917196804419 ], [ 71.4678668, 51.1429125 ], [ 71.4678991, 51.1428708 ], [ 71.4678067, 51.1428426 ] ] ], [ [ [ 71.469815, 51.1432293 ], [ 71.4693998, 51.143116799999987 ], [ 71.469199539064306, 51.143130892931275 ], [ 71.469102538420785, 51.14327169277356 ], [ 71.469517738085599, 51.143384293489646 ], [ 71.469718, 51.1433702 ], [ 71.469815, 51.1432293 ] ] ], [ [ [ 71.4678719, 51.1439729 ], [ 71.467339024407593, 51.144007583192092 ], [ 71.467463018216904, 51.144877883628276 ], [ 71.467996, 51.1448433 ], [ 71.4678719, 51.1439729 ] ] ], [ [ [ 71.4685858, 51.1441331 ], [ 71.468019223653243, 51.144169685145229 ], [ 71.468110919097484, 51.144810185467506 ], [ 71.4686775, 51.1447736 ], [ 71.4685858, 51.1441331 ] ] ], [ [ [ 71.4692257, 51.1449724 ], [ 71.4692099, 51.144866 ], [ 71.467667117748192, 51.144960184217553 ], [ 71.46768291699172, 51.145066584272691 ], [ 71.4692257, 51.1449724 ] ] ], [ [ [ 71.46788774247473, 51.145704596907514 ], [ 71.4697832, 51.1455849 ], [ 71.4700139, 51.145498 ], [ 71.470457300000021, 51.144882599999988 ], [ 71.470297127976508, 51.144837115443835 ], [ 71.4704508, 51.1448263 ], [ 71.470787211312299, 51.144340459981272 ], [ 71.4708932, 51.144333 ], [ 71.4709773, 51.1442195 ], [ 71.470649, 51.1441237 ], [ 71.470381980196692, 51.144142493422848 ], [ 71.47029777950209, 51.144255993239611 ], [ 71.470476505710735, 51.144308131426506 ], [ 71.470029602837954, 51.144339584282093 ], [ 71.469991032125535, 51.144394760948735 ], [ 71.469959244609086, 51.144396998062803 ], [ 71.469813744301419, 51.144598397983756 ], [ 71.469842885226569, 51.144606688626418 ], [ 71.469690496180803, 51.144824682626599 ], [ 71.469849995786134, 51.144868583451995 ], [ 71.470220772957958, 51.144842489236588 ], [ 71.467868642644206, 51.145585296894346 ], [ 71.46788774247473, 51.145704596907514 ] ] ], [ [ [ 71.467355416280355, 51.145137783346513 ], [ 71.467402843298473, 51.145398608053704 ], [ 71.467358942846758, 51.145401696600437 ], [ 71.467359542735494, 51.145478996602257 ], [ 71.467417434611932, 51.145478852272021 ], [ 71.467423313633049, 51.145511183575508 ], [ 71.4679637, 51.1454729 ], [ 71.4678958, 51.1450995 ], [ 71.467355416280355, 51.145137783346513 ] ] ], [ [ [ 71.4676457, 51.1456375 ], [ 71.467537242518873, 51.145644396706658 ], [ 71.467541342477475, 51.145673496709563 ], [ 71.4676497, 51.1456665 ], [ 71.4676457, 51.1456375 ] ] ], [ [ [ 71.467608006309291, 51.146543884200092 ], [ 71.468359305260989, 51.146752786360288 ], [ 71.468673629249963, 51.146730670021562 ], [ 71.46861880503468, 51.146806087104643 ], [ 71.469847103251311, 51.147157290637303 ], [ 71.470141892878857, 51.147136545140356 ], [ 71.470068940521429, 51.147244798179628 ], [ 71.470316740456894, 51.147310498322064 ], [ 71.4703835, 51.147305799999984 ], [ 71.470523200000017, 51.1470985 ], [ 71.470253184133028, 51.147034363472315 ], [ 71.4702597, 51.1470254 ], [ 71.4690314, 51.1466742 ], [ 71.468716245254015, 51.146696375789645 ], [ 71.4687944, 51.1465852 ], [ 71.468349694790135, 51.146207738505375 ], [ 71.469535994723358, 51.146125535036646 ], [ 71.469515652364478, 51.146155087630824 ], [ 71.470675350493551, 51.146469391631243 ], [ 71.4710759, 51.1464412 ], [ 71.4711638, 51.146313599999985 ], [ 71.4700041, 51.1459992 ], [ 71.469669491673343, 51.14602274770558 ], [ 71.4696617, 51.1459784 ], [ 71.468198529390278, 51.146079428945711 ], [ 71.468139, 51.1460289 ], [ 71.46752260964891, 51.146072883911913 ], [ 71.467608006309291, 51.146543884200092 ] ] ], [ [ [ 71.4669114, 51.1461688 ], [ 71.466473641582368, 51.146205096111352 ], [ 71.466380141521043, 51.146239796058737 ], [ 71.466398741452025, 51.146289296070286 ], [ 71.466942141296613, 51.146442996382824 ], [ 71.4671644, 51.14642 ], [ 71.4671846, 51.1463765 ], [ 71.4670732, 51.1462498 ], [ 71.4669758, 51.1461841 ], [ 71.4669114, 51.1461688 ] ] ], [ [ [ 71.4674459, 51.1461677 ], [ 71.467317841716493, 51.146183096591919 ], [ 71.467219841661972, 51.146212696536658 ], [ 71.467233341520753, 51.146311896546237 ], [ 71.467311741256353, 51.146502096594517 ], [ 71.46747104123753, 51.146528596685798 ], [ 71.4675378, 51.1465239 ], [ 71.4675445, 51.146208 ], [ 71.4675047, 51.1461792 ], [ 71.4674459, 51.1461677 ] ] ], [ [ [ 71.4667225, 51.1468829 ], [ 71.466477140598769, 51.146888396126364 ], [ 71.466478140478628, 51.14697189612852 ], [ 71.4667235, 51.1469663 ], [ 71.4667225, 51.1468829 ] ] ], [ [ [ 71.467963195115004, 51.14812838536298 ], [ 71.468297, 51.1481049 ], [ 71.468344695381816, 51.148038480572417 ], [ 71.468504524022876, 51.148078249516153 ], [ 71.46843209505964, 51.148175586703296 ], [ 71.468960794265072, 51.148330488224261 ], [ 71.4692946, 51.148307 ], [ 71.4693702, 51.1482054 ], [ 71.468821103541643, 51.14805193515015 ], [ 71.4691717515542, 51.147585115031369 ], [ 71.469781898873165, 51.147759790509014 ], [ 71.4701157, 51.147736299999984 ], [ 71.470176, 51.1476533 ], [ 71.4691624, 51.147362799999989 ], [ 71.46909564022657, 51.147367497627414 ], [ 71.469050444395393, 51.14742763103142 ], [ 71.46898710075051, 51.147432088213534 ], [ 71.46893325867191, 51.147516837074413 ], [ 71.46871509986461, 51.147532187448185 ], [ 71.468393313343398, 51.147960579869412 ], [ 71.468082, 51.1478726 ], [ 71.467748196657354, 51.147896084728337 ], [ 71.46764579556762, 51.148038784450208 ], [ 71.467963195115004, 51.14812838536298 ] ] ], [ [ [ 71.4685857, 51.147176 ], [ 71.468518940425596, 51.147180697295276 ], [ 71.468079039509519, 51.147779697056059 ], [ 71.468168239483205, 51.147805497107363 ], [ 71.468235, 51.1478008 ], [ 71.4686749, 51.1472018 ], [ 71.4685857, 51.147176 ] ] ], [ [ [ 71.4687788, 51.1473072 ], [ 71.468712040260058, 51.147311897407803 ], [ 71.46826143936201, 51.147897497162226 ], [ 71.468334939338945, 51.147919697204536 ], [ 71.4684017, 51.147915 ], [ 71.4688524, 51.1473295 ], [ 71.4687788, 51.1473072 ] ] ], [ [ [ 71.468047147588337, 51.148435274819612 ], [ 71.468648, 51.148393 ], [ 71.4686484, 51.14825170000001 ], [ 71.4674016, 51.1482513 ], [ 71.467249483446608, 51.14826200131079 ], [ 71.4672388, 51.147594499999983 ], [ 71.466471656204874, 51.147637766603772 ], [ 71.466483946256872, 51.148406266798581 ], [ 71.466801461477587, 51.148394630574515 ], [ 71.466801746231923, 51.148434968433179 ], [ 71.468047147588337, 51.148435274819612 ] ] ], [ [ [ 71.4682773, 51.1488325 ], [ 71.468096437988407, 51.148837297086125 ], [ 71.46809653792188, 51.148883497087063 ], [ 71.4682774, 51.1488787 ], [ 71.4682773, 51.1488325 ] ] ], [ [ [ 71.4682733, 51.148898099999982 ], [ 71.468174237903526, 51.148902797131697 ], [ 71.468174337867225, 51.14892799713224 ], [ 71.4682733, 51.1489233 ], [ 71.4682733, 51.148898099999982 ] ] ], [ [ [ 71.468101515393272, 51.150487007614714 ], [ 71.4671097, 51.1504872 ], [ 71.466775877237822, 51.150510682207411 ], [ 71.466775976439877, 51.150621482218256 ], [ 71.467806177066478, 51.150621285153242 ], [ 71.468098584271999, 51.150600713737497 ], [ 71.468097076970054, 51.15065918598561 ], [ 71.468279977067368, 51.150661086506879 ], [ 71.4686138, 51.150637600000017 ], [ 71.468626933353534, 51.150127897414542 ], [ 71.4687275, 51.1501232 ], [ 71.4687276, 51.1500967 ], [ 71.468627636836786, 51.150100595278289 ], [ 71.46862955653117, 51.150026092017519 ], [ 71.4692356, 51.1500031 ], [ 71.46923605613668, 51.1494224232489 ], [ 71.469354949065817, 51.149460091488017 ], [ 71.469622, 51.1494413 ], [ 71.4698069, 51.1492136 ], [ 71.4697337, 51.1491568 ], [ 71.469343550702263, 51.149175091440284 ], [ 71.469120650205724, 51.149242490937411 ], [ 71.469129610130693, 51.149371278592447 ], [ 71.468888, 51.1493652 ], [ 71.46855418639764, 51.14938868716677 ], [ 71.468553698787588, 51.150004248136625 ], [ 71.468113381535304, 51.150026685971781 ], [ 71.468101515393272, 51.150487007614714 ] ] ], [ [ [ 71.4677459, 51.1494219 ], [ 71.467250885201238, 51.149444983459148 ], [ 71.467245378974681, 51.150309083525798 ], [ 71.4677403, 51.150286 ], [ 71.4677459, 51.1494219 ] ] ], [ [ [ 71.4684779, 51.1499146 ], [ 71.468374836463752, 51.149919297265384 ], [ 71.468374836431337, 51.149941797265811 ], [ 71.4684779, 51.14993710000001 ], [ 71.4684779, 51.1499146 ] ] ], [ [ [ 71.4705164, 51.1502035 ], [ 71.4708341, 51.1497587 ], [ 71.4706053, 51.1496944 ], [ 71.470271485069247, 51.149717892090585 ], [ 71.469764681636647, 51.150151790688135 ], [ 71.469446478142018, 51.150610189825322 ], [ 71.469730235531543, 51.150680698052177 ], [ 71.469797, 51.150676 ], [ 71.469824273881713, 51.150636805717163 ], [ 71.4699352, 51.150629 ], [ 71.4705164, 51.1502035 ] ] ], [ [ [ 71.4672822, 51.151271 ], [ 71.4673363, 51.1511212 ], [ 71.4673333, 51.1509892 ], [ 71.467272, 51.1508289 ], [ 71.4669989, 51.1508314 ], [ 71.466665074691548, 51.150854881924538 ], [ 71.466675171513458, 51.151296981995422 ], [ 71.466948371697256, 51.151294482773523 ], [ 71.4672822, 51.151271 ] ] ], [ [ [ 71.467762333877516, 51.151663096949626 ], [ 71.4678291, 51.1516584 ], [ 71.4683685, 51.1510458 ], [ 71.4685026, 51.1508473 ], [ 71.4682558, 51.15078 ], [ 71.468189035194641, 51.150784697176 ], [ 71.467604633920885, 51.15161969685893 ], [ 71.467762333877516, 51.151663096949626 ] ] ], [ [ [ 71.469325576725396, 51.150796689498677 ], [ 71.468928870564142, 51.151618688446852 ], [ 71.469113770425011, 51.151653588976941 ], [ 71.4694476, 51.1516301 ], [ 71.4698426, 51.1508078 ], [ 71.4696594, 51.1507732 ], [ 71.469325576725396, 51.150796689498677 ] ] ], [ [ [ 71.4699152, 51.1516489 ], [ 71.469848434144438, 51.15165359813809 ], [ 71.469780933977788, 51.151763598101724 ], [ 71.469971333934794, 51.151809498211094 ], [ 71.4700381, 51.1518048 ], [ 71.4701056, 51.1516948 ], [ 71.4699152, 51.1516489 ] ] ], [ [ [ 71.467157433870938, 51.151616696604066 ], [ 71.467149332848592, 51.152325696612955 ], [ 71.467170532823488, 51.152344896625401 ], [ 71.467471500000016, 51.15234370000001 ], [ 71.4675222, 51.1522698 ], [ 71.4675558, 51.1521681 ], [ 71.4675795, 51.15190230000001 ], [ 71.4675817, 51.1517328 ], [ 71.4675324, 51.1516136 ], [ 71.467157433870938, 51.151616696604066 ] ] ], [ [ [ 71.46874536909506, 51.151807187942026 ], [ 71.46838046646927, 51.152140986934242 ], [ 71.468336566015466, 51.152200286814811 ], [ 71.468628565579024, 51.152285487654837 ], [ 71.4689624, 51.152262 ], [ 71.46951628173926, 51.152104823314772 ], [ 71.469483267106284, 51.152145490076549 ], [ 71.470015066220498, 51.152313291607662 ], [ 71.471114364701876, 51.152616794768527 ], [ 71.4714482, 51.1525933 ], [ 71.4714974, 51.1525327 ], [ 71.4715063, 51.152479799999988 ], [ 71.4714782, 51.1524537 ], [ 71.4699767, 51.1520043 ], [ 71.469666242476606, 51.152026145779857 ], [ 71.4697096, 51.1519677 ], [ 71.4690792, 51.1517837 ], [ 71.46874536909506, 51.151807187942026 ] ] ], [ [ [ 71.4691903, 51.1532206 ], [ 71.4697834, 51.1524539 ], [ 71.469511, 51.152371 ], [ 71.469177165126922, 51.152394489228215 ], [ 71.468705459052146, 51.153198087960909 ], [ 71.468856458812425, 51.153244088395496 ], [ 71.4691903, 51.1532206 ] ] ], [ [ [ 71.4686703, 51.1522994 ], [ 71.468336465132339, 51.152322886826212 ], [ 71.467580157226649, 51.153356684769982 ], [ 71.467763656956976, 51.153409585297837 ], [ 71.4680975, 51.1533861 ], [ 71.4688538, 51.1523522 ], [ 71.4686703, 51.1522994 ] ] ], [ [ [ 71.4705434, 51.152662 ], [ 71.470366, 51.152608399999984 ], [ 71.470032163935997, 51.152631891686738 ], [ 71.469570859325387, 51.153233090429829 ], [ 71.469748359047756, 51.153286590940624 ], [ 71.4700822, 51.153263099999982 ], [ 71.4705434, 51.152662 ] ] ], [ [ [ 71.4700666, 51.1537201 ], [ 71.4691332, 51.1534417 ], [ 71.469066431466771, 51.153446397726697 ], [ 71.469024444238329, 51.153500443311493 ], [ 71.468667182273464, 51.153525578872774 ], [ 71.468592480905599, 51.15362477850671 ], [ 71.469390978707708, 51.153861582642328 ], [ 71.4699919, 51.1538193 ], [ 71.4700666, 51.1537201 ] ] ], [ [ [ 71.467337469119045, 51.153936465346824 ], [ 71.468069443135278, 51.154144578438029 ], [ 71.468287412814036, 51.154129244367518 ], [ 71.468742503059602, 51.154271277286476 ], [ 71.468987937142572, 51.154265775190794 ], [ 71.469324930170103, 51.154368197891564 ], [ 71.4693917, 51.1543635 ], [ 71.469474699740161, 51.154250395898536 ], [ 71.469649430305893, 51.154301298075197 ], [ 71.4697162, 51.1542966 ], [ 71.469937700000017, 51.1539999 ], [ 71.4697057, 51.1539309 ], [ 71.4690205, 51.1539433 ], [ 71.468634831226282, 51.153970433882179 ], [ 71.467952649888531, 51.153779000499796 ], [ 71.467835287131805, 51.153669235543909 ], [ 71.4679528, 51.1535131 ], [ 71.4677623, 51.1534601 ], [ 71.467695531273847, 51.153464796945883 ], [ 71.467587312705504, 51.153617876649484 ], [ 71.466973309703292, 51.15366106708899 ], [ 71.466840706892881, 51.153844966368432 ], [ 71.467198105867197, 51.153946268424249 ], [ 71.467337469119045, 51.153936465346824 ] ] ], [ [ [ 71.468897, 51.1543382 ], [ 71.4688447, 51.1543117 ], [ 71.468754930167464, 51.154321997565887 ], [ 71.468735730125928, 51.154349197555469 ], [ 71.468788030094103, 51.154375697585778 ], [ 71.4688777, 51.15436540000001 ], [ 71.468897, 51.1543382 ] ] ], [ [ [ 71.471687346705281, 51.155163396644035 ], [ 71.471888738153964, 51.155149222800908 ], [ 71.471844017129342, 51.155212197600143 ], [ 71.472023483820735, 51.155262386073986 ], [ 71.471983562617595, 51.155320996188699 ], [ 71.472533361307313, 51.15546839903363 ], [ 71.472921818684767, 51.155441056552775 ], [ 71.473036729028394, 51.155473500027718 ], [ 71.4732897, 51.1554678 ], [ 71.4734274, 51.1552656 ], [ 71.4732721, 51.155224 ], [ 71.473138558788349, 51.155233400200281 ], [ 71.473114907796557, 51.155268087130565 ], [ 71.4725993, 51.1551286 ], [ 71.472532529457325, 51.155133299733926 ], [ 71.472512830196067, 51.15516073860487 ], [ 71.472417579116239, 51.155167442892491 ], [ 71.47260325317319, 51.154906076444213 ], [ 71.472669529774663, 51.154924599807998 ], [ 71.4727363, 51.154919899999989 ], [ 71.4727807, 51.1548573 ], [ 71.4726019, 51.1548073 ], [ 71.472535129920573, 51.154811999729262 ], [ 71.472502486331166, 51.154857920725021 ], [ 71.4723747, 51.1548222 ], [ 71.472107619396738, 51.154840998172624 ], [ 71.471999901748049, 51.154992684779245 ], [ 71.4714722, 51.15484630000001 ], [ 71.471293177627345, 51.154858898955659 ], [ 71.471331, 51.1548043 ], [ 71.4698439, 51.1543989 ], [ 71.469510050721269, 51.154422390369994 ], [ 71.46944715002968, 51.154513090199444 ], [ 71.47093424801146, 51.154918594475021 ], [ 71.471112758267324, 51.154906032128849 ], [ 71.471054947585515, 51.15498789482551 ], [ 71.471687346705281, 51.155163396644035 ] ] ], [ [ [ 71.4698501, 51.1547227 ], [ 71.469745429719779, 51.154716198137805 ], [ 71.469729329687127, 51.154737498129045 ], [ 71.4698339, 51.1547441 ], [ 71.4698501, 51.1547227 ] ] ], [ [ [ 71.4699611, 51.1555891 ], [ 71.4699128, 51.1555123 ], [ 71.4695864, 51.1553579 ], [ 71.4691765, 51.1553226 ], [ 71.468775872349454, 51.155350786153988 ], [ 71.468655972006218, 51.155380385747442 ], [ 71.468287468044551, 51.155807584536397 ], [ 71.468281167144326, 51.155911184526701 ], [ 71.468584664273806, 51.15626878560527 ], [ 71.4689853, 51.1562406 ], [ 71.4694899, 51.1561596 ], [ 71.4695866, 51.1561357 ], [ 71.4696962, 51.1560603 ], [ 71.4699611, 51.1555891 ] ] ], [ [ [ 71.469815276433891, 51.156102598406527 ], [ 71.469742727717374, 51.156105698162754 ], [ 71.469431027040784, 51.156548997993617 ], [ 71.469597626994599, 51.156595098089426 ], [ 71.4696644, 51.1565904 ], [ 71.469686033621358, 51.156559632939981 ], [ 71.470656034066991, 51.156830693864777 ], [ 71.471872132651342, 51.157129697358194 ], [ 71.472206, 51.1571062 ], [ 71.4727585, 51.15655120000001 ], [ 71.4728948, 51.1563594 ], [ 71.4727864, 51.156182699999988 ], [ 71.472427, 51.1560823 ], [ 71.470392, 51.1559145 ], [ 71.470058140135478, 51.155937992076119 ], [ 71.469989391338046, 51.156023272684806 ], [ 71.4699418, 51.1560105 ], [ 71.46987502786385, 51.156015198236439 ], [ 71.469815276433891, 51.156102598406527 ] ] ], [ [ [ 71.4686961, 51.1571776 ], [ 71.468742846872416, 51.15716205203703 ], [ 71.468634425843419, 51.157312797554241 ], [ 71.468800525795871, 51.157359797649768 ], [ 71.4688673, 51.157355099999982 ], [ 71.469020178512352, 51.15714254122063 ], [ 71.469369, 51.157118 ], [ 71.469496031315373, 51.156921928620044 ], [ 71.4697409, 51.1569047 ], [ 71.469848, 51.1567394 ], [ 71.4694443, 51.1566365 ], [ 71.469177207516452, 51.156655291631765 ], [ 71.469070206511716, 51.156820591400468 ], [ 71.468942576910479, 51.156829570578914 ], [ 71.4690621, 51.1566608 ], [ 71.4683326, 51.156457599999989 ], [ 71.468265827024226, 51.156462297327991 ], [ 71.468160626797498, 51.156610797270851 ], [ 71.46800022620711, 51.157006997187018 ], [ 71.468629326030864, 51.157182297548836 ], [ 71.4686961, 51.1571776 ] ] ], [ [ [ 71.4701897, 51.1569072 ], [ 71.470122926601874, 51.156911898394803 ], [ 71.470077826497402, 51.156980598370417 ], [ 71.470292726443546, 51.157036098493947 ], [ 71.4703595, 51.1570314 ], [ 71.4704046, 51.1569627 ], [ 71.4701897, 51.1569072 ] ] ], [ [ [ 71.4704632, 51.1583123 ], [ 71.470229076057592, 51.15805332584975 ], [ 71.470357211543359, 51.158044309845764 ], [ 71.470586524656312, 51.158301098685477 ], [ 71.4706533, 51.1582964 ], [ 71.4707371, 51.158267 ], [ 71.470527551836128, 51.158032323960292 ], [ 71.4707368, 51.1580176 ], [ 71.470805981526951, 51.157992385309512 ], [ 71.4711852, 51.1579657 ], [ 71.4719015, 51.157704099999989 ], [ 71.4716668, 51.1574513 ], [ 71.471600025997247, 51.157455999246892 ], [ 71.470772082279041, 51.157757335519833 ], [ 71.4702581, 51.15720240000001 ], [ 71.469814388161055, 51.157233620386791 ], [ 71.4697366, 51.1571465 ], [ 71.469669826202036, 51.157151198141186 ], [ 71.469586026149329, 51.157180698093981 ], [ 71.469646594071705, 51.157248526451021 ], [ 71.46953747459348, 51.157288296765124 ], [ 71.4694318, 51.1571714 ], [ 71.469097930496886, 51.157194889460179 ], [ 71.468945330013014, 51.157249189030544 ], [ 71.469976622418756, 51.158390092077752 ], [ 71.4703105, 51.1583666 ], [ 71.4704632, 51.1583123 ] ] ], [ [ [ 71.466808197212075, 51.158243386352957 ], [ 71.466716296199039, 51.158411386156281 ], [ 71.467397395435654, 51.158601187723242 ], [ 71.4676645, 51.1585824 ], [ 71.4684946, 51.1574103 ], [ 71.4684421, 51.1572028 ], [ 71.4680607, 51.1570965 ], [ 71.467793604193105, 51.157115288513104 ], [ 71.467523503381216, 51.157233387906452 ], [ 71.466808197212075, 51.158243386352957 ] ] ], [ [ [ 71.4688617, 51.157615499999984 ], [ 71.468661376215238, 51.157629592840777 ], [ 71.46841477467845, 51.157964292438344 ], [ 71.468439174202715, 51.158076392486471 ], [ 71.468478374072149, 51.158109892555402 ], [ 71.468603373974588, 51.158142992770983 ], [ 71.4688769, 51.1581296 ], [ 71.4690395, 51.158071399999983 ], [ 71.4692789, 51.1577414 ], [ 71.4688617, 51.157615499999984 ] ] ], [ [ [ 71.470025300000017, 51.1585268 ], [ 71.4699409, 51.1584331 ], [ 71.46987412437278, 51.158437798282115 ], [ 71.469752724296086, 51.158480798213773 ], [ 71.469837124171306, 51.158574498263647 ], [ 71.4699039, 51.1585698 ], [ 71.470025300000017, 51.1585268 ] ] ], [ [ [ 71.4697117, 51.1586043 ], [ 71.469644924098247, 51.158608998154776 ], [ 71.469574024047404, 51.158638298114944 ], [ 71.46964642394984, 51.158712098157586 ], [ 71.4697132, 51.1587074 ], [ 71.4697872, 51.1586771 ], [ 71.4697117, 51.1586043 ] ] ], [ [ [ 71.470061096205427, 51.158692093801875 ], [ 71.469594848826944, 51.158855657452385 ], [ 71.4694911, 51.1587399 ], [ 71.4691095, 51.1584047 ], [ 71.468775621414991, 51.158428188659414 ], [ 71.468554920720436, 51.158505988037987 ], [ 71.46887661833037, 51.158864788988794 ], [ 71.469275316404236, 51.159165690153479 ], [ 71.4696092, 51.1591422 ], [ 71.4697935, 51.1590773 ], [ 71.469709070909872, 51.158983099613195 ], [ 71.4699649, 51.1589651 ], [ 71.470439, 51.1587945 ], [ 71.4703282, 51.1586733 ], [ 71.470061096205427, 51.158692093801875 ] ] ], [ [ [ 71.4705849, 51.158922399999987 ], [ 71.469983913177103, 51.158964686559294 ], [ 71.469829112301014, 51.159019185774724 ], [ 71.470144908067653, 51.159372187454977 ], [ 71.4707459, 51.1593299 ], [ 71.4709007, 51.159275399999984 ], [ 71.4705849, 51.158922399999987 ] ] ], [ [ [ 71.4680072, 51.1626853 ], [ 71.467993127576278, 51.162668708822125 ], [ 71.468502161130104, 51.16285217962686 ], [ 71.468760961012094, 51.162883080959553 ], [ 71.468550654098351, 51.163398279969286 ], [ 71.468205552284999, 51.163508978218253 ], [ 71.467862249858669, 51.163667076484565 ], [ 71.467951348539302, 51.163776276960277 ], [ 71.4685524, 51.163734 ], [ 71.4688668, 51.1636332 ], [ 71.4692458, 51.1634714 ], [ 71.469641, 51.1633399 ], [ 71.4697896, 51.1630647 ], [ 71.4696127, 51.1628117 ], [ 71.4694421, 51.1627133 ], [ 71.4679262, 51.1619984 ], [ 71.4674579, 51.1618979 ], [ 71.466856871163429, 51.161940171031816 ], [ 71.466493269612926, 51.162029069182168 ], [ 71.466567268165591, 51.162146869581889 ], [ 71.467597501766292, 51.162525883985346 ], [ 71.467209535979848, 51.162647093725724 ], [ 71.46704323541536, 51.1628288935431 ], [ 71.467212734844182, 51.163041293744399 ], [ 71.4673463, 51.1630319 ], [ 71.4677921, 51.162889 ], [ 71.4680072, 51.1626853 ] ] ], [ [ [ 71.470173417216202, 51.163428398547858 ], [ 71.470217417153492, 51.163475598573839 ], [ 71.470520417029562, 51.163587098748643 ], [ 71.4705872, 51.16358240000001 ], [ 71.4706533, 51.1635122 ], [ 71.4703686, 51.1633566 ], [ 71.470203517301854, 51.163371498563919 ], [ 71.470173417216202, 51.163428398547858 ] ] ], [ [ [ 71.469824017185559, 51.163420198348582 ], [ 71.470016716879158, 51.163648998462769 ], [ 71.4701487, 51.1636483 ], [ 71.4702207, 51.1636251 ], [ 71.4702394, 51.163585699999985 ], [ 71.4700758, 51.1633554 ], [ 71.470009017294672, 51.163360098452863 ], [ 71.469824017185559, 51.163420198348582 ] ] ], [ [ [ 71.469511016631188, 51.163778398177044 ], [ 71.4695778, 51.1637737 ], [ 71.4698244, 51.1636928 ], [ 71.4699172, 51.1636353 ], [ 71.4698192, 51.163518 ], [ 71.469752417029113, 51.163522698309727 ], [ 71.469427116836528, 51.163628898126369 ], [ 71.469446716732506, 51.163702698138927 ], [ 71.469511016631188, 51.163778398177044 ] ] ], [ [ [ 71.468074, 51.1642812 ], [ 71.468063655146452, 51.164268603152799 ], [ 71.4681291, 51.164264 ], [ 71.4685446, 51.1641328 ], [ 71.468535806525679, 51.164121782074275 ], [ 71.4690299, 51.1640545 ], [ 71.4690354, 51.163998 ], [ 71.4688865, 51.16381470000001 ], [ 71.468686149419739, 51.163828793237649 ], [ 71.468319148777468, 51.1639463926169 ], [ 71.468387770440685, 51.164032408726172 ], [ 71.468260048345101, 51.164041392521312 ], [ 71.467844647623338, 51.164173291818628 ], [ 71.467854824673211, 51.164185973913426 ], [ 71.467787747527353, 51.164190691722339 ], [ 71.467096946313049, 51.164413290553995 ], [ 71.467183245891675, 51.164517990707523 ], [ 71.4673836, 51.1645039 ], [ 71.468074, 51.1642812 ] ] ], [ [ [ 71.4706538, 51.164374199999983 ], [ 71.4705924, 51.164309 ], [ 71.470525615982766, 51.164313698765447 ], [ 71.470369915880966, 51.164371198677834 ], [ 71.470431215794278, 51.164436498713997 ], [ 71.470498, 51.1644318 ], [ 71.4706538, 51.164374199999983 ] ] ], [ [ [ 71.4700308, 51.1644933 ], [ 71.46996401564887, 51.164497998448901 ], [ 71.469522415383025, 51.164645198200056 ], [ 71.469621215227079, 51.164761698258587 ], [ 71.469688, 51.164757 ], [ 71.4701296, 51.1646098 ], [ 71.4700308, 51.1644933 ] ] ], [ [ [ 71.4695265, 51.1646784 ], [ 71.469459715320767, 51.164683098165042 ], [ 71.468985515042476, 51.164836197897735 ], [ 71.469076014894455, 51.164946497951398 ], [ 71.4691428, 51.1649418 ], [ 71.469617, 51.1647887 ], [ 71.4695265, 51.1646784 ] ] ], [ [ [ 71.4706445, 51.1645341 ], [ 71.470577715664604, 51.164538798799441 ], [ 71.470367715539325, 51.164607998681106 ], [ 71.470830314799173, 51.165160398955251 ], [ 71.4708971, 51.1651557 ], [ 71.471107, 51.1650865 ], [ 71.4706445, 51.1645341 ] ] ], [ [ [ 71.4702772, 51.1647936 ], [ 71.470210415245887, 51.16479829859508 ], [ 71.469376014774753, 51.165054798124444 ], [ 71.469630514336416, 51.165380298275679 ], [ 71.4696973, 51.1653756 ], [ 71.4705317, 51.1651191 ], [ 71.4702772, 51.1647936 ] ] ], [ [ [ 71.4684985, 51.165136 ], [ 71.4683891, 51.165004099999983 ], [ 71.468322314713092, 51.165008797523051 ], [ 71.468037214549014, 51.165098597362288 ], [ 71.467284413976799, 51.165432096939611 ], [ 71.467365113833935, 51.165537996987609 ], [ 71.4674319, 51.1655333 ], [ 71.467922189240653, 51.165384833086826 ], [ 71.468115824756353, 51.165623178120704 ], [ 71.4687169, 51.1655809 ], [ 71.468879, 51.1655247 ], [ 71.4685932, 51.165168799999982 ], [ 71.46844672496718, 51.165179102894108 ], [ 71.4684985, 51.165136 ] ] ], [ [ [ 71.468900170470462, 51.165507489689105 ], [ 71.469205867981771, 51.165878490595567 ], [ 71.4695398, 51.165855 ], [ 71.4698088, 51.1657679 ], [ 71.4703255, 51.1655197 ], [ 71.4701912, 51.1653607 ], [ 71.469169171262408, 51.165420290447322 ], [ 71.468900170470462, 51.165507489689105 ] ] ], [ [ [ 71.467577012966373, 51.166157597120169 ], [ 71.4677366, 51.1661422 ], [ 71.4678273, 51.1661134 ], [ 71.4674603, 51.1656559 ], [ 71.467393513660625, 51.165660597006138 ], [ 71.467302813608242, 51.16568929695498 ], [ 71.467234613531474, 51.165736796917024 ], [ 71.467577012966373, 51.166157597120169 ] ] ], [ [ [ 71.468738068898915, 51.165776393390743 ], [ 71.4687236, 51.1657596 ], [ 71.468453922878552, 51.165796379884569 ], [ 71.467998713305349, 51.165957997356713 ], [ 71.467963513257686, 51.165988097337234 ], [ 71.468056913112889, 51.166096397392501 ], [ 71.4681237, 51.1660917 ], [ 71.468369235509613, 51.166008495049198 ], [ 71.468475318439673, 51.16614028005332 ], [ 71.4690764, 51.166098 ], [ 71.4692748, 51.1660357 ], [ 71.469055, 51.1657541 ], [ 71.468738068898915, 51.165776393390743 ] ] ], [ [ [ 71.4706799, 51.165673 ], [ 71.470345969986155, 51.165696493826985 ], [ 71.469390267303694, 51.165988091131489 ], [ 71.469989862098387, 51.166760692913726 ], [ 71.4703238, 51.1667372 ], [ 71.470506300000011, 51.1666815 ], [ 71.4700728158668, 51.166122895156505 ], [ 71.4708459, 51.1658869 ], [ 71.4706799, 51.165673 ] ] ], [ [ [ 71.468847261458592, 51.166526331920728 ], [ 71.4690766, 51.1665102 ], [ 71.4692504, 51.1664557 ], [ 71.4690199, 51.1661663 ], [ 71.468752752367365, 51.166185091390943 ], [ 71.468579326018983, 51.166240060638337 ], [ 71.4680357, 51.1661757 ], [ 71.467968912981092, 51.166180397343965 ], [ 71.467568412745749, 51.166309897118168 ], [ 71.46800071204045, 51.166835497374578 ], [ 71.468111911960236, 51.16690049743918 ], [ 71.468262, 51.1668689 ], [ 71.468847261458592, 51.166526331920728 ] ] ], [ [ [ 71.470807025116656, 51.166717897981371 ], [ 71.4709406, 51.1667085 ], [ 71.4715717, 51.1664962 ], [ 71.4714533, 51.1663578 ], [ 71.471319726252474, 51.166367198552372 ], [ 71.471255200199522, 51.166388905052841 ], [ 71.4711386, 51.1662561 ], [ 71.471071813242077, 51.166260799113871 ], [ 71.470647812979479, 51.166407198875035 ], [ 71.470778319276391, 51.166549325601913 ], [ 71.470688625486943, 51.166579497841134 ], [ 71.470807025116656, 51.166717897981371 ] ] ], [ [ [ 71.4695298, 51.1664563 ], [ 71.469463012757998, 51.166460998200833 ], [ 71.469278612656723, 51.166515698096759 ], [ 71.469298881508493, 51.166538703478501 ], [ 71.4690353124696, 51.166624997960191 ], [ 71.469090012388008, 51.166686197992526 ], [ 71.4691568, 51.16668150000001 ], [ 71.4693978, 51.1665968 ], [ 71.46938709764558, 51.166584847750705 ], [ 71.4695862, 51.1665265 ], [ 71.4695298, 51.1664563 ] ] ], [ [ [ 71.469536, 51.1666698 ], [ 71.469469212450932, 51.16667449820843 ], [ 71.46926411233332, 51.166738798092773 ], [ 71.469474511978532, 51.167002598217699 ], [ 71.4695413, 51.1669979 ], [ 71.4697464, 51.1669336 ], [ 71.469536, 51.1666698 ] ] ], [ [ [ 71.469055, 51.166804 ], [ 71.4689665, 51.1666963 ], [ 71.468899712343543, 51.166700997884355 ], [ 71.468154111905392, 51.166942097464023 ], [ 71.468242711761008, 51.167049697516575 ], [ 71.4683095, 51.167045 ], [ 71.469055, 51.166804 ] ] ], [ [ [ 71.4707464, 51.1670369 ], [ 71.47084540897842, 51.166981539083821 ], [ 71.470853012098985, 51.167035199003962 ], [ 71.47105441175637, 51.167289799123587 ], [ 71.471183711741361, 51.167311099197697 ], [ 71.4712505, 51.1673064 ], [ 71.4725972, 51.1668874 ], [ 71.4722186, 51.166409 ], [ 71.472151813152877, 51.16641369973231 ], [ 71.471839612974918, 51.166510799556228 ], [ 71.470990622275821, 51.166872543721674 ], [ 71.4709579, 51.1668313 ], [ 71.470891112390817, 51.166835999021878 ], [ 71.470391112105006, 51.166992098739883 ], [ 71.471131410843654, 51.167929299179683 ], [ 71.4711982, 51.1679246 ], [ 71.471398, 51.1678623 ], [ 71.4707464, 51.1670369 ] ] ], [ [ [ 71.4699148, 51.1671585 ], [ 71.469848011792337, 51.167163198433627 ], [ 71.469752711733477, 51.167195998379945 ], [ 71.469786311681744, 51.167234698399824 ], [ 71.4698531, 51.16723 ], [ 71.4699513, 51.1671976 ], [ 71.4699148, 51.1671585 ] ] ], [ [ [ 71.4691982, 51.167205399999986 ], [ 71.469131411637676, 51.167210098026118 ], [ 71.468911211512889, 51.167278097901928 ], [ 71.468924174784732, 51.167294609251776 ], [ 71.468458511226629, 51.167438497646963 ], [ 71.468529911104241, 51.167529397689385 ], [ 71.4685967, 51.1675247 ], [ 71.469005676545081, 51.167398415354917 ], [ 71.4690752, 51.167397200000011 ], [ 71.4692955, 51.1673292 ], [ 71.4691982, 51.167205399999986 ] ] ], [ [ [ 71.468164410836948, 51.167683997484048 ], [ 71.4682312, 51.16767930000001 ], [ 71.4683589, 51.167639799999989 ], [ 71.4681978, 51.1673151 ], [ 71.4680444, 51.167119799999988 ], [ 71.467977611620952, 51.167124497366906 ], [ 71.46769701146188, 51.167211197208637 ], [ 71.467850411198924, 51.167406497299794 ], [ 71.468164410836948, 51.167683997484048 ] ] ], [ [ [ 71.4702153, 51.1675695 ], [ 71.469926, 51.1672335 ], [ 71.469859211685574, 51.167238198441453 ], [ 71.469569511508936, 51.167336298278201 ], [ 71.469858811059609, 51.167672298449489 ], [ 71.4699256, 51.1676676 ], [ 71.4702153, 51.1675695 ] ] ], [ [ [ 71.469136110830078, 51.167770598039482 ], [ 71.4693926, 51.167777 ], [ 71.4695406, 51.1677329 ], [ 71.4693314, 51.1674571 ], [ 71.469264611290939, 51.167461798106821 ], [ 71.469116611209387, 51.167505898023315 ], [ 71.469031011017023, 51.167632097976941 ], [ 71.469136110830078, 51.167770598039482 ] ] ], [ [ [ 71.470022510782314, 51.167878398546719 ], [ 71.4700893, 51.1678737 ], [ 71.4703847, 51.1677779 ], [ 71.4702829, 51.1676188 ], [ 71.470216111173372, 51.167623498652198 ], [ 71.47003311106549, 51.167682898549032 ], [ 71.469911210963161, 51.167743598480719 ], [ 71.470022510782314, 51.167878398546719 ] ] ], [ [ [ 71.468944110336722, 51.16809659793627 ], [ 71.4690109, 51.1680919 ], [ 71.4691919, 51.1680356 ], [ 71.4690353, 51.1678375 ], [ 71.4688718, 51.167673700000016 ], [ 71.468805010922821, 51.167678397849038 ], [ 71.468604410808481, 51.167740797735888 ], [ 71.468744110570654, 51.16791749781887 ], [ 71.468944110336722, 51.16809659793627 ] ] ], [ [ [ 71.4700587, 51.168103 ], [ 71.4699855, 51.1679174 ], [ 71.4698815, 51.1677823 ], [ 71.469814710888869, 51.167786998426543 ], [ 71.469344710627041, 51.167928998161401 ], [ 71.469578210217492, 51.168232698300244 ], [ 71.469645, 51.168228 ], [ 71.4700587, 51.168103 ] ] ], [ [ [ 71.469879109813391, 51.168538298477564 ], [ 71.4699459, 51.1685336 ], [ 71.4701834, 51.1684662 ], [ 71.4702243, 51.1682903 ], [ 71.47017652640973, 51.168224062332918 ], [ 71.4702428, 51.1682194 ], [ 71.4704333, 51.1681687 ], [ 71.4703266, 51.1680111 ], [ 71.470259810613044, 51.168015798684586 ], [ 71.470069310516806, 51.16806649857697 ], [ 71.470170807261667, 51.16821641355903 ], [ 71.470104210298103, 51.168221098599815 ], [ 71.469727310098051, 51.168328098387057 ], [ 71.469879109813391, 51.168538298477564 ] ] ], [ [ [ 71.4684141, 51.1685503 ], [ 71.467942, 51.168102899999987 ], [ 71.467875210191025, 51.168107597327264 ], [ 71.467651710030225, 51.168200297201686 ], [ 71.468123809442432, 51.168647697479251 ], [ 71.4681906, 51.168643 ], [ 71.4684141, 51.1685503 ] ] ], [ [ [ 71.470938, 51.1682627 ], [ 71.470871210324532, 51.168267399037831 ], [ 71.470782710270242, 51.168297598987984 ], [ 71.470841710173019, 51.168369999022964 ], [ 71.470997, 51.1683384 ], [ 71.470938, 51.1682627 ] ] ], [ [ [ 71.4695138, 51.1681668 ], [ 71.469447010289784, 51.168171498224311 ], [ 71.469141110116951, 51.168265598051768 ], [ 71.469425509627655, 51.168628898220767 ], [ 71.4694923, 51.168624199999989 ], [ 71.4697981, 51.1685301 ], [ 71.4695138, 51.1681668 ] ] ], [ [ [ 71.4707771, 51.1683367 ], [ 71.470710310198299, 51.168341398947554 ], [ 71.470597610126489, 51.168381698884069 ], [ 71.470686209994071, 51.16848099893646 ], [ 71.470753, 51.168476299999988 ], [ 71.4708656, 51.1684376 ], [ 71.4707771, 51.1683367 ] ] ], [ [ [ 71.4706927, 51.168505 ], [ 71.4705999, 51.1683924 ], [ 71.47053311009644, 51.16839709884762 ], [ 71.470119309852805, 51.168531198614325 ], [ 71.47021210970172, 51.168643798669365 ], [ 71.4702789, 51.1686391 ], [ 71.4706927, 51.168505 ] ] ], [ [ [ 71.4700862, 51.1685426 ], [ 71.470019409817453, 51.168547298557705 ], [ 71.469852009702393, 51.168612998463551 ], [ 71.4700077094965, 51.168768898555271 ], [ 71.4700745, 51.1687642 ], [ 71.470241900000019, 51.1686985 ], [ 71.4700862, 51.1685426 ] ] ], [ [ [ 71.47115451719165, 51.169495298483412 ], [ 71.4712881, 51.1694859 ], [ 71.4716839, 51.1693564 ], [ 71.4715795, 51.1692309 ], [ 71.471431785275044, 51.16924491927027 ], [ 71.4709635, 51.168687 ], [ 71.470896709715831, 51.168691699060453 ], [ 71.470655809571923, 51.168771198924667 ], [ 71.471130808813768, 51.169336999206187 ], [ 71.471155436519823, 51.169335266487067 ], [ 71.47105011752852, 51.169369698359638 ], [ 71.47115451719165, 51.169495298483412 ] ] ], [ [ [ 71.4707507, 51.1693853 ], [ 71.470683908683029, 51.169389998952497 ], [ 71.470124408368633, 51.169560898636881 ], [ 71.470282208095071, 51.169763898730679 ], [ 71.470349, 51.1697592 ], [ 71.4709085, 51.1695883 ], [ 71.4707507, 51.1693853 ] ] ], [ [ [ 71.4710694, 51.1696804 ], [ 71.470852408219713, 51.169725499054934 ], [ 71.470900708099407, 51.16981299908413 ], [ 71.4709675, 51.1698083 ], [ 71.4711231, 51.1697645 ], [ 71.4710694, 51.1696804 ] ] ], [ [ [ 71.4705389, 51.170119899999989 ], [ 71.470472107597971, 51.170124598845803 ], [ 71.470190707436473, 51.17021289868709 ], [ 71.470667306632436, 51.170810598970128 ], [ 71.4707341, 51.1708059 ], [ 71.4710155, 51.1707176 ], [ 71.4705389, 51.170119899999989 ] ] ], [ [ [ 71.4697664, 51.1703652 ], [ 71.469699607150389, 51.170369898410179 ], [ 71.469407906984031, 51.170460698245655 ], [ 71.469884506173926, 51.171062598528792 ], [ 71.4699513, 51.1710579 ], [ 71.470243, 51.170967 ], [ 71.4697664, 51.1703652 ] ] ], [ [ [ 71.468187489167434, 51.171287562937081 ], [ 71.468218605618361, 51.17130749758396 ], [ 71.468439505583888, 51.171349997710678 ], [ 71.4685063, 51.1713453 ], [ 71.4686224, 51.1711725 ], [ 71.4681831, 51.1710879 ], [ 71.468116305915871, 51.171092597521572 ], [ 71.468137090940303, 51.171216789240944 ], [ 71.4679891, 51.1711206 ], [ 71.467922305845121, 51.171125297411621 ], [ 71.467692105728048, 51.171187097281575 ], [ 71.467970805269985, 51.171528197446932 ], [ 71.4681934, 51.1715198 ], [ 71.4683224, 51.171485099999984 ], [ 71.468187489167434, 51.171287562937081 ] ] ], [ [ [ 71.4692733, 51.1713442 ], [ 71.469206505678656, 51.171348898147798 ], [ 71.469132305343706, 51.171574898109817 ], [ 71.469802905300284, 51.171661498493691 ], [ 71.4698697, 51.1716568 ], [ 71.4699439, 51.1714307 ], [ 71.4692733, 51.1713442 ] ] ], [ [ [ 71.4690956, 51.17141560000001 ], [ 71.4689085, 51.171342099999983 ], [ 71.468841705637374, 51.17134679793984 ], [ 71.468532705153919, 51.171655997769612 ], [ 71.468719805070648, 51.171729497877649 ], [ 71.4687866, 51.1717248 ], [ 71.4690956, 51.17141560000001 ] ] ], [ [ [ 71.4681313, 51.1715466 ], [ 71.468064505248037, 51.17155129750077 ], [ 71.467813405109951, 51.171625897359071 ], [ 71.467872505004351, 51.171704097394255 ], [ 71.4679393, 51.1716994 ], [ 71.4681904, 51.1716249 ], [ 71.4681313, 51.1715466 ] ] ], [ [ [ 71.4712616, 51.1715984 ], [ 71.471194805553637, 51.171603099285896 ], [ 71.470448205089824, 51.171861798865294 ], [ 71.47059670486469, 51.172030398953162 ], [ 71.4706635, 51.1720257 ], [ 71.4714102, 51.171767 ], [ 71.4712616, 51.1715984 ] ] ], [ [ [ 71.4686967, 51.1719167 ], [ 71.4685849, 51.171793 ], [ 71.468518104947776, 51.171797697764006 ], [ 71.468364604850535, 51.171852197677552 ], [ 71.468476304685694, 51.171975897743572 ], [ 71.4685431, 51.1719712 ], [ 71.4686967, 51.1719167 ] ] ], [ [ [ 71.4686541, 51.1720248 ], [ 71.468587304621877, 51.172029497807877 ], [ 71.46844650454419, 51.172071497728417 ], [ 71.468510904440393, 51.172148897766576 ], [ 71.4685777, 51.172144199999984 ], [ 71.4687118, 51.1721038 ], [ 71.4686541, 51.1720248 ] ] ], [ [ [ 71.4686233, 51.1721829 ], [ 71.468422404325366, 51.172221197717512 ], [ 71.468470604229395, 51.17229179774634 ], [ 71.4686716, 51.1722535 ], [ 71.4686233, 51.1721829 ] ] ], [ [ [ 71.4700378, 51.1722633 ], [ 71.4699037, 51.1721423 ], [ 71.469836904604222, 51.172146998522329 ], [ 71.468816703839792, 51.172591097949301 ], [ 71.468950803681395, 51.172712198028051 ], [ 71.4690176, 51.1727075 ], [ 71.4700378, 51.1722633 ] ] ], [ [ [ 71.469565802470441, 51.173603598395573 ], [ 71.4696326, 51.1735989 ], [ 71.47062058566857, 51.173091745334865 ], [ 71.470694203265239, 51.173147599030031 ], [ 71.470761, 51.1731429 ], [ 71.4717484, 51.1726317 ], [ 71.471576, 51.1725008 ], [ 71.471509204290385, 51.172505499482298 ], [ 71.470536381648628, 51.173009250126874 ], [ 71.4704314, 51.1729289 ], [ 71.470364603533852, 51.172933598838092 ], [ 71.469362602670316, 51.173447898276777 ], [ 71.469565802470441, 51.173603598395573 ] ] ], [ [ [ 71.4680241, 51.1730704 ], [ 71.4681981, 51.1730062 ], [ 71.4679446, 51.172736099999987 ], [ 71.467877803509808, 51.172740797417006 ], [ 71.467627303346134, 51.172833197275992 ], [ 71.467727303204526, 51.172939797335019 ], [ 71.467957303037309, 51.173075097468718 ], [ 71.4680241, 51.1730704 ] ] ], [ [ [ 71.4714728, 51.1730983 ], [ 71.471406003416078, 51.173102999434875 ], [ 71.4710376031626, 51.173247699227673 ], [ 71.471171202986, 51.173381399306358 ], [ 71.471238, 51.173376699999984 ], [ 71.4716064, 51.1732319 ], [ 71.4714728, 51.1730983 ] ] ], [ [ [ 71.4709669, 51.1731968 ], [ 71.470900103212514, 51.173201499148419 ], [ 71.470345002865116, 51.173395598835718 ], [ 71.470441002721145, 51.173503498892494 ], [ 71.4705078, 51.1734988 ], [ 71.471062900000021, 51.173304799999983 ], [ 71.4709669, 51.1731968 ] ] ], [ [ [ 71.4705974, 51.1771537 ], [ 71.4704932, 51.1770383 ], [ 71.470426397613693, 51.177042998951663 ], [ 71.469573397073503, 51.177345598471227 ], [ 71.469677596919524, 51.177461098532824 ], [ 71.4697444, 51.1774564 ], [ 71.4705974, 51.1771537 ] ] ], [ [ [ 71.4715874, 51.1772654 ], [ 71.471520597419058, 51.177270099579694 ], [ 71.471451797354121, 51.177309299541214 ], [ 71.471565297254969, 51.177387599607421 ], [ 71.4716321, 51.1773829 ], [ 71.4717009, 51.1773437 ], [ 71.4715874, 51.1772654 ] ] ], [ [ [ 71.470879, 51.1774984 ], [ 71.470755896960824, 51.177523299148632 ], [ 71.470916796725746, 51.177699799243726 ], [ 71.4709836, 51.1776951 ], [ 71.4711731, 51.1776273 ], [ 71.471157136892543, 51.177609744675941 ], [ 71.4712252, 51.1776059 ], [ 71.4713872, 51.177512 ], [ 71.4711046, 51.1773203 ], [ 71.471037797281184, 51.17732499930554 ], [ 71.470875797126013, 51.177418899214999 ], [ 71.471116040450696, 51.177581867247788 ], [ 71.470932558780888, 51.177557145106263 ], [ 71.470879, 51.1774984 ] ] ], [ [ [ 71.4704257, 51.1773622 ], [ 71.470358897138212, 51.177366898919374 ], [ 71.469709796714966, 51.177605598553924 ], [ 71.469935096412414, 51.177834298686712 ], [ 71.4700019, 51.17782960000001 ], [ 71.4706457, 51.1775976 ], [ 71.4704257, 51.1773622 ] ] ], [ [ [ 71.4689681, 51.1783174 ], [ 71.4696922, 51.1780753 ], [ 71.4693866, 51.177676 ], [ 71.469319796559247, 51.177680698333063 ], [ 71.468579496105448, 51.177932897915881 ], [ 71.468901295583024, 51.17832209810674 ], [ 71.4689681, 51.1783174 ] ] ], [ [ [ 71.4714066, 51.1780802 ], [ 71.471339796221571, 51.178084899492163 ], [ 71.471165082659468, 51.17818768646562 ], [ 71.4711258, 51.1781614 ], [ 71.471058996070298, 51.178166099333659 ], [ 71.470934695949722, 51.178239199264205 ], [ 71.471055995847308, 51.178320399334901 ], [ 71.4711228, 51.1783157 ], [ 71.471207837464561, 51.178265690073736 ], [ 71.471273295889617, 51.178309399458549 ], [ 71.4713401, 51.1783047 ], [ 71.4715542, 51.1781788 ], [ 71.4714066, 51.1780802 ] ] ], [ [ [ 71.4716622, 51.1782713 ], [ 71.471595395976934, 51.178275999641514 ], [ 71.471527295898852, 51.178324399603632 ], [ 71.471657495810945, 51.178396299679214 ], [ 71.4717243, 51.1783916 ], [ 71.4717924, 51.1783432 ], [ 71.4716622, 51.1782713 ] ] ], [ [ [ 71.4717025, 51.1784457 ], [ 71.471563, 51.1783667 ], [ 71.471496195827243, 51.178371399586794 ], [ 71.471404995724839, 51.17843469953602 ], [ 71.471544495627825, 51.178513699617042 ], [ 71.4716113, 51.178509 ], [ 71.4717025, 51.1784457 ] ] ], [ [ [ 71.469793545901425, 51.143485497951005 ], [ 71.470442445754145, 51.1436424983237 ], [ 71.4705092, 51.1436378 ], [ 71.4711323, 51.1428437 ], [ 71.4704787, 51.1426638 ], [ 71.47041194715284, 51.14266849828774 ], [ 71.469793545901425, 51.143485497951005 ] ] ], [ [ [ 71.470800992095462, 51.143473997087476 ], [ 71.471503391681736, 51.143676897895574 ], [ 71.4716369, 51.1436675 ], [ 71.4719666, 51.1432186 ], [ 71.4711679, 51.1429879 ], [ 71.47103439352486, 51.142997297335228 ], [ 71.470922793060353, 51.143149197213866 ], [ 71.470800992095462, 51.143473997087476 ] ] ], [ [ [ 71.4732979, 51.1435021 ], [ 71.47296413129213, 51.143525599170175 ], [ 71.472592823037189, 51.144038098086966 ], [ 71.472066406879279, 51.143891847817756 ], [ 71.4722688, 51.1438776 ], [ 71.4726739, 51.1432995 ], [ 71.4724849, 51.1432474 ], [ 71.472151132632064, 51.143270896829904 ], [ 71.471746028224203, 51.143848995731098 ], [ 71.471904431004816, 51.143892661804045 ], [ 71.471435209737677, 51.143925691418396 ], [ 71.471332307737086, 51.144071390915798 ], [ 71.47239270507697, 51.144366096403765 ], [ 71.472795900724847, 51.144337711482621 ], [ 71.47278963512106, 51.144346499137086 ], [ 71.47290356500045, 51.144378461306538 ], [ 71.472892944971207, 51.144392899734164 ], [ 71.47293024496021, 51.144403699755621 ], [ 71.4731528, 51.1443781 ], [ 71.4732395, 51.1442565 ], [ 71.473073075986633, 51.144211048105383 ], [ 71.4730964, 51.144178 ], [ 71.47289186719793, 51.144121177810874 ], [ 71.4730691, 51.1441087 ], [ 71.4734725, 51.1435519 ], [ 71.4732979, 51.1435021 ] ] ], [ [ [ 71.4716002, 51.1442265 ], [ 71.471507945046525, 51.144223798941844 ], [ 71.471497245024338, 51.144238298936024 ], [ 71.4715895, 51.144241 ], [ 71.4716002, 51.1442265 ] ] ], [ [ [ 71.471751619812665, 51.145017795858621 ], [ 71.471483217018118, 51.145383295128923 ], [ 71.471639516787576, 51.145428495578493 ], [ 71.4719733, 51.145405 ], [ 71.472239434955227, 51.14504271948303 ], [ 71.4723704, 51.145033499999982 ], [ 71.4726203, 51.1446606 ], [ 71.4724368, 51.1446122 ], [ 71.472155416978111, 51.14463200850755 ], [ 71.4722136, 51.1445531 ], [ 71.4721653, 51.1445042 ], [ 71.471898, 51.14442660000001 ], [ 71.471764489559092, 51.144435998222086 ], [ 71.471535602875349, 51.144519871784219 ], [ 71.4715988, 51.1443731 ], [ 71.4714521, 51.1443313 ], [ 71.471185079391006, 51.144350095268912 ], [ 71.4708717765335, 51.144819794590774 ], [ 71.471035876343635, 51.144866594968335 ], [ 71.4713029, 51.1448478 ], [ 71.471414885229336, 51.144693255982055 ], [ 71.471732288545041, 51.144785398198728 ], [ 71.471865800000018, 51.144776 ], [ 71.472038155742354, 51.144732490549409 ], [ 71.471859269428037, 51.145010218163193 ], [ 71.471751619812665, 51.145017795858621 ] ] ], [ [ [ 71.4709483, 51.1448985 ], [ 71.4708697, 51.1448753 ], [ 71.470802944016, 51.144879998552724 ], [ 71.470764843938099, 51.144930898531968 ], [ 71.470843443914248, 51.144954098577202 ], [ 71.47091020000002, 51.1449494 ], [ 71.4709483, 51.1448985 ] ] ], [ [ [ 71.4715774, 51.144931 ], [ 71.471510644021734, 51.144935698956978 ], [ 71.47142764386075, 51.14504049891169 ], [ 71.471551243820329, 51.145078998982846 ], [ 71.471618, 51.1450743 ], [ 71.471701, 51.1449695 ], [ 71.4715774, 51.144931 ] ] ], [ [ [ 71.470661286822789, 51.145293096997726 ], [ 71.471191486518393, 51.145443497607616 ], [ 71.471325, 51.1454341 ], [ 71.4714089, 51.1453323 ], [ 71.4714061, 51.1452306 ], [ 71.4713586, 51.1451061 ], [ 71.4709948, 51.1450119 ], [ 71.470861287654145, 51.14502129721523 ], [ 71.470661286822789, 51.145293096997726 ] ] ], [ [ [ 71.470477686141422, 51.145514196796938 ], [ 71.470654186031368, 51.145567297000085 ], [ 71.4707877, 51.1455579 ], [ 71.4709157, 51.1453905 ], [ 71.470739, 51.14533740000001 ], [ 71.470605486654577, 51.145346796936174 ], [ 71.470516086486867, 51.145397496836246 ], [ 71.470470986305699, 51.145456596787113 ], [ 71.470477686141422, 51.145514196796938 ] ] ], [ [ [ 71.4718786, 51.1454286 ], [ 71.471544816560154, 51.145452095310972 ], [ 71.471287813801993, 51.145813494613336 ], [ 71.471460613559131, 51.145861795110214 ], [ 71.4717944, 51.1458383 ], [ 71.4720513, 51.1454769 ], [ 71.4718786, 51.1454286 ] ] ], [ [ [ 71.471524743941288, 51.145903191560713 ], [ 71.4706517, 51.1456677 ], [ 71.469850613200435, 51.145724078819129 ], [ 71.469768511012347, 51.145843778285219 ], [ 71.470659008157185, 51.14608408442858 ], [ 71.471139439975929, 51.146050270161297 ], [ 71.471121939102943, 51.146073691120385 ], [ 71.471135638670418, 51.14611239118873 ], [ 71.471329138202861, 51.146169292079399 ], [ 71.4718632, 51.1461317 ], [ 71.4720078, 51.1459381 ], [ 71.4718187, 51.1458825 ], [ 71.471524743941288, 51.145903191560713 ] ] ], [ [ [ 71.470991141183248, 51.14686299869777 ], [ 71.471355841087401, 51.146960298907423 ], [ 71.4714226, 51.1469556 ], [ 71.4717398, 51.1465166 ], [ 71.4716938, 51.146487 ], [ 71.4713532, 51.1464124 ], [ 71.471286441861253, 51.146417098857512 ], [ 71.470991141183248, 51.14686299869777 ] ] ], [ [ [ 71.470022141407895, 51.146625298141146 ], [ 71.469929941149303, 51.146797098091902 ], [ 71.470451641011607, 51.146936698391791 ], [ 71.4705184, 51.146932 ], [ 71.4707232, 51.1466574 ], [ 71.4702151, 51.1464869 ], [ 71.470148341615783, 51.146491598210503 ], [ 71.470022141407895, 51.146625298141146 ] ] ], [ [ [ 71.4713815, 51.1470011 ], [ 71.4710157, 51.1469068 ], [ 71.470948941108276, 51.146911498674662 ], [ 71.470711940555432, 51.147275398546583 ], [ 71.47107264046457, 51.147368898753854 ], [ 71.4711394, 51.1473642 ], [ 71.4713815, 51.1470011 ] ] ], [ [ [ 71.4711021, 51.147404 ], [ 71.4707734, 51.1473166 ], [ 71.470372842709011, 51.147344790697353 ], [ 71.470266841276, 51.147501690352946 ], [ 71.470595540760229, 51.147589091486651 ], [ 71.4709961, 51.1475609 ], [ 71.4711021, 51.147404 ] ] ], [ [ [ 71.4706941, 51.1477017 ], [ 71.4705124, 51.1476487 ], [ 71.470312119891503, 51.147662795092323 ], [ 71.470208719251119, 51.147802294923565 ], [ 71.470261515579239, 51.147817695210264 ], [ 71.469714938571315, 51.148568998003178 ], [ 71.46995563850102, 51.148638098141653 ], [ 71.4700224, 51.1486334 ], [ 71.4706481, 51.1479874 ], [ 71.4707073, 51.1478561 ], [ 71.470600292822439, 51.147828258077745 ], [ 71.4706941, 51.1477017 ] ] ], [ [ [ 71.4704128, 51.148446 ], [ 71.470310838829462, 51.148439998340265 ], [ 71.470293338794761, 51.148462598330724 ], [ 71.4703953, 51.1484686 ], [ 71.4704128, 51.148446 ] ] ], [ [ [ 71.4703817, 51.1484854 ], [ 71.470279738768923, 51.148479398323296 ], [ 71.470249338700143, 51.148524598306828 ], [ 71.4703434, 51.1485282 ], [ 71.4703817, 51.1484854 ] ] ], [ [ [ 71.471019838505939, 51.14872439874965 ], [ 71.4710866, 51.1487197 ], [ 71.4712751, 51.148433 ], [ 71.4711002, 51.1483877 ], [ 71.471033438985756, 51.148392398751056 ], [ 71.470844938549945, 51.148679098649126 ], [ 71.471019838505939, 51.14872439874965 ] ] ], [ [ [ 71.4741532, 51.1487672 ], [ 71.47306839112413, 51.148477235489501 ], [ 71.473222333218203, 51.148403528073878 ], [ 71.473340856279336, 51.148544100502328 ], [ 71.474320155247554, 51.148805802754218 ], [ 71.4745872, 51.148787 ], [ 71.4748646, 51.1483787 ], [ 71.474918792279226, 51.148217799155702 ], [ 71.475099296397048, 51.148270219964324 ], [ 71.4761007, 51.1481997 ], [ 71.476141227919939, 51.148144762411867 ], [ 71.476481734354465, 51.148120781425476 ], [ 71.476338502408055, 51.148330721279606 ], [ 71.4761046, 51.148268399999985 ], [ 71.475971079516157, 51.148277803162308 ], [ 71.475865479041417, 51.148433703047935 ], [ 71.475903865561818, 51.148443930898779 ], [ 71.475809939297122, 51.14857910147613 ], [ 71.475887139276097, 51.148600201520495 ], [ 71.4759539, 51.1485955 ], [ 71.476034885696052, 51.148478840272738 ], [ 71.476273687402241, 51.148534042223538 ], [ 71.476027517105791, 51.148789604926201 ], [ 71.475930116488257, 51.148924304767448 ], [ 71.475987232131686, 51.148940534067506 ], [ 71.47581780078454, 51.149180022357243 ], [ 71.476517998241604, 51.149374927592085 ], [ 71.47663607259247, 51.149366611829926 ], [ 71.47699865898025, 51.149464428548853 ], [ 71.477794474770079, 51.149408375102304 ], [ 71.477634380565377, 51.149640927067139 ], [ 71.478904777153787, 51.149985034371362 ], [ 71.4795724, 51.149938 ], [ 71.4796985, 51.1497548 ], [ 71.479668269090865, 51.149736389456862 ], [ 71.4797107, 51.149733399999988 ], [ 71.480276, 51.1489818 ], [ 71.4801986, 51.1488872 ], [ 71.479952047106735, 51.148819893111472 ], [ 71.4799755, 51.1487851 ], [ 71.4792139, 51.1485828 ], [ 71.478613056680203, 51.14862512903315 ], [ 71.478518854767586, 51.148764728574172 ], [ 71.479235389814136, 51.1489550375519 ], [ 71.479023650826065, 51.14934381321158 ], [ 71.4788348, 51.1492288 ], [ 71.4785976, 51.1491645 ], [ 71.477934754218296, 51.149211192873473 ], [ 71.478094977995966, 51.148977532193783 ], [ 71.478451477811319, 51.149079006019434 ], [ 71.478585, 51.1490696 ], [ 71.478692900000013, 51.1489204 ], [ 71.4782281, 51.1487881 ], [ 71.478094578535405, 51.148797505601962 ], [ 71.477993262288933, 51.148937601166573 ], [ 71.4778732, 51.1489052 ], [ 71.477458503852048, 51.148934410438798 ], [ 71.477450258349577, 51.148571654960158 ], [ 71.4781055, 51.1485255 ], [ 71.4782437, 51.1483345 ], [ 71.4774606, 51.1481121 ], [ 71.477043451687706, 51.148141482077214 ], [ 71.4770575, 51.148076 ], [ 71.4770408, 51.1480494 ], [ 71.4769761, 51.1480159 ], [ 71.4768893, 51.1480012 ], [ 71.476658704972564, 51.148017441169635 ], [ 71.476762800000017, 51.147870799999986 ], [ 71.4764662, 51.147788 ], [ 71.47546480595733, 51.147858522969976 ], [ 71.475432620047641, 51.147903843705784 ], [ 71.47501461946014, 51.147933278575927 ], [ 71.475169, 51.1474749 ], [ 71.4745021, 51.1472966 ], [ 71.474235063792207, 51.147315402446345 ], [ 71.473857939831049, 51.147575250251052 ], [ 71.4724671, 51.147205 ], [ 71.472266822520623, 51.147219098408073 ], [ 71.471918920171817, 51.147733397842856 ], [ 71.472591156688523, 51.148349845455741 ], [ 71.4718249, 51.1481453 ], [ 71.471624618223998, 51.148159397364225 ], [ 71.471324016201237, 51.148602196875757 ], [ 71.472261695407866, 51.148852664923183 ], [ 71.472239238420116, 51.148886799447538 ], [ 71.47240073837952, 51.148928599540334 ], [ 71.4724675, 51.1489239 ], [ 71.472476600185189, 51.148910067727357 ], [ 71.472764098672712, 51.148986860050371 ], [ 71.472744138293635, 51.149017199737706 ], [ 71.472882738258761, 51.149053099817358 ], [ 71.47295622531847, 51.149038177523295 ], [ 71.473652314362496, 51.149224100891175 ], [ 71.4738526, 51.14921 ], [ 71.4740311, 51.149065 ], [ 71.4740926, 51.1489744 ], [ 71.4741532, 51.1487672 ] ] ], [ [ [ 71.4711291, 51.1488798 ], [ 71.47106233828049, 51.14888449877693 ], [ 71.47103383821468, 51.148927798761513 ], [ 71.471102938197305, 51.148945698801249 ], [ 71.4711697, 51.148941 ], [ 71.4711982, 51.1488977 ], [ 71.4711291, 51.1488798 ] ] ], [ [ [ 71.4710775, 51.149314 ], [ 71.470984537656463, 51.14931119874074 ], [ 71.470973837633849, 51.149325998734923 ], [ 71.4710667, 51.1493287 ], [ 71.4710775, 51.149314 ] ] ], [ [ [ 71.471086685729844, 51.149694894410821 ], [ 71.4714205, 51.14967140000001 ], [ 71.4715076, 51.1495494 ], [ 71.470797, 51.1493674 ], [ 71.470463187540616, 51.149390892605524 ], [ 71.470283585619597, 51.149642492117884 ], [ 71.470396485459844, 51.149674192442539 ], [ 71.471086685729844, 51.149694894410821 ] ] ], [ [ [ 71.471471985531693, 51.149754895514228 ], [ 71.472459984107971, 51.150035898355753 ], [ 71.4727938, 51.1500124 ], [ 71.472801080932385, 51.150002331493106 ], [ 71.47290013685523, 51.150028999845901 ], [ 71.4729669, 51.1500243 ], [ 71.4730872, 51.1498579 ], [ 71.4718885, 51.1495169 ], [ 71.471821737455087, 51.149521599221785 ], [ 71.471755025608417, 51.149613863501251 ], [ 71.471564186506626, 51.149627295764724 ], [ 71.471471985531693, 51.149754895514228 ] ] ], [ [ [ 71.471331635328013, 51.150956998969924 ], [ 71.4713984, 51.1509523 ], [ 71.4716456, 51.150608399999989 ], [ 71.4716224, 51.1504277 ], [ 71.4709613, 51.1502458 ], [ 71.47089453629259, 51.150250498707379 ], [ 71.470821436133207, 51.150354998667737 ], [ 71.471040935411111, 51.150874798802718 ], [ 71.471331635328013, 51.150956998969924 ] ] ], [ [ [ 71.4726073, 51.1506457 ], [ 71.472540535916494, 51.150650399652882 ], [ 71.472458735733412, 51.150770599608556 ], [ 71.473025935583777, 51.150922299934642 ], [ 71.4730927, 51.1509176 ], [ 71.4731744, 51.1507974 ], [ 71.4726073, 51.1506457 ] ] ], [ [ [ 71.4724807, 51.1503374 ], [ 71.4723084, 51.150288 ], [ 71.472241636395424, 51.150292699475749 ], [ 71.471464134764886, 51.151359099053103 ], [ 71.47163643471464, 51.151408499152197 ], [ 71.4717032, 51.1514038 ], [ 71.4724807, 51.1503374 ] ] ], [ [ [ 71.4722087, 51.1509682 ], [ 71.472141935403513, 51.150972899431927 ], [ 71.472108735328476, 51.151022199413951 ], [ 71.4722587352895, 51.151061899500164 ], [ 71.472325500000011, 51.151057199999983 ], [ 71.4723586, 51.1510079 ], [ 71.4722087, 51.1509682 ] ] ], [ [ [ 71.472710634705692, 51.151505299766114 ], [ 71.472656273046411, 51.151588299063214 ], [ 71.472843972786592, 51.151640199602916 ], [ 71.4731778, 51.151616699999984 ], [ 71.473518135414636, 51.151132850232699 ], [ 71.473804235247655, 51.151221300383803 ], [ 71.473871, 51.1512166 ], [ 71.4739622, 51.151100499999984 ], [ 71.473663, 51.151008 ], [ 71.473602980604554, 51.151012225405083 ], [ 71.4738828, 51.1506144 ], [ 71.473808669545363, 51.150593902604498 ], [ 71.473857, 51.1505905 ], [ 71.4738868, 51.1505491 ], [ 71.473946600000019, 51.1503607 ], [ 71.4737515, 51.1503053 ], [ 71.473684736545806, 51.15031000029834 ], [ 71.473531836222165, 51.150521800215252 ], [ 71.473679085600082, 51.150563627440683 ], [ 71.473361280693553, 51.150586000976027 ], [ 71.472806899902494, 51.151374159185934 ], [ 71.472015, 51.151162199999987 ], [ 71.471948235100527, 51.151166899325254 ], [ 71.471866434917445, 51.151287099280943 ], [ 71.472710634705692, 51.151505299766114 ] ] ], [ [ [ 71.4706334, 51.1513855 ], [ 71.470380269111402, 51.151418096911222 ], [ 71.470387368180241, 51.151741896931689 ], [ 71.470561867618756, 51.151951497138526 ], [ 71.4708659, 51.151941 ], [ 71.4713837, 51.1517279 ], [ 71.4713819, 51.1516182 ], [ 71.4712028, 51.1513922 ], [ 71.4706334, 51.1513855 ] ] ], [ [ [ 71.4721777, 51.1517942 ], [ 71.471843870900699, 51.151817696770614 ], [ 71.471505567136333, 51.152311795853947 ], [ 71.471681466902467, 51.152359096359596 ], [ 71.4720153, 51.1523356 ], [ 71.4723536, 51.1518415 ], [ 71.4721777, 51.1517942 ] ] ], [ [ [ 71.4723188, 51.1526564 ], [ 71.472118498910277, 51.152670498466804 ], [ 71.472014098279715, 51.152807598296192 ], [ 71.472988897372545, 51.153099699979251 ], [ 71.4731892, 51.1530856 ], [ 71.473293600000019, 51.1529485 ], [ 71.4723188, 51.1526564 ] ] ], [ [ [ 71.472566, 51.1530818 ], [ 71.472499232402171, 51.153086499675872 ], [ 71.472470532342058, 51.153125799660266 ], [ 71.472627232296134, 51.153170899750421 ], [ 71.472694, 51.1531662 ], [ 71.4727227, 51.1531268 ], [ 71.472566, 51.1530818 ] ] ], [ [ [ 71.471170597537153, 51.152908296860076 ], [ 71.470629296618611, 51.153075195944332 ], [ 71.470543796312583, 51.153138795801787 ], [ 71.470513195912886, 51.153228695754628 ], [ 71.470739294982593, 51.153462996154552 ], [ 71.47089029443427, 51.153602596420676 ], [ 71.4717954, 51.1535467 ], [ 71.4719192, 51.1533885 ], [ 71.4717859, 51.1530206 ], [ 71.4713709, 51.1528942 ], [ 71.471170597537153, 51.152908296860076 ] ] ], [ [ [ 71.4726525, 51.1532417 ], [ 71.4724877, 51.1531942 ], [ 71.472420932230719, 51.153198899633409 ], [ 71.471606630527148, 51.154312699190669 ], [ 71.471771430478583, 51.154360299285493 ], [ 71.4718382, 51.1543556 ], [ 71.4726525, 51.1532417 ] ] ], [ [ [ 71.473221657026698, 51.153860000890958 ], [ 71.4735555, 51.1538365 ], [ 71.4736275, 51.1537317 ], [ 71.4730924, 51.153587 ], [ 71.472436458125827, 51.153641198632997 ], [ 71.47222055554478, 51.153981298050347 ], [ 71.472396255335269, 51.154025198555118 ], [ 71.4727301, 51.1540017 ], [ 71.472878884116, 51.153767325955698 ], [ 71.473221657026698, 51.153860000890958 ] ] ], [ [ [ 71.4706856, 51.1537771 ], [ 71.470618831172061, 51.153781798617665 ], [ 71.470403730718488, 51.154078498500752 ], [ 71.471294730460457, 51.154332699013302 ], [ 71.4713615, 51.154328 ], [ 71.4715767, 51.1540313 ], [ 71.4706856, 51.1537771 ] ] ], [ [ [ 71.4715187, 51.1545048 ], [ 71.4700905, 51.1541195 ], [ 71.470023730606485, 51.154124198285096 ], [ 71.469986230523133, 51.154178898264767 ], [ 71.471414430141479, 51.154564199085947 ], [ 71.4714812, 51.1545595 ], [ 71.4715187, 51.1545048 ] ] ], [ [ [ 71.473130220642872, 51.154711000493471 ], [ 71.473329920428142, 51.154765100952773 ], [ 71.473597, 51.1547463 ], [ 71.4736656, 51.1547112 ], [ 71.4738861, 51.1543976 ], [ 71.473645, 51.1543323 ], [ 71.473377922837372, 51.154351101030556 ], [ 71.473263911201485, 51.154516755237303 ], [ 71.4723741, 51.1543588 ], [ 71.472040252546591, 51.154382297574912 ], [ 71.471988451956847, 51.154459797434754 ], [ 71.472842750879408, 51.154681399889867 ], [ 71.473166266903874, 51.154658627368995 ], [ 71.473130220642872, 51.154711000493471 ] ] ], [ [ [ 71.4725657, 51.1572219 ], [ 71.472231832036229, 51.157245398394096 ], [ 71.472151831169867, 51.157358898177002 ], [ 71.47294083006048, 51.15757940044606 ], [ 71.473274700000019, 51.1575559 ], [ 71.4733547, 51.1574461 ], [ 71.4725657, 51.1572219 ] ] ], [ [ [ 71.47222147685487, 51.157781698935594 ], [ 71.472062875819176, 51.158007898677418 ], [ 71.472066475337598, 51.15811959868995 ], [ 71.472251874485607, 51.158332299019094 ], [ 71.4726201, 51.1583161 ], [ 71.4731559, 51.1580901 ], [ 71.4731523, 51.1579783 ], [ 71.47296, 51.1577665 ], [ 71.4724218, 51.1577676 ], [ 71.47222147685487, 51.157781698935594 ] ] ], [ [ [ 71.471476991538196, 51.158306863348052 ], [ 71.471620749472024, 51.158467141690359 ], [ 71.47156742131277, 51.158470894595773 ], [ 71.471373420247247, 51.158536693612113 ], [ 71.471208215078363, 51.158921292830904 ], [ 71.471316713566651, 51.15904699340895 ], [ 71.4719177, 51.1590047 ], [ 71.472476788823059, 51.158814857325531 ], [ 71.472488324128165, 51.158827899779261 ], [ 71.4725937, 51.1588098 ], [ 71.4725738, 51.1587873 ], [ 71.47248779364088, 51.158798675664194 ], [ 71.4721684, 51.1584286 ], [ 71.471994538560736, 51.158440836032106 ], [ 71.4721345, 51.1583915 ], [ 71.4719325, 51.1581664 ], [ 71.471677471338907, 51.158184347895109 ], [ 71.4716118, 51.1581131 ], [ 71.471277925035622, 51.15813659576127 ], [ 71.470150021404322, 51.158545492586612 ], [ 71.470250120682593, 51.158654092882188 ], [ 71.470584, 51.1586306 ], [ 71.471476991538196, 51.158306863348052 ] ] ], [ [ [ 71.4729421, 51.1583367 ], [ 71.472875324876284, 51.158341399990512 ], [ 71.472688324760057, 51.158406299885179 ], [ 71.472783424616381, 51.158513999941448 ], [ 71.4728502, 51.1585093 ], [ 71.4730372, 51.158444399999986 ], [ 71.4729421, 51.1583367 ] ] ], [ [ [ 71.4730432, 51.1584946 ], [ 71.472976424661042, 51.15849930005114 ], [ 71.472812024559204, 51.158556099958545 ], [ 71.472895024427459, 51.158654500007728 ], [ 71.4729618, 51.1586498 ], [ 71.4731292, 51.158592 ], [ 71.4730432, 51.1584946 ] ] ], [ [ [ 71.470907223243913, 51.159308198887445 ], [ 71.470538623014093, 51.159436598679839 ], [ 71.470549681441298, 51.159480107523578 ], [ 71.470451106546278, 51.159515289049942 ], [ 71.470617704345699, 51.159698989935919 ], [ 71.4712187, 51.1596567 ], [ 71.4713715, 51.1596021 ], [ 71.471332716962749, 51.159559385304306 ], [ 71.47156840000001, 51.1595428 ], [ 71.472580494248461, 51.159185332661878 ], [ 71.472851, 51.1591702 ], [ 71.4730768, 51.159091899999986 ], [ 71.4731408, 51.1590359 ], [ 71.473080857719978, 51.15896793618252 ], [ 71.4732959, 51.1589528 ], [ 71.4747957, 51.158410199999985 ], [ 71.474749266637104, 51.158358710060483 ], [ 71.4749227, 51.1583465 ], [ 71.4755137, 51.1581411 ], [ 71.4756598, 51.1578247 ], [ 71.475536943124112, 51.157695956746515 ], [ 71.4760658, 51.1576494 ], [ 71.4762038, 51.1575984 ], [ 71.4762815, 51.1575492 ], [ 71.4761818, 51.1574514 ], [ 71.475360557480812, 51.157511118514378 ], [ 71.4753259, 51.15747480000001 ], [ 71.474992031891162, 51.157498306282584 ], [ 71.474835231338361, 51.157561805841887 ], [ 71.474877873993279, 51.158150576598324 ], [ 71.474502426021175, 51.158271704961493 ], [ 71.474531071017921, 51.158304295662944 ], [ 71.474356225608815, 51.158316604549228 ], [ 71.472851020794621, 51.158857800312255 ], [ 71.472879335972266, 51.158890530781235 ], [ 71.472804472250857, 51.158895799996067 ], [ 71.472412771520538, 51.159031699334214 ], [ 71.472439759721155, 51.159062279630078 ], [ 71.472223518830319, 51.159077498545308 ], [ 71.471217726582381, 51.159432737137912 ], [ 71.4712048, 51.1594185 ], [ 71.471083436207479, 51.159427040215959 ], [ 71.470974, 51.1593035 ], [ 71.470907223243913, 51.159308198887445 ] ] ], [ [ [ 71.4714654, 51.16084810000001 ], [ 71.4716677, 51.1607754 ], [ 71.471599423689867, 51.160700716506923 ], [ 71.4721821, 51.1605046 ], [ 71.472126273599798, 51.160440749580879 ], [ 71.472219208259403, 51.160544098673029 ], [ 71.4725531, 51.1605206 ], [ 71.4737583, 51.1600945 ], [ 71.473663700000017, 51.1599893 ], [ 71.47360657151134, 51.159993321251783 ], [ 71.4735241, 51.1599015 ], [ 71.473457322691914, 51.159906200352054 ], [ 71.472298221960457, 51.160315999699357 ], [ 71.472340159997998, 51.160362692372559 ], [ 71.472124644168645, 51.16043888594583 ], [ 71.472068, 51.1603741 ], [ 71.471466995968825, 51.160416394414966 ], [ 71.47091329283792, 51.16061109160858 ], [ 71.47102849128018, 51.160740892221696 ], [ 71.471213348543813, 51.160727884386894 ], [ 71.471331842140103, 51.160857498355931 ], [ 71.4714654, 51.16084810000001 ] ] ], [ [ [ 71.4722834, 51.1607432 ], [ 71.471949506491413, 51.160766697925808 ], [ 71.471788105924958, 51.160831697472126 ], [ 71.472237302915275, 51.161287198795513 ], [ 71.4725712, 51.1612637 ], [ 71.472693380138878, 51.161216597172825 ], [ 71.473046237211435, 51.161957304389276 ], [ 71.473097536516548, 51.162001804750275 ], [ 71.473216635659355, 51.162061405578406 ], [ 71.473582791130525, 51.162035633714723 ], [ 71.474410265805304, 51.16298980995289 ], [ 71.47454658670884, 51.162980213885803 ], [ 71.474418965356861, 51.163025110003588 ], [ 71.474602562893054, 51.163230510980583 ], [ 71.475203600000015, 51.1631882 ], [ 71.4759005, 51.1629433 ], [ 71.475876891951188, 51.162916880189982 ], [ 71.4760016, 51.1629081 ], [ 71.47659560000001, 51.162697 ], [ 71.4764949, 51.1625856 ], [ 71.475893872123478, 51.162627917499918 ], [ 71.475299868734936, 51.162839014489641 ], [ 71.475338708078496, 51.162881981606482 ], [ 71.475158413534629, 51.162897312875138 ], [ 71.4752033, 51.162882 ], [ 71.4743607, 51.1619104 ], [ 71.474197900859423, 51.161921859889226 ], [ 71.4739283, 51.1612207 ], [ 71.473595700852385, 51.160816115952358 ], [ 71.4740136, 51.16078670000001 ], [ 71.4747859, 51.1605285 ], [ 71.4746163, 51.1603271 ], [ 71.473814965552407, 51.160383509285317 ], [ 71.4730383598488, 51.160647804035236 ], [ 71.473154893931479, 51.16077868210683 ], [ 71.472741156648169, 51.160807802039514 ], [ 71.472537355263114, 51.160870700660254 ], [ 71.472655150291516, 51.161122230571877 ], [ 71.4722834, 51.1607432 ] ] ], [ [ [ 71.4719379, 51.1637273 ], [ 71.471737550909708, 51.163741398449552 ], [ 71.471602750461855, 51.163833598224372 ], [ 71.471906049809533, 51.164009998753023 ], [ 71.4721064, 51.1639959 ], [ 71.4722418, 51.1639079 ], [ 71.4719379, 51.1637273 ] ] ], [ [ [ 71.4712586, 51.1640383 ], [ 71.4714124, 51.1639922 ], [ 71.4713144, 51.1638666 ], [ 71.471247616708226, 51.163871299168491 ], [ 71.470759916435782, 51.164019198893378 ], [ 71.470827916323813, 51.164102598933709 ], [ 71.4712586, 51.1640383 ] ] ], [ [ [ 71.472272716495908, 51.164104999757129 ], [ 71.4724013, 51.1640846 ], [ 71.4725288, 51.1639974 ], [ 71.4724497, 51.1639516 ], [ 71.472382916723646, 51.163956299817102 ], [ 71.472253716578777, 51.164045899745183 ], [ 71.472239616518394, 51.164086599737921 ], [ 71.472272716495908, 51.164104999757129 ] ] ], [ [ [ 71.471282700000017, 51.164204 ], [ 71.4712284, 51.1641289 ], [ 71.471161616319677, 51.164133599124462 ], [ 71.470662716054207, 51.164275698842879 ], [ 71.470717015952687, 51.164350698875246 ], [ 71.4707838, 51.164346 ], [ 71.471282700000017, 51.164204 ] ] ], [ [ [ 71.472050316003973, 51.164427499636545 ], [ 71.471806237836006, 51.164497023431402 ], [ 71.4717953, 51.1644786 ], [ 71.472059, 51.164403499999985 ], [ 71.4717894, 51.16403110000001 ], [ 71.471722616528822, 51.164035799442338 ], [ 71.471458816388505, 51.164110899293426 ], [ 71.471571292103761, 51.16426620621332 ], [ 71.471169415964539, 51.164380599133622 ], [ 71.47157151521273, 51.164935999373377 ], [ 71.4716383, 51.1649313 ], [ 71.4720025, 51.1648276 ], [ 71.471860585070488, 51.164588564382285 ], [ 71.4721729, 51.1644998 ], [ 71.4721171, 51.1644228 ], [ 71.472050316003973, 51.164427499636545 ] ] ], [ [ [ 71.4728381, 51.164373199999986 ], [ 71.4728942, 51.1642491 ], [ 71.4727526, 51.1641701 ], [ 71.472685816445491, 51.164174799993887 ], [ 71.472476316207533, 51.164322199877333 ], [ 71.472684316063834, 51.164439399998095 ], [ 71.4727511, 51.1644347 ], [ 71.4728381, 51.164373199999986 ] ] ], [ [ [ 71.473259, 51.1646176 ], [ 71.4733478, 51.1645557 ], [ 71.4729792, 51.164349199999982 ], [ 71.472912416214825, 51.164353900126443 ], [ 71.472757316038994, 51.164462800040134 ], [ 71.472969115893179, 51.164581800163113 ], [ 71.473192215861914, 51.164622300291015 ], [ 71.473259, 51.1646176 ] ] ], [ [ [ 71.4727807, 51.164734 ], [ 71.4723301, 51.1645002 ], [ 71.472263315918255, 51.164504899759422 ], [ 71.472134515761908, 51.164602499687874 ], [ 71.472585215477181, 51.164837999949214 ], [ 71.472652, 51.1648333 ], [ 71.4727807, 51.164734 ] ] ], [ [ [ 71.4724857, 51.1648097 ], [ 71.472418915491005, 51.164814399853995 ], [ 71.471705415127801, 51.165006199451035 ], [ 71.471785914992111, 51.165107099498833 ], [ 71.4718527, 51.1651024 ], [ 71.4725554, 51.164909 ], [ 71.4724857, 51.1648097 ] ] ], [ [ [ 71.473650075074502, 51.165269103201311 ], [ 71.4740572, 51.1652372 ], [ 71.474224, 51.1651584 ], [ 71.474049, 51.165034500000012 ], [ 71.473297, 51.16467 ], [ 71.472963078806018, 51.164693501188765 ], [ 71.472835678057535, 51.16478660083461 ], [ 71.473650075074502, 51.165269103201311 ] ] ], [ [ [ 71.4725286, 51.1649628 ], [ 71.472461815275508, 51.164967499881357 ], [ 71.471973614995605, 51.165120499606083 ], [ 71.472056814862569, 51.165219799655361 ], [ 71.4721236, 51.1652151 ], [ 71.472609, 51.1650687 ], [ 71.4725286, 51.1649628 ] ] ], [ [ [ 71.4715147, 51.1650755 ], [ 71.471447914989824, 51.165080199305706 ], [ 71.470882014671375, 51.165253398986508 ], [ 71.470970514524566, 51.165362699039008 ], [ 71.4710373, 51.165358 ], [ 71.4715898, 51.1651865 ], [ 71.4715147, 51.1650755 ] ] ], [ [ [ 71.4719763, 51.1651727 ], [ 71.471909514905775, 51.165177399570624 ], [ 71.471776714830554, 51.165218399495721 ], [ 71.471860314687319, 51.165324799545402 ], [ 71.4719271, 51.1653201 ], [ 71.472059900000019, 51.1652791 ], [ 71.4719763, 51.1651727 ] ] ], [ [ [ 71.471795014585368, 51.165389999509422 ], [ 71.4716956, 51.165282 ], [ 71.471628814714109, 51.165286699412739 ], [ 71.471170214453522, 51.165428799154093 ], [ 71.471200346224109, 51.165467043415269 ], [ 71.471040614381849, 51.165467599080976 ], [ 71.470835214265193, 51.165531198965105 ], [ 71.47102811393556, 51.165776099079721 ], [ 71.4710949, 51.1657714 ], [ 71.4713003, 51.1657078 ], [ 71.4713651, 51.1655866 ], [ 71.471597363888222, 51.165514666913261 ], [ 71.471543971691716, 51.165618294954697 ], [ 71.47188367099335, 51.16568729729363 ], [ 71.472027233968291, 51.165677195048623 ], [ 71.472037014183286, 51.165689299653067 ], [ 71.472155450368589, 51.165668172559577 ], [ 71.4726851, 51.165630899999989 ], [ 71.472765399093163, 51.165476048052227 ], [ 71.4732634, 51.165441 ], [ 71.473373, 51.1652274 ], [ 71.4730336, 51.16515780000001 ], [ 71.472232179686159, 51.165214199568652 ], [ 71.472150886014447, 51.1653696361277 ], [ 71.472072955785279, 51.165375120060482 ], [ 71.4720363, 51.1653298 ], [ 71.471969514686592, 51.165334499607823 ], [ 71.471795014585368, 51.165389999509422 ] ] ], [ [ [ 71.4726882, 51.1661876 ], [ 71.4725598, 51.1660281 ], [ 71.472528851366704, 51.166030277939221 ], [ 71.4723771, 51.16584180000001 ], [ 71.4724198, 51.1658283 ], [ 71.472292, 51.1656694 ], [ 71.472225214228075, 51.165674099760011 ], [ 71.472025114112498, 51.165737399647199 ], [ 71.472437913423065, 51.166250399892235 ], [ 71.4725047, 51.1662457 ], [ 71.4726882, 51.1661876 ] ] ], [ [ [ 71.4714443, 51.1658665 ], [ 71.471377513840906, 51.165871199280666 ], [ 71.471160613717387, 51.165938599158352 ], [ 71.471525513095926, 51.166400399375121 ], [ 71.4715923, 51.1663957 ], [ 71.4718092, 51.166328300000011 ], [ 71.4714443, 51.1658665 ] ] ], [ [ [ 71.473204013208786, 51.166463600332918 ], [ 71.4739207, 51.166402 ], [ 71.474078047981152, 51.166351434306257 ], [ 71.474217712393994, 51.167114200923073 ], [ 71.474257012327826, 51.167163400946414 ], [ 71.4743238, 51.1671587 ], [ 71.47517910000002, 51.166886299999987 ], [ 71.474652, 51.1662671 ], [ 71.4743521, 51.1659843 ], [ 71.47428531402447, 51.165989000940101 ], [ 71.47403111384061, 51.16609510079725 ], [ 71.474058575103271, 51.166245082445194 ], [ 71.473911, 51.1660644 ], [ 71.473844213855372, 51.166069100690244 ], [ 71.473081813409621, 51.166314000260414 ], [ 71.473204013208786, 51.166463600332918 ] ] ], [ [ [ 71.4730715, 51.1665469 ], [ 71.473004713057691, 51.166551600221013 ], [ 71.472830812963039, 51.166602600122879 ], [ 71.473065512537687, 51.166917400262655 ], [ 71.4731323, 51.1669127 ], [ 71.473299972519612, 51.16686352635196 ], [ 71.473331012590137, 51.166903400413688 ], [ 71.4733978, 51.1668987 ], [ 71.4735949, 51.1668384 ], [ 71.473402, 51.1665906 ], [ 71.473335213034858, 51.166595300410201 ], [ 71.47314986163471, 51.166652005966874 ], [ 71.4730715, 51.1665469 ] ] ], [ [ [ 71.4733903, 51.1674165 ], [ 71.4737069, 51.167324899999983 ], [ 71.4734091, 51.1669202 ], [ 71.473342312560519, 51.16692490042054 ], [ 71.473109412435178, 51.166992200289101 ], [ 71.4730725123041, 51.167080000269735 ], [ 71.473323511842679, 51.167421200419312 ], [ 71.4733903, 51.1674165 ] ] ], [ [ [ 71.47136981170776, 51.1673500993045 ], [ 71.471231311575579, 51.167430099227083 ], [ 71.4712089114702, 51.167501299215694 ], [ 71.471454711065334, 51.167802799361539 ], [ 71.47156031106276, 51.167813499421904 ], [ 71.471627100000021, 51.1678088 ], [ 71.4728437, 51.1674188 ], [ 71.4730562, 51.1672857 ], [ 71.4727592, 51.1669215 ], [ 71.472692412479645, 51.166926200050185 ], [ 71.47136981170776, 51.1673500993045 ] ] ], [ [ [ 71.4715492, 51.168005 ], [ 71.4714503, 51.167884299999983 ], [ 71.471383510932384, 51.167888999322571 ], [ 71.471185010816143, 51.167952899210675 ], [ 71.471284010653989, 51.168073699269407 ], [ 71.4713508, 51.168069 ], [ 71.4715492, 51.168005 ] ] ], [ [ [ 71.472892, 51.1678985 ], [ 71.472825211087127, 51.167903200144508 ], [ 71.472671011001637, 51.167949500057503 ], [ 71.47272731090176, 51.16802350009101 ], [ 71.4727941, 51.168018799999984 ], [ 71.472947, 51.1679751 ], [ 71.472892, 51.1678985 ] ] ], [ [ [ 71.472607721286721, 51.168197800090347 ], [ 71.472558817628169, 51.168214338868168 ], [ 71.4724964, 51.1681433 ], [ 71.472429610686078, 51.168147999923725 ], [ 71.472345110634706, 51.168176499876125 ], [ 71.472418910522421, 51.168260599919769 ], [ 71.472520479537025, 51.168243260517073 ], [ 71.472494821039831, 51.168273899964561 ], [ 71.472514256300116, 51.168296531955342 ], [ 71.472460710470259, 51.168300299944356 ], [ 71.472229810344004, 51.168368399814057 ], [ 71.472290930963382, 51.168445907341336 ], [ 71.4722667, 51.168435 ], [ 71.472199910237563, 51.168439699798398 ], [ 71.472032710144845, 51.168489899704056 ], [ 71.472183509878974, 51.168686999793756 ], [ 71.4722503, 51.1686823 ], [ 71.4725131, 51.1686032 ], [ 71.4724462, 51.1685158 ], [ 71.472301377261473, 51.168450609641461 ], [ 71.4724354, 51.168445 ], [ 71.4725591, 51.16841 ], [ 71.472585086836688, 51.168379012546843 ], [ 71.4727196, 51.1683707 ], [ 71.473046868035155, 51.168260167035641 ], [ 71.473121731436919, 51.168360301080646 ], [ 71.4733221, 51.1683462 ], [ 71.4740708, 51.1681176 ], [ 71.4738864, 51.167871 ], [ 71.473686033698229, 51.167885102018246 ], [ 71.472932132464763, 51.16810670074193 ], [ 71.472982084637351, 51.168173515167354 ], [ 71.472607721286721, 51.168197800090347 ] ] ], [ [ [ 71.4718763, 51.1683394 ], [ 71.471809510327958, 51.168344099574057 ], [ 71.471523010163651, 51.168433899412491 ], [ 71.471592710046096, 51.168521299453872 ], [ 71.4716595, 51.1685166 ], [ 71.471946, 51.1684268 ], [ 71.4718763, 51.1683394 ] ] ], [ [ [ 71.472786110195031, 51.168518600133972 ], [ 71.4727015101425, 51.168547900086324 ], [ 71.472473809929397, 51.168676499958998 ], [ 71.472593109634303, 51.168891200031112 ], [ 71.4730393, 51.1688218 ], [ 71.473289, 51.1687354 ], [ 71.4730695, 51.168486 ], [ 71.472786110195031, 51.168518600133972 ] ] ], [ [ [ 71.4726041, 51.168964699999989 ], [ 71.4725151, 51.1688686 ], [ 71.4724166, 51.1688428 ], [ 71.472349809667762, 51.168847499891598 ], [ 71.472259109609155, 51.168880499840533 ], [ 71.472390809420105, 51.169022699918315 ], [ 71.4724576, 51.169018 ], [ 71.4726041, 51.168964699999989 ] ] ], [ [ [ 71.4735653, 51.169125800000018 ], [ 71.4733739, 51.1689019 ], [ 71.473307109698894, 51.168906600438319 ], [ 71.472726009346644, 51.16910190011086 ], [ 71.472917409047042, 51.169325800224222 ], [ 71.4729842, 51.1693211 ], [ 71.4735653, 51.169125800000018 ] ] ], [ [ [ 71.4723071, 51.1691909 ], [ 71.472240309152482, 51.169195599835838 ], [ 71.472111109068891, 51.169242699763103 ], [ 71.472262108851879, 51.169405899852279 ], [ 71.4723289, 51.1694012 ], [ 71.4724582, 51.1693542 ], [ 71.4723071, 51.1691909 ] ] ], [ [ [ 71.4717053, 51.1695819 ], [ 71.4716075, 51.1694839 ], [ 71.47154070864498, 51.169488599442701 ], [ 71.471292008474023, 51.169586199302827 ], [ 71.471389808344583, 51.169684199360425 ], [ 71.4714566, 51.1696795 ], [ 71.4717053, 51.1695819 ] ] ], [ [ [ 71.4732649, 51.1702497 ], [ 71.4742802, 51.1699168 ], [ 71.4736944, 51.1692144 ], [ 71.473627609287234, 51.169219100626947 ], [ 71.472751008766394, 51.169506400132825 ], [ 71.473119607868398, 51.17016020035539 ], [ 71.473198107742107, 51.17025440040193 ], [ 71.4732649, 51.1702497 ] ] ], [ [ [ 71.471724, 51.1696493 ], [ 71.471657208420609, 51.169653999512242 ], [ 71.470746107910614, 51.16993089899826 ], [ 71.470878607679694, 51.170102199077043 ], [ 71.4709454, 51.1700975 ], [ 71.4718565, 51.1698206 ], [ 71.471724, 51.1696493 ] ] ], [ [ [ 71.4731588, 51.1702128 ], [ 71.4727079, 51.1696473 ], [ 71.472641108543087, 51.169652000072986 ], [ 71.472419808416106, 51.16972139994818 ], [ 71.47287080765544, 51.170286900216013 ], [ 71.4729376, 51.1702822 ], [ 71.4731588, 51.1702128 ] ] ], [ [ [ 71.4719331, 51.1699697 ], [ 71.471866307984001, 51.169974399637546 ], [ 71.471721507893591, 51.170024899555976 ], [ 71.471807307743944, 51.170135899606997 ], [ 71.4718741, 51.1701312 ], [ 71.4720136, 51.170080699999986 ], [ 71.4719331, 51.1699697 ] ] ], [ [ [ 71.473077305864336, 51.17154630035774 ], [ 71.4731441, 51.1715416 ], [ 71.473406900000015, 51.171445399999989 ], [ 71.4735288, 51.1713404 ], [ 71.4730058, 51.1707788 ], [ 71.472939006947598, 51.170783500264356 ], [ 71.47277480684096, 51.170843600171928 ], [ 71.472989305989927, 51.171451800305782 ], [ 71.473077305864336, 51.17154630035774 ] ] ], [ [ [ 71.4721851, 51.1722359 ], [ 71.472118304746459, 51.172240599824406 ], [ 71.471582904326027, 51.17248699952394 ], [ 71.471727304165597, 51.172610399608608 ], [ 71.4717941, 51.172605699999984 ], [ 71.4723295, 51.1723593 ], [ 71.4721851, 51.1722359 ] ] ], [ [ [ 71.4741496, 51.1756351 ], [ 71.474082800082371, 51.175639801009005 ], [ 71.47398589999861, 51.175689700954727 ], [ 71.474132499854875, 51.17580170104042 ], [ 71.4741993, 51.175797 ], [ 71.4742963, 51.1757472 ], [ 71.4741496, 51.1756351 ] ] ], [ [ [ 71.4736466, 51.1756931 ], [ 71.473579799937554, 51.17569780072342 ], [ 71.473453799835255, 51.17575810065275 ], [ 71.473527299757194, 51.175818400695803 ], [ 71.4735941, 51.1758137 ], [ 71.4737201, 51.1757534 ], [ 71.4736466, 51.1756931 ] ] ], [ [ [ 71.4734272, 51.1758353 ], [ 71.473360399705754, 51.17584000060107 ], [ 71.473248099619553, 51.175890300538015 ], [ 71.473349399503618, 51.17597920059746 ], [ 71.4734162, 51.1759745 ], [ 71.4735285, 51.1759242 ], [ 71.4734272, 51.1758353 ] ] ], [ [ [ 71.472930999327104, 51.176066300360638 ], [ 71.4731134, 51.1760772 ], [ 71.4731701, 51.1760522 ], [ 71.4730667, 51.1759597 ], [ 71.472999899482474, 51.17596440039798 ], [ 71.472877299389822, 51.176018300329119 ], [ 71.472930999327104, 51.176066300360638 ] ] ], [ [ [ 71.4743194, 51.176005499999988 ], [ 71.474252599568715, 51.176010201112859 ], [ 71.474123899470683, 51.176067301040597 ], [ 71.47420519937657, 51.176139401088307 ], [ 71.474272, 51.1761347 ], [ 71.4744008, 51.1760775 ], [ 71.4743194, 51.176005499999988 ] ] ], [ [ [ 71.4740739, 51.1761112 ], [ 71.474007099386384, 51.176115900974956 ], [ 71.473913799302196, 51.176166400922725 ], [ 71.474000899221622, 51.176229600973585 ], [ 71.4740677, 51.1762249 ], [ 71.474161, 51.1761744 ], [ 71.4740739, 51.1761112 ] ] ], [ [ [ 71.4733497, 51.1762013 ], [ 71.4732442, 51.1761021 ], [ 71.473177399298635, 51.176106800501863 ], [ 71.473005499174008, 51.176178700405252 ], [ 71.473110999043897, 51.176277800467268 ], [ 71.4731778, 51.1762731 ], [ 71.4733497, 51.1762013 ] ] ], [ [ [ 71.4728318, 51.1761955 ], [ 71.47276499911375, 51.176200200268568 ], [ 71.472619499, 51.176266800186923 ], [ 71.472706598902676, 51.176341600237997 ], [ 71.4727734, 51.17633690000001 ], [ 71.4729189, 51.1762702 ], [ 71.4728318, 51.1761955 ] ] ], [ [ [ 71.4723163, 51.176364699999986 ], [ 71.472249498807003, 51.176369399977979 ], [ 71.472183098741667, 51.176409099940884 ], [ 71.472285198657445, 51.176476100000357 ], [ 71.472352, 51.1764714 ], [ 71.4724184, 51.1764317 ], [ 71.4723163, 51.176364699999986 ] ] ], [ [ [ 71.4741592, 51.1764148 ], [ 71.47404, 51.1763329 ], [ 71.473973199062442, 51.176337600959862 ], [ 71.47387459896909, 51.176394000904736 ], [ 71.47399379886545, 51.17647590097426 ], [ 71.4740606, 51.1764712 ], [ 71.4741592, 51.1764148 ] ] ], [ [ [ 71.4719067, 51.1765382 ], [ 71.471839898506943, 51.17654289974783 ], [ 71.471741698414789, 51.176598499692908 ], [ 71.471846998321979, 51.176671699754323 ], [ 71.4719138, 51.176667 ], [ 71.472012, 51.1766114 ], [ 71.4719067, 51.1765382 ] ] ], [ [ [ 71.4725833, 51.1765773 ], [ 71.472516498532769, 51.176582000134218 ], [ 71.472375498402826, 51.176660200055345 ], [ 71.472446198339142, 51.176710300096602 ], [ 71.472513, 51.1767056 ], [ 71.472654, 51.1766274 ], [ 71.4725833, 51.1765773 ] ] ], [ [ [ 71.4722127, 51.1768421 ], [ 71.4723685, 51.1767437 ], [ 71.472258, 51.1766749 ], [ 71.472027898313542, 51.176692799857832 ], [ 71.471963598247157, 51.176733399821956 ], [ 71.472145898105722, 51.176846799928036 ], [ 71.4722127, 51.1768421 ] ] ], [ [ [ 71.4731824, 51.176613899999985 ], [ 71.473115598552809, 51.176618600476395 ], [ 71.472718998239145, 51.176802600253843 ], [ 71.472843298102518, 51.176907800326717 ], [ 71.4729101, 51.1769031 ], [ 71.4733066, 51.1767192 ], [ 71.4731824, 51.176613899999985 ] ] ], [ [ [ 71.472461, 51.1767936 ], [ 71.472394198205862, 51.17679830006864 ], [ 71.472256698050387, 51.176894499992116 ], [ 71.472376497967844, 51.176961800061662 ], [ 71.4724433, 51.1769571 ], [ 71.4725809, 51.1768608 ], [ 71.472461, 51.1767936 ] ] ], [ [ [ 71.473877297246503, 51.177588300929081 ], [ 71.4739441, 51.1775836 ], [ 71.4740127, 51.177524 ], [ 71.4739312, 51.177487099999986 ], [ 71.473877154819519, 51.177490903178388 ], [ 71.4739437, 51.177428399999989 ], [ 71.4738032, 51.1773697 ], [ 71.473736397537962, 51.177374400844677 ], [ 71.473668997438153, 51.177437900807476 ], [ 71.473809397370701, 51.177496500888608 ], [ 71.473863358560465, 51.177492703652739 ], [ 71.473795697289674, 51.177551500881854 ], [ 71.473877297246503, 51.177588300929081 ] ] ], [ [ [ 71.4734028, 51.1774913 ], [ 71.473335997313853, 51.177496000618781 ], [ 71.473267397227744, 51.177549900580694 ], [ 71.473490497094005, 51.177661400709994 ], [ 71.4735573, 51.1776567 ], [ 71.4736259, 51.1776028 ], [ 71.4734028, 51.1774913 ] ] ], [ [ [ 71.4727328, 51.177655899999984 ], [ 71.47266599699492, 51.177660600240003 ], [ 71.472544896881232, 51.177729200172301 ], [ 71.472646796791622, 51.177799900231726 ], [ 71.4727136, 51.1777952 ], [ 71.4728348, 51.1777265 ], [ 71.4727328, 51.177655899999984 ] ] ], [ [ [ 71.4737913, 51.1777914 ], [ 71.4737057, 51.1777272 ], [ 71.473638897010346, 51.177731900795941 ], [ 71.473517496903696, 51.177795600727961 ], [ 71.47360309682162, 51.177859700777972 ], [ 71.4736699, 51.177855 ], [ 71.4737913, 51.1777914 ] ] ], [ [ [ 71.472161496290141, 51.178106599960955 ], [ 71.4722283, 51.1781019 ], [ 71.4724535, 51.1779734 ], [ 71.472442490098459, 51.177965818912377 ], [ 71.472669, 51.1778513 ], [ 71.4724732, 51.1777126 ], [ 71.472406396881567, 51.177717300093128 ], [ 71.471957596467917, 51.177966199842061 ], [ 71.472161496290141, 51.178106599960955 ] ] ], [ [ [ 71.4743103, 51.1777434 ], [ 71.474243497060485, 51.177748101140864 ], [ 71.474104496883882, 51.177858801063742 ], [ 71.474189596833654, 51.17790080111304 ], [ 71.4742564, 51.177896099999984 ], [ 71.4743954, 51.1777854 ], [ 71.4743103, 51.1777434 ] ] ], [ [ [ 71.473234100000013, 51.1778906 ], [ 71.4730721, 51.1777993 ], [ 71.473005296829285, 51.177804000436161 ], [ 71.472867996674239, 51.177899900359726 ], [ 71.47302999656236, 51.177991100453795 ], [ 71.4730968, 51.1779864 ], [ 71.473234100000013, 51.1778906 ] ] ], [ [ [ 71.473309, 51.1780079 ], [ 71.473242196557152, 51.178012600575151 ], [ 71.473118896430648, 51.178089900506365 ], [ 71.473228996344474, 51.178158900570438 ], [ 71.4732958, 51.1781542 ], [ 71.4734191, 51.1780768 ], [ 71.473309, 51.1780079 ] ] ], [ [ [ 71.4718111, 51.1780837 ], [ 71.471744296265697, 51.178088399722817 ], [ 71.47163839617491, 51.178142399663486 ], [ 71.471712596101426, 51.178199599706872 ], [ 71.471779400000017, 51.1781949 ], [ 71.4718853, 51.178141 ], [ 71.4718111, 51.1780837 ] ] ], [ [ [ 71.4725954, 51.1780879 ], [ 71.472528596354991, 51.178092600169947 ], [ 71.472448396259253, 51.178152200125375 ], [ 71.472569096181715, 51.178216100195385 ], [ 71.4726359, 51.1782114 ], [ 71.4727161, 51.178151799999988 ], [ 71.4725954, 51.1780879 ] ] ], [ [ [ 71.473506, 51.1780611 ], [ 71.473439196504359, 51.178065800688479 ], [ 71.47331599633138, 51.178175300620346 ], [ 71.4733963962898, 51.178210900666869 ], [ 71.4734632, 51.1782062 ], [ 71.4735865, 51.1780966 ], [ 71.473506, 51.1780611 ] ] ], [ [ [ 71.474315251387068, 51.178145163723386 ], [ 71.474439896415845, 51.17821150126165 ], [ 71.4745067, 51.1782068 ], [ 71.4746229, 51.1781023 ], [ 71.4744265, 51.1780165 ], [ 71.474359696680636, 51.178021201212303 ], [ 71.474277702761796, 51.178095032701648 ], [ 71.4742138, 51.1780627 ], [ 71.474146996588104, 51.178067401091958 ], [ 71.4740734964968, 51.178124501051151 ], [ 71.474199296420323, 51.178188101124078 ], [ 71.4742661, 51.1781834 ], [ 71.474315251387068, 51.178145163723386 ] ] ], [ [ [ 71.4738348, 51.1781391 ], [ 71.4736846, 51.1780886 ], [ 71.47361779648638, 51.17809330079082 ], [ 71.473521196316966, 51.178202600737819 ], [ 71.473674096265142, 51.178251400825921 ], [ 71.4737409, 51.1782467 ], [ 71.4738348, 51.1781391 ] ] ], [ [ [ 71.4720274, 51.1781462 ], [ 71.471960596201811, 51.178150899847282 ], [ 71.471821596023332, 51.178262899770196 ], [ 71.471942195953162, 51.178321699840076 ], [ 71.472009, 51.178317 ], [ 71.472148, 51.1782049 ], [ 71.4720274, 51.1781462 ] ] ], [ [ [ 71.4739997, 51.1782101 ], [ 71.47393289634941, 51.178214800972732 ], [ 71.473831496201626, 51.178308700916716 ], [ 71.473952396142309, 51.178360000986629 ], [ 71.4740192, 51.1783553 ], [ 71.4741206, 51.1782614 ], [ 71.4739997, 51.1782101 ] ] ], [ [ [ 71.472974294990422, 51.178380921517501 ], [ 71.473054695930301, 51.178431300476277 ], [ 71.4731215, 51.1784266 ], [ 71.4732314, 51.1783576 ], [ 71.4731374, 51.1782988 ], [ 71.473101111517863, 51.178301353350264 ], [ 71.47301, 51.1782323 ], [ 71.47294319619705, 51.17823700040902 ], [ 71.472796118087686, 51.17832931429998 ], [ 71.4726948, 51.178275 ], [ 71.472627996097131, 51.178279700230185 ], [ 71.472535995988721, 51.178347100179025 ], [ 71.472703695879375, 51.178437000276325 ], [ 71.4727705, 51.1784323 ], [ 71.472841678673603, 51.178380153908002 ], [ 71.472878995949031, 51.178403500375609 ], [ 71.4729458, 51.1783988 ], [ 71.472974294990422, 51.178380921517501 ] ] ], [ [ [ 71.472135595828789, 51.178424199952246 ], [ 71.472417395713578, 51.178527800114864 ], [ 71.4724842, 51.1785231 ], [ 71.472579, 51.178445 ], [ 71.4724431, 51.1783438 ], [ 71.4723488, 51.1782989 ], [ 71.472281996020584, 51.178303600033402 ], [ 71.472135595828789, 51.178424199952246 ] ] ], [ [ [ 71.4737134, 51.1432555 ], [ 71.4739986, 51.1428536 ], [ 71.4727729, 51.1425112 ], [ 71.472105375841863, 51.142558194211546 ], [ 71.471815169602166, 51.142967092636269 ], [ 71.47304586626764, 51.143302499711936 ], [ 71.4737134, 51.1432555 ] ] ], [ [ [ 71.474591213183544, 51.14376509658549 ], [ 71.474174883831111, 51.14379441286259 ], [ 71.474020678257261, 51.144009111438834 ], [ 71.474355276632693, 51.144103714710312 ], [ 71.47515958304092, 51.144047076297952 ], [ 71.475013245835299, 51.144270913782236 ], [ 71.475222445210719, 51.144324715224812 ], [ 71.4760235, 51.1442683 ], [ 71.4761955, 51.1440053 ], [ 71.4759863, 51.1439514 ], [ 71.475518413631804, 51.143984352161254 ], [ 71.4756442, 51.1438091 ], [ 71.475298123319931, 51.143715315277589 ], [ 71.4753739, 51.1436089 ], [ 71.475078541282969, 51.143531882106089 ], [ 71.4757556, 51.1434842 ], [ 71.4758362, 51.1433736 ], [ 71.4755836, 51.1428045 ], [ 71.4754879, 51.1427673 ], [ 71.474077049327761, 51.142858014797774 ], [ 71.474022848389808, 51.1428860141909 ], [ 71.473949140720762, 51.142984310892807 ], [ 71.473918047120733, 51.142986500291322 ], [ 71.473899447080782, 51.143012700281233 ], [ 71.473922933804261, 51.143019260382182 ], [ 71.473760336481263, 51.143277411349409 ], [ 71.473744733272881, 51.143387511213724 ], [ 71.473795832389129, 51.143422511809362 ], [ 71.474420529423284, 51.143578218987017 ], [ 71.474731646960521, 51.143556310710771 ], [ 71.474591213183544, 51.14376509658549 ] ] ], [ [ [ 71.4735655, 51.1434194 ], [ 71.473498746439759, 51.143424100060784 ], [ 71.47348264640496, 51.143446900052069 ], [ 71.473576246378897, 51.143472900105884 ], [ 71.473643, 51.1434682 ], [ 71.4736591, 51.1434455 ], [ 71.4735655, 51.1434194 ] ] ], [ [ [ 71.4745726, 51.14423330000001 ], [ 71.474505845390183, 51.144238000650134 ], [ 71.47440444517224, 51.144380800595087 ], [ 71.474539545133226, 51.144419300672787 ], [ 71.4746063, 51.1444146 ], [ 71.474709, 51.1442717 ], [ 71.4745726, 51.14423330000001 ] ] ], [ [ [ 71.475056, 51.1443474 ], [ 71.4748707, 51.1442994 ], [ 71.474803945331217, 51.144304100821238 ], [ 71.474720445136626, 51.144432200776102 ], [ 71.474906245091532, 51.144479200882863 ], [ 71.474973, 51.1444745 ], [ 71.475056, 51.1443474 ] ] ], [ [ [ 71.4742184, 51.1444097 ], [ 71.474151645093144, 51.144414400451701 ], [ 71.474124045030337, 51.144455700436744 ], [ 71.474456644944738, 51.144543200627936 ], [ 71.4745234, 51.1445385 ], [ 71.474551, 51.1444972 ], [ 71.4742184, 51.1444097 ] ] ], [ [ [ 71.4742368, 51.144514 ], [ 71.474170044945197, 51.144518700464175 ], [ 71.474079944726199, 51.1446632004156 ], [ 71.474216244694503, 51.144696700493903 ], [ 71.474283, 51.144692 ], [ 71.474374, 51.144548 ], [ 71.4742368, 51.144514 ] ] ], [ [ [ 71.4749532, 51.144658 ], [ 71.4747834, 51.1446088 ], [ 71.474716644875116, 51.144613500777417 ], [ 71.474620044670431, 51.144747500724947 ], [ 71.474789444622033, 51.144795400822346 ], [ 71.4748562, 51.144790699999987 ], [ 71.4749532, 51.144658 ] ] ], [ [ [ 71.4745867, 51.1446329 ], [ 71.474519944816521, 51.144637600665803 ], [ 71.474428744597077, 51.144782300616576 ], [ 71.474505644578912, 51.144801400660768 ], [ 71.4745724, 51.1447967 ], [ 71.4746636, 51.144652 ], [ 71.4745867, 51.1446329 ] ] ], [ [ [ 71.474727, 51.1453553 ], [ 71.474592667604227, 51.145364759219916 ], [ 71.4746426, 51.1452959 ], [ 71.4745712, 51.145239 ], [ 71.473839, 51.14503 ], [ 71.473571976526173, 51.145048800761899 ], [ 71.473233173670522, 51.145516000025495 ], [ 71.473897672900719, 51.145705701554377 ], [ 71.4741647, 51.1456869 ], [ 71.47441585598591, 51.145532059221118 ], [ 71.474212829231533, 51.145829901654672 ], [ 71.474311128947221, 51.145904001826935 ], [ 71.474475828816296, 51.145948202110972 ], [ 71.4746761, 51.1459341 ], [ 71.4750175, 51.1454333 ], [ 71.474727, 51.1453553 ] ] ], [ [ [ 71.473422785561013, 51.145964100170026 ], [ 71.4736006, 51.1459421 ], [ 71.4737271, 51.1458511 ], [ 71.4736836, 51.1457147 ], [ 71.4735571, 51.1456704 ], [ 71.473370686369748, 51.145678900099796 ], [ 71.473110986146835, 51.145734399805974 ], [ 71.473146666280641, 51.145835085161515 ], [ 71.472953, 51.1457802 ], [ 71.472886242965956, 51.145784899756933 ], [ 71.472770042702706, 51.145957899694039 ], [ 71.473205842589749, 51.14607309994453 ], [ 71.4732726, 51.1460684 ], [ 71.473351735793656, 51.145950519642071 ], [ 71.473422785561013, 51.145964100170026 ] ] ], [ [ [ 71.4739336, 51.1460985 ], [ 71.473733327835461, 51.146112600851289 ], [ 71.473615827093198, 51.146274500659743 ], [ 71.473938026813173, 51.146366501215724 ], [ 71.474138300000021, 51.1463524 ], [ 71.4742557, 51.1461906 ], [ 71.4739336, 51.1460985 ] ] ], [ [ [ 71.4747709, 51.1462236 ], [ 71.4746958, 51.146203399999983 ], [ 71.474629042568239, 51.146208100757967 ], [ 71.474558242410438, 51.146311700719615 ], [ 71.47463334239049, 51.146331900762775 ], [ 71.474700100000021, 51.1463272 ], [ 71.4747709, 51.1462236 ] ] ], [ [ [ 71.47282764219301, 51.146316699733696 ], [ 71.473021942137848, 51.146371399845457 ], [ 71.4732444, 51.1463802 ], [ 71.4733116, 51.1462863 ], [ 71.4731964, 51.1462539 ], [ 71.472873242290561, 51.146252799758457 ], [ 71.47282764219301, 51.146316699733696 ] ] ], [ [ [ 71.4732895, 51.1464477 ], [ 71.473222742045593, 51.146452399961404 ], [ 71.473191041977941, 51.146496699944187 ], [ 71.47325894195869, 51.146515799983234 ], [ 71.4733257, 51.1465111 ], [ 71.4733574, 51.1464668 ], [ 71.4732895, 51.1464477 ] ] ], [ [ [ 71.473464326071976, 51.146498100413602 ], [ 71.473386425584778, 51.146604300286526 ], [ 71.473551225439621, 51.146651800570936 ], [ 71.4739886, 51.1466389 ], [ 71.4740739, 51.1465226 ], [ 71.4739662, 51.1464111 ], [ 71.4738112, 51.1463664 ], [ 71.473610926633469, 51.146380500657436 ], [ 71.473464326071976, 51.146498100413602 ] ] ], [ [ [ 71.474846242269606, 51.14643380088603 ], [ 71.474643742152409, 51.146498100771886 ], [ 71.474415241808813, 51.146717400645898 ], [ 71.474345641660534, 51.146814500608095 ], [ 71.474986846077329, 51.1469956582199 ], [ 71.474888747853555, 51.147130306110583 ], [ 71.475052047568212, 51.147177106674199 ], [ 71.4754526, 51.1471489 ], [ 71.4756843, 51.1469567 ], [ 71.475765901748744, 51.146844699450355 ], [ 71.475879625307201, 51.146878904563771 ], [ 71.4761196, 51.1468566 ], [ 71.4762225, 51.146704 ], [ 71.4762087, 51.1466784 ], [ 71.476106519478577, 51.146648452581232 ], [ 71.4761882, 51.1466427 ], [ 71.4763745, 51.1463815 ], [ 71.4762952, 51.1463593 ], [ 71.475987527520061, 51.146375804719355 ], [ 71.475886142517609, 51.14651798847963 ], [ 71.4757954, 51.146492 ], [ 71.475394853494208, 51.146520207770727 ], [ 71.475322168047668, 51.146597710241764 ], [ 71.4752488, 51.1464323 ], [ 71.4750784, 51.1463846 ], [ 71.474846242269606, 51.14643380088603 ] ] ], [ [ [ 71.4744794, 51.1488363 ], [ 71.474412638750124, 51.148841000684989 ], [ 71.474176438221917, 51.149187800557051 ], [ 71.474328738181654, 51.149228600644598 ], [ 71.4743955, 51.14922390000001 ], [ 71.4746318, 51.1488771 ], [ 71.4744794, 51.1488363 ] ] ], [ [ [ 71.4750806, 51.1499113 ], [ 71.475376044772361, 51.14947862260545 ], [ 71.475689441357659, 51.149560414202291 ], [ 71.4762903, 51.1495181 ], [ 71.4763682, 51.1494008 ], [ 71.4757785, 51.1492468 ], [ 71.475677730101665, 51.149253896314889 ], [ 71.4756213, 51.1492396 ], [ 71.475554538308003, 51.149244301343337 ], [ 71.475542226428061, 51.149263438476204 ], [ 71.475514158302659, 51.149265415011968 ], [ 71.4755836, 51.1491622 ], [ 71.4751472, 51.1490466 ], [ 71.475080438528352, 51.149051301069505 ], [ 71.474959538254851, 51.149231001004068 ], [ 71.475178643363691, 51.149289041181923 ], [ 71.475157287006255, 51.149319790552191 ], [ 71.474904290621794, 51.149337605252583 ], [ 71.474518637250938, 51.149890800765462 ], [ 71.474549937218868, 51.149915700783758 ], [ 71.474654104876748, 51.149909858700369 ], [ 71.474746786225225, 51.149934804860955 ], [ 71.4750806, 51.1499113 ] ] ], [ [ [ 71.4740688, 51.14971 ], [ 71.474002037441807, 51.14971470046774 ], [ 71.473973337378254, 51.149756400452183 ], [ 71.474046837358529, 51.149776300494437 ], [ 71.4741136, 51.1497716 ], [ 71.4741423, 51.1497299 ], [ 71.4740688, 51.14971 ] ] ], [ [ [ 71.4731887, 51.1498729 ], [ 71.473121937100245, 51.1498775999694 ], [ 71.473094237042446, 51.149915399954331 ], [ 71.473425136945238, 51.150010800144692 ], [ 71.4734919, 51.1500061 ], [ 71.4735196, 51.149968200000011 ], [ 71.4731887, 51.1498729 ] ] ], [ [ [ 71.4739575, 51.150000199999987 ], [ 71.473859737020234, 51.149995400392015 ], [ 71.473847636996283, 51.150011000385433 ], [ 71.4739455, 51.1500157 ], [ 71.4739575, 51.150000199999987 ] ] ], [ [ [ 71.472737536479571, 51.150276099757988 ], [ 71.472799836462642, 51.150293099793799 ], [ 71.473043636475552, 51.150304699932953 ], [ 71.4733791, 51.150294700000011 ], [ 71.4735059, 51.150112 ], [ 71.4731588, 51.1500173 ], [ 71.472898236832677, 51.150044499845123 ], [ 71.472737536479571, 51.150276099757988 ] ] ], [ [ [ 71.4732185, 51.1506646 ], [ 71.4733321, 51.150506 ], [ 71.473293600000019, 51.1504336 ], [ 71.4728808, 51.1503172 ], [ 71.472814036422889, 51.150321899802442 ], [ 71.472663736102291, 51.150531799720824 ], [ 71.473151735963512, 51.150669300001496 ], [ 71.4732185, 51.1506646 ] ] ], [ [ [ 71.475130205715857, 51.152262511799584 ], [ 71.4757311, 51.1522202 ], [ 71.4757255, 51.1520953 ], [ 71.475656835691836, 51.151922441996504 ], [ 71.476278446403697, 51.152319741751278 ], [ 71.4759879, 51.1522357 ], [ 71.475654070035446, 51.152259207667946 ], [ 71.475575869220805, 51.152365707455317 ], [ 71.47692616722874, 51.152756211339643 ], [ 71.47726, 51.1527327 ], [ 71.4773383, 51.1526263 ], [ 71.476512742043056, 51.152387511980152 ], [ 71.4768253, 51.1523655 ], [ 71.4770838, 51.1520129 ], [ 71.4770234, 51.1518012 ], [ 71.475437654239613, 51.151370657359898 ], [ 71.475204272625973, 51.150783108464324 ], [ 71.475228596759834, 51.15074597361442 ], [ 71.476558376115193, 51.151491410170827 ], [ 71.476713975898619, 51.151534610618249 ], [ 71.4770478, 51.1515111 ], [ 71.4773645, 51.1510614 ], [ 71.4755402, 51.1505559 ], [ 71.475206381862066, 51.150579406231913 ], [ 71.475153304457862, 51.1506547916198 ], [ 71.4750749, 51.1504574 ], [ 71.474428, 51.1504616 ], [ 71.474160945522158, 51.150480402519371 ], [ 71.474161436328345, 51.150504069437062 ], [ 71.473998325455767, 51.15064440571679 ], [ 71.47401170598225, 51.152147606043975 ], [ 71.474426204787719, 51.152274708191449 ], [ 71.475130205715857, 51.152262511799584 ] ] ], [ [ [ 71.4735781, 51.1513703 ], [ 71.47337780492731, 51.151384400545766 ], [ 71.473234203948877, 51.151598700312569 ], [ 71.47340758241657, 51.151644429206563 ], [ 71.473199172866231, 51.151659100616676 ], [ 71.472773968284869, 51.152259299462607 ], [ 71.472953568033816, 51.152309299979073 ], [ 71.4732874, 51.1522858 ], [ 71.4737125, 51.1516857 ], [ 71.473699277923544, 51.151682009617524 ], [ 71.4737818, 51.1516762 ], [ 71.4739254, 51.1514618 ], [ 71.4735781, 51.1513703 ] ] ], [ [ [ 71.4739262, 51.1523183 ], [ 71.473637133635123, 51.152326600309742 ], [ 71.473640333524443, 51.15240370031303 ], [ 71.4739295, 51.152395299999988 ], [ 71.4739262, 51.1523183 ] ] ], [ [ [ 71.473571165525101, 51.15293190060536 ], [ 71.473704265440759, 51.152972400758578 ], [ 71.4738378, 51.152963 ], [ 71.4739151, 51.152863 ], [ 71.473659450283833, 51.152800727333982 ], [ 71.4737661, 51.1526697 ], [ 71.473413, 51.1525612 ], [ 71.473279466495214, 51.152570600259132 ], [ 71.473177466093844, 51.152701300147889 ], [ 71.473502196704374, 51.152801083344301 ], [ 71.473482065876297, 51.152802500498872 ], [ 71.473445865732657, 51.152849300459401 ], [ 71.473571165525101, 51.15293190060536 ] ] ], [ [ [ 71.4740063, 51.1529936 ], [ 71.473910632700566, 51.152998400478403 ], [ 71.473910632672457, 51.153017900478773 ], [ 71.4740063, 51.1530132 ], [ 71.4740063, 51.1529936 ] ] ], [ [ [ 71.473400731819154, 51.153567200198722 ], [ 71.4734675, 51.1535625 ], [ 71.4736201, 51.1533561 ], [ 71.473569, 51.1532376 ], [ 71.4732704, 51.1531507 ], [ 71.473203632388476, 51.153155400078546 ], [ 71.473087932149099, 51.153311800015622 ], [ 71.473104631907219, 51.153481100028351 ], [ 71.473400731819154, 51.153567200198722 ] ] ], [ [ [ 71.4737658, 51.1536548 ], [ 71.4738669, 51.1535171 ], [ 71.4738252, 51.153465 ], [ 71.4737296, 51.1534377 ], [ 71.473662832030797, 51.153442400345696 ], [ 71.473537831767828, 51.153614400277739 ], [ 71.473699031722418, 51.153659500370452 ], [ 71.4737658, 51.1536548 ] ] ], [ [ [ 71.4744481, 51.1537375 ], [ 71.474381331686203, 51.153742200760824 ], [ 71.474345731521808, 51.153853300742668 ], [ 71.47443873148471, 51.153886900796294 ], [ 71.474726069760308, 51.153915466475155 ], [ 71.475860631082668, 51.154285901614131 ], [ 71.4759274, 51.1542812 ], [ 71.4759678, 51.154232600000014 ], [ 71.4748312, 51.1538615 ], [ 71.474769254471823, 51.153865861414495 ], [ 71.4747963, 51.1537814 ], [ 71.4744481, 51.1537375 ] ] ], [ [ [ 71.4738315, 51.1539048 ], [ 71.473649, 51.1538574 ], [ 71.473315156932912, 51.15388090115934 ], [ 71.473083954267622, 51.154231400534101 ], [ 71.473266454037756, 51.154278701058573 ], [ 71.4736003, 51.1542552 ], [ 71.4738315, 51.1539048 ] ] ], [ [ [ 71.4737529699714, 51.154903105191046 ], [ 71.473921869529818, 51.154951406065514 ], [ 71.4745228, 51.1549091 ], [ 71.474801212046842, 51.154526191408976 ], [ 71.474982475560225, 51.154575811440033 ], [ 71.4755834, 51.1545335 ], [ 71.4756746, 51.1544025 ], [ 71.4750386, 51.1542283 ], [ 71.474929119777627, 51.154236008326173 ], [ 71.474943, 51.1542157 ], [ 71.474792, 51.15417510000001 ], [ 71.474639031100011, 51.15417080091585 ], [ 71.474627781385081, 51.154186661988916 ], [ 71.474591693247945, 51.154189202781566 ], [ 71.474541027043543, 51.154263332465952 ], [ 71.474437678921774, 51.154270608593663 ], [ 71.474346477122083, 51.154401708148491 ], [ 71.474538391984339, 51.154454244962857 ], [ 71.474054575679901, 51.15448830666643 ], [ 71.4737529699714, 51.154903105191046 ] ] ], [ [ [ 71.474739256727588, 51.15600761043909 ], [ 71.474661355293691, 51.156111610057479 ], [ 71.474998754375051, 51.156210911804898 ], [ 71.475344054353371, 51.156241713581032 ], [ 71.475574957370057, 51.156225455689899 ], [ 71.47558795463965, 51.156240214831598 ], [ 71.4761889, 51.1561979 ], [ 71.4772339, 51.1558361 ], [ 71.477185082807168, 51.155780673302296 ], [ 71.4772628, 51.1557752 ], [ 71.4773481, 51.1557196 ], [ 71.4775921, 51.1553407 ], [ 71.4774334, 51.1552961 ], [ 71.477099548868651, 51.155319612078827 ], [ 71.476832245987325, 51.155697011353361 ], [ 71.476880607942164, 51.155747874490977 ], [ 71.47653916175318, 51.155771919629146 ], [ 71.475782614681236, 51.156033945088538 ], [ 71.4757028, 51.156011 ], [ 71.4753402, 51.1559653 ], [ 71.474922436496314, 51.155994713688877 ], [ 71.4749709, 51.1559259 ], [ 71.47471619907094, 51.155357619137838 ], [ 71.475032929304717, 51.155450101164746 ], [ 71.4750997, 51.1554454 ], [ 71.475169084090425, 51.155351899608178 ], [ 71.4753949, 51.155336 ], [ 71.4759309, 51.1545976 ], [ 71.4757516, 51.1545464 ], [ 71.475417753247186, 51.154569907215574 ], [ 71.474941159496822, 51.155226461500966 ], [ 71.474818, 51.15519050000001 ], [ 71.474751229637747, 51.15519520099938 ], [ 71.474684006037052, 51.155285789953616 ], [ 71.4745656, 51.1550216 ], [ 71.4744107, 51.1549787 ], [ 71.474343929893408, 51.154983400763228 ], [ 71.473812828742624, 51.155737300475018 ], [ 71.474778331299134, 51.156004859423078 ], [ 71.474739256727588, 51.15600761043909 ] ] ], [ [ [ 71.47342642979271, 51.154975900240274 ], [ 71.473394229720952, 51.155023000222833 ], [ 71.473478729698513, 51.155045700271401 ], [ 71.4735455, 51.155041 ], [ 71.473560231694961, 51.155019451477521 ], [ 71.473605, 51.1550163 ], [ 71.4736152, 51.1550016 ], [ 71.4734932, 51.1549712 ], [ 71.47342642979271, 51.154975900240274 ] ] ], [ [ [ 71.4750831, 51.1572238 ], [ 71.475003940921766, 51.157139648251125 ], [ 71.4752333, 51.1571235 ], [ 71.4753389, 51.1570995 ], [ 71.4754765, 51.1570466 ], [ 71.4755736, 51.156985 ], [ 71.4754819, 51.1568787 ], [ 71.474803411911083, 51.156926469952985 ], [ 71.4747803, 51.1569019 ], [ 71.47473864107593, 51.156904832919565 ], [ 71.4746789, 51.1568414 ], [ 71.4742446, 51.1567565 ], [ 71.473910736409337, 51.156780003133143 ], [ 71.473352334669471, 51.156974401560731 ], [ 71.473445034023314, 51.157071901834158 ], [ 71.474523265305109, 51.156968370747649 ], [ 71.474424624873407, 51.157004612679323 ], [ 71.474328523633517, 51.157068212036755 ], [ 71.474432021852991, 51.157179912770104 ], [ 71.474755236556135, 51.157157158006093 ], [ 71.474872426646044, 51.157281701108303 ], [ 71.4749392, 51.157277 ], [ 71.4750831, 51.1572238 ] ] ], [ [ [ 71.4747566, 51.1574939 ], [ 71.474689826311305, 51.157498601008378 ], [ 71.474634426273155, 51.157520400977241 ], [ 71.474669326227101, 51.157555300997792 ], [ 71.4747361, 51.1575506 ], [ 71.4747915, 51.1575288 ], [ 71.4747566, 51.1574939 ] ] ], [ [ [ 71.474642, 51.15802 ], [ 71.4746104, 51.1579845 ], [ 71.474486225550635, 51.15800930090213 ], [ 71.474517825503298, 51.15804480092082 ], [ 71.474642, 51.15802 ] ] ], [ [ [ 71.4744476, 51.1580839 ], [ 71.474380825423538, 51.158088600843577 ], [ 71.474183425299387, 51.158158100732422 ], [ 71.474254525193615, 51.158237500774476 ], [ 71.4743213, 51.1582328 ], [ 71.4745187, 51.1581633 ], [ 71.4744476, 51.1580839 ] ] ], [ [ [ 71.473750445040181, 51.16005530108184 ], [ 71.473884, 51.160045899999986 ], [ 71.4742163, 51.1599276 ], [ 71.474197115163292, 51.159890535091215 ], [ 71.4743695, 51.1598784 ], [ 71.475127, 51.1596144 ], [ 71.475113568151954, 51.159599242865056 ], [ 71.4753528, 51.1595824 ], [ 71.4754388, 51.1595626 ], [ 71.4755232, 51.1595228 ], [ 71.4754719, 51.159445199999986 ], [ 71.4753362, 51.1593189 ], [ 71.474635612899206, 51.159378310487419 ], [ 71.474567012241792, 51.159423210143324 ], [ 71.474651837329944, 51.159548015839242 ], [ 71.474096471982421, 51.159741592708301 ], [ 71.4740794, 51.1597227 ], [ 71.4740277, 51.1597191 ], [ 71.473894146017088, 51.159728501233118 ], [ 71.473725445802856, 51.159788601043161 ], [ 71.473595645495735, 51.159884200898865 ], [ 71.473750445040181, 51.16005530108184 ] ] ], [ [ [ 71.4739749, 51.1595905 ], [ 71.473908123194903, 51.159595200602993 ], [ 71.473782123115029, 51.159640000532072 ], [ 71.473860622999609, 51.15972670057846 ], [ 71.4739274, 51.159722 ], [ 71.4740533, 51.1596771 ], [ 71.4739749, 51.1595905 ] ] ], [ [ [ 71.475408880181575, 51.160282936092209 ], [ 71.475003022156429, 51.160408101242474 ], [ 71.475101122001305, 51.16052400130058 ], [ 71.4751679, 51.1605193 ], [ 71.475521137910206, 51.160401714045399 ], [ 71.475533900446877, 51.16041411527268 ], [ 71.4761349, 51.1603718 ], [ 71.4762892, 51.160314 ], [ 71.4760699, 51.160083899999989 ], [ 71.475571449046072, 51.160118995134447 ], [ 71.475445174082139, 51.159975859326394 ], [ 71.4757244, 51.159956200000011 ], [ 71.475919, 51.1598903 ], [ 71.475751, 51.1596954 ], [ 71.475150008800355, 51.159737713187432 ], [ 71.474955507732787, 51.159803612201223 ], [ 71.475123405388501, 51.159998513095879 ], [ 71.47532289541526, 51.159984468327579 ], [ 71.475182522718569, 51.160033201337583 ], [ 71.475408880181575, 51.160282936092209 ] ] ], [ [ [ 71.4743291, 51.1601426 ], [ 71.474262322442286, 51.160147300815396 ], [ 71.474108722344482, 51.160202200728911 ], [ 71.474185522220793, 51.160294500774441 ], [ 71.4742523, 51.1602898 ], [ 71.4744081, 51.1602363 ], [ 71.4743291, 51.1601426 ] ] ], [ [ [ 71.4757258, 51.1605474 ], [ 71.475659022028637, 51.160552101619068 ], [ 71.475551721962262, 51.1605891015586 ], [ 71.475621421854285, 51.160669901599874 ], [ 71.4756882, 51.1606652 ], [ 71.4757901, 51.1606248 ], [ 71.4757258, 51.1605474 ] ] ], [ [ [ 71.474947621738806, 51.160693201216347 ], [ 71.47466382156162, 51.160792201056502 ], [ 71.474471821339662, 51.160930000949733 ], [ 71.474451121190711, 51.161031600939886 ], [ 71.474479021148412, 51.161063300956371 ], [ 71.4745458, 51.1610586 ], [ 71.4746454, 51.1610279 ], [ 71.4750286, 51.1608893 ], [ 71.4751017, 51.160781 ], [ 71.4750144, 51.1606885 ], [ 71.474947621738806, 51.160693201216347 ] ] ], [ [ [ 71.475574742452764, 51.161125086797085 ], [ 71.474664920654604, 51.161421601069165 ], [ 71.474733832363228, 51.161504808913513 ], [ 71.474670020528819, 51.161509301073757 ], [ 71.474576520473491, 51.161539801021036 ], [ 71.474556320357593, 51.161618501011034 ], [ 71.474798319965998, 51.161910601154531 ], [ 71.4748651, 51.1619059 ], [ 71.4750259, 51.1618535 ], [ 71.474777978997793, 51.161554297200894 ], [ 71.475065820126218, 51.161822001305275 ], [ 71.4751326, 51.1618173 ], [ 71.4752838, 51.1617681 ], [ 71.475322811077774, 51.161730263155391 ], [ 71.4755357, 51.1616716 ], [ 71.475467783108556, 51.161589654135767 ], [ 71.475488336779975, 51.161569718955725 ], [ 71.475550220441079, 51.161644401577917 ], [ 71.475617, 51.1616397 ], [ 71.4757905, 51.16158320000001 ], [ 71.475649661574366, 51.161413247960404 ], [ 71.475673407165743, 51.161390216699189 ], [ 71.47581372060904, 51.161550101726277 ], [ 71.4758805, 51.1615454 ], [ 71.4760523, 51.1614861 ], [ 71.4758702, 51.16127860000001 ], [ 71.475772707860472, 51.16129390293581 ], [ 71.475815186961242, 51.16125270144618 ], [ 71.476045712099648, 51.161236470645704 ], [ 71.476094553246256, 51.161287325081254 ], [ 71.4768959, 51.1612309 ], [ 71.4777203, 51.1609193 ], [ 71.4776135, 51.1608082 ], [ 71.476812161604101, 51.160864629891471 ], [ 71.476376571634376, 51.161029214784413 ], [ 71.476190225478803, 51.160822183628092 ], [ 71.4762326, 51.1608192 ], [ 71.4772886, 51.1604519 ], [ 71.477185, 51.1603348 ], [ 71.476584002075853, 51.160377120651987 ], [ 71.475527996157311, 51.160744315299233 ], [ 71.475629308513476, 51.160858929450313 ], [ 71.475397993623133, 51.160928714664202 ], [ 71.475433788071541, 51.160968483303783 ], [ 71.474304920705251, 51.161356100862747 ], [ 71.474398820561717, 51.161463600918317 ], [ 71.4744656, 51.1614589 ], [ 71.475542443659464, 51.161089202221497 ], [ 71.475574742452764, 51.161125086797085 ] ] ], [ [ [ 71.475846572886397, 51.162565117246494 ], [ 71.4764476, 51.1625228 ], [ 71.4766259, 51.1624582 ], [ 71.4760333, 51.1618147 ], [ 71.47580650884872, 51.161830667715712 ], [ 71.4757432, 51.161758399999989 ], [ 71.475676420285339, 51.161763101652106 ], [ 71.475138119952803, 51.161948401348894 ], [ 71.475233619807312, 51.162057401405391 ], [ 71.475356802056822, 51.162033270713366 ], [ 71.475846572886397, 51.162565117246494 ] ] ], [ [ [ 71.4741554, 51.165726 ], [ 71.4739063, 51.1655922 ], [ 71.473572372528892, 51.165615703013003 ], [ 71.473363171298857, 51.165768702431485 ], [ 71.473612270485035, 51.165902603154073 ], [ 71.4739462, 51.1658791 ], [ 71.4741554, 51.165726 ] ] ], [ [ [ 71.4752619, 51.1661373 ], [ 71.4754143, 51.1660758 ], [ 71.475379600000011, 51.1657816 ], [ 71.4753057, 51.1657154 ], [ 71.475238914528077, 51.165720101478414 ], [ 71.474896414275094, 51.165866701286014 ], [ 71.475195113914495, 51.166142001461516 ], [ 71.4752619, 51.1661373 ] ] ], [ [ [ 71.474519913920503, 51.166080901075546 ], [ 71.474845313529258, 51.166379701266713 ], [ 71.474885347189797, 51.166376883201906 ], [ 71.474879313463177, 51.166428401287014 ], [ 71.474970513353597, 51.166512101340579 ], [ 71.4750373, 51.1665074 ], [ 71.4752374, 51.1664217 ], [ 71.4747738, 51.1659961 ], [ 71.474707014058723, 51.166000801180658 ], [ 71.474519913920503, 51.166080901075546 ] ] ], [ [ [ 71.475302613731074, 51.166278301525388 ], [ 71.475534913509733, 51.166451401661099 ], [ 71.4756017, 51.1664467 ], [ 71.4757797, 51.16636350000001 ], [ 71.4755293, 51.1661365 ], [ 71.475462513948159, 51.166141201613883 ], [ 71.475329713831101, 51.166211201539539 ], [ 71.475302613731074, 51.166278301525388 ] ] ], [ [ [ 71.4757794, 51.1664547 ], [ 71.475712613519804, 51.166459401762502 ], [ 71.475626813460934, 51.166493001714244 ], [ 71.475760913297734, 51.166617501793056 ], [ 71.4758277, 51.1666128 ], [ 71.4759216, 51.1665758 ], [ 71.4757794, 51.1664547 ] ] ], [ [ [ 71.475331712960951, 51.166814901552229 ], [ 71.4753985, 51.1668102 ], [ 71.475656900000018, 51.166698599999989 ], [ 71.4755404, 51.1665925 ], [ 71.47533771330022, 51.166580101551169 ], [ 71.475211413206296, 51.166634601480212 ], [ 71.475204413112721, 51.16669890147746 ], [ 71.475331712960951, 51.166814901552229 ] ] ], [ [ [ 71.473775112455826, 51.167034000669283 ], [ 71.473751412315963, 51.167129000657596 ], [ 71.4737997122362, 51.167188400686257 ], [ 71.4738665, 51.1671837 ], [ 71.4741649, 51.167088299999989 ], [ 71.474086, 51.1669913 ], [ 71.473870112511207, 51.16700360072285 ], [ 71.473775112455826, 51.167034000669283 ] ] ], [ [ [ 71.4759243, 51.1671611 ], [ 71.475857512518971, 51.167165801858602 ], [ 71.47533711223754, 51.167317101564898 ], [ 71.47542831207879, 51.167434901619117 ], [ 71.4754951, 51.1674302 ], [ 71.4760181, 51.1672805 ], [ 71.4759243, 51.1671611 ] ] ], [ [ [ 71.476214961629026, 51.167408213162439 ], [ 71.4763302, 51.1674001 ], [ 71.4764591, 51.1673591 ], [ 71.4764208, 51.1671991 ], [ 71.4763757, 51.1671434 ], [ 71.476223100000013, 51.1670661 ], [ 71.476089525369645, 51.167075504016161 ], [ 71.475959825219292, 51.167116703869887 ], [ 71.476117614695212, 51.167311809738528 ], [ 71.475873912221346, 51.167373601871915 ], [ 71.475999611993103, 51.167542501946777 ], [ 71.4760664, 51.1675378 ], [ 71.4762676, 51.1674789 ], [ 71.476214961629026, 51.167408213162439 ] ] ], [ [ [ 71.4748192, 51.1677724 ], [ 71.474752411503218, 51.167777101240461 ], [ 71.474633011432886, 51.167815801173155 ], [ 71.474688011354658, 51.167874701205619 ], [ 71.4748755, 51.1678372 ], [ 71.4748192, 51.1677724 ] ] ], [ [ [ 71.4756915, 51.1683462 ], [ 71.47555792154894, 51.168355603459162 ], [ 71.474510420256337, 51.168715502278921 ], [ 71.474888019074911, 51.169157002726195 ], [ 71.4750216, 51.1691476 ], [ 71.4760841, 51.168785 ], [ 71.4756915, 51.1683462 ] ] ], [ [ [ 71.4764084, 51.16921330000001 ], [ 71.4763386, 51.1691292 ], [ 71.4762718097316, 51.169133902132337 ], [ 71.476005009573541, 51.169221001981924 ], [ 71.476074709460761, 51.169305102023273 ], [ 71.4761415, 51.1693004 ], [ 71.4764084, 51.16921330000001 ] ] ], [ [ [ 71.4752465, 51.1695312 ], [ 71.47533940000001, 51.169498399999988 ], [ 71.4751127, 51.1692459 ], [ 71.475045909414234, 51.169250601435877 ], [ 71.47484420928707, 51.169321801322276 ], [ 71.474999909055938, 51.169495201414342 ], [ 71.475179709019116, 51.169535901517598 ], [ 71.4752465, 51.1695312 ] ] ], [ [ [ 71.473472713736712, 51.170888601179087 ], [ 71.474527910714386, 51.172025402425312 ], [ 71.4746615, 51.172016 ], [ 71.4773607, 51.1710309 ], [ 71.4763054, 51.1698942 ], [ 71.476171817233961, 51.169903604218092 ], [ 71.475290816573803, 51.170058203219781 ], [ 71.4744789155218, 51.170354502305635 ], [ 71.473472713736712, 51.170888601179087 ] ] ], [ [ [ 71.4760822, 51.17215 ], [ 71.4759326, 51.171976899999983 ], [ 71.475865805575609, 51.171981601955366 ], [ 71.475308005234609, 51.172171001641061 ], [ 71.475457505003007, 51.17234420172958 ], [ 71.4755243, 51.1723395 ], [ 71.4760822, 51.17215 ] ] ], [ [ [ 71.4758993, 51.1727958 ], [ 71.4766936, 51.1724977 ], [ 71.476624, 51.1723941 ], [ 71.4763805, 51.1722699 ], [ 71.476313705207531, 51.172274602216241 ], [ 71.475984204989331, 51.172398102030819 ], [ 71.475875508095854, 51.17252909707274 ], [ 71.4758402, 51.1724923 ], [ 71.475773404821055, 51.172497001912561 ], [ 71.475247704470846, 51.17269550161673 ], [ 71.475363904310456, 51.172816501685254 ], [ 71.4754307, 51.1728118 ], [ 71.475736776755795, 51.172696286645291 ], [ 71.47583250439051, 51.172800501952047 ], [ 71.4758993, 51.1727958 ] ] ], [ [ [ 71.4760831, 51.1730817 ], [ 71.4757558, 51.1727387 ], [ 71.475689004455418, 51.172743401869148 ], [ 71.475282604186191, 51.172895801640436 ], [ 71.475610003731305, 51.173238801833598 ], [ 71.4756768, 51.1732341 ], [ 71.4760831, 51.1730817 ] ] ], [ [ [ 71.4761743, 51.1732048 ], [ 71.476107503834072, 51.173209502116599 ], [ 71.475908703692497, 51.173290902004837 ], [ 71.475976603606711, 51.173356102044792 ], [ 71.4760434, 51.1733514 ], [ 71.4762422, 51.17327 ], [ 71.4761743, 51.1732048 ] ] ], [ [ [ 71.4760272, 51.1735235 ], [ 71.4763345, 51.173428699999981 ], [ 71.4762454, 51.1733152 ], [ 71.476098803638308, 51.173344502114212 ], [ 71.475892203473421, 51.173441401998325 ], [ 71.475960403356524, 51.173528202038852 ], [ 71.4760272, 51.1735235 ] ] ], [ [ [ 71.4755541, 51.1747995 ], [ 71.475487301458486, 51.174804201793584 ], [ 71.475326401341846, 51.174871501703137 ], [ 71.475437801204222, 51.174976301768638 ], [ 71.4755046, 51.1749716 ], [ 71.4756655, 51.1749043 ], [ 71.4755541, 51.1747995 ] ] ], [ [ [ 71.4759909, 51.1749566 ], [ 71.475924101285017, 51.174961302045546 ], [ 71.47584450121289, 51.17500460200101 ], [ 71.475940101124849, 51.175073702056821 ], [ 71.476006900000016, 51.175069 ], [ 71.4760865, 51.1750257 ], [ 71.4759909, 51.1749566 ] ] ], [ [ [ 71.4748353, 51.1750484 ], [ 71.474768501012065, 51.175053101388635 ], [ 71.474629000907839, 51.175113601310265 ], [ 71.474725600812832, 51.175187601366744 ], [ 71.4747924, 51.1751829 ], [ 71.4749318, 51.1751291 ], [ 71.4748353, 51.1750484 ] ] ], [ [ [ 71.4752079, 51.1750678 ], [ 71.475141101029394, 51.175072501601385 ], [ 71.474995300916319, 51.175138601519535 ], [ 71.475103000794689, 51.175232001582714 ], [ 71.4751698, 51.1752273 ], [ 71.4753156, 51.1751612 ], [ 71.4752079, 51.1750678 ] ] ], [ [ [ 71.474926700000012, 51.1753318 ], [ 71.4748212, 51.1752384 ], [ 71.474754400736259, 51.175243101384218 ], [ 71.474626800639115, 51.175299701312568 ], [ 71.474732300517218, 51.175393101374496 ], [ 71.4747991, 51.1753884 ], [ 71.474926700000012, 51.1753318 ] ] ], [ [ [ 71.475176800482132, 51.175454901629031 ], [ 71.4752436, 51.1754502 ], [ 71.4754584, 51.1753448 ], [ 71.4753422, 51.1752283 ], [ 71.475275400814212, 51.175233001680994 ], [ 71.47514870072726, 51.175282601609709 ], [ 71.475105900576054, 51.175383801587266 ], [ 71.475176800482132, 51.175454901629031 ] ] ], [ [ [ 71.4745349, 51.1753208 ], [ 71.474468100582584, 51.175325501222616 ], [ 71.474298800459025, 51.175396901127478 ], [ 71.474508000203173, 51.175591901250449 ], [ 71.4745748, 51.1755872 ], [ 71.4747441, 51.1755159 ], [ 71.4745349, 51.1753208 ] ] ], [ [ [ 71.476456, 51.175509 ], [ 71.4763981, 51.1754468 ], [ 71.47633130062745, 51.175451502287004 ], [ 71.476015500422292, 51.175567102109227 ], [ 71.476073500339623, 51.175629302143463 ], [ 71.4761403, 51.1756246 ], [ 71.476456, 51.175509 ] ] ], [ [ [ 71.4765452, 51.1755992 ], [ 71.476478400425506, 51.175603902373766 ], [ 71.476203300244919, 51.175705902218908 ], [ 71.476257100169235, 51.175762902250661 ], [ 71.4763239, 51.1757582 ], [ 71.4765989, 51.1756562 ], [ 71.4765452, 51.1755992 ] ] ], [ [ [ 71.475927100350376, 51.17560950205965 ], [ 71.475672779719972, 51.17570242859923 ], [ 71.4756725, 51.1755814 ], [ 71.4755966, 51.1755063 ], [ 71.475529800444136, 51.175511001831296 ], [ 71.475155100180302, 51.175662301620619 ], [ 71.475418999839519, 51.175920801775987 ], [ 71.4754858, 51.175916099999988 ], [ 71.4756731, 51.175841 ], [ 71.475672794996967, 51.175709038460283 ], [ 71.475884699873205, 51.175936702041746 ], [ 71.4759515, 51.175932 ], [ 71.4762112, 51.1758383 ], [ 71.4759939, 51.1756048 ], [ 71.475927100350376, 51.17560950205965 ] ] ], [ [ [ 71.4748318, 51.1759392 ], [ 71.4749138, 51.1758984 ], [ 71.474786, 51.1757975 ], [ 71.474719199925502, 51.175802201374836 ], [ 71.474574799804373, 51.17587400129392 ], [ 71.474662899714545, 51.175943701345467 ], [ 71.4748318, 51.1759392 ] ] ], [ [ [ 71.4750636, 51.1760286 ], [ 71.474929999236863, 51.176038003036993 ], [ 71.474639898632276, 51.176223102713358 ], [ 71.474795498393448, 51.176319002894395 ], [ 71.4749291, 51.1763096 ], [ 71.4752192, 51.1761245 ], [ 71.4750636, 51.1760286 ] ] ], [ [ [ 71.4764944, 51.1763234 ], [ 71.476427599374659, 51.176328102358646 ], [ 71.476181199176182, 51.176444902220432 ], [ 71.476490098844181, 51.176701102401395 ], [ 71.4765569, 51.1766964 ], [ 71.4768034, 51.1765796 ], [ 71.4764944, 51.1763234 ] ] ], [ [ [ 71.4758148, 51.1764996 ], [ 71.475747999037807, 51.17650430197466 ], [ 71.475347098765312, 51.176659401749113 ], [ 71.475573798458925, 51.17689090188275 ], [ 71.4756406, 51.1768862 ], [ 71.4760439, 51.1767306 ], [ 71.4758148, 51.1764996 ] ] ], [ [ [ 71.475139700000014, 51.1767258 ], [ 71.475072898629392, 51.176730501594172 ], [ 71.474886498456385, 51.176834701489931 ], [ 71.474976298383652, 51.176892701542229 ], [ 71.4750431, 51.176888 ], [ 71.4752322, 51.1767829 ], [ 71.475139700000014, 51.1767258 ] ] ], [ [ [ 71.47622559839553, 51.176989802256166 ], [ 71.4762924, 51.1769851 ], [ 71.4764032, 51.1769348 ], [ 71.4761703, 51.1767334 ], [ 71.476103498743782, 51.176738102181751 ], [ 71.475962098633971, 51.176802302102381 ], [ 71.476107698470045, 51.176928202187781 ], [ 71.47622559839553, 51.176989802256166 ] ] ], [ [ [ 71.4760488, 51.176983099999987 ], [ 71.475961900000016, 51.1769095 ], [ 71.475895098464392, 51.176914202066349 ], [ 71.475784798377106, 51.176965402004441 ], [ 71.4758715982815, 51.177039002055331 ], [ 71.4759384, 51.1770343 ], [ 71.4760488, 51.176983099999987 ] ] ], [ [ [ 71.4752161, 51.176937599999988 ], [ 71.475149298333122, 51.176942301641766 ], [ 71.475063498212336, 51.177018801594322 ], [ 71.475160098158582, 51.177064201650253 ], [ 71.4752269, 51.1770595 ], [ 71.4753167, 51.1769813 ], [ 71.4752161, 51.176937599999988 ] ] ], [ [ [ 71.4749724, 51.1769214 ], [ 71.47490559832687, 51.176926101502559 ], [ 71.474715798148125, 51.177034001396422 ], [ 71.474822098055029, 51.17710750145843 ], [ 71.4748889, 51.1771028 ], [ 71.4750787, 51.1769949 ], [ 71.4749724, 51.1769214 ] ] ], [ [ [ 71.475222497937082, 51.177223001688873 ], [ 71.4752893, 51.1772183 ], [ 71.475355289984876, 51.177166575639035 ], [ 71.4754203, 51.177162 ], [ 71.4755174, 51.1770859 ], [ 71.4754256, 51.1770399 ], [ 71.475358798211033, 51.177044601763129 ], [ 71.475268195355525, 51.17711560963933 ], [ 71.475188798090244, 51.177114001667569 ], [ 71.475117198000461, 51.177170201627831 ], [ 71.475222497937082, 51.177223001688873 ] ] ], [ [ [ 71.4761911, 51.1770453 ], [ 71.476124298296341, 51.177050002199572 ], [ 71.47603709820568, 51.177105502150937 ], [ 71.476112198138509, 51.177158402194742 ], [ 71.476179, 51.1771537 ], [ 71.4762716, 51.1770966 ], [ 71.4761911, 51.1770453 ] ] ], [ [ [ 71.4748856, 51.1771082 ], [ 71.474818798046826, 51.17711290145666 ], [ 71.474730597942184, 51.177178001407619 ], [ 71.474795297900272, 51.177212501445148 ], [ 71.4748621, 51.177207799999977 ], [ 71.4749503, 51.1771427 ], [ 71.4748856, 51.1771082 ] ] ], [ [ [ 71.474682, 51.1772051 ], [ 71.474615197882272, 51.177209801342464 ], [ 71.47452439777804, 51.177274401291918 ], [ 71.474629397707133, 51.177332401352871 ], [ 71.4746962, 51.1773277 ], [ 71.474787, 51.177263 ], [ 71.474682, 51.1772051 ] ] ], [ [ [ 71.47667299807199, 51.177251802516174 ], [ 71.476584673061481, 51.177307920028447 ], [ 71.476352, 51.177168599999987 ], [ 71.476285198138058, 51.177173302293632 ], [ 71.476206998054522, 51.177224602250043 ], [ 71.476354797944836, 51.17731310233598 ], [ 71.476326997915052, 51.17733140232049 ], [ 71.476506697781701, 51.177439002424983 ], [ 71.4765735, 51.1774343 ], [ 71.47666751860352, 51.177372567045282 ], [ 71.476695697875385, 51.177390002531773 ], [ 71.4767625, 51.1773853 ], [ 71.4768615, 51.1773224 ], [ 71.4767398, 51.17724710000001 ], [ 71.47667299807199, 51.177251802516174 ] ] ], [ [ [ 71.475723200000019, 51.1771978 ], [ 71.475656398019453, 51.177202501935795 ], [ 71.47556849792997, 51.177257101886724 ], [ 71.475672297847836, 51.177322801947142 ], [ 71.4757391, 51.1773181 ], [ 71.4758269, 51.1772636 ], [ 71.475723200000019, 51.1771978 ] ] ], [ [ [ 71.475084, 51.1772216 ], [ 71.475017197907349, 51.177226301571885 ], [ 71.4749002977874, 51.177299601506682 ], [ 71.474993997713966, 51.177358401561207 ], [ 71.4750608, 51.1773537 ], [ 71.4751778, 51.1772804 ], [ 71.475084, 51.1772216 ] ] ], [ [ [ 71.4745233, 51.177398 ], [ 71.4743852, 51.1773218 ], [ 71.47431839767782, 51.177326501175507 ], [ 71.474191997532628, 51.177416501105185 ], [ 71.4743301974395, 51.177492701185407 ], [ 71.474397, 51.177488 ], [ 71.4745233, 51.177398 ] ] ], [ [ [ 71.4754676, 51.1773292 ], [ 71.475400797798798, 51.177333901792601 ], [ 71.475312897709344, 51.17738850174355 ], [ 71.475416697627168, 51.177454201803975 ], [ 71.4754835, 51.1774495 ], [ 71.4755713, 51.177395 ], [ 71.4754676, 51.1773292 ] ] ], [ [ [ 71.4753058, 51.1773922 ], [ 71.475238997688237, 51.177396901701606 ], [ 71.475128197567429, 51.177471301639848 ], [ 71.475250097455586, 51.177559101710997 ], [ 71.47531690000001, 51.1775544 ], [ 71.475424600000011, 51.1774908 ], [ 71.475348581157164, 51.177450372611197 ], [ 71.4753749, 51.1774327 ], [ 71.4753058, 51.1773922 ] ] ], [ [ [ 71.4760901, 51.1776303 ], [ 71.4762825, 51.1775233 ], [ 71.4761108, 51.177402 ], [ 71.476043997771995, 51.17740670216061 ], [ 71.4759469976823, 51.177460702106359 ], [ 71.47597927219681, 51.177483516309273 ], [ 71.475883997565148, 51.177536602071903 ], [ 71.476023297440108, 51.177635002153181 ], [ 71.4760901, 51.1776303 ] ] ], [ [ [ 71.4747243, 51.1777092 ], [ 71.4748382, 51.177626 ], [ 71.474721137913207, 51.177570577049039 ], [ 71.4747848, 51.1775238 ], [ 71.4746712, 51.1774631 ], [ 71.474604397508756, 51.177467801341209 ], [ 71.474414097283798, 51.177607701235424 ], [ 71.474527597210027, 51.177668401301268 ], [ 71.474567716822335, 51.177665577855244 ], [ 71.474596472614692, 51.177681055440367 ], [ 71.474560297192085, 51.177683601320197 ], [ 71.474494097120541, 51.177727601283294 ], [ 71.474613197033335, 51.177798101352543 ], [ 71.47468, 51.1777934 ], [ 71.4747462, 51.1777495 ], [ 71.474683105814535, 51.177712099123319 ], [ 71.4747243, 51.1777092 ] ] ], [ [ [ 71.4755649, 51.1775689 ], [ 71.475498097464808, 51.177573601852643 ], [ 71.475398797350621, 51.177644401797394 ], [ 71.475530097262123, 51.177716801873636 ], [ 71.4755969, 51.1777121 ], [ 71.4756963, 51.1776413 ], [ 71.4755649, 51.1775689 ] ] ], [ [ [ 71.4767225, 51.1775625 ], [ 71.476655697614859, 51.17756720251235 ], [ 71.476575697536603, 51.177614702467658 ], [ 71.476674697454314, 51.177680102525329 ], [ 71.476741500000017, 51.1776754 ], [ 71.4768214, 51.1776278 ], [ 71.4767225, 51.1775625 ] ] ], [ [ [ 71.4757972, 51.1776211 ], [ 71.475730397417763, 51.177625801986061 ], [ 71.475623797298766, 51.177699301926708 ], [ 71.475743997214579, 51.177767801996495 ], [ 71.4758108, 51.1777631 ], [ 71.4759174, 51.1776896 ], [ 71.4757972, 51.1776211 ] ] ], [ [ [ 71.476474924585702, 51.177859255560776 ], [ 71.476332697038046, 51.177939802335359 ], [ 71.476436096950195, 51.178009402395631 ], [ 71.4765029, 51.1780047 ], [ 71.4766402, 51.1779245 ], [ 71.476549563326842, 51.177863491192085 ], [ 71.4766473, 51.1778123 ], [ 71.4765646, 51.1777525 ], [ 71.476476625940165, 51.177768703202332 ], [ 71.4762981, 51.1776426 ], [ 71.476231297447683, 51.177647302271978 ], [ 71.476143297366292, 51.177696302222749 ], [ 71.476328997199758, 51.177827402331111 ], [ 71.476411890090802, 51.177813730564942 ], [ 71.476474924585702, 51.177859255560776 ] ] ], [ [ [ 71.47503676766361, 51.177852952735883 ], [ 71.4748919, 51.1777647 ], [ 71.474825097100506, 51.177769401472787 ], [ 71.474741497012573, 51.177823301426159 ], [ 71.474898196893989, 51.177918701517292 ], [ 71.474965, 51.177914 ], [ 71.475030078895429, 51.177871991004203 ], [ 71.475119996912312, 51.177924701643846 ], [ 71.4751868, 51.17792 ], [ 71.4752402, 51.1778842 ], [ 71.4751387, 51.1778247 ], [ 71.475071897043961, 51.177829401614595 ], [ 71.47503676766361, 51.177852952735883 ] ] ], [ [ [ 71.4744307, 51.1778076 ], [ 71.474363896982524, 51.177812301210714 ], [ 71.474249196830925, 51.177907701147149 ], [ 71.474355496771452, 51.1779579012087 ], [ 71.4744223, 51.1779532 ], [ 71.474537, 51.1778578 ], [ 71.4744307, 51.1778076 ] ] ], [ [ [ 71.4753581, 51.177953100000011 ], [ 71.475291296885388, 51.177957801742117 ], [ 71.475203096783773, 51.178020801693044 ], [ 71.475263596743105, 51.178054101728158 ], [ 71.4753304, 51.1780494 ], [ 71.4754187, 51.1779865 ], [ 71.4753581, 51.177953100000011 ] ] ], [ [ [ 71.4763155, 51.1780221 ], [ 71.476223100000013, 51.17796 ], [ 71.476156296980648, 51.177964702235293 ], [ 71.475973796804666, 51.178071302133297 ], [ 71.476066096726143, 51.178133502187109 ], [ 71.4761329, 51.1781288 ], [ 71.4763155, 51.1780221 ] ] ], [ [ [ 71.4764159, 51.1780606 ], [ 71.476349096858982, 51.178065302347115 ], [ 71.476224296740781, 51.178136702277328 ], [ 71.476312996663722, 51.178197602329071 ], [ 71.4763798, 51.1781929 ], [ 71.4765046, 51.1781215 ], [ 71.4764159, 51.1780606 ] ] ], [ [ [ 71.475263523478716, 51.178134870072221 ], [ 71.475239, 51.1781205 ], [ 71.475172196629401, 51.178125201677418 ], [ 71.475122296575137, 51.178158601649599 ], [ 71.475239296490543, 51.178227101717624 ], [ 71.4753061, 51.1782224 ], [ 71.475337540921174, 51.178201313125093 ], [ 71.47545569646492, 51.178263101841658 ], [ 71.4755225, 51.1782584 ], [ 71.4756396, 51.178170399999985 ], [ 71.4755131, 51.1781043 ], [ 71.475357496686414, 51.17810130178259 ], [ 71.475263523478716, 51.178134870072221 ] ] ], [ [ [ 71.4758112, 51.1781469 ], [ 71.4757443966609, 51.178151602004078 ], [ 71.47566689657603, 51.178203901960913 ], [ 71.475776096497569, 51.178267502024354 ], [ 71.4758429, 51.1782628 ], [ 71.4759204, 51.1782105 ], [ 71.4758112, 51.1781469 ] ] ], [ [ [ 71.474956796202406, 51.178403001559943 ], [ 71.4750236, 51.1783983 ], [ 71.4751384, 51.1782856 ], [ 71.4749265, 51.1782154 ], [ 71.474859696454473, 51.178220101501111 ], [ 71.474788296344812, 51.178290101461755 ], [ 71.474890796232486, 51.17837660152184 ], [ 71.474956796202406, 51.178403001559943 ] ] ], [ [ [ 71.4763088, 51.143257799999986 ], [ 71.4764379, 51.1431741 ], [ 71.476365388697332, 51.143130053048651 ], [ 71.476504800000015, 51.1430411 ], [ 71.47636, 51.1429587 ], [ 71.476293247442598, 51.142963401644074 ], [ 71.476175070389559, 51.143045094987826 ], [ 71.476045, 51.1427185 ], [ 71.47583874769677, 51.142748501381043 ], [ 71.475986247203565, 51.143103501471856 ], [ 71.4761871, 51.1430753 ], [ 71.476180997074962, 51.14305997624021 ], [ 71.47627666292739, 51.143114482106292 ], [ 71.476137247084552, 51.143198901559714 ], [ 71.476242047005712, 51.14326250162064 ], [ 71.4763088, 51.143257799999986 ] ] ], [ [ [ 71.4765412, 51.1428801 ], [ 71.476474447577772, 51.142884801745808 ], [ 71.476380047472432, 51.142950001693258 ], [ 71.476522647372846, 51.143031201776068 ], [ 71.4765894, 51.1430265 ], [ 71.4766838, 51.14296130000001 ], [ 71.4765412, 51.1428801 ] ] ], [ [ [ 71.4771388, 51.1430933 ], [ 71.477072047343441, 51.143098002090333 ], [ 71.476950947215414, 51.143176702022885 ], [ 71.477084847114625, 51.143258002100694 ], [ 71.4771516, 51.1432533 ], [ 71.4772743, 51.1431746 ], [ 71.4771388, 51.1430933 ] ] ], [ [ [ 71.4769931, 51.1432208 ], [ 71.476926347142154, 51.143225502009784 ], [ 71.476874047083669, 51.143261701980684 ], [ 71.476980047009306, 51.143322302042229 ], [ 71.4770468, 51.143317599999989 ], [ 71.4771017, 51.1432797 ], [ 71.4769931, 51.1432208 ] ] ], [ [ [ 71.4760468, 51.1434229 ], [ 71.4759598, 51.1432784 ], [ 71.475828946910724, 51.143293601385878 ], [ 71.475915946710103, 51.143440301438247 ], [ 71.4760468, 51.1434229 ] ] ], [ [ [ 71.4767121, 51.1433206 ], [ 71.476645346964318, 51.14332530185159 ], [ 71.476563346881775, 51.143375701805844 ], [ 71.476737846742139, 51.143487401907407 ], [ 71.4768046, 51.1434827 ], [ 71.4768866, 51.1434324 ], [ 71.4767121, 51.1433206 ] ] ], [ [ [ 71.477163546628304, 51.143602402152126 ], [ 71.4772303, 51.1435977 ], [ 71.4773797, 51.1434926 ], [ 71.4772341, 51.1434098 ], [ 71.477073846887222, 51.143415002097434 ], [ 71.477008246800224, 51.143469902061121 ], [ 71.477016546725636, 51.14352240206685 ], [ 71.477163546628304, 51.143602402152126 ] ] ], [ [ [ 71.4766114, 51.143472 ], [ 71.476544646734069, 51.14347670179712 ], [ 71.476414546594015, 51.143563001724658 ], [ 71.476547346498862, 51.143640301801796 ], [ 71.4766141, 51.14363560000001 ], [ 71.4767474, 51.1435493 ], [ 71.4766114, 51.143472 ] ] ], [ [ [ 71.476977, 51.1435308 ], [ 71.476910246693862, 51.143535502006536 ], [ 71.476770246546536, 51.143626001928517 ], [ 71.477157046254746, 51.143861302153383 ], [ 71.4772238, 51.1438566 ], [ 71.4773637, 51.1437661 ], [ 71.476977, 51.1435308 ] ] ], [ [ [ 71.4768634, 51.1437578 ], [ 71.476796646353193, 51.143762501946163 ], [ 71.47668254624098, 51.143830801882466 ], [ 71.476838246110603, 51.143934501973163 ], [ 71.476905, 51.1439298 ], [ 71.4770224, 51.143862199999987 ], [ 71.4768634, 51.1437578 ] ] ], [ [ [ 71.4770669, 51.143989 ], [ 71.477000146045029, 51.143993702066531 ], [ 71.476844545904896, 51.144077901979493 ], [ 71.477198645623375, 51.144303302185541 ], [ 71.4772654, 51.1442986 ], [ 71.4774102, 51.1442078 ], [ 71.4770669, 51.143989 ] ] ], [ [ [ 71.475499544787638, 51.14474030122588 ], [ 71.4755663, 51.1447356 ], [ 71.4757407, 51.1444866 ], [ 71.4753013, 51.1443653 ], [ 71.475234545288629, 51.144370001067813 ], [ 71.475107945198957, 51.144421600996679 ], [ 71.474983544930865, 51.144597300929163 ], [ 71.475114483236666, 51.144633588482876 ], [ 71.475067444884019, 51.144636900977716 ], [ 71.47494264461487, 51.144813300909973 ], [ 71.47504574458705, 51.144841300969254 ], [ 71.4752814, 51.1448447 ], [ 71.4753495, 51.1447488 ], [ 71.475248254216766, 51.144670660856811 ], [ 71.475499544787638, 51.14474030122588 ] ] ], [ [ [ 71.4761005, 51.1446136 ], [ 71.4758742, 51.1445558 ], [ 71.475807445083959, 51.144560501397841 ], [ 71.475731944919417, 51.144668401356896 ], [ 71.475962844861513, 51.144728101489591 ], [ 71.4760296, 51.1447234 ], [ 71.4761005, 51.1446136 ] ] ], [ [ [ 71.4765975, 51.144405399999989 ], [ 71.476530745388416, 51.144410101807054 ], [ 71.4763725452285, 51.144507801718802 ], [ 71.477185244580966, 51.145026102191729 ], [ 71.477252, 51.1450214 ], [ 71.4774102, 51.1449238 ], [ 71.4765975, 51.144405399999989 ] ] ], [ [ [ 71.4763818, 51.1449087 ], [ 71.4764511, 51.1448088 ], [ 71.4763378, 51.144778 ], [ 71.476162544814358, 51.144777701604333 ], [ 71.476107244695186, 51.144855801574302 ], [ 71.476315044637488, 51.144913401693799 ], [ 71.4763818, 51.1449087 ] ] ], [ [ [ 71.4758248, 51.1448448 ], [ 71.475602744669715, 51.144830901286404 ], [ 71.475529344496081, 51.144945301246771 ], [ 71.475657944428903, 51.145002801321141 ], [ 71.475786444397286, 51.145035601394973 ], [ 71.4758467256991, 51.145031355967113 ], [ 71.476201744327824, 51.145118901633175 ], [ 71.4762685, 51.1451142 ], [ 71.4763417, 51.1450001 ], [ 71.4759743, 51.1449082 ], [ 71.475930333391773, 51.144911296492261 ], [ 71.475952, 51.1448777 ], [ 71.4758248, 51.1448448 ] ] ], [ [ [ 71.4764324, 51.1449716 ], [ 71.47636564455307, 51.144976301723837 ], [ 71.476243144276395, 51.145158101657515 ], [ 71.476480244215054, 51.145220701793797 ], [ 71.476547, 51.145216 ], [ 71.4766714, 51.1450377 ], [ 71.4764324, 51.1449716 ] ] ], [ [ [ 71.4767418, 51.1451915 ], [ 71.476675044274018, 51.145196201904312 ], [ 71.476562544034408, 51.145353101843213 ], [ 71.477209743850125, 51.145535702215447 ], [ 71.4772765, 51.145531 ], [ 71.4773889, 51.145374299999986 ], [ 71.4767418, 51.1451915 ] ] ], [ [ [ 71.4765497, 51.1463138 ], [ 71.4768603, 51.1458898 ], [ 71.476402, 51.1457577 ], [ 71.476343434184585, 51.145761824841117 ], [ 71.4763514, 51.145751 ], [ 71.476016, 51.1456538 ], [ 71.475815730515663, 51.1456679043851 ], [ 71.475780641819497, 51.14571559959235 ], [ 71.475723, 51.1456643 ], [ 71.4756327, 51.1456376 ], [ 71.475358686880455, 51.145669302364709 ], [ 71.475147186019186, 51.145950502134468 ], [ 71.475478985817276, 51.146048602516288 ], [ 71.4755387504608, 51.146044393709055 ], [ 71.475453328255455, 51.146160503793929 ], [ 71.475788627957769, 51.146257704372609 ], [ 71.4759889, 51.1462436 ], [ 71.476070349649618, 51.146132919341063 ], [ 71.476078370688228, 51.146273806567592 ], [ 71.476282670448839, 51.146332607037685 ], [ 71.4765497, 51.1463138 ] ] ], [ [ [ 71.4750099, 51.1460556 ], [ 71.474943142819257, 51.146060300934103 ], [ 71.474918742758533, 51.146100400920965 ], [ 71.475101142717619, 51.146144201025727 ], [ 71.4751679, 51.1461395 ], [ 71.4751923, 51.1460993 ], [ 71.4750099, 51.1460556 ] ] ], [ [ [ 71.476500941623755, 51.147021901840056 ], [ 71.476719341560013, 51.14708460196568 ], [ 71.476786100000012, 51.1470799 ], [ 71.476826354949694, 51.147024718871918 ], [ 71.4773789, 51.1469858 ], [ 71.4779344, 51.1462216 ], [ 71.4777264, 51.1461621 ], [ 71.477491547656911, 51.146178643250217 ], [ 71.4775633, 51.1460905 ], [ 71.4775431, 51.146023399999983 ], [ 71.477025543035595, 51.146085802121043 ], [ 71.47705664293899, 51.14615550214009 ], [ 71.477250304363821, 51.146195636183322 ], [ 71.477058829290286, 51.146209123131008 ], [ 71.477026354595097, 51.146253806168197 ], [ 71.476971042781415, 51.146257702093266 ], [ 71.476710942201564, 51.146638401952352 ], [ 71.476740970093928, 51.146646472398174 ], [ 71.476503417610076, 51.146973320112828 ], [ 71.476530688547427, 51.146981125136179 ], [ 71.476500941623755, 51.147021901840056 ] ] ], [ [ [ 71.4757691, 51.1469426 ], [ 71.475702341634118, 51.146947301383626 ], [ 71.475559241343419, 51.147137101305709 ], [ 71.475878841245589, 51.147232001489613 ], [ 71.4759456, 51.1472273 ], [ 71.4760888, 51.1470375 ], [ 71.4757691, 51.1469426 ] ] ], [ [ [ 71.4774541, 51.1470981 ], [ 71.477387341615, 51.147102802346609 ], [ 71.477324441472419, 51.147196502312582 ], [ 71.477423641448894, 51.147221202369572 ], [ 71.4774904, 51.1472165 ], [ 71.477547, 51.1471235 ], [ 71.4774541, 51.1470981 ] ] ], [ [ [ 71.4768185, 51.1473023 ], [ 71.476524664449684, 51.147322995290558 ], [ 71.4766406, 51.1471628 ], [ 71.4764311, 51.14710310000001 ], [ 71.47609730726839, 51.147126608439855 ], [ 71.475924591517781, 51.147365257005106 ], [ 71.475606498601095, 51.147396827900003 ], [ 71.475535095971026, 51.147498227241385 ], [ 71.475564594837209, 51.147547027542984 ], [ 71.475888293312323, 51.147636630707403 ], [ 71.4770232, 51.14755670000001 ], [ 71.4770963, 51.1475386 ], [ 71.4771693, 51.1474347 ], [ 71.4771371, 51.1473905 ], [ 71.4768185, 51.1473023 ] ] ], [ [ [ 71.475742, 51.148362 ], [ 71.475675239586664, 51.148366701395311 ], [ 71.475594639380262, 51.148503201352 ], [ 71.475739439349454, 51.148536801435156 ], [ 71.4758062, 51.1485321 ], [ 71.4758868, 51.1483957 ], [ 71.475742, 51.148362 ] ] ], [ [ [ 71.4754988, 51.1486352 ], [ 71.475432039163621, 51.148639901261966 ], [ 71.475403339096459, 51.148684101246467 ], [ 71.475466439080805, 51.14870030128273 ], [ 71.4755332, 51.1486956 ], [ 71.475562, 51.1486514 ], [ 71.4754988, 51.1486352 ] ] ], [ [ [ 71.4759705, 51.1497008 ], [ 71.475903737686167, 51.149705501551111 ], [ 71.475861337591141, 51.149767901528143 ], [ 71.475944037571082, 51.149788801575653 ], [ 71.4760108, 51.1497841 ], [ 71.4760523, 51.1497227 ], [ 71.4759705, 51.1497008 ] ] ], [ [ [ 71.4776134, 51.1499027 ], [ 71.4765182, 51.1496097 ], [ 71.476184389270827, 51.149633208927661 ], [ 71.476108988426333, 51.149744108723461 ], [ 71.477204186981822, 51.150037111871569 ], [ 71.477538, 51.1500136 ], [ 71.4776134, 51.1499027 ] ] ], [ [ [ 71.4755197, 51.1499346 ], [ 71.475185886324226, 51.14995810611412 ], [ 71.475105485447855, 51.150073005896047 ], [ 71.475878684384412, 51.150285908119166 ], [ 71.4762125, 51.1502624 ], [ 71.4762929, 51.150147499999989 ], [ 71.4755197, 51.1499346 ] ] ], [ [ [ 71.479362884009049, 51.150632118078356 ], [ 71.479521852651615, 51.15062091850583 ], [ 71.479918130800726, 51.150731736088623 ], [ 71.480497456218998, 51.150690917987987 ], [ 71.480415073317388, 51.150804808323137 ], [ 71.480480727830439, 51.150823496401834 ], [ 71.480445136624368, 51.150826004160123 ], [ 71.480177836029497, 51.151216404015301 ], [ 71.480322035991009, 51.1512553040982 ], [ 71.4803888, 51.1512506 ], [ 71.4806561, 51.1508602 ], [ 71.480568413025324, 51.150836545221239 ], [ 71.4807856, 51.1508189 ], [ 71.4809493, 51.150560199999987 ], [ 71.480908303384865, 51.150548535728554 ], [ 71.4809599, 51.1505449 ], [ 71.4809916, 51.1505007 ], [ 71.4807994, 51.1504463 ], [ 71.480732637199495, 51.150451004316757 ], [ 71.480700937131829, 51.150495304299525 ], [ 71.480742082386925, 51.150506928648007 ], [ 71.480624574202622, 51.150515208550779 ], [ 71.480580255020143, 51.15057646651379 ], [ 71.4799939, 51.1504124 ], [ 71.47950397798391, 51.150446917140009 ], [ 71.4781427, 51.150059 ], [ 71.477866745453269, 51.150078438153081 ], [ 71.4777026, 51.1500294 ], [ 71.477635837423406, 51.150034102544282 ], [ 71.477342936827199, 51.150423302384858 ], [ 71.47750733677718, 51.150471902479467 ], [ 71.4775741, 51.1504672 ], [ 71.477787886246247, 51.150183198556462 ], [ 71.479362884009049, 51.150632118078356 ] ] ], [ [ [ 71.4773348, 51.150467 ], [ 71.477282809347912, 51.150470661866422 ], [ 71.4773316, 51.1503404 ], [ 71.4766387, 51.150141699999985 ], [ 71.476571937132306, 51.150146401940262 ], [ 71.476306736575765, 51.150510401796112 ], [ 71.476472236527613, 51.150557801891338 ], [ 71.477148041912884, 51.150629794451568 ], [ 71.477122836455166, 51.150663002264054 ], [ 71.477474836346417, 51.150768202466601 ], [ 71.4775416, 51.150763499999982 ], [ 71.4776405, 51.150633099999986 ], [ 71.4774596, 51.1505043 ], [ 71.4773348, 51.150467 ] ] ], [ [ [ 71.4755372, 51.1510685 ], [ 71.475470435663453, 51.151073201330369 ], [ 71.475395635502238, 51.151178801289774 ], [ 71.475561535455284, 51.151225401385197 ], [ 71.4756283, 51.1512207 ], [ 71.475702, 51.1511157 ], [ 71.4755372, 51.1510685 ] ] ], [ [ [ 71.477379734806661, 51.151829102432721 ], [ 71.4774465, 51.1518244 ], [ 71.4775112, 51.151738 ], [ 71.477446709323416, 51.151718995838841 ], [ 71.4775148, 51.1517142 ], [ 71.4777023, 51.1514624 ], [ 71.477569350878795, 51.15142344293632 ], [ 71.4776878, 51.1514151 ], [ 71.4778436, 51.151193 ], [ 71.4776205, 51.1511315 ], [ 71.477420207433127, 51.151145607441968 ], [ 71.477264506416574, 51.151367707188577 ], [ 71.477333658482451, 51.151386778472684 ], [ 71.477289270871537, 51.151389904783514 ], [ 71.47710177010083, 51.151641604579467 ], [ 71.477215770861378, 51.151675050509184 ], [ 71.477184534946005, 51.151715902319339 ], [ 71.477187534864967, 51.151772402322123 ], [ 71.477379734806661, 51.151829102432721 ] ] ], [ [ [ 71.47513503359859, 51.152478301166127 ], [ 71.474668433241831, 51.152686600904232 ], [ 71.474678632483588, 51.15321380092012 ], [ 71.475566831588523, 51.153910001439527 ], [ 71.476089531433658, 51.154061601740274 ], [ 71.4761563, 51.1540569 ], [ 71.4767707, 51.1531909 ], [ 71.475424, 51.1524724 ], [ 71.47513503359859, 51.152478301166127 ] ] ], [ [ [ 71.4768194, 51.1534094 ], [ 71.476752632447102, 51.153414102105721 ], [ 71.476635132200286, 51.153575502041853 ], [ 71.476839232140961, 51.153633902159278 ], [ 71.476906, 51.153629199999983 ], [ 71.4770235, 51.1534678 ], [ 71.4768194, 51.1534094 ] ] ], [ [ [ 71.476977531956095, 51.153773902240758 ], [ 71.477174031895132, 51.153832802353854 ], [ 71.4772408, 51.1538281 ], [ 71.4773316, 51.1537088 ], [ 71.4775114, 51.1533165 ], [ 71.4773549, 51.1532696 ], [ 71.477288132713596, 51.153274302408192 ], [ 71.477043732221432, 51.153595302275058 ], [ 71.476977531956095, 51.153773902240758 ] ] ], [ [ [ 71.4763754, 51.1543252 ], [ 71.476308631073721, 51.154329901870248 ], [ 71.476226130891831, 51.154449201825514 ], [ 71.47724813061555, 51.154727202413184 ], [ 71.4773149, 51.1547225 ], [ 71.4773974, 51.1546032 ], [ 71.4763754, 51.1543252 ] ] ], [ [ [ 71.4775317, 51.154628 ], [ 71.477464930778055, 51.154632702534926 ], [ 71.477443430728471, 51.154665302523284 ], [ 71.477501530713781, 51.154680402556671 ], [ 71.4775683, 51.1546757 ], [ 71.4775898, 51.1546431 ], [ 71.4775317, 51.154628 ] ] ], [ [ [ 71.4778148, 51.1547032 ], [ 71.477480953371725, 51.154726713108737 ], [ 71.477179950059366, 51.155161112292738 ], [ 71.477354549822607, 51.155208712794732 ], [ 71.4776884, 51.1551852 ], [ 71.4779894, 51.1547508 ], [ 71.4778148, 51.1547032 ] ] ], [ [ [ 71.475979129537279, 51.155368501702362 ], [ 71.4764345, 51.1553698 ], [ 71.476767, 51.1553118 ], [ 71.4767713, 51.1552052 ], [ 71.4765438, 51.1548313 ], [ 71.476061630323755, 51.154829601739053 ], [ 71.475987829854745, 51.155148901703114 ], [ 71.475979129537279, 51.155368501702362 ] ] ], [ [ [ 71.4764986, 51.1572453 ], [ 71.476537, 51.1572319 ], [ 71.476585, 51.1571844 ], [ 71.4765807, 51.1571195 ], [ 71.4765007, 51.1570807 ], [ 71.476380557663774, 51.157077227945223 ], [ 71.4763163, 51.157034 ], [ 71.475515024980226, 51.157090420155136 ], [ 71.475401924445208, 51.157111819386664 ], [ 71.475193922590748, 51.157201517984937 ], [ 71.475308020860297, 51.157311218790312 ], [ 71.475502966869058, 51.157297492982245 ], [ 71.475631121300466, 51.157313021000078 ], [ 71.4764986, 51.1572453 ] ] ], [ [ [ 71.476774, 51.1593033 ], [ 71.4763923, 51.1589125 ], [ 71.476191973352869, 51.158926605788906 ], [ 71.475822372252651, 51.159149905169869 ], [ 71.47629307109878, 51.159456505992146 ], [ 71.4764934, 51.1594424 ], [ 71.476774, 51.1593033 ] ] ], [ [ [ 71.4769381, 51.1594978 ], [ 71.476871323688712, 51.159502502289811 ], [ 71.476742623605176, 51.159549602217375 ], [ 71.476817723507665, 51.15962360226159 ], [ 71.4768845, 51.1596189 ], [ 71.4770132, 51.1595735 ], [ 71.4769381, 51.1594978 ] ] ], [ [ [ 71.476149522971156, 51.159939501886846 ], [ 71.476380322695121, 51.160150502022418 ], [ 71.4764471, 51.1601458 ], [ 71.4768258, 51.1599859 ], [ 71.4768695, 51.1599102 ], [ 71.4766538, 51.1597513 ], [ 71.476587023288801, 51.15975600213266 ], [ 71.476149522971156, 51.159939501886846 ] ] ], [ [ [ 71.4766975, 51.1613781 ], [ 71.476630720949515, 51.161382802188669 ], [ 71.476466720832576, 51.161450102096495 ], [ 71.476597720667456, 51.161575702173543 ], [ 71.4766645, 51.161571 ], [ 71.4768286, 51.1615037 ], [ 71.4766975, 51.1613781 ] ] ], [ [ [ 71.4793226, 51.1630183 ], [ 71.4791421, 51.162817899999986 ], [ 71.4784145, 51.1623851 ], [ 71.477746696398142, 51.162432130155437 ], [ 71.477077492166714, 51.162669226387194 ], [ 71.477729582525157, 51.163393130241836 ], [ 71.4783974, 51.1633461 ], [ 71.4793226, 51.1630183 ] ] ], [ [ [ 71.47621511482744, 51.164009258528395 ], [ 71.4778179, 51.1638964 ], [ 71.4780378, 51.1638207 ], [ 71.4778604, 51.163618 ], [ 71.477641801689344, 51.163633393862355 ], [ 71.47749, 51.1634726 ], [ 71.476519884355014, 51.163540910167654 ], [ 71.4766956, 51.1634782 ], [ 71.476519, 51.1632837 ], [ 71.47645221818108, 51.163288402123399 ], [ 71.476260131784798, 51.163356954582675 ], [ 71.4760912, 51.1631709 ], [ 71.476024418291658, 51.163175601877427 ], [ 71.475803718151241, 51.163254401753179 ], [ 71.475980217892328, 51.163448901857478 ], [ 71.476047, 51.1634442 ], [ 71.476239086256982, 51.163375647515593 ], [ 71.476396995572813, 51.163549562727141 ], [ 71.475887228532443, 51.163585453849223 ], [ 71.475683325318485, 51.163661151095148 ], [ 71.475869119055616, 51.163857853726597 ], [ 71.47607022306596, 51.163843694985303 ], [ 71.47621511482744, 51.164009258528395 ] ] ], [ [ [ 71.4774655, 51.1666817 ], [ 71.477398713397591, 51.166686402727777 ], [ 71.477290813319726, 51.166731302667131 ], [ 71.477388613198414, 51.166823702724635 ], [ 71.4774554, 51.166819 ], [ 71.4775634, 51.1667741 ], [ 71.4774655, 51.1666817 ] ] ], [ [ [ 71.4773918, 51.1668768 ], [ 71.477325013107333, 51.166881502689492 ], [ 71.477058212944826, 51.166971702539165 ], [ 71.477210812707469, 51.167149202629531 ], [ 71.4772776, 51.1671445 ], [ 71.4775443, 51.1670543 ], [ 71.4773918, 51.1668768 ] ] ], [ [ [ 71.476687834194962, 51.168023407158522 ], [ 71.4768882, 51.1680093 ], [ 71.4770385, 51.1679568 ], [ 71.476859902957429, 51.167755870714885 ], [ 71.4769234, 51.1677514 ], [ 71.4769891, 51.1677203 ], [ 71.4768912, 51.167621 ], [ 71.476824411973467, 51.167625702418441 ], [ 71.476766241234941, 51.167650496457 ], [ 71.476564635708087, 51.167663206927216 ], [ 71.476414335426156, 51.167715706673249 ], [ 71.476492016336977, 51.16780310227341 ], [ 71.475897711267876, 51.168036901898162 ], [ 71.475873511022414, 51.168205101887573 ], [ 71.4759403, 51.1682004 ], [ 71.476650996149075, 51.167981962704388 ], [ 71.476687834194962, 51.168023407158522 ] ] ], [ [ [ 71.477209, 51.1679734 ], [ 71.477142211504017, 51.167978102606291 ], [ 71.477048311446595, 51.168010002553387 ], [ 71.477118111338569, 51.168090802594698 ], [ 71.4771849, 51.168086099999989 ], [ 71.4772814, 51.1680524 ], [ 71.477209, 51.1679734 ] ] ], [ [ [ 71.47701, 51.168216299999983 ], [ 71.47694321112958, 51.168221002497511 ], [ 71.476749011020161, 51.168280502387994 ], [ 71.476861010812897, 51.168433702454749 ], [ 71.4769278, 51.168429 ], [ 71.477122, 51.1683708 ], [ 71.47701, 51.168216299999983 ] ] ], [ [ [ 71.4765636, 51.1687672 ], [ 71.476333910198406, 51.168815402161634 ], [ 71.476416910054354, 51.16892230221098 ], [ 71.4764837, 51.1689176 ], [ 71.4766406, 51.1688741 ], [ 71.4765636, 51.1687672 ] ] ], [ [ [ 71.4784597, 51.1692525 ], [ 71.4786323, 51.169183699999984 ], [ 71.4784854, 51.1690448 ], [ 71.478418610114417, 51.169049503354252 ], [ 71.478248109991583, 51.169120303258417 ], [ 71.478392909811802, 51.169257203343541 ], [ 71.4784597, 51.1692525 ] ] ], [ [ [ 71.4776945, 51.1693096 ], [ 71.47762770963638, 51.169314302908532 ], [ 71.477440009534661, 51.169369002802632 ], [ 71.477487953427456, 51.169434580731703 ], [ 71.47742230943129, 51.169439202793868 ], [ 71.477316509354822, 51.16948330273442 ], [ 71.477346709316677, 51.169512302752182 ], [ 71.4774135, 51.16950760000001 ], [ 71.477510903699809, 51.169465972169739 ], [ 71.477617009207094, 51.169611102908121 ], [ 71.4776838, 51.1696064 ], [ 71.4778702, 51.1695518 ], [ 71.4776945, 51.1693096 ] ] ], [ [ [ 71.4771983, 51.1695711 ], [ 71.4771393, 51.169513899999984 ], [ 71.477072509274251, 51.169518602596021 ], [ 71.476866009132607, 51.169599402479882 ], [ 71.476933009053525, 51.169659902519236 ], [ 71.4769998, 51.1696552 ], [ 71.4771983, 51.1695711 ] ] ], [ [ [ 71.4779574, 51.16971070000001 ], [ 71.477890609089968, 51.16971540306605 ], [ 71.477822209036816, 51.169746503027675 ], [ 71.477938808906657, 51.16984660309604 ], [ 71.4780056, 51.1698419 ], [ 71.4780754, 51.1698116 ], [ 71.4779574, 51.16971070000001 ] ] ], [ [ [ 71.476599008491476, 51.170021502335764 ], [ 71.4766658, 51.1700168 ], [ 71.476775499178046, 51.169975124563152 ], [ 71.476804108538033, 51.170006502452381 ], [ 71.4768709, 51.1700018 ], [ 71.4770523, 51.1699368 ], [ 71.4768199, 51.1696817 ], [ 71.476753108993421, 51.169686402417199 ], [ 71.476571608877492, 51.169751502314995 ], [ 71.476690324646, 51.16988170738616 ], [ 71.476518608602831, 51.169937502288349 ], [ 71.476599008491476, 51.170021502335764 ] ] ], [ [ [ 71.477354709097753, 51.169664802759655 ], [ 71.477092008885549, 51.169789802612321 ], [ 71.477402408527908, 51.170064002794462 ], [ 71.4774692, 51.170059299999984 ], [ 71.4778439, 51.1699176 ], [ 71.4776639, 51.1697305 ], [ 71.4774863, 51.1696721 ], [ 71.477354709097753, 51.169664802759655 ] ] ], [ [ [ 71.478053016718789, 51.170240906375298 ], [ 71.4781866, 51.1702315 ], [ 71.4784929, 51.1701048 ], [ 71.4783541, 51.16992410000001 ], [ 71.478256, 51.169856 ], [ 71.4782002, 51.169838 ], [ 71.478066617856982, 51.169847406375737 ], [ 71.477766417421137, 51.169973206038364 ], [ 71.478053016718789, 51.170240906375298 ] ] ], [ [ [ 71.4771569, 51.1700524 ], [ 71.477090108499866, 51.170057102616347 ], [ 71.476890208373163, 51.170128102503782 ], [ 71.477187707934334, 51.170457502679632 ], [ 71.4772545, 51.1704528 ], [ 71.477447080361841, 51.170384399781234 ], [ 71.47750390800222, 51.170437102859459 ], [ 71.4775707, 51.1704324 ], [ 71.4777211, 51.1703686 ], [ 71.477609500000014, 51.1702651 ], [ 71.477542708248208, 51.170269802878359 ], [ 71.477405728425182, 51.170327909906035 ], [ 71.4771569, 51.1700524 ] ] ], [ [ [ 71.4783919, 51.1704339 ], [ 71.478201708099519, 51.170428503257007 ], [ 71.478169507901654, 51.170563003241227 ], [ 71.4783651, 51.1705651 ], [ 71.4783919, 51.1704339 ] ] ], [ [ [ 71.4777474, 51.1706642 ], [ 71.477680607689436, 51.1706689029646 ], [ 71.477516907581418, 51.170730002872475 ], [ 71.477701007324484, 51.170923702981099 ], [ 71.4777678, 51.170919 ], [ 71.4779315, 51.170857899999987 ], [ 71.4777474, 51.1706642 ] ] ], [ [ [ 71.47836970772137, 51.170704903358029 ], [ 71.478113507555364, 51.170798403213794 ], [ 71.478215007415287, 51.170904103273678 ], [ 71.4782818, 51.1708994 ], [ 71.47839339801952, 51.17085867083761 ], [ 71.478437607441506, 51.170904703400552 ], [ 71.4785044, 51.1709 ], [ 71.4785914, 51.1708682 ], [ 71.4784365, 51.1707002 ], [ 71.47836970772137, 51.170704903358029 ] ] ], [ [ [ 71.4781314, 51.1713709 ], [ 71.478064606717027, 51.171375603196971 ], [ 71.477664906474999, 51.17150970297174 ], [ 71.477782006291235, 51.171647003041109 ], [ 71.4778488, 51.171642299999988 ], [ 71.4782486, 51.1715082 ], [ 71.4781314, 51.1713709 ] ] ], [ [ [ 71.4786076, 51.171705 ], [ 71.4784615, 51.171572 ], [ 71.478394706467157, 51.171576703388972 ], [ 71.478185506311334, 51.171667103271474 ], [ 71.478331706137325, 51.171800103357327 ], [ 71.4783985, 51.1717954 ], [ 71.4786076, 51.171705 ] ] ], [ [ [ 71.4779037, 51.1718402 ], [ 71.477836906012513, 51.17184490307617 ], [ 71.477591205834656, 51.171947502938096 ], [ 71.47773070566241, 51.172078703020127 ], [ 71.4777975, 51.172074 ], [ 71.4780431, 51.1719713 ], [ 71.4779037, 51.1718402 ] ] ], [ [ [ 71.4789034, 51.1718465 ], [ 71.478836606125057, 51.171851203646071 ], [ 71.477846405470842, 51.172221303088797 ], [ 71.478054205180854, 51.172439903211419 ], [ 71.478121, 51.1724352 ], [ 71.4791112, 51.172065 ], [ 71.4789034, 51.1718465 ] ] ], [ [ [ 71.4776352, 51.1721128 ], [ 71.4774713, 51.1719509 ], [ 71.477404505800266, 51.171955602831837 ], [ 71.476591005234752, 51.172279102374382 ], [ 71.476754805021031, 51.172441102470827 ], [ 71.4768216, 51.1724364 ], [ 71.4776352, 51.1721128 ] ] ], [ [ [ 71.4778339, 51.1722803 ], [ 71.477767105369296, 51.172285003044799 ], [ 71.477402205102237, 51.172439402839778 ], [ 71.477517204962055, 51.172546302907378 ], [ 71.477584, 51.1725416 ], [ 71.477949, 51.1723871 ], [ 71.4778339, 51.1722803 ] ] ], [ [ [ 71.4773079, 51.1724437 ], [ 71.477241105069666, 51.172448402748159 ], [ 71.476805804758257, 51.172627602503468 ], [ 71.47691820461705, 51.172735002569588 ], [ 71.476985, 51.1727303 ], [ 71.4774203, 51.1725511 ], [ 71.4773079, 51.1724437 ] ] ], [ [ [ 71.4776437, 51.1726274 ], [ 71.477576904845577, 51.172632102943048 ], [ 71.477478504769849, 51.172676302887801 ], [ 71.477540904698543, 51.172731002924422 ], [ 71.4776077, 51.1727263 ], [ 71.4777062, 51.172682 ], [ 71.4776437, 51.1726274 ] ] ], [ [ [ 71.4781215, 51.1727325 ], [ 71.478054704752111, 51.17273720321738 ], [ 71.477933504681133, 51.172776203149056 ], [ 71.477987104593183, 51.17284170318085 ], [ 71.4780539, 51.172837 ], [ 71.4781752, 51.1727981 ], [ 71.4781215, 51.1727325 ] ] ], [ [ [ 71.4767974, 51.1726522 ], [ 71.476730604706859, 51.172656902461163 ], [ 71.476056604252932, 51.172914802081948 ], [ 71.476201504055794, 51.173063702167383 ], [ 71.4762683, 51.173059 ], [ 71.4769424, 51.1728011 ], [ 71.4767974, 51.1726522 ] ] ], [ [ [ 71.477509204301398, 51.173003702911558 ], [ 71.4777313, 51.172993 ], [ 71.4779017, 51.1729379 ], [ 71.4777686, 51.1727761 ], [ 71.477701804646316, 51.172780803017076 ], [ 71.477531404546113, 51.172835902921001 ], [ 71.477443104409161, 51.172923402872335 ], [ 71.477509204301398, 51.173003702911558 ] ] ], [ [ [ 71.4773096, 51.1730813 ], [ 71.4772328, 51.1729997 ], [ 71.477166004258635, 51.173004402715982 ], [ 71.476957304121754, 51.173081702598502 ], [ 71.477034104013413, 51.17316330264385 ], [ 71.4771009, 51.1731586 ], [ 71.4773096, 51.1730813 ] ] ], [ [ [ 71.4767364, 51.173178 ], [ 71.476669603941076, 51.173182702436456 ], [ 71.47649380382164, 51.173250702337562 ], [ 71.476572603715553, 51.173330902383981 ], [ 71.4766394, 51.1733262 ], [ 71.4768153, 51.1732582 ], [ 71.4767364, 51.173178 ] ] ], [ [ [ 71.478643, 51.1735671 ], [ 71.478576203611851, 51.173571803530592 ], [ 71.478426203512683, 51.17362790344616 ], [ 71.478513403391162, 51.173719503497615 ], [ 71.4785802, 51.1737148 ], [ 71.4787302, 51.1736587 ], [ 71.478643, 51.1735671 ] ] ], [ [ [ 71.4785, 51.1737179 ], [ 71.4784434, 51.1736513 ], [ 71.478376603466117, 51.173656003418429 ], [ 71.478178903346873, 51.173722003307006 ], [ 71.478235503257537, 51.173788703340534 ], [ 71.4783023, 51.173784 ], [ 71.4785, 51.1737179 ] ] ], [ [ [ 71.4781934, 51.173785 ], [ 71.478126603242842, 51.173789703278487 ], [ 71.477977503155898, 51.173837403194433 ], [ 71.478025203077209, 51.173896003222723 ], [ 71.478092, 51.1738913 ], [ 71.4782411, 51.1738435 ], [ 71.4781934, 51.173785 ] ] ], [ [ [ 71.478507103035739, 51.173965403498727 ], [ 71.4786601, 51.1739671 ], [ 71.4787641, 51.1739326 ], [ 71.4786766, 51.1738289 ], [ 71.478609803238328, 51.173833603554733 ], [ 71.478505703175756, 51.173868203496063 ], [ 71.4784672030991, 51.173918103475081 ], [ 71.478507103035739, 51.173965403498727 ] ] ], [ [ [ 71.4788505, 51.1740386 ], [ 71.478777300000019, 51.1739637 ], [ 71.478710503056163, 51.173968403614722 ], [ 71.478580802968551, 51.174018203541735 ], [ 71.478654002869419, 51.174093103584902 ], [ 71.4787208, 51.1740884 ], [ 71.4788505, 51.1740386 ] ] ], [ [ [ 71.4775458, 51.1739909 ], [ 71.477479002867085, 51.173995602913323 ], [ 71.477278302743144, 51.174064602800264 ], [ 71.477341602646561, 51.174136902837716 ], [ 71.4774084, 51.1741322 ], [ 71.4776091, 51.1740632 ], [ 71.4775458, 51.1739909 ] ] ], [ [ [ 71.4784384, 51.174116 ], [ 71.478371602795249, 51.174120703424471 ], [ 71.478243002696374, 51.174178403352279 ], [ 71.478337302588855, 51.1742609034076 ], [ 71.4784041, 51.1742562 ], [ 71.4785327, 51.1741985 ], [ 71.4784384, 51.174116 ] ] ], [ [ [ 71.4783024, 51.1742561 ], [ 71.478070302522767, 51.174284203255866 ], [ 71.478112102359972, 51.174400603281924 ], [ 71.4783443, 51.1743725 ], [ 71.4783024, 51.1742561 ] ] ], [ [ [ 71.4787092, 51.1743263 ], [ 71.478642402524855, 51.174331003582843 ], [ 71.478521802415287, 51.174396803515371 ], [ 71.478630402315702, 51.174475003578763 ], [ 71.4786972, 51.17447030000001 ], [ 71.4788178, 51.1744045 ], [ 71.4787092, 51.1743263 ] ] ], [ [ [ 71.4789431, 51.1745257 ], [ 71.478876302265704, 51.17453040371997 ], [ 71.478743402161697, 51.1745913036454 ], [ 71.47884580204753, 51.174679103705436 ], [ 71.4789126, 51.1746744 ], [ 71.4790455, 51.1746134 ], [ 71.4789431, 51.1745257 ] ] ], [ [ [ 71.4766833, 51.174599 ], [ 71.476616501885047, 51.174603702433359 ], [ 71.476505401743893, 51.174692202371716 ], [ 71.476680501640558, 51.174778602473175 ], [ 71.4767473, 51.1747739 ], [ 71.4768583, 51.1746854 ], [ 71.4766833, 51.174599 ] ] ], [ [ [ 71.4775878, 51.1747245 ], [ 71.4774984, 51.1746788 ], [ 71.477431601869114, 51.17468350289947 ], [ 71.477328501742321, 51.174762702842216 ], [ 71.477417901687133, 51.174808502894038 ], [ 71.4774847, 51.1748038 ], [ 71.4775878, 51.1747245 ] ] ], [ [ [ 71.4783829, 51.174687799999987 ], [ 71.478316101963742, 51.174692503403769 ], [ 71.478179701834193, 51.174770803327519 ], [ 71.478241801780456, 51.174813303363742 ], [ 71.4783086, 51.1748086 ], [ 71.478445, 51.1747303 ], [ 71.4783829, 51.174687799999987 ] ] ], [ [ [ 71.4778375, 51.1747654 ], [ 71.477770701785445, 51.174770103094396 ], [ 71.477695201701977, 51.174821603052351 ], [ 71.477781501640791, 51.174871303102485 ], [ 71.4778483, 51.1748666 ], [ 71.4779238, 51.1748152 ], [ 71.4778375, 51.1747654 ] ] ], [ [ [ 71.4780221, 51.1749575 ], [ 71.4779419, 51.1749078 ], [ 71.477875101592744, 51.174912503156627 ], [ 71.477784401498624, 51.174970103106041 ], [ 71.477864601436707, 51.175019803152693 ], [ 71.477931400000017, 51.1750151 ], [ 71.4780221, 51.1749575 ] ] ], [ [ [ 71.4776546, 51.1749518 ], [ 71.477587801494323, 51.174956502993723 ], [ 71.477458801381133, 51.175024102921483 ], [ 71.47753110131174, 51.175078302963726 ], [ 71.4775979, 51.1750736 ], [ 71.4777269, 51.1750061 ], [ 71.4776546, 51.1749518 ] ] ], [ [ [ 71.4770298, 51.174966399999988 ], [ 71.476829404147026, 51.174980507799667 ], [ 71.476529103482676, 51.175108707293539 ], [ 71.476895802155141, 51.175446407939944 ], [ 71.4770962, 51.1754323 ], [ 71.4773965, 51.1753041 ], [ 71.4770298, 51.174966399999988 ] ] ], [ [ [ 71.4790785, 51.1754171 ], [ 71.478984, 51.175352300000014 ], [ 71.478917201078374, 51.17535700375911 ], [ 71.478846801015706, 51.17539450371968 ], [ 71.478949400937339, 51.17545750377937 ], [ 71.4790162, 51.1754528 ], [ 71.4790785, 51.1754171 ] ] ], [ [ [ 71.4789459, 51.1758321 ], [ 71.4790907, 51.1757373 ], [ 71.478864500000014, 51.1756014 ], [ 71.478673800643563, 51.175637903625748 ], [ 71.47861360057955, 51.175677203592166 ], [ 71.478879100381647, 51.175836803746563 ], [ 71.4789459, 51.1758321 ] ] ], [ [ [ 71.4780915, 51.1758387 ], [ 71.478024700268151, 51.175843403259698 ], [ 71.477574099951354, 51.176025003006352 ], [ 71.477875099564471, 51.176318603183525 ], [ 71.4779419, 51.1763139 ], [ 71.4783925, 51.1761323 ], [ 71.4780915, 51.1758387 ] ] ], [ [ [ 71.477476100000018, 51.1760263 ], [ 71.47740929992267, 51.176031002912524 ], [ 71.477170199755378, 51.176126802778072 ], [ 71.477282899609548, 51.176237402844428 ], [ 71.4773497, 51.1762327 ], [ 71.4775888, 51.1761368 ], [ 71.477476100000018, 51.1760263 ] ] ], [ [ [ 71.477388498496751, 51.177017702919535 ], [ 71.4774553, 51.177013 ], [ 71.477647463759652, 51.176935453388069 ], [ 71.477752098512568, 51.177037403127152 ], [ 71.4778189, 51.1770327 ], [ 71.4783988, 51.1767987 ], [ 71.4777451, 51.1762116 ], [ 71.477019692015801, 51.176338662636105 ], [ 71.477183, 51.1762732 ], [ 71.4770615, 51.176154 ], [ 71.476994699688021, 51.176158702678649 ], [ 71.476572099392229, 51.176328102441026 ], [ 71.476693599235077, 51.17644730251255 ], [ 71.476746399762234, 51.176443585565217 ], [ 71.477388498496751, 51.177017702919535 ] ] ], [ [ [ 71.4787275, 51.176329499999987 ], [ 71.4785270988679, 51.176343610780819 ], [ 71.478384298548761, 51.17640531054019 ], [ 71.47858069784796, 51.176583810886271 ], [ 71.4787811, 51.1765697 ], [ 71.4789239, 51.1765079 ], [ 71.4787275, 51.176329499999987 ] ] ], [ [ [ 71.4782756, 51.1763876 ], [ 71.478208799498745, 51.176392303375124 ], [ 71.478058799385849, 51.176457903290888 ], [ 71.478354499038687, 51.176723503464522 ], [ 71.4784213, 51.176718800000017 ], [ 71.4785713, 51.176653199999983 ], [ 71.4782756, 51.1763876 ] ] ], [ [ [ 71.477222, 51.1769239 ], [ 71.477155198596904, 51.176928602784841 ], [ 71.476967598422462, 51.177033702679928 ], [ 71.477085798317233, 51.177116602748875 ], [ 71.4771526, 51.1771119 ], [ 71.4773401, 51.1770067 ], [ 71.477222, 51.1769239 ] ] ], [ [ [ 71.4781129, 51.177354 ], [ 71.4783925, 51.1772497 ], [ 71.478624600000018, 51.177005399999985 ], [ 71.478526, 51.1769015 ], [ 71.478459198787874, 51.176906203527679 ], [ 71.477836898377461, 51.177138203177414 ], [ 71.478046098084818, 51.177358703300889 ], [ 71.4781129, 51.177354 ] ] ], [ [ [ 71.4769194, 51.177087 ], [ 71.476852598324797, 51.177091702615485 ], [ 71.476731298216265, 51.177156702547592 ], [ 71.476848598106471, 51.177242702616098 ], [ 71.4769154, 51.177238 ], [ 71.4770367, 51.177173 ], [ 71.4769194, 51.177087 ] ] ], [ [ [ 71.477583, 51.1773093 ], [ 71.477516198084828, 51.177314002997988 ], [ 71.477413197980553, 51.177377602940496 ], [ 71.477503297908854, 51.177434902992943 ], [ 71.4775701, 51.177430200000011 ], [ 71.4776731, 51.1773666 ], [ 71.477583, 51.1773093 ] ] ], [ [ [ 71.4771689, 51.1774386 ], [ 71.477061, 51.1773689 ], [ 71.476994197935355, 51.177373602701586 ], [ 71.476888097829374, 51.177438102642355 ], [ 71.476995997741952, 51.177507802705172 ], [ 71.4770628, 51.177503099999988 ], [ 71.4771689, 51.1774386 ] ] ], [ [ [ 71.4777538, 51.1774183 ], [ 71.477686997948368, 51.177423003097424 ], [ 71.477569997845123, 51.177484703031908 ], [ 71.477661497757722, 51.17755300308535 ], [ 71.4777283, 51.177548299999984 ], [ 71.4778453, 51.1774867 ], [ 71.4777538, 51.1774183 ] ] ], [ [ [ 71.4791644, 51.177331 ], [ 71.479097598245957, 51.177335703899793 ], [ 71.478850498074095, 51.177434003760816 ], [ 71.479008197868367, 51.177589903853693 ], [ 71.479075, 51.1775852 ], [ 71.4793221, 51.177487 ], [ 71.4791644, 51.177331 ] ] ], [ [ [ 71.4773847, 51.17750740000001 ], [ 71.477317897774924, 51.177512102888755 ], [ 71.477177497640696, 51.177593302810273 ], [ 71.477235097591148, 51.177632502843856 ], [ 71.477300369801142, 51.177627907725402 ], [ 71.477256097562844, 51.177653902856235 ], [ 71.477349697483916, 51.177716502910776 ], [ 71.4774165, 51.1777118 ], [ 71.4774991, 51.1776633 ], [ 71.4774055, 51.1776007 ], [ 71.477340893371263, 51.177605248323189 ], [ 71.4774423, 51.1775466 ], [ 71.4773847, 51.17750740000001 ] ] ], [ [ [ 71.477935800000012, 51.1775152 ], [ 71.477868997830726, 51.17751990320302 ], [ 71.477786397750691, 51.177568403156862 ], [ 71.477879997671778, 51.177631003211403 ], [ 71.4779468, 51.177626299999986 ], [ 71.4780294, 51.1775778 ], [ 71.477935800000012, 51.1775152 ] ] ], [ [ [ 71.477798597421526, 51.177797603168194 ], [ 71.4778654, 51.1777929 ], [ 71.477952428944803, 51.177743498025961 ], [ 71.477991297480898, 51.177772703277576 ], [ 71.4780581, 51.177768 ], [ 71.4781818, 51.17770320000001 ], [ 71.4780554, 51.1776083 ], [ 71.477988597710976, 51.177613003272967 ], [ 71.477714197495658, 51.177739103118967 ], [ 71.477798597421526, 51.177797603168194 ] ] ], [ [ [ 71.4771629, 51.1777436 ], [ 71.4770798, 51.1776883 ], [ 71.4767965, 51.1776728 ], [ 71.476729697464748, 51.177677502556641 ], [ 71.476676997413463, 51.17770860252719 ], [ 71.476905797221718, 51.177860802660504 ], [ 71.476991720838853, 51.177844796336927 ], [ 71.476939897200339, 51.177878502680294 ], [ 71.477028097134323, 51.177931702731577 ], [ 71.4770949, 51.177927 ], [ 71.4771809, 51.177871 ], [ 71.4770928, 51.1778178 ], [ 71.477029896070761, 51.17782222826596 ], [ 71.4771629, 51.1777436 ] ] ], [ [ [ 71.478661, 51.1775219 ], [ 71.478594197909302, 51.177526603616506 ], [ 71.478346797781825, 51.177594103476778 ], [ 71.478593297299511, 51.177949203624081 ], [ 71.4786601, 51.1779445 ], [ 71.4789074, 51.1778771 ], [ 71.478661, 51.1775219 ] ] ], [ [ [ 71.4777841, 51.1777999 ], [ 71.477717297401526, 51.177804603121984 ], [ 71.477613097298971, 51.17786690306378 ], [ 71.477709797218992, 51.177930503120109 ], [ 71.4777766, 51.1779258 ], [ 71.4778809, 51.1778635 ], [ 71.4777841, 51.1777999 ] ] ], [ [ [ 71.477950297064737, 51.178057703259647 ], [ 71.4780171, 51.178053 ], [ 71.4781217, 51.1779845 ], [ 71.4781696, 51.1778188 ], [ 71.4781101, 51.1777831 ], [ 71.478043297465433, 51.177787803307496 ], [ 71.477740097174348, 51.17796400313803 ], [ 71.477817397116823, 51.178010403182988 ], [ 71.477950297064737, 51.178057703259647 ] ] ], [ [ [ 71.477186197027621, 51.178019002823369 ], [ 71.477303696931116, 51.178095802891811 ], [ 71.4773705, 51.1780911 ], [ 71.4774197, 51.1780615 ], [ 71.4774612, 51.1779407 ], [ 71.4773146, 51.1778448 ], [ 71.477247797279631, 51.177849502855246 ], [ 71.477124297157431, 51.177923802786253 ], [ 71.477186197027621, 51.178019002823369 ] ] ], [ [ [ 71.4774194, 51.1429377 ], [ 71.477352647601577, 51.142942402247236 ], [ 71.477257147494072, 51.143009002194098 ], [ 71.477394247397427, 51.143087702273718 ], [ 71.477461, 51.143083 ], [ 71.4775586, 51.1430167 ], [ 71.4774194, 51.1429377 ] ] ], [ [ [ 71.478602, 51.14329510000001 ], [ 71.4788901, 51.1430937 ], [ 71.4787134, 51.1429813 ], [ 71.47864664769611, 51.142986002985275 ], [ 71.478340147385694, 51.143175702814304 ], [ 71.478535247230738, 51.143299802927828 ], [ 71.478602, 51.14329510000001 ] ] ], [ [ [ 71.4784066, 51.14332730000001 ], [ 71.4784595, 51.1432932 ], [ 71.47831840000002, 51.143207 ], [ 71.47825164732312, 51.14321170276456 ], [ 71.478053147114821, 51.143339602653924 ], [ 71.478121247063214, 51.143381202693519 ], [ 71.4784066, 51.14332730000001 ] ] ], [ [ [ 71.4793253, 51.1434012 ], [ 71.4791836, 51.1433156 ], [ 71.4788978, 51.143223 ], [ 71.478697542066868, 51.143237109171089 ], [ 71.478538941593058, 51.143333408905555 ], [ 71.478759024003452, 51.143476008538968 ], [ 71.478587746850252, 51.143568502962886 ], [ 71.478723146733785, 51.143660803041783 ], [ 71.4787899, 51.1436561 ], [ 71.4789211, 51.1436146 ], [ 71.478973400000015, 51.1435812 ], [ 71.478931518805851, 51.143552444639326 ], [ 71.4790826, 51.1435418 ], [ 71.4793253, 51.1434012 ] ] ], [ [ [ 71.4804357, 51.1440328 ], [ 71.480897100000021, 51.143363 ], [ 71.4806709, 51.1433017 ], [ 71.480604147472789, 51.143306404106632 ], [ 71.480196247074304, 51.143548703878899 ], [ 71.479939746506943, 51.143921103739892 ], [ 71.480368946391522, 51.144037503986652 ], [ 71.4804357, 51.1440328 ] ] ], [ [ [ 71.4787025, 51.1437672 ], [ 71.4785809, 51.1436829 ], [ 71.478514146669795, 51.143687602923237 ], [ 71.478365846528391, 51.14377330284038 ], [ 71.478486346419785, 51.143858902910672 ], [ 71.4785531, 51.1438542 ], [ 71.4787025, 51.1437672 ] ] ], [ [ [ 71.47831840000002, 51.1439894 ], [ 71.4784166, 51.1439586 ], [ 71.4784571, 51.1439091 ], [ 71.4783291, 51.1438241 ], [ 71.478262346435898, 51.143828802782473 ], [ 71.478126846302786, 51.14390980270683 ], [ 71.478251646196583, 51.143994102779544 ], [ 71.47831840000002, 51.1439894 ] ] ], [ [ [ 71.4781616, 51.1439352 ], [ 71.478094846255573, 51.143939902689176 ], [ 71.477957246118322, 51.144023602612371 ], [ 71.478079946013878, 51.144106502683869 ], [ 71.4781467, 51.1441018 ], [ 71.4782843, 51.1440202 ], [ 71.4781616, 51.1439352 ] ] ], [ [ [ 71.4779622, 51.1442397 ], [ 71.4780208, 51.1442042 ], [ 71.4780592, 51.1441514 ], [ 71.4779238, 51.1440717 ], [ 71.47785704603011, 51.144076402556308 ], [ 71.477743945906511, 51.144152702493336 ], [ 71.477895445792868, 51.144244402581407 ], [ 71.4779622, 51.1442397 ] ] ], [ [ [ 71.4775856, 51.1441748 ], [ 71.477518845840549, 51.144179502365617 ], [ 71.477352445672011, 51.144282502272752 ], [ 71.477561545507527, 51.144414402394432 ], [ 71.4776283, 51.1444097 ], [ 71.4777915, 51.1443059 ], [ 71.4775856, 51.1441748 ] ] ], [ [ [ 71.478054681006711, 51.144649210947136 ], [ 71.478219680455126, 51.144758911331564 ], [ 71.479164580957814, 51.144751413484343 ], [ 71.4794316, 51.1447326 ], [ 71.4796031, 51.144621 ], [ 71.4797173, 51.1443491 ], [ 71.4793718, 51.1441411 ], [ 71.479104784335533, 51.144159913302744 ], [ 71.478531183336656, 51.144284912005162 ], [ 71.478054681006711, 51.144649210947136 ] ] ], [ [ [ 71.4808313, 51.144704799999985 ], [ 71.480903500000011, 51.1446585 ], [ 71.4809196, 51.144602399999989 ], [ 71.4808354, 51.1445508 ], [ 71.480768645694283, 51.144555504224293 ], [ 71.48064394556377, 51.144635604154786 ], [ 71.480764545472027, 51.144709504224899 ], [ 71.4808313, 51.144704799999985 ] ] ], [ [ [ 71.480463545183724, 51.144884304056781 ], [ 71.4806269, 51.1448569 ], [ 71.4807271, 51.1447913 ], [ 71.4806541, 51.1447468 ], [ 71.4804935, 51.1447133 ], [ 71.480426745418697, 51.144718004032612 ], [ 71.480313145295042, 51.14479430396937 ], [ 71.480463545183724, 51.144884304056781 ] ] ], [ [ [ 71.4801497, 51.1450746 ], [ 71.480082944856647, 51.14507930384368 ], [ 71.47997524473756, 51.14515290378371 ], [ 71.4801000446449, 51.145227803856272 ], [ 71.4801668, 51.14522310000001 ], [ 71.4802735, 51.1451455 ], [ 71.4801497, 51.1450746 ] ] ], [ [ [ 71.4797321, 51.1452912 ], [ 71.479665344493981, 51.145295903609892 ], [ 71.479539844368986, 51.145372103539856 ], [ 71.47973154421345, 51.145496303651448 ], [ 71.4797983, 51.1454916 ], [ 71.4799238, 51.1454153 ], [ 71.4797321, 51.1452912 ] ] ], [ [ [ 71.4776353, 51.1453937 ], [ 71.477568544091454, 51.145398402417243 ], [ 71.477400943756152, 51.145617102325943 ], [ 71.478154643558327, 51.1458181027592 ], [ 71.4782214, 51.1458134 ], [ 71.4780665, 51.1456763 ], [ 71.4776353, 51.1453937 ] ] ], [ [ [ 71.4808868, 51.1456133 ], [ 71.4809658, 51.1454955 ], [ 71.4807332, 51.1454313 ], [ 71.48066644441397, 51.145436004182947 ], [ 71.48050964407696, 51.14565680409784 ], [ 71.48063984404169, 51.145692304172705 ], [ 71.4807066, 51.1456876 ], [ 71.4808868, 51.1456133 ] ] ], [ [ [ 71.4794962, 51.145532899999985 ], [ 71.479429444117244, 51.145537603480129 ], [ 71.479303543973046, 51.145627103410106 ], [ 71.479442443879208, 51.145704003490735 ], [ 71.4795092, 51.1456993 ], [ 71.4796351, 51.14560980000001 ], [ 71.4794962, 51.145532899999985 ] ] ], [ [ [ 71.480213143698307, 51.145894703933465 ], [ 71.4802799, 51.14589 ], [ 71.480345, 51.1458027 ], [ 71.4805333, 51.1454511 ], [ 71.4805244, 51.1453833 ], [ 71.4803807, 51.145341099999989 ], [ 71.480313944500978, 51.145345803980391 ], [ 71.479959943774645, 51.145820303787794 ], [ 71.480213143698307, 51.145894703933465 ] ] ], [ [ [ 71.4797647, 51.145813 ], [ 71.479697943746558, 51.145817703638464 ], [ 71.47962254356905, 51.145934603597752 ], [ 71.479800543526594, 51.145979103700022 ], [ 71.4798673, 51.1459744 ], [ 71.4799435, 51.145858 ], [ 71.4797647, 51.145813 ] ] ], [ [ [ 71.4802348, 51.145913 ], [ 71.480168043659731, 51.145917703908211 ], [ 71.480055343398902, 51.146089303847305 ], [ 71.480202643361949, 51.146127403931949 ], [ 71.4802694, 51.1461227 ], [ 71.4803821, 51.145951 ], [ 71.4802348, 51.145913 ] ] ], [ [ [ 71.4801313, 51.1461556 ], [ 71.4799548, 51.1461116 ], [ 71.47988804333967, 51.146116303752493 ], [ 71.47982764319265, 51.146213303719939 ], [ 71.479997443149216, 51.146257803817541 ], [ 71.4800642, 51.1462531 ], [ 71.4801313, 51.1461556 ] ] ], [ [ [ 71.480469543160254, 51.14629000408712 ], [ 71.4802738, 51.1462474 ], [ 71.480207043182929, 51.146252103936838 ], [ 71.480112042971768, 51.146390703885373 ], [ 71.480305942921035, 51.146442303996842 ], [ 71.4803727, 51.1464376 ], [ 71.480405492041569, 51.146389856248902 ], [ 71.480374542935422, 51.14643810403583 ], [ 71.480437942884521, 51.146478804072736 ], [ 71.480547242858364, 51.146506204135527 ], [ 71.480614, 51.1465015 ], [ 71.4807257, 51.1463321 ], [ 71.4805363, 51.146285299999988 ], [ 71.480469543160254, 51.14629000408712 ] ] ], [ [ [ 71.480674042795442, 51.146560604208823 ], [ 71.480773542770095, 51.146586604266012 ], [ 71.4808403, 51.1465819 ], [ 71.4808931, 51.1465564 ], [ 71.4809648, 51.146448 ], [ 71.4808102, 51.1464069 ], [ 71.480743443018454, 51.146411604245515 ], [ 71.480667942849863, 51.146522304204616 ], [ 71.480674042795442, 51.146560604208823 ] ] ], [ [ [ 71.478695, 51.1478866 ], [ 71.4795774, 51.1466634 ], [ 71.478467, 51.1463481 ], [ 71.478400242818211, 51.146352802909355 ], [ 71.477517740949224, 51.147576102429973 ], [ 71.478628240630286, 51.147891303068718 ], [ 71.478695, 51.1478866 ] ] ], [ [ [ 71.479228341193192, 51.147551103404119 ], [ 71.479210341020789, 51.147669303396121 ], [ 71.479283840919123, 51.147746103439474 ], [ 71.479334840905011, 51.147760203468799 ], [ 71.479524446604572, 51.147735571558023 ], [ 71.479775377324756, 51.148048548860835 ], [ 71.4794735, 51.1480036 ], [ 71.479406740556442, 51.148008303514516 ], [ 71.479288340302404, 51.148174703450252 ], [ 71.480381439994332, 51.148480904078902 ], [ 71.480448200000012, 51.1484762 ], [ 71.4810524, 51.1476426 ], [ 71.480580037514272, 51.147430062852195 ], [ 71.48128591226903, 51.147380321028344 ], [ 71.481050271185822, 51.147711841373173 ], [ 71.481646368735227, 51.148009206555592 ], [ 71.4814932, 51.147966 ], [ 71.480892367169858, 51.148008340614638 ], [ 71.480412158041347, 51.148672038266731 ], [ 71.481635654882865, 51.149019044600458 ], [ 71.4822365, 51.148976699999984 ], [ 71.4825906, 51.1484854 ], [ 71.4819622, 51.1483072 ], [ 71.481404806461441, 51.148346481589186 ], [ 71.481646662063213, 51.148009352881488 ], [ 71.482000066084467, 51.14818564632526 ], [ 71.482221665523468, 51.148247647472274 ], [ 71.4828225, 51.1482053 ], [ 71.4831887, 51.1476901 ], [ 71.4818939, 51.147327899999986 ], [ 71.481337477417497, 51.147367113507421 ], [ 71.4814631, 51.147193 ], [ 71.4811662, 51.1471087 ], [ 71.480098071030312, 51.147183966835158 ], [ 71.4800325209942, 51.147274865350653 ], [ 71.479894, 51.1472356 ], [ 71.479293174886507, 51.147277932288418 ], [ 71.479228973661392, 51.147367031974561 ], [ 71.479297598327804, 51.147452627240583 ], [ 71.479228341193192, 51.147551103404119 ] ] ], [ [ [ 71.478241, 51.148432 ], [ 71.478174239789581, 51.148436702820483 ], [ 71.47814823973431, 51.148472902806368 ], [ 71.478218639714214, 51.148492802846867 ], [ 71.4782854, 51.1484881 ], [ 71.4783114, 51.1484519 ], [ 71.478241, 51.148432 ] ] ], [ [ [ 71.4808972, 51.1490614 ], [ 71.480830439206116, 51.149066104345941 ], [ 71.48080093914146, 51.149108504329938 ], [ 71.480988439090382, 51.149159804437751 ], [ 71.4810552, 51.1491551 ], [ 71.4810847, 51.1491127 ], [ 71.4808972, 51.1490614 ] ] ], [ [ [ 71.4814412, 51.150119599999989 ], [ 71.481329232662574, 51.150086643571413 ], [ 71.4814973, 51.1500748 ], [ 71.4816264, 51.1498774 ], [ 71.481440800000016, 51.1498296 ], [ 71.480906704909174, 51.149867236300516 ], [ 71.480854581930842, 51.149946933304555 ], [ 71.4800182, 51.1497046 ], [ 71.479751152601807, 51.149723415202068 ], [ 71.479538750768896, 51.150023614740981 ], [ 71.480972749166, 51.150422918039801 ], [ 71.4812398, 51.1504041 ], [ 71.4814412, 51.150119599999989 ] ] ], [ [ [ 71.4778312, 51.150758 ], [ 71.4776995, 51.1507239 ], [ 71.477632736422677, 51.150728602555823 ], [ 71.477595236336001, 51.150785602535542 ], [ 71.477726936302886, 51.15081970261123 ], [ 71.4777937, 51.150815 ], [ 71.4778312, 51.150758 ] ] ], [ [ [ 71.4811265, 51.1507734 ], [ 71.481059736768131, 51.150778104509392 ], [ 71.481035136716017, 51.150812204496027 ], [ 71.48112113669147, 51.150836504545481 ], [ 71.4811879, 51.150831799999985 ], [ 71.4812124, 51.1507977 ], [ 71.4811265, 51.1507734 ] ] ], [ [ [ 71.4798305, 51.1512639 ], [ 71.4781935, 51.1508197 ], [ 71.477859681574742, 51.150843213816124 ], [ 71.47777968069137, 51.150959113599292 ], [ 71.479416778487462, 51.151403318305768 ], [ 71.479750600000017, 51.1513798 ], [ 71.4798305, 51.1512639 ] ] ], [ [ [ 71.4803122, 51.151453 ], [ 71.4804154, 51.151307 ], [ 71.4802543, 51.1512622 ], [ 71.480187535957938, 51.151266904021796 ], [ 71.480048935658473, 51.151463103946583 ], [ 71.480165335625941, 51.151495504013518 ], [ 71.4802321, 51.1514908 ], [ 71.4803122, 51.151453 ] ] ], [ [ [ 71.477770335397807, 51.151451702648053 ], [ 71.477961035277232, 51.151551502758629 ], [ 71.478122, 51.151528799999987 ], [ 71.478199, 51.1514306 ], [ 71.4781554, 51.1513764 ], [ 71.4780932, 51.1513572 ], [ 71.4779138, 51.1513491 ], [ 71.477847035548137, 51.15135380268989 ], [ 71.477770335397807, 51.151451702648053 ] ] ], [ [ [ 71.478492535160498, 51.151677403063893 ], [ 71.4785593, 51.1516727 ], [ 71.4786759, 51.1515126 ], [ 71.4786249, 51.151462 ], [ 71.4784636, 51.1514158 ], [ 71.478276635512358, 51.151414902935841 ], [ 71.478155735258554, 51.151580902870123 ], [ 71.478492535160498, 51.151677403063893 ] ] ], [ [ [ 71.4793975, 51.151621 ], [ 71.479330735336887, 51.151625703540468 ], [ 71.479275735207324, 51.151711003510783 ], [ 71.479403535176061, 51.151743503584221 ], [ 71.4794703, 51.1517388 ], [ 71.479501761448418, 51.151690094749377 ], [ 71.4795684, 51.151685399999984 ], [ 71.4795854, 51.1516622 ], [ 71.4793975, 51.151621 ] ] ], [ [ [ 71.4788778, 51.151603 ], [ 71.478811035299628, 51.151607703244025 ], [ 71.478744535155116, 51.151702403207949 ], [ 71.47915063504287, 51.151814603441487 ], [ 71.4792174, 51.1518099 ], [ 71.4792839, 51.1517152 ], [ 71.4788778, 51.151603 ] ] ], [ [ [ 71.4786101, 51.1518034 ], [ 71.478543334978397, 51.151808103095334 ], [ 71.478467924187427, 51.15191380232045 ], [ 71.4783086, 51.1518686 ], [ 71.477974774090129, 51.151892114244397 ], [ 71.477710371291039, 51.152258413526184 ], [ 71.477881671045125, 51.152307014018859 ], [ 71.4782155, 51.15228350000001 ], [ 71.478470340942579, 51.151930443235806 ], [ 71.479029834635213, 51.15208740337787 ], [ 71.4790966, 51.1520827 ], [ 71.4791814, 51.1519637 ], [ 71.4786101, 51.1518034 ] ] ], [ [ [ 71.4808381, 51.15242210000001 ], [ 71.480771334358096, 51.15242680437666 ], [ 71.480733734276043, 51.152480604356263 ], [ 71.48085713425229, 51.152507504427099 ], [ 71.4809239, 51.1525028 ], [ 71.4809561, 51.152449 ], [ 71.4808381, 51.15242210000001 ] ] ], [ [ [ 71.478441664483682, 51.153265215705964 ], [ 71.478638264225779, 51.153317616271103 ], [ 71.4789721, 51.1532941 ], [ 71.4799901, 51.1517896 ], [ 71.4797884, 51.1517359 ], [ 71.479454575945638, 51.151759418447526 ], [ 71.479056472288079, 51.152233617358775 ], [ 71.478714668442819, 51.152738616433346 ], [ 71.478573009787695, 51.153011864344485 ], [ 71.478516, 51.1529965 ], [ 71.478449233248227, 51.153001203064548 ], [ 71.478379333093358, 51.153102803026677 ], [ 71.478449733074385, 51.153121903067138 ], [ 71.4785165, 51.1531172 ], [ 71.478524201323225, 51.153106011100917 ], [ 71.478441664483682, 51.153265215705964 ] ] ], [ [ [ 71.477549966904931, 51.152853813126164 ], [ 71.4778838, 51.1528303 ], [ 71.4786666, 51.152633399999985 ], [ 71.4787403, 51.1525219 ], [ 71.4781822, 51.1523767 ], [ 71.477848370353584, 51.1524002139329 ], [ 71.477603769821684, 51.152453413241133 ], [ 71.477369967132603, 51.152807012608882 ], [ 71.477549966904931, 51.152853813126164 ] ] ], [ [ [ 71.4810464, 51.1527132 ], [ 71.480979633964097, 51.152717904500939 ], [ 71.480801633563573, 51.152980904404536 ], [ 71.481127833478055, 51.153067804592069 ], [ 71.4811946, 51.1530631 ], [ 71.4813726, 51.1528 ], [ 71.4810464, 51.1527132 ] ] ], [ [ [ 71.477858, 51.1531243 ], [ 71.477791232984089, 51.153129002692069 ], [ 71.477715932821951, 51.153235202651196 ], [ 71.478342932646058, 51.153410203011809 ], [ 71.4784097, 51.1534055 ], [ 71.478485, 51.1532994 ], [ 71.477858, 51.1531243 ] ] ], [ [ [ 71.4811459, 51.1530789 ], [ 71.480812067097872, 51.153102422443595 ], [ 71.480378862802752, 51.153662121263025 ], [ 71.480590862466386, 51.153726721873213 ], [ 71.4809247, 51.1537032 ], [ 71.481358, 51.1531434 ], [ 71.4811459, 51.1530789 ] ] ], [ [ [ 71.4789007, 51.1534002 ], [ 71.4786774, 51.1533347 ], [ 71.478610632780615, 51.153339403162981 ], [ 71.478454132459206, 51.153549303077824 ], [ 71.478677532392012, 51.153614803206374 ], [ 71.4787443, 51.1536101 ], [ 71.4789007, 51.1534002 ] ] ], [ [ [ 71.4783205, 51.1538126 ], [ 71.478227632056644, 51.153809602953757 ], [ 71.478215832032319, 51.153825502947328 ], [ 71.4783087, 51.1538284 ], [ 71.4783205, 51.1538126 ] ] ], [ [ [ 71.4803049, 51.1537911 ], [ 71.480238132321048, 51.153795804099076 ], [ 71.480155532142291, 51.153912904054259 ], [ 71.480756831975256, 51.154079604400053 ], [ 71.4808236, 51.1540749 ], [ 71.4809062, 51.1539578 ], [ 71.4803049, 51.1537911 ] ] ], [ [ [ 71.4785554, 51.1536089 ], [ 71.47848863237077, 51.153613603098719 ], [ 71.477798530880435, 51.154589802724175 ], [ 71.477952930837247, 51.154632802812969 ], [ 71.4780197, 51.1546281 ], [ 71.4787099, 51.1536519 ], [ 71.4785554, 51.1536089 ] ] ], [ [ [ 71.4814238, 51.1546361 ], [ 71.4815926, 51.1543881 ], [ 71.4811849, 51.1542773 ], [ 71.481118131727641, 51.154282004609804 ], [ 71.48096873140085, 51.15449620452879 ], [ 71.481055731323991, 51.154556904579522 ], [ 71.481357031239767, 51.154640804752816 ], [ 71.4814238, 51.1546361 ] ] ], [ [ [ 71.480385, 51.1544363 ], [ 71.48018469415905, 51.154450412357363 ], [ 71.4799628927084, 51.154767311996416 ], [ 71.480387692357709, 51.154884312729294 ], [ 71.480588, 51.1548702 ], [ 71.4808099, 51.1545533 ], [ 71.480385, 51.1544363 ] ] ], [ [ [ 71.4810192, 51.1545963 ], [ 71.480952431247886, 51.15460100452151 ], [ 71.480813831005264, 51.154757704445522 ], [ 71.481450030763526, 51.154979204812278 ], [ 71.4815168, 51.154974499999987 ], [ 71.4816554, 51.1548178 ], [ 71.4810192, 51.1545963 ] ] ], [ [ [ 71.481528400000016, 51.1551067 ], [ 71.4813796, 51.1550517 ], [ 71.481312830635616, 51.155056404735596 ], [ 71.481152530375368, 51.155223504647459 ], [ 71.481305430312688, 51.155279904735643 ], [ 71.4813722, 51.155275199999984 ], [ 71.481528400000016, 51.1551067 ] ] ], [ [ [ 71.4793494, 51.1550493 ], [ 71.479282630392106, 51.155054003578719 ], [ 71.479191230199433, 51.155180003529061 ], [ 71.479816130018847, 51.15535810388856 ], [ 71.4798829, 51.15535340000001 ], [ 71.4799742, 51.1552274 ], [ 71.4793494, 51.1550493 ] ] ], [ [ [ 71.479103431659794, 51.155955159738951 ], [ 71.478824115766471, 51.156037513572855 ], [ 71.478704814784564, 51.156197813313227 ], [ 71.478908714539656, 51.156257513782542 ], [ 71.4791758, 51.1562387 ], [ 71.479517, 51.156177499999984 ], [ 71.479712, 51.1559155 ], [ 71.4795762, 51.15587570000001 ], [ 71.479526212614772, 51.155879221407552 ], [ 71.4795592, 51.15583 ], [ 71.479088881310133, 51.155705941145243 ], [ 71.479135581173495, 51.155640217102714 ], [ 71.479270947612733, 51.155677218299537 ], [ 71.4796048, 51.1556537 ], [ 71.479681, 51.15554 ], [ 71.4791837, 51.155403 ], [ 71.478849849162714, 51.155426517075803 ], [ 71.478766448299382, 51.15553931684898 ], [ 71.478984913405654, 51.155599033169231 ], [ 71.478929860301506, 51.155675404832479 ], [ 71.478630147084019, 51.155696516475693 ], [ 71.478576895653461, 51.155775973334855 ], [ 71.478053662880114, 51.155812827403103 ], [ 71.477834658061525, 51.15616592634079 ], [ 71.478043757629024, 51.156216927421916 ], [ 71.478644700000018, 51.1561746 ], [ 71.478826163125106, 51.155882022184407 ], [ 71.479103431659794, 51.155955159738951 ] ] ], [ [ [ 71.479943828733724, 51.156260803978583 ], [ 71.480069728531191, 51.156412004053216 ], [ 71.4801877, 51.1564127 ], [ 71.4803007, 51.1563565 ], [ 71.4804416, 51.1562213 ], [ 71.480390087570186, 51.156203825822502 ], [ 71.4804231, 51.1562015 ], [ 71.480747247306397, 51.155799346009182 ], [ 71.4809906, 51.1557822 ], [ 71.4813644, 51.1553022 ], [ 71.4812072, 51.1552541 ], [ 71.480873351466087, 51.15527762282661 ], [ 71.480578052555643, 51.155656837670804 ], [ 71.480260348200076, 51.155679221118604 ], [ 71.479875144522879, 51.156157120066901 ], [ 71.480022709365102, 51.156203919573045 ], [ 71.479943828733724, 51.156260803978583 ] ] ], [ [ [ 71.4798098, 51.1555873 ], [ 71.479743029672946, 51.155592003851353 ], [ 71.479622129409265, 51.155764803785779 ], [ 71.479762429370723, 51.155803403866457 ], [ 71.4798292, 51.1557987 ], [ 71.4799501, 51.1556259 ], [ 71.4798098, 51.1555873 ] ] ], [ [ [ 71.478481937953063, 51.156951416173548 ], [ 71.4788158, 51.1569279 ], [ 71.4790975, 51.1568235 ], [ 71.4789567, 51.156687 ], [ 71.478852942565979, 51.156694308603313 ], [ 71.4789423, 51.1566621 ], [ 71.4786244, 51.1563156 ], [ 71.478023455778313, 51.1563579273421 ], [ 71.477898155055001, 51.156403126707296 ], [ 71.478215950909359, 51.156749628396796 ], [ 71.4785896869667, 51.156723304328523 ], [ 71.478345438834751, 51.156817515771827 ], [ 71.478481937953063, 51.156951416173548 ] ] ], [ [ [ 71.479901, 51.1563576 ], [ 71.479567142721748, 51.156381119210835 ], [ 71.478931140641194, 51.156616217421281 ], [ 71.479033539918177, 51.156725217723462 ], [ 71.4793674, 51.1567017 ], [ 71.4800034, 51.1564666 ], [ 71.479901, 51.1563576 ] ] ], [ [ [ 71.4795531, 51.1579219 ], [ 71.479857, 51.1578136 ], [ 71.47980654640476, 51.157757932285435 ], [ 71.479995151854141, 51.157689590946241 ], [ 71.4801682, 51.1576774 ], [ 71.480462174315463, 51.157561955794854 ], [ 71.4806191, 51.1575509 ], [ 71.481808210400729, 51.157093274470178 ], [ 71.4819961, 51.1570888 ], [ 71.4823082, 51.1569617 ], [ 71.4820934, 51.1567542 ], [ 71.481959856523943, 51.156763610311941 ], [ 71.481581755988131, 51.156917609886968 ], [ 71.481647761287405, 51.156981344699524 ], [ 71.481411039398878, 51.156998024523375 ], [ 71.480185855808742, 51.15747279414137 ], [ 71.479769342850958, 51.157502136492944 ], [ 71.479607465992387, 51.157566734439136 ], [ 71.479410141439644, 51.157580634664335 ], [ 71.479108539723114, 51.157687533135999 ], [ 71.479164154566632, 51.157743149017421 ], [ 71.478850537305973, 51.157852131841203 ], [ 71.478952135963368, 51.15796423238158 ], [ 71.4795531, 51.1579219 ] ] ], [ [ [ 71.481417275827042, 51.15788210637357 ], [ 71.481626331643412, 51.158092625241679 ], [ 71.4819602, 51.1580691 ], [ 71.4821192, 51.158007 ], [ 71.4816903, 51.1575751 ], [ 71.481356435038464, 51.157598624425354 ], [ 71.481197434494305, 51.157660723978296 ], [ 71.481260138971464, 51.157723868271013 ], [ 71.481096133894468, 51.157735423696842 ], [ 71.480271731219219, 51.1580371213769 ], [ 71.480386630399281, 51.158160621716064 ], [ 71.4807205, 51.1581371 ], [ 71.481417275827042, 51.15788210637357 ] ] ], [ [ [ 71.4802314, 51.157906 ], [ 71.480164626383171, 51.157910704136 ], [ 71.480009526281293, 51.15796830404873 ], [ 71.48009532616075, 51.158059204099366 ], [ 71.4801621, 51.1580545 ], [ 71.4803173, 51.1579968 ], [ 71.4802314, 51.157906 ] ] ], [ [ [ 71.4800113, 51.1581435 ], [ 71.479744203967229, 51.158162315832783 ], [ 71.479560803445096, 51.158237415420487 ], [ 71.479944101509787, 51.158605516322368 ], [ 71.4802112, 51.1585867 ], [ 71.4803946, 51.1585116 ], [ 71.4800113, 51.1581435 ] ] ], [ [ [ 71.4786195, 51.1590261 ], [ 71.4787734, 51.1589691 ], [ 71.4782393, 51.158402 ], [ 71.478038976233648, 51.158416108917123 ], [ 71.477835575833893, 51.158491408573724 ], [ 71.478419173674197, 51.159040209602907 ], [ 71.4786195, 51.1590261 ] ] ], [ [ [ 71.481343576804562, 51.158563014574803 ], [ 71.480830574931645, 51.158952913720235 ], [ 71.481072173972734, 51.159195114147174 ], [ 71.4817400736476, 51.15932671529653 ], [ 71.4819404, 51.1593126 ], [ 71.4821498, 51.1592304 ], [ 71.4821219, 51.158982399999985 ], [ 71.48203070000001, 51.1587417 ], [ 71.4817556, 51.1584659 ], [ 71.481555277240659, 51.158480014931939 ], [ 71.481343576804562, 51.158563014574803 ] ] ], [ [ [ 71.477408924170135, 51.159213802590642 ], [ 71.477850523546792, 51.159683602851274 ], [ 71.478923623213532, 51.160005403468929 ], [ 71.4789904, 51.1600007 ], [ 71.4793749, 51.159892699999986 ], [ 71.4799183, 51.1596923 ], [ 71.4797278, 51.1594891 ], [ 71.478409200000016, 51.1591498 ], [ 71.4776403, 51.1591482 ], [ 71.477573524277929, 51.159152902683267 ], [ 71.477408924170135, 51.159213802590642 ] ] ], [ [ [ 71.480260122176006, 51.160838104246487 ], [ 71.4803269, 51.160833399999987 ], [ 71.4808675, 51.160622600000011 ], [ 71.4807686, 51.1605228 ], [ 71.4802625, 51.1602697 ], [ 71.480195722980596, 51.160274404199001 ], [ 71.479835222731509, 51.160416803996291 ], [ 71.480260122176006, 51.160838104246487 ] ] ], [ [ [ 71.4784527, 51.1606942 ], [ 71.4782248, 51.1604569 ], [ 71.478158022462935, 51.160461603041391 ], [ 71.477921222305298, 51.160551002908164 ], [ 71.478149121990995, 51.160788303042573 ], [ 71.4782159, 51.1607836 ], [ 71.4784527, 51.1606942 ] ] ], [ [ [ 71.4791423, 51.160602799999985 ], [ 71.478941967048058, 51.16061691058718 ], [ 71.47873036664312, 51.160692710229796 ], [ 71.479153564787424, 51.161157610979998 ], [ 71.4793539, 51.1611435 ], [ 71.4795655, 51.1610677 ], [ 71.4791423, 51.160602799999985 ] ] ], [ [ [ 71.4810669, 51.160869 ], [ 71.480933344414595, 51.160878409299777 ], [ 71.480656544048884, 51.160981908988269 ], [ 71.480761343756441, 51.161092209111942 ], [ 71.4808949, 51.1610828 ], [ 71.4811718, 51.1609793 ], [ 71.4810669, 51.160869 ] ] ], [ [ [ 71.480444, 51.1612095 ], [ 71.4803695, 51.161143799999984 ], [ 71.480302721733821, 51.161148504276696 ], [ 71.480211721664091, 51.161189204225629 ], [ 71.480286221578595, 51.16125480426934 ], [ 71.480353, 51.1612501 ], [ 71.480444, 51.1612095 ] ] ], [ [ [ 71.4801867, 51.1612162 ], [ 71.48011992160724, 51.161220904173923 ], [ 71.479992521504968, 51.161281104102471 ], [ 71.480084721405504, 51.161357904156496 ], [ 71.4801515, 51.1613532 ], [ 71.480279, 51.161293 ], [ 71.4801867, 51.1612162 ] ] ], [ [ [ 71.4816742, 51.161432199999986 ], [ 71.481540642938924, 51.161441610013483 ], [ 71.481054342333408, 51.161610609465725 ], [ 71.481193541912972, 51.161768209630424 ], [ 71.4813271, 51.1617588 ], [ 71.4818134, 51.1615897 ], [ 71.4816742, 51.161432199999986 ] ] ], [ [ [ 71.4814869, 51.1625866 ], [ 71.4810895, 51.1621205 ], [ 71.480955940812493, 51.162129909373469 ], [ 71.480333640059413, 51.162338608672215 ], [ 71.480731038812465, 51.162804709143003 ], [ 71.4808646, 51.1627953 ], [ 71.4814869, 51.1625866 ] ] ], [ [ [ 71.4803631, 51.1625259 ], [ 71.480229539467047, 51.162535308561118 ], [ 71.479606238641367, 51.162769107859653 ], [ 71.480124237201437, 51.163312308470843 ], [ 71.4802578, 51.1633029 ], [ 71.4808812, 51.163069099999987 ], [ 71.4803631, 51.1625259 ] ] ], [ [ [ 71.478498817884955, 51.163666503296923 ], [ 71.478784917636801, 51.163862803463722 ], [ 71.4788517, 51.1638581 ], [ 71.4789882, 51.163814 ], [ 71.4787272, 51.1634961 ], [ 71.478660418143463, 51.163500803385865 ], [ 71.478523918063303, 51.163544903308903 ], [ 71.478439317982378, 51.163593903261649 ], [ 71.478498817884955, 51.163666503296923 ] ] ], [ [ [ 71.4816398, 51.1636934 ], [ 71.481573018213439, 51.163698105049463 ], [ 71.481329218070044, 51.163777004912021 ], [ 71.48138781797455, 51.163848204946788 ], [ 71.4814546, 51.1638435 ], [ 71.4816984, 51.1637646 ], [ 71.4816398, 51.1636934 ] ] ], [ [ [ 71.4813948, 51.1642377 ], [ 71.4814565, 51.1642025 ], [ 71.4814743, 51.1641424 ], [ 71.4812856, 51.1639223 ], [ 71.4811819, 51.1638795 ], [ 71.481051617876119, 51.163888104755955 ], [ 71.480997117839195, 51.163909104725299 ], [ 71.480955317753967, 51.163964704702551 ], [ 71.480970017686573, 51.164012704711851 ], [ 71.481140717434457, 51.164202004812758 ], [ 71.481172317400961, 51.164227904831243 ], [ 71.481244517378343, 51.164249704872823 ], [ 71.4813948, 51.1642377 ] ] ], [ [ [ 71.4806438, 51.1640418 ], [ 71.480577017590022, 51.164046504488546 ], [ 71.480427617488814, 51.164104104404501 ], [ 71.480490617403788, 51.164168404441625 ], [ 71.4805574, 51.1641637 ], [ 71.4807068, 51.1641062 ], [ 71.4806438, 51.1640418 ] ] ], [ [ [ 71.4812259, 51.1652853 ], [ 71.481159115868266, 51.165290004844074 ], [ 71.48094551574583, 51.165356904723616 ], [ 71.481123515445717, 51.16558010482936 ], [ 71.4811903, 51.1655754 ], [ 71.48140380000001, 51.165508399999986 ], [ 71.4812259, 51.1652853 ] ] ], [ [ [ 71.4821377, 51.1664126 ], [ 71.4814705, 51.165622299999988 ], [ 71.481403715412213, 51.165627004989922 ], [ 71.481229815307842, 51.165684704891937 ], [ 71.481897014249697, 51.166475005287303 ], [ 71.4819638, 51.1664703 ], [ 71.4821377, 51.1664126 ] ] ], [ [ [ 71.4792245, 51.1686603 ], [ 71.47915771075877, 51.168665003768091 ], [ 71.479024010661163, 51.168721403692984 ], [ 71.479067810608953, 51.168761303718703 ], [ 71.4791346, 51.1687566 ], [ 71.4792722, 51.1687002 ], [ 71.4792245, 51.1686603 ] ] ], [ [ [ 71.479054307968767, 51.170591103746034 ], [ 71.479132707821393, 51.170699903792809 ], [ 71.4791995, 51.1706952 ], [ 71.4793986, 51.1706422 ], [ 71.4794137, 51.170576 ], [ 71.4793142, 51.1705212 ], [ 71.4792674, 51.1705183 ], [ 71.479138708055331, 51.170538203793122 ], [ 71.479054307968767, 51.170591103746034 ] ] ], [ [ [ 71.4791842, 51.1710287 ], [ 71.4789672, 51.1706721 ], [ 71.478721707742991, 51.170719603558922 ], [ 71.478938707255296, 51.17107610368943 ], [ 71.4791842, 51.1710287 ] ] ], [ [ [ 71.480026, 51.1716081 ], [ 71.479885, 51.1711553 ], [ 71.479819721302164, 51.171159897557921 ], [ 71.4798568, 51.1711032 ], [ 71.4797881, 51.1708826 ], [ 71.47954030756874, 51.170909504029133 ], [ 71.479353207454977, 51.170972603923694 ], [ 71.479426507124572, 51.171207903969979 ], [ 71.479628362758135, 51.171186692446511 ], [ 71.479681596319537, 51.171357570028 ], [ 71.479316906831016, 51.171402203911214 ], [ 71.479383706529816, 51.171616703953404 ], [ 71.479686106523928, 51.17164630412632 ], [ 71.480026, 51.1716081 ] ] ], [ [ [ 71.4807174, 51.1715556 ], [ 71.480650606765337, 51.171560304674379 ], [ 71.48040110660645, 51.171649404533888 ], [ 71.480505706473679, 51.171750304595427 ], [ 71.4805725, 51.1717456 ], [ 71.4808112, 51.1716599 ], [ 71.4807174, 51.1715556 ] ] ], [ [ [ 71.4798921, 51.1717954 ], [ 71.479825306319057, 51.1718001042086 ], [ 71.47947840609153, 51.171928604013345 ], [ 71.479583005944178, 51.172039604075088 ], [ 71.4796498, 51.1720349 ], [ 71.4799967, 51.1719064 ], [ 71.4798921, 51.1717954 ] ] ], [ [ [ 71.4801573, 51.1719097 ], [ 71.480090506186485, 51.171914404361935 ], [ 71.479617905890322, 51.17207990409576 ], [ 71.479719805737716, 51.172194304156001 ], [ 71.4797866, 51.1721896 ], [ 71.4802592, 51.172024 ], [ 71.4801573, 51.1719097 ] ] ], [ [ [ 71.4794554, 51.17202970000001 ], [ 71.479388605928023, 51.17203440396419 ], [ 71.479220005808429, 51.172103103869404 ], [ 71.479323605676967, 51.172203003930363 ], [ 71.4793904, 51.1721983 ], [ 71.479558900000015, 51.1721297 ], [ 71.4794554, 51.17202970000001 ] ] ], [ [ [ 71.48151270000001, 51.1728808 ], [ 71.481445904950945, 51.172885505153033 ], [ 71.481274104798217, 51.172976905056863 ], [ 71.481390504688477, 51.173062805124843 ], [ 71.4814573, 51.1730581 ], [ 71.4816291, 51.1729667 ], [ 71.48151270000001, 51.1728808 ] ] ], [ [ [ 71.478997, 51.1734327 ], [ 71.478930203848776, 51.173437403729778 ], [ 71.47877600375601, 51.173488703642867 ], [ 71.478850703638031, 51.173576803687133 ], [ 71.4789175, 51.1735721 ], [ 71.4790717, 51.1735207 ], [ 71.478997, 51.1734327 ] ] ], [ [ [ 71.4790604, 51.1738024 ], [ 71.4789618, 51.1737055 ], [ 71.478895003451001, 51.173710203714933 ], [ 71.478774603366986, 51.173758303647219 ], [ 71.478873003239201, 51.173855203705166 ], [ 71.4789398, 51.1738505 ], [ 71.4790604, 51.1738024 ] ] ], [ [ [ 71.4791295, 51.1739008 ], [ 71.47906270318974, 51.17390550381424 ], [ 71.478943903101438, 51.173956703747521 ], [ 71.479033102995018, 51.174038003799915 ], [ 71.4790999, 51.1740333 ], [ 71.4792186, 51.1739821 ], [ 71.4791295, 51.1739008 ] ] ], [ [ [ 71.4789368, 51.1743223 ], [ 71.4790755, 51.1742654 ], [ 71.4789449, 51.1741405 ], [ 71.47887810282154, 51.174145203713628 ], [ 71.478759002736524, 51.17419410364667 ], [ 71.478870002558338, 51.174327003712477 ], [ 71.4789368, 51.1743223 ] ] ], [ [ [ 71.4825906, 51.1745916 ], [ 71.4824246, 51.1744018 ], [ 71.482357802868208, 51.17440650570191 ], [ 71.482252702788912, 51.174452605642891 ], [ 71.482414502551876, 51.174630605738535 ], [ 71.4824813, 51.1746259 ], [ 71.4825906, 51.1745916 ] ] ], [ [ [ 71.4822184, 51.1745654 ], [ 71.482151602607118, 51.174570105587534 ], [ 71.481976702493952, 51.174633805489059 ], [ 71.482111302300908, 51.17477900556856 ], [ 71.4821781, 51.1747743 ], [ 71.482353, 51.1747106 ], [ 71.4822184, 51.1745654 ] ] ], [ [ [ 71.48050270127554, 51.17535410466273 ], [ 71.4807207, 51.1753486 ], [ 71.4807465, 51.1752992 ], [ 71.4807434, 51.1750781 ], [ 71.480545601671068, 51.175083504681993 ], [ 71.480501501397271, 51.175269604660443 ], [ 71.48050270127554, 51.17535410466273 ] ] ], [ [ [ 71.4796993, 51.1752885 ], [ 71.4796182, 51.175218 ], [ 71.479551401349283, 51.175222704117985 ], [ 71.479445301267262, 51.175270604058447 ], [ 71.479526401175292, 51.175341204106019 ], [ 71.4795932, 51.1753365 ], [ 71.4796993, 51.1752885 ] ] ], [ [ [ 71.479676079483781, 51.1754406113117 ], [ 71.47973670098223, 51.175492804228796 ], [ 71.4798035, 51.1754881 ], [ 71.479947, 51.175422599999983 ], [ 71.4798723, 51.175358199999984 ], [ 71.479836661334545, 51.175360709835722 ], [ 71.4797599, 51.1752946 ], [ 71.479693101256032, 51.17529930420023 ], [ 71.479540701137097, 51.175368904114691 ], [ 71.479561557277975, 51.175386866287944 ], [ 71.4793469, 51.1752317 ], [ 71.47928010129651, 51.175236403963638 ], [ 71.479055901093531, 51.175358203838172 ], [ 71.479264300901505, 51.175508903959837 ], [ 71.479587400834504, 51.175582604145418 ], [ 71.4796542, 51.175577899999986 ], [ 71.4797521, 51.1755246 ], [ 71.479639474854579, 51.175443189108869 ], [ 71.479676079483781, 51.1754406113117 ] ] ], [ [ [ 71.4821473, 51.175236 ], [ 71.482080501631174, 51.175240705559851 ], [ 71.481727401344713, 51.175409505361827 ], [ 71.48185860120519, 51.175517305438667 ], [ 71.4819254, 51.1755126 ], [ 71.4822784, 51.1753438 ], [ 71.4821473, 51.175236 ] ] ], [ [ [ 71.4807813, 51.175457 ], [ 71.48071450114611, 51.175461704785512 ], [ 71.480627801066319, 51.175509704737017 ], [ 71.480744700960813, 51.175592704805233 ], [ 71.4808115, 51.175588 ], [ 71.480898300000021, 51.17554 ], [ 71.4807813, 51.175457 ] ] ], [ [ [ 71.48018260000002, 51.1756011 ], [ 71.4801202, 51.1755557 ], [ 71.4800046, 51.175537 ], [ 71.479937800936156, 51.175541704344333 ], [ 71.479855900862304, 51.175586004298509 ], [ 71.479982300745121, 51.175677904372321 ], [ 71.4800491, 51.1756732 ], [ 71.48018260000002, 51.1756011 ] ] ], [ [ [ 71.4797792, 51.1757112 ], [ 71.4796978, 51.1756642 ], [ 71.479631000715344, 51.175668904171907 ], [ 71.479521800594881, 51.175743204111086 ], [ 71.479603200536971, 51.175790204158375 ], [ 71.47967, 51.175785499999989 ], [ 71.4797792, 51.1757112 ] ] ], [ [ [ 71.4800963, 51.175692 ], [ 71.480029500723731, 51.175696704399577 ], [ 71.479918300624661, 51.175756004337316 ], [ 71.479994700552609, 51.175812404381958 ], [ 71.4800615, 51.1758077 ], [ 71.4801727, 51.1757484 ], [ 71.4800963, 51.175692 ] ] ], [ [ [ 71.4812139, 51.175674499999985 ], [ 71.481147100885025, 51.175679205036239 ], [ 71.481036900784773, 51.175739404974586 ], [ 71.481200100634993, 51.175857005069837 ], [ 71.4812669, 51.175852299999988 ], [ 71.4813772, 51.1757921 ], [ 71.4812139, 51.175674499999985 ] ] ], [ [ [ 71.480471900000012, 51.1757553 ], [ 71.4803888, 51.175699 ], [ 71.48032200074924, 51.17570370456643 ], [ 71.480128900564182, 51.175815704458515 ], [ 71.480212000493083, 51.175872004506964 ], [ 71.4802788, 51.1758673 ], [ 71.480471900000012, 51.1757553 ] ] ], [ [ [ 71.4798592, 51.1757983 ], [ 71.479792400541555, 51.175803004266463 ], [ 71.47968480042401, 51.175875404206515 ], [ 71.479766300365114, 51.175923104253883 ], [ 71.4798331, 51.1759184 ], [ 71.4799407, 51.175846 ], [ 71.4798592, 51.1757983 ] ] ], [ [ [ 71.4818229, 51.1757132 ], [ 71.48175610090334, 51.175717905384118 ], [ 71.481635000788202, 51.175787505316414 ], [ 71.481950500515325, 51.176003305500359 ], [ 71.4820173, 51.1759986 ], [ 71.482138400000011, 51.175929 ], [ 71.4818229, 51.1757132 ] ] ], [ [ [ 71.480263600278221, 51.176025304539301 ], [ 71.480329300218997, 51.176071904577647 ], [ 71.4803961, 51.1760672 ], [ 71.4806202, 51.175942799999987 ], [ 71.4806072, 51.1758576 ], [ 71.4805602, 51.1758243 ], [ 71.480493400589367, 51.175829004666525 ], [ 71.480347700454928, 51.175909904585026 ], [ 71.480263600278221, 51.176025304539301 ] ] ], [ [ [ 71.4800327, 51.1758999 ], [ 71.47996590041609, 51.175904604367311 ], [ 71.479866000322147, 51.17596130431145 ], [ 71.479982700219807, 51.176042104379519 ], [ 71.4800495, 51.1760374 ], [ 71.4801494, 51.1759806 ], [ 71.4800327, 51.1758999 ] ] ], [ [ [ 71.47904009993573, 51.176159503844502 ], [ 71.4791069, 51.1761548 ], [ 71.479323693272619, 51.176033755667845 ], [ 71.479406600084914, 51.176087004052008 ], [ 71.4794734, 51.1760823 ], [ 71.4796014, 51.1760041 ], [ 71.4795166, 51.1759496 ], [ 71.479449800281586, 51.175954304074097 ], [ 71.479347502617699, 51.176016930312024 ], [ 71.4792435, 51.175943699999976 ], [ 71.479176700256858, 51.175948403918312 ], [ 71.478933300031059, 51.176084403782191 ], [ 71.47904009993573, 51.176159503844502 ] ] ], [ [ [ 71.4826082, 51.1758771 ], [ 71.482541400762528, 51.175881805834841 ], [ 71.482144200544539, 51.175999405610689 ], [ 71.48218600046971, 51.176054805635594 ], [ 71.4822528, 51.1760501 ], [ 71.4826499, 51.175932499999981 ], [ 71.4826082, 51.1758771 ] ] ], [ [ [ 71.4815389, 51.1759338 ], [ 71.481472100550548, 51.175938505226462 ], [ 71.481332800445159, 51.17599980514823 ], [ 71.481421000342237, 51.176078605200004 ], [ 71.481487800000011, 51.176073899999984 ], [ 71.4816271, 51.1760126 ], [ 71.4815389, 51.1759338 ] ] ], [ [ [ 71.4816779, 51.1760375 ], [ 71.481611100417879, 51.176042205307667 ], [ 71.481498600316328, 51.176103105244707 ], [ 71.481584700236667, 51.176165605294976 ], [ 71.4816515, 51.1761609 ], [ 71.481764, 51.1761001 ], [ 71.4816779, 51.1760375 ] ] ], [ [ [ 71.479509582487552, 51.176139415726226 ], [ 71.4794214, 51.1760872 ], [ 71.479354600071531, 51.176091904022456 ], [ 71.47919949990407, 51.176194903936029 ], [ 71.479295999833312, 51.176252103992127 ], [ 71.4793628, 51.176247399999987 ], [ 71.479493549672128, 51.17616062674314 ], [ 71.479663499829542, 51.176285704202257 ], [ 71.4797303, 51.176281 ], [ 71.4798751, 51.1762036 ], [ 71.4796952, 51.1760712 ], [ 71.479628400127908, 51.176075904178226 ], [ 71.479509582487552, 51.176139415726226 ] ] ], [ [ [ 71.4808013, 51.1760758 ], [ 71.48073450025592, 51.176080504808759 ], [ 71.480620600150871, 51.176143704745044 ], [ 71.480745400038572, 51.176232104817878 ], [ 71.4808122, 51.1762274 ], [ 71.4809261, 51.1761642 ], [ 71.4808013, 51.1760758 ] ] ], [ [ [ 71.4804264, 51.176224199999986 ], [ 71.4802913, 51.1761285 ], [ 71.480224500117828, 51.176133204519068 ], [ 71.480102800005639, 51.17620070445102 ], [ 71.480237899884045, 51.176296404529843 ], [ 71.4803047, 51.176291699999986 ], [ 71.4804264, 51.176224199999986 ] ] ], [ [ [ 71.4799265, 51.1762236 ], [ 71.479859699936242, 51.176228304312986 ], [ 71.479728099807119, 51.176306704239451 ], [ 71.479930899638504, 51.176440704357617 ], [ 71.4799977, 51.176436 ], [ 71.4801294, 51.1763576 ], [ 71.4799265, 51.1762236 ] ] ], [ [ [ 71.4806193, 51.1762501 ], [ 71.480552499982338, 51.17625480470835 ], [ 71.480405999847221, 51.176336104626408 ], [ 71.480513499750387, 51.176412304689151 ], [ 71.4805803, 51.1764076 ], [ 71.4807269, 51.1763263 ], [ 71.4806193, 51.1762501 ] ] ], [ [ [ 71.4797629, 51.1764747 ], [ 71.4796006, 51.176372 ], [ 71.479533799682486, 51.176376704130043 ], [ 71.479438599585649, 51.176435804076938 ], [ 71.479600899457253, 51.176538504171397 ], [ 71.4796677, 51.1765338 ], [ 71.4797629, 51.1764747 ] ] ], [ [ [ 71.4821104, 51.1763266 ], [ 71.482043600053501, 51.176331305559728 ], [ 71.481903699955552, 51.176387405481051 ], [ 71.482009699818732, 51.176491205543456 ], [ 71.4820765, 51.1764865 ], [ 71.4822163, 51.1764304 ], [ 71.4821104, 51.1763266 ] ] ], [ [ [ 71.480199, 51.1763761 ], [ 71.48013219974942, 51.176380804471222 ], [ 71.480034499650102, 51.176441404416678 ], [ 71.480190499526572, 51.176540204507504 ], [ 71.4802573, 51.1765355 ], [ 71.480355, 51.1764749 ], [ 71.480199, 51.1763761 ] ] ], [ [ [ 71.481287499687099, 51.176521505132406 ], [ 71.481415699650469, 51.176557705206164 ], [ 71.4814825, 51.176553 ], [ 71.4815653, 51.1764943 ], [ 71.4815735, 51.1764499 ], [ 71.4815035, 51.1764112 ], [ 71.481325299862476, 51.176403105151671 ], [ 71.481215099736119, 51.176481405090371 ], [ 71.481287499687099, 51.176521505132406 ] ] ], [ [ [ 71.4819215, 51.1764568 ], [ 71.481854699842685, 51.17646150545454 ], [ 71.481753199746521, 51.176519605397786 ], [ 71.481828399681248, 51.176571205441654 ], [ 71.4818952, 51.1765665 ], [ 71.4819967, 51.17650840000001 ], [ 71.4819215, 51.1764568 ] ] ], [ [ [ 71.480222199409397, 51.176624104527171 ], [ 71.479913299106371, 51.176808104354606 ], [ 71.48007659897074, 51.176915904449764 ], [ 71.4801434, 51.1769112 ], [ 71.480440147871647, 51.176734438604022 ], [ 71.480460799260428, 51.176747504665514 ], [ 71.4805276, 51.1767428 ], [ 71.4806581, 51.1766618 ], [ 71.4804807, 51.176549499999986 ], [ 71.480413899533573, 51.176554204635082 ], [ 71.480316199434256, 51.176614804580574 ], [ 71.480344735110265, 51.176656192765115 ], [ 71.480289, 51.1766194 ], [ 71.480222199409397, 51.176624104527171 ] ] ], [ [ [ 71.4798081, 51.1766055 ], [ 71.4797412993709, 51.176610204252803 ], [ 71.47964469928155, 51.176664004198763 ], [ 71.479827099119376, 51.176791804305175 ], [ 71.4798939, 51.1767871 ], [ 71.4799851, 51.17673 ], [ 71.4798081, 51.1766055 ] ] ], [ [ [ 71.481669999248794, 51.176857605356837 ], [ 71.4817368, 51.176852899999986 ], [ 71.4818749, 51.1767679 ], [ 71.481763900000018, 51.1766971 ], [ 71.481534199460924, 51.17669910527642 ], [ 71.481450999377074, 51.176750205229965 ], [ 71.481560099289794, 51.176819905293492 ], [ 71.481669999248794, 51.176857605356837 ] ] ], [ [ [ 71.4807631, 51.176808199999989 ], [ 71.4806388, 51.1767313 ], [ 71.480571999290532, 51.176736004728689 ], [ 71.480446662600869, 51.176815577208956 ], [ 71.4804315, 51.1768055 ], [ 71.480364699158272, 51.176810204611947 ], [ 71.480146298945456, 51.176939304489942 ], [ 71.480343298780454, 51.17707030460474 ], [ 71.4804101, 51.1770656 ], [ 71.4804581, 51.1770373 ], [ 71.480479925018443, 51.17683938677024 ], [ 71.480568299062028, 51.176894104729612 ], [ 71.480633128321983, 51.17688953886406 ], [ 71.480611599055479, 51.176902304754442 ], [ 71.480712398971377, 51.176969104813182 ], [ 71.4807792, 51.1769644 ], [ 71.4809212, 51.1768803 ], [ 71.4808204, 51.176813399999986 ], [ 71.480753599194216, 51.176818104833771 ], [ 71.480659974592655, 51.176873620213186 ], [ 71.4807631, 51.176808199999989 ] ] ], [ [ [ 71.4821769, 51.176863 ], [ 71.4820661, 51.176776 ], [ 71.481999299399817, 51.176780705543074 ], [ 71.481875999295951, 51.176842305473976 ], [ 71.481986799183815, 51.1769294055388 ], [ 71.4820536, 51.176924699999987 ], [ 71.4821769, 51.176863 ] ] ], [ [ [ 71.481904, 51.17696620000001 ], [ 71.4818316, 51.1769132 ], [ 71.481764799173362, 51.176917905412047 ], [ 71.481613499037792, 51.176999105327361 ], [ 71.481685798970148, 51.177052105369576 ], [ 71.4817526, 51.1770474 ], [ 71.481904, 51.17696620000001 ] ] ], [ [ [ 71.4811307, 51.1769737 ], [ 71.481063899000745, 51.176978405013692 ], [ 71.48094839886538, 51.17706250494949 ], [ 71.481044798802102, 51.177114505005413 ], [ 71.4811116, 51.1771098 ], [ 71.4812271, 51.1770257 ], [ 71.4811307, 51.1769737 ] ] ], [ [ [ 71.4807652, 51.1770118 ], [ 71.480698398901296, 51.177016504806119 ], [ 71.48055959876163, 51.17710160472862 ], [ 71.480666398675666, 51.177170204790812 ], [ 71.4807332, 51.1771655 ], [ 71.4808721, 51.1770804 ], [ 71.4807652, 51.1770118 ] ] ], [ [ [ 71.4809401, 51.177095 ], [ 71.48087329880255, 51.177099704907384 ], [ 71.480749798688279, 51.177168504838299 ], [ 71.480835598611449, 51.177229004888375 ], [ 71.4809024, 51.1772243 ], [ 71.481026, 51.1771555 ], [ 71.4809401, 51.177095 ] ] ], [ [ [ 71.4801372, 51.1772552 ], [ 71.479936795376389, 51.177269313244494 ], [ 71.479782695025392, 51.17733741298489 ], [ 71.479930494510683, 51.177468813245163 ], [ 71.4801309, 51.1774547 ], [ 71.480285, 51.1773866 ], [ 71.4801372, 51.1772552 ] ] ], [ [ [ 71.4797965, 51.1777182 ], [ 71.4795582, 51.177462199999987 ], [ 71.479491398104614, 51.177466904126753 ], [ 71.479331198000438, 51.177525604036568 ], [ 71.479341314567762, 51.177536467868606 ], [ 71.479298197976362, 51.177539504018029 ], [ 71.479169097889539, 51.177588803945383 ], [ 71.479303097568831, 51.177822404026244 ], [ 71.479352697501156, 51.177873504055469 ], [ 71.4794195, 51.177868799999985 ], [ 71.4796165, 51.1777935 ], [ 71.479602573592842, 51.177779174996509 ], [ 71.4797965, 51.1777182 ] ] ], [ [ [ 71.4811546, 51.1438881 ], [ 71.4810575, 51.1438325 ], [ 71.480990746755538, 51.143837204337068 ], [ 71.480878146630388, 51.1439146042744 ], [ 71.480975146562145, 51.143970204330728 ], [ 71.4810419, 51.1439655 ], [ 71.4811546, 51.1438881 ] ] ], [ [ [ 71.4808539, 51.1439532 ], [ 71.480787146556992, 51.143957904223377 ], [ 71.480653046409813, 51.144048804148738 ], [ 71.480755246336855, 51.14410810420808 ], [ 71.480822, 51.1441034 ], [ 71.4809561, 51.1440126 ], [ 71.4808539, 51.1439532 ] ] ], [ [ [ 71.4815612, 51.144064 ], [ 71.481494446483495, 51.144068704628474 ], [ 71.481315246298266, 51.144182204528533 ], [ 71.48148324617226, 51.144283904626214 ], [ 71.48155, 51.1442792 ], [ 71.4817308, 51.1441658 ], [ 71.4815612, 51.144064 ] ] ], [ [ [ 71.48131734585921, 51.144487304535595 ], [ 71.4814262, 51.1444836 ], [ 71.4814758, 51.1444569 ], [ 71.4812817, 51.1443321 ], [ 71.481214946063446, 51.144336804474364 ], [ 71.481148245993722, 51.144379604437198 ], [ 71.48131734585921, 51.144487304535595 ] ] ], [ [ [ 71.4820614, 51.1443487 ], [ 71.481994646134396, 51.144353404918903 ], [ 71.481915145963882, 51.144465104875749 ], [ 71.482063445923032, 51.144506004961038 ], [ 71.4821302, 51.1445013 ], [ 71.4822092, 51.1443902 ], [ 71.4820614, 51.1443487 ] ] ], [ [ [ 71.48111354571823, 51.144568004421032 ], [ 71.4811803, 51.1445633 ], [ 71.4812604, 51.14451540000001 ], [ 71.4812166, 51.1444545 ], [ 71.4810721, 51.1443629 ], [ 71.481005345993623, 51.144367604355551 ], [ 71.480874645861661, 51.144448204282632 ], [ 71.481017045747521, 51.144539504365504 ], [ 71.48111354571823, 51.144568004421032 ] ] ], [ [ [ 71.4828924, 51.1445725 ], [ 71.4826428, 51.1445003 ], [ 71.482576045986818, 51.144505005253038 ], [ 71.482511866941621, 51.144592570324342 ], [ 71.4825788, 51.1444865 ], [ 71.4823905, 51.144439 ], [ 71.482247446024047, 51.144451405064792 ], [ 71.482210645934757, 51.14451030504496 ], [ 71.482252245867969, 51.144560205069617 ], [ 71.482440045825868, 51.144605305177492 ], [ 71.48250593716547, 51.144600660817261 ], [ 71.482479445785316, 51.144636805200541 ], [ 71.48272854571006, 51.144710105343854 ], [ 71.4827953, 51.1447054 ], [ 71.4828924, 51.1445725 ] ] ], [ [ [ 71.4829633, 51.1446438 ], [ 71.482896545819202, 51.144648505438404 ], [ 71.482820345634536, 51.144770305397316 ], [ 71.483021945585349, 51.14482150551315 ], [ 71.4830887, 51.1448168 ], [ 71.4831687, 51.144695 ], [ 71.4829633, 51.1446438 ] ] ], [ [ [ 71.483533, 51.1447633 ], [ 71.483486, 51.1447151 ], [ 71.4833687, 51.1446853 ], [ 71.483209645778246, 51.144703405617825 ], [ 71.483111045546508, 51.144856005564577 ], [ 71.483363845483382, 51.144921205709856 ], [ 71.483437523950329, 51.144906141155168 ], [ 71.483623545472085, 51.144951005858402 ], [ 71.4836903, 51.1449463 ], [ 71.4837703, 51.1448121 ], [ 71.483533, 51.1447633 ] ] ], [ [ [ 71.4809496, 51.14485950000001 ], [ 71.480882845263665, 51.144864204295274 ], [ 71.48076704514547, 51.144936504230685 ], [ 71.480946845009811, 51.145045904335205 ], [ 71.481013600000011, 51.1450412 ], [ 71.4811288, 51.14497 ], [ 71.4809496, 51.14485950000001 ] ] ], [ [ [ 71.4826682, 51.1449697 ], [ 71.4826031, 51.144836199999986 ], [ 71.4824406, 51.14479020000001 ], [ 71.482373845544814, 51.144794905143407 ], [ 71.482248545278566, 51.144969205075355 ], [ 71.482544945193837, 51.145053105245843 ], [ 71.4826117, 51.1450484 ], [ 71.4826682, 51.1449697 ] ] ], [ [ [ 71.483938245299854, 51.145097206040489 ], [ 71.484005, 51.1450925 ], [ 71.4840935, 51.144965699999986 ], [ 71.4839901, 51.1449115 ], [ 71.483809145551533, 51.144911505963364 ], [ 71.483723345354605, 51.145041005916973 ], [ 71.483938245299854, 51.145097206040489 ] ] ], [ [ [ 71.4828832, 51.1448837 ], [ 71.482816445464024, 51.144888405397353 ], [ 71.482634045097825, 51.145127305298018 ], [ 71.482815145041513, 51.145181705402244 ], [ 71.4828819, 51.145177 ], [ 71.4830643, 51.1449381 ], [ 71.4828832, 51.1448837 ] ] ], [ [ [ 71.4814104, 51.1452992 ], [ 71.4815144, 51.145156299999989 ], [ 71.4815107, 51.1451058 ], [ 71.4814856, 51.1450442 ], [ 71.4813875, 51.1450181 ], [ 71.481320745088539, 51.145022804547814 ], [ 71.48115804473872, 51.1452520044595 ], [ 71.481343644686561, 51.145303904566234 ], [ 71.4814104, 51.1452992 ] ] ], [ [ [ 71.484332645188445, 51.145207906267302 ], [ 71.4843994, 51.1452032 ], [ 71.4844901, 51.1450771 ], [ 71.484384, 51.1450225 ], [ 71.484202545439572, 51.145022506189626 ], [ 71.484116145244457, 51.14515070614285 ], [ 71.484332645188445, 51.145207906267302 ] ] ], [ [ [ 71.4817915, 51.1452228 ], [ 71.481724744842936, 51.145227504781893 ], [ 71.481615044606826, 51.145382204722367 ], [ 71.481769644565304, 51.145424104811248 ], [ 71.4818364, 51.1454194 ], [ 71.481945, 51.1452656 ], [ 71.4817915, 51.1452228 ] ] ], [ [ [ 71.4821276, 51.1452251 ], [ 71.482060844880493, 51.145229804973425 ], [ 71.481928944603965, 51.145410704901742 ], [ 71.482118744548572, 51.145465205010922 ], [ 71.4821855, 51.1454605 ], [ 71.4823175, 51.1452797 ], [ 71.4821276, 51.1452251 ] ] ], [ [ [ 71.4834613, 51.1453554 ], [ 71.483242300000015, 51.1452998 ], [ 71.483175544908548, 51.145304505609928 ], [ 71.483073644668337, 51.145462705554898 ], [ 71.483292544615068, 51.145518205680695 ], [ 71.4833593, 51.1455135 ], [ 71.4834613, 51.1453554 ] ] ], [ [ [ 71.4845396, 51.1455463 ], [ 71.4846111, 51.1455028 ], [ 71.4846729, 51.1454145 ], [ 71.4846719, 51.1453596 ], [ 71.4844073, 51.145284599999989 ], [ 71.484340545072186, 51.145289306273362 ], [ 71.484209344789264, 51.145474706202194 ], [ 71.484472844711448, 51.145551006353777 ], [ 71.4845396, 51.1455463 ] ] ], [ [ [ 71.4823458, 51.1453775 ], [ 71.482279044687587, 51.14538220510066 ], [ 71.482187544493868, 51.145509005050961 ], [ 71.482389444435782, 51.145566405167102 ], [ 71.4824562, 51.1455617 ], [ 71.4825484, 51.1454334 ], [ 71.4823458, 51.1453775 ] ] ], [ [ [ 71.4837187, 51.1453655 ], [ 71.483651944871895, 51.145370205882614 ], [ 71.483571544716824, 51.14547110583873 ], [ 71.483984544607097, 51.145582206076185 ], [ 71.4840513, 51.1455775 ], [ 71.4841264, 51.145483299999988 ], [ 71.4837187, 51.1453655 ] ] ], [ [ [ 71.4826709, 51.1454872 ], [ 71.482604144569166, 51.145491905287983 ], [ 71.482519644395325, 51.145605505242031 ], [ 71.482659944355078, 51.145645305322724 ], [ 71.4827267, 51.1456406 ], [ 71.4828127, 51.145527 ], [ 71.4826709, 51.1454872 ] ] ], [ [ [ 71.4811151, 51.1455276 ], [ 71.481048344321749, 51.145532304402366 ], [ 71.480970544151305, 51.14564410436018 ], [ 71.48115614410159, 51.145694304466879 ], [ 71.4812229, 51.1456896 ], [ 71.4812975, 51.1455785 ], [ 71.4811151, 51.1455276 ] ] ], [ [ [ 71.4814127, 51.1456187 ], [ 71.481345944226774, 51.145623404573669 ], [ 71.481269144060477, 51.145732404532005 ], [ 71.481452644007618, 51.145784604637548 ], [ 71.4815194, 51.1457799 ], [ 71.4815952, 51.1456742 ], [ 71.4814127, 51.1456187 ] ] ], [ [ [ 71.483385644509468, 51.145599405735283 ], [ 71.48333204447097, 51.145621605705173 ], [ 71.483279244353511, 51.14569870567658 ], [ 71.483280744282141, 51.14574840567839 ], [ 71.483408944252091, 51.145780105752031 ], [ 71.4834757, 51.1457754 ], [ 71.4835316, 51.1457418 ], [ 71.4835798, 51.1456628 ], [ 71.4835715, 51.1456221 ], [ 71.4834524, 51.1455947 ], [ 71.483385644509468, 51.145599405735283 ] ] ], [ [ [ 71.4830488, 51.1456235 ], [ 71.48298204441889, 51.145628205505894 ], [ 71.482913444255175, 51.145736105468885 ], [ 71.483094444209073, 51.145783405572914 ], [ 71.4831612, 51.1457787 ], [ 71.4832314, 51.1456704 ], [ 71.4830488, 51.1456235 ] ] ], [ [ [ 71.484337344451177, 51.14572030627982 ], [ 71.484333144326399, 51.145806606279095 ], [ 71.484552844272201, 51.145862806405326 ], [ 71.4846196, 51.1458581 ], [ 71.4847017, 51.1457317 ], [ 71.4847028, 51.1456641 ], [ 71.4845225, 51.1456152 ], [ 71.484455744610159, 51.145619906345345 ], [ 71.484368344526217, 51.145670806296529 ], [ 71.484337344451177, 51.14572030627982 ] ] ], [ [ [ 71.4819899, 51.1457866 ], [ 71.4818266, 51.1457411 ], [ 71.48175984410085, 51.145745804811817 ], [ 71.481689443946721, 51.145846904773656 ], [ 71.48185904390283, 51.145891704871133 ], [ 71.4819258, 51.145887 ], [ 71.4819899, 51.1457866 ] ] ], [ [ [ 71.483725044148869, 51.145878505934007 ], [ 71.4838793, 51.145862 ], [ 71.4839623, 51.1457532 ], [ 71.4837511, 51.1456921 ], [ 71.48368434440556, 51.145696805907328 ], [ 71.48360434423698, 51.145807105863874 ], [ 71.483639044173813, 51.145853905884536 ], [ 71.483725044148869, 51.145878505934007 ] ] ], [ [ [ 71.482133200000021, 51.1458402 ], [ 71.48206644399545, 51.145844904988401 ], [ 71.48199264382994, 51.145953604948438 ], [ 71.482130443793707, 51.145990405027653 ], [ 71.4821972, 51.1459857 ], [ 71.482271, 51.145877 ], [ 71.482133200000021, 51.1458402 ] ] ], [ [ [ 71.4824592, 51.1461132 ], [ 71.4825872, 51.1459265 ], [ 71.4824902, 51.1458984 ], [ 71.482336943943693, 51.145903705143652 ], [ 71.482217543688108, 51.146071105078811 ], [ 71.48239244364197, 51.146117905179366 ], [ 71.4824592, 51.1461132 ] ] ], [ [ [ 71.4829808, 51.1460302 ], [ 71.4827579, 51.145988099999983 ], [ 71.48269114385846, 51.145992805347156 ], [ 71.482600443652885, 51.146127905298066 ], [ 71.482813843596915, 51.146184805420738 ], [ 71.4828806, 51.1461801 ], [ 71.4829808, 51.1460302 ] ] ], [ [ [ 71.4843812, 51.1459771 ], [ 71.484314444071828, 51.145981806271784 ], [ 71.484219443866579, 51.146116306220236 ], [ 71.484392843820714, 51.146162806319929 ], [ 71.4844596, 51.1461581 ], [ 71.4845519, 51.1460236 ], [ 71.4843812, 51.1459771 ] ] ], [ [ [ 71.4832689, 51.1461152 ], [ 71.4831206, 51.1460751 ], [ 71.483053843777327, 51.146079805555459 ], [ 71.482979143691182, 51.146133305513921 ], [ 71.482922643568671, 51.146213605483275 ], [ 71.483255443494556, 51.146293205674411 ], [ 71.4833222, 51.1462885 ], [ 71.4834321, 51.146137299999985 ], [ 71.4833627, 51.1461159 ], [ 71.4832689, 51.1461152 ] ] ], [ [ [ 71.4834843, 51.1461928 ], [ 71.483417543652067, 51.146197505764938 ], [ 71.483335443462806, 51.146322005720549 ], [ 71.483531743412513, 51.146373505833367 ], [ 71.4835985, 51.1463688 ], [ 71.4836796, 51.1462444 ], [ 71.4834843, 51.1461928 ] ] ], [ [ [ 71.4829034, 51.146301 ], [ 71.482836643425586, 51.146305705436063 ], [ 71.482777543297146, 51.146389905404007 ], [ 71.482906343259515, 51.146426905478087 ], [ 71.4829731, 51.1464222 ], [ 71.4830375, 51.146338 ], [ 71.4829034, 51.146301 ] ] ], [ [ [ 71.482450342932736, 51.146615305221914 ], [ 71.4825171, 51.14661060000001 ], [ 71.4826888, 51.1463717 ], [ 71.482619, 51.1463448 ], [ 71.482552243327916, 51.146349505274877 ], [ 71.48225184317991, 51.146426905105194 ], [ 71.482166043019276, 51.146531205058295 ], [ 71.482450342932736, 51.146615305221914 ] ] ], [ [ [ 71.4839398, 51.1463454 ], [ 71.483873043487748, 51.146350106027384 ], [ 71.483748243202697, 51.14653750595987 ], [ 71.484135543099498, 51.146641906182523 ], [ 71.4842023, 51.1466372 ], [ 71.4843303, 51.1464511 ], [ 71.4839398, 51.1463454 ] ] ], [ [ [ 71.481178642673797, 51.146687704498746 ], [ 71.4813144, 51.1466629 ], [ 71.4813864, 51.1465503 ], [ 71.4812046, 51.1465058 ], [ 71.481137842923999, 51.146510504472097 ], [ 71.481065442757227, 51.146620204432971 ], [ 71.481093542695831, 51.146665204449839 ], [ 71.481178642673797, 51.146687704498746 ] ] ], [ [ [ 71.4816523, 51.1466042 ], [ 71.4814886, 51.146563499999985 ], [ 71.481421842875463, 51.14656820463501 ], [ 71.481321542636309, 51.146725804580896 ], [ 71.481482242597949, 51.146766004673246 ], [ 71.481549, 51.1467613 ], [ 71.4816523, 51.1466042 ] ] ], [ [ [ 71.4819209, 51.1468645 ], [ 71.4820114, 51.146718299999989 ], [ 71.4819276, 51.146697899999985 ], [ 71.481739442708303, 51.146711104818699 ], [ 71.481665542538451, 51.146822804778736 ], [ 71.481854142494583, 51.146869204887089 ], [ 71.4819209, 51.1468645 ] ] ], [ [ [ 71.4840156, 51.1467797 ], [ 71.483926, 51.1467001 ], [ 71.4837606, 51.146662599999985 ], [ 71.483693843009164, 51.146667305931359 ], [ 71.483620242815149, 51.146795805891891 ], [ 71.483906142759352, 51.14685870605598 ], [ 71.4839729, 51.146854 ], [ 71.4840156, 51.1467797 ] ] ], [ [ [ 71.4824074, 51.1468691 ], [ 71.4822414, 51.1468227 ], [ 71.482174642593762, 51.14682740506889 ], [ 71.482089442412317, 51.146946205022616 ], [ 71.482256842367306, 51.146991605118885 ], [ 71.4823236, 51.1469869 ], [ 71.4824074, 51.1468691 ] ] ], [ [ [ 71.4829516, 51.1472265 ], [ 71.4832681, 51.1467722 ], [ 71.4828133, 51.1466475 ], [ 71.482746542915649, 51.146652205391362 ], [ 71.482609942616762, 51.146848205317298 ], [ 71.48268924215219, 51.147177505368795 ], [ 71.482884842098656, 51.147231205481262 ], [ 71.4829516, 51.1472265 ] ] ], [ [ [ 71.4838289, 51.1471598 ], [ 71.4839185, 51.1469751 ], [ 71.4836646, 51.1469055 ], [ 71.483597842647697, 51.146910205881341 ], [ 71.483478442381568, 51.147084905816655 ], [ 71.483762142301458, 51.147164505979831 ], [ 71.4838289, 51.1471598 ] ] ], [ [ [ 71.4835324, 51.1471514 ], [ 71.48346564227748, 51.147156105810723 ], [ 71.483349342045429, 51.147307405747377 ], [ 71.483538641985092, 51.147365305856333 ], [ 71.4836054, 51.1473606 ], [ 71.4837196, 51.147208 ], [ 71.4835324, 51.1471514 ] ] ], [ [ [ 71.484366025383437, 51.14757791910926 ], [ 71.484678825121335, 51.147665019648926 ], [ 71.4848791, 51.1476509 ], [ 71.4852073, 51.147187199999983 ], [ 71.4848945, 51.1471001 ], [ 71.484694227506623, 51.147114219643527 ], [ 71.484410026066584, 51.147423519175582 ], [ 71.484345825650848, 51.147514319071071 ], [ 71.484366025383437, 51.14757791910926 ] ] ], [ [ [ 71.484785, 51.148107 ], [ 71.4843408, 51.1479834 ], [ 71.484274041177642, 51.147988106287272 ], [ 71.484101140804626, 51.148232506193445 ], [ 71.484545340680555, 51.148356206448909 ], [ 71.4846121, 51.1483515 ], [ 71.484785, 51.148107 ] ] ], [ [ [ 71.4817393, 51.148183 ], [ 71.481672540573655, 51.14818770480889 ], [ 71.481603140437031, 51.148276704771057 ], [ 71.481705740411357, 51.148303204830029 ], [ 71.4817725, 51.14829850000001 ], [ 71.481835800000013, 51.1482076 ], [ 71.4817393, 51.148183 ] ] ], [ [ [ 71.48315150322253, 51.148533758289339 ], [ 71.482744794104875, 51.149132456086967 ], [ 71.482754992926175, 51.149215156160935 ], [ 71.482932333135764, 51.149270721219224 ], [ 71.482904591771629, 51.149307957031105 ], [ 71.482926290357739, 51.149407957173906 ], [ 71.483475187856996, 51.149627960343523 ], [ 71.4841428, 51.149580899999989 ], [ 71.4849051, 51.1493429 ], [ 71.4853997, 51.1489932 ], [ 71.4853065, 51.1488729 ], [ 71.484638899470454, 51.148919966837965 ], [ 71.484127620708833, 51.149024352107652 ], [ 71.4842193, 51.1489093 ], [ 71.4841076, 51.1488765 ], [ 71.484040839863013, 51.148881206171538 ], [ 71.483940839669089, 51.149007406116993 ], [ 71.484049213897052, 51.14904035980264 ], [ 71.4836905855786, 51.14911357728645 ], [ 71.483919485439444, 51.148862626252061 ], [ 71.484028899390552, 51.14887396335363 ], [ 71.4846965, 51.1488269 ], [ 71.4848162, 51.1486589 ], [ 71.4842259, 51.1484928 ], [ 71.484031460063235, 51.148506506980446 ], [ 71.4838828, 51.1484646 ], [ 71.483215203618329, 51.14851165864804 ], [ 71.48315150322253, 51.148533758289339 ] ] ], [ [ [ 71.4812152, 51.149347 ], [ 71.480767993815334, 51.149389121962244 ], [ 71.480781991818191, 51.149667622028787 ], [ 71.48126919217863, 51.149658723415889 ], [ 71.481603, 51.1496352 ], [ 71.4816575, 51.1494959 ], [ 71.4815904, 51.1493458 ], [ 71.4812152, 51.149347 ] ] ], [ [ [ 71.483023137922089, 51.150142805615907 ], [ 71.4830899, 51.1501381 ], [ 71.4832503, 51.150037799999986 ], [ 71.483298, 51.149965599999987 ], [ 71.4830018, 51.1498889 ], [ 71.482935038270284, 51.149893605560919 ], [ 71.482886138161803, 51.149964805534424 ], [ 71.482882037955335, 51.150107805534837 ], [ 71.483023137922089, 51.150142805615907 ] ] ], [ [ [ 71.4836356, 51.1500834 ], [ 71.483568838067271, 51.150088105925782 ], [ 71.483493738009585, 51.150121805883629 ], [ 71.483595637891199, 51.150212605943423 ], [ 71.4837322, 51.1501844 ], [ 71.4836356, 51.1500834 ] ] ], [ [ [ 71.4838484, 51.1502994 ], [ 71.4832819, 51.1501373 ], [ 71.483215137946601, 51.150142005725286 ], [ 71.483154037818309, 51.150225905692068 ], [ 71.483720637653775, 51.150388006018026 ], [ 71.4837874, 51.1503833 ], [ 71.4838484, 51.1502994 ] ] ], [ [ [ 71.481221, 51.1507166 ], [ 71.481113436873031, 51.150709804538678 ], [ 71.481078136798018, 51.150758904519506 ], [ 71.4811857, 51.1507657 ], [ 71.481221, 51.1507166 ] ] ], [ [ [ 71.483967273306263, 51.15110871238268 ], [ 71.4841008, 51.151099299999984 ], [ 71.484242, 51.1509097 ], [ 71.482781, 51.1504849 ], [ 71.482647474755041, 51.150494310855159 ], [ 71.482491274091885, 51.150711310685487 ], [ 71.48301937377849, 51.150864711293153 ], [ 71.483967273306263, 51.15110871238268 ] ] ], [ [ [ 71.481726417410115, 51.151917345566034 ], [ 71.482229115989995, 51.152069348170102 ], [ 71.48234856359295, 51.152060930179026 ], [ 71.482262914755154, 51.152167448360373 ], [ 71.482798313146546, 51.152336751135152 ], [ 71.483286437208122, 51.152302347880543 ], [ 71.483450974093969, 51.152354029889921 ], [ 71.4837848, 51.1523305 ], [ 71.483891702637109, 51.152196359320584 ], [ 71.483988009127202, 51.152281413287255 ], [ 71.483883773910023, 51.152416131128888 ], [ 71.484087073587915, 51.152478031714004 ], [ 71.484201507875909, 51.152469965251399 ], [ 71.484321945935235, 51.152576329561761 ], [ 71.484290472669443, 51.152622732307364 ], [ 71.484410894188031, 51.152654883394092 ], [ 71.484659195362994, 51.152874166486981 ], [ 71.484647134125737, 51.152915506594404 ], [ 71.484722281545316, 51.152929879585507 ], [ 71.484956757567005, 51.153136950137942 ], [ 71.484869135388834, 51.1531431271288 ], [ 71.484568934619745, 51.153251226452902 ], [ 71.484612367673023, 51.153298689575344 ], [ 71.484427533452731, 51.153364106477902 ], [ 71.485134132443719, 51.154124206895091 ], [ 71.485196109234167, 51.154119837734662 ], [ 71.484958732309565, 51.154202506796665 ], [ 71.485091632109629, 51.154352506875249 ], [ 71.4851584, 51.1543478 ], [ 71.4855468, 51.1542124 ], [ 71.485495156424648, 51.154154106673381 ], [ 71.485668300000015, 51.1541419 ], [ 71.4859686, 51.154033799999979 ], [ 71.485857359342759, 51.153912258291911 ], [ 71.4862071, 51.1538876 ], [ 71.486746544027454, 51.153692616928367 ], [ 71.486794133193001, 51.153744407833649 ], [ 71.4868609, 51.1537397 ], [ 71.4870802, 51.1536604 ], [ 71.4869273, 51.153494 ], [ 71.48686053355506, 51.153498707866767 ], [ 71.486782878545597, 51.153526788330524 ], [ 71.486843, 51.153504 ], [ 71.4866724, 51.153326699999987 ], [ 71.486004736979254, 51.153373775475345 ], [ 71.485853035967622, 51.153431174622007 ], [ 71.486023633619681, 51.153608575628141 ], [ 71.486685815528475, 51.153561886713419 ], [ 71.486644871124156, 51.153576692337218 ], [ 71.486011133420064, 51.153621375559368 ], [ 71.485695534947823, 51.153735447353476 ], [ 71.485385993466267, 51.153397234760462 ], [ 71.4863297, 51.1533307 ], [ 71.4865109, 51.153251 ], [ 71.4866316, 51.1532195 ], [ 71.4853764, 51.1518938 ], [ 71.4849499, 51.1517524 ], [ 71.484883135823168, 51.151757106706647 ], [ 71.484782535676672, 51.151850306651113 ], [ 71.484130875009299, 51.151896244399161 ], [ 71.4841388, 51.1518863 ], [ 71.4839672, 51.1518325 ], [ 71.483633377791847, 51.151856030361827 ], [ 71.483397654098312, 51.152151747947165 ], [ 71.4829549, 51.152011799999983 ], [ 71.482835196221984, 51.15202023668072 ], [ 71.4829182, 51.1519122 ], [ 71.4824155, 51.1517602 ], [ 71.481880174395485, 51.151797926254147 ], [ 71.4820718, 51.1515417 ], [ 71.481923517454945, 51.151498070627902 ], [ 71.4832652, 51.1513995 ], [ 71.4833529, 51.1512947 ], [ 71.4827907, 51.1511143 ], [ 71.4825096, 51.1510806 ], [ 71.482175782320439, 51.151104126137177 ], [ 71.481828181429819, 51.151198425155954 ], [ 71.481727280980948, 51.151252224873645 ], [ 71.481566379380666, 51.151460824435254 ], [ 71.48167530954197, 51.151494402828476 ], [ 71.481531679044835, 51.151504524340574 ], [ 71.481258476248314, 51.151869723597272 ], [ 71.481464775935876, 51.151930524190817 ], [ 71.481726417410115, 51.151917345566034 ] ], [ [ 71.485276610647887, 51.154091802078142 ], [ 71.485322717140306, 51.154074934476519 ], [ 71.485323279511277, 51.154075549003402 ], [ 71.485276610647887, 51.154091802078142 ] ] ], [ [ [ 71.4827376, 51.1515508 ], [ 71.482670835844317, 51.151555505442268 ], [ 71.482632735774573, 51.151600705421416 ], [ 71.482703835749376, 51.151624205462376 ], [ 71.4827706, 51.1516195 ], [ 71.4828087, 51.1515743 ], [ 71.4827376, 51.1515508 ] ] ], [ [ [ 71.484706, 51.1517065 ], [ 71.4836396, 51.1513775 ], [ 71.4833057808696, 51.151401029384871 ], [ 71.483222780057076, 51.151506829158564 ], [ 71.484289178336425, 51.151835832228173 ], [ 71.484623, 51.15181230000001 ], [ 71.484706, 51.1517065 ] ] ], [ [ [ 71.481775487915471, 51.152535750962194 ], [ 71.481645302832916, 51.152566814745825 ], [ 71.481596402580834, 51.15262101466535 ], [ 71.481598302444951, 51.152652614670409 ], [ 71.481654789103615, 51.152709872402575 ], [ 71.481596305898734, 51.152794245050124 ], [ 71.481538301830241, 51.153103144805968 ], [ 71.48175490130113, 51.153162245926929 ], [ 71.4823558, 51.1531199 ], [ 71.4825915, 51.1527797 ], [ 71.4826744, 51.1524332 ], [ 71.4824588, 51.1523745 ], [ 71.481986199663964, 51.152407805735557 ], [ 71.4819185, 51.15239 ], [ 71.481784969056676, 51.152399409945332 ], [ 71.481748868892311, 51.152453409906265 ], [ 71.481747568713359, 51.15251540990716 ], [ 71.481775487915471, 51.152535750962194 ] ] ], [ [ [ 71.482587901876144, 51.152867816374375 ], [ 71.482636203153163, 51.152919410158113 ], [ 71.482590704513925, 51.152985050182437 ], [ 71.482532700445361, 51.153293949938295 ], [ 71.482749299916321, 51.153353051059241 ], [ 71.4833502, 51.1533107 ], [ 71.4835859, 51.1529705 ], [ 71.4836688, 51.152624 ], [ 71.4834532, 51.1525653 ], [ 71.482774568677485, 51.152614611081304 ], [ 71.482738468513119, 51.152668611042245 ], [ 71.482745622635775, 51.1527615593536 ], [ 71.48263490226411, 51.152782016449784 ], [ 71.482602302147626, 51.15280621639544 ], [ 71.482587901876144, 51.152867816374375 ] ] ], [ [ [ 71.484393, 51.1528418 ], [ 71.4839279, 51.1527166 ], [ 71.483861134309819, 51.15272130614283 ], [ 71.483683433889738, 51.152997906046885 ], [ 71.483880333848859, 51.153042906159925 ], [ 71.4839471, 51.1530382 ], [ 71.484393, 51.1528418 ] ] ], [ [ [ 71.483481091360204, 51.153328682838961 ], [ 71.483452733369973, 51.153339205921981 ], [ 71.483550533232616, 51.153442805979694 ], [ 71.4836173, 51.1534381 ], [ 71.4845862, 51.153078 ], [ 71.4844883, 51.1529744 ], [ 71.48415446988416, 51.152997931955916 ], [ 71.483424967486059, 51.153269229903636 ], [ 71.483481091360204, 51.153328682838961 ] ] ], [ [ [ 71.4819268, 51.1532929 ], [ 71.481860033236089, 51.153297605013691 ], [ 71.481461432352447, 51.153877304797675 ], [ 71.481669132296759, 51.153933504917092 ], [ 71.4817359, 51.1539288 ], [ 71.4821345, 51.153349099999978 ], [ 71.4819268, 51.1532929 ] ] ], [ [ [ 71.483593, 51.1537615 ], [ 71.4830175, 51.153774 ], [ 71.48279056526971, 51.153798711144951 ], [ 71.482747764712997, 51.15398831110344 ], [ 71.482753364313837, 51.154127311115161 ], [ 71.482936063746578, 51.154339611331501 ], [ 71.483284, 51.1543268 ], [ 71.4837913, 51.1540954 ], [ 71.4837865, 51.1539733 ], [ 71.483593, 51.1537615 ] ] ], [ [ [ 71.4842351, 51.1541015 ], [ 71.484168332352084, 51.154106206344444 ], [ 71.484050732269779, 51.15415340627834 ], [ 71.484140332146268, 51.154246706331179 ], [ 71.4842071, 51.154242 ], [ 71.4843305, 51.1541952 ], [ 71.4842351, 51.1541015 ] ] ], [ [ [ 71.483210361545815, 51.154884322200431 ], [ 71.48314215564514, 51.15488912925327 ], [ 71.482503053638993, 51.155113627453986 ], [ 71.482595652947566, 51.155217427727763 ], [ 71.4829295, 51.1551939 ], [ 71.4835687, 51.1549694 ], [ 71.483493735661284, 51.154885459391679 ], [ 71.4835641, 51.154880499999983 ], [ 71.484567099140733, 51.15448253801609 ], [ 71.484604831804162, 51.154523406601157 ], [ 71.4846716, 51.1545187 ], [ 71.4850607, 51.154377399999987 ], [ 71.484873, 51.1541741 ], [ 71.484806232325141, 51.154178806709304 ], [ 71.484417132074199, 51.154320106490317 ], [ 71.484427214912685, 51.15433102740316 ], [ 71.484139160125991, 51.15435133204214 ], [ 71.483091856494823, 51.154766929098237 ], [ 71.483210361545815, 51.154884322200431 ] ] ], [ [ [ 71.4819642, 51.1540301 ], [ 71.481630360743907, 51.154053624866052 ], [ 71.481465360186832, 51.154117024402041 ], [ 71.48212605571193, 51.154794026349272 ], [ 71.4824599, 51.1547705 ], [ 71.4826249, 51.1547072 ], [ 71.4819642, 51.1540301 ] ] ], [ [ [ 71.4845329, 51.1545839 ], [ 71.484466131693338, 51.15458860652339 ], [ 71.48390433132802, 51.154794706207227 ], [ 71.48397053123378, 51.154865706246291 ], [ 71.4840373, 51.154861 ], [ 71.4845991, 51.1546548 ], [ 71.4845329, 51.1545839 ] ] ], [ [ [ 71.4825025, 51.154885 ], [ 71.482435731012401, 51.154889705372256 ], [ 71.48235853092666, 51.154942705329255 ], [ 71.482486530843261, 51.155011405403506 ], [ 71.4825533, 51.155006699999987 ], [ 71.4826305, 51.1549552 ], [ 71.4825025, 51.154885 ] ] ], [ [ [ 71.481736330783079, 51.154989804975628 ], [ 71.48161333057061, 51.155126904908172 ], [ 71.48181588650516, 51.155213596085495 ], [ 71.481730251693435, 51.155318425271865 ], [ 71.482210450874021, 51.155472726654764 ], [ 71.4825443, 51.1554492 ], [ 71.4826362, 51.1553367 ], [ 71.482135962211615, 51.155183812048072 ], [ 71.4820536, 51.1550765 ], [ 71.4818031, 51.1549851 ], [ 71.481736330783079, 51.154989804975628 ] ] ], [ [ [ 71.4851979, 51.1551602 ], [ 71.485131130943998, 51.155164906913349 ], [ 71.484671530623956, 51.155348206654992 ], [ 71.484799330457975, 51.155474206730247 ], [ 71.4848661, 51.1554695 ], [ 71.4853256, 51.1552861 ], [ 71.4851979, 51.1551602 ] ] ], [ [ [ 71.4815949, 51.1558504 ], [ 71.4814553, 51.1557181 ], [ 71.481388529684665, 51.155722804791502 ], [ 71.481307829626573, 51.155756304746163 ], [ 71.481447329452934, 51.155888604828171 ], [ 71.4815141, 51.1558839 ], [ 71.4815949, 51.1558504 ] ] ], [ [ [ 71.485065448432692, 51.155784045783093 ], [ 71.4851427, 51.1557786 ], [ 71.486217198019403, 51.155377034788444 ], [ 71.48627623069298, 51.155435907571054 ], [ 71.486343, 51.15543120000001 ], [ 71.4867198, 51.1552859 ], [ 71.4865064, 51.1550681 ], [ 71.48643963123601, 51.155072807657184 ], [ 71.486062730980777, 51.155218107445215 ], [ 71.486096966537559, 51.155253445963183 ], [ 71.485831854523198, 51.155272136953009 ], [ 71.484508060019337, 51.155765913177689 ], [ 71.484643159643895, 51.155907613337085 ], [ 71.4847767, 51.155898199999989 ], [ 71.485065448432692, 51.155784045783093 ] ] ], [ [ [ 71.481760354441022, 51.156776546578556 ], [ 71.4823613, 51.1567342 ], [ 71.482471318430356, 51.156692377244134 ], [ 71.4828086, 51.1566723 ], [ 71.4846221, 51.1559649 ], [ 71.4845187, 51.1558606 ], [ 71.48418484911177, 51.155884132319379 ], [ 71.482538971743381, 51.156526106863012 ], [ 71.4825179, 51.1565043 ], [ 71.48191695759391, 51.156546647341997 ], [ 71.481639955926298, 51.156651845939578 ], [ 71.481760354441022, 51.156776546578556 ] ] ], [ [ [ 71.4848149, 51.1562159 ], [ 71.484481046732384, 51.156239433197356 ], [ 71.484316046175209, 51.156302832733346 ], [ 71.484987441633706, 51.156989934712136 ], [ 71.4853213, 51.1569664 ], [ 71.4854862, 51.156903 ], [ 71.4848149, 51.1562159 ] ] ], [ [ [ 71.4843957, 51.156671599999989 ], [ 71.4842854, 51.1565588 ], [ 71.483951543939739, 51.156582331721658 ], [ 71.482522739110578, 51.157131927703574 ], [ 71.482633138365074, 51.157244728028921 ], [ 71.482967, 51.1572212 ], [ 71.4843957, 51.156671599999989 ] ] ], [ [ [ 71.4825894, 51.1572644 ], [ 71.4825193, 51.1571792 ], [ 71.482452527708872, 51.157183905425789 ], [ 71.482368027660385, 51.157210405378144 ], [ 71.482377857181518, 51.157221919254191 ], [ 71.4823017, 51.157143 ], [ 71.481967838523644, 51.157166526125913 ], [ 71.481810937998787, 51.157226125684602 ], [ 71.48232313437083, 51.157772927196334 ], [ 71.482657, 51.1577494 ], [ 71.482823, 51.1576832 ], [ 71.482450645763848, 51.157297347431296 ], [ 71.4825095, 51.157293199999984 ], [ 71.4825894, 51.1572644 ] ] ], [ [ [ 71.4846724, 51.1569423 ], [ 71.484338541412342, 51.15696583286104 ], [ 71.482881636601959, 51.157510428762407 ], [ 71.482978535926762, 51.157612329048256 ], [ 71.4833124, 51.1575888 ], [ 71.4847692, 51.1570443 ], [ 71.4846724, 51.1569423 ] ] ], [ [ [ 71.4851005, 51.1582754 ], [ 71.4851799, 51.1581706 ], [ 71.4851666, 51.1578244 ], [ 71.4850855, 51.1577536 ], [ 71.484856986269008, 51.157757066139354 ], [ 71.4850083, 51.1577464 ], [ 71.4852443, 51.1576305 ], [ 71.4852472, 51.1573291 ], [ 71.484739983322683, 51.157342120310659 ], [ 71.484492582721359, 51.157460319894561 ], [ 71.484381882345474, 51.157537919709775 ], [ 71.484380981934038, 51.157633019713721 ], [ 71.484716810994783, 51.157759192123137 ], [ 71.484148327068553, 51.157771506403357 ], [ 71.484008226930456, 51.15785550632512 ], [ 71.484021726428466, 51.158205006339529 ], [ 71.484154426317232, 51.158293406416846 ], [ 71.4851005, 51.1582754 ] ] ], [ [ [ 71.482844332618967, 51.158550752443858 ], [ 71.4834453, 51.1585084 ], [ 71.4837066, 51.1584097 ], [ 71.4831837, 51.1578654 ], [ 71.482746291118417, 51.157896225526692 ], [ 71.4827374, 51.1578865 ], [ 71.482582740671646, 51.157907750991299 ], [ 71.482210726422025, 51.158056505304721 ], [ 71.482309826277742, 51.15816500536328 ], [ 71.4823766, 51.1581603 ], [ 71.482522897144065, 51.158107685519404 ], [ 71.48274613383559, 51.158448651922619 ], [ 71.482844332618967, 51.158550752443858 ] ] ], [ [ [ 71.4826132, 51.1584166 ], [ 71.4824087, 51.158208 ], [ 71.481807735379576, 51.158250347075843 ], [ 71.481619034228743, 51.158323146120637 ], [ 71.481823531747281, 51.158531747205387 ], [ 71.4824245, 51.1584894 ], [ 71.4826132, 51.1584166 ] ] ], [ [ [ 71.484101526089873, 51.158446706389654 ], [ 71.484102025989657, 51.15851630639127 ], [ 71.484389625753451, 51.15870450655877 ], [ 71.48449712571697, 51.158738906620677 ], [ 71.4850634, 51.1587329 ], [ 71.4850621, 51.1585395 ], [ 71.4847683, 51.1582884 ], [ 71.484604526370461, 51.15829450667335 ], [ 71.484101526089873, 51.158446706389654 ] ] ], [ [ [ 71.4830168, 51.1585732 ], [ 71.482950025760672, 51.15857790573601 ], [ 71.482555525501382, 51.158724505514016 ], [ 71.482705725290671, 51.158883405602651 ], [ 71.4827725, 51.1588787 ], [ 71.483153403064833, 51.158737152789371 ], [ 71.483616224749042, 51.159217531019067 ], [ 71.4839501, 51.159194 ], [ 71.4841444, 51.1591204 ], [ 71.4836355, 51.1585921 ], [ 71.483301628894523, 51.158615630065015 ], [ 71.483121492658654, 51.158683956886421 ], [ 71.4830168, 51.1585732 ] ] ], [ [ [ 71.4850444, 51.1588835 ], [ 71.484977625560319, 51.158888206897352 ], [ 71.484806525453024, 51.158948206800986 ], [ 71.484879625343751, 51.159030206844228 ], [ 71.4849464, 51.1590255 ], [ 71.4851175, 51.1589655 ], [ 71.4850444, 51.1588835 ] ] ], [ [ [ 71.4826758, 51.159136 ], [ 71.482609024908101, 51.159140705552467 ], [ 71.482481624820977, 51.159190405480835 ], [ 71.482537524746505, 51.15924680551376 ], [ 71.4826043, 51.159242099999986 ], [ 71.4827317, 51.1591925 ], [ 71.4826758, 51.159136 ] ] ], [ [ [ 71.4844911, 51.1589669 ], [ 71.484424325372771, 51.158971606583663 ], [ 71.484228925239464, 51.15904760647377 ], [ 71.484816324454954, 51.159641606819896 ], [ 71.484883100000019, 51.1596369 ], [ 71.4850785, 51.1595609 ], [ 71.4844911, 51.1589669 ] ] ], [ [ [ 71.4836779, 51.1595636 ], [ 71.483611124413869, 51.159568306131703 ], [ 71.483418524287956, 51.159639406023331 ], [ 71.483696623894787, 51.159935706187483 ], [ 71.4837634, 51.159931 ], [ 71.483956, 51.1598599 ], [ 71.4836779, 51.1595636 ] ] ], [ [ [ 71.4851723, 51.160216900000016 ], [ 71.4855954, 51.1600545 ], [ 71.4852365, 51.159674 ], [ 71.485169724444503, 51.159678707021975 ], [ 71.484737724149497, 51.159846906779038 ], [ 71.485105523654283, 51.160221606995833 ], [ 71.4851723, 51.160216900000016 ] ] ], [ [ [ 71.4845288, 51.1598678 ], [ 71.48446202407905, 51.15987250662242 ], [ 71.48434932400221, 51.159916306559055 ], [ 71.484521023761388, 51.160097906660368 ], [ 71.4845878, 51.160093199999984 ], [ 71.4846951, 51.160059599999983 ], [ 71.4845288, 51.1598678 ] ] ], [ [ [ 71.4844008, 51.160389 ], [ 71.4841372, 51.1601158 ], [ 71.483554745781461, 51.160156850134214 ], [ 71.4830813, 51.1596612 ], [ 71.482814196712866, 51.159680022946709 ], [ 71.48169979375669, 51.160098720438668 ], [ 71.482363448653558, 51.160793502196157 ], [ 71.482206722391567, 51.160852905356059 ], [ 71.482458822045217, 51.16111450550472 ], [ 71.4825256, 51.1611098 ], [ 71.4828175, 51.1609992 ], [ 71.482667016843536, 51.160843108466239 ], [ 71.483562728975215, 51.160514842118474 ], [ 71.4841848, 51.160471 ], [ 71.4844008, 51.160389 ] ] ], [ [ [ 71.485170010510501, 51.161324735648321 ], [ 71.485260409885257, 51.16141913591494 ], [ 71.4855943, 51.1613956 ], [ 71.486619500000018, 51.1610061 ], [ 71.4865206, 51.1609017 ], [ 71.486198790902051, 51.160924387119309 ], [ 71.4863627, 51.1608624 ], [ 71.4858499, 51.1603292 ], [ 71.485516017725587, 51.160352736540887 ], [ 71.485339117135794, 51.160419636043265 ], [ 71.485851913605714, 51.160952837555527 ], [ 71.486174317886309, 51.160930109455848 ], [ 71.485807405619738, 51.161074283408112 ], [ 71.485307, 51.1605342 ], [ 71.484973115917811, 51.160557735013711 ], [ 71.48478101529642, 51.160627734473088 ], [ 71.48529431161667, 51.16118173598877 ], [ 71.485586330163784, 51.161161151482901 ], [ 71.485170010510501, 51.161324735648321 ] ] ], [ [ [ 71.483916822386419, 51.161000906333392 ], [ 71.483967222316437, 51.161053706363141 ], [ 71.4841148, 51.1610526 ], [ 71.4842701, 51.1609944 ], [ 71.4842764, 51.1609193 ], [ 71.4842207, 51.1608609 ], [ 71.484153922610275, 51.160865606465904 ], [ 71.483936822466532, 51.160947006343761 ], [ 71.483916822386419, 51.161000906333392 ] ] ], [ [ [ 71.4852458, 51.1612703 ], [ 71.484753, 51.1607333 ], [ 71.484419114145794, 51.160756833454322 ], [ 71.484226813528636, 51.160826232913081 ], [ 71.484710269352036, 51.161353162950512 ], [ 71.484647221961225, 51.161357606756447 ], [ 71.484348221742792, 51.161483906588494 ], [ 71.48444192162853, 51.161571106643557 ], [ 71.4845087, 51.1615664 ], [ 71.4848077, 51.1614402 ], [ 71.484724699377367, 51.161362868597706 ], [ 71.4850534, 51.161339699999985 ], [ 71.4852458, 51.1612703 ] ] ], [ [ [ 71.48378172195747, 51.161287106261888 ], [ 71.4838485, 51.1612824 ], [ 71.4841106, 51.1611933 ], [ 71.4840594, 51.1611341 ], [ 71.483997, 51.1611079 ], [ 71.483930222227059, 51.161112606343167 ], [ 71.483684922107116, 51.161175106204588 ], [ 71.48378172195747, 51.161287106261888 ] ] ], [ [ [ 71.483151621766041, 51.161366705904364 ], [ 71.483345421527034, 51.16154890601829 ], [ 71.4834122, 51.1615442 ], [ 71.483662, 51.1614397 ], [ 71.4836352, 51.1613724 ], [ 71.4835744, 51.1613153 ], [ 71.4835037, 51.161285899999989 ], [ 71.483276321856465, 51.161314505974417 ], [ 71.483151621766041, 51.161366705904364 ] ] ], [ [ [ 71.4842708, 51.16152360000001 ], [ 71.484204021661242, 51.161528306507186 ], [ 71.483915821468045, 51.161638006345036 ], [ 71.484006421344176, 51.161731606398476 ], [ 71.4840732, 51.1617269 ], [ 71.4843614, 51.1616172 ], [ 71.4842708, 51.16152360000001 ] ] ], [ [ [ 71.4838695, 51.1616711 ], [ 71.483735942784676, 51.161680512524676 ], [ 71.4834316423742, 51.161797212182329 ], [ 71.483518042139835, 51.16188581228419 ], [ 71.4836516, 51.1618764 ], [ 71.4839559, 51.1617598 ], [ 71.4838695, 51.1616711 ] ] ], [ [ [ 71.4844572, 51.1616736 ], [ 71.484390421467737, 51.161678306616274 ], [ 71.483974621184345, 51.161839806382432 ], [ 71.484043621092141, 51.16190960642308 ], [ 71.4841104, 51.1619049 ], [ 71.4845261, 51.161743399999985 ], [ 71.4844572, 51.1616736 ] ] ], [ [ [ 71.4824346, 51.162114 ], [ 71.4822024, 51.1618114 ], [ 71.482068841974396, 51.161820810630026 ], [ 71.481383141211069, 51.162027709856453 ], [ 71.481615440395288, 51.162330310132802 ], [ 71.481749, 51.1623209 ], [ 71.4824346, 51.162114 ] ] ], [ [ [ 71.485624, 51.1628597 ], [ 71.4859256, 51.1627432 ], [ 71.4853782, 51.162185899999983 ], [ 71.485244641668075, 51.162195314263911 ], [ 71.484897041196561, 51.162329513872898 ], [ 71.485490439785551, 51.162869114569915 ], [ 71.485624, 51.1628597 ] ] ], [ [ [ 71.484441639735664, 51.162797813371832 ], [ 71.484695539060354, 51.163053513671031 ], [ 71.4848291, 51.1630441 ], [ 71.4850015, 51.1630069 ], [ 71.4851145, 51.1629651 ], [ 71.4848273, 51.1626559 ], [ 71.484729, 51.162592 ], [ 71.484595440339291, 51.162601413539583 ], [ 71.484421239955253, 51.162719913345605 ], [ 71.484441639735664, 51.162797813371832 ] ] ], [ [ [ 71.4833472, 51.1633849 ], [ 71.483269, 51.1632843 ], [ 71.48320221900147, 51.16328900597005 ], [ 71.48305021891592, 51.163335505884334 ], [ 71.483128518780461, 51.163436105930877 ], [ 71.48319530000002, 51.1634314 ], [ 71.4833472, 51.1633849 ] ] ], [ [ [ 71.4830429, 51.1633401 ], [ 71.482976118893504, 51.163344805842279 ], [ 71.48264991869307, 51.163456305658521 ], [ 71.482718718587293, 51.16353550569923 ], [ 71.4827855, 51.163530799999982 ], [ 71.4831117, 51.163419199999986 ], [ 71.4830429, 51.1633401 ] ] ], [ [ [ 71.482472, 51.1634726 ], [ 71.482405218633005, 51.163477305519457 ], [ 71.481901118340588, 51.163637605235273 ], [ 71.481990318192459, 51.163747905288226 ], [ 71.4820571, 51.1637432 ], [ 71.4825612, 51.1635828 ], [ 71.482472, 51.1634726 ] ] ], [ [ [ 71.4844015, 51.1648689 ], [ 71.4836126, 51.163951799999985 ], [ 71.483545818081112, 51.163956506178657 ], [ 71.483249217900422, 51.164056806011551 ], [ 71.484038216674435, 51.164973906478785 ], [ 71.484105, 51.1649692 ], [ 71.4844015, 51.1648689 ] ] ], [ [ [ 71.483058416050426, 51.165324005927118 ], [ 71.4831252, 51.1653193 ], [ 71.4834668, 51.165212 ], [ 71.4824275, 51.1639908 ], [ 71.482360717880624, 51.16399550550404 ], [ 71.482101317731562, 51.164077005357768 ], [ 71.483058416050426, 51.165324005927118 ] ] ], [ [ [ 71.4842983, 51.1653328 ], [ 71.484231516173807, 51.165337506595918 ], [ 71.483533715735049, 51.165582906202935 ], [ 71.483657015551415, 51.165720706275877 ], [ 71.4837238, 51.165716 ], [ 71.4844216, 51.1654706 ], [ 71.4842983, 51.1653328 ] ] ], [ [ [ 71.4852365, 51.1653643 ], [ 71.485169716242638, 51.165369007131176 ], [ 71.483561015276038, 51.165903606224667 ], [ 71.483947114664346, 51.166360506453451 ], [ 71.4840139, 51.1663558 ], [ 71.4856226, 51.1658212 ], [ 71.4852365, 51.1653643 ] ] ], [ [ [ 71.4851744, 51.1661815 ], [ 71.485107615056961, 51.16618620711148 ], [ 71.484691614796105, 51.166332006877198 ], [ 71.484774214672655, 51.166424606926029 ], [ 71.484841, 51.1664199 ], [ 71.4852569, 51.166274 ], [ 71.4851744, 51.1661815 ] ] ], [ [ [ 71.485303, 51.1663067 ], [ 71.485236214892126, 51.166311407187159 ], [ 71.485066514777458, 51.166376607091706 ], [ 71.485075603915419, 51.166385911166508 ], [ 71.485011814750891, 51.166390407060796 ], [ 71.484615014492377, 51.166536206837449 ], [ 71.484705314364106, 51.166632806890767 ], [ 71.4847721, 51.1666281 ], [ 71.4851689, 51.1664822 ], [ 71.485138928683966, 51.166450170906444 ], [ 71.4852052, 51.1664455 ], [ 71.4853749, 51.1663803 ], [ 71.485303, 51.1663067 ] ] ], [ [ [ 71.4855098, 51.1665515 ], [ 71.4854261, 51.1664629 ], [ 71.485359314681901, 51.166467607260323 ], [ 71.48478191430236, 51.166682106935362 ], [ 71.484865614184969, 51.166770606984763 ], [ 71.4849324, 51.1667659 ], [ 71.4855098, 51.1665515 ] ] ], [ [ [ 71.4822748, 51.166559 ], [ 71.482208014159667, 51.166563705466238 ], [ 71.48203521404983, 51.166625305368953 ], [ 71.482298413663045, 51.166915805524518 ], [ 71.4823652, 51.1669111 ], [ 71.482538, 51.166849599999985 ], [ 71.4822748, 51.166559 ] ] ], [ [ [ 71.4845587, 51.1666568 ], [ 71.484491914296726, 51.166661506769707 ], [ 71.484365014211491, 51.166709906698316 ], [ 71.484526413991247, 51.166876306793498 ], [ 71.4845932, 51.1668716 ], [ 71.4847201, 51.1668232 ], [ 71.4845587, 51.1666568 ] ] ], [ [ [ 71.4859879, 51.171575799999985 ], [ 71.4858377, 51.171431099999985 ], [ 71.485770907568366, 51.171435807590221 ], [ 71.485387307329972, 51.171568707374163 ], [ 71.485532207122063, 51.171725107459721 ], [ 71.485599, 51.1717204 ], [ 71.4859879, 51.171575799999985 ] ] ], [ [ [ 71.4863578, 51.1716236 ], [ 71.486291007354097, 51.171628307890359 ], [ 71.486068807216853, 51.171704707765187 ], [ 71.486355306779316, 51.172032307934749 ], [ 71.4864221, 51.1720276 ], [ 71.4866443, 51.171951300000011 ], [ 71.4863578, 51.1716236 ] ] ], [ [ [ 71.483560705577489, 51.17262960635346 ], [ 71.483763105213455, 51.172899106473977 ], [ 71.48381110520431, 51.172909506501547 ], [ 71.4839133, 51.1729022 ], [ 71.4841157, 51.1727832 ], [ 71.4838612, 51.1725006 ], [ 71.483794405785218, 51.172505306484261 ], [ 71.483560705577489, 51.17262960635346 ] ] ], [ [ [ 71.4863643, 51.1727452 ], [ 71.4863124, 51.172679 ], [ 71.486245605826511, 51.172683707884737 ], [ 71.486092805739958, 51.172730807798544 ], [ 71.486144605650949, 51.172796907829344 ], [ 71.4862114, 51.1727922 ], [ 71.4863643, 51.1727452 ] ] ], [ [ [ 71.48570170542132, 51.172918707579242 ], [ 71.485549805326798, 51.172971407493698 ], [ 71.48554691412987, 51.173109776734968 ], [ 71.4854772, 51.173023200000017 ], [ 71.485410405228336, 51.173027907415346 ], [ 71.485243205131525, 51.173080907321044 ], [ 71.48536020493637, 51.173226107390512 ], [ 71.485427, 51.1732214 ], [ 71.485545364271459, 51.173183951053943 ], [ 71.485541104725201, 51.173387807496724 ], [ 71.485724004673784, 51.173438907601941 ], [ 71.4857908, 51.1734342 ], [ 71.4859847, 51.1731588 ], [ 71.4857685, 51.172914 ], [ 71.48570170542132, 51.172918707579242 ] ] ], [ [ [ 71.484786704011242, 51.173819107075019 ], [ 71.484955003780613, 51.173993207174277 ], [ 71.485049803715143, 51.17404660722935 ], [ 71.4851166, 51.1740419 ], [ 71.4852963, 51.1739163 ], [ 71.4853843, 51.1737235 ], [ 71.4852812, 51.1736654 ], [ 71.485214404278238, 51.173670107315921 ], [ 71.48483520406603, 51.173785207102 ], [ 71.484786704011242, 51.173819107075019 ] ] ], [ [ [ 71.4859033, 51.1746569 ], [ 71.486711, 51.1743193 ], [ 71.4863226, 51.17395410000001 ], [ 71.486255803988698, 51.173958807915021 ], [ 71.486027703823453, 51.174054107786851 ], [ 71.485771303004412, 51.174600307651197 ], [ 71.485836502923945, 51.174661607689522 ], [ 71.4859033, 51.1746569 ] ] ], [ [ [ 71.4857465, 51.174702 ], [ 71.485679702839775, 51.174706707601004 ], [ 71.485513402746832, 51.174757107507205 ], [ 71.485572402661845, 51.174821007542057 ], [ 71.4856392, 51.1748163 ], [ 71.4858055, 51.1747592 ], [ 71.4857465, 51.174702 ] ] ], [ [ [ 71.4855158, 51.1748298 ], [ 71.485449002627348, 51.174834507471978 ], [ 71.48532560255417, 51.174874807402432 ], [ 71.485449002379966, 51.175006007475275 ], [ 71.4856338, 51.174971 ], [ 71.4855158, 51.1748298 ] ] ], [ [ [ 71.4835537, 51.1756831 ], [ 71.4834056, 51.1755035 ], [ 71.483338801398546, 51.175508206282174 ], [ 71.483026501214525, 51.175609406106098 ], [ 71.483174600973499, 51.175789006193966 ], [ 71.4832414, 51.1757843 ], [ 71.4835537, 51.1756831 ] ] ], [ [ [ 71.482850900000017, 51.1757789 ], [ 71.482784100933756, 51.175783605971304 ], [ 71.48259660082104, 51.175845905865607 ], [ 71.482658700722439, 51.175919505902414 ], [ 71.4827255, 51.1759148 ], [ 71.4829131, 51.1758525 ], [ 71.482850900000017, 51.1757789 ] ] ], [ [ [ 71.48218780024402, 51.17621140563962 ], [ 71.4822546, 51.1762067 ], [ 71.482961816928679, 51.175973735697703 ], [ 71.482983000650293, 51.175996906088756 ], [ 71.4830498, 51.1759922 ], [ 71.4831466, 51.1759574 ], [ 71.4830517, 51.1758536 ], [ 71.482924127623761, 51.175880154280428 ], [ 71.482852500804313, 51.175879106012111 ], [ 71.482113400363218, 51.176122505595508 ], [ 71.48218780024402, 51.17621140563962 ] ] ], [ [ [ 71.4840248, 51.1759269 ], [ 71.483958000863211, 51.175931606643211 ], [ 71.48380650077047, 51.175983106557851 ], [ 71.483980800500461, 51.176185006661065 ], [ 71.4840476, 51.176180299999984 ], [ 71.4841991, 51.1761289 ], [ 71.4840248, 51.1759269 ] ] ], [ [ [ 71.4847728, 51.1759809 ], [ 71.484706000876429, 51.175985607070572 ], [ 71.48444110069947, 51.176085906921521 ], [ 71.484902300065258, 51.176564507193568 ], [ 71.4849691, 51.1765598 ], [ 71.485234, 51.1764595 ], [ 71.4847728, 51.1759809 ] ] ], [ [ [ 71.4836291, 51.1771076 ], [ 71.4827145, 51.1760997 ], [ 71.482647700454379, 51.1761044058997 ], [ 71.482251800202491, 51.176245605676733 ], [ 71.483166498859902, 51.177253506217419 ], [ 71.4832333, 51.1772488 ], [ 71.4836291, 51.1771076 ] ] ], [ [ [ 71.485042, 51.1453261 ], [ 71.4851391, 51.1451903 ], [ 71.4849194, 51.1451287 ], [ 71.484852645358984, 51.145133406562131 ], [ 71.48481094531634, 51.145159506538874 ], [ 71.484810945135195, 51.145285306541282 ], [ 71.484975245089686, 51.145330806635776 ], [ 71.485042, 51.1453261 ] ] ], [ [ [ 71.4862588, 51.1451686 ], [ 71.486192045464577, 51.145173307325983 ], [ 71.48598824495997, 51.145506507216275 ], [ 71.48621884491547, 51.14555690734862 ], [ 71.4862856, 51.1455522 ], [ 71.4864841, 51.1452123 ], [ 71.4862588, 51.1451686 ] ] ], [ [ [ 71.4860013, 51.1455304 ], [ 71.485934544912254, 51.145535107186227 ], [ 71.485730744475617, 51.145821107075598 ], [ 71.485937244420825, 51.145876607194324 ], [ 71.486004, 51.1458719 ], [ 71.4861944, 51.1455775 ], [ 71.4860013, 51.1455304 ] ] ], [ [ [ 71.4859201, 51.1461844 ], [ 71.4859923, 51.1459282 ], [ 71.4857347, 51.145855899999987 ], [ 71.485667944411077, 51.145860607040596 ], [ 71.485346443723216, 51.146311106866072 ], [ 71.485696243624403, 51.146409307067238 ], [ 71.485763, 51.1464046 ], [ 71.4859201, 51.1461844 ] ] ], [ [ [ 71.4852369, 51.146644299999984 ], [ 71.485170143215171, 51.146649006772115 ], [ 71.484901942576826, 51.147069606627376 ], [ 71.485143342514064, 51.147133606766147 ], [ 71.4852101, 51.1471289 ], [ 71.4854836, 51.1467049 ], [ 71.4852369, 51.146644299999984 ] ] ], [ [ [ 71.4852476, 51.1475319 ], [ 71.485180841938231, 51.147536606795249 ], [ 71.485137941811914, 51.147620706772429 ], [ 71.485261341797852, 51.147640906843122 ], [ 71.4853281, 51.1476362 ], [ 71.485371, 51.1475521 ], [ 71.4852476, 51.1475319 ] ] ], [ [ [ 71.4899022, 51.147867399999988 ], [ 71.489787742000772, 51.147882709426632 ], [ 71.48976364193922, 51.1479234094137 ], [ 71.489821741810218, 51.148017909448612 ], [ 71.489893041804919, 51.148027609489432 ], [ 71.490021200000015, 51.1480077 ], [ 71.4900816, 51.147968300000016 ], [ 71.4900418, 51.1478984 ], [ 71.4899929, 51.1478727 ], [ 71.4899022, 51.147867399999988 ] ] ], [ [ [ 71.489374041672576, 51.148075609194649 ], [ 71.489433341562574, 51.148157009230019 ], [ 71.4895832, 51.1481508 ], [ 71.489737, 51.1480862 ], [ 71.4896649, 51.1479869 ], [ 71.489598141820835, 51.147991609320712 ], [ 71.489423941728631, 51.148040909222402 ], [ 71.489374041672576, 51.148075609194649 ] ] ], [ [ [ 71.488762341320836, 51.148268108849834 ], [ 71.488820341226514, 51.14833850888423 ], [ 71.4889615, 51.1483318 ], [ 71.489031, 51.1483101 ], [ 71.4890722, 51.1482742 ], [ 71.489001, 51.1481829 ], [ 71.488934241457713, 51.148187608946245 ], [ 71.488799741381428, 51.148229208870397 ], [ 71.488762341320836, 51.148268108849834 ] ] ], [ [ [ 71.4850386, 51.148164699999988 ], [ 71.484971841001467, 51.148169406688311 ], [ 71.484760440541663, 51.14847080657367 ], [ 71.485182440425092, 51.148587406816347 ], [ 71.485470240392431, 51.148634406981216 ], [ 71.485537, 51.1486297 ], [ 71.4860256, 51.1484552 ], [ 71.4860396, 51.1484351 ], [ 71.4857443, 51.1483314 ], [ 71.4850386, 51.148164699999988 ] ] ], [ [ [ 71.4886706, 51.1482747 ], [ 71.488406441204049, 51.148319108648046 ], [ 71.48838754111361, 51.148380308638458 ], [ 71.488447641011319, 51.14845640867415 ], [ 71.488597, 51.1484473 ], [ 71.4886468, 51.148431799999983 ], [ 71.4887377, 51.1483621 ], [ 71.4886706, 51.1482747 ] ] ], [ [ [ 71.4901328, 51.1482257 ], [ 71.490066041533936, 51.148230409591882 ], [ 71.489963241300643, 51.148383709536276 ], [ 71.49025024122642, 51.148459509701247 ], [ 71.490317, 51.1484548 ], [ 71.4904198, 51.1483014 ], [ 71.4901328, 51.1482257 ] ] ], [ [ [ 71.4881644, 51.1483679 ], [ 71.488097641089382, 51.148372608473139 ], [ 71.48772164086617, 51.148495808261295 ], [ 71.487763440794794, 51.148548908286131 ], [ 71.487867314150648, 51.14853274256869 ], [ 71.487852340779384, 51.148567108337126 ], [ 71.487927440655184, 51.148659708381686 ], [ 71.488144740604156, 51.148713508506511 ], [ 71.4882115, 51.1487088 ], [ 71.4883992, 51.1486466 ], [ 71.4881644, 51.1483679 ] ] ], [ [ [ 71.485417540043969, 51.14887190695574 ], [ 71.485752300000016, 51.1488872 ], [ 71.4860221, 51.1487963 ], [ 71.4864113, 51.1485742 ], [ 71.4863202, 51.1484679 ], [ 71.486253440720816, 51.148472607424324 ], [ 71.48533924016607, 51.148780506909382 ], [ 71.485417540043969, 51.14887190695574 ] ] ], [ [ [ 71.489526803606694, 51.148944172809649 ], [ 71.489507340395363, 51.148973709287858 ], [ 71.489559340354461, 51.149006509318127 ], [ 71.489760040306464, 51.149056809433446 ], [ 71.489828841622369, 51.149050949745401 ], [ 71.490024440234677, 51.149129009585458 ], [ 71.4901834, 51.1491303 ], [ 71.49025, 51.1490334 ], [ 71.490172, 51.148909 ], [ 71.4901083, 51.1488667 ], [ 71.4900356, 51.148847 ], [ 71.489968840627299, 51.148851709548453 ], [ 71.489908145598747, 51.14893808817007 ], [ 71.4897328, 51.148886 ], [ 71.489583845384658, 51.148890028847617 ], [ 71.4896526, 51.148786 ], [ 71.4894863, 51.1487428 ], [ 71.489315340692713, 51.148751009174205 ], [ 71.489279029611779, 51.148769603792367 ], [ 71.4890903, 51.1486408 ], [ 71.4889575, 51.1486049 ], [ 71.488890740844639, 51.148609608929561 ], [ 71.488810940599606, 51.14877300888724 ], [ 71.488921640529995, 51.148830708951422 ], [ 71.489104840487201, 51.148875909056663 ], [ 71.489177245436082, 51.148868115017137 ], [ 71.489388040423904, 51.148943809219325 ], [ 71.489526803606694, 51.148944172809649 ] ] ], [ [ [ 71.487052440230912, 51.148880307887396 ], [ 71.487127240104357, 51.148974507931811 ], [ 71.487268340070258, 51.149010108012895 ], [ 71.4873351, 51.1490054 ], [ 71.4874079, 51.1488901 ], [ 71.4873495, 51.1488547 ], [ 71.4871619, 51.1488086 ], [ 71.487095140332613, 51.148813307910444 ], [ 71.487052440230912, 51.148880307887396 ] ] ], [ [ [ 71.4862736, 51.1491664 ], [ 71.4864653, 51.1488955 ], [ 71.4862669, 51.1488358 ], [ 71.485813840017457, 51.148923807182527 ], [ 71.485722639839139, 51.14903990713281 ], [ 71.486206839709141, 51.149171107411206 ], [ 71.4862736, 51.1491664 ] ] ], [ [ [ 71.4877291, 51.1491153 ], [ 71.4877957, 51.149013199999985 ], [ 71.4877773, 51.1489875 ], [ 71.4875568, 51.1489133 ], [ 71.487490040229901, 51.148918008137429 ], [ 71.48740264002079, 51.149055808090296 ], [ 71.48766233995994, 51.149120008239493 ], [ 71.4877291, 51.1491153 ] ] ], [ [ [ 71.4881897, 51.1491166 ], [ 71.4879809, 51.1490294 ], [ 71.487914140114341, 51.149034108381301 ], [ 71.487865840076907, 51.149056008354208 ], [ 71.487797239923523, 51.149156708317065 ], [ 71.487895539862478, 51.149207408374025 ], [ 71.48804153982509, 51.149245708457968 ], [ 71.4881967, 51.1492326 ], [ 71.488224, 51.1491889 ], [ 71.4881897, 51.1491166 ] ] ], [ [ [ 71.487005639418527, 51.149440407871481 ], [ 71.487072400000017, 51.1494357 ], [ 71.4873306, 51.1492426 ], [ 71.4873851, 51.1491646 ], [ 71.4869347, 51.1490408 ], [ 71.486867939970523, 51.149045507785459 ], [ 71.486646339822698, 51.149129407660809 ], [ 71.486521939551182, 51.149307407593334 ], [ 71.487005639418527, 51.149440407871481 ] ] ], [ [ [ 71.488309539740499, 51.149327108612219 ], [ 71.4885084, 51.14933760000001 ], [ 71.488575, 51.1492876 ], [ 71.488591, 51.1492192 ], [ 71.4883233, 51.1491493 ], [ 71.488256539983354, 51.149154008578684 ], [ 71.488166439776208, 51.149290208529969 ], [ 71.488309539740499, 51.149327108612219 ] ] ], [ [ [ 71.490119, 51.1498478 ], [ 71.4902042, 51.1497304 ], [ 71.4895561, 51.1495275 ], [ 71.489489339588786, 51.149532209288346 ], [ 71.489393439386703, 51.149664409236244 ], [ 71.490052239196046, 51.149852509615236 ], [ 71.490119, 51.1498478 ] ] ], [ [ [ 71.4889099, 51.1500922 ], [ 71.488843138696723, 51.150096908931033 ], [ 71.488628438556219, 51.150176308810238 ], [ 71.488719738431229, 51.150270808864065 ], [ 71.4887865, 51.1502661 ], [ 71.4889979, 51.150190199999983 ], [ 71.4889099, 51.1500922 ] ] ], [ [ [ 71.4892348, 51.1501838 ], [ 71.489168038604376, 51.150188509117918 ], [ 71.488953338463716, 51.150268008997095 ], [ 71.489044638338868, 51.150362409050949 ], [ 71.489111400000013, 51.1503577 ], [ 71.4893228, 51.1502819 ], [ 71.4892348, 51.1501838 ] ] ], [ [ [ 71.4897815, 51.1501802 ], [ 71.489714738676156, 51.150184909429321 ], [ 71.489500038535638, 51.150264309308525 ], [ 71.489591338410648, 51.150358809362366 ], [ 71.4896581, 51.1503541 ], [ 71.4898695, 51.1502782 ], [ 71.4897815, 51.1501802 ] ] ], [ [ [ 71.4885846, 51.1502076 ], [ 71.488517838490878, 51.150212308747918 ], [ 71.488303138350375, 51.150291708627101 ], [ 71.488394438225399, 51.150386208680935 ], [ 71.488461200000017, 51.1503815 ], [ 71.4886726, 51.1503056 ], [ 71.4885846, 51.1502076 ] ] ], [ [ [ 71.4894694, 51.1503015 ], [ 71.489402638463417, 51.150306209253849 ], [ 71.489256338363063, 51.150363509171569 ], [ 71.489379038199829, 51.15048720924387 ], [ 71.4894458, 51.15048250000001 ], [ 71.489593, 51.150425 ], [ 71.4894694, 51.1503015 ] ] ], [ [ [ 71.4899478, 51.1503692 ], [ 71.489881038424187, 51.150373909527701 ], [ 71.489666438283678, 51.15045330940697 ], [ 71.489757738158687, 51.150547809460797 ], [ 71.4898245, 51.1505431 ], [ 71.4900358, 51.1504672 ], [ 71.4899478, 51.1503692 ] ] ], [ [ [ 71.4871252, 51.1506605 ], [ 71.4875865, 51.1505512 ], [ 71.4877716, 51.150482199999985 ], [ 71.4876482, 51.1503728 ], [ 71.487581438138903, 51.150377508217574 ], [ 71.486985937756145, 51.15059290788242 ], [ 71.487058437660806, 51.150665207925108 ], [ 71.4871252, 51.1506605 ] ] ], [ [ [ 71.4885514, 51.1504271 ], [ 71.488484638170689, 51.150431808733209 ], [ 71.488269938030186, 51.150511208612414 ], [ 71.488361237905181, 51.150605708666255 ], [ 71.488428, 51.150601 ], [ 71.4886394, 51.1505251 ], [ 71.4885514, 51.1504271 ] ] ], [ [ [ 71.4895401, 51.1505127 ], [ 71.489473338167826, 51.150517409298182 ], [ 71.489258638027167, 51.150596909177388 ], [ 71.489349937902318, 51.150691309231213 ], [ 71.4894167, 51.150686599999986 ], [ 71.4896281, 51.1506108 ], [ 71.4895401, 51.1505127 ] ] ], [ [ [ 71.4886525, 51.1507749 ], [ 71.4885431, 51.1506397 ], [ 71.48847633786346, 51.15064440873256 ], [ 71.488304837762186, 51.150700208635932 ], [ 71.488413437582551, 51.150834108700373 ], [ 71.4884802, 51.150829399999985 ], [ 71.4886525, 51.1507749 ] ] ], [ [ [ 71.4898028, 51.1506292 ], [ 71.489736038032035, 51.1506339094501 ], [ 71.489570637939721, 51.150684009356809 ], [ 71.489680937751643, 51.150823909422343 ], [ 71.4897477, 51.1508192 ], [ 71.4899113, 51.1507696 ], [ 71.4898028, 51.1506292 ] ] ], [ [ [ 71.4888656, 51.1507686 ], [ 71.48879883771707, 51.150773308918794 ], [ 71.488584137576396, 51.150852808798007 ], [ 71.488675437451562, 51.150947208851832 ], [ 71.4887422, 51.1509425 ], [ 71.4889536, 51.1508667 ], [ 71.4888656, 51.1507686 ] ] ], [ [ [ 71.4863421, 51.1505649 ], [ 71.486275337703177, 51.150569607477095 ], [ 71.485956637499584, 51.150684007297684 ], [ 71.485614437252238, 51.15082680710546 ], [ 71.486239136443317, 51.151441207473198 ], [ 71.4863059, 51.1514365 ], [ 71.4866373, 51.1512985 ], [ 71.4868994, 51.1511376 ], [ 71.4869929, 51.150917299999989 ], [ 71.4866897, 51.1506231 ], [ 71.4863421, 51.1505649 ] ] ], [ [ [ 71.4898595, 51.1508609 ], [ 71.489792737705187, 51.15086560948685 ], [ 71.489578037564513, 51.150945109366056 ], [ 71.489669337439679, 51.151039509419888 ], [ 71.4897361, 51.1510348 ], [ 71.4899475, 51.150959 ], [ 71.4898595, 51.1508609 ] ] ], [ [ [ 71.488857, 51.1509766 ], [ 71.488790237416424, 51.150981308917899 ], [ 71.488615137314568, 51.15103720881919 ], [ 71.488728037132418, 51.151173208886156 ], [ 71.4887948, 51.1511685 ], [ 71.4889664, 51.1511124 ], [ 71.488857, 51.1509766 ] ] ], [ [ [ 71.4904021, 51.1509929 ], [ 71.490335337581172, 51.150997609798559 ], [ 71.490162637471968, 51.15105880970134 ], [ 71.490234637363358, 51.15114030974393 ], [ 71.4903014, 51.1511356 ], [ 71.490475300000014, 51.151075199999987 ], [ 71.4904021, 51.1509929 ] ] ], [ [ [ 71.4901183, 51.1510904 ], [ 71.49005153740616, 51.151095109638725 ], [ 71.489868937293892, 51.151157609535886 ], [ 71.489940537184495, 51.151239609578262 ], [ 71.4900073, 51.1512349 ], [ 71.4901895, 51.1511735 ], [ 71.4901183, 51.1510904 ] ] ], [ [ [ 71.4891666, 51.151105099999988 ], [ 71.489099837269038, 51.151109809096759 ], [ 71.48888513712852, 51.15118920897595 ], [ 71.48897653700368, 51.151283609029853 ], [ 71.4890433, 51.1512789 ], [ 71.4892546, 51.151203099999989 ], [ 71.4891666, 51.151105099999988 ] ] ], [ [ [ 71.4876348, 51.1509567 ], [ 71.487501274577554, 51.150966116404348 ], [ 71.487297374324513, 51.151036716174701 ], [ 71.487890172704638, 51.151649116873756 ], [ 71.4880237, 51.1516397 ], [ 71.4882007, 51.1515708 ], [ 71.4876348, 51.1509567 ] ] ], [ [ [ 71.4906231, 51.1512912 ], [ 71.4905527, 51.151219 ], [ 71.490485937273831, 51.151223709888683 ], [ 71.490146237044314, 51.151354309697666 ], [ 71.490215436949768, 51.15142580973847 ], [ 71.4902822, 51.1514211 ], [ 71.4906231, 51.1512912 ] ] ], [ [ [ 71.4871254, 51.1519278 ], [ 71.4871783, 51.1517788 ], [ 71.486942390499024, 51.151575799515498 ], [ 71.4869906, 51.1515724 ], [ 71.4874709, 51.1513826 ], [ 71.4874615, 51.151342599999985 ], [ 71.4873462, 51.1512496 ], [ 71.48707783674881, 51.151300007948343 ], [ 71.486789136507667, 51.151443007786604 ], [ 71.486863781822109, 51.151517320864656 ], [ 71.4866925, 51.1513899 ], [ 71.4866257365575, 51.151394607692566 ], [ 71.486040736155118, 51.151624507363664 ], [ 71.486205835937241, 51.151789707460907 ], [ 71.486954335763627, 51.151973507890915 ], [ 71.4870211, 51.1519688 ], [ 71.4871254, 51.1519278 ] ] ], [ [ [ 71.4892769, 51.1513269 ], [ 71.489210136962996, 51.151331609163876 ], [ 71.488995436822336, 51.151411109043075 ], [ 71.489086736697473, 51.151505509096907 ], [ 71.4891535, 51.1515008 ], [ 71.4893649, 51.1514249 ], [ 71.4892769, 51.1513269 ] ] ], [ [ [ 71.490013, 51.1515199 ], [ 71.489925, 51.1514218 ], [ 71.489858236905249, 51.151426509534964 ], [ 71.489643536764575, 51.151506009414149 ], [ 71.489734836639727, 51.151600409467996 ], [ 71.4898016, 51.1515957 ], [ 71.490013, 51.1515199 ] ] ], [ [ [ 71.4895305, 51.1514885 ], [ 71.48946373676111, 51.151493209311468 ], [ 71.489256036628333, 51.151567809194567 ], [ 71.489324736529397, 51.15164230923515 ], [ 71.4893915, 51.1516376 ], [ 71.4895976, 51.1515641 ], [ 71.4895305, 51.1514885 ] ] ], [ [ [ 71.4865699, 51.1521108 ], [ 71.4865163, 51.152057 ], [ 71.486449535575105, 51.152061707604993 ], [ 71.486342235501525, 51.152103707544676 ], [ 71.486401235433519, 51.152155907579292 ], [ 71.486468, 51.1521512 ], [ 71.4865699, 51.1521108 ] ] ], [ [ [ 71.4887842, 51.1517759 ], [ 71.487706336096196, 51.151806208316174 ], [ 71.487380135887065, 51.15192380813258 ], [ 71.487066035274907, 51.152322207961255 ], [ 71.487325134898654, 51.152605308114317 ], [ 71.4879824, 51.152615 ], [ 71.4882314, 51.1525243 ], [ 71.4889298, 51.1520134 ], [ 71.4888804, 51.1518836 ], [ 71.4887842, 51.1517759 ] ] ], [ [ [ 71.4897645, 51.153975399999986 ], [ 71.489946472857156, 51.153905771986828 ], [ 71.4901006, 51.1538949 ], [ 71.4907085, 51.1536805 ], [ 71.4906187, 51.1535805 ], [ 71.490284869251255, 51.153604049479178 ], [ 71.489859139409731, 51.153754198825652 ], [ 71.489763867076803, 51.153760919090125 ], [ 71.489508366733034, 51.153858618802737 ], [ 71.489630966399289, 51.153984818947293 ], [ 71.4897645, 51.153975399999986 ] ] ], [ [ [ 71.488400500000012, 51.1542944 ], [ 71.488669256389556, 51.154196260179937 ], [ 71.488705531747641, 51.154234491402264 ], [ 71.488326932481442, 51.154367908719017 ], [ 71.488380032402617, 51.154427108750411 ], [ 71.488443978963971, 51.154422598952912 ], [ 71.48878795992303, 51.154772445326934 ], [ 71.4891218, 51.1547489 ], [ 71.4893118, 51.154675399999988 ], [ 71.488948, 51.154305399999984 ], [ 71.48873638491817, 51.154320324859825 ], [ 71.4888366, 51.154285 ], [ 71.488797201923163, 51.154240993108694 ], [ 71.4890509, 51.1542231 ], [ 71.4896401, 51.1540032 ], [ 71.4895288, 51.1538859 ], [ 71.489194966387473, 51.153909446403496 ], [ 71.488641603747865, 51.154115969163961 ], [ 71.488568932876262, 51.15411430885203 ], [ 71.488265232679495, 51.154225208681119 ], [ 71.488333732581381, 51.15429910872156 ], [ 71.488400500000012, 51.1542944 ] ] ], [ [ [ 71.4887048, 51.1540169 ], [ 71.488638033018219, 51.154021608889607 ], [ 71.488536232951944, 51.15405900883232 ], [ 71.488570232903655, 51.154095408852399 ], [ 71.488637, 51.1540907 ], [ 71.4887387, 51.1540533 ], [ 71.4887048, 51.1540169 ] ] ], [ [ [ 71.4880635, 51.1542605 ], [ 71.487996732589153, 51.154265208528891 ], [ 71.487907832531079, 51.154298008478861 ], [ 71.487995432407189, 51.154391408530593 ], [ 71.4880622, 51.1543867 ], [ 71.4881511, 51.154354 ], [ 71.4880635, 51.1542605 ] ] ], [ [ [ 71.486887784690595, 51.154597397345789 ], [ 71.486275380000819, 51.154816893209059 ], [ 71.486384833639534, 51.154931939925952 ], [ 71.486302031377591, 51.154962907576667 ], [ 71.48634763131399, 51.155010907603589 ], [ 71.4864144, 51.1550062 ], [ 71.4866013, 51.1549362 ], [ 71.486586029642254, 51.154920159440188 ], [ 71.4871882, 51.1548777 ], [ 71.4877886, 51.1546582 ], [ 71.487689, 51.1545409 ], [ 71.486887784690595, 51.154597397345789 ] ] ], [ [ [ 71.4858028, 51.1548077 ], [ 71.485736031525505, 51.154812407251271 ], [ 71.485620731448506, 51.154856107186404 ], [ 71.485685131364278, 51.154920007224327 ], [ 71.4857519, 51.1549153 ], [ 71.4858645, 51.1548716 ], [ 71.4858028, 51.1548077 ] ] ], [ [ [ 71.490622257801661, 51.155222050596009 ], [ 71.4909561, 51.1551985 ], [ 71.4911413, 51.1551316 ], [ 71.490757083415602, 51.154713379727518 ], [ 71.491097, 51.1546894 ], [ 71.491332, 51.154608699999983 ], [ 71.49110751485982, 51.154351488372811 ], [ 71.491346900000011, 51.1543346 ], [ 71.491990700000017, 51.1541071 ], [ 71.492244, 51.153995 ], [ 71.492217243479288, 51.153965233038122 ], [ 71.4923892, 51.1539531 ], [ 71.4925501, 51.153892099999986 ], [ 71.4922475, 51.153461399999983 ], [ 71.4921, 51.1533209 ], [ 71.491766172023702, 51.153344453674286 ], [ 71.491617971536513, 51.153399553257387 ], [ 71.491488970831966, 51.153486452898242 ], [ 71.491958329177734, 51.153895244785538 ], [ 71.4911774, 51.1539045 ], [ 71.490843567257812, 51.153928051102049 ], [ 71.49067906673838, 51.15398625063898 ], [ 71.490677366476575, 51.154022450637619 ], [ 71.490810341697681, 51.154177454826652 ], [ 71.490279530068847, 51.15421489999428 ], [ 71.49004452861989, 51.154295598670792 ], [ 71.490106043966421, 51.154366084449244 ], [ 71.489810263322681, 51.154386948202365 ], [ 71.489450262153227, 51.154518847189408 ], [ 71.48954926144782, 51.154625147481688 ], [ 71.490622257801661, 51.155222050596009 ] ] ], [ [ [ 71.4879322, 51.1547769 ], [ 71.487598358996806, 51.154800441940466 ], [ 71.487427358431631, 51.154864441459452 ], [ 71.487948454798428, 51.155412842996725 ], [ 71.4882823, 51.155389299999989 ], [ 71.4884534, 51.1553254 ], [ 71.4879322, 51.1547769 ] ] ], [ [ [ 71.48688, 51.155181699999979 ], [ 71.486728, 51.1550191 ], [ 71.486661231333599, 51.155023807782499 ], [ 71.486549931261109, 51.155064707719866 ], [ 71.486701931045346, 51.155227307809596 ], [ 71.4867687, 51.1552226 ], [ 71.48688, 51.155181699999979 ] ] ], [ [ [ 71.4907634, 51.1553691 ], [ 71.4906663, 51.1552642 ], [ 71.490332457151808, 51.155287749776718 ], [ 71.4898558981143, 51.155461261922227 ], [ 71.4892445, 51.1548239 ], [ 71.48891065945746, 51.154847445683693 ], [ 71.488703358767154, 51.154925745100634 ], [ 71.489355554265842, 51.155605747024111 ], [ 71.489605052728706, 51.155588149328565 ], [ 71.489677454024658, 51.155666447947041 ], [ 71.489701899584446, 51.155664723703673 ], [ 71.489799030632909, 51.155775409584869 ], [ 71.4898658, 51.1557707 ], [ 71.4900427, 51.1557096 ], [ 71.489985749579731, 51.155644702242625 ], [ 71.4907634, 51.1553691 ] ] ], [ [ [ 71.4876103, 51.1553207 ], [ 71.4875148, 51.1552178 ], [ 71.487448031143145, 51.155222508234651 ], [ 71.487333431068961, 51.15526430817016 ], [ 71.487428930932168, 51.155367308226538 ], [ 71.4874957, 51.1553626 ], [ 71.4876103, 51.1553207 ] ] ], [ [ [ 71.486958, 51.1553323 ], [ 71.486891230910345, 51.155337007919556 ], [ 71.486636630748094, 51.155428107776238 ], [ 71.486702830651268, 51.155500907815373 ], [ 71.4867696, 51.1554962 ], [ 71.4870242, 51.1554051 ], [ 71.486958, 51.1553323 ] ] ], [ [ [ 71.4878842, 51.1556132 ], [ 71.4876282, 51.1553472 ], [ 71.487561430970501, 51.155351908301746 ], [ 71.487411630870568, 51.155408608217478 ], [ 71.487667630518501, 51.15567460836845 ], [ 71.4877344, 51.1556699 ], [ 71.4878842, 51.1556132 ] ] ], [ [ [ 71.4870231, 51.1554395 ], [ 71.486956330763832, 51.15544420795873 ], [ 71.486797430662364, 51.155501207869285 ], [ 71.487017530341646, 51.155742407999334 ], [ 71.4870843, 51.1557377 ], [ 71.4872432, 51.1556807 ], [ 71.4870231, 51.1554395 ] ] ], [ [ [ 71.4879148, 51.1556585 ], [ 71.48784803055689, 51.155663208471026 ], [ 71.487756830503287, 51.155692708419622 ], [ 71.487826830388926, 51.155778008461148 ], [ 71.4878936, 51.1557733 ], [ 71.4879848, 51.1557439 ], [ 71.4879148, 51.1556585 ] ] ], [ [ [ 71.4866809, 51.1555447 ], [ 71.486614130570587, 51.155549407765761 ], [ 71.48643253045482, 51.155614407663535 ], [ 71.487001929685022, 51.156196807999159 ], [ 71.4870687, 51.1561921 ], [ 71.4872503, 51.156127099999985 ], [ 71.4866809, 51.1555447 ] ] ], [ [ [ 71.488223230104666, 51.156008808691446 ], [ 71.48829, 51.1560041 ], [ 71.488381, 51.1559683 ], [ 71.4884594, 51.1559019 ], [ 71.4882351, 51.1556774 ], [ 71.488168330568669, 51.155682108653906 ], [ 71.4880121304612, 51.155743508566083 ], [ 71.488046530338011, 51.155831908587388 ], [ 71.488223230104666, 51.156008808691446 ] ] ], [ [ [ 71.4876519, 51.1560056 ], [ 71.4873324, 51.1556781 ], [ 71.487265630457728, 51.155682808139559 ], [ 71.487049330311791, 51.155765808017897 ], [ 71.487368829878832, 51.156093308206238 ], [ 71.4874356, 51.1560886 ], [ 71.4876519, 51.1560056 ] ] ], [ [ [ 71.4887912, 51.1553641 ], [ 71.488457355289896, 51.155387644444183 ], [ 71.488300454737626, 51.155451044003264 ], [ 71.489259948301665, 51.156425546830548 ], [ 71.4895938, 51.156402 ], [ 71.4897582, 51.1563396 ], [ 71.4887912, 51.1553641 ] ] ], [ [ [ 71.49163473066902, 51.155905610633354 ], [ 71.4917015, 51.1559009 ], [ 71.4918678, 51.1558388 ], [ 71.4915166, 51.1554692 ], [ 71.491449831268469, 51.155473910519682 ], [ 71.491043200324214, 51.155625939378069 ], [ 71.490706954791619, 51.155647050878201 ], [ 71.489763451586612, 51.156012148225273 ], [ 71.489880250801932, 51.156130948569491 ], [ 71.490214100000017, 51.15610740000001 ], [ 71.491147896175903, 51.155745956121088 ], [ 71.49163473066902, 51.155905610633354 ] ] ], [ [ [ 71.4876067, 51.1562538 ], [ 71.4874349, 51.1561014 ], [ 71.4873681298603, 51.156106108206082 ], [ 71.48709892965563, 51.156225408054972 ], [ 71.487270729456952, 51.15637780815581 ], [ 71.4873375, 51.1563731 ], [ 71.4876067, 51.1562538 ] ] ], [ [ [ 71.486024443718208, 51.15678823764727 ], [ 71.4863583, 51.1567647 ], [ 71.4870847, 51.1564837 ], [ 71.4869802, 51.1563775 ], [ 71.4857984, 51.1561997 ], [ 71.485464547447791, 51.156223235997849 ], [ 71.485312746923839, 51.156283135571108 ], [ 71.485772343902596, 51.156741336924505 ], [ 71.486024443718208, 51.15678823764727 ] ] ], [ [ [ 71.487296628796159, 51.156838608179406 ], [ 71.487664628428888, 51.157124608394604 ], [ 71.4877314, 51.1571199 ], [ 71.4878835, 51.1570654 ], [ 71.487809859115856, 51.156977171068462 ], [ 71.4878761, 51.1569725 ], [ 71.488364, 51.1567935 ], [ 71.4879182, 51.1563156 ], [ 71.487851429610544, 51.15632030848559 ], [ 71.487748929543741, 51.156358008427894 ], [ 71.48769106650613, 51.156409679347561 ], [ 71.4876688, 51.1563843 ], [ 71.487602029481181, 51.156389008344789 ], [ 71.487425329371916, 51.156449908245278 ], [ 71.487513929236883, 51.156551108297705 ], [ 71.487534296547111, 51.156549672113975 ], [ 71.487466729146263, 51.156610008271961 ], [ 71.487619677433543, 51.156773940024713 ], [ 71.4874634, 51.1566668 ], [ 71.487346329058127, 51.156661008204317 ], [ 71.48721122897193, 51.156709408128265 ], [ 71.487204328930886, 51.156737308124868 ], [ 71.487296628796159, 51.156838608179406 ] ] ], [ [ [ 71.490492446856663, 51.156730350371291 ], [ 71.491136542504236, 51.157388952269706 ], [ 71.4914704, 51.1573654 ], [ 71.491610684251214, 51.157311415111714 ], [ 71.491692428528296, 51.157396210694927 ], [ 71.4917592, 51.1573915 ], [ 71.4923071, 51.1571837 ], [ 71.4921919, 51.157064199999986 ], [ 71.492125129052653, 51.157068910935166 ], [ 71.491619956912828, 51.157260505444029 ], [ 71.4910094, 51.1566363 ], [ 71.490880270852628, 51.156645409245087 ], [ 71.4909932, 51.1566033 ], [ 71.490595, 51.1561831 ], [ 71.490261150488621, 51.156206649661954 ], [ 71.490060549827547, 51.156281449097627 ], [ 71.490458747042908, 51.156701650272495 ], [ 71.49059126464077, 51.156692302484785 ], [ 71.490492446856663, 51.156730350371291 ] ] ], [ [ [ 71.489293528536251, 51.157187809323979 ], [ 71.489335028479047, 51.157231009348457 ], [ 71.4894018, 51.1572263 ], [ 71.489529, 51.1571782 ], [ 71.48949108994357, 51.15713883186843 ], [ 71.4895837, 51.1571323 ], [ 71.489832597491556, 51.157033316446665 ], [ 71.491280234188054, 51.158555352791318 ], [ 71.4916141, 51.158531799999984 ], [ 71.4917859, 51.1584675 ], [ 71.4902388, 51.1568409 ], [ 71.489858129064842, 51.156868709639575 ], [ 71.489827750721943, 51.156881581797862 ], [ 71.489487145033124, 51.156898447523304 ], [ 71.48941013690461, 51.156929072636821 ], [ 71.4885516, 51.156053 ], [ 71.488217750181121, 51.156076543827744 ], [ 71.488039149576707, 51.156145343325512 ], [ 71.48893524353484, 51.157059745966414 ], [ 71.489138284067366, 51.157045426199495 ], [ 71.489249843034116, 51.157155846871966 ], [ 71.489407338732136, 51.157144738850128 ], [ 71.489293528536251, 51.157187809323979 ] ] ], [ [ [ 71.4898759, 51.1564522 ], [ 71.489542048111872, 51.156475747639071 ], [ 71.489309747302499, 51.156568446986149 ], [ 71.489459046330097, 51.156716047425725 ], [ 71.4897929, 51.1566925 ], [ 71.4900207, 51.156604499999979 ], [ 71.4898759, 51.1564522 ] ] ], [ [ [ 71.4882053, 51.1568903 ], [ 71.488138528817444, 51.156895008660229 ], [ 71.487853328617575, 51.157009608499912 ], [ 71.488010828414417, 51.157163908592629 ], [ 71.4880776, 51.1571592 ], [ 71.4883628, 51.1570446 ], [ 71.4882053, 51.1568903 ] ] ], [ [ [ 71.4863438, 51.1570102 ], [ 71.485677728302036, 51.157044707260901 ], [ 71.48556932801219, 51.15723670720282 ], [ 71.485573527846853, 51.157351807207434 ], [ 71.485723327518954, 51.157592007297396 ], [ 71.4860296, 51.1575839 ], [ 71.4865291, 51.1573538 ], [ 71.4865232, 51.157193 ], [ 71.4863438, 51.1570102 ] ] ], [ [ [ 71.4885628, 51.1573446 ], [ 71.4884902, 51.1572719 ], [ 71.488423428302283, 51.157276608829903 ], [ 71.488229828169196, 51.157352608721055 ], [ 71.488302328073274, 51.157425308763749 ], [ 71.4883691, 51.1574206 ], [ 71.4885628, 51.1573446 ] ] ], [ [ [ 71.487550200000015, 51.1574346 ], [ 71.487349883815298, 51.157448724778334 ], [ 71.487004383159942, 51.157571124194753 ], [ 71.48746408112018, 51.158081825010029 ], [ 71.4876644, 51.1580677 ], [ 71.4880099, 51.1579454 ], [ 71.487550200000015, 51.1574346 ] ] ], [ [ [ 71.4898049, 51.1572699 ], [ 71.489471042177513, 51.157293447515407 ], [ 71.489297541567481, 51.157363447027819 ], [ 71.490280335265439, 51.158321249919979 ], [ 71.4906142, 51.1582977 ], [ 71.4907877, 51.1582277 ], [ 71.4898049, 51.1572699 ] ] ], [ [ [ 71.4856372, 51.1576668 ], [ 71.485570427385795, 51.157671507211795 ], [ 71.485209527103365, 51.157837007009313 ], [ 71.485728926524487, 51.158282607313829 ], [ 71.4857957, 51.1582779 ], [ 71.485894618937294, 51.158232565806159 ], [ 71.4866232, 51.1581812 ], [ 71.4872341, 51.157946 ], [ 71.48713, 51.1578397 ], [ 71.486328726836746, 51.157896194283659 ], [ 71.486035903567227, 51.158008930719269 ], [ 71.4856372, 51.1576668 ] ] ], [ [ [ 71.4883024, 51.1581965 ], [ 71.4890587, 51.1579056 ], [ 71.4888869, 51.1577295 ], [ 71.488553038306989, 51.15775304494413 ], [ 71.487796235753009, 51.158043542815825 ], [ 71.487968534586273, 51.158220043323702 ], [ 71.4883024, 51.1581965 ] ] ], [ [ [ 71.4882615, 51.1585826 ], [ 71.4881928, 51.1585042 ], [ 71.4880471, 51.158411 ], [ 71.487501074673929, 51.158444690019337 ], [ 71.4879282, 51.1582826 ], [ 71.487811800000017, 51.1581619 ], [ 71.487210841897664, 51.158204274777425 ], [ 71.486252436130229, 51.158567969925187 ], [ 71.486340989250436, 51.158659796011463 ], [ 71.485945634241517, 51.158687668372458 ], [ 71.484969828455078, 51.159051363430898 ], [ 71.485084327013794, 51.159172164038985 ], [ 71.4856853, 51.1591298 ], [ 71.48625288146448, 51.158918252811432 ], [ 71.486251930804386, 51.158978569993572 ], [ 71.486286130337348, 51.159017470175684 ], [ 71.486463329776726, 51.15907567109452 ], [ 71.4871385, 51.1590294 ], [ 71.4872265, 51.158999 ], [ 71.4872519, 51.1589714 ], [ 71.4871831, 51.158893 ], [ 71.4870376, 51.1587998 ], [ 71.486477703528251, 51.158834456548895 ], [ 71.4866611, 51.158766099999987 ], [ 71.486573998424575, 51.15867420600545 ], [ 71.4869698, 51.1586463 ], [ 71.487262468088346, 51.158535237796777 ], [ 71.487261536953596, 51.158589775104076 ], [ 71.487295736486573, 51.158628675286202 ], [ 71.487472935926007, 51.158686876205017 ], [ 71.488148, 51.1586406 ], [ 71.4882362, 51.1586102 ], [ 71.4882615, 51.1585826 ] ] ], [ [ [ 71.4888609638693, 51.15888779763452 ], [ 71.488815426023706, 51.158891009084293 ], [ 71.48818102557793, 51.159146708727711 ], [ 71.488345125367204, 51.15930680882429 ], [ 71.4884119, 51.159302099999984 ], [ 71.489023449062728, 51.159055706759112 ], [ 71.48928902739209, 51.159330147192641 ], [ 71.4896229, 51.1593066 ], [ 71.489803800000018, 51.1592377 ], [ 71.4895038, 51.1584036 ], [ 71.489311, 51.1582043 ], [ 71.488977135144438, 51.158227846198059 ], [ 71.488597333871226, 51.158372445129856 ], [ 71.488477032943408, 51.158491044798495 ], [ 71.4888609638693, 51.15888779763452 ] ] ], [ [ [ 71.4874059, 51.1588056 ], [ 71.487339125960162, 51.158810308241506 ], [ 71.487250425899063, 51.158845208191636 ], [ 71.487330725793115, 51.15892550823893 ], [ 71.4873975, 51.1589208 ], [ 71.4874862, 51.1588859 ], [ 71.4874059, 51.1588056 ] ] ], [ [ [ 71.487735, 51.1593617 ], [ 71.487934, 51.1591863 ], [ 71.487768800000012, 51.1590085 ], [ 71.487702025711982, 51.159013208452201 ], [ 71.4875163255915, 51.159081108347685 ], [ 71.486720525046678, 51.159391907900172 ], [ 71.486749624947024, 51.159463507918147 ], [ 71.486803124870534, 51.159521107949729 ], [ 71.486889424821527, 51.159562407999708 ], [ 71.4872759, 51.1595314 ], [ 71.487735, 51.1593617 ] ] ], [ [ [ 71.4860511, 51.1591818 ], [ 71.485377626656884, 51.159224465552228 ], [ 71.485301326232161, 51.159250765165446 ], [ 71.48526672575845, 51.159284364993795 ], [ 71.48526552476882, 51.15936056500081 ], [ 71.485299724301768, 51.159399465182929 ], [ 71.485476823742303, 51.159457566101203 ], [ 71.486152, 51.1594113 ], [ 71.4862401, 51.1593809 ], [ 71.4862654, 51.1593534 ], [ 71.4861967, 51.159275 ], [ 71.4860511, 51.1591818 ] ] ], [ [ [ 71.4865212, 51.1594971 ], [ 71.486454424855893, 51.159501807750665 ], [ 71.485989524539576, 51.159682007489195 ], [ 71.486114824371668, 51.159809107563042 ], [ 71.4861816, 51.159804400000013 ], [ 71.4866465, 51.1596241 ], [ 71.4865212, 51.1594971 ] ] ], [ [ [ 71.487915488363612, 51.160255105677791 ], [ 71.48871680000002, 51.1601986 ], [ 71.4895271, 51.1598636 ], [ 71.4895764, 51.159755400000016 ], [ 71.4891763, 51.1593439 ], [ 71.488375003816273, 51.159400408622815 ], [ 71.487302795189706, 51.159808601385215 ], [ 71.487313076094381, 51.159819066584447 ], [ 71.486769924160328, 51.160011107940214 ], [ 71.486883523992162, 51.160137408007373 ], [ 71.487709523523066, 51.160532708485647 ], [ 71.4877763, 51.160528 ], [ 71.4880367, 51.160436 ], [ 71.487867558919831, 51.160247777221784 ], [ 71.487915488363612, 51.160255105677791 ] ] ], [ [ [ 71.490274019966506, 51.160443950106149 ], [ 71.490607900000015, 51.1604204 ], [ 71.4912122, 51.160193399999983 ], [ 71.4909642, 51.1599337 ], [ 71.4908676, 51.1599271 ], [ 71.490533723679391, 51.159950650798635 ], [ 71.490067922134543, 51.160125649488343 ], [ 71.490076021339647, 51.160236649522083 ], [ 71.490274019966506, 51.160443950106149 ] ] ], [ [ [ 71.486859915610339, 51.16075984040905 ], [ 71.4871938, 51.1607363 ], [ 71.487422400000014, 51.16066 ], [ 71.4873421, 51.1605653 ], [ 71.487052, 51.1603328 ], [ 71.486718118431625, 51.160356339966292 ], [ 71.486381517417399, 51.160468639018013 ], [ 71.486482616620009, 51.1605878393175 ], [ 71.486859915610339, 51.16075984040905 ] ] ], [ [ [ 71.4881418, 51.1617775 ], [ 71.4887203, 51.1615768 ], [ 71.488801, 51.161519599999984 ], [ 71.488672106586932, 51.161373675540524 ], [ 71.4892177, 51.1613352 ], [ 71.490364, 51.1609118 ], [ 71.4904859, 51.1608343 ], [ 71.49002, 51.1603382 ], [ 71.489232215573722, 51.160404785524662 ], [ 71.488086108826408, 51.160828079720034 ], [ 71.488099008158272, 51.160880679795284 ], [ 71.48831115154718, 51.16110066679817 ], [ 71.488177, 51.1609992 ], [ 71.487843114314657, 51.161022743235641 ], [ 71.487178212246477, 51.161253541363358 ], [ 71.487561109352825, 51.16168744249601 ], [ 71.487807908684488, 51.161801043210104 ], [ 71.4881418, 51.1617775 ] ] ], [ [ [ 71.489961545321421, 51.161326619606406 ], [ 71.490121544903516, 51.161485119794847 ], [ 71.4902551, 51.1614757 ], [ 71.490461045691447, 51.161393966582651 ], [ 71.490449312380747, 51.161511450708261 ], [ 71.490684810807693, 51.161749651402168 ], [ 71.4910187, 51.1617261 ], [ 71.4913837, 51.1616733 ], [ 71.4924386, 51.161278 ], [ 71.4919442, 51.1607779 ], [ 71.4911692, 51.1603727 ], [ 71.49083532065228, 51.160396251700831 ], [ 71.49060381986267, 51.160486251049882 ], [ 71.490515017161783, 51.160853550832201 ], [ 71.490484171245967, 51.161162411938761 ], [ 71.4904038, 51.1611527 ], [ 71.490242045852426, 51.161166119919926 ], [ 71.489961545321421, 51.161326619606406 ] ] ], [ [ [ 71.4899413, 51.161945499999987 ], [ 71.4896596, 51.161638600000011 ], [ 71.489592822151863, 51.161643309580207 ], [ 71.489377222013331, 51.161721209458833 ], [ 71.489658921605454, 51.162028009625267 ], [ 71.4897257, 51.1620233 ], [ 71.4899413, 51.161945499999987 ] ] ], [ [ [ 71.4870071, 51.1623304 ], [ 71.4873087, 51.162213899999983 ], [ 71.4867612, 51.1616566 ], [ 71.486627643530724, 51.161666015819826 ], [ 71.486280143059233, 51.161800215428926 ], [ 71.486873541648293, 51.162339816125943 ], [ 71.4870071, 51.1623304 ] ] ], [ [ [ 71.4899908, 51.16203380000001 ], [ 71.489924021622627, 51.162038509776544 ], [ 71.489738721499592, 51.162108209672283 ], [ 71.489864621325253, 51.162239809746545 ], [ 71.4899314, 51.162235100000011 ], [ 71.4901168, 51.1621654 ], [ 71.4899908, 51.16203380000001 ] ] ], [ [ [ 71.486177140802354, 51.162574415341254 ], [ 71.4863107, 51.162565 ], [ 71.4866123, 51.1624485 ], [ 71.4860648, 51.1618912 ], [ 71.485931242684813, 51.161900615035144 ], [ 71.485583742213052, 51.162034914644245 ], [ 71.486177140802354, 51.162574415341254 ] ] ], [ [ [ 71.48937114114824, 51.162188427839197 ], [ 71.4891785, 51.1619812 ], [ 71.489111721599443, 51.161985909312627 ], [ 71.488785721387927, 51.162105109129151 ], [ 71.489008421006886, 51.16238830926148 ], [ 71.489190520746845, 51.162584109369021 ], [ 71.4892573, 51.1625794 ], [ 71.4895983, 51.1624547 ], [ 71.489570339203354, 51.162421858550331 ], [ 71.4897349, 51.16237 ], [ 71.4895231, 51.162151299999984 ], [ 71.489456321396275, 51.162156009512273 ], [ 71.48937114114824, 51.162188427839197 ] ] ], [ [ [ 71.4880652, 51.162761899999985 ], [ 71.488355, 51.1626576 ], [ 71.4881162, 51.1624221 ], [ 71.488049420834528, 51.162426808715743 ], [ 71.487867120712878, 51.16249580861318 ], [ 71.487895220453396, 51.162678208632698 ], [ 71.487998420338542, 51.162766608693204 ], [ 71.4880652, 51.162761899999985 ] ] ], [ [ [ 71.4897928, 51.1624923 ], [ 71.489726020937653, 51.162497009672514 ], [ 71.489390720716187, 51.162622309483844 ], [ 71.489483120587337, 51.16271950953837 ], [ 71.4895499, 51.1627148 ], [ 71.4898852, 51.1625895 ], [ 71.4897928, 51.1624923 ] ] ], [ [ [ 71.4871686, 51.1626254 ], [ 71.487101820426076, 51.162630108179648 ], [ 71.486949220328782, 51.162684708093742 ], [ 71.487256519931194, 51.162986508274649 ], [ 71.4873233, 51.1629818 ], [ 71.4874558, 51.1629247 ], [ 71.4871686, 51.1626254 ] ] ], [ [ [ 71.4893589, 51.1627828 ], [ 71.489292120466061, 51.162787509430835 ], [ 71.488902920197376, 51.162941009211984 ], [ 71.488989820082992, 51.16302770926319 ], [ 71.4890566, 51.163023 ], [ 71.4894458, 51.1628696 ], [ 71.4893589, 51.1627828 ] ] ], [ [ [ 71.4902409, 51.1630591 ], [ 71.490116, 51.1629455 ], [ 71.490049220323812, 51.1629502098654 ], [ 71.489883120200076, 51.163022009772135 ], [ 71.490008020051533, 51.163135609845497 ], [ 71.4900748, 51.1631309 ], [ 71.4902409, 51.1630591 ] ] ], [ [ [ 71.489451019839379, 51.163235709530007 ], [ 71.489574719690125, 51.163349709602699 ], [ 71.4896415, 51.163345 ], [ 71.4900429, 51.1632174 ], [ 71.4899582, 51.1631393 ], [ 71.4898182, 51.1631068 ], [ 71.489751420055015, 51.163111509698815 ], [ 71.489451019839379, 51.163235709530007 ] ] ], [ [ [ 71.488468, 51.1634043 ], [ 71.4883713, 51.1633075 ], [ 71.4879783, 51.1629921 ], [ 71.487844739977376, 51.163001517258245 ], [ 71.487521739551298, 51.163122016894768 ], [ 71.487942138388433, 51.163560917390754 ], [ 71.4880757, 51.163551499999983 ], [ 71.488468, 51.1634043 ] ] ], [ [ [ 71.489555, 51.1633443 ], [ 71.4894522, 51.1632442 ], [ 71.489385419812351, 51.163248909492879 ], [ 71.489159919653574, 51.163340009366124 ], [ 71.489262719521804, 51.163440109426617 ], [ 71.4893295, 51.163435399999976 ], [ 71.489555, 51.1633443 ] ] ], [ [ [ 71.486424200000016, 51.163973499999983 ], [ 71.4867259, 51.163857 ], [ 71.4861785, 51.1632997 ], [ 71.486044938652142, 51.163309115218787 ], [ 71.4856973381806, 51.163443314827788 ], [ 71.486290636769482, 51.163982915524691 ], [ 71.486424200000016, 51.163973499999983 ] ] ], [ [ [ 71.4873934, 51.1637703 ], [ 71.487326618803181, 51.16377500832975 ], [ 71.487165618691435, 51.163838908239228 ], [ 71.48725151858558, 51.163919608289724 ], [ 71.4873183, 51.1639149 ], [ 71.4874899, 51.1638544 ], [ 71.4873934, 51.1637703 ] ] ], [ [ [ 71.489566, 51.164147 ], [ 71.4892061, 51.1637307 ], [ 71.489139319081119, 51.163735409361998 ], [ 71.488694018808602, 51.163886809111126 ], [ 71.489053918252353, 51.16430310932423 ], [ 71.4891207, 51.1642984 ], [ 71.489566, 51.164147 ] ] ], [ [ [ 71.4903666, 51.1640486 ], [ 71.490299818764299, 51.164053310029416 ], [ 71.490096118628614, 51.164130209914831 ], [ 71.490282218371789, 51.164324110024616 ], [ 71.490349, 51.1643194 ], [ 71.4905527, 51.1642425 ], [ 71.4903666, 51.1640486 ] ] ], [ [ [ 71.488438, 51.1640343 ], [ 71.488304437084835, 51.164043717822246 ], [ 71.488055336777634, 51.164129217541614 ], [ 71.488426835640283, 51.164555117981394 ], [ 71.4885604, 51.1645457 ], [ 71.4888095, 51.1644603 ], [ 71.488438, 51.1640343 ] ] ], [ [ [ 71.4906531, 51.1643978 ], [ 71.49058631829584, 51.164402510199402 ], [ 71.490430218198114, 51.164457110111513 ], [ 71.490494618101735, 51.164529410149584 ], [ 71.4905614, 51.164524699999987 ], [ 71.4907175, 51.1644701 ], [ 71.4906531, 51.1643978 ] ] ], [ [ [ 71.4904219, 51.1645059 ], [ 71.490355118111836, 51.16451061006974 ], [ 71.490209718020722, 51.164561509987848 ], [ 71.490260617944486, 51.164618710017955 ], [ 71.490327400000012, 51.164614 ], [ 71.4904728, 51.1645631 ], [ 71.4904219, 51.1645059 ] ] ], [ [ [ 71.4878531, 51.165027300000013 ], [ 71.4881902, 51.1649041 ], [ 71.48754940000002, 51.1642143 ], [ 71.487482618182156, 51.164219008427182 ], [ 71.487098217932797, 51.164359508210801 ], [ 71.487786317047167, 51.165032008615867 ], [ 71.4878531, 51.165027300000013 ] ] ], [ [ [ 71.4908652, 51.1645393 ], [ 71.49079841811772, 51.164544010322992 ], [ 71.490647518023067, 51.164596910238039 ], [ 71.490746417875116, 51.164707910296499 ], [ 71.4908132, 51.1647032 ], [ 71.490964, 51.1646504 ], [ 71.4908652, 51.1645393 ] ] ], [ [ [ 71.4904062, 51.1649608 ], [ 71.490572048304642, 51.164901936543053 ], [ 71.490617817505679, 51.164953310227951 ], [ 71.4906846, 51.164948599999988 ], [ 71.490817780559681, 51.16490195985822 ], [ 71.490840417572898, 51.16492551035428 ], [ 71.4909072, 51.1649208 ], [ 71.4910244, 51.1648765 ], [ 71.4909451, 51.164794 ], [ 71.490878317760291, 51.164798710373439 ], [ 71.490587971379412, 51.164884392218809 ], [ 71.490533849366031, 51.16482441646842 ], [ 71.4905752, 51.1648215 ], [ 71.4907396, 51.1647596 ], [ 71.4906471, 51.1646629 ], [ 71.490580317912958, 51.1646676102011 ], [ 71.490439996296146, 51.164720411984582 ], [ 71.4903964, 51.1646721 ], [ 71.490329617869136, 51.164676810058403 ], [ 71.489799717533558, 51.16486480976004 ], [ 71.48995701730145, 51.165039109853033 ], [ 71.4900238, 51.1650344 ], [ 71.490309892014821, 51.164932807561492 ], [ 71.490339417454152, 51.164965510069528 ], [ 71.4904062, 51.1649608 ] ] ], [ [ [ 71.491052939789867, 51.165116546323993 ], [ 71.491211, 51.1650749 ], [ 71.4912941, 51.165024599999988 ], [ 71.4912455, 51.1649701 ], [ 71.491061017512436, 51.164986110481145 ], [ 71.490951817443914, 51.165024410419655 ], [ 71.490990881613797, 51.16506826385104 ], [ 71.490942017374522, 51.165071710414978 ], [ 71.490791617280195, 51.165124410330264 ], [ 71.490846317198361, 51.165185810362637 ], [ 71.4909131, 51.1651811 ], [ 71.4910635, 51.165128399999986 ], [ 71.491052939789867, 51.165116546323993 ] ] ], [ [ [ 71.49051081703594, 51.165270110173076 ], [ 71.4905776, 51.1652654 ], [ 71.4907487, 51.1651991 ], [ 71.4907716, 51.1651487 ], [ 71.4906253, 51.1650004 ], [ 71.490558517423779, 51.165005110195153 ], [ 71.490334917271554, 51.165091810069391 ], [ 71.49051081703594, 51.165270110173076 ] ] ], [ [ [ 71.4897475, 51.164957200000011 ], [ 71.489680717379073, 51.164961909694085 ], [ 71.488823616798314, 51.165292309211999 ], [ 71.488967716603966, 51.165439309296943 ], [ 71.4890345, 51.165434599999983 ], [ 71.4898916, 51.1651042 ], [ 71.4897475, 51.164957200000011 ] ] ], [ [ [ 71.4900306, 51.165244799999989 ], [ 71.489963816998966, 51.165249509860949 ], [ 71.489222016470165, 51.165553609444039 ], [ 71.489379016272352, 51.165704109536435 ], [ 71.4894458, 51.1656994 ], [ 71.4901875, 51.1653954 ], [ 71.4900306, 51.165244799999989 ] ] ], [ [ [ 71.4884069, 51.1656918 ], [ 71.4889678, 51.1654732 ], [ 71.4888196, 51.1653237 ], [ 71.488752816737659, 51.165328409172346 ], [ 71.488243457448007, 51.16552692194518 ], [ 71.488169416384153, 51.165524308843636 ], [ 71.487837816157338, 51.165653608657166 ], [ 71.487939016022494, 51.165755708716794 ], [ 71.4882128, 51.1657104 ], [ 71.488305705949656, 51.165661801208472 ], [ 71.488340116156721, 51.165696508944229 ], [ 71.4884069, 51.1656918 ] ] ], [ [ [ 71.4884753, 51.1660491 ], [ 71.488663815650753, 51.165981958730576 ], [ 71.4888528, 51.1659783 ], [ 71.4892962, 51.1658201 ], [ 71.4891053, 51.1656097 ], [ 71.489038516360168, 51.165614409340655 ], [ 71.48826141586585, 51.165891608903117 ], [ 71.488408515649937, 51.166053808990071 ], [ 71.4884753, 51.1660491 ] ] ], [ [ [ 71.488085615454182, 51.16616230880814 ], [ 71.4881524, 51.1661576 ], [ 71.4882456, 51.1661225 ], [ 71.4880962, 51.1659664 ], [ 71.487972415608496, 51.165992575522438 ], [ 71.4876716, 51.165677100000011 ], [ 71.487604816088293, 51.165681808524916 ], [ 71.487403615955103, 51.165757208411698 ], [ 71.487715515521529, 51.166084308595728 ], [ 71.4877823, 51.1660796 ], [ 71.487947282976322, 51.166017772426962 ], [ 71.488085615454182, 51.16616230880814 ] ] ], [ [ [ 71.4863462, 51.1664455 ], [ 71.48627941481908, 51.166450207784337 ], [ 71.486095514707273, 51.166512207680718 ], [ 71.486213114523665, 51.166649507750371 ], [ 71.4862799, 51.166644799999986 ], [ 71.4864638, 51.1665828 ], [ 71.4863462, 51.1664455 ] ] ], [ [ [ 71.486813600000019, 51.166794699999983 ], [ 71.4867822, 51.1667565 ], [ 71.486715414423799, 51.166761208038778 ], [ 71.486616214365583, 51.16679320798287 ], [ 71.486647614314336, 51.166831408001499 ], [ 71.4867144, 51.1668267 ], [ 71.486813600000019, 51.166794699999983 ] ] ], [ [ [ 71.486819, 51.166926 ], [ 71.486752214183909, 51.16693070806302 ], [ 71.486588614079793, 51.166989107970885 ], [ 71.486626414024414, 51.167030707993234 ], [ 71.4866932, 51.167026 ], [ 71.4868568, 51.1669676 ], [ 71.486819, 51.166926 ] ] ], [ [ [ 71.4870494, 51.1671601 ], [ 71.486982613874474, 51.167164808198812 ], [ 71.486731013712344, 51.167256008057173 ], [ 71.487259312950556, 51.167829008369267 ], [ 71.4873261, 51.1678243 ], [ 71.4875777, 51.1677332 ], [ 71.4870494, 51.1671601 ] ] ], [ [ [ 71.48784, 51.1683077 ], [ 71.487333219761112, 51.16804520054135 ], [ 71.4873772, 51.1680421 ], [ 71.4877368, 51.1679147 ], [ 71.4876401, 51.1678075 ], [ 71.48757331301303, 51.167812208547893 ], [ 71.487213812785541, 51.167939608345435 ], [ 71.487287731608305, 51.168021638561491 ], [ 71.4860888, 51.1674006 ], [ 71.486022013410704, 51.16740530765599 ], [ 71.485396613011289, 51.167629507303857 ], [ 71.486203111834214, 51.168514007780459 ], [ 71.487099411319363, 51.16894680829958 ], [ 71.4871662, 51.1689421 ], [ 71.4881099, 51.1686037 ], [ 71.48784, 51.1683077 ] ] ], [ [ [ 71.4878445, 51.168022799999989 ], [ 71.487777712727507, 51.168027508668487 ], [ 71.487626612612345, 51.168094608583665 ], [ 71.487738412483225, 51.16819360864929 ], [ 71.4878052, 51.1681889 ], [ 71.4879563, 51.1681218 ], [ 71.4878445, 51.168022799999989 ] ] ], [ [ [ 71.4894469, 51.1701653 ], [ 71.489380109833505, 51.170170009622893 ], [ 71.488298909250219, 51.170483109012721 ], [ 71.488412909040889, 51.170637909080668 ], [ 71.4884797, 51.1706332 ], [ 71.4895609, 51.17032 ], [ 71.4894469, 51.1701653 ] ] ], [ [ [ 71.4893434, 51.1705402 ], [ 71.489276609280253, 51.170544909571106 ], [ 71.488643508936903, 51.170729509213857 ], [ 71.488867508528841, 51.1710314093473 ], [ 71.4889343, 51.1710267 ], [ 71.4895674, 51.170842 ], [ 71.4893434, 51.1705402 ] ] ], [ [ [ 71.4867227, 51.1715582 ], [ 71.486655907492889, 51.171562908097059 ], [ 71.486439407354723, 51.171640407975161 ], [ 71.486586107140411, 51.171801408061867 ], [ 71.4866529, 51.1717967 ], [ 71.4868694, 51.1717191 ], [ 71.4867227, 51.1715582 ] ] ], [ [ [ 71.4870487, 51.1730834 ], [ 71.486981905332968, 51.173088108312136 ], [ 71.486889405276841, 51.173119208260019 ], [ 71.486967205155366, 51.1732100083061 ], [ 71.487034, 51.1732053 ], [ 71.4871264, 51.1731742 ], [ 71.4870487, 51.1730834 ] ] ], [ [ [ 71.490845, 51.1478641 ], [ 71.4907408, 51.1477481 ], [ 71.490674042295822, 51.147752809929102 ], [ 71.490331042079475, 51.147874009736007 ], [ 71.490435341925149, 51.147990009797667 ], [ 71.4905021, 51.1479853 ], [ 71.490845, 51.1478641 ] ] ], [ [ [ 71.4909177, 51.1479182 ], [ 71.490850942072399, 51.147922910033159 ], [ 71.490740941848159, 51.148069309973295 ], [ 71.491081741744651, 51.148170010169416 ], [ 71.4911485, 51.1481653 ], [ 71.4912584, 51.148019 ], [ 71.4909177, 51.1479182 ] ] ], [ [ [ 71.4905637, 51.1483521 ], [ 71.490496941404373, 51.148356809839825 ], [ 71.490396141175495, 51.148507209785279 ], [ 71.490655241108712, 51.148575509934233 ], [ 71.490722, 51.1485708 ], [ 71.4908228, 51.1484205 ], [ 71.4905637, 51.1483521 ] ] ], [ [ [ 71.4914295, 51.1485147 ], [ 71.4912021, 51.1484548 ], [ 71.491135341334257, 51.14845951020552 ], [ 71.491023241079944, 51.148626610144866 ], [ 71.491250641021239, 51.148686610275568 ], [ 71.4913174, 51.1486819 ], [ 71.4914295, 51.1485147 ] ] ], [ [ [ 71.4918769, 51.1486806 ], [ 71.491615041000671, 51.148731710484064 ], [ 71.491677740858549, 51.148835710521794 ], [ 71.4919397, 51.1487846 ], [ 71.4918769, 51.1486806 ] ] ], [ [ [ 71.492280740760634, 51.148954710867628 ], [ 71.492235040652531, 51.149025910842973 ], [ 71.492511840586317, 51.149095311002007 ], [ 71.492679240574745, 51.149117511097806 ], [ 71.492746, 51.1491128 ], [ 71.4928188, 51.1490852 ], [ 71.4928472, 51.1490452 ], [ 71.4928061, 51.1489727 ], [ 71.4925971, 51.148921 ], [ 71.492280740760634, 51.148954710867628 ] ] ], [ [ [ 71.490438, 51.149086699999984 ], [ 71.490220640307271, 51.149095209696597 ], [ 71.490159640178135, 51.149179709663464 ], [ 71.490187740129713, 51.149215709680171 ], [ 71.490323440090208, 51.149254609758245 ], [ 71.4903902, 51.1492499 ], [ 71.4905488, 51.1491978 ], [ 71.4905718, 51.1491663 ], [ 71.4905414, 51.1491165 ], [ 71.490438, 51.149086699999984 ] ] ], [ [ [ 71.4912288, 51.1493549 ], [ 71.4913361, 51.149181 ], [ 71.4911787, 51.1491438 ], [ 71.49111194033911, 51.149148510205443 ], [ 71.490905602004219, 51.149261469018057 ], [ 71.4908946, 51.1492104 ], [ 71.490662, 51.1491436 ], [ 71.490595240276434, 51.149148309911062 ], [ 71.49056874022294, 51.14918320989662 ], [ 71.490541140092688, 51.149271309882586 ], [ 71.490751340033171, 51.149330410003479 ], [ 71.490844942560955, 51.149317191873756 ], [ 71.49082204000635, 51.149355010044253 ], [ 71.490873239961317, 51.149390610074107 ], [ 71.49097293993934, 51.149414310131377 ], [ 71.4911319, 51.1494085 ], [ 71.4912288, 51.1493549 ] ] ], [ [ [ 71.492444040179663, 51.149371910968696 ], [ 71.492603140142592, 51.149411111060097 ], [ 71.4926699, 51.1494064 ], [ 71.4927296, 51.1493626 ], [ 71.4928044, 51.1491954 ], [ 71.4925025, 51.1491221 ], [ 71.492435740531661, 51.149126810959253 ], [ 71.492382340397711, 51.149215310930551 ], [ 71.492444040179663, 51.149371910968696 ] ] ], [ [ [ 71.4913272, 51.149344 ], [ 71.491260440068856, 51.149348710293907 ], [ 71.491188039899583, 51.149460110254807 ], [ 71.491408539847669, 51.149514810381469 ], [ 71.4914753, 51.149510099999986 ], [ 71.4915476, 51.1494002 ], [ 71.4913272, 51.149344 ] ] ], [ [ [ 71.4920695, 51.1497533 ], [ 71.4921507, 51.1496441 ], [ 71.4919789, 51.1495714 ], [ 71.491851812726949, 51.149572496705744 ], [ 71.4918787, 51.1494864 ], [ 71.4916073, 51.1494136 ], [ 71.491540540002745, 51.149418310454827 ], [ 71.491461539826176, 51.14953421041205 ], [ 71.491497739764924, 51.149579810433565 ], [ 71.491584139741605, 51.149603310483222 ], [ 71.491815441720448, 51.149592224293386 ], [ 71.491747639646434, 51.149683210577912 ], [ 71.491770139595886, 51.149720210591447 ], [ 71.491864139567738, 51.149747710645535 ], [ 71.4920695, 51.1497533 ] ] ], [ [ [ 71.49238644008048, 51.149435910937115 ], [ 71.492323940027916, 51.149467110902116 ], [ 71.492313239916584, 51.149543510897487 ], [ 71.492344439882231, 51.149570010915774 ], [ 71.492470339858102, 51.149597410988036 ], [ 71.4925371, 51.1495927 ], [ 71.4926173, 51.1494462 ], [ 71.4925145, 51.149424 ], [ 71.49238644008048, 51.149435910937115 ] ] ], [ [ [ 71.4903829, 51.1497218 ], [ 71.490316139409643, 51.149726509763148 ], [ 71.490258539361591, 51.149755009730896 ], [ 71.490217839275118, 51.149811609708799 ], [ 71.490223639201218, 51.149863409713092 ], [ 71.490316139143189, 51.149911509766717 ], [ 71.49043823910911, 51.149945509836932 ], [ 71.4905533, 51.1499302 ], [ 71.4906353, 51.1498167 ], [ 71.49056090000002, 51.1497532 ], [ 71.4903829, 51.1497218 ] ] ], [ [ [ 71.4921677, 51.1497368 ], [ 71.492100939605521, 51.149741510780352 ], [ 71.492041939447972, 51.149845910748724 ], [ 71.492299439367883, 51.149923310896938 ], [ 71.4923662, 51.1499186 ], [ 71.4924359, 51.1498142 ], [ 71.4921677, 51.1497368 ] ] ], [ [ [ 71.493659, 51.150160799999988 ], [ 71.4940131, 51.1500262 ], [ 71.4939648, 51.1498479 ], [ 71.4937073, 51.1495888 ], [ 71.493640540006339, 51.149593511654665 ], [ 71.493195239719455, 51.149755011404075 ], [ 71.493592239176607, 51.150165511638178 ], [ 71.493659, 51.150160799999988 ] ] ], [ [ [ 71.4907441, 51.1498506 ], [ 71.49067733926816, 51.149855309971436 ], [ 71.490558039031242, 51.150009709906428 ], [ 71.490834938940509, 51.15009611006586 ], [ 71.4909017, 51.1500914 ], [ 71.4910209, 51.1499349 ], [ 71.4907441, 51.1498506 ] ] ], [ [ [ 71.4911297, 51.1499798 ], [ 71.491062939129051, 51.149984510193619 ], [ 71.490971038926588, 51.150117310143806 ], [ 71.491218838864299, 51.150181510286231 ], [ 71.4912856, 51.1501768 ], [ 71.4913798, 51.150048399999989 ], [ 71.4911297, 51.1499798 ] ] ], [ [ [ 71.4917716, 51.1501639 ], [ 71.4915194, 51.1500922 ], [ 71.491452639014639, 51.150096910417808 ], [ 71.491306738727516, 51.150283910338288 ], [ 71.491556738649095, 51.15035951048219 ], [ 71.4916235, 51.1503548 ], [ 71.4917716, 51.1501639 ] ] ], [ [ [ 71.4919167, 51.150196 ], [ 71.49184993891356, 51.150200710646189 ], [ 71.491751038702887, 51.150338610592478 ], [ 71.491997638633123, 51.150407910734309 ], [ 71.4920644, 51.1504032 ], [ 71.4921656, 51.1502646 ], [ 71.4919167, 51.150196 ] ] ], [ [ [ 71.4923006, 51.1503025 ], [ 71.492233838806925, 51.150307210866941 ], [ 71.492107038568676, 51.150461910797688 ], [ 71.492375738475232, 51.150549510952452 ], [ 71.4924425, 51.1505448 ], [ 71.492567, 51.1503872 ], [ 71.4923006, 51.1503025 ] ] ], [ [ [ 71.492577338223128, 51.150741611071005 ], [ 71.492842938026612, 51.150900511225402 ], [ 71.4929097, 51.1508958 ], [ 71.493039, 51.150846799999989 ], [ 71.4927635, 51.1505613 ], [ 71.492696738490579, 51.150566011135673 ], [ 71.492485238349303, 51.150646211016713 ], [ 71.492577338223128, 51.150741611071005 ] ] ], [ [ [ 71.490615637408908, 51.151140909961001 ], [ 71.4907220372653, 51.151249610023726 ], [ 71.4907888, 51.1512449 ], [ 71.4912757, 51.1510625 ], [ 71.4911739, 51.1509577 ], [ 71.490932637686655, 51.150974910138437 ], [ 71.49077263758258, 51.151033610048408 ], [ 71.490615637408908, 51.151140909961001 ] ] ], [ [ [ 71.4961292, 51.1525993 ], [ 71.4962659, 51.1525483 ], [ 71.4956145, 51.1518609 ], [ 71.495535870903566, 51.151866450403269 ], [ 71.4954116, 51.1517353 ], [ 71.495344837122389, 51.151740012667062 ], [ 71.495174337009985, 51.151803612571143 ], [ 71.495258705921415, 51.15189265232425 ], [ 71.495143984231106, 51.151935463161465 ], [ 71.495795379677304, 51.152622865083444 ], [ 71.4961292, 51.1525993 ] ] ], [ [ [ 71.4944308, 51.1521449 ], [ 71.494364036412776, 51.152149612116133 ], [ 71.494245436335959, 51.152192912049401 ], [ 71.49432073622414, 51.152276912093924 ], [ 71.4943875, 51.1522722 ], [ 71.4945064, 51.1522296 ], [ 71.4944308, 51.1521449 ] ] ], [ [ [ 71.494671884819596, 51.153218380816128 ], [ 71.494488032875836, 51.153274015210684 ], [ 71.4944316, 51.1532148 ], [ 71.494364834871661, 51.153219512137191 ], [ 71.493837234522246, 51.153417411840401 ], [ 71.493958934353245, 51.1535450119122 ], [ 71.4940257, 51.153540299999989 ], [ 71.494535109882221, 51.15334931963752 ], [ 71.494761734372773, 51.153599412370681 ], [ 71.4948285, 51.1535947 ], [ 71.494942774602563, 51.153553937032548 ], [ 71.495023372077256, 51.153612662979526 ], [ 71.4953572, 51.153589100000012 ], [ 71.4954695, 51.1535474 ], [ 71.4956073, 51.1534427 ], [ 71.4955442, 51.1533757 ], [ 71.4953775, 51.1532545 ], [ 71.49504367449974, 51.153278063005118 ], [ 71.49494645965396, 51.153314086527331 ], [ 71.494882045326761, 51.153242621107985 ], [ 71.4952082, 51.1532196 ], [ 71.4953992, 51.153149199999987 ], [ 71.494797, 51.152506399999986 ], [ 71.494450396085995, 51.152534673049196 ], [ 71.494157, 51.152234 ], [ 71.494090236251068, 51.152238711961857 ], [ 71.493899536122214, 51.152312011854605 ], [ 71.493230335469931, 51.152708211480956 ], [ 71.493395135240775, 51.152881211578176 ], [ 71.494376772910641, 51.152712009054383 ], [ 71.494799770577529, 51.15316352906521 ], [ 71.494743334992705, 51.153167512351871 ], [ 71.494654434936507, 51.153199012301819 ], [ 71.494671884819596, 51.153218380816128 ] ] ], [ [ [ 71.4931973, 51.1530729 ], [ 71.4928437, 51.152702 ], [ 71.492576641577642, 51.152720844662639 ], [ 71.492427841183584, 51.152776644327815 ], [ 71.49278143921876, 51.153147545162291 ], [ 71.492998939020211, 51.153132197321092 ], [ 71.492944234794692, 51.153152711326499 ], [ 71.493277634331577, 51.153502411523192 ], [ 71.4933444, 51.1534977 ], [ 71.4934867, 51.153444299999983 ], [ 71.4931534, 51.1530946 ], [ 71.493136196007455, 51.153095814036078 ], [ 71.4931973, 51.1530729 ] ] ], [ [ [ 71.4937542, 51.1529345 ], [ 71.493687435192854, 51.152939211745846 ], [ 71.493473335062617, 51.153011511625252 ], [ 71.49350723500983, 51.153051011645324 ], [ 71.493574, 51.1530463 ], [ 71.4937881, 51.152974 ], [ 71.4937542, 51.1529345 ] ] ], [ [ [ 71.4914851, 51.1531211 ], [ 71.491151273088192, 51.15314465190329 ], [ 71.490463770679824, 51.153420849971234 ], [ 71.490560270057955, 51.153515350255233 ], [ 71.4908941, 51.1534918 ], [ 71.491540748777425, 51.153232011996295 ], [ 71.491641734372479, 51.153335610587874 ], [ 71.4917085, 51.1533309 ], [ 71.4920852, 51.1531865 ], [ 71.492058886916254, 51.153159506173211 ], [ 71.492118500000018, 51.1531553 ], [ 71.4922037, 51.1531224 ], [ 71.4920672, 51.152983399999989 ], [ 71.49200043491679, 51.152988110785572 ], [ 71.491915334859172, 51.153020910737723 ], [ 71.491934397226615, 51.153040350538156 ], [ 71.491875434820301, 51.153044510715439 ], [ 71.491538701138808, 51.153173590293221 ], [ 71.4914851, 51.1531211 ] ] ], [ [ [ 71.492402, 51.1533375 ], [ 71.492335234447481, 51.153342210983155 ], [ 71.49224533439245, 51.153372810932531 ], [ 71.492300034307917, 51.153436110964904 ], [ 71.4923668, 51.1534314 ], [ 71.4924567, 51.1534008 ], [ 71.492402, 51.1533375 ] ] ], [ [ [ 71.492476, 51.1535788 ], [ 71.4925555, 51.1535473 ], [ 71.4925492, 51.153515 ], [ 71.4924722, 51.1534602 ], [ 71.492405434279277, 51.153464911025516 ], [ 71.492322834222108, 51.153497610979073 ], [ 71.492409234108891, 51.153583511029971 ], [ 71.492476, 51.1535788 ] ] ], [ [ [ 71.4926971, 51.1536653 ], [ 71.4926304, 51.153586 ], [ 71.492563634117346, 51.153590711118071 ], [ 71.492461334056173, 51.153624511060436 ], [ 71.492528033949924, 51.153703911099967 ], [ 71.4925948, 51.1536992 ], [ 71.4926971, 51.1536653 ] ] ], [ [ [ 71.4937362, 51.153459 ], [ 71.493669434435091, 51.153463711745694 ], [ 71.493062234033033, 51.153691411404111 ], [ 71.493227033804047, 51.153864311501337 ], [ 71.4932938, 51.1538596 ], [ 71.4939011, 51.1536318 ], [ 71.4937362, 51.153459 ] ] ], [ [ [ 71.4934665, 51.1541184 ], [ 71.4947573, 51.1536343 ], [ 71.4946678, 51.1535403 ], [ 71.494601034431554, 51.153545012278059 ], [ 71.493474933831962, 51.153865911642605 ], [ 71.493238933675698, 51.153954411509851 ], [ 71.49339973345225, 51.154123111604733 ], [ 71.4934665, 51.1541184 ] ] ], [ [ [ 71.4959414, 51.1539789 ], [ 71.4956342, 51.1536591 ], [ 71.495300371741948, 51.153682663775406 ], [ 71.495185789095288, 51.153720467389007 ], [ 71.4951393, 51.1536725 ], [ 71.494805471343668, 51.153696062366798 ], [ 71.493316266474082, 51.154246058177172 ], [ 71.493433565552962, 51.154383858524618 ], [ 71.4937674, 51.154360300000015 ], [ 71.495215865488547, 51.153820643879328 ], [ 71.495451869115854, 51.154060064243382 ], [ 71.4957857, 51.154036499999989 ], [ 71.4959414, 51.1539789 ] ] ], [ [ [ 71.495646633262481, 51.154445012891159 ], [ 71.4957134, 51.1544403 ], [ 71.496030447324529, 51.154325024772881 ], [ 71.496050333452615, 51.154347213119301 ], [ 71.4961171, 51.1543425 ], [ 71.4962981, 51.1542787 ], [ 71.496221128133627, 51.154169290229795 ], [ 71.496292933630869, 51.154244013255543 ], [ 71.4963597, 51.1542393 ], [ 71.4965826, 51.154155 ], [ 71.4961106, 51.1536637 ], [ 71.496043834429713, 51.153668413102508 ], [ 71.495911234341364, 51.153718513027925 ], [ 71.496173046889638, 51.154100946028365 ], [ 71.496129400000015, 51.1540477 ], [ 71.496062633878836, 51.154052413120638 ], [ 71.495852533746444, 51.154126513002339 ], [ 71.495889165440474, 51.154167385947417 ], [ 71.495800933686425, 51.154163812973657 ], [ 71.495489833480491, 51.154280412798656 ], [ 71.495646633262481, 51.154445012891159 ] ] ], [ [ [ 71.4949948, 51.1540203 ], [ 71.494928033779928, 51.154025012473625 ], [ 71.494834433718822, 51.154059512420957 ], [ 71.494888133642945, 51.154116712452669 ], [ 71.4949549, 51.154112 ], [ 71.4950484, 51.1540775 ], [ 71.4949948, 51.1540203 ] ] ], [ [ [ 71.4924735, 51.154159699999987 ], [ 71.492325333259203, 51.154166210993381 ], [ 71.492048633110088, 51.154246310837259 ], [ 71.491921233003794, 51.154309310765889 ], [ 71.492058032836198, 51.154437210846268 ], [ 71.4923966, 51.154418 ], [ 71.4925354, 51.1543735 ], [ 71.4926206, 51.154303 ], [ 71.4924735, 51.154159699999987 ] ] ], [ [ [ 71.4944696, 51.1542917 ], [ 71.494402833324898, 51.154296412179612 ], [ 71.494247233223518, 51.154353612092059 ], [ 71.494328533108089, 51.154440612140057 ], [ 71.4943953, 51.15443590000001 ], [ 71.4945509, 51.1543787 ], [ 71.4944696, 51.1542917 ] ] ], [ [ [ 71.494725666513546, 51.1543598622034 ], [ 71.494734833553863, 51.154369501289672 ], [ 71.494616633183711, 51.154412512303665 ], [ 71.494656533126474, 51.154455612327219 ], [ 71.4947233, 51.1544509 ], [ 71.494789347044133, 51.154426821787737 ], [ 71.495613760328396, 51.155293664823517 ], [ 71.4959476, 51.1552701 ], [ 71.4961114, 51.1552088 ], [ 71.4952233, 51.154275 ], [ 71.494889467054975, 51.154298562664152 ], [ 71.494725666513546, 51.1543598622034 ] ] ], [ [ [ 71.4970332, 51.1544628 ], [ 71.4969465, 51.1543897 ], [ 71.4966207, 51.1542451 ], [ 71.496553933654354, 51.15424981340437 ], [ 71.496449933587087, 51.154287713345816 ], [ 71.496706333218853, 51.154565013497276 ], [ 71.4967731, 51.1545603 ], [ 71.4970332, 51.1544628 ] ] ], [ [ [ 71.4938272, 51.1543864 ], [ 71.49376043311014, 51.154391111815407 ], [ 71.493453232904713, 51.154507711642609 ], [ 71.493544832779151, 51.15460261169661 ], [ 71.4936116, 51.1545979 ], [ 71.493918800000017, 51.1544813 ], [ 71.4938272, 51.1543864 ] ] ], [ [ [ 71.494537632729759, 51.154720912264601 ], [ 71.4946044, 51.1547162 ], [ 71.4948422, 51.1546257 ], [ 71.4946997, 51.1544785 ], [ 71.494632933083835, 51.154483212314311 ], [ 71.49445983296765, 51.154549212216956 ], [ 71.494459032837312, 51.154639612218247 ], [ 71.494537632729759, 51.154720912264601 ] ] ], [ [ [ 71.496232533282367, 51.154480813225689 ], [ 71.495987533131029, 51.154565113087742 ], [ 71.496182232834087, 51.154787713202957 ], [ 71.496249, 51.154783 ], [ 71.496517949507876, 51.154690572144979 ], [ 71.496599632900555, 51.154776913440564 ], [ 71.4966664, 51.154772199999989 ], [ 71.496794, 51.1547247 ], [ 71.4966473, 51.1545678 ], [ 71.4962993, 51.1544761 ], [ 71.496232533282367, 51.154480813225689 ] ] ], [ [ [ 71.493259332131601, 51.155027911542149 ], [ 71.4933261, 51.1550232 ], [ 71.4936888, 51.1549014 ], [ 71.4933752, 51.1545883 ], [ 71.493308432764167, 51.154593011561758 ], [ 71.493037432578845, 51.154698711409381 ], [ 71.493069432251232, 51.154928811432043 ], [ 71.493259332131601, 51.155027911542149 ] ] ], [ [ [ 71.4965763, 51.1548312 ], [ 71.496509532804552, 51.154835913390365 ], [ 71.496122432557684, 51.15497451317249 ], [ 71.496225532407152, 51.155087713233414 ], [ 71.4962923, 51.155083 ], [ 71.4966794, 51.1549445 ], [ 71.4965763, 51.1548312 ] ] ], [ [ [ 71.491663732105977, 51.154910710630723 ], [ 71.491622131797342, 51.155121410611095 ], [ 71.491625331613605, 51.155249210615374 ], [ 71.491799231331086, 51.155460010718507 ], [ 71.4920612, 51.1554526 ], [ 71.4925721, 51.1552398 ], [ 71.4925711, 51.1551147 ], [ 71.4923897, 51.154904 ], [ 71.491663732105977, 51.154910710630723 ] ] ], [ [ [ 71.4950679, 51.155649299999986 ], [ 71.4941513, 51.1546831 ], [ 71.494084532722212, 51.154687812005804 ], [ 71.493907532605391, 51.154753911906212 ], [ 71.494824131325103, 51.155720112447085 ], [ 71.4948909, 51.1557154 ], [ 71.4950679, 51.155649299999986 ] ] ], [ [ [ 71.495655629644205, 51.156957112944724 ], [ 71.4957224, 51.1569524 ], [ 71.4958956, 51.1568869 ], [ 71.495961649946281, 51.156824202529059 ], [ 71.4960295, 51.1568205 ], [ 71.4962093, 51.156745 ], [ 71.496126658917859, 51.156667567972214 ], [ 71.496213369864591, 51.15658525720589 ], [ 71.496298730133432, 51.156672013305666 ], [ 71.496340629966454, 51.156669055587969 ], [ 71.496157067936494, 51.156953220439682 ], [ 71.496262466617964, 51.157063820999383 ], [ 71.4968634, 51.1570214 ], [ 71.4974657, 51.1567956 ], [ 71.497521, 51.1566704 ], [ 71.4972261, 51.156361 ], [ 71.497141034011165, 51.156367005494161 ], [ 71.4972556, 51.156324 ], [ 71.497361967054161, 51.156116170858326 ], [ 71.497414554214913, 51.15629477005043 ], [ 71.497623152794702, 51.156509570665456 ], [ 71.497957, 51.156486 ], [ 71.498162, 51.15640770000001 ], [ 71.4981144, 51.1562086 ], [ 71.4978779, 51.1559651 ], [ 71.497544056499038, 51.155988670389853 ], [ 71.497398785114711, 51.156044232107135 ], [ 71.4975741, 51.1556933 ], [ 71.497279100000014, 51.1553839 ], [ 71.49671238124273, 51.155423908997001 ], [ 71.4972634, 51.155218499999989 ], [ 71.497145700000019, 51.1550943 ], [ 71.497078932494972, 51.15509901371987 ], [ 71.496302331983145, 51.155388513282972 ], [ 71.496420031818559, 51.155512713352422 ], [ 71.496521569367459, 51.155495038903837 ], [ 71.496182779482481, 51.156065020417351 ], [ 71.496186388345535, 51.156090599721743 ], [ 71.495338330521903, 51.156321112751677 ], [ 71.495138430384841, 51.156399312639259 ], [ 71.495655629644205, 51.156957112944724 ] ], [ [ 71.496412688230933, 51.156396051994328 ], [ 71.49645567490505, 51.156441121882089 ], [ 71.496540496647725, 51.156435134142669 ], [ 71.496476174692845, 51.15645922199036 ], [ 71.496424754010576, 51.156538825373659 ], [ 71.4963837, 51.1564971 ], [ 71.496290467514356, 51.156512071610905 ], [ 71.496412688230933, 51.156396051994328 ] ] ], [ [ [ 71.4955219, 51.1553019 ], [ 71.495455131997815, 51.155306612798654 ], [ 71.495263531856892, 51.155388212691065 ], [ 71.495394131698902, 51.155508912767807 ], [ 71.4954609, 51.1555042 ], [ 71.4956525, 51.1554226 ], [ 71.4955219, 51.1553019 ] ] ], [ [ [ 71.4950954, 51.1562599 ], [ 71.4961048, 51.1558687 ], [ 71.4959075, 51.1556684 ], [ 71.495840731516807, 51.155673113025429 ], [ 71.4948361308236, 51.156069212460658 ], [ 71.495028630565542, 51.156264612574113 ], [ 71.4950954, 51.1562599 ] ] ], [ [ [ 71.4922532, 51.1562129 ], [ 71.4919368, 51.1558962 ], [ 71.491870030704476, 51.155900910767336 ], [ 71.491703730600335, 51.155959110673699 ], [ 71.492013330171972, 51.156282610856323 ], [ 71.4920801, 51.1562779 ], [ 71.4922532, 51.1562129 ] ] ], [ [ [ 71.4910758, 51.1562769 ], [ 71.491009030051018, 51.156281610284069 ], [ 71.490908629983011, 51.156320310227606 ], [ 71.490966929904246, 51.156379910261968 ], [ 71.4910337, 51.1563752 ], [ 71.4911341, 51.156336500000016 ], [ 71.4910758, 51.1562769 ] ] ], [ [ [ 71.493103331318451, 51.155579111463879 ], [ 71.492659230928325, 51.155812311215321 ], [ 71.492766729227398, 51.157001911299474 ], [ 71.493209729248264, 51.157024911552348 ], [ 71.4936287, 51.1570142 ], [ 71.493758, 51.156207 ], [ 71.4937473, 51.1559559 ], [ 71.4934642, 51.1555694 ], [ 71.493103331318451, 51.155579111463879 ] ] ], [ [ [ 71.491172, 51.1563776 ], [ 71.49110522991765, 51.15638231034081 ], [ 71.491029829866235, 51.15641161029842 ], [ 71.491096229772026, 51.156482610337619 ], [ 71.491163, 51.1564779 ], [ 71.4912384, 51.1564495 ], [ 71.491172, 51.1563776 ] ] ], [ [ [ 71.492275600000013, 51.1562462 ], [ 71.492208830241481, 51.15625091096711 ], [ 71.49204533013048, 51.156314110875179 ], [ 71.492361429683328, 51.156651211061785 ], [ 71.4924282, 51.1566465 ], [ 71.4925891, 51.1565868 ], [ 71.492275600000013, 51.1562462 ] ] ], [ [ [ 71.4946848, 51.1566284 ], [ 71.4948397, 51.1565502 ], [ 71.4945494, 51.156259299999988 ], [ 71.494482630499803, 51.156264012262973 ], [ 71.493836630055497, 51.156517711899788 ], [ 71.49396032989884, 51.156636911972555 ], [ 71.4946848, 51.1566284 ] ] ], [ [ [ 71.4917381, 51.1569039 ], [ 71.4923478, 51.156672 ], [ 71.4922443, 51.1565649 ], [ 71.492177529778459, 51.15656961095543 ], [ 71.491864108538735, 51.156688812236119 ], [ 71.49179, 51.1566122 ], [ 71.491723229654937, 51.156616910697466 ], [ 71.491479129491339, 51.15670981056018 ], [ 71.491671329228311, 51.156908610673504 ], [ 71.4917381, 51.1569039 ] ] ], [ [ [ 71.494601829803003, 51.156757712340429 ], [ 71.494078329454581, 51.156955212045936 ], [ 71.494168215530394, 51.157048897500204 ], [ 71.494117512879043, 51.157068213084727 ], [ 71.493858946342968, 51.15708645999684 ], [ 71.493662845673725, 51.157162759445491 ], [ 71.494328741226667, 51.157836361407547 ], [ 71.4946626, 51.1578128 ], [ 71.4948588, 51.157736499999984 ], [ 71.494804238818475, 51.157681317100135 ], [ 71.4951417, 51.1576575 ], [ 71.4956182, 51.1574759 ], [ 71.4951011, 51.1569422 ], [ 71.494466861261117, 51.156986962373303 ], [ 71.4947798, 51.1568689 ], [ 71.4946686, 51.156753 ], [ 71.494601829803003, 51.156757712340429 ] ] ], [ [ [ 71.4960578, 51.1573032 ], [ 71.4962444, 51.1572331 ], [ 71.4960489, 51.157028399999987 ], [ 71.495982129574529, 51.157033113132222 ], [ 71.495740429414354, 51.157123812996254 ], [ 71.495803729326539, 51.1571901130336 ], [ 71.495991029179663, 51.15730791314261 ], [ 71.4960578, 51.1573032 ] ] ], [ [ [ 71.4982201, 51.1570849 ], [ 71.498153329757997, 51.157089614370456 ], [ 71.497797929519805, 51.157224814170583 ], [ 71.497897229384094, 51.157327414229123 ], [ 71.497964, 51.1573227 ], [ 71.4983193, 51.1571875 ], [ 71.4982201, 51.1570849 ] ] ], [ [ [ 71.4934857, 51.1572824 ], [ 71.493418928895949, 51.157287111676588 ], [ 71.49334092883818, 51.157320611632798 ], [ 71.493418728745084, 51.157391811678508 ], [ 71.4934855, 51.1573871 ], [ 71.4935635, 51.1573536 ], [ 71.4934857, 51.1572824 ] ] ], [ [ [ 71.4959403, 51.1573859 ], [ 71.4958562, 51.1572921 ], [ 71.495789429171055, 51.157296813027493 ], [ 71.495649229082773, 51.157346212948575 ], [ 71.495733328957883, 51.157440012998308 ], [ 71.4958001, 51.1574353 ], [ 71.4959403, 51.1573859 ] ] ], [ [ [ 71.4931778, 51.1575812 ], [ 71.4933525, 51.1575178 ], [ 71.4930593, 51.1571995 ], [ 71.492992528963427, 51.157204211432024 ], [ 71.492037828348643, 51.157550110894675 ], [ 71.492153228182161, 51.157675410962852 ], [ 71.4931778, 51.1575812 ] ] ], [ [ [ 71.4976611, 51.1572541 ], [ 71.497594329445988, 51.157258814055204 ], [ 71.49738662930595, 51.157338413938405 ], [ 71.497511529136318, 51.157466714012045 ], [ 71.4975783, 51.157462 ], [ 71.4977861, 51.1573823 ], [ 71.4976611, 51.1572541 ] ] ], [ [ [ 71.4916251, 51.157485100000017 ], [ 71.4915846, 51.1574463 ], [ 71.491517828428044, 51.157451010596482 ], [ 71.491400528340549, 51.15750181053064 ], [ 71.491441028291447, 51.157539310554412 ], [ 71.4915078, 51.1575346 ], [ 71.4916251, 51.157485100000017 ] ] ], [ [ [ 71.4929562, 51.1578881 ], [ 71.4937851, 51.1576348 ], [ 71.4939402, 51.1575726 ], [ 71.4937959, 51.157431 ], [ 71.49372912871965, 51.157435711856202 ], [ 71.492802328071221, 51.157807311335269 ], [ 71.49288942795863, 51.157892811386546 ], [ 71.4929562, 51.1578881 ] ] ], [ [ [ 71.498527847025542, 51.157386973327576 ], [ 71.497752244331181, 51.157695271147631 ], [ 71.497819856210995, 51.157762270440656 ], [ 71.497792628728959, 51.157773214178135 ], [ 71.497905228587669, 51.157880814244365 ], [ 71.497972, 51.1578761 ], [ 71.4981061, 51.1578223 ], [ 71.498049254931516, 51.157767928729214 ], [ 71.4981743, 51.1577591 ], [ 71.49895, 51.1574508 ], [ 71.4988617, 51.1573634 ], [ 71.498527847025542, 51.157386973327576 ] ] ], [ [ [ 71.495461240765337, 51.157863156722179 ], [ 71.495389939243083, 51.157945156253611 ], [ 71.49539063842623, 51.157992456269334 ], [ 71.495416337694351, 51.158036956455355 ], [ 71.495480124337959, 51.158079544345561 ], [ 71.49476163503121, 51.15813555200149 ], [ 71.494697734501955, 51.158160751570385 ], [ 71.494626432979686, 51.158242751101803 ], [ 71.494652831430926, 51.158334551303554 ], [ 71.494700830868268, 51.15837115164021 ], [ 71.494835330475468, 51.158405252567796 ], [ 71.495574417399453, 51.158353207386156 ], [ 71.494892945104169, 51.158606814243861 ], [ 71.495034543318098, 51.158756514995979 ], [ 71.4956355, 51.1587141 ], [ 71.4966461, 51.158338 ], [ 71.496617564430991, 51.158307832193756 ], [ 71.4967101, 51.1583013 ], [ 71.4977232, 51.1579278 ], [ 71.4975825, 51.1577777 ], [ 71.496981557599582, 51.157820124818343 ], [ 71.496624507530996, 51.157951770704123 ], [ 71.4966254, 51.1578692 ], [ 71.4965934, 51.1578291 ], [ 71.496529751702084, 51.157793266308488 ], [ 71.4972588, 51.157741799999989 ], [ 71.4973761, 51.1576926 ], [ 71.4974231, 51.1576092 ], [ 71.497381, 51.1575247 ], [ 71.4972627, 51.1574721 ], [ 71.4971877, 51.1574665 ], [ 71.49631274771086, 51.157533562468238 ], [ 71.49624884718159, 51.157558762037127 ], [ 71.496177545659364, 51.15764076156858 ], [ 71.496203944110675, 51.157732561770324 ], [ 71.496279054744605, 51.157779444464886 ], [ 71.495598841584041, 51.157827457654804 ], [ 71.495461240765337, 51.157863156722179 ] ], [ [ 71.4958619, 51.1581668 ], [ 71.495779588410429, 51.158095018642719 ], [ 71.496344049632285, 51.158055175450421 ], [ 71.495968551643642, 51.158193619688198 ], [ 71.49599711632564, 51.158224115051652 ], [ 71.49586191665729, 51.158246213818728 ], [ 71.4958619, 51.1581668 ] ] ], [ [ [ 71.492752, 51.157833699999983 ], [ 71.492627927980507, 51.157855511236818 ], [ 71.492680727913438, 51.157906511267896 ], [ 71.4927988, 51.157882 ], [ 71.492752, 51.157833699999983 ] ] ], [ [ [ 71.493266, 51.158456 ], [ 71.4944222, 51.1580342 ], [ 71.4941029, 51.1576899 ], [ 71.494036128384039, 51.157694612036131 ], [ 71.493816628242001, 51.157774611912586 ], [ 71.493081527346575, 51.158333811504491 ], [ 71.493199227178067, 51.158460711574008 ], [ 71.493266, 51.158456 ] ] ], [ [ [ 71.4929134, 51.1585505 ], [ 71.4920009, 51.157588 ], [ 71.491934128274607, 51.157592710836418 ], [ 71.491711828128061, 51.157675610711337 ], [ 71.492624326852351, 51.158638111249836 ], [ 71.4926911, 51.1586334 ], [ 71.4929134, 51.1585505 ] ] ], [ [ [ 71.4993827, 51.1577604 ], [ 71.499315928926535, 51.157765115045954 ], [ 71.49801552805701, 51.158258414314503 ], [ 71.498112227924281, 51.158358714371538 ], [ 71.498179, 51.158354 ], [ 71.4994794, 51.1578607 ], [ 71.4993827, 51.1577604 ] ] ], [ [ [ 71.4980546, 51.158763699999987 ], [ 71.4975117, 51.158229 ], [ 71.497444928023, 51.158233713988878 ], [ 71.497270527897385, 51.158306113890916 ], [ 71.497827927203687, 51.158834714218727 ], [ 71.4978947, 51.15883 ], [ 71.4980546, 51.158763699999987 ] ] ], [ [ [ 71.4993671, 51.1584364 ], [ 71.4992695, 51.1583334 ], [ 71.498668552245448, 51.158375833566218 ], [ 71.497981648167141, 51.158632130088101 ], [ 71.498079246939795, 51.158735030606508 ], [ 71.4986802, 51.1586926 ], [ 71.4993671, 51.1584364 ] ] ], [ [ [ 71.497033, 51.1583838 ], [ 71.496966227741524, 51.158388513719103 ], [ 71.496799927628146, 51.158453113625576 ], [ 71.496814127572662, 51.15849281363446 ], [ 71.497145627159767, 51.158807413829422 ], [ 71.497202527119015, 51.158840513862465 ], [ 71.4972693, 51.1588358 ], [ 71.497461, 51.1587614 ], [ 71.4973147, 51.1586131 ], [ 71.497033, 51.1583838 ] ] ], [ [ [ 71.4919485, 51.158583 ], [ 71.491814953653972, 51.158592421613463 ], [ 71.491627953397696, 51.158665521403172 ], [ 71.491886852710323, 51.158925921708253 ], [ 71.4920204, 51.158916499999989 ], [ 71.4922074, 51.1588434 ], [ 71.4919485, 51.158583 ] ] ], [ [ [ 71.4911671, 51.1587144 ], [ 71.491100326549841, 51.158719110382989 ], [ 71.490804626359633, 51.158826110216552 ], [ 71.4909022064016, 51.158918157585006 ], [ 71.490536134294288, 51.159071691981019 ], [ 71.490714532320126, 51.159238992924891 ], [ 71.4913155, 51.1591966 ], [ 71.4917697, 51.1590061 ], [ 71.4915913, 51.1588388 ], [ 71.49111849153519, 51.158872154035564 ], [ 71.4912484, 51.1587911 ], [ 71.4911671, 51.1587144 ] ] ], [ [ [ 71.495633426853118, 51.158892212969363 ], [ 71.496271126882476, 51.158925813333383 ], [ 71.4963379, 51.1589211 ], [ 71.4961824, 51.1586723 ], [ 71.496115627222039, 51.158677013239988 ], [ 71.495633426853118, 51.158892212969363 ] ] ], [ [ [ 71.498204244846377, 51.158907031277415 ], [ 71.498166725129863, 51.158920915076884 ], [ 71.4980994, 51.158857 ], [ 71.497298125290868, 51.15891356952546 ], [ 71.497143923960124, 51.158977468485844 ], [ 71.497187822870984, 51.159044168801472 ], [ 71.497331120659837, 51.159184169813727 ], [ 71.497403819574814, 51.159253070326784 ], [ 71.497461719161549, 51.159281870729352 ], [ 71.498185682595988, 51.159230758882757 ], [ 71.498404137856184, 51.159462932399087 ], [ 71.4990051, 51.159420499999989 ], [ 71.4992448, 51.1593317 ], [ 71.4988052, 51.1588646 ], [ 71.498204244846377, 51.158907031277415 ] ] ], [ [ [ 71.497026607545664, 51.159569769002481 ], [ 71.497548205420841, 51.160083771506429 ], [ 71.4983495, 51.1600272 ], [ 71.4989373, 51.1597819 ], [ 71.498812, 51.159663799999983 ], [ 71.4979497, 51.1593961 ], [ 71.497148415749237, 51.159452668626606 ], [ 71.497022496485172, 51.159505245751809 ], [ 71.497011775480686, 51.159336978094188 ], [ 71.497070526287857, 51.159406113798163 ], [ 71.4973601, 51.1593958 ], [ 71.4973481, 51.1592076 ], [ 71.497067826559018, 51.159217713792998 ], [ 71.497006720894078, 51.159257645109975 ], [ 71.4969407, 51.1591126 ], [ 71.496637326642542, 51.159123313545862 ], [ 71.496645226463954, 51.15924791355274 ], [ 71.496740125904282, 51.159644313614486 ], [ 71.4970307, 51.159634 ], [ 71.497026607545664, 51.159569769002481 ] ] ], [ [ [ 71.4935423, 51.1598035 ], [ 71.493475525269915, 51.159808211757401 ], [ 71.493334125175707, 51.159861611677854 ], [ 71.493383025113232, 51.159909111706632 ], [ 71.4934498, 51.1599044 ], [ 71.4935946, 51.1598493 ], [ 71.4935423, 51.1598035 ] ] ], [ [ [ 71.4938538, 51.1597819 ], [ 71.493787025339017, 51.159786611934479 ], [ 71.493609625197209, 51.159870011834997 ], [ 71.493721425075947, 51.159963611900515 ], [ 71.4937882, 51.1599589 ], [ 71.4939656, 51.159875599999985 ], [ 71.4938538, 51.1597819 ] ] ], [ [ [ 71.4965701, 51.1596376 ], [ 71.496264025856277, 51.159637313343062 ], [ 71.496240825220511, 51.160076513338311 ], [ 71.4965469, 51.1600767 ], [ 71.4965701, 51.1596376 ] ] ], [ [ [ 71.4952628, 51.1596278 ], [ 71.495196025732938, 51.15963251273439 ], [ 71.495016125613134, 51.1597004126332 ], [ 71.495546524881746, 51.160252812946077 ], [ 71.4956133, 51.1602481 ], [ 71.4957932, 51.1601802 ], [ 71.4952628, 51.1596278 ] ] ], [ [ [ 71.493382, 51.159947099999989 ], [ 71.493315225043418, 51.159951811668812 ], [ 71.493102824893739, 51.160037711549457 ], [ 71.493205924761753, 51.160138011610123 ], [ 71.4932727, 51.1601333 ], [ 71.4934851, 51.1600474 ], [ 71.493382, 51.159947099999989 ] ] ], [ [ [ 71.4970011, 51.1599873 ], [ 71.496832325414445, 51.15999201367373 ], [ 71.496825625283932, 51.160082013671641 ], [ 71.496997, 51.1600798 ], [ 71.4970011, 51.1599873 ] ] ], [ [ [ 71.497180725145228, 51.160208313876439 ], [ 71.4973387, 51.160193799999981 ], [ 71.4973589, 51.160114299999989 ], [ 71.497104925291495, 51.160100413831152 ], [ 71.49708472517402, 51.160180213821178 ], [ 71.497180725145228, 51.160208313876439 ] ] ], [ [ [ 71.493120916996759, 51.160375591200953 ], [ 71.4930046, 51.1602588 ], [ 71.492937824548207, 51.160263511459767 ], [ 71.492720024398722, 51.1603488113373 ], [ 71.493039323975609, 51.160669411525419 ], [ 71.4931061, 51.1606647 ], [ 71.493216349436707, 51.160621521590848 ], [ 71.493827494052397, 51.161072548157009 ], [ 71.4940946, 51.1610537 ], [ 71.4942559, 51.1609902 ], [ 71.493624, 51.160263799999989 ], [ 71.493356898376462, 51.160282647023521 ], [ 71.493120916996759, 51.160375591200953 ] ] ], [ [ [ 71.4975563, 51.1605045 ], [ 71.49748952474927, 51.160509214058202 ], [ 71.497411724697258, 51.160538714014429 ], [ 71.497477424614488, 51.160601714053094 ], [ 71.4975442, 51.160597 ], [ 71.497624700000017, 51.1605676 ], [ 71.4975563, 51.1605045 ] ] ], [ [ [ 71.4974256, 51.160721299999977 ], [ 71.497358824420886, 51.16072601398789 ], [ 71.497170124290648, 51.160800413881816 ], [ 71.497001912974781, 51.160891289333499 ], [ 71.4973558, 51.1606559 ], [ 71.4971042, 51.160391 ], [ 71.49703742485768, 51.160395713798394 ], [ 71.495638423933997, 51.160918213011264 ], [ 71.495251823150667, 51.161429012800824 ], [ 71.495358423001804, 51.161541312863726 ], [ 71.4954252, 51.1615366 ], [ 71.496689456756187, 51.161060090910475 ], [ 71.49551842280313, 51.16169271295783 ], [ 71.496039222117318, 51.162212613264593 ], [ 71.496106, 51.162207899999984 ], [ 71.4981199, 51.1614145 ], [ 71.4974256, 51.160721299999977 ] ] ], [ [ [ 71.497774224508461, 51.160700414224102 ], [ 71.499116122753065, 51.162032015014447 ], [ 71.4991829, 51.1620273 ], [ 71.499632, 51.16185 ], [ 71.4983538, 51.1604861 ], [ 71.498287024873107, 51.160490814512286 ], [ 71.497774224508461, 51.160700414224102 ] ] ], [ [ [ 71.4950444, 51.1611914 ], [ 71.494977623452883, 51.161196112640063 ], [ 71.4945444231507, 51.161369112396549 ], [ 71.494700022948876, 51.161522312488188 ], [ 71.4947668, 51.16151760000001 ], [ 71.4951999, 51.1613447 ], [ 71.4950444, 51.1611914 ] ] ], [ [ [ 71.494251022971113, 51.161468912231285 ], [ 71.494076522803098, 51.161570712133816 ], [ 71.494164422680782, 51.161663012185684 ], [ 71.4942312, 51.1616583 ], [ 71.4944691, 51.161569199999988 ], [ 71.4943738, 51.1614691 ], [ 71.4943178, 51.1614642 ], [ 71.494251022971113, 51.161468912231285 ] ] ], [ [ [ 71.4932259, 51.1616408 ], [ 71.493159122583421, 51.161645511612484 ], [ 71.49309072253385, 51.161674111574065 ], [ 71.493141622474624, 51.161719511603934 ], [ 71.4932084, 51.1617148 ], [ 71.4932795, 51.1616879 ], [ 71.4932259, 51.1616408 ] ] ], [ [ [ 71.4944204, 51.1617361 ], [ 71.4945818, 51.1616806 ], [ 71.4945227, 51.161613 ], [ 71.494402322748428, 51.161636212320722 ], [ 71.494315622649651, 51.16169741227251 ], [ 71.494353622591717, 51.161740812295001 ], [ 71.4944204, 51.1617361 ] ] ], [ [ [ 71.493879, 51.1616374 ], [ 71.49381222266797, 51.161642111984584 ], [ 71.493747822626077, 51.161665711948338 ], [ 71.493826922525471, 51.161742211994891 ], [ 71.4939594, 51.1617148 ], [ 71.493879, 51.1616374 ] ] ], [ [ [ 71.4934001, 51.1618124 ], [ 71.493333322357344, 51.161817111715038 ], [ 71.493269022315616, 51.161840611678862 ], [ 71.493325322246093, 51.161893611711953 ], [ 71.4934591, 51.1618662 ], [ 71.4934001, 51.1618124 ] ] ], [ [ [ 71.497423, 51.1621049 ], [ 71.4983561, 51.161741 ], [ 71.4981576, 51.1615409 ], [ 71.498090823328965, 51.161545614420824 ], [ 71.497927623217407, 51.161609214329069 ], [ 71.497248922569312, 51.162001413949888 ], [ 71.497356222426447, 51.162109614013104 ], [ 71.497423, 51.1621049 ] ] ], [ [ [ 71.49401972173537, 51.162306712115615 ], [ 71.494411, 51.1622751 ], [ 71.4945995, 51.162201 ], [ 71.4950861, 51.1619653 ], [ 71.4951282, 51.1619125 ], [ 71.4950777, 51.161862 ], [ 71.4949695, 51.1618485 ], [ 71.494635612334108, 51.161872062670668 ], [ 71.494598211405091, 51.161886393197022 ], [ 71.4944669, 51.1617549 ], [ 71.494333345125682, 51.161764324605741 ], [ 71.494080644777796, 51.161863624321576 ], [ 71.494255423856345, 51.162019036720352 ], [ 71.493961109685159, 51.162182560778781 ], [ 71.494008275193139, 51.162229767483545 ], [ 71.493964921817323, 51.162245212083192 ], [ 71.49401972173537, 51.162306712115615 ] ] ], [ [ [ 71.493218, 51.1622906 ], [ 71.4934049, 51.1622186 ], [ 71.4930423, 51.1618385 ], [ 71.492975522276083, 51.161843211511659 ], [ 71.492772022142162, 51.161918911397152 ], [ 71.493151221645888, 51.16229531162049 ], [ 71.493218, 51.1622906 ] ] ], [ [ [ 71.4970027, 51.1621459 ], [ 71.4969326, 51.1620746 ], [ 71.496865822410285, 51.162079313733066 ], [ 71.496755522335434, 51.162121913671037 ], [ 71.49682572224124, 51.162193213712413 ], [ 71.4968925, 51.1621885 ], [ 71.4970027, 51.1621459 ] ] ], [ [ [ 71.490339421018447, 51.162492810021988 ], [ 71.490473220838723, 51.162628810100856 ], [ 71.491156120485954, 51.162931310495807 ], [ 71.4912229, 51.1629266 ], [ 71.4922042, 51.162547600000011 ], [ 71.491663200000019, 51.1619972 ], [ 71.491596421879237, 51.162001910728847 ], [ 71.490339421018447, 51.162492810021988 ] ] ], [ [ [ 71.4965026, 51.1629701 ], [ 71.497106, 51.162737 ], [ 71.497149391363664, 51.162613530662419 ], [ 71.497205816670146, 51.162670441090491 ], [ 71.4978736, 51.1626233 ], [ 71.498772, 51.1622791 ], [ 71.4985625, 51.1620769 ], [ 71.497894725386161, 51.16212404491074 ], [ 71.497045222589733, 51.162246140093487 ], [ 71.496856421323074, 51.162318039031497 ], [ 71.496909763120271, 51.16237184028499 ], [ 71.4967347, 51.1623467 ], [ 71.49653436593708, 51.162360840762773 ], [ 71.495931264708844, 51.16259383974522 ], [ 71.495252062503212, 51.163046438610252 ], [ 71.495360262066285, 51.16315663880161 ], [ 71.4955606, 51.1631425 ], [ 71.4965026, 51.1629701 ] ] ], [ [ [ 71.4936846, 51.1626906 ], [ 71.4935864, 51.1625934 ], [ 71.493519621254379, 51.16259811183626 ], [ 71.493162521006454, 51.162739911635498 ], [ 71.493260720878325, 51.1628371116933 ], [ 71.4933275, 51.1628324 ], [ 71.4936846, 51.1626906 ] ] ], [ [ [ 71.494752, 51.1628352 ], [ 71.494685221048016, 51.162839912505127 ], [ 71.494593020983118, 51.162877112453309 ], [ 71.494693720855608, 51.162974112512565 ], [ 71.4947605, 51.1629694 ], [ 71.4948532, 51.1629327 ], [ 71.494752, 51.1628352 ] ] ], [ [ [ 71.4948891, 51.162976 ], [ 71.494822320861772, 51.16298071258597 ], [ 71.494736020796196, 51.16301891253751 ], [ 71.494850320664554, 51.163119912604614 ], [ 71.49487088284053, 51.163118461540037 ], [ 71.494857720660136, 51.163123612608892 ], [ 71.494980420497527, 51.163246812681173 ], [ 71.495047200000016, 51.1632421 ], [ 71.4951327, 51.1632086 ], [ 71.4950101, 51.1630854 ], [ 71.494979379469441, 51.163087567972539 ], [ 71.4950041, 51.1630766 ], [ 71.4948891, 51.162976 ] ] ], [ [ [ 71.494605820256808, 51.163382112470337 ], [ 71.494734220098621, 51.163502712545814 ], [ 71.494801, 51.163498 ], [ 71.4948822, 51.16347 ], [ 71.4947149, 51.1632771 ], [ 71.494648120406524, 51.1632818124925 ], [ 71.4945688203575, 51.16330911244782 ], [ 71.494605820256808, 51.163382112470337 ] ] ], [ [ [ 71.492585919142726, 51.163984111330869 ], [ 71.4926527, 51.1639794 ], [ 71.4933537, 51.1637145 ], [ 71.4926146, 51.1629451 ], [ 71.492547820628943, 51.162949811289231 ], [ 71.491833620179804, 51.163201010887093 ], [ 71.492585919142726, 51.163984111330869 ] ] ], [ [ [ 71.4948746, 51.1635318 ], [ 71.494807820058881, 51.163536512588415 ], [ 71.494709519999475, 51.163569412533036 ], [ 71.494871119745881, 51.16375901262878 ], [ 71.4949379, 51.1637543 ], [ 71.4950362, 51.1637213 ], [ 71.4948746, 51.1635318 ] ] ], [ [ [ 71.491849318759293, 51.164187810915024 ], [ 71.4919161, 51.164183099999988 ], [ 71.4920609, 51.164128 ], [ 71.4921645, 51.1639819 ], [ 71.4916289, 51.1634285 ], [ 71.491562119812002, 51.163433210736848 ], [ 71.491233219591436, 51.163558410551822 ], [ 71.491849318759293, 51.164187810915024 ] ] ], [ [ [ 71.491096418934049, 51.164002910482409 ], [ 71.491380418550776, 51.164292810649833 ], [ 71.4914472, 51.1642881 ], [ 71.491645100000014, 51.1642119 ], [ 71.4913581, 51.163918799999983 ], [ 71.491247, 51.1638388 ], [ 71.491180219174026, 51.163843510527109 ], [ 71.491052019087334, 51.163892810454989 ], [ 71.491096418934049, 51.164002910482409 ] ] ], [ [ [ 71.4917454, 51.1642293 ], [ 71.491678618671898, 51.164234010818632 ], [ 71.491369418451114, 51.164361010644882 ], [ 71.491492918295634, 51.164479310717525 ], [ 71.4915597, 51.1644746 ], [ 71.4918689, 51.1643476 ], [ 71.4917454, 51.1642293 ] ] ], [ [ [ 71.4912195, 51.1644252 ], [ 71.491152718325395, 51.164429910522699 ], [ 71.49103941825436, 51.164469610458895 ], [ 71.491098018166653, 51.164535410493571 ], [ 71.4911648, 51.164530699999986 ], [ 71.4912782, 51.1644911 ], [ 71.4912195, 51.1644252 ] ] ], [ [ [ 71.4921997, 51.1646686 ], [ 71.4919479, 51.1644078 ], [ 71.491881118439267, 51.164412510937467 ], [ 71.491756718356058, 51.164459710867476 ], [ 71.492008518010664, 51.164720611015994 ], [ 71.4920753, 51.1647159 ], [ 71.4921997, 51.1646686 ] ] ], [ [ [ 71.4913741, 51.164585700000011 ], [ 71.491307318112874, 51.164590410613911 ], [ 71.4911971180438, 51.164629010551842 ], [ 71.491270417934089, 51.164711310595195 ], [ 71.4913372, 51.1647066 ], [ 71.4914475, 51.164668 ], [ 71.4913741, 51.164585700000011 ] ] ], [ [ [ 71.491581200000013, 51.1647846 ], [ 71.491514417851405, 51.164789310735742 ], [ 71.491383417756865, 51.164843810662141 ], [ 71.491466017654488, 51.164921810710709 ], [ 71.4915328, 51.1649171 ], [ 71.4916637, 51.1648626 ], [ 71.491581200000013, 51.1647846 ] ] ], [ [ [ 71.491936, 51.1696194 ], [ 71.491869210924108, 51.16962411103097 ], [ 71.491702910802033, 51.169694710937556 ], [ 71.491961410488486, 51.16993401108946 ], [ 71.4920282, 51.1699293 ], [ 71.4921945, 51.1698587 ], [ 71.491936, 51.1696194 ] ] ], [ [ [ 71.494509510464582, 51.170166112546113 ], [ 71.4947158, 51.170158 ], [ 71.4953542, 51.1699091 ], [ 71.4951342, 51.1696669 ], [ 71.495067411245685, 51.169671612854572 ], [ 71.494847511097589, 51.169755712730847 ], [ 71.494429110571147, 51.17008541249875 ], [ 71.494509510464582, 51.170166112546113 ] ] ], [ [ [ 71.494500708321638, 51.171651412569709 ], [ 71.4945675, 51.1716467 ], [ 71.4951797, 51.1714302 ], [ 71.4945372, 51.170314 ], [ 71.4941494, 51.1702535 ], [ 71.494082610279705, 51.170258212304596 ], [ 71.493684809500081, 51.170765212087659 ], [ 71.493596209167265, 51.170988512041468 ], [ 71.494500708321638, 51.171651412569709 ] ] ] ] } }
]
}
