{
"type": "FeatureCollection",
"name": "shadows-1900",
"crs": { "type": "name", "properties": { "name": "urn:ogc:def:crs:OGC:1.3:CRS84" } },
"features": [
{ "type": "Feature", "properties": { "time": "2026-06-21T19:00:00+05:00", "altitude_deg": 11.6, "azimuth_deg": 293.2 }, "geometry": { "type": "MultiPolygon", "coordinates": [ [ [ [ 71.444940692315242, 51.153290534290832 ], [ 71.4445648, 51.1534013 ], [ 71.44456540457675, 51.153475266774322 ], [ 71.443500913533057, 51.153367936757434 ], [ 71.443318514768066, 51.153368338315119 ], [ 71.44231, 51.1536655 ], [ 71.442281, 51.153686 ], [ 71.4422822, 51.1539151 ], [ 71.4423216, 51.1540694 ], [ 71.442476, 51.1541002 ], [ 71.4437277, 51.154095899999987 ], [ 71.444222747029229, 51.153950028536698 ], [ 71.444242, 51.153961 ], [ 71.444443702687579, 51.153901565031362 ], [ 71.444485716796478, 51.153872540166127 ], [ 71.444568452562308, 51.153848160536093 ], [ 71.4445692, 51.1539396 ], [ 71.4447784, 51.153939 ], [ 71.444944297498679, 51.1538901146968 ], [ 71.4449391, 51.1540314 ], [ 71.4452475, 51.1540359 ], [ 71.445418875114768, 51.153985399854371 ], [ 71.4454066, 51.1540302 ], [ 71.4455943, 51.1540504 ], [ 71.445879038157145, 51.153966493275952 ], [ 71.4458473, 51.1540901 ], [ 71.4466235, 51.1541686 ], [ 71.447156602009073, 51.154011499191476 ], [ 71.4471375, 51.1540852 ], [ 71.4473143, 51.1541033 ], [ 71.447515999170193, 51.154043859776571 ], [ 71.447554790534184, 51.153894154019227 ], [ 71.447631996626754, 51.153871401350699 ], [ 71.447666045743176, 51.153738861169927 ], [ 71.448125800000014, 51.1538908 ], [ 71.4482921, 51.1539312 ], [ 71.448493797111794, 51.153871758115052 ], [ 71.448617196539018, 51.153777557909017 ], [ 71.447522688683307, 51.15340258872655 ], [ 71.447825588997247, 51.153313322655492 ], [ 71.4486774, 51.1536362 ], [ 71.448833525624281, 51.153590187563601 ], [ 71.4487536, 51.1536719 ], [ 71.4489998, 51.1537667 ], [ 71.449201495449515, 51.153707256914537 ], [ 71.449349194599179, 51.153556356669817 ], [ 71.449175351642324, 51.15348944554664 ], [ 71.45109770898739, 51.152922867120964 ], [ 71.451172803733257, 51.152844865628644 ], [ 71.450637899707957, 51.152600576738536 ], [ 71.450360198739006, 51.152495382493385 ], [ 71.450045599842412, 51.152418688987368 ], [ 71.449185659287878, 51.152672138952646 ], [ 71.449215890826792, 51.152641256943291 ], [ 71.44911449079477, 51.152602257118438 ], [ 71.4489128, 51.1526617 ], [ 71.44878789936196, 51.152789367533508 ], [ 71.448437175456206, 51.152892731962822 ], [ 71.448123042562941, 51.152860389139903 ], [ 71.448184566410717, 51.152842257291198 ], [ 71.448303254990464, 51.152438456195959 ], [ 71.44620966560656, 51.152196177723937 ], [ 71.445419314322777, 51.152429087439302 ], [ 71.445028295355797, 51.152385864108489 ], [ 71.4448266, 51.152445299999982 ], [ 71.444787, 51.1525782 ], [ 71.4448655, 51.1526191 ], [ 71.444976243343277, 51.152631640159292 ], [ 71.4449595, 51.1526884 ], [ 71.444983164020783, 51.152694737043085 ], [ 71.4448523, 51.1527333 ], [ 71.4448269, 51.1528418 ], [ 71.444874017290502, 51.152846153176725 ], [ 71.4447259, 51.1528898 ], [ 71.444673024832682, 51.153075848976862 ], [ 71.444531, 51.1531177 ], [ 71.4444824, 51.153283 ], [ 71.44454930000002, 51.153291 ], [ 71.444712607663988, 51.15324287759934 ], [ 71.4447066, 51.153263 ], [ 71.444940692315242, 51.153290534290832 ] ], [ [ 71.4468596, 51.153598 ], [ 71.447299418961421, 51.153468386589815 ], [ 71.447180092334989, 51.15357826100356 ], [ 71.446604369416562, 51.153747485450268 ], [ 71.44665120340899, 51.153576541264449 ], [ 71.4468596, 51.153598 ] ], [ [ 71.44482347389058, 51.153114922040771 ], [ 71.44477919437972, 51.153127970146066 ], [ 71.44478426088935, 51.153110533770715 ], [ 71.44482347389058, 51.153114922040771 ] ], [ [ 71.445608301159851, 51.15288364837307 ], [ 71.445318096987094, 51.152853863590146 ], [ 71.4451164, 51.1529133 ], [ 71.445075843985194, 51.153040554195343 ], [ 71.445037022555724, 51.153051994056518 ], [ 71.445089742485791, 51.15286608382069 ], [ 71.445344498007103, 51.152791498692388 ], [ 71.445646537448582, 51.152872380673806 ], [ 71.445608301159851, 51.15288364837307 ] ], [ [ 71.445784308035442, 51.153325054611891 ], [ 71.445784007107022, 51.153288335195825 ], [ 71.44596307517925, 51.153235566297525 ], [ 71.446053357487415, 51.153245769349539 ], [ 71.445784308035442, 51.153325054611891 ] ] ], [ [ [ 71.444525303736128, 51.154169764878603 ], [ 71.444370603869018, 51.154152365143688 ], [ 71.4441689, 51.1542118 ], [ 71.4441395, 51.1543147 ], [ 71.4442942, 51.1543321 ], [ 71.444495904220062, 51.154272664923667 ], [ 71.444525303736128, 51.154169764878603 ] ] ], [ [ [ 71.4440631, 51.1547082 ], [ 71.444033300000015, 51.154795699999987 ], [ 71.44413010334452, 51.154808652580684 ], [ 71.4440115, 51.1548436 ], [ 71.443984521344461, 51.154922725332376 ], [ 71.44388614450709, 51.154922233079724 ], [ 71.4437781800045, 51.15495404533749 ], [ 71.443792315611844, 51.154822732537617 ], [ 71.443727615380752, 51.154775832763342 ], [ 71.443490784959195, 51.154767082366881 ], [ 71.443709514797135, 51.154702632832468 ], [ 71.443805713139909, 51.154540732520012 ], [ 71.443808412699028, 51.154490532515787 ], [ 71.443739211891796, 51.154375532763666 ], [ 71.443672111782902, 51.154342032996247 ], [ 71.4433713125254, 51.154334334024604 ], [ 71.4429679, 51.1544532 ], [ 71.442956359535842, 51.154813740024984 ], [ 71.4427532, 51.1548736 ], [ 71.4427467, 51.1549337 ], [ 71.4428707, 51.1550597 ], [ 71.443061, 51.155117 ], [ 71.443207769822024, 51.155122117065609 ], [ 71.4428776, 51.1552194 ], [ 71.4428754, 51.1554342 ], [ 71.4431579, 51.1554365 ], [ 71.443920905167829, 51.155211680988522 ], [ 71.44398365764097, 51.155220077452448 ], [ 71.4438855, 51.155249 ], [ 71.4438557, 51.1553365 ], [ 71.443936052569825, 51.155347251423407 ], [ 71.4438412, 51.1553752 ], [ 71.4438114, 51.1554626 ], [ 71.443891617978153, 51.155473382313097 ], [ 71.4438023, 51.1554997 ], [ 71.4437725, 51.1555871 ], [ 71.4439146, 51.155606200000015 ], [ 71.444116310233383, 51.155546765508475 ], [ 71.444146109815392, 51.155459265461928 ], [ 71.444065993576729, 51.155448553379784 ], [ 71.444155209643355, 51.15542226544823 ], [ 71.444184909225484, 51.155334765401882 ], [ 71.444104556740228, 51.155324014165764 ], [ 71.444199409038831, 51.155296065379034 ], [ 71.444229208621266, 51.155208665332495 ], [ 71.444137368615841, 51.155196312374663 ], [ 71.444235608434269, 51.155167365323614 ], [ 71.444265408016719, 51.155079965277068 ], [ 71.444192115620211, 51.155070107075382 ], [ 71.444281207831779, 51.155042065251976 ], [ 71.444311007413773, 51.154954565205443 ], [ 71.444171840437505, 51.154935944498206 ], [ 71.444325507118293, 51.154890665183871 ], [ 71.444355306700331, 51.154803165137345 ], [ 71.444258413389647, 51.154790209839753 ], [ 71.444377006464265, 51.154755265102658 ], [ 71.444400352891151, 51.154686791727713 ], [ 71.4445122, 51.1547018 ], [ 71.444713905523585, 51.154642364532847 ], [ 71.444749005031085, 51.154539264478046 ], [ 71.444566661579856, 51.154514835136183 ], [ 71.444629005007641, 51.154496464685145 ], [ 71.444654804526806, 51.154393164646223 ], [ 71.4444895046787, 51.154376864929404 ], [ 71.4442878, 51.1544363 ], [ 71.44427785869766, 51.154476142325457 ], [ 71.4440711, 51.1545349 ], [ 71.444036, 51.1546379 ], [ 71.444218547733954, 51.154662395841854 ], [ 71.4440631, 51.1547082 ] ] ], [ [ [ 71.44501097623511, 51.154879554612194 ], [ 71.4448727, 51.1549203 ], [ 71.4448478, 51.1550054 ], [ 71.4449872, 51.1550214 ], [ 71.445188906265102, 51.154961963705524 ], [ 71.445213905863923, 51.154876863667091 ], [ 71.445086951672991, 51.154862302825421 ], [ 71.445225205609887, 51.154821563650529 ], [ 71.445250105208885, 51.154736463612267 ], [ 71.445191611356165, 51.154729712825088 ], [ 71.445262705072281, 51.154708763592112 ], [ 71.445287604671691, 51.154623763553822 ], [ 71.445148204789646, 51.154607663792746 ], [ 71.4449465, 51.1546671 ], [ 71.4449216, 51.1547522 ], [ 71.444979868388046, 51.154758887928452 ], [ 71.4449089, 51.1547798 ], [ 71.444884, 51.1548649 ], [ 71.44501097623511, 51.154879554612194 ] ] ], [ [ [ 71.44514550680978, 51.155074563774043 ], [ 71.445006006927855, 51.155058464013123 ], [ 71.4448043, 51.1551179 ], [ 71.4447794, 51.155203 ], [ 71.4449188, 51.1552191 ], [ 71.445120507210945, 51.155159663812498 ], [ 71.44514550680978, 51.155074563774043 ] ] ], [ [ [ 71.444955107879125, 51.155262864089849 ], [ 71.4447534, 51.155322299999987 ], [ 71.4447284, 51.1554074 ], [ 71.444819909253994, 51.155417961303208 ], [ 71.4447105, 51.1554502 ], [ 71.4446855, 51.1555353 ], [ 71.444825, 51.1555514 ], [ 71.445026708772303, 51.155491963956116 ], [ 71.445051608371273, 51.15540686391784 ], [ 71.444960189533958, 51.155396305669051 ], [ 71.445069608162214, 51.15536406388923 ], [ 71.445094507761183, 51.155278963850947 ], [ 71.444955107879125, 51.155262864089849 ] ] ], [ [ [ 71.445377509538815, 51.155778663342581 ], [ 71.445307501462594, 51.155770583692906 ], [ 71.445394109371364, 51.155745063315926 ], [ 71.445419108970626, 51.155660063277466 ], [ 71.445331425149874, 51.155649943658545 ], [ 71.44542230880694, 51.15562316327383 ], [ 71.445447208405895, 51.155538063235561 ], [ 71.445357995452866, 51.155527759752168 ], [ 71.445462508207811, 51.155496963211469 ], [ 71.445487507806618, 51.155411863173036 ], [ 71.445400319433006, 51.155401863234623 ], [ 71.445502807612414, 51.155371663148905 ], [ 71.445527707211383, 51.155286563110614 ], [ 71.445418258334783, 51.155273931568438 ], [ 71.445537606991621, 51.155238763096087 ], [ 71.445562606590443, 51.155153663057639 ], [ 71.445423106708532, 51.155137563296719 ], [ 71.4452214, 51.155197 ], [ 71.4451965, 51.1552821 ], [ 71.445305855046712, 51.155294729973818 ], [ 71.4451865, 51.1553299 ], [ 71.4451616, 51.155415 ], [ 71.445248879917287, 51.155425073186969 ], [ 71.4451463, 51.1554553 ], [ 71.4451214, 51.1555403 ], [ 71.445210613052893, 51.155550603680148 ], [ 71.4451061, 51.1555814 ], [ 71.4450811, 51.1556665 ], [ 71.44516878390516, 51.155676619812034 ], [ 71.4450779, 51.1557034 ], [ 71.445053, 51.1557885 ], [ 71.44512280046844, 51.155796511553774 ], [ 71.4450363, 51.155822 ], [ 71.4450114, 51.155907099999986 ], [ 71.4451509, 51.155923099999988 ], [ 71.445352609939434, 51.155863663380885 ], [ 71.445377509538815, 51.155778663342581 ] ] ], [ [ [ 71.444858509306059, 51.155563164239872 ], [ 71.4446568, 51.1556226 ], [ 71.4446319, 51.1557077 ], [ 71.4447713, 51.1557238 ], [ 71.444973009589162, 51.155664364039239 ], [ 71.44499800918797, 51.155579264000778 ], [ 71.444858509306059, 51.155563164239872 ] ] ], [ [ [ 71.443949010688598, 51.155600065791567 ], [ 71.4437473, 51.1556595 ], [ 71.4437176, 51.1557469 ], [ 71.443794975517662, 51.15575730757547 ], [ 71.4437071, 51.1557832 ], [ 71.4436773, 51.1558706 ], [ 71.4438193, 51.1558896 ], [ 71.444021011585619, 51.1558301656571 ], [ 71.44405081116804, 51.155742765610569 ], [ 71.44397354194777, 51.155732426919243 ], [ 71.444061310997554, 51.155706565594436 ], [ 71.444091110580004, 51.155619165547897 ], [ 71.443949010688598, 51.155600065791567 ] ] ], [ [ [ 71.4426625, 51.155736299999987 ], [ 71.4426548, 51.1561324 ], [ 71.442714, 51.1561329 ], [ 71.443269726902287, 51.155967034208778 ], [ 71.443634623259285, 51.155658932992914 ], [ 71.443664422759312, 51.15561033289594 ], [ 71.443665422309152, 51.155558532897707 ], [ 71.443139123690145, 51.155554534696087 ], [ 71.4427357, 51.1556734 ], [ 71.4426625, 51.155736299999987 ] ] ], [ [ [ 71.444779410498711, 51.155814664362417 ], [ 71.4445777, 51.1558741 ], [ 71.4445528, 51.1559592 ], [ 71.4446922, 51.1559753 ], [ 71.444893910781829, 51.155915864161784 ], [ 71.44491881038077, 51.155830764123522 ], [ 71.444779410498711, 51.155814664362417 ] ] ], [ [ [ 71.443300028380349, 51.156899798584099 ], [ 71.4423636, 51.1571757 ], [ 71.4423586, 51.157293 ], [ 71.4429219, 51.1573024 ], [ 71.443284848781289, 51.157195463246964 ], [ 71.4432842, 51.1572081 ], [ 71.4434551, 51.1572116 ], [ 71.44407570776319, 51.157028743591425 ], [ 71.4440904, 51.1570642 ], [ 71.444562508367838, 51.156944053712607 ], [ 71.4445263, 51.156961 ], [ 71.4446443, 51.1570384 ], [ 71.444846015438131, 51.156978964190529 ], [ 71.445393413692869, 51.156745363267156 ], [ 71.445305113511452, 51.156675863421455 ], [ 71.444875, 51.1567978 ], [ 71.444612512182999, 51.156920650823558 ], [ 71.444568115043907, 51.156801164674107 ], [ 71.444470997904418, 51.156771878546778 ], [ 71.444473524233871, 51.156722642235266 ], [ 71.444637829331711, 51.156674229464301 ], [ 71.44457462801671, 51.156502329697396 ], [ 71.444484159339552, 51.156515371042126 ], [ 71.444495270140436, 51.156298827533973 ], [ 71.444324371216226, 51.156295428994447 ], [ 71.443360330174613, 51.156579479645146 ], [ 71.443361281699694, 51.156496933114397 ], [ 71.4435028, 51.1564984 ], [ 71.444511367924349, 51.156201227420844 ], [ 71.444511669519684, 51.156190001867856 ], [ 71.4446372, 51.1562045 ], [ 71.444838911845764, 51.156145064244306 ], [ 71.444863811444719, 51.156059964206015 ], [ 71.444724411563072, 51.156043964444926 ], [ 71.4445227, 51.1561034 ], [ 71.444513117375593, 51.156136111805566 ], [ 71.444515564522689, 51.15604502742395 ], [ 71.444025567705353, 51.156039831610222 ], [ 71.443911503366053, 51.156073440603002 ], [ 71.443911657139751, 51.156031740429775 ], [ 71.443966212460538, 51.15601566574145 ], [ 71.443911911939239, 51.155878065841073 ], [ 71.4436406, 51.1559483 ], [ 71.443672219301433, 51.156028425630232 ], [ 71.443369771860233, 51.156028037214213 ], [ 71.4423612, 51.1563252 ], [ 71.4423607, 51.15646 ], [ 71.442434442078365, 51.156460095404093 ], [ 71.4421853, 51.156533499999988 ], [ 71.4421779, 51.1571657 ], [ 71.4423484, 51.1571664 ], [ 71.443300746632843, 51.156885808568212 ], [ 71.443300028380349, 51.156899798584099 ] ] ], [ [ [ 71.445379610171344, 51.15592576333168 ], [ 71.4450562, 51.1560186 ], [ 71.4451718, 51.1561839 ], [ 71.445495210729419, 51.156090963125962 ], [ 71.445379610171344, 51.15592576333168 ] ] ], [ [ [ 71.444831712574612, 51.156311564248277 ], [ 71.44463, 51.156371 ], [ 71.4445221, 51.1564249 ], [ 71.4446104, 51.1564945 ], [ 71.444812113134404, 51.156435064275584 ], [ 71.444920012756484, 51.156381164093979 ], [ 71.444831712574612, 51.156311564248277 ] ] ], [ [ [ 71.445049012916442, 51.156458363869774 ], [ 71.4448473, 51.1565178 ], [ 71.4447393, 51.1565717 ], [ 71.4448276, 51.1566413 ], [ 71.445029313476368, 51.156581863897252 ], [ 71.445137313098286, 51.156527963715469 ], [ 71.445049012916442, 51.156458363869774 ] ] ], [ [ [ 71.445177013178352, 51.156558863646111 ], [ 71.4449753, 51.156618299999984 ], [ 71.4448674, 51.156672199999988 ], [ 71.4449557, 51.1567418 ], [ 71.445157413738158, 51.156682363673426 ], [ 71.445265313360238, 51.156628463491813 ], [ 71.445177013178352, 51.156558863646111 ] ] ], [ [ [ 71.445442613816752, 51.156789363180913 ], [ 71.4452409, 51.1568488 ], [ 71.445133, 51.1569027 ], [ 71.4452213, 51.1569723 ], [ 71.445423014376573, 51.156912863208234 ], [ 71.445530913998638, 51.156858963026615 ], [ 71.445442613816752, 51.156789363180913 ] ] ], [ [ [ 71.442218208559765, 51.157368746715569 ], [ 71.4412096, 51.1576659 ], [ 71.441208497235934, 51.157757683886778 ], [ 71.4411263, 51.1577819 ], [ 71.4411253, 51.1579031 ], [ 71.442654075600856, 51.157908302646554 ], [ 71.4425638, 51.1579349 ], [ 71.4425636, 51.1579518 ], [ 71.4425922, 51.157952 ], [ 71.442739531092684, 51.157908592652895 ], [ 71.443066, 51.1579097 ], [ 71.443267721324546, 51.15785026684307 ], [ 71.443267933634587, 51.157826882242709 ], [ 71.445055214155545, 51.15730771742404 ], [ 71.4451236, 51.1576156 ], [ 71.445478216947606, 51.15752526308335 ], [ 71.445567416463916, 51.157441062935192 ], [ 71.445594415643171, 51.157259462898161 ], [ 71.445520315379127, 51.157175263028932 ], [ 71.445169792486197, 51.157265733962568 ], [ 71.445199162791184, 51.157213384478013 ], [ 71.445056958657716, 51.157062786731821 ], [ 71.444589857233638, 51.157191373867846 ], [ 71.444579016665884, 51.157180064636577 ], [ 71.443959211218285, 51.157377190678055 ], [ 71.443820748328193, 51.157376520074493 ], [ 71.443814322445135, 51.157352752202314 ], [ 71.444152717499279, 51.157240265361757 ], [ 71.444076617252193, 51.157159365495794 ], [ 71.4437002, 51.1572596 ], [ 71.443365095066383, 51.157374312096053 ], [ 71.442218208559765, 51.157368746715569 ] ], [ [ 71.443146882633471, 51.157726890663149 ], [ 71.44314738003763, 51.157728748763418 ], [ 71.44314065469031, 51.15772872560639 ], [ 71.443146882633471, 51.157726890663149 ] ] ], [ [ [ 71.444902617900183, 51.157566564064496 ], [ 71.4445812, 51.1576708 ], [ 71.4446544, 51.1577477 ], [ 71.444975818133486, 51.157643363935634 ], [ 71.444902617900183, 51.157566564064496 ] ] ], [ [ [ 71.443784420531131, 51.157827465961574 ], [ 71.4435827, 51.1578869 ], [ 71.4435836, 51.15794540000001 ], [ 71.4437951, 51.15794420000001 ], [ 71.443996820492998, 51.157884765595902 ], [ 71.443996020241357, 51.157826265600185 ], [ 71.443784420531131, 51.157827465961574 ] ] ], [ [ [ 71.442321223960818, 51.158165868444144 ], [ 71.442272923979985, 51.158155268527182 ], [ 71.4420474, 51.158222 ], [ 71.4420422, 51.1582672 ], [ 71.4420904, 51.1582777 ], [ 71.442315924163211, 51.158211068450946 ], [ 71.442321223960818, 51.158165868444144 ] ] ], [ [ [ 71.442116690419454, 51.160582581855344 ], [ 71.4419259, 51.1611024 ], [ 71.4420289, 51.1611612 ], [ 71.4421286, 51.1611723 ], [ 71.4427228, 51.1611432 ], [ 71.443041499710205, 51.161064294226527 ], [ 71.4430167, 51.1611669 ], [ 71.443124977427786, 51.161177168811413 ], [ 71.4418903, 51.1615498 ], [ 71.4417673, 51.1618521 ], [ 71.4417107, 51.1620558 ], [ 71.4417232, 51.16216210000001 ], [ 71.4419288, 51.1621842 ], [ 71.443656843401328, 51.161675115713116 ], [ 71.443652, 51.1616912 ], [ 71.443703454224391, 51.161711320461642 ], [ 71.4436224, 51.1617352 ], [ 71.4435947, 51.1618326 ], [ 71.443654217238787, 51.16183925134802 ], [ 71.4435658, 51.1618653 ], [ 71.4435381, 51.1619627 ], [ 71.443594004492638, 51.161968947606567 ], [ 71.4434421, 51.1620137 ], [ 71.4434246, 51.1620831 ], [ 71.443559381625477, 51.162096529672183 ], [ 71.4434529, 51.1621279 ], [ 71.443443085703777, 51.162166614984507 ], [ 71.4433952397779, 51.162161266410173 ], [ 71.443261987970217, 51.162200523142829 ], [ 71.443277639838001, 51.162138566612207 ], [ 71.443159939945772, 51.162126866813864 ], [ 71.443054508649794, 51.162157927248266 ], [ 71.44306484003134, 51.162117066976819 ], [ 71.442967240120694, 51.162107367144046 ], [ 71.442834805356895, 51.16214638262359 ], [ 71.442859740008217, 51.162047867330642 ], [ 71.442715040140627, 51.162033467578553 ], [ 71.4425133, 51.1620929 ], [ 71.4424726, 51.1622537 ], [ 71.4426173, 51.1622681 ], [ 71.442749736295113, 51.162229084467548 ], [ 71.4427389, 51.1622719 ], [ 71.4428365, 51.1622817 ], [ 71.44294194688716, 51.162250635291301 ], [ 71.442931800000011, 51.1622908 ], [ 71.4430495, 51.1623025 ], [ 71.443181266150532, 51.162263681325058 ], [ 71.4431672, 51.1623131 ], [ 71.4433148, 51.1623296 ], [ 71.443419239563994, 51.162298831559092 ], [ 71.4434059, 51.1623503 ], [ 71.4436734, 51.162377499999984 ], [ 71.443875139809876, 51.162318065582539 ], [ 71.443899039378053, 51.162225565546336 ], [ 71.443759965546818, 51.162211367215221 ], [ 71.443910339110076, 51.162167065529943 ], [ 71.443928338777809, 51.162095765502755 ], [ 71.443824911980087, 51.162085449522024 ], [ 71.443931438593452, 51.162054065499547 ], [ 71.44394903826948, 51.161984565472942 ], [ 71.443817877011071, 51.161971544208875 ], [ 71.443964438005935, 51.161928365449441 ], [ 71.443992237547704, 51.161830965406814 ], [ 71.443932640696673, 51.161824308311985 ], [ 71.444021037367676, 51.161798265359245 ], [ 71.444048836909445, 51.161700865316604 ], [ 71.444029964942672, 51.161698757281357 ], [ 71.444054036862696, 51.161691665308176 ], [ 71.444083756321859, 51.161549340879219 ], [ 71.444576612816974, 51.161404135327658 ], [ 71.444621458755179, 51.161351207865508 ], [ 71.4449153, 51.161389 ], [ 71.445081128483309, 51.161340142286264 ], [ 71.4450606, 51.1614074 ], [ 71.4453913, 51.1614492 ], [ 71.445593033488066, 51.161389762694242 ], [ 71.445634832891784, 51.161264762629067 ], [ 71.445300333163317, 51.161223463202553 ], [ 71.445135883572803, 51.161271915149669 ], [ 71.445159933243744, 51.161198363443638 ], [ 71.444859033481308, 51.161159663959602 ], [ 71.44471054753366, 51.161203411910954 ], [ 71.444893178663477, 51.160900428559266 ], [ 71.444925571348961, 51.160781527910764 ], [ 71.444868378529151, 51.160766281776191 ], [ 71.444905031029776, 51.16060656390863 ], [ 71.444738731209824, 51.160596464193219 ], [ 71.444537, 51.1606559 ], [ 71.444508554787561, 51.160769541957976 ], [ 71.444236629934707, 51.16084965777258 ], [ 71.44438473021448, 51.160255864814943 ], [ 71.444223830358311, 51.160239065090629 ], [ 71.444136664364436, 51.160264746476891 ], [ 71.44416233011745, 51.160164165199411 ], [ 71.444041019496311, 51.160149348865673 ], [ 71.444234429710278, 51.160092365079834 ], [ 71.44424510954299, 51.160055314408638 ], [ 71.4447789, 51.160119 ], [ 71.445182356601606, 51.160000127271964 ], [ 71.445268553917586, 51.159716327005818 ], [ 71.444684354886078, 51.159646529008668 ], [ 71.444449705025605, 51.159715664766161 ], [ 71.444508829003112, 51.159497752768132 ], [ 71.444717940733298, 51.159447004516537 ], [ 71.4448024, 51.1596515 ], [ 71.4449582, 51.1596262 ], [ 71.445966825692381, 51.159329014209384 ], [ 71.44551010487902, 51.158223218386233 ], [ 71.445354306473277, 51.158248519710597 ], [ 71.445066927787778, 51.15833319550871 ], [ 71.445183508034475, 51.158267621164626 ], [ 71.445069707080506, 51.158188022156459 ], [ 71.4440611, 51.1584852 ], [ 71.4426944, 51.1592539 ], [ 71.442728522820673, 51.159277768024673 ], [ 71.4425716, 51.159324 ], [ 71.442470953723145, 51.159503895598718 ], [ 71.4415694, 51.1597695 ], [ 71.4407389, 51.1604876 ], [ 71.4406939, 51.1606431 ], [ 71.4415725, 51.1607429 ], [ 71.442116690419454, 51.160582581855344 ] ], [ [ 71.4434508, 51.1608283 ], [ 71.4434338, 51.160896899999983 ], [ 71.443626085202709, 51.160915374470761 ], [ 71.4435425, 51.16094 ], [ 71.443526753381576, 51.16100398780398 ], [ 71.443249734860927, 51.160977966717773 ], [ 71.443059963673065, 51.161033875385776 ], [ 71.44307603511227, 51.160982067014316 ], [ 71.442940193440407, 51.16080479427508 ], [ 71.4430537, 51.1608164 ], [ 71.443255433898415, 51.160756966719063 ], [ 71.443327332603218, 51.160479566610086 ], [ 71.44310043280818, 51.160456366998844 ], [ 71.4428987, 51.1605158 ], [ 71.442853215134463, 51.160691287178039 ], [ 71.442649610977682, 51.160425580297833 ], [ 71.443277331343452, 51.160240645703858 ], [ 71.4432267, 51.1604315 ], [ 71.443817474732697, 51.16049289350233 ], [ 71.4436844, 51.1605321 ], [ 71.443619632301392, 51.160778559279812 ], [ 71.4434508, 51.1608283 ] ], [ [ 71.443975537626514, 51.160473616564467 ], [ 71.443973385508883, 51.160481710439349 ], [ 71.443954655582061, 51.160479768886709 ], [ 71.443975537626514, 51.160473616564467 ] ], [ [ 71.443755934794794, 51.160881695452588 ], [ 71.443839533545258, 51.160857065716264 ], [ 71.443846137479142, 51.160834592278476 ], [ 71.44388239587694, 51.160823909850649 ], [ 71.443864250427268, 51.160892151798777 ], [ 71.443755934794794, 51.160881695452588 ] ], [ [ 71.444393591149691, 51.158937439206866 ], [ 71.44306175316116, 51.159329836324133 ], [ 71.442925381076194, 51.159298976324813 ], [ 71.443816833829345, 51.159036332645755 ], [ 71.444410438472886, 51.158702453652737 ], [ 71.444499754077754, 51.158918714934153 ], [ 71.444393591149691, 51.158937439206866 ] ], [ [ 71.443689059957649, 51.160119342477969 ], [ 71.443934091977042, 51.160142486373985 ], [ 71.443591830645488, 51.160147988303706 ], [ 71.443689059957649, 51.160119342477969 ] ], [ [ 71.443533908178722, 51.162209145740768 ], [ 71.443579377691179, 51.162213662805897 ], [ 71.4435283430754, 51.162228697998444 ], [ 71.443533908178722, 51.162209145740768 ] ] ], [ [ [ 71.445289628165213, 51.160063263278758 ], [ 71.4447965, 51.16018720000001 ], [ 71.4448206, 51.1602301 ], [ 71.445313728318126, 51.160106163235469 ], [ 71.445289628165213, 51.160063263278758 ] ] ], [ [ [ 71.444379836433527, 51.161693764751526 ], [ 71.444424335713038, 51.161540864683133 ], [ 71.444384835745439, 51.161536064750848 ], [ 71.4441247, 51.1616071 ], [ 71.4440826, 51.1617421 ], [ 71.4441781, 51.1617532 ], [ 71.444379836433527, 51.161693764751526 ] ] ], [ [ [ 71.445550335023157, 51.161731762750101 ], [ 71.445395635145715, 51.161711963015343 ], [ 71.445326843817639, 51.161732230977925 ], [ 71.445333535219333, 51.161709663121556 ], [ 71.445218235316091, 51.161696163319185 ], [ 71.44513168413431, 51.161721663699353 ], [ 71.445150435348111, 51.161682463435689 ], [ 71.445043135405186, 51.161662263620002 ], [ 71.444925050976252, 51.161697054355713 ], [ 71.444930535615825, 51.161675963811668 ], [ 71.444815135720091, 51.161664164009395 ], [ 71.444712971246418, 51.161694264079095 ], [ 71.444726335791998, 51.161653164161628 ], [ 71.444603135889906, 51.161637464372888 ], [ 71.4444014, 51.1616969 ], [ 71.444386002770571, 51.161744212924496 ], [ 71.444330236694256, 51.161738664834019 ], [ 71.4441285, 51.161798099999984 ], [ 71.4441005, 51.1618965 ], [ 71.444186884182685, 51.16190616601623 ], [ 71.4440975, 51.1619325 ], [ 71.4440776, 51.1620114 ], [ 71.444182756798767, 51.162021828327646 ], [ 71.4440722, 51.1620544 ], [ 71.4440416, 51.1621484 ], [ 71.44412335681271, 51.162158877979046 ], [ 71.4440296, 51.1621865 ], [ 71.4440061, 51.1622657 ], [ 71.444099691326514, 51.162276637253804 ], [ 71.4440153, 51.1623015 ], [ 71.4439884, 51.1624078 ], [ 71.444248, 51.1624309 ], [ 71.444392619140544, 51.162388293091432 ], [ 71.444381151198357, 51.162423546384417 ], [ 71.4438389, 51.1625833 ], [ 71.443776219376701, 51.162814658523551 ], [ 71.443630836822052, 51.162804886920647 ], [ 71.443682842105872, 51.162789565887529 ], [ 71.44369884184151, 51.162733365862984 ], [ 71.443622816202378, 51.162723931370877 ], [ 71.443765941528284, 51.162681765750939 ], [ 71.443787841097844, 51.16258896571815 ], [ 71.443694787824086, 51.162579692322957 ], [ 71.443789240935658, 51.162551865717631 ], [ 71.443818740518324, 51.162464465671576 ], [ 71.443671640630626, 51.162444665923871 ], [ 71.443591959470794, 51.162468140561046 ], [ 71.443599240686126, 51.162434966048039 ], [ 71.443453040830917, 51.162422966298386 ], [ 71.44334267463617, 51.162455480707521 ], [ 71.443356740899532, 51.162408866463615 ], [ 71.443214541018222, 51.162392066707376 ], [ 71.443137112006681, 51.162414877502144 ], [ 71.443150341030687, 51.162374966817879 ], [ 71.44300814114203, 51.162356467061734 ], [ 71.4429140109591, 51.162384197874495 ], [ 71.442923841255407, 51.16235646720574 ], [ 71.442778641375114, 51.162338967454666 ], [ 71.4425769, 51.1623984 ], [ 71.4425461, 51.16249710000001 ], [ 71.4426886, 51.1625104 ], [ 71.442784502626637, 51.162482147322024 ], [ 71.4427709, 51.1625233 ], [ 71.442913, 51.1625418 ], [ 71.442992697865407, 51.16251832104134 ], [ 71.4429804, 51.1625592 ], [ 71.4431225, 51.162576 ], [ 71.443236842225204, 51.162542314576662 ], [ 71.4432284, 51.162577299999988 ], [ 71.4433761, 51.1625919 ], [ 71.443453662573475, 51.162569049747312 ], [ 71.4434459, 51.1626001 ], [ 71.443531112509362, 51.162606839993764 ], [ 71.4434396, 51.1626338 ], [ 71.443421892884174, 51.162704628487575 ], [ 71.443233600000013, 51.1627601 ], [ 71.4432262, 51.1627868 ], [ 71.4432603, 51.1628213 ], [ 71.44347227264555, 51.162847892591479 ], [ 71.442776804217203, 51.163052776780638 ], [ 71.442945144004298, 51.162999267137295 ], [ 71.443012642796944, 51.162740867034877 ], [ 71.44284914294299, 51.162723767315043 ], [ 71.442781088227648, 51.162743816024594 ], [ 71.442797142743302, 51.162661367406983 ], [ 71.442550943003596, 51.162644967828399 ], [ 71.4423492, 51.16270440000001 ], [ 71.4423332, 51.1628019 ], [ 71.4425762, 51.162819399999989 ], [ 71.442643198277636, 51.162799662688066 ], [ 71.442630481775609, 51.162849486903859 ], [ 71.442543043874537, 51.162844067831948 ], [ 71.4423413, 51.1629035 ], [ 71.4423247, 51.1630038 ], [ 71.44239606008081, 51.16300850672053 ], [ 71.4417966, 51.1631851 ], [ 71.4417658, 51.1633653 ], [ 71.4421436, 51.1633911 ], [ 71.442206431647605, 51.163372590656529 ], [ 71.4421796, 51.1635304 ], [ 71.4423095, 51.1635639 ], [ 71.4424547, 51.1635488 ], [ 71.44253800241377, 51.163524260047858 ], [ 71.442529, 51.1635792 ], [ 71.4427499, 51.1635934 ], [ 71.443695581244668, 51.163314805325989 ], [ 71.443718187275465, 51.163176581780739 ], [ 71.443789528177348, 51.163155564459053 ], [ 71.444125519952152, 51.163222592453288 ], [ 71.4438329, 51.1633088 ], [ 71.4437968, 51.1634555 ], [ 71.443970459971951, 51.163472282003362 ], [ 71.4434826, 51.1641908 ], [ 71.4434688, 51.1642996 ], [ 71.443513, 51.1643213 ], [ 71.443683046140436, 51.16434012504903 ], [ 71.4436698, 51.1643832 ], [ 71.4438509, 51.1644024 ], [ 71.443960610542447, 51.16437007946292 ], [ 71.444493, 51.1644274 ], [ 71.4445504, 51.1644185 ], [ 71.447702643540254, 51.163489773187372 ], [ 71.447782533516715, 51.163370714100395 ], [ 71.448058862687034, 51.163272440679918 ], [ 71.4480937, 51.1633228 ], [ 71.448516737390293, 51.163203257609212 ], [ 71.448447037048112, 51.163102357733315 ], [ 71.448036898011736, 51.163218070156894 ], [ 71.447975137919371, 51.163157058536704 ], [ 71.447865568392629, 51.163189342925641 ], [ 71.447906142757191, 51.163044019451142 ], [ 71.44827903655343, 51.162935558028657 ], [ 71.448222636294886, 51.16285815812887 ], [ 71.447934777604885, 51.162941458710392 ], [ 71.447953756161652, 51.162873483433394 ], [ 71.448146836189906, 51.162810258260748 ], [ 71.448109108890037, 51.162766301963792 ], [ 71.448384135251899, 51.162667057862535 ], [ 71.448325135084119, 51.162609857966189 ], [ 71.447993474711595, 51.162722015297732 ], [ 71.447992476283929, 51.162682111489659 ], [ 71.448019435760287, 51.162671158485324 ], [ 71.447991524897887, 51.162644087669939 ], [ 71.447986269487231, 51.162481266403056 ], [ 71.44793146929571, 51.162461367881313 ], [ 71.447754147019893, 51.162441045718545 ], [ 71.447852334854801, 51.162409558783864 ], [ 71.44779063461074, 51.162333858893035 ], [ 71.447520024095198, 51.16241538700325 ], [ 71.447258136635909, 51.162402491358698 ], [ 71.447331934924122, 51.16226355968012 ], [ 71.447203234981032, 51.162236659901303 ], [ 71.4470015, 51.1622961 ], [ 71.4469188, 51.1624515 ], [ 71.446998177424376, 51.16246813969812 ], [ 71.446541801361434, 51.162602606059295 ], [ 71.446551937313771, 51.162573760997041 ], [ 71.446328937480715, 51.162542961379529 ], [ 71.4461272, 51.1626024 ], [ 71.4460869, 51.1627167 ], [ 71.446132925787992, 51.16272307474415 ], [ 71.445725374731467, 51.162843151148365 ], [ 71.445804490246331, 51.16256363226757 ], [ 71.445653387805493, 51.162541807097298 ], [ 71.445746538140625, 51.162514362375859 ], [ 71.445767837828527, 51.162448762342756 ], [ 71.445610729482837, 51.162428616084441 ], [ 71.445768737539126, 51.162382062344527 ], [ 71.445786537211433, 51.162311762317636 ], [ 71.445662390965865, 51.162299434096447 ], [ 71.4457875369975, 51.162262562318404 ], [ 71.445804836678249, 51.162194062292251 ], [ 71.445665332907495, 51.162180134281144 ], [ 71.44584953632345, 51.162125862219305 ], [ 71.445867335996184, 51.162055662192415 ], [ 71.445721703370097, 51.16204116107464 ], [ 71.445883935704671, 51.161993362167166 ], [ 71.445901735377419, 51.161923162140269 ], [ 71.445805619734983, 51.161913591612254 ], [ 71.445910935189616, 51.161882562126578 ], [ 71.445951634593499, 51.161757262063304 ], [ 71.445780534729067, 51.161735362356687 ], [ 71.445724726641387, 51.161751805292717 ], [ 71.445729534804556, 51.161736962443705 ], [ 71.445607334901993, 51.161721462653233 ], [ 71.445550335023157, 51.161731762750101 ] ], [ [ 71.4450953, 51.1618922 ], [ 71.445160886301238, 51.161872876556579 ], [ 71.44515730000002, 51.1618839 ], [ 71.445312, 51.1619036 ], [ 71.445371534250782, 51.161886059520995 ], [ 71.4453665, 51.1619016 ], [ 71.4454887, 51.1619171 ], [ 71.445544312131574, 51.161900714991937 ], [ 71.445538, 51.1619201 ], [ 71.445645216515103, 51.161933815228636 ], [ 71.4455353, 51.1619662 ], [ 71.4455175, 51.1620364 ], [ 71.445663132772964, 51.16205090139367 ], [ 71.4455009, 51.1620987 ], [ 71.4454831, 51.1621689 ], [ 71.445597970312974, 51.162180338235459 ], [ 71.4454138, 51.1622346 ], [ 71.4453965, 51.1623032 ], [ 71.4455226475513, 51.162315728160387 ], [ 71.4453975, 51.1623526 ], [ 71.4453798, 51.162422799999987 ], [ 71.445540641949577, 51.162438867030104 ], [ 71.4453844, 51.1624849 ], [ 71.445375829632127, 51.162511171803565 ], [ 71.445240586526964, 51.162497915937067 ], [ 71.445291338617324, 51.16248296315505 ], [ 71.445326237987928, 51.162348163102159 ], [ 71.445162538136429, 51.162331563382622 ], [ 71.444960800000018, 51.162391 ], [ 71.444940714171693, 51.162468523330922 ], [ 71.444845781905073, 51.162459218180722 ], [ 71.444920638918092, 51.162437163790564 ], [ 71.444954338297663, 51.162304063739654 ], [ 71.444780538456712, 51.162286764037411 ], [ 71.444724009467606, 51.162303418596245 ], [ 71.444727738550199, 51.162291964127355 ], [ 71.444611238642111, 51.16227696432712 ], [ 71.444463556488159, 51.162320474077852 ], [ 71.444476538804309, 51.162272564557462 ], [ 71.444303007080165, 51.162252169077533 ], [ 71.444387538728279, 51.162227264711746 ], [ 71.4444110383549, 51.16214816467555 ], [ 71.444321984815005, 51.162137708375212 ], [ 71.444413438190068, 51.162110764673322 ], [ 71.444444037742315, 51.162016664625732 ], [ 71.444344212266316, 51.16200392988214 ], [ 71.444459837518849, 51.161969864601083 ], [ 71.444479837151064, 51.161890964570858 ], [ 71.4444148892849, 51.161884527463094 ], [ 71.44450063698612, 51.161859264536915 ], [ 71.444508811398819, 51.161831813296139 ], [ 71.444591666788824, 51.161807402394423 ], [ 71.4445773, 51.1618628 ], [ 71.4446926, 51.1618746 ], [ 71.444780672530996, 51.161848651872411 ], [ 71.4447718, 51.1618672 ], [ 71.4448791, 51.1618874 ], [ 71.44498676902144, 51.161855678096224 ], [ 71.4449799, 51.1618788 ], [ 71.4450953, 51.1618922 ] ], [ [ 71.442616640894329, 51.163021101955984 ], [ 71.442574288445797, 51.163018283144204 ], [ 71.442612070696171, 51.163007152760962 ], [ 71.442616640894329, 51.163021101955984 ] ] ], [ [ [ 71.44203234211578, 51.162278068732633 ], [ 71.4418306, 51.1623375 ], [ 71.4418038, 51.1624361 ], [ 71.4420078, 51.1624579 ], [ 71.442115671947747, 51.162426121913356 ], [ 71.4421038, 51.1624698 ], [ 71.4423078, 51.1624916 ], [ 71.442509542139774, 51.162432167909735 ], [ 71.442536341677695, 51.162333567868849 ], [ 71.442332341857878, 51.162311768218458 ], [ 71.442224470206199, 51.162343546536476 ], [ 71.442236341935583, 51.16229986838303 ], [ 71.44203234211578, 51.162278068732633 ] ] ], [ [ [ 71.443271346135305, 51.163593966550373 ], [ 71.4430696, 51.1636534 ], [ 71.4430508, 51.1637459 ], [ 71.443174288154964, 51.16375579395374 ], [ 71.4430059, 51.1638054 ], [ 71.4429906, 51.1638938 ], [ 71.4431616, 51.1639054 ], [ 71.443363347100487, 51.16384596638062 ], [ 71.443378546698042, 51.163757566359081 ], [ 71.443251594830812, 51.163748949613101 ], [ 71.443418546394469, 51.163699766293632 ], [ 71.443437345969031, 51.163607166266132 ], [ 71.443271346135305, 51.163593966550373 ] ] ], [ [ [ 71.4423369, 51.1638624 ], [ 71.4424463, 51.163851899999983 ], [ 71.442648047831511, 51.163792467605283 ], [ 71.442667747388853, 51.16369616757644 ], [ 71.442305947749347, 51.163666968195976 ], [ 71.4421042, 51.1637264 ], [ 71.4420852, 51.1638191 ], [ 71.442166, 51.1638486 ], [ 71.4423369, 51.1638624 ] ] ], [ [ [ 71.443431238431984, 51.16400058085587 ], [ 71.4432421, 51.1640563 ], [ 71.4432273, 51.1641092 ], [ 71.443285, 51.1641155 ], [ 71.443474138617731, 51.164059780784392 ], [ 71.443488938385158, 51.164006980763169 ], [ 71.443431238431984, 51.16400058085587 ] ] ], [ [ [ 71.443454038966365, 51.164139580812865 ], [ 71.443393739016471, 51.16413318090973 ], [ 71.4432046, 51.164188899999985 ], [ 71.4431913, 51.1642386 ], [ 71.4432516, 51.164245 ], [ 71.443440739184481, 51.164189280831827 ], [ 71.443454038966365, 51.164139580812865 ] ] ], [ [ [ 71.442986052276893, 51.164926366971308 ], [ 71.443103950449313, 51.164540166789166 ], [ 71.441543351840281, 51.164376269463439 ], [ 71.4413416, 51.1644357 ], [ 71.4412394, 51.1647772 ], [ 71.4416389, 51.1648485 ], [ 71.4427843, 51.1649858 ], [ 71.442986052276893, 51.164926366971308 ] ] ], [ [ [ 71.4433026, 51.164846700000012 ], [ 71.4431459, 51.1653552 ], [ 71.4431767, 51.1653857 ], [ 71.4433455, 51.1654048 ], [ 71.444291214181362, 51.165126200132754 ], [ 71.444345961365443, 51.165073059672913 ], [ 71.444525850610376, 51.165020064336098 ], [ 71.444586449739745, 51.164837464241664 ], [ 71.444475561698056, 51.164807913540649 ], [ 71.444552001970649, 51.164604598166321 ], [ 71.44436000233874, 51.164562999713581 ], [ 71.444248303146409, 51.164568100606871 ], [ 71.4433026, 51.164846700000012 ] ] ], [ [ [ 71.443083052734977, 51.165062566798788 ], [ 71.442927252869382, 51.165045167065848 ], [ 71.4427255, 51.1651046 ], [ 71.4427034, 51.1651825 ], [ 71.4428592, 51.1651998 ], [ 71.44306095310094, 51.165140366832667 ], [ 71.443083052734977, 51.165062566798788 ] ] ], [ [ [ 71.445036450206942, 51.165085663460523 ], [ 71.444894250325206, 51.165068763704298 ], [ 71.443727, 51.1653772 ], [ 71.4437074, 51.1654601 ], [ 71.444647226500834, 51.165552647055684 ], [ 71.444509988397456, 51.16558606804152 ], [ 71.44451865293297, 51.165555264321682 ], [ 71.444372853059548, 51.165539164571562 ], [ 71.444281278829237, 51.16556614193717 ], [ 71.444292253116544, 51.165527264709837 ], [ 71.444149753239984, 51.165511464954079 ], [ 71.443948, 51.1655709 ], [ 71.44392645015246, 51.165647240570621 ], [ 71.443706654315335, 51.165622365705531 ], [ 71.4435049, 51.1656818 ], [ 71.4434739, 51.165789899999986 ], [ 71.4437001, 51.1658155 ], [ 71.443858024709257, 51.165768977207271 ], [ 71.4438408, 51.1658303 ], [ 71.4439941, 51.1658473 ], [ 71.444171533955853, 51.165795029477742 ], [ 71.4441327, 51.1659293 ], [ 71.4443357, 51.1659524 ], [ 71.444481937103063, 51.165909319403049 ], [ 71.4444731, 51.1659401 ], [ 71.444552731604432, 51.165949116618975 ], [ 71.4445331, 51.1659549 ], [ 71.444503710583646, 51.166056120373192 ], [ 71.4443181, 51.1661108 ], [ 71.444266008039563, 51.166315042806097 ], [ 71.443878456864411, 51.166265665379925 ], [ 71.4436767, 51.1663251 ], [ 71.4436503, 51.1664513 ], [ 71.4440408, 51.1665001 ], [ 71.444242557130892, 51.166440664749167 ], [ 71.4442561377478, 51.166404091956906 ], [ 71.444345431520489, 51.166412581026748 ], [ 71.4442751, 51.1664333 ], [ 71.4442362, 51.1665466 ], [ 71.4443853, 51.1665667 ], [ 71.444448318747362, 51.166548135279022 ], [ 71.4446034, 51.1665659 ], [ 71.444805156658376, 51.166506463784742 ], [ 71.444838256121145, 51.166392463733885 ], [ 71.44467675625846, 51.16637396401071 ], [ 71.444614202378503, 51.166392392001491 ], [ 71.444562926875207, 51.166385475071088 ], [ 71.444642056254153, 51.166362164070577 ], [ 71.444822455173892, 51.166168363772066 ], [ 71.444851454775304, 51.166085163726684 ], [ 71.444715968102528, 51.166071353904918 ], [ 71.444863254512214, 51.166027963709368 ], [ 71.444896353975011, 51.165913963658525 ], [ 71.444833303088771, 51.165906741241528 ], [ 71.44485325397639, 51.165900863732809 ], [ 71.444891753344606, 51.165766663673715 ], [ 71.444713353497761, 51.165746563979518 ], [ 71.444567356503995, 51.165789574338405 ], [ 71.444583967305022, 51.165732140471299 ], [ 71.4446886, 51.165743099999986 ], [ 71.444890352987798, 51.165683663680262 ], [ 71.444931352266678, 51.165529563617902 ], [ 71.444853052497095, 51.165521362411567 ], [ 71.444923652151701, 51.165500563632513 ], [ 71.445036450206942, 51.165085663460523 ] ], [ [ 71.444540592303809, 51.165712946528409 ], [ 71.444538557673539, 51.165720593739742 ], [ 71.444521300018636, 51.165718629972766 ], [ 71.444540592303809, 51.165712946528409 ] ], [ [ 71.444066654102002, 51.165685065087395 ], [ 71.443908887177628, 51.165731541822318 ], [ 71.44392965959878, 51.165659105138403 ], [ 71.4440658, 51.1656742 ], [ 71.444157427415448, 51.165647207232247 ], [ 71.4441475, 51.1656825 ], [ 71.444293300000012, 51.165698599999985 ], [ 71.44437265220833, 51.165675223248023 ], [ 71.444369016828048, 51.165706911378663 ], [ 71.444205022849346, 51.165755223037813 ], [ 71.444219953969238, 51.165702064824643 ], [ 71.444066654102002, 51.165685065087395 ] ] ], [ [ [ 71.44329965393068, 51.165406666411599 ], [ 71.4430979, 51.1654661 ], [ 71.4430764, 51.1655452 ], [ 71.4432585, 51.1655646 ], [ 71.443460254140334, 51.165505166132327 ], [ 71.443481753769987, 51.165426166099529 ], [ 71.44329965393068, 51.165406666411599 ] ] ], [ [ [ 71.4432937, 51.165754899999989 ], [ 71.443495454915379, 51.165695466062694 ], [ 71.443520390061309, 51.165613122942332 ], [ 71.4435867, 51.1656205 ], [ 71.443788453940385, 51.165561065568838 ], [ 71.443810553573996, 51.165483165534965 ], [ 71.443652353710775, 51.165465565806123 ], [ 71.4434506, 51.165525 ], [ 71.443430439357954, 51.165596063992659 ], [ 71.443312554671351, 51.165582066380814 ], [ 71.4431108, 51.1656415 ], [ 71.4430841, 51.1657299 ], [ 71.4432937, 51.165754899999989 ] ] ], [ [ [ 71.443188755591606, 51.165756466583623 ], [ 71.442987, 51.1658159 ], [ 71.4429652, 51.1658873 ], [ 71.4431621, 51.1659109 ], [ 71.443363855766606, 51.165851466279733 ], [ 71.443385655428713, 51.16578006624605 ], [ 71.443188755591606, 51.165756466583623 ] ] ], [ [ [ 71.443647655759946, 51.165938265790572 ], [ 71.4434459, 51.1659977 ], [ 71.443424, 51.1660726 ], [ 71.443673, 51.1661012 ], [ 71.443874755901746, 51.166041765397424 ], [ 71.443896655549011, 51.165966965363737 ], [ 71.443647655759946, 51.165938265790572 ] ] ], [ [ [ 71.443544957139352, 51.166225465951698 ], [ 71.4433432, 51.1662849 ], [ 71.4433043, 51.1663982 ], [ 71.4434534, 51.1664183 ], [ 71.443655157567633, 51.166358865756763 ], [ 71.443693957025758, 51.16624556569613 ], [ 71.443544957139352, 51.166225465951698 ] ] ], [ [ [ 71.4462619, 51.1670062 ], [ 71.446337203388893, 51.166984015061793 ], [ 71.4463315, 51.1670012 ], [ 71.4464874, 51.1670216 ], [ 71.446689156092987, 51.166962160543399 ], [ 71.446719655654334, 51.166870160495911 ], [ 71.446563755776367, 51.16684986076325 ], [ 71.446489017783051, 51.166871879369403 ], [ 71.446495255884088, 51.166853460880077 ], [ 71.446343556001352, 51.16683336114027 ], [ 71.446223923453559, 51.166868605863066 ], [ 71.446250375219691, 51.166767394923646 ], [ 71.446355512467505, 51.166736709692039 ], [ 71.4463422, 51.166799399999988 ], [ 71.4464629, 51.1668095 ], [ 71.446581378639252, 51.166774594891052 ], [ 71.4465755, 51.1667978 ], [ 71.4466935, 51.1668095 ], [ 71.446895254899005, 51.166750060201906 ], [ 71.446902500419228, 51.16672157651309 ], [ 71.447179054015379, 51.166633959722887 ], [ 71.447163960533757, 51.166616497155168 ], [ 71.447339208993711, 51.166549271094354 ], [ 71.447626652669328, 51.166461858966827 ], [ 71.447555252377299, 51.166372059093291 ], [ 71.447262081159778, 51.166460098975747 ], [ 71.447249204976586, 51.166445212007979 ], [ 71.447563552265876, 51.166348859080287 ], [ 71.447493451986361, 51.166262359204339 ], [ 71.4471357, 51.1663715 ], [ 71.447189995444106, 51.16643849797736 ], [ 71.4468812, 51.1665363 ], [ 71.446935060824515, 51.166598572205814 ], [ 71.446857908467067, 51.166623381438725 ], [ 71.446807654447696, 51.166618360358143 ], [ 71.446684944682659, 51.166654512405955 ], [ 71.446695254545332, 51.166605960550775 ], [ 71.446574554664096, 51.166595860757482 ], [ 71.446490101953117, 51.166620741557153 ], [ 71.446509254665941, 51.166575960870041 ], [ 71.44639925473399, 51.166557461058879 ], [ 71.446311346071425, 51.166583359881926 ], [ 71.446312945343649, 51.166527984620323 ], [ 71.447154977108994, 51.166279908968065 ], [ 71.4471845, 51.1663163 ], [ 71.447505851781258, 51.166218759185362 ], [ 71.447478203559555, 51.166184679128285 ], [ 71.448103184619086, 51.166000541919473 ], [ 71.4484, 51.1663656 ], [ 71.449118093667096, 51.166154022640292 ], [ 71.4491306, 51.1661691 ], [ 71.449332348852025, 51.16610965607056 ], [ 71.449672047926882, 51.166001355495695 ], [ 71.449902747213685, 51.165908155106266 ], [ 71.449830346984399, 51.165832555233713 ], [ 71.449502375632335, 51.165939460936144 ], [ 71.449343690694789, 51.165657126345344 ], [ 71.449248289178925, 51.165539727020736 ], [ 71.448276515309644, 51.165830177008104 ], [ 71.448336152053258, 51.165631041328538 ], [ 71.448926141310153, 51.165456271416531 ], [ 71.448871368933013, 51.165384516428503 ], [ 71.4491121, 51.165427399999984 ], [ 71.450389874455396, 51.165043419319453 ], [ 71.450831268593092, 51.164841716343744 ], [ 71.450530460015159, 51.164460710848445 ], [ 71.450822339327047, 51.164369453612366 ], [ 71.450979538794442, 51.164295153347538 ], [ 71.45090763854293, 51.164214553474409 ], [ 71.4504927, 51.1643489 ], [ 71.450513482760229, 51.164439207164996 ], [ 71.450245458921145, 51.164099720495074 ], [ 71.4480502, 51.1647686 ], [ 71.448333808675571, 51.165127795518195 ], [ 71.448037119673018, 51.165092423597272 ], [ 71.44817374583937, 51.165051758102706 ], [ 71.448111745568866, 51.164969858212714 ], [ 71.4477195, 51.165086 ], [ 71.447741225831493, 51.16511469916037 ], [ 71.44749067145257, 51.165188520584643 ], [ 71.447482947318974, 51.165179059276433 ], [ 71.446827342787373, 51.165383954961349 ], [ 71.446796048933322, 51.165338760441898 ], [ 71.4464656, 51.1654333 ], [ 71.446498514062981, 51.165480834710436 ], [ 71.446243126418025, 51.165556076285753 ], [ 71.446258250372978, 51.165504461352377 ], [ 71.446122050488384, 51.165488761585813 ], [ 71.445989704775542, 51.165527752473423 ], [ 71.445879450924991, 51.165514261998979 ], [ 71.445677700000019, 51.1655737 ], [ 71.4456335, 51.1657164 ], [ 71.445679827931514, 51.165722030852493 ], [ 71.4454593, 51.165787 ], [ 71.4452157, 51.166603 ], [ 71.445501670629241, 51.166636949308199 ], [ 71.445048, 51.1667706 ], [ 71.4449469, 51.1671563 ], [ 71.4452103, 51.1671843 ], [ 71.446135389075309, 51.166911768225908 ], [ 71.4461103, 51.166986 ], [ 71.4462619, 51.1670062 ] ], [ [ 71.448444673683426, 51.165268667733855 ], [ 71.448444773869852, 51.165268333190461 ], [ 71.448444969255803, 51.165268580646334 ], [ 71.448444673683426, 51.165268667733855 ] ] ], [ [ [ 71.444143661810273, 51.167492564865647 ], [ 71.4439419, 51.167552 ], [ 71.4439177, 51.1676176 ], [ 71.444163, 51.1676531 ], [ 71.444364761949771, 51.167593664482879 ], [ 71.444388861633811, 51.167528064444973 ], [ 71.444143661810273, 51.167492564865647 ] ] ], [ [ [ 71.4453953, 51.1684964 ], [ 71.446504, 51.1686082 ], [ 71.446714255039254, 51.168616797147536 ], [ 71.4468571, 51.1686595 ], [ 71.4469367, 51.1686681 ], [ 71.4471188, 51.1686624 ], [ 71.4472235, 51.1686402 ], [ 71.447929220051435, 51.168432286820703 ], [ 71.4478233, 51.1688456 ], [ 71.4481103, 51.1688692 ], [ 71.4489445, 51.1688255 ], [ 71.4491644, 51.1687683 ], [ 71.451585485601399, 51.168054948041686 ], [ 71.451560307349894, 51.168021560838262 ], [ 71.451904153183875, 51.167912851586898 ], [ 71.451809852817235, 51.167798651753728 ], [ 71.451470732507246, 51.167902781154204 ], [ 71.451279769512851, 51.167649554552135 ], [ 71.450850612315449, 51.167594027537135 ], [ 71.450999252813034, 51.167545253151161 ], [ 71.450948851833118, 51.167484828681644 ], [ 71.452480718055256, 51.167031330303871 ], [ 71.452445691717756, 51.166983850166368 ], [ 71.453294112169814, 51.166733840336477 ], [ 71.4533525, 51.1667974 ], [ 71.453623545683669, 51.166712848709871 ], [ 71.453635493928971, 51.166690088062445 ], [ 71.453696, 51.1667526 ], [ 71.453897745229455, 51.166693148242466 ], [ 71.454030544832051, 51.166642548018139 ], [ 71.453923704564787, 51.166532248604376 ], [ 71.454165006639869, 51.166459752583442 ], [ 71.4543147, 51.166636 ], [ 71.454334997070447, 51.166630018588194 ], [ 71.4543148, 51.1666365 ], [ 71.4544451, 51.1667961 ], [ 71.45475684410853, 51.166701346774488 ], [ 71.454626543594244, 51.166541747005084 ], [ 71.454575933598917, 51.166556661606144 ], [ 71.454623543593968, 51.166540747010252 ], [ 71.454457242971671, 51.166344947304168 ], [ 71.454247087186417, 51.166407212131809 ], [ 71.454103842618665, 51.166225498981447 ], [ 71.454460884400234, 51.16610639496146 ], [ 71.454320983343024, 51.165940495456049 ], [ 71.454294837855969, 51.165945111940907 ], [ 71.454487824369266, 51.165881542850393 ], [ 71.454403323331121, 51.165775143299449 ], [ 71.4533186, 51.1661057 ], [ 71.453359802664068, 51.166155505493712 ], [ 71.4532138, 51.1662036 ], [ 71.4531143, 51.1663524 ], [ 71.453127259503788, 51.166367752078486 ], [ 71.4515898, 51.166820799999989 ], [ 71.4513408, 51.166899799999989 ], [ 71.451349940957428, 51.166911383936842 ], [ 71.45067871655084, 51.167112674577126 ], [ 71.450555250903946, 51.166965253938677 ], [ 71.4503535, 51.1670247 ], [ 71.4499883, 51.1671461 ], [ 71.450035377952162, 51.167329397341632 ], [ 71.449668491391577, 51.167437497582938 ], [ 71.448350130320179, 51.167300356094948 ], [ 71.448303555052988, 51.167224157772345 ], [ 71.448100471845549, 51.167276925919595 ], [ 71.448002387114769, 51.16726772062178 ], [ 71.448278754910461, 51.167183457816733 ], [ 71.448214954649714, 51.167103257929753 ], [ 71.4478555, 51.167212 ], [ 71.447891551368869, 51.167257318531448 ], [ 71.447542207821925, 51.16722453142858 ], [ 71.446854146825416, 51.167427244383866 ], [ 71.446707257975916, 51.167403460490426 ], [ 71.446593075077516, 51.167437099744475 ], [ 71.446625357921008, 51.167365260632259 ], [ 71.446520757981801, 51.167346760811881 ], [ 71.446365113328071, 51.167392614763315 ], [ 71.446369358332873, 51.167380861068807 ], [ 71.446227158436912, 51.16736066131277 ], [ 71.44613825922049, 51.167386851370374 ], [ 71.446113495350232, 51.167381573700695 ], [ 71.446270358269459, 51.167335361240234 ], [ 71.446294457888229, 51.167254661203096 ], [ 71.446096758053969, 51.167231461541988 ], [ 71.445895, 51.1672909 ], [ 71.4458708, 51.1673716 ], [ 71.445969096465873, 51.167383129256294 ], [ 71.4458083, 51.16743049999998 ], [ 71.4457896, 51.1675028 ], [ 71.445918400000011, 51.1675159 ], [ 71.44599942066948, 51.167492031246312 ], [ 71.4459908, 51.1675159 ], [ 71.446133, 51.1675361 ], [ 71.44628009968929, 51.167492763943841 ], [ 71.4462644, 51.1675277 ], [ 71.446369, 51.1675462 ], [ 71.446487251021168, 51.167511362594048 ], [ 71.446477097642045, 51.167538326201438 ], [ 71.4451211, 51.1679378 ], [ 71.445097762411464, 51.168022486873625 ], [ 71.445048262852396, 51.168015263294116 ], [ 71.4448465, 51.1680747 ], [ 71.4446456, 51.1681993 ], [ 71.4445822, 51.1684193 ], [ 71.4449848, 51.168464 ], [ 71.445186564348973, 51.168404563038393 ], [ 71.44530100241829, 51.168194297900278 ], [ 71.445620532179717, 51.168289825182086 ], [ 71.4454329, 51.1683451 ], [ 71.4453953, 51.1684964 ] ] ], [ [ [ 71.4450744, 51.1690193 ], [ 71.445276166628631, 51.168959862857605 ], [ 71.445290265553695, 51.168715562845712 ], [ 71.445032565790214, 51.168690063287244 ], [ 71.4448308, 51.1687495 ], [ 71.4447317, 51.1689854 ], [ 71.4450744, 51.1690193 ] ] ], [ [ [ 71.4457467, 51.1695477 ], [ 71.445879873182633, 51.169508468911232 ], [ 71.4458594, 51.1695577 ], [ 71.4460444, 51.1695879 ], [ 71.446232736764429, 51.169532417834517 ], [ 71.4462, 51.16964680000001 ], [ 71.4463448, 51.169667 ], [ 71.446505776286173, 51.169619577563004 ], [ 71.4468303, 51.169675399999988 ], [ 71.447032067101873, 51.169615959824995 ], [ 71.447077666589664, 51.169511659752295 ], [ 71.446959571429787, 51.169491346109965 ], [ 71.447056266407515, 51.169462859791309 ], [ 71.447104465819635, 51.169341859714997 ], [ 71.447051125586128, 51.169333498519336 ], [ 71.447131365645134, 51.169309859670655 ], [ 71.447195964944839, 51.169167959567389 ], [ 71.44704576503068, 51.169141059825328 ], [ 71.446844, 51.1692005 ], [ 71.446798366715782, 51.169300737908522 ], [ 71.446626162577388, 51.169351468835444 ], [ 71.446476866591127, 51.169324960788067 ], [ 71.446310495551174, 51.16937397272163 ], [ 71.446323366875916, 51.169343061049375 ], [ 71.446138266994453, 51.169312861367146 ], [ 71.446015580282122, 51.169349003762136 ], [ 71.446041866859616, 51.169251661534879 ], [ 71.445949740118195, 51.169241886383112 ], [ 71.445985466847787, 51.169231361632256 ], [ 71.446149464006851, 51.168625161382352 ], [ 71.445949364181871, 51.168603361725296 ], [ 71.4457006, 51.1686781 ], [ 71.4456615, 51.1687086 ], [ 71.4455192, 51.1691877 ], [ 71.445545689545966, 51.169231460887048 ], [ 71.4453799, 51.1692803 ], [ 71.4453178, 51.169406599999981 ], [ 71.445575, 51.1695295 ], [ 71.4457467, 51.1695477 ] ], [ [ 71.446586137554348, 51.16948024735747 ], [ 71.446638196932938, 51.169488405164493 ], [ 71.446578099403325, 51.16950610962521 ], [ 71.446586137554348, 51.16948024735747 ] ] ], [ [ [ 71.447033, 51.1506488 ], [ 71.447234684631297, 51.150589360429741 ], [ 71.447324783943188, 51.150458060282418 ], [ 71.447003884000807, 51.150371460834833 ], [ 71.446860248742325, 51.150413792254753 ], [ 71.446890884084127, 51.15035556102864 ], [ 71.446687084176006, 51.150313361378814 ], [ 71.4464854, 51.1503728 ], [ 71.4464199, 51.1504974 ], [ 71.4466237, 51.150539499999987 ], [ 71.446754102592095, 51.150501068872927 ], [ 71.4467122, 51.1505622 ], [ 71.447033, 51.1506488 ] ] ], [ [ [ 71.446157302139454, 51.154308262084093 ], [ 71.4459556, 51.154367700000016 ], [ 71.4459307, 51.1544528 ], [ 71.4460702, 51.154468799999989 ], [ 71.446271902421941, 51.154409361883275 ], [ 71.446296802021365, 51.154324361844985 ], [ 71.446157302139454, 51.154308262084093 ] ] ], [ [ [ 71.445805302776535, 51.154346162683424 ], [ 71.44566590289449, 51.154330062922341 ], [ 71.4454642, 51.1543895 ], [ 71.4454392, 51.1544746 ], [ 71.4455787, 51.1544907 ], [ 71.445780403177551, 51.154431262721701 ], [ 71.445805302776535, 51.154346162683424 ] ] ], [ [ [ 71.447087301288562, 51.154400860490973 ], [ 71.446947301572294, 51.154422960728979 ], [ 71.4467456, 51.1544824 ], [ 71.4467791, 51.1545663 ], [ 71.4469191, 51.1545442 ], [ 71.447120801605834, 51.154484760429554 ], [ 71.447087301288562, 51.154400860490973 ] ] ], [ [ [ 71.445618903709601, 51.154504162993923 ], [ 71.4454172, 51.1545636 ], [ 71.4453923, 51.1546487 ], [ 71.4455317, 51.1546648 ], [ 71.445733403992676, 51.154605362793284 ], [ 71.445758403591512, 51.154520262754836 ], [ 71.445618903709601, 51.154504162993923 ] ] ], [ [ [ 71.447165701935006, 51.154574960348342 ], [ 71.447025702218326, 51.154596960586375 ], [ 71.446824, 51.1546564 ], [ 71.4468576, 51.1547404 ], [ 71.4469976, 51.1547183 ], [ 71.447199302252159, 51.154658860286759 ], [ 71.447165701935006, 51.154574960348342 ] ] ], [ [ [ 71.446721302466202, 51.154559561108158 ], [ 71.446589402734745, 51.154580661332403 ], [ 71.4463877, 51.1546401 ], [ 71.4464596, 51.154817 ], [ 71.446591500000011, 51.154796 ], [ 71.446793203133936, 51.154736560976517 ], [ 71.446721302466202, 51.154559561108158 ] ] ], [ [ [ 71.446645003647234, 51.154809261226021 ], [ 71.446291704447191, 51.154884461825709 ], [ 71.44609, 51.154943899999985 ], [ 71.4461383, 51.1550331 ], [ 71.4464916, 51.154957899999985 ], [ 71.446693303967521, 51.154898461139055 ], [ 71.446645003647234, 51.154809261226021 ] ] ], [ [ [ 71.4453856, 51.1551442 ], [ 71.44558730625964, 51.155084763018898 ], [ 71.445612205859049, 51.154999762980601 ], [ 71.445534162839508, 51.154990756013213 ], [ 71.44562610568444, 51.154963662958671 ], [ 71.445651105283275, 51.154878562920217 ], [ 71.445511605401791, 51.154862563159305 ], [ 71.4453099, 51.154922 ], [ 71.445285, 51.155007 ], [ 71.445362955517666, 51.155016003492804 ], [ 71.445271, 51.1550431 ], [ 71.4452461, 51.1551282 ], [ 71.4453856, 51.1551442 ] ] ], [ [ [ 71.446923003947063, 51.154965260743374 ], [ 71.446783004230383, 51.154987260981407 ], [ 71.4465813, 51.1550467 ], [ 71.4466148, 51.1551307 ], [ 71.4467549, 51.1551086 ], [ 71.446956604264244, 51.155049160681791 ], [ 71.446923003947063, 51.154965260743374 ] ] ], [ [ [ 71.447022304800811, 51.155193860562328 ], [ 71.446988704483658, 51.155109960623925 ], [ 71.446848704766964, 51.155131960861944 ], [ 71.446647, 51.155191399999985 ], [ 71.4466806, 51.1552753 ], [ 71.4468206, 51.1552533 ], [ 71.447022304800811, 51.155193860562328 ] ] ], [ [ [ 71.446019506168582, 51.155198262274979 ], [ 71.4458178, 51.155257699999986 ], [ 71.4457898, 51.15534490000001 ], [ 71.445925, 51.155362 ], [ 71.446126706474871, 51.155302562086675 ], [ 71.446154706060582, 51.155215362043215 ], [ 71.446019506168582, 51.155198262274979 ] ] ], [ [ [ 71.446547105441695, 51.155194261374007 ], [ 71.4462137, 51.1552794 ], [ 71.4462557, 51.1553643 ], [ 71.446589205751749, 51.155279161297855 ], [ 71.446547105441695, 51.155194261374007 ] ] ], [ [ [ 71.446847005408031, 51.155279860857476 ], [ 71.446686005726065, 51.155303361131296 ], [ 71.4464843, 51.1553628 ], [ 71.4465187, 51.1554553 ], [ 71.4466796, 51.1554317 ], [ 71.446881305760968, 51.155372260794273 ], [ 71.446847005408031, 51.155279860857476 ] ] ], [ [ [ 71.447085205344621, 51.155339360447648 ], [ 71.446938305648445, 51.155363960697322 ], [ 71.4467366, 51.1554234 ], [ 71.4468094, 51.1555944 ], [ 71.4469563, 51.1555698 ], [ 71.447158005985244, 51.155510360314743 ], [ 71.447085205344621, 51.155339360447648 ] ] ], [ [ [ 71.446364407638328, 51.155645961663488 ], [ 71.4460377, 51.1557337 ], [ 71.4461354, 51.1559034 ], [ 71.446462108239857, 51.155815661488134 ], [ 71.446364407638328, 51.155645961663488 ] ] ], [ [ [ 71.447215306513712, 51.155650560209857 ], [ 71.447068306817684, 51.155675160459708 ], [ 71.4468666, 51.1557346 ], [ 71.4469395, 51.1559056 ], [ 71.4470864, 51.155881 ], [ 71.44728810715435, 51.155821560076966 ], [ 71.447215306513712, 51.155650560209857 ] ] ], [ [ [ 71.446022408977683, 51.155849562237492 ], [ 71.4456957, 51.155937199999983 ], [ 71.4457934, 51.156107 ], [ 71.44612010957924, 51.156019262062138 ], [ 71.446022408977683, 51.155849562237492 ] ] ], [ [ [ 71.446561009070436, 51.156038761308061 ], [ 71.446519008760234, 51.155953861384035 ], [ 71.4461856, 51.1560389 ], [ 71.4462276, 51.15612380000001 ], [ 71.446561009070436, 51.156038761308061 ] ] ], [ [ [ 71.445550411072816, 51.156187663026827 ], [ 71.4452237, 51.156275399999984 ], [ 71.4453213, 51.1564451 ], [ 71.445648111674402, 51.156357362851473 ], [ 71.445550411072816, 51.156187663026827 ] ] ], [ [ [ 71.446426410040161, 51.15622136152885 ], [ 71.446093, 51.156306400000013 ], [ 71.446135, 51.1563913 ], [ 71.446468510350257, 51.156306261452691 ], [ 71.446426410040161, 51.15622136152885 ] ] ], [ [ [ 71.446515812962616, 51.156553468407445 ], [ 71.446523, 51.1565719 ], [ 71.4467928, 51.1565305 ], [ 71.446956391751058, 51.156482293269619 ], [ 71.4473128, 51.1564296 ], [ 71.447514509219317, 51.156370159662814 ], [ 71.447480908902122, 51.156286259724411 ], [ 71.447126909622739, 51.156342860326234 ], [ 71.446963234312889, 51.156391092108933 ], [ 71.446691410572214, 51.156427061065912 ], [ 71.446535225402712, 51.156473084874456 ], [ 71.446528010910754, 51.156454561343651 ], [ 71.446258211452474, 51.15649596180242 ], [ 71.4460565, 51.1565554 ], [ 71.4460899, 51.1566409 ], [ 71.4463596, 51.1565995 ], [ 71.446515812962616, 51.156553468407445 ] ] ], [ [ [ 71.446053012267527, 51.156620762146694 ], [ 71.44601971194345, 51.15653536220784 ], [ 71.445750012484993, 51.156576762666454 ], [ 71.4455483, 51.1566362 ], [ 71.4455816, 51.1567216 ], [ 71.445851300000015, 51.1566802 ], [ 71.446053012267527, 51.156620762146694 ] ] ], [ [ [ 71.446943489692487, 51.156657929725526 ], [ 71.445995613173608, 51.156812662235147 ], [ 71.445884544338668, 51.15684539036878 ], [ 71.445878613406549, 51.156830162434126 ], [ 71.445735513694075, 51.156852162677474 ], [ 71.4455338, 51.1569116 ], [ 71.445550916022086, 51.156955495186267 ], [ 71.4452602, 51.157032300000012 ], [ 71.4453022, 51.1571172 ], [ 71.445635614605933, 51.157032162839123 ], [ 71.445614644539447, 51.15698972381329 ], [ 71.445821371632988, 51.156942341864912 ], [ 71.4458273, 51.1569575 ], [ 71.4459704, 51.1569355 ], [ 71.446228062236045, 51.156877913862587 ], [ 71.446374100000014, 51.156863199999989 ], [ 71.4474134, 51.1566823 ], [ 71.447509970026914, 51.156653842534965 ], [ 71.4481339, 51.1565574 ], [ 71.448256964339066, 51.156521134095406 ], [ 71.4482628, 51.1565361 ], [ 71.448495450575507, 51.15648773949669 ], [ 71.4485228, 51.15654880000001 ], [ 71.4486757, 51.1565219 ], [ 71.448877407784664, 51.156462457330271 ], [ 71.448831407402537, 51.156359657413972 ], [ 71.448591222650009, 51.156412380239459 ], [ 71.448574407789692, 51.156369257852461 ], [ 71.448308070097184, 51.156427546022655 ], [ 71.448302208342866, 51.156412558315246 ], [ 71.448032508884481, 51.156453958773831 ], [ 71.447584123281302, 51.156543392428901 ], [ 71.447035010990746, 51.156630960468831 ], [ 71.446943489692487, 51.156657929725526 ] ] ], [ [ [ 71.445991014342155, 51.157081762229559 ], [ 71.44594901403191, 51.156996862305554 ], [ 71.4456156, 51.1570819 ], [ 71.4456576, 51.1571668 ], [ 71.445991014342155, 51.157081762229559 ] ] ], [ [ [ 71.44601741466299, 51.157164262180345 ], [ 71.445684, 51.1572493 ], [ 71.445726, 51.1573342 ], [ 71.446059414973234, 51.157249162104357 ], [ 71.44601741466299, 51.157164262180345 ] ] ], [ [ [ 71.447319613000403, 51.157184859955002 ], [ 71.445977815784914, 51.157411662235646 ], [ 71.4457761, 51.1574711 ], [ 71.4458121, 51.1575548 ], [ 71.446821503630019, 51.157374643448385 ], [ 71.4471514, 51.1573284 ], [ 71.447277463603243, 51.157291252119563 ], [ 71.4472817, 51.157301899999986 ], [ 71.4474237, 51.1572796 ], [ 71.447673098712784, 51.157207966455935 ], [ 71.4476833, 51.1572335 ], [ 71.447931846218253, 51.1571799026066 ], [ 71.4479362, 51.1571908 ], [ 71.4480781, 51.1571686 ], [ 71.448266384687173, 51.157113115003767 ], [ 71.4488902, 51.1570199 ], [ 71.449091909647095, 51.156960456938975 ], [ 71.449051709243321, 51.156854457012933 ], [ 71.448371110598146, 51.15695615817036 ], [ 71.4481694, 51.1570156 ], [ 71.44817707282688, 51.157035831872605 ], [ 71.447779417230279, 51.157111174666426 ], [ 71.447703311391479, 51.156931859312252 ], [ 71.447564211679236, 51.15695515954868 ], [ 71.4473625, 51.157014599999989 ], [ 71.447426378899053, 51.157165194652087 ], [ 71.447323818289547, 51.157195417023843 ], [ 71.447319613000403, 51.157184859955002 ] ] ], [ [ [ 71.44621194068722, 51.160099511923498 ], [ 71.445991643007062, 51.160138313795393 ], [ 71.444983, 51.1604355 ], [ 71.4453471, 51.161227 ], [ 71.4455622, 51.1611971 ], [ 71.446570855563181, 51.160899908658138 ], [ 71.44621194068722, 51.160099511923498 ] ] ], [ [ [ 71.4468605, 51.1619728 ], [ 71.4486817, 51.1620993 ], [ 71.449011158482463, 51.162002220451228 ], [ 71.44898975534484, 51.162129563688481 ], [ 71.4481938, 51.1623641 ], [ 71.4481725, 51.1624796 ], [ 71.4493448, 51.1625692 ], [ 71.449592840863374, 51.162496110405257 ], [ 71.449578992517189, 51.162572310633948 ], [ 71.449478067233315, 51.162568112339265 ], [ 71.4490746, 51.162687 ], [ 71.4490562, 51.1627922 ], [ 71.4491518, 51.1628648 ], [ 71.449245388423904, 51.162873243605276 ], [ 71.4490599, 51.1629279 ], [ 71.449057121654633, 51.162962526434704 ], [ 71.449016135423861, 51.162903656771093 ], [ 71.4486247, 51.163015 ], [ 71.4486891, 51.1631075 ], [ 71.449080438902669, 51.162996017571217 ], [ 71.4491941, 51.1629996 ], [ 71.449395835070675, 51.162940156120662 ], [ 71.449401134772756, 51.162872856115001 ], [ 71.449322530784457, 51.162870377001397 ], [ 71.449700468284476, 51.162759011560354 ], [ 71.449725567555873, 51.162682511482259 ], [ 71.449688815864874, 51.16264912626157 ], [ 71.4497522, 51.1626536 ], [ 71.450760858841022, 51.162356372506963 ], [ 71.45076797719733, 51.162317317818051 ], [ 71.4509073, 51.1623273 ], [ 71.451109029860689, 51.162267853227853 ], [ 71.451131629393487, 51.162166753194306 ], [ 71.4510797291138, 51.162085853287003 ], [ 71.450813898330878, 51.162065371183509 ], [ 71.450898741570995, 51.161599871518575 ], [ 71.45071314248699, 51.161584473107624 ], [ 71.45019943619279, 51.161735853695163 ], [ 71.450249294773116, 51.161438933105771 ], [ 71.450466600000013, 51.1614515 ], [ 71.451076297455813, 51.161271829326637 ], [ 71.4516056, 51.1617197 ], [ 71.4517897, 51.1624128 ], [ 71.452010832086472, 51.162412387422364 ], [ 71.4520081, 51.1624366 ], [ 71.4522712, 51.1624443 ], [ 71.452472928530881, 51.162384850892224 ], [ 71.452475428313676, 51.162335350890437 ], [ 71.452409528089532, 51.162262951006625 ], [ 71.452196638824475, 51.162262805065467 ], [ 71.452230526885643, 51.161928551329133 ], [ 71.451974780392533, 51.16161090363363 ], [ 71.452272005385808, 51.161523311099707 ], [ 71.4523505, 51.1616171 ], [ 71.45434321736235, 51.161029815610455 ], [ 71.454416737012693, 51.161123987000238 ], [ 71.4523668, 51.1617306 ], [ 71.4528721, 51.1623815 ], [ 71.454044030667404, 51.162036118977639 ], [ 71.4541447, 51.1621757 ], [ 71.454571724269911, 51.162052347323872 ], [ 71.454469608175401, 51.161910692391153 ], [ 71.454926353855953, 51.161776077430311 ], [ 71.4550007, 51.1618684 ], [ 71.458659695366819, 51.160803907391184 ], [ 71.459638763482673, 51.160493887510619 ], [ 71.459555559456192, 51.160390289278396 ], [ 71.459284370272627, 51.16043985736038 ], [ 71.459271160613923, 51.160424039213744 ], [ 71.459535576008321, 51.160337493705768 ], [ 71.4596266, 51.160450700000013 ], [ 71.460237108908956, 51.16026163773715 ], [ 71.460220577378692, 51.160245471418932 ], [ 71.46059910768173, 51.160090337127507 ], [ 71.460461907233153, 51.159943737369204 ], [ 71.4602602, 51.1600032 ], [ 71.4599388, 51.1601565 ], [ 71.459978938360024, 51.160187852688331 ], [ 71.459896450999778, 51.160212822574671 ], [ 71.459800908789404, 51.160098038490396 ], [ 71.459166791759401, 51.160299060381412 ], [ 71.459107844326624, 51.160228472103384 ], [ 71.460110033945725, 51.159933038407814 ], [ 71.4601502, 51.1599637 ], [ 71.460351907210608, 51.159904237559061 ], [ 71.460494378166572, 51.159834532598495 ], [ 71.4605578, 51.159994499999989 ], [ 71.460643200000021, 51.1600982 ], [ 71.462458545130431, 51.159563018098396 ], [ 71.463439921278663, 51.159255303152726 ], [ 71.463499617667082, 51.159181002268774 ], [ 71.463497515301825, 51.159119502328942 ], [ 71.462269668802378, 51.157540621917121 ], [ 71.462032941399855, 51.157484691128246 ], [ 71.4631070580282, 51.157168003069728 ], [ 71.463191354937479, 51.157075002234023 ], [ 71.463186052832171, 51.156992102313389 ], [ 71.462883052333126, 51.156878405452588 ], [ 71.462750252970338, 51.156861606818474 ], [ 71.462369618143072, 51.156973832503589 ], [ 71.4621349917647, 51.15688373466574 ], [ 71.461944790667786, 51.156939812188362 ], [ 71.461872733441126, 51.156913287447118 ], [ 71.461931065680588, 51.156893078482398 ], [ 71.461995963257209, 51.156801077951386 ], [ 71.461946235364323, 51.156780592556494 ], [ 71.462030062051696, 51.156755877671571 ], [ 71.462138859512109, 51.156672176763578 ], [ 71.462038555348116, 51.156448077676465 ], [ 71.461664154935448, 51.156312280907727 ], [ 71.461470820882852, 51.156369281844746 ], [ 71.460401248837385, 51.155970031158155 ], [ 71.459877313510873, 51.156124496834423 ], [ 71.459772281020449, 51.156028639869504 ], [ 71.460176756245204, 51.155909393710388 ], [ 71.460283453085069, 51.155796292827695 ], [ 71.459924652539172, 51.15565919592607 ], [ 71.459570155915728, 51.155705098941716 ], [ 71.4585617, 51.1560024 ], [ 71.4585037, 51.1560929 ], [ 71.458559903583946, 51.156113615992226 ], [ 71.4584643, 51.1561418 ], [ 71.4583736, 51.156218 ], [ 71.4584835, 51.1564475 ], [ 71.4588184, 51.1565767 ], [ 71.459137282337565, 51.156482692476786 ], [ 71.4602621, 51.1568979 ], [ 71.460634790973657, 51.156788024509162 ], [ 71.46072930435659, 51.156870143804348 ], [ 71.4603058, 51.156995 ], [ 71.4602044, 51.1571074 ], [ 71.4605666, 51.1572543 ], [ 71.4609128, 51.1571963 ], [ 71.461610350817253, 51.156990645570886 ], [ 71.4615879, 51.1570147 ], [ 71.4617058, 51.157058 ], [ 71.461898827409058, 51.157001089804226 ], [ 71.462063197262253, 51.157064175796123 ], [ 71.4615401, 51.1572184 ], [ 71.4614377, 51.1572686 ], [ 71.4614121, 51.1572977 ], [ 71.461394, 51.1573793 ], [ 71.4615129, 51.1574693 ], [ 71.461790610462046, 51.15755072811816 ], [ 71.4602026, 51.1580189 ], [ 71.4598271, 51.1581514 ], [ 71.459839476306968, 51.158182619020003 ], [ 71.459291334832486, 51.158344210461671 ], [ 71.459193043126803, 51.158321811547054 ], [ 71.457176, 51.1589164 ], [ 71.4564745, 51.1591407 ], [ 71.456496225213755, 51.159167053685451 ], [ 71.455206345310089, 51.159565184663961 ], [ 71.455153184488225, 51.159501680046645 ], [ 71.453352940959675, 51.160032273454213 ], [ 71.452997100000019, 51.1601234 ], [ 71.453004509149437, 51.16013496366422 ], [ 71.452039396161737, 51.160428311587879 ], [ 71.451996307695083, 51.160373462451474 ], [ 71.451564412747857, 51.160472866115271 ], [ 71.4505558, 51.1607701 ], [ 71.4506221, 51.1608875 ], [ 71.450742517863901, 51.16098939507723 ], [ 71.450110832880213, 51.160952178410035 ], [ 71.449129026528936, 51.161241494981809 ], [ 71.448991454536639, 51.161232772406294 ], [ 71.44899555658202, 51.161185214126064 ], [ 71.448762957139635, 51.161177314921495 ], [ 71.448648540916338, 51.161211029687884 ], [ 71.448108651200826, 51.161176795454452 ], [ 71.4471, 51.161474 ], [ 71.4470819, 51.161586699999987 ], [ 71.447664331360428, 51.161623639164446 ], [ 71.44729487371977, 51.161732500590865 ], [ 71.447303532528537, 51.161700259756785 ], [ 71.447158332658191, 51.161685060005581 ], [ 71.4469566, 51.1617445 ], [ 71.4469425, 51.161797 ], [ 71.447040981727795, 51.161807309402825 ], [ 71.4468815, 51.1618543 ], [ 71.4468605, 51.1619728 ] ], [ [ 71.45508721753275, 51.16065344651355 ], [ 71.455059217430048, 51.160620946562993 ], [ 71.455043707572358, 51.160625517897792 ], [ 71.455074642917822, 51.160484341740393 ], [ 71.455106216731323, 51.160473846490106 ], [ 71.455082964252156, 51.160446366465223 ], [ 71.455156011178659, 51.160113006716621 ], [ 71.45556797794211, 51.16062414513663 ], [ 71.455007831068599, 51.160789242456097 ], [ 71.45503322179826, 51.160673370463392 ], [ 71.45508721753275, 51.16065344651355 ] ], [ [ 71.4489496, 51.161555 ], [ 71.4491056, 51.1615647 ], [ 71.449650018867203, 51.161404274480667 ], [ 71.449876287739386, 51.161417360921121 ], [ 71.449113683244008, 51.161642080568576 ], [ 71.448731399894655, 51.161615529367012 ], [ 71.448735696182041, 51.161588920991626 ], [ 71.448955534238223, 51.161524141977452 ], [ 71.4489496, 51.161555 ] ], [ [ 71.457754002175534, 51.160217267206377 ], [ 71.458705348579187, 51.159928177617672 ], [ 71.458742, 51.1599533 ], [ 71.459112308602684, 51.159840239679461 ], [ 71.458635406696075, 51.159250240523654 ], [ 71.458301990805055, 51.159341921910809 ], [ 71.458301397415397, 51.159243968745308 ], [ 71.460053370856315, 51.158722157115378 ], [ 71.460065913325693, 51.158753794432315 ], [ 71.458713900000021, 51.159156 ], [ 71.4587048, 51.1591977 ], [ 71.458780200000021, 51.1592857 ], [ 71.459593856884325, 51.159918990875717 ], [ 71.4589514, 51.1601163 ], [ 71.459001221772468, 51.160174973928001 ], [ 71.4582666, 51.1603955 ], [ 71.458443114986679, 51.160605878635437 ], [ 71.458139285188324, 51.1606954388538 ], [ 71.457754002175534, 51.160217267206377 ] ] ], [ [ [ 71.4465327340926, 51.1618222610674 ], [ 71.446331, 51.1618817 ], [ 71.4462991, 51.1619662 ], [ 71.4464977, 51.1619957 ], [ 71.44669943436088, 51.161936260776933 ], [ 71.446731433952735, 51.161851760726492 ], [ 71.4465327340926, 51.1618222610674 ] ] ], [ [ [ 71.446495734937812, 51.162006361121414 ], [ 71.446294, 51.1620658 ], [ 71.4462642, 51.1621447 ], [ 71.4464387, 51.1621706 ], [ 71.446640435195945, 51.162111160868989 ], [ 71.44667023481496, 51.162032260822023 ], [ 71.446495734937812, 51.162006361121414 ] ] ], [ [ [ 71.446530735905228, 51.16224116104987 ], [ 71.44635623602808, 51.162215261349274 ], [ 71.4461545, 51.1622747 ], [ 71.4461247, 51.162353599999989 ], [ 71.4462992, 51.1623795 ], [ 71.446500936286213, 51.162320061096842 ], [ 71.446530735905228, 51.16224116104987 ] ] ], [ [ [ 71.447973919478699, 51.163526076198053 ], [ 71.446822, 51.1638625 ], [ 71.446836446847925, 51.163878999442666 ], [ 71.4463194, 51.1640268 ], [ 71.4461718, 51.1640823 ], [ 71.44618584695867, 51.16409697291401 ], [ 71.445907444623046, 51.16406466202357 ], [ 71.4457057, 51.1641241 ], [ 71.445652, 51.164306899999985 ], [ 71.4460932, 51.1643579 ], [ 71.446294945112015, 51.164298461349915 ], [ 71.446325798914103, 51.16419321082725 ], [ 71.446757109350926, 51.16405073374257 ], [ 71.446774, 51.164068 ], [ 71.446975742943351, 51.164008560201381 ], [ 71.447093742588422, 51.163963160002098 ], [ 71.447056354867613, 51.163924910231486 ], [ 71.447559916938431, 51.163783971251334 ], [ 71.4475813, 51.1638039 ], [ 71.447783760365624, 51.163744155103615 ], [ 71.4478067, 51.1637652 ], [ 71.448008440245488, 51.16370575845238 ], [ 71.448507238709723, 51.163505657610308 ], [ 71.448489084811612, 51.163487342678373 ], [ 71.448882837557534, 51.163355956976183 ], [ 71.448871380098055, 51.163340522013137 ], [ 71.449295836340298, 51.163202856278367 ], [ 71.449218136078002, 51.163117956415327 ], [ 71.4488903, 51.1632229 ], [ 71.448902857996089, 51.163236587918085 ], [ 71.4481816, 51.1634401 ], [ 71.447973919478699, 51.163526076198053 ] ] ], [ [ [ 71.447659741281555, 51.163836959041504 ], [ 71.4471649, 51.164002 ], [ 71.44723, 51.164073 ], [ 71.447724741500906, 51.163907958926906 ], [ 71.447659741281555, 51.163836959041504 ] ] ], [ [ [ 71.446845944660637, 51.164365560405273 ], [ 71.4465423, 51.1644637 ], [ 71.4466506, 51.1645759 ], [ 71.447458224574504, 51.164323652181196 ], [ 71.4474875, 51.1643556 ], [ 71.447689243226137, 51.164296158968163 ], [ 71.447797742911192, 51.164257058784742 ], [ 71.447765454620878, 51.164221802209745 ], [ 71.448481159854595, 51.163989486661166 ], [ 71.448886520926408, 51.163869496262727 ], [ 71.4488983, 51.1638829 ], [ 71.449100039285312, 51.163823456581774 ], [ 71.449231438912335, 51.163778056359575 ], [ 71.449222244742288, 51.16376759411073 ], [ 71.449638237706452, 51.163625655672298 ], [ 71.449562537443171, 51.163541155805831 ], [ 71.449142820830872, 51.163677215657344 ], [ 71.449127038539473, 51.163659256543859 ], [ 71.448936075387834, 51.163715524980681 ], [ 71.448903338897523, 51.163672456925347 ], [ 71.448809038840324, 51.163629857088566 ], [ 71.4484799, 51.163730799999989 ], [ 71.4484505, 51.1637784 ], [ 71.448546432491369, 51.163870416419869 ], [ 71.4484182, 51.1639082 ], [ 71.448427383615879, 51.163921025953215 ], [ 71.448159670398894, 51.16398799709124 ], [ 71.448148641224833, 51.163976058199367 ], [ 71.4479469, 51.1640355 ], [ 71.4477879, 51.164093199999989 ], [ 71.447800363478336, 51.164106705651115 ], [ 71.447689869378863, 51.164139268113324 ], [ 71.447630242346222, 51.164074159080037 ], [ 71.4473199, 51.1641727 ], [ 71.447373908527751, 51.164231639089358 ], [ 71.4469575, 51.1643502 ], [ 71.446969822992443, 51.164365658093573 ], [ 71.446874161147818, 51.164394792921051 ], [ 71.446845944660637, 51.164365560405273 ] ] ], [ [ [ 71.446562748358289, 51.165133060850728 ], [ 71.446514448052483, 51.165047260937527 ], [ 71.4460739, 51.1651596 ], [ 71.4461222, 51.1652453 ], [ 71.446562748358289, 51.165133060850728 ] ] ], [ [ [ 71.447319346996323, 51.165053459562195 ], [ 71.4469539, 51.1651635 ], [ 71.4470185, 51.1652457 ], [ 71.447383847264774, 51.165135659447898 ], [ 71.447319346996323, 51.165053459562195 ] ] ], [ [ [ 71.44667804841751, 51.16518266065129 ], [ 71.4463132, 51.1652919 ], [ 71.4463694, 51.1653643 ], [ 71.446734248654764, 51.165255060551658 ], [ 71.44667804841751, 51.16518266065129 ] ] ], [ [ [ 71.4468089, 51.1671224 ], [ 71.447139355755596, 51.167024259771196 ], [ 71.447090910011383, 51.166960836584522 ], [ 71.447225649423586, 51.166920905576553 ], [ 71.4472431, 51.1669438 ], [ 71.447529035457961, 51.166859104853337 ], [ 71.4476026, 51.1669516 ], [ 71.447954553885083, 51.166845258387511 ], [ 71.447879453578153, 51.166750858520516 ], [ 71.447569128210688, 51.166844296524935 ], [ 71.447526505777574, 51.166788431407241 ], [ 71.447835753408754, 51.166698058597817 ], [ 71.447774253128486, 51.16661405870709 ], [ 71.4469237, 51.166871 ], [ 71.44696806767341, 51.166924288993869 ], [ 71.4467151, 51.1669996 ], [ 71.4468089, 51.1671224 ] ] ], [ [ [ 71.446329657025302, 51.167065961152389 ], [ 71.4461279, 51.1671254 ], [ 71.446130600000018, 51.1672146 ], [ 71.4462483, 51.1672132 ], [ 71.446450057242771, 51.167153760942305 ], [ 71.446447356860887, 51.167064560951388 ], [ 71.446329657025302, 51.167065961152389 ] ] ], [ [ [ 71.4469564, 51.1691103 ], [ 71.447158164489565, 51.169050859637792 ], [ 71.447187663992111, 51.1689449595927 ], [ 71.447084503121559, 51.168933651126061 ], [ 71.447211763748754, 51.168896159553988 ], [ 71.447238663305399, 51.16880195951272 ], [ 71.446987463521964, 51.168773859943279 ], [ 71.446854183686938, 51.16881312458402 ], [ 71.446857763810598, 51.168800260163522 ], [ 71.44665066399115, 51.168777560518471 ], [ 71.446583680757769, 51.168797293771028 ], [ 71.446600263851948, 51.168729660606978 ], [ 71.446375364060756, 51.168707960992286 ], [ 71.4461736, 51.1687674 ], [ 71.4461467, 51.1688767 ], [ 71.446371700000014, 51.1688984 ], [ 71.446437180852655, 51.168879109534203 ], [ 71.4464194, 51.168943 ], [ 71.4466265, 51.168965699999987 ], [ 71.446759149975634, 51.168926621356029 ], [ 71.446904855553313, 51.168943833606711 ], [ 71.446777, 51.1689815 ], [ 71.4467475, 51.1690874 ], [ 71.4469564, 51.1691103 ] ] ], [ [ [ 71.447558862947119, 51.168818758964839 ], [ 71.4473571, 51.168878199999988 ], [ 71.447317, 51.1690028 ], [ 71.4475204, 51.1690286 ], [ 71.447722163377463, 51.168969158678351 ], [ 71.447762262784494, 51.168844458616086 ], [ 71.447558862947119, 51.168818758964839 ] ] ], [ [ [ 71.447514864198453, 51.169094559026249 ], [ 71.4473131, 51.169154 ], [ 71.4472751, 51.1692834 ], [ 71.447407, 51.1692987 ], [ 71.44760876469752, 51.169239258858582 ], [ 71.447646764087082, 51.16910985880012 ], [ 71.447514864198453, 51.169094559026249 ] ] ], [ [ [ 71.447426365204493, 51.169299759167188 ], [ 71.4472246, 51.1693592 ], [ 71.4472, 51.1694429 ], [ 71.4474365, 51.1694702 ], [ 71.447638265399135, 51.169410758799621 ], [ 71.447662865004233, 51.16932705876178 ], [ 71.447426365204493, 51.169299759167188 ] ] ], [ [ [ 71.4477181, 51.1698545 ], [ 71.447919866681318, 51.169795058299314 ], [ 71.447941366176053, 51.169684858268106 ], [ 71.447801866320546, 51.16967485850693 ], [ 71.447696180384085, 51.169705994240388 ], [ 71.447708866393384, 51.169662758666398 ], [ 71.447569956648408, 51.169646730846054 ], [ 71.447651666297034, 51.169622658766144 ], [ 71.447673565946403, 51.169548358732435 ], [ 71.447429066153092, 51.169520059151559 ], [ 71.4472273, 51.1695795 ], [ 71.4472054, 51.1696539 ], [ 71.447297677498682, 51.169664543113313 ], [ 71.447215, 51.1696889 ], [ 71.4471889, 51.1697686 ], [ 71.4472644, 51.169778299999983 ], [ 71.447350195713099, 51.1697530244844 ], [ 71.4473418, 51.1697816 ], [ 71.4474848, 51.169798199999988 ], [ 71.447593776436094, 51.169766095163951 ], [ 71.4475787, 51.1698419 ], [ 71.4477181, 51.1698545 ] ] ], [ [ [ 71.446092468570285, 51.169663161427877 ], [ 71.445890700000021, 51.1697226 ], [ 71.4458487, 51.1698329 ], [ 71.4459839, 51.1698531 ], [ 71.446185669008969, 51.169793661262148 ], [ 71.446227668476084, 51.169683461195888 ], [ 71.446092468570285, 51.169663161427877 ] ] ], [ [ [ 71.446417268217488, 51.169682660872006 ], [ 71.4462155, 51.169742099999979 ], [ 71.4461849, 51.169833499999989 ], [ 71.446318, 51.169851 ], [ 71.446471184576382, 51.169805873164769 ], [ 71.4464565, 51.169875 ], [ 71.4466431, 51.1698906 ], [ 71.446844868283989, 51.169831160134059 ], [ 71.446863767876437, 51.169742760106189 ], [ 71.446677068059827, 51.169727060425934 ], [ 71.446526513821297, 51.169771412784399 ], [ 71.446550368114032, 51.16970016064375 ], [ 71.446417268217488, 51.169682660872006 ] ] ], [ [ [ 71.447326367920894, 51.169897059308177 ], [ 71.4471246, 51.1699565 ], [ 71.4469376, 51.1704255 ], [ 71.4470986, 51.1704507 ], [ 71.447300370092165, 51.170391259327893 ], [ 71.447487267813756, 51.169922359032022 ], [ 71.447326367920894, 51.169897059308177 ] ] ], [ [ [ 71.446648669795096, 51.17011966045483 ], [ 71.4464469, 51.1701791 ], [ 71.446423, 51.1703006 ], [ 71.4465808, 51.1703128 ], [ 71.446782570192852, 51.170253360219398 ], [ 71.44680646963549, 51.170131860184654 ], [ 71.446648669795096, 51.17011966045483 ] ] ], [ [ [ 71.447625368638526, 51.170156158784387 ], [ 71.4474236, 51.1702156 ], [ 71.447374, 51.1704225 ], [ 71.4481097, 51.1704919 ], [ 71.448311468909552, 51.170432457598437 ], [ 71.448361167948292, 51.170225557523878 ], [ 71.447625368638526, 51.170156158784387 ] ] ], [ [ [ 71.447617369909779, 51.170447758783503 ], [ 71.4474156, 51.17050720000001 ], [ 71.4473834, 51.1706199 ], [ 71.4480481, 51.1706945 ], [ 71.448249869868221, 51.170635057693545 ], [ 71.448281969338296, 51.170522457644331 ], [ 71.447617369909779, 51.170447758783503 ] ] ], [ [ [ 71.4469732, 51.1710654 ], [ 71.44704680000001, 51.1710796 ], [ 71.447416772450495, 51.170973059099957 ], [ 71.447467371936284, 51.170869859018666 ], [ 71.447218471950933, 51.170795759447579 ], [ 71.446969072081231, 51.170748259876056 ], [ 71.4467673, 51.1708077 ], [ 71.446721700000012, 51.1709019 ], [ 71.4469732, 51.1710654 ] ] ], [ [ [ 71.4475249, 51.1713361 ], [ 71.4477517, 51.1713614 ], [ 71.447953473150008, 51.17130195816658 ], [ 71.448002072457783, 51.171156958090805 ], [ 71.447960072348749, 51.17111865816446 ], [ 71.447744172531657, 51.17109375853456 ], [ 71.4475424, 51.171153199999985 ], [ 71.4474987, 51.1713095 ], [ 71.4475249, 51.1713361 ] ] ], [ [ [ 71.448666974704309, 51.148736258076163 ], [ 71.4484653, 51.1487957 ], [ 71.4483995, 51.1489 ], [ 71.4486218, 51.148954 ], [ 71.448823475177264, 51.148894557800979 ], [ 71.448888574638559, 51.148790057695003 ], [ 71.448666974704309, 51.148736258076163 ] ] ], [ [ [ 71.4488921, 51.1496117 ], [ 71.449093777653275, 51.149552257306411 ], [ 71.449197476792392, 51.149385157137672 ], [ 71.449145576265522, 51.149246957233224 ], [ 71.448814776361118, 51.14916605780224 ], [ 71.4486131, 51.1492255 ], [ 71.448472, 51.1494529 ], [ 71.4486558, 51.149554 ], [ 71.4488921, 51.1496117 ] ] ], [ [ [ 71.44785487951674, 51.149597959420056 ], [ 71.44770227954362, 51.149556659682752 ], [ 71.4475006, 51.1496161 ], [ 71.44741, 51.1497478 ], [ 71.4475625, 51.1497891 ], [ 71.447764180207315, 51.149729659568372 ], [ 71.44785487951674, 51.149597959420056 ] ] ], [ [ [ 71.448406678764712, 51.149595658477743 ], [ 71.448205, 51.1496551 ], [ 71.4480981, 51.1498219 ], [ 71.4482838, 51.1498687 ], [ 71.448485479580953, 51.149809258332475 ], [ 71.448592378717024, 51.14964245815824 ], [ 71.448406678764712, 51.149595658477743 ] ] ], [ [ [ 71.448780978846358, 51.149731157831702 ], [ 71.4485793, 51.14979060000001 ], [ 71.4484777, 51.1499309 ], [ 71.448644, 51.1499783 ], [ 71.448845679569743, 51.149918857711789 ], [ 71.448947278826907, 51.149778457545295 ], [ 71.448780978846358, 51.149731157831702 ] ] ], [ [ [ 71.447883480473877, 51.149828559359676 ], [ 71.447681280500973, 51.149771859707862 ], [ 71.4474796, 51.1498313 ], [ 71.4473742, 51.1499792 ], [ 71.4475764, 51.1500359 ], [ 71.447778081254199, 51.149976459532297 ], [ 71.447883480473877, 51.149828559359676 ] ] ], [ [ [ 71.449126978928035, 51.149857857234423 ], [ 71.4489253, 51.1499173 ], [ 71.4488664, 51.150028 ], [ 71.4490775, 51.1500722 ], [ 71.449279179392136, 51.150012756966717 ], [ 71.44933807883497, 51.14990205687166 ], [ 71.449126978928035, 51.149857857234423 ] ] ], [ [ [ 71.448748180293663, 51.150056157871454 ], [ 71.448596762690229, 51.150100785900612 ], [ 71.448630480391941, 51.150042258073157 ], [ 71.44845748045536, 51.150003058370601 ], [ 71.448273268562048, 51.150057351480157 ], [ 71.448339880447719, 51.149964658573374 ], [ 71.448193980466044, 51.149923458824624 ], [ 71.4479923, 51.1499829 ], [ 71.4478932, 51.1501207 ], [ 71.4480391, 51.150162 ], [ 71.448231073808515, 51.15010541978863 ], [ 71.4481801, 51.1501939 ], [ 71.4483531, 51.1502331 ], [ 71.448488249681034, 51.150193267158265 ], [ 71.448461, 51.150229599999989 ], [ 71.4486109, 51.1502738 ], [ 71.448812580890092, 51.150214357753541 ], [ 71.448898080282902, 51.150100357613219 ], [ 71.448748180293663, 51.150056157871454 ] ] ], [ [ [ 71.447241982125831, 51.150011360446165 ], [ 71.4470403, 51.1500708 ], [ 71.4469855, 51.1501598 ], [ 71.4471673, 51.1502038 ], [ 71.447304979806745, 51.150163223127855 ], [ 71.447248411360135, 51.150264409543503 ], [ 71.4471229, 51.150301399999982 ], [ 71.4470703, 51.1503711 ], [ 71.4472868, 51.1504354 ], [ 71.447488483368559, 51.15037596000694 ], [ 71.447541082996437, 51.150306159920603 ], [ 71.447435604273579, 51.150274881956229 ], [ 71.447570382650497, 51.150235159874114 ], [ 71.447645882037321, 51.15011665975107 ], [ 71.447518782070517, 51.150084759969729 ], [ 71.447380605298562, 51.150125483680561 ], [ 71.447423782071326, 51.150055360133472 ], [ 71.447241982125831, 51.150011360446165 ] ] ], [ [ [ 71.448770981091116, 51.150247957822913 ], [ 71.4485693, 51.1503074 ], [ 71.4484728, 51.1504373 ], [ 71.4486542, 51.1504903 ], [ 71.448855881766619, 51.150430857668766 ], [ 71.448952381076424, 51.150301057510447 ], [ 71.448770981091116, 51.150247957822913 ] ] ], [ [ [ 71.4476414, 51.1508059 ], [ 71.447804408661057, 51.15075785799344 ], [ 71.447759, 51.1508198 ], [ 71.4479291, 51.1508689 ], [ 71.448130784376502, 51.150809458888233 ], [ 71.448208783812191, 51.150703058760342 ], [ 71.448038683828969, 51.150653959053315 ], [ 71.447871312108006, 51.150703287453467 ], [ 71.447943383694152, 51.15059305921914 ], [ 71.447797994812149, 51.150555697414696 ], [ 71.447992883218276, 51.15049825913934 ], [ 71.448081882433229, 51.150344158995033 ], [ 71.447941382484018, 51.150312159236591 ], [ 71.4477397, 51.1503716 ], [ 71.4476506, 51.1505257 ], [ 71.447740487965731, 51.150546158167792 ], [ 71.4475483, 51.1506028 ], [ 71.4474481, 51.1507561 ], [ 71.4476414, 51.1508059 ] ] ], [ [ [ 71.448481581953544, 51.150357558311704 ], [ 71.44833368201212, 51.150325058565926 ], [ 71.448132, 51.1503845 ], [ 71.4480683, 51.1504986 ], [ 71.4482163, 51.1505311 ], [ 71.448279632745212, 51.150512434090004 ], [ 71.4481875, 51.1506276 ], [ 71.4483354, 51.1506742 ], [ 71.448537082989418, 51.150614758204036 ], [ 71.448635582325849, 51.15049175804198 ], [ 71.448487582323693, 51.150445158297067 ], [ 71.448421975677107, 51.150464494556815 ], [ 71.448481581953544, 51.150357558311704 ] ] ], [ [ [ 71.448359783726119, 51.150730158501098 ], [ 71.4481581, 51.1507896 ], [ 71.4480834, 51.1509069 ], [ 71.4482809, 51.1509564 ], [ 71.448482584281194, 51.150896958282999 ], [ 71.448557283674234, 51.150779658161291 ], [ 71.448359783726119, 51.150730158501098 ] ] ], [ [ [ 71.446979785655856, 51.150747260857202 ], [ 71.4467781, 51.1508067 ], [ 71.4466991, 51.1509384 ], [ 71.4469924, 51.151007699999987 ], [ 71.447194086235541, 51.150948260481144 ], [ 71.447273085560639, 51.15081656035278 ], [ 71.446979785655856, 51.150747260857202 ] ] ], [ [ [ 71.447560385399228, 51.150868659859505 ], [ 71.4473587, 51.1509281 ], [ 71.4472943, 51.1510256 ], [ 71.447464, 51.1510697 ], [ 71.447665685869026, 51.15101025967256 ], [ 71.447729985361136, 51.150912659567624 ], [ 71.447560385399228, 51.150868659859505 ] ] ], [ [ [ 71.448891283632179, 51.150873957586121 ], [ 71.4486896, 51.1509334 ], [ 71.4486252, 51.1510259 ], [ 71.4492819, 51.1512056 ], [ 71.449483584010892, 51.151146156560898 ], [ 71.449547883525, 51.151053656455709 ], [ 71.448891283632179, 51.150873957586121 ] ] ], [ [ [ 71.447968085305604, 51.150973959157888 ], [ 71.4477664, 51.151033399999989 ], [ 71.4476932, 51.1511364 ], [ 71.4478505, 51.1511803 ], [ 71.448052185826796, 51.151120859006923 ], [ 71.448125285283737, 51.151017858887201 ], [ 71.447968085305604, 51.150973959157888 ] ] ], [ [ [ 71.448057487157769, 51.15143075898235 ], [ 71.448124886860313, 51.151382858869638 ], [ 71.448118486593003, 51.15131895888377 ], [ 71.448086986523521, 51.151293058938862 ], [ 71.44799058656379, 51.151272359104553 ], [ 71.4477386, 51.1513402 ], [ 71.4476973, 51.1513599 ], [ 71.4476643, 51.1514204 ], [ 71.4477091, 51.1514779 ], [ 71.4478055, 51.1514986 ], [ 71.448057487157769, 51.15143075898235 ] ] ], [ [ [ 71.4495749, 51.15465 ], [ 71.449702682501993, 51.154612340294698 ], [ 71.449683800000017, 51.154634 ], [ 71.4498076, 51.1546764 ], [ 71.449901852111594, 51.154648622084125 ], [ 71.449716, 51.1548527 ], [ 71.4498532, 51.1549019 ], [ 71.450054899204034, 51.154842455400114 ], [ 71.450174972103483, 51.154710668780503 ], [ 71.451205, 51.1551021 ], [ 71.451406698250139, 51.155042653081225 ], [ 71.451454997969236, 51.15499265300123 ], [ 71.451177005035959, 51.154887012198763 ], [ 71.4514123, 51.1548495 ], [ 71.452017389056891, 51.154671157194905 ], [ 71.452207285685091, 51.15447005625208 ], [ 71.451690885284336, 51.154278258926915 ], [ 71.4510858, 51.15445660000001 ], [ 71.450978801399657, 51.154569855009846 ], [ 71.450292996540867, 51.154299955020605 ], [ 71.450172173410095, 51.154335564657394 ], [ 71.450111896848838, 51.154314855329169 ], [ 71.449973357013235, 51.154355686238304 ], [ 71.449962694733813, 51.154327211508324 ], [ 71.4497632951649, 51.154315012190693 ], [ 71.449236954625306, 51.154358941521082 ], [ 71.449254847062662, 51.154232297169159 ], [ 71.449740490705409, 51.154089168949071 ], [ 71.449752089842391, 51.154026168899094 ], [ 71.449730733092139, 51.153948808717523 ], [ 71.4504185, 51.1542007 ], [ 71.4504927, 51.1541969 ], [ 71.451852023381306, 51.153796256995783 ], [ 71.4524495, 51.1539887 ], [ 71.453054573718831, 51.153810352009863 ], [ 71.453162372474068, 51.153747851466925 ], [ 71.4528509075719, 51.153501834392628 ], [ 71.452913008739202, 51.153483529578445 ], [ 71.452973304361194, 51.153417828382111 ], [ 71.452887801606209, 51.153338030182475 ], [ 71.452354499405729, 51.1531294412381 ], [ 71.452024598336678, 51.153006048073735 ], [ 71.451871599847806, 51.15298755122064 ], [ 71.4494513, 51.1537009 ], [ 71.4493801, 51.1537784 ], [ 71.4494267, 51.1538343 ], [ 71.449533360337355, 51.15387447189682 ], [ 71.448962853265684, 51.154042610162612 ], [ 71.449026996515101, 51.153899657202956 ], [ 71.448859596510076, 51.153846357491553 ], [ 71.4486579, 51.1539058 ], [ 71.448583028895882, 51.154105629749616 ], [ 71.447850497834324, 51.154028318753568 ], [ 71.4474471, 51.1541472 ], [ 71.447412985697241, 51.154189925130936 ], [ 71.447432799611605, 51.154120159914854 ], [ 71.447228699787658, 51.154097360264615 ], [ 71.447027, 51.1541568 ], [ 71.4469937, 51.1542744 ], [ 71.4471977, 51.1542972 ], [ 71.447367219088605, 51.154247243602136 ], [ 71.4473293, 51.1543293 ], [ 71.4481686, 51.1544178 ], [ 71.448571998230676, 51.154298916261801 ], [ 71.448594104137158, 51.154216463262529 ], [ 71.4487072, 51.1542223 ], [ 71.448908897810611, 51.154162857391498 ], [ 71.448921605235654, 51.154134537185485 ], [ 71.448908990451798, 51.154203198580959 ], [ 71.4484845, 51.15432830000001 ], [ 71.4484535, 51.1545478 ], [ 71.448629, 51.1545575 ], [ 71.448751423817924, 51.154521420734817 ], [ 71.4487394, 51.1545989 ], [ 71.4495749, 51.15465 ] ], [ [ 71.450791212570323, 51.154740404303766 ], [ 71.45082788343332, 51.154729596343671 ], [ 71.450810682201904, 51.154747803158244 ], [ 71.450791212570323, 51.154740404303766 ] ], [ [ 71.450114083967478, 51.154524584703431 ], [ 71.450081430896489, 51.154534208302643 ], [ 71.450096017937298, 51.154517474683807 ], [ 71.450114083967478, 51.154524584703431 ] ] ], [ [ [ 71.447657900688228, 51.154439559514408 ], [ 71.447517900971548, 51.154461559752441 ], [ 71.4473162, 51.154521 ], [ 71.447349800000012, 51.1546049 ], [ 71.4474898, 51.1545829 ], [ 71.44769150100538, 51.154523459452811 ], [ 71.447657900688228, 51.154439559514408 ] ] ], [ [ [ 71.448129401471874, 51.154767858692665 ], [ 71.44809380116736, 51.154686258757536 ], [ 71.447959701447061, 51.154709258985434 ], [ 71.447758, 51.1547687 ], [ 71.4477936, 51.1548503 ], [ 71.4479277, 51.1548273 ], [ 71.448129401471874, 51.154767858692665 ] ] ], [ [ [ 71.448719800287336, 51.154677457688756 ], [ 71.4485181, 51.1547369 ], [ 71.4484929, 51.15482 ], [ 71.4486295, 51.1548363 ], [ 71.448831200566772, 51.154776857493495 ], [ 71.448856400173995, 51.154693757454623 ], [ 71.448719800287336, 51.154677457688756 ] ] ], [ [ [ 71.449146300037555, 51.15475245695653 ], [ 71.4489446, 51.1548119 ], [ 71.4489157, 51.154893199999989 ], [ 71.4490664, 51.1549143 ], [ 71.44919160669059, 51.154877400297579 ], [ 71.4491763, 51.1549186 ], [ 71.4493221, 51.1549399 ], [ 71.449523800082574, 51.154880456305342 ], [ 71.449557199649377, 51.154790556252792 ], [ 71.449411399753501, 51.154769256502888 ], [ 71.449285320272367, 51.154806413796798 ], [ 71.449296999925963, 51.154773556698075 ], [ 71.449146300037555, 51.15475245695653 ] ] ], [ [ [ 71.447599703277902, 51.15502105958474 ], [ 71.447482402200905, 51.154735159799408 ], [ 71.447321502529178, 51.154761060072929 ], [ 71.4471198, 51.1548205 ], [ 71.447135486694123, 51.154858747404298 ], [ 71.4469541, 51.1549122 ], [ 71.4469877, 51.154996099999984 ], [ 71.447176819502289, 51.154959525010469 ], [ 71.447186162423861, 51.154982304845461 ], [ 71.4470104, 51.1550341 ], [ 71.447044, 51.155118 ], [ 71.447227532029117, 51.155083171586902 ], [ 71.4472371, 51.1551065 ], [ 71.447398, 51.155080499999983 ], [ 71.447599703277902, 51.15502105958474 ] ] ], [ [ [ 71.448211902172858, 51.154955858542337 ], [ 71.44817630186833, 51.154874258607222 ], [ 71.448042202148017, 51.154897258835121 ], [ 71.4478405, 51.1549567 ], [ 71.4478761, 51.1550383 ], [ 71.4480102, 51.1550153 ], [ 71.448211902172858, 51.154955858542337 ] ] ], [ [ [ 71.44867630168855, 51.154988357747499 ], [ 71.448541701963748, 51.155010157976299 ], [ 71.44834, 51.1550696 ], [ 71.4483738, 51.1551515 ], [ 71.4485084, 51.155129699999989 ], [ 71.448710101996781, 51.155070257685665 ], [ 71.44867630168855, 51.154988357747499 ] ] ], [ [ [ 71.448240002336732, 51.155002558492015 ], [ 71.448105902616447, 51.155025558719906 ], [ 71.4479042, 51.155085 ], [ 71.4479398, 51.1551666 ], [ 71.4480739, 51.1551436 ], [ 71.448275602641274, 51.155084158427108 ], [ 71.448240002336732, 51.155002558492015 ] ] ], [ [ [ 71.449767500868546, 51.155138355876183 ], [ 71.44969830024904, 51.154973356002643 ], [ 71.449568500516065, 51.154994756223275 ], [ 71.4493668, 51.1550542 ], [ 71.449379070144431, 51.155083414722455 ], [ 71.4488047, 51.1552293 ], [ 71.4488385, 51.1553112 ], [ 71.4489731, 51.1552894 ], [ 71.449137742008816, 51.155240878797748 ], [ 71.4491665, 51.1552939 ], [ 71.449767500868546, 51.155138355876183 ] ] ], [ [ [ 71.448295002867397, 51.155142558391063 ], [ 71.448160903147112, 51.155165558618947 ], [ 71.4479592, 51.155225 ], [ 71.447994800000018, 51.1553066 ], [ 71.4481289, 51.1552836 ], [ 71.448330603171939, 51.15522415832617 ], [ 71.448295002867397, 51.155142558391063 ] ] ], [ [ [ 71.448834202982582, 51.155337157460345 ], [ 71.448764302351478, 51.155169257588135 ], [ 71.448625502636631, 51.155192057824074 ], [ 71.4484238, 51.1552515 ], [ 71.4484937, 51.1554193 ], [ 71.4486325, 51.1553966 ], [ 71.448834202982582, 51.155337157460345 ] ] ], [ [ [ 71.448358003462019, 51.155299858275583 ], [ 71.448223903741734, 51.155322858503482 ], [ 71.4480222, 51.1553823 ], [ 71.4480578, 51.1554639 ], [ 71.4481919, 51.155440899999988 ], [ 71.448393603766561, 51.155381458210698 ], [ 71.448358003462019, 51.155299858275583 ] ] ], [ [ [ 71.447471704696056, 51.155309559788954 ], [ 71.447324004991913, 51.155332060040109 ], [ 71.4471223, 51.1553915 ], [ 71.4471889, 51.1555635 ], [ 71.4473367, 51.155541 ], [ 71.447538405349192, 51.155481559666427 ], [ 71.447471704696056, 51.155309559788954 ] ] ], [ [ [ 71.448448604168533, 51.155491658111231 ], [ 71.44841300386399, 51.155410058176145 ], [ 71.448278904143706, 51.155433058404029 ], [ 71.4480772, 51.1554925 ], [ 71.4481128, 51.15557410000001 ], [ 71.4482469, 51.1555511 ], [ 71.448448604168533, 51.155491658111231 ] ] ], [ [ [ 71.4493051, 51.1555292 ], [ 71.4495765, 51.1554895 ], [ 71.449778202113961, 51.155430055843311 ], [ 71.449744601769169, 51.155339755905224 ], [ 71.449473202306123, 51.155379556366789 ], [ 71.449330541361576, 51.155421599987427 ], [ 71.449321702594148, 51.155399056624582 ], [ 71.449156302926767, 51.155424556905807 ], [ 71.4489546, 51.155484 ], [ 71.4489922, 51.1555799 ], [ 71.4491576, 51.1555544 ], [ 71.449298967753251, 51.155512737865905 ], [ 71.4493051, 51.1555292 ] ] ], [ [ [ 71.448868903312075, 51.155424257396731 ], [ 71.448730103597256, 51.155447057632664 ], [ 71.4485284, 51.1555065 ], [ 71.4485983, 51.1556743 ], [ 71.4487371, 51.1556516 ], [ 71.448938803943193, 51.15559215726892 ], [ 71.448868903312075, 51.155424257396731 ] ] ], [ [ [ 71.449327758009247, 51.155663627235825 ], [ 71.4493462, 51.155701 ], [ 71.449613312728445, 51.155635758752204 ], [ 71.449657, 51.1557363 ], [ 71.4497909, 51.1557135 ], [ 71.449992602792975, 51.155654055465895 ], [ 71.4499423509222, 51.155538337797239 ], [ 71.4502114, 51.155641 ], [ 71.450413101914194, 51.155581554751301 ], [ 71.450526701256081, 51.155464554563146 ], [ 71.450235801167565, 51.155353455065544 ], [ 71.4500341, 51.1554129 ], [ 71.44993309300871, 51.155517019036552 ], [ 71.449920602173748, 51.155488255597177 ], [ 71.449650470564109, 51.155551305079989 ], [ 71.449640602736565, 51.155531356073283 ], [ 71.449506403029815, 51.155557456301175 ], [ 71.449362662946669, 51.155599817848675 ], [ 71.449347403288186, 51.155567756572246 ], [ 71.4490297, 51.1556488 ], [ 71.4490673, 51.1557279 ], [ 71.449327758009247, 51.155663627235825 ] ] ], [ [ [ 71.447584105755908, 51.155589959582954 ], [ 71.447437206060187, 51.155614659832629 ], [ 71.4472355, 51.1556741 ], [ 71.4473083, 51.155845 ], [ 71.4474552, 51.15582040000001 ], [ 71.447656906396531, 51.155760959450049 ], [ 71.447584105755908, 51.155589959582954 ] ] ], [ [ [ 71.449142504912174, 51.155879956906603 ], [ 71.448938405330551, 51.155913257253523 ], [ 71.448744508233858, 51.155970398915528 ], [ 71.448721696142243, 51.155915301727852 ], [ 71.44903400487587, 51.155837757094019 ], [ 71.448964104244752, 51.155669857221845 ], [ 71.448825304529933, 51.155692657457756 ], [ 71.4486236, 51.1557521 ], [ 71.448669430727776, 51.155861962950674 ], [ 71.4484125, 51.1559304 ], [ 71.448459428319211, 51.156043745474605 ], [ 71.4483286, 51.1560823 ], [ 71.4483619, 51.1561677 ], [ 71.4485051, 51.15614570000001 ], [ 71.44870680638931, 51.156086257640496 ], [ 71.448673506065234, 51.156000857701621 ], [ 71.448636608047863, 51.156006526484269 ], [ 71.448738300956649, 51.155976557679708 ], [ 71.4487721, 51.156058 ], [ 71.44897610000001, 51.1560248 ], [ 71.449177805233546, 51.155965356842025 ], [ 71.449142504912174, 51.155879956906603 ] ] ], [ [ [ 71.4476512, 51.155709 ], [ 71.4478496, 51.1560644 ], [ 71.4479891, 51.1560408 ], [ 71.448190806630322, 51.155981358527093 ], [ 71.448544504958619, 51.155704457936785 ], [ 71.44851560470552, 51.155636857989556 ], [ 71.448185604961964, 51.155593458555359 ], [ 71.447852905651757, 51.155649559120839 ], [ 71.4476512, 51.155709 ] ] ], [ [ [ 71.447707406847343, 51.155881059357782 ], [ 71.447560507151195, 51.15590565960747 ], [ 71.4473588, 51.1559651 ], [ 71.4474316, 51.1561361 ], [ 71.4475786, 51.1561115 ], [ 71.447780307487847, 51.156052059224727 ], [ 71.447707406847343, 51.155881059357782 ] ] ], [ [ [ 71.447394008181519, 51.156092359882543 ], [ 71.447321207541307, 51.155921460015435 ], [ 71.447174307845145, 51.155946060265101 ], [ 71.4469726, 51.1560055 ], [ 71.4470454, 51.1561764 ], [ 71.4471923, 51.156151800000011 ], [ 71.447394008181519, 51.156092359882543 ] ] ], [ [ [ 71.44923000568464, 51.156086056746837 ], [ 71.449025906102591, 51.156119257093792 ], [ 71.4488242, 51.1561787 ], [ 71.44885960000002, 51.1562641 ], [ 71.4490636, 51.1562309 ], [ 71.449265306005998, 51.156171456682273 ], [ 71.44923000568464, 51.156086056746837 ] ] ], [ [ [ 71.448203807765609, 51.15624825849153 ], [ 71.448170207448428, 51.15616435855312 ], [ 71.448030207731762, 51.156186358791153 ], [ 71.447861177972584, 51.15623617016891 ], [ 71.447817407789103, 51.156133359157295 ], [ 71.447670508092926, 51.156157959406976 ], [ 71.4474688, 51.1562174 ], [ 71.4475416, 51.1563884 ], [ 71.4476885, 51.1563638 ], [ 71.447855989855924, 51.156314442849222 ], [ 71.4478621, 51.1563297 ], [ 71.4480021, 51.1563077 ], [ 71.448203807765609, 51.15624825849153 ] ] ], [ [ [ 71.449305107041738, 51.15642365660166 ], [ 71.449266506720932, 51.156337356671926 ], [ 71.448931, 51.156420400000016 ], [ 71.4489697, 51.1565067 ], [ 71.449305107041738, 51.15642365660166 ] ] ], [ [ [ 71.44936480765854, 51.156585056491615 ], [ 71.4490294, 51.156668 ], [ 71.449068, 51.1567543 ], [ 71.449403407979361, 51.156671356421356 ], [ 71.44936480765854, 51.156585056491615 ] ] ], [ [ [ 71.448921008295287, 51.156594257249182 ], [ 71.44866600881106, 51.156634257682747 ], [ 71.4484643, 51.1566937 ], [ 71.4485347, 51.1568704 ], [ 71.4487897, 51.1568305 ], [ 71.448991408964218, 51.156771057120082 ], [ 71.448921008295287, 51.156594257249182 ] ] ], [ [ [ 71.447969133423499, 51.162114658599094 ], [ 71.4477674, 51.1621741 ], [ 71.4477527, 51.1622936 ], [ 71.4480067, 51.1623059 ], [ 71.448208433671013, 51.162246458183716 ], [ 71.448223133134903, 51.162126958164571 ], [ 71.447969133423499, 51.162114658599094 ] ] ], [ [ [ 71.448687234804339, 51.162657857345231 ], [ 71.448340400000021, 51.1627728 ], [ 71.4483994, 51.162833399999982 ], [ 71.448746234986359, 51.162718357241431 ], [ 71.448687234804339, 51.162657857345231 ] ] ], [ [ [ 71.448825635197537, 51.162791957102108 ], [ 71.4486239, 51.1628514 ], [ 71.4483994, 51.162939299999984 ], [ 71.4484799, 51.1630201 ], [ 71.448681636120199, 51.162960657339653 ], [ 71.448906035438057, 51.162872656960737 ], [ 71.448825635197537, 51.162791957102108 ] ] ], [ [ [ 71.448322536712681, 51.16298595795184 ], [ 71.4479381, 51.1631042 ], [ 71.4479917, 51.1631698 ], [ 71.448376136924011, 51.163051557856974 ], [ 71.448322536712681, 51.16298595795184 ] ] ], [ [ [ 71.449387536765656, 51.163329856115361 ], [ 71.449333036512328, 51.163254256212241 ], [ 71.4489896, 51.1633539 ], [ 71.4490442, 51.1634295 ], [ 71.449387536765656, 51.163329856115361 ] ] ], [ [ [ 71.4491913, 51.1636228 ], [ 71.449549437352374, 51.163516055829476 ], [ 71.449508737005729, 51.163423155903644 ], [ 71.449454936972685, 51.163398755996759 ], [ 71.449099500000017, 51.1635082 ], [ 71.4491913, 51.1636228 ] ] ], [ [ [ 71.447998345136369, 51.164834458413189 ], [ 71.4475719, 51.1649536 ], [ 71.4476284, 51.165037099999985 ], [ 71.448054845421169, 51.164917958312522 ], [ 71.447998345136369, 51.164834458413189 ] ] ], [ [ [ 71.44920144954331, 51.166228856288221 ], [ 71.448891, 51.1663221 ], [ 71.4489721, 51.166425 ], [ 71.449282549878873, 51.16633175614453 ], [ 71.44920144954331, 51.166228856288221 ] ] ], [ [ [ 71.448010253887901, 51.166863258291436 ], [ 71.4476345, 51.1669731 ], [ 71.4476814, 51.1670368 ], [ 71.448057154100098, 51.166926958208137 ], [ 71.448010253887901, 51.166863258291436 ] ] ], [ [ [ 71.449262404944292, 51.166864412646305 ], [ 71.448433, 51.1671208 ], [ 71.448521, 51.1672279 ], [ 71.449350405633169, 51.166971512334932 ], [ 71.449262404944292, 51.166864412646305 ] ] ], [ [ [ 71.448072754441284, 51.167010758177319 ], [ 71.4477209, 51.1671172 ], [ 71.4477959, 51.1672115 ], [ 71.4481478547482, 51.167105158044279 ], [ 71.448072754441284, 51.167010758177319 ] ] ], [ [ [ 71.4487594, 51.1695155 ], [ 71.4488672, 51.1696494 ], [ 71.450733574792068, 51.169099510873842 ], [ 71.450901173961526, 51.16931069838936 ], [ 71.4506113, 51.1693944 ], [ 71.4507071, 51.1695314 ], [ 71.451048360908771, 51.169433652972728 ], [ 71.450962637664318, 51.169310974672406 ], [ 71.451334359502027, 51.169197252495984 ], [ 71.451158297682142, 51.168974369023573 ], [ 71.452124508850318, 51.168671036621866 ], [ 71.451976693119292, 51.168487644592098 ], [ 71.452409071054163, 51.168330719480508 ], [ 71.452435, 51.1683631 ], [ 71.452902553166922, 51.168219849865984 ], [ 71.452688351879033, 51.167855150250183 ], [ 71.452582151476989, 51.167729050437906 ], [ 71.452115, 51.167876400000011 ], [ 71.452318385722421, 51.168199439032236 ], [ 71.451854556592025, 51.168336110965534 ], [ 71.451808248124038, 51.168278656189081 ], [ 71.452194753847309, 51.168156851078265 ], [ 71.452103953494969, 51.168047051238887 ], [ 71.451717786585419, 51.168166420353501 ], [ 71.451704588610198, 51.16815004554298 ], [ 71.451650954612489, 51.168164552006857 ], [ 71.45015307216201, 51.168607195737955 ], [ 71.450096258311405, 51.16853625464416 ], [ 71.449768, 51.1686355 ], [ 71.44982317510221, 51.168704395237107 ], [ 71.4490519, 51.1689368 ], [ 71.4487594, 51.1695155 ] ] ], [ [ [ 71.44795616287108, 51.168924858280803 ], [ 71.4477544, 51.1689843 ], [ 71.4477249, 51.1690684 ], [ 71.4479193, 51.1690952 ], [ 71.448121063128511, 51.169035757993541 ], [ 71.448150562725317, 51.168951657947339 ], [ 71.44795616287108, 51.168924858280803 ] ] ], [ [ [ 71.448096564364832, 51.169314158021479 ], [ 71.4481371642337, 51.16929645795301 ], [ 71.44816156384212, 51.169213457915475 ], [ 71.448073402505983, 51.169203272565092 ], [ 71.448185463623204, 51.169170257876807 ], [ 71.448208563252408, 51.169091657841264 ], [ 71.448059363378832, 51.169074458097008 ], [ 71.4478576, 51.169133899999984 ], [ 71.4478345, 51.169212499999986 ], [ 71.447916020004982, 51.169221897773845 ], [ 71.447804, 51.1692549 ], [ 71.447781225951175, 51.169337988895357 ], [ 71.4477262, 51.1693542 ], [ 71.4476998, 51.169444 ], [ 71.4478683, 51.1694635 ], [ 71.448070064789079, 51.169404058062263 ], [ 71.448096564364832, 51.169314158021479 ] ] ], [ [ [ 71.447914565267197, 51.169466258324825 ], [ 71.4477128, 51.1695257 ], [ 71.447687400000021, 51.169612 ], [ 71.4478281, 51.1696283 ], [ 71.448029865555512, 51.169568858122702 ], [ 71.448055265148312, 51.169482558083629 ], [ 71.447914565267197, 51.169466258324825 ] ] ], [ [ [ 71.4483377, 51.1699378 ], [ 71.448637365973781, 51.16985475707056 ], [ 71.448673565452609, 51.169745457014173 ], [ 71.448504664694838, 51.169517557314109 ], [ 71.4480185, 51.1696611 ], [ 71.4481835, 51.1698747 ], [ 71.4483377, 51.1699378 ] ] ], [ [ [ 71.449209, 51.1699352 ], [ 71.4494332, 51.170111699999985 ], [ 71.4495435, 51.170125 ], [ 71.450239963985084, 51.169893654330743 ], [ 71.449983262897248, 51.169562054785885 ], [ 71.449839562982163, 51.169536955032626 ], [ 71.4493033, 51.1697187 ], [ 71.449209, 51.1699352 ] ] ], [ [ [ 71.4485608, 51.170463500000011 ], [ 71.4485516, 51.1705273 ], [ 71.4486283, 51.1705316 ], [ 71.448830068383216, 51.170472156710474 ], [ 71.449306266949137, 51.170288655906106 ], [ 71.449277266679516, 51.170217255959216 ], [ 71.449068466836479, 51.170188556317378 ], [ 71.44904133154489, 51.1701965508299 ], [ 71.449068466415028, 51.170091056322242 ], [ 71.448902166566228, 51.170074256607187 ], [ 71.448874882709049, 51.170082294861189 ], [ 71.448877466588641, 51.17007175664952 ], [ 71.447755567630338, 51.169963458571587 ], [ 71.4475538, 51.1700229 ], [ 71.447527, 51.1701323 ], [ 71.4486489, 51.1702405 ], [ 71.448674899049308, 51.170232840357066 ], [ 71.448620058898172, 51.170446041714953 ], [ 71.4485608, 51.170463500000011 ] ] ], [ [ [ 71.448191471292489, 51.170946357777765 ], [ 71.448059471291614, 51.170905058005339 ], [ 71.4478577, 51.1709645 ], [ 71.4478378, 51.1709908 ], [ 71.4479692, 51.1710315 ], [ 71.448170971431182, 51.170972057811497 ], [ 71.448191471292489, 51.170946357777765 ] ] ], [ [ [ 71.4487501, 51.1712573 ], [ 71.448951871356314, 51.171197856466094 ], [ 71.449079070934829, 51.171139956251679 ], [ 71.449317469131685, 51.170797055861541 ], [ 71.449228968782222, 51.170688656018157 ], [ 71.4488082, 51.1708182 ], [ 71.4486509, 51.1711139 ], [ 71.4487501, 51.1712573 ] ] ], [ [ [ 71.450012969243019, 51.171039354661218 ], [ 71.4489441, 51.1713617 ], [ 71.4490605, 51.1715127 ], [ 71.450129369739088, 51.171190354454808 ], [ 71.450012969243019, 51.171039354661218 ] ] ], [ [ [ 71.4489474, 51.1716109 ], [ 71.449034, 51.1717261 ], [ 71.450358470055377, 51.17133485405617 ], [ 71.450271869673955, 51.171219654209885 ], [ 71.4489474, 51.1716109 ] ] ], [ [ [ 71.44960056788581, 51.17162453250674 ], [ 71.4493666, 51.1716942 ], [ 71.449410674283968, 51.171751459670453 ], [ 71.4492301, 51.1718058 ], [ 71.449281, 51.1718719 ], [ 71.449462273346342, 51.171818495046068 ], [ 71.4494856, 51.1718488 ], [ 71.449722200938893, 51.171778798825926 ], [ 71.449736, 51.1717963 ], [ 71.450440671075597, 51.171596453902659 ], [ 71.450298070449207, 51.171407154155759 ], [ 71.4495884, 51.1716091 ], [ 71.44960056788581, 51.17162453250674 ] ] ], [ [ [ 71.448690873373195, 51.171583156892723 ], [ 71.4483384, 51.1716854 ], [ 71.4484553, 51.1718474 ], [ 71.448807873916053, 51.171745156684736 ], [ 71.448690873373195, 51.171583156892723 ] ] ], [ [ [ 71.449271773131315, 51.171708055894051 ], [ 71.4489734, 51.1717961 ], [ 71.4490096, 51.171839 ], [ 71.449306573273375, 51.171751755832403 ], [ 71.449271773131315, 51.171708055894051 ] ] ], [ [ [ 71.450321305333091, 51.172025584477225 ], [ 71.4495865, 51.17225830000001 ], [ 71.4496684, 51.1723672 ], [ 71.450492673285083, 51.172123753787432 ], [ 71.450470886461432, 51.172094776354172 ], [ 71.45076987240013, 51.172005353319776 ], [ 71.450763922313314, 51.171982551040777 ], [ 71.4508011, 51.1720268 ], [ 71.451176671440166, 51.171909952629576 ], [ 71.450996636781241, 51.171695741150025 ], [ 71.451270570027717, 51.171612452484055 ], [ 71.451321340305469, 51.171556257033195 ], [ 71.451721868638671, 51.171431651722109 ], [ 71.451513867832332, 51.171180352090033 ], [ 71.451209202465932, 51.171273285963629 ], [ 71.451021568767771, 51.171243452927911 ], [ 71.4506898, 51.1713452 ], [ 71.450840007922224, 51.171526689232444 ], [ 71.450486065917914, 51.171636839770635 ], [ 71.450462971090545, 51.171606853864027 ], [ 71.449336200000019, 51.171918199999986 ], [ 71.449405575219288, 51.172008267827998 ], [ 71.4493701, 51.172019 ], [ 71.4495439, 51.1722448 ], [ 71.449896074157266, 51.172139754805883 ], [ 71.44977157362581, 51.171978055026671 ], [ 71.450187711607768, 51.171852113574232 ], [ 71.450321305333091, 51.172025584477225 ] ] ], [ [ [ 71.448870174207016, 51.171831856573952 ], [ 71.4484974, 51.1719416 ], [ 71.4486007, 51.1720797 ], [ 71.448973474664982, 51.171969956390583 ], [ 71.448870174207016, 51.171831856573952 ] ] ], [ [ [ 71.449185875731374, 51.172282756012045 ], [ 71.449086675306759, 51.172153656187987 ], [ 71.4487723, 51.1722472 ], [ 71.4488715, 51.1723763 ], [ 71.449185875731374, 51.172282756012045 ] ] ], [ [ [ 71.449928875547528, 51.172471554733214 ], [ 71.4496493, 51.1725604 ], [ 71.4496936, 51.1726067 ], [ 71.449971775678705, 51.17251525465776 ], [ 71.449928875547528, 51.172471554733214 ] ] ], [ [ [ 71.4513211, 51.1474206 ], [ 71.451522764927276, 51.147361153267767 ], [ 71.451608364255733, 51.147232253128038 ], [ 71.45141966429324, 51.147182153452803 ], [ 71.451296620572819, 51.147218424307383 ], [ 71.451336164301495, 51.147158053596613 ], [ 71.451168064340663, 51.147114753885859 ], [ 71.4509664, 51.147174199999988 ], [ 71.4508915, 51.1472887 ], [ 71.4510595, 51.147332 ], [ 71.451181584353847, 51.147296012334543 ], [ 71.4511318, 51.1473704 ], [ 71.4513211, 51.1474206 ] ] ], [ [ [ 71.450633266106749, 51.147357254787046 ], [ 71.4504316, 51.147416699999987 ], [ 71.4503402, 51.1475722 ], [ 71.4505112, 51.147611799999986 ], [ 71.450576618263213, 51.147592516705316 ], [ 71.4505557, 51.1476226 ], [ 71.4507715, 51.1476816 ], [ 71.450973166793148, 51.1476221541933 ], [ 71.451080665981166, 51.147467554017446 ], [ 71.450864866016715, 51.147408554388953 ], [ 71.450783193301589, 51.14743262932538 ], [ 71.450804266047271, 51.147396754493037 ], [ 71.450633266106749, 51.147357254787046 ] ] ], [ [ [ 71.450238967912668, 51.147652755445641 ], [ 71.4500373, 51.147712199999987 ], [ 71.4499465, 51.1478262 ], [ 71.4501412, 51.1478872 ], [ 71.450303125212017, 51.147839470221022 ], [ 71.4502526, 51.1479181 ], [ 71.4504277, 51.1479624 ], [ 71.450629368467702, 51.147902954766387 ], [ 71.45070946782252, 51.147778454635834 ], [ 71.450534267866914, 51.147734154937247 ], [ 71.450381569678598, 51.147779165393011 ], [ 71.450433667914126, 51.14771375511009 ], [ 71.450238967912668, 51.147652755445641 ] ] ], [ [ [ 71.450095969141472, 51.147892855677831 ], [ 71.449924769154137, 51.147842455972743 ], [ 71.4497231, 51.1479019 ], [ 71.4496174, 51.1480474 ], [ 71.4497865, 51.148096 ], [ 71.449988169906803, 51.148036555854752 ], [ 71.450095969141472, 51.147892855677831 ] ] ], [ [ [ 71.4513422, 51.1482108 ], [ 71.451460611374998, 51.148175895328542 ], [ 71.4514294, 51.1482331 ], [ 71.4516432, 51.148279 ], [ 71.451844868199686, 51.148219552674661 ], [ 71.451909467602079, 51.148101252570264 ], [ 71.45169566769107, 51.148055252937709 ], [ 71.45158445024785, 51.148088037379466 ], [ 71.451630267611975, 51.148016553051342 ], [ 71.451440567660342, 51.147968653377703 ], [ 71.451242481786096, 51.148027044182662 ], [ 71.451288667776993, 51.147948353638142 ], [ 71.451111567838609, 51.147907453942658 ], [ 71.4509099, 51.1479669 ], [ 71.4508407, 51.1480848 ], [ 71.4510178, 51.1481257 ], [ 71.451213238768915, 51.148068090074283 ], [ 71.4511524, 51.1481629 ], [ 71.4513422, 51.1482108 ] ] ], [ [ [ 71.450371369124227, 51.147974655203413 ], [ 71.4501697, 51.1480341 ], [ 71.4501053, 51.1481519 ], [ 71.450287, 51.148191 ], [ 71.450488669643789, 51.148131554995224 ], [ 71.450553069048638, 51.148013754891146 ], [ 71.450371369124227, 51.147974655203413 ] ] ], [ [ [ 71.449778770554076, 51.148121256208142 ], [ 71.4495771, 51.1481807 ], [ 71.449521983022208, 51.148256570702941 ], [ 71.449503571485394, 51.148251256671649 ], [ 71.4493019, 51.1483107 ], [ 71.4491907, 51.1484664 ], [ 71.449260445536751, 51.148486126744572 ], [ 71.4491937, 51.1485058 ], [ 71.449105100000011, 51.1486347 ], [ 71.4492668, 51.1486785 ], [ 71.449468473120433, 51.148619056713187 ], [ 71.44955717244423, 51.148490056568136 ], [ 71.449537361617928, 51.148484705980643 ], [ 71.449600972281289, 51.148465956494533 ], [ 71.449676039240927, 51.148364324617091 ], [ 71.449834369398559, 51.148317655761829 ], [ 71.4497942, 51.1483908 ], [ 71.4499803, 51.1484311 ], [ 71.450181971092817, 51.148371655506999 ], [ 71.450235670599241, 51.148274055420188 ], [ 71.45004947067568, 51.148233755740208 ], [ 71.449861912719513, 51.148289040164173 ], [ 71.449949970541397, 51.148171655913231 ], [ 71.449778770554076, 51.148121256208142 ] ] ], [ [ [ 71.450531492171336, 51.148471152052259 ], [ 71.4503807, 51.1485156 ], [ 71.4503068, 51.1486337 ], [ 71.450402590725133, 51.14865726944398 ], [ 71.4502868, 51.1486914 ], [ 71.4502117, 51.1487999 ], [ 71.4503579, 51.14884 ], [ 71.45055957235023, 51.148780554841643 ], [ 71.450634871786178, 51.148673354718419 ], [ 71.450552904348299, 51.14865017557225 ], [ 71.450673071481802, 51.148614754656109 ], [ 71.450746970872999, 51.148496754535813 ], [ 71.450661933320021, 51.148475779473493 ], [ 71.45081977048369, 51.148429254414857 ], [ 71.450857063003781, 51.148356932644013 ], [ 71.45104696962423, 51.14830095403326 ], [ 71.451115868991948, 51.148175953921843 ], [ 71.450947169061251, 51.14813945421178 ], [ 71.4507455, 51.1481989 ], [ 71.450701770361903, 51.148278350731097 ], [ 71.4504937, 51.1483365 ], [ 71.4504345, 51.1484515 ], [ 71.450531492171336, 51.148471152052259 ] ] ], [ [ [ 71.449882171834901, 51.148450156015087 ], [ 71.4496805, 51.1485096 ], [ 71.4495841, 51.1486355 ], [ 71.4497963, 51.1486995 ], [ 71.449997972498991, 51.148640055807817 ], [ 71.450094471825238, 51.148514055649308 ], [ 71.449882171834901, 51.148450156015087 ] ] ], [ [ [ 71.451414, 51.1485675 ], [ 71.45150187430383, 51.14854159702351 ], [ 71.4514454, 51.1486375 ], [ 71.451558959093802, 51.148663832580191 ], [ 71.4513657, 51.1487208 ], [ 71.4512787, 51.1488585 ], [ 71.451342333190624, 51.148874331497659 ], [ 71.4512522, 51.1489009 ], [ 71.4511715, 51.1490445 ], [ 71.4513805, 51.1490907 ], [ 71.451582172057172, 51.149031253082633 ], [ 71.451662871328679, 51.14888765295202 ], [ 71.451604948096104, 51.14887484901061 ], [ 71.451687371135577, 51.148850552912037 ], [ 71.451774470423956, 51.148712852770167 ], [ 71.451624490599002, 51.148675557262685 ], [ 71.451819569954054, 51.148618052697898 ], [ 71.45188516938488, 51.148506652591436 ], [ 71.45171266944422, 51.148466652888068 ], [ 71.451627127254397, 51.148491868648414 ], [ 71.451677397632523, 51.14842085859847 ], [ 71.4517593, 51.1484411 ], [ 71.451960968743322, 51.148381652468281 ], [ 71.452041768078601, 51.148252852336725 ], [ 71.451884268122498, 51.148213952607662 ], [ 71.451682600000012, 51.1482734 ], [ 71.451635178636181, 51.148349086233246 ], [ 71.451547569053261, 51.148324653177134 ], [ 71.4513459, 51.1483841 ], [ 71.451251245242744, 51.148517902106299 ], [ 71.451103770331386, 51.148482453927173 ], [ 71.4509021, 51.1485419 ], [ 71.4508163, 51.1486824 ], [ 71.4510006, 51.148726699999983 ], [ 71.451202270996703, 51.148667253749672 ], [ 71.451285093784705, 51.148531627760157 ], [ 71.451414, 51.1485675 ] ] ], [ [ [ 71.449879274408829, 51.149045455990233 ], [ 71.449801404698931, 51.149030303614651 ], [ 71.449918274142235, 51.14899585592611 ], [ 71.449992673520654, 51.148875055805092 ], [ 71.449943705843467, 51.148863208899485 ], [ 71.45003277330224, 51.14883695573851 ], [ 71.450114972660231, 51.148713855604299 ], [ 71.449942272696504, 51.148668455901507 ], [ 71.4497406, 51.1487279 ], [ 71.4496585, 51.148851 ], [ 71.449717147875731, 51.148866426536927 ], [ 71.4496236, 51.148894 ], [ 71.4495492, 51.1490147 ], [ 71.449629321203147, 51.149034132063306 ], [ 71.4495039, 51.1490711 ], [ 71.4494342, 51.1492122 ], [ 71.4496079, 51.149246 ], [ 71.449809575111729, 51.149186556102201 ], [ 71.449879274408829, 51.149045455990233 ] ] ], [ [ [ 71.449243273743647, 51.148693257094081 ], [ 71.4490416, 51.1487527 ], [ 71.4489653, 51.1488634 ], [ 71.449029748487575, 51.148880864675526 ], [ 71.4489024, 51.1489184 ], [ 71.4488374, 51.1490329 ], [ 71.4490701, 51.1490848 ], [ 71.449271775139081, 51.149025357028776 ], [ 71.449336774557324, 51.148910856923507 ], [ 71.449227595927823, 51.148886506633708 ], [ 71.449344474293127, 51.148852056913285 ], [ 71.449420673713149, 51.148741456788692 ], [ 71.449243273743647, 51.148693257094081 ] ] ], [ [ [ 71.45058692317069, 51.149094887683006 ], [ 71.4505326, 51.1491109 ], [ 71.450442100000018, 51.1492392 ], [ 71.45048711839199, 51.149251699976205 ], [ 71.4503945, 51.149279 ], [ 71.4503059, 51.1494131 ], [ 71.4505114, 51.1494665 ], [ 71.450713074848537, 51.149407054548114 ], [ 71.450801574150134, 51.149272854403669 ], [ 71.450749419995802, 51.149259320863649 ], [ 71.450837173932157, 51.149233454344852 ], [ 71.45092767325653, 51.149105154196732 ], [ 71.450871101192234, 51.149089446376266 ], [ 71.450926373120112, 51.149073154200543 ], [ 71.451006072518169, 51.148958554070163 ], [ 71.450912519620331, 51.148932946923082 ], [ 71.451041072196972, 51.148895054013586 ], [ 71.451117071560716, 51.14877135388997 ], [ 71.450958871608563, 51.148733154162073 ], [ 71.4507572, 51.1487926 ], [ 71.45068120000002, 51.1489162 ], [ 71.450754320378906, 51.148933902376818 ], [ 71.4506305, 51.1489704 ], [ 71.4505508, 51.149085 ], [ 71.45058692317069, 51.149094887683006 ] ] ], [ [ [ 71.450309073079993, 51.148871555264904 ], [ 71.4501074, 51.148931 ], [ 71.4500327, 51.1490582 ], [ 71.4502096, 51.1490991 ], [ 71.45041127366828, 51.149039655081957 ], [ 71.450485973018232, 51.148912354960736 ], [ 71.450309073079993, 51.148871555264904 ] ] ], [ [ [ 71.450260275050866, 51.149312855326151 ], [ 71.450366674190207, 51.149146655152755 ], [ 71.450179974237969, 51.149099555473981 ], [ 71.4499783, 51.149159 ], [ 71.4498419, 51.1492474 ], [ 71.4498031, 51.1493079 ], [ 71.4500586, 51.1493723 ], [ 71.450260275050866, 51.149312855326151 ] ] ], [ [ [ 71.451276372837611, 51.149116753600609 ], [ 71.4510747, 51.1491762 ], [ 71.4509928, 51.1493053 ], [ 71.4511548, 51.1493458 ], [ 71.451356473462084, 51.149286353455317 ], [ 71.451438472794436, 51.149157253321739 ], [ 71.451276372837611, 51.149116753600609 ] ] ], [ [ [ 71.449497876131048, 51.149325556627602 ], [ 71.4492962, 51.149385 ], [ 71.4492023, 51.1495057 ], [ 71.4494201, 51.1495723 ], [ 71.449621776773071, 51.149512856406616 ], [ 71.449715676125663, 51.149392156252283 ], [ 71.449497876131048, 51.149325556627602 ] ] ], [ [ [ 71.45128897409468, 51.14941185356431 ], [ 71.451101474115475, 51.149358253887215 ], [ 71.450899800000016, 51.1494177 ], [ 71.4508227, 51.1495239 ], [ 71.4510102, 51.1495775 ], [ 71.451211874656892, 51.149518053690656 ], [ 71.45128897409468, 51.14941185356431 ] ] ], [ [ [ 71.450076876076366, 51.14949325563034 ], [ 71.4498752, 51.1495527 ], [ 71.4497776, 51.14969820000001 ], [ 71.4499556, 51.1497451 ], [ 71.45015727679889, 51.149685655483381 ], [ 71.450254876039878, 51.149540255323984 ], [ 71.450076876076366, 51.14949325563034 ] ] ], [ [ [ 71.44935707736262, 51.149566956855978 ], [ 71.4491554, 51.149626399999988 ], [ 71.4490432, 51.1497821 ], [ 71.4492345, 51.149838 ], [ 71.449436178169833, 51.149778556710302 ], [ 71.449548777340112, 51.149621456525857 ], [ 71.44935707736262, 51.149566956855978 ] ] ], [ [ [ 71.4500153, 51.1503035 ], [ 71.4499527, 51.150410099999988 ], [ 71.4501324, 51.1504517 ], [ 71.450334079611849, 51.150392255146059 ], [ 71.450395014699964, 51.150285246830464 ], [ 71.450491678814842, 51.150256754883678 ], [ 71.450571649236835, 51.150111207247122 ], [ 71.4506627, 51.150111899999985 ], [ 71.450827754452035, 51.150063249157157 ], [ 71.4510106, 51.1501131 ], [ 71.451196031967726, 51.150058442060782 ], [ 71.4511671, 51.150112 ], [ 71.4514688, 51.1501761 ], [ 71.451670476624443, 51.150116652877443 ], [ 71.451730276066073, 51.150005952780873 ], [ 71.451428576195113, 51.149941853299353 ], [ 71.451254046929193, 51.149993298115938 ], [ 71.451323976121657, 51.149892253480481 ], [ 71.451117476156782, 51.149836053835955 ], [ 71.4509158, 51.1498955 ], [ 71.450881091954372, 51.149945620162484 ], [ 71.45076681686713, 51.149916954095396 ], [ 71.450922876569194, 51.149870954166573 ], [ 71.451011775867201, 51.149736054021496 ], [ 71.450540975973709, 51.149614054831659 ], [ 71.4503393, 51.1496735 ], [ 71.4502756, 51.1497702 ], [ 71.450445089124315, 51.149858883679642 ], [ 71.4502849, 51.1499061 ], [ 71.4501817, 51.150068 ], [ 71.450246378946886, 51.150084208831146 ], [ 71.4501297, 51.1501186 ], [ 71.4500497, 51.150264300000011 ], [ 71.450106600377737, 51.15027658940059 ], [ 71.4500153, 51.1503035 ] ] ], [ [ [ 71.449558098191545, 51.150136883331555 ], [ 71.4495024, 51.1501533 ], [ 71.4493871, 51.1503106 ], [ 71.4495387, 51.150354299999989 ], [ 71.449740379989848, 51.150294856164912 ], [ 71.449855679155604, 51.15013755597586 ], [ 71.449820941017407, 51.150127542493358 ], [ 71.449884678992248, 51.150108755927782 ], [ 71.449981378208093, 51.149957255770211 ], [ 71.449963368207392, 51.149952740158 ], [ 71.449999278118824, 51.149942155740398 ], [ 71.450090477324792, 51.149786655592436 ], [ 71.449928877381097, 51.149749355870291 ], [ 71.4497272, 51.1498088 ], [ 71.449638709433046, 51.149964925385113 ], [ 71.4496086, 51.1499738 ], [ 71.4495119, 51.1501253 ], [ 71.449558098191545, 51.150136883331555 ] ] ], [ [ [ 71.450909277786891, 51.150148754175881 ], [ 71.4507076, 51.1502082 ], [ 71.4506158, 51.1503332 ], [ 71.4508699, 51.1504067 ], [ 71.451071578425598, 51.150347253888732 ], [ 71.451163377762427, 51.150222253738235 ], [ 71.450909277786891, 51.150148754175881 ] ] ], [ [ [ 71.4500816, 51.1507321 ], [ 71.450283280890844, 51.150672655218777 ], [ 71.450373980202386, 51.150541455070446 ], [ 71.449804561001187, 51.150372012444372 ], [ 71.4494012, 51.1504909 ], [ 71.4492134, 51.1507399 ], [ 71.4496038, 51.1508557 ], [ 71.450007163606386, 51.150736811715802 ], [ 71.450022772088246, 51.150716105505346 ], [ 71.4500816, 51.1507321 ] ] ], [ [ [ 71.4516048, 51.1510192 ], [ 71.452008159635312, 51.150900304864422 ], [ 71.452582751345517, 51.150119302980038 ], [ 71.452230051412741, 51.150017204194995 ], [ 71.4518267, 51.1501361 ], [ 71.451456196359644, 51.150639694190794 ], [ 71.45128737921948, 51.150598353507604 ], [ 71.4510857, 51.1506578 ], [ 71.4510149, 51.1507714 ], [ 71.451186, 51.15081330000001 ], [ 71.451367921240333, 51.150759677326135 ], [ 71.4512521, 51.1509171 ], [ 71.4516048, 51.1510192 ] ] ], [ [ [ 71.453077181087309, 51.151588550401222 ], [ 71.450391781342489, 51.150811055026544 ], [ 71.4501901, 51.150870500000011 ], [ 71.4495716, 51.1516881 ], [ 71.4522582, 51.1524734 ], [ 71.452459885481687, 51.152413951414125 ], [ 71.453077181087309, 51.151588550401222 ] ] ], [ [ [ 71.451249383441137, 51.153998461231161 ], [ 71.4506443, 51.1541768 ], [ 71.4505024, 51.154325900000011 ], [ 71.450903, 51.1544758 ], [ 71.451508086270806, 51.154297459860672 ], [ 71.451649983766458, 51.15414835915599 ], [ 71.451249383441137, 51.153998461231161 ] ] ], [ [ [ 71.450708899005761, 51.155000254275173 ], [ 71.450507200000018, 51.1550597 ], [ 71.450275, 51.155302499999983 ], [ 71.4504632, 51.1553734 ], [ 71.450664900419739, 51.15531395433463 ], [ 71.450897199058204, 51.155071053950032 ], [ 71.450708899005761, 51.155000254275173 ] ] ], [ [ [ 71.451021702593678, 51.155928453694436 ], [ 71.450914542616431, 51.155888361590236 ], [ 71.451083202123115, 51.155838653593904 ], [ 71.451202101441865, 51.155717953396831 ], [ 71.450761501296498, 51.155547054157942 ], [ 71.4505598, 51.1556065 ], [ 71.450440900000018, 51.155727199999987 ], [ 71.450546248068534, 51.155768062695238 ], [ 71.4503707, 51.1558198 ], [ 71.4502618, 51.155934399999985 ], [ 71.4504496, 51.1560577 ], [ 71.4507111, 51.15610250000001 ], [ 71.450912803235141, 51.156043053874697 ], [ 71.451021702593678, 51.155928453694436 ] ] ], [ [ [ 71.4495289, 51.1563021 ], [ 71.4500726, 51.1562054 ], [ 71.450274304538524, 51.156145954960124 ], [ 71.450208003983747, 51.155996855080843 ], [ 71.449799719113088, 51.156109213376986 ], [ 71.449760372067516, 51.156016991290365 ], [ 71.4499293, 51.155996499999979 ], [ 71.450131003829057, 51.155937055215325 ], [ 71.450047703132611, 51.155749855366977 ], [ 71.449832003586025, 51.155787655733526 ], [ 71.449681455304756, 51.155832024015815 ], [ 71.44967370391214, 51.155813856002602 ], [ 71.44955610415542, 51.15583355620246 ], [ 71.4493544, 51.155893 ], [ 71.4495289, 51.1563021 ] ] ], [ [ [ 71.4514433, 51.155926 ], [ 71.452451802157995, 51.155628759749405 ], [ 71.45330297710376, 51.154733652704643 ], [ 71.453135776878938, 51.154671154148161 ], [ 71.4521273, 51.1549684 ], [ 71.4512761, 51.1558634 ], [ 71.45129754277886, 51.155871428240559 ], [ 71.4511229, 51.1559229 ], [ 71.4510816, 51.1559617 ], [ 71.4511782, 51.1560021 ], [ 71.45137990217313, 51.155942653081901 ], [ 71.451410642764884, 51.155913773101155 ], [ 71.4514433, 51.155926 ] ] ], [ [ [ 71.451184702960461, 51.156064153409233 ], [ 71.450853600000016, 51.1561602 ], [ 71.4508912, 51.1562124 ], [ 71.451222303135353, 51.156116353342391 ], [ 71.451184702960461, 51.156064153409233 ] ] ], [ [ [ 71.450346404489906, 51.156157154836414 ], [ 71.4499202, 51.1562965 ], [ 71.449953, 51.1563762 ], [ 71.4500884, 51.1563543 ], [ 71.450290105160377, 51.156294854925676 ], [ 71.450258406864137, 51.156217597158914 ], [ 71.45036000460334, 51.156187654811667 ], [ 71.450346404489906, 51.156157154836414 ] ] ], [ [ [ 71.451278003385625, 51.156191653243475 ], [ 71.4510763, 51.1562511 ], [ 71.4510709, 51.1563419 ], [ 71.4511776, 51.1563444 ], [ 71.451379303652303, 51.156284953065779 ], [ 71.451384703252884, 51.156194153061108 ], [ 71.451278003385625, 51.156191653243475 ] ] ], [ [ [ 71.450348205644133, 51.156424954819933 ], [ 71.45031550534388, 51.156345254879781 ], [ 71.450180005620766, 51.156367155110111 ], [ 71.4499783, 51.15642660000001 ], [ 71.450011, 51.1565063 ], [ 71.4501465, 51.1564844 ], [ 71.450348205644133, 51.156424954819933 ] ] ], [ [ [ 71.451156088574876, 51.156509220229061 ], [ 71.451170104784183, 51.15648185341324 ], [ 71.451126004365818, 51.156371253494115 ], [ 71.451051504401264, 51.156356253622107 ], [ 71.4508498, 51.1564157 ], [ 71.4507633, 51.1565002 ], [ 71.4507192, 51.1565863 ], [ 71.4509242, 51.1566276 ], [ 71.451125905216387, 51.156568153484415 ], [ 71.45115070427903, 51.156519733122117 ], [ 71.4511413, 51.156543 ], [ 71.4512204, 51.1565556 ], [ 71.451422104506918, 51.156496152982093 ], [ 71.451435704344362, 51.156462752960557 ], [ 71.451356504396486, 51.156450153096451 ], [ 71.451156088574876, 51.156509220229061 ] ] ], [ [ [ 71.450401806109753, 51.15654945472216 ], [ 71.4503691058095, 51.156469754781988 ], [ 71.450233706086252, 51.156491655012161 ], [ 71.450032, 51.1565511 ], [ 71.4500647, 51.1566308 ], [ 71.4502001, 51.1566089 ], [ 71.450401806109753, 51.15654945472216 ] ] ], [ [ [ 71.450450906473023, 51.156648854633303 ], [ 71.450315506749746, 51.15667075486347 ], [ 71.4501138, 51.156730199999984 ], [ 71.4501465, 51.1568099 ], [ 71.4502819, 51.156788 ], [ 71.450483606773261, 51.156728554573462 ], [ 71.450450906473023, 51.156648854633303 ] ] ], [ [ [ 71.449639707651968, 51.156669156017863 ], [ 71.4493043, 51.1567521 ], [ 71.449343, 51.1568384 ], [ 71.449678407972669, 51.156755455947426 ], [ 71.449639707651968, 51.156669156017863 ] ] ], [ [ [ 71.4496893, 51.1569617 ], [ 71.449891008320733, 51.156902255576973 ], [ 71.449834707852673, 51.156776355679419 ], [ 71.449340608892683, 51.156863256519031 ], [ 71.4491389, 51.15692270000001 ], [ 71.4491537, 51.1569557 ], [ 71.4493, 51.1570302 ], [ 71.4496893, 51.1569617 ] ] ], [ [ [ 71.451286, 51.1577384 ], [ 71.452294542355489, 51.157441160638591 ], [ 71.452306492663894, 51.157107473378687 ], [ 71.4525752, 51.1571087 ], [ 71.452718896225278, 51.157066347875833 ], [ 71.452749, 51.1571035 ], [ 71.4529462, 51.1571007 ], [ 71.453147904539335, 51.157041250007097 ], [ 71.453144337410421, 51.156940954529759 ], [ 71.453583720083699, 51.156811449786538 ], [ 71.453579203119688, 51.156721525639881 ], [ 71.454489406255234, 51.156453242141758 ], [ 71.454486304049681, 51.156350142194086 ], [ 71.454150321134208, 51.156349029701758 ], [ 71.45463508915617, 51.156206141005356 ], [ 71.4546333, 51.1563053 ], [ 71.4551259, 51.1563088 ], [ 71.455327598186301, 51.156249346323939 ], [ 71.45536949782803, 51.156179446255884 ], [ 71.45537269704981, 51.15600024625941 ], [ 71.455105361445177, 51.155998341775273 ], [ 71.455105791680396, 51.155970336998976 ], [ 71.454732395276068, 51.15597034140572 ], [ 71.455656882088419, 51.155697832361128 ], [ 71.455655880028658, 51.155602132393696 ], [ 71.454525087636256, 51.155602142050391 ], [ 71.4535166, 51.1558994 ], [ 71.4535198, 51.1559944 ], [ 71.453887416987811, 51.15599462920644 ], [ 71.4529613, 51.1562676 ], [ 71.4529583, 51.1563584 ], [ 71.453295199122437, 51.156360385527002 ], [ 71.4523343, 51.1566436 ], [ 71.452347282280584, 51.156744857211386 ], [ 71.452205750010648, 51.156786571273898 ], [ 71.452134529273451, 51.156785562169283 ], [ 71.45133321862491, 51.157021728702489 ], [ 71.451203014610869, 51.157014707002268 ], [ 71.4507996, 51.1571336 ], [ 71.4507761, 51.1573972 ], [ 71.450968100000011, 51.1574079 ], [ 71.451114038350653, 51.157364889755691 ], [ 71.4510982, 51.1577384 ], [ 71.451286, 51.1577384 ] ] ], [ [ [ 71.451378630274306, 51.16244755275833 ], [ 71.4511769, 51.162507 ], [ 71.4511596, 51.1626233 ], [ 71.4521412, 51.162683 ], [ 71.452342929737114, 51.162623551102328 ], [ 71.452362029204622, 51.162506251075577 ], [ 71.451378630274306, 51.16244755275833 ] ] ], [ [ [ 71.451444631484705, 51.162748252630522 ], [ 71.450455232539113, 51.162684154323806 ], [ 71.4502535, 51.1627436 ], [ 71.4502332, 51.1628646 ], [ 71.4512221, 51.1629283 ], [ 71.451423832033754, 51.162868852660011 ], [ 71.451444631484705, 51.162748252630522 ] ] ], [ [ [ 71.449568734914067, 51.162957755824451 ], [ 71.449367, 51.1630172 ], [ 71.4493471, 51.1631359 ], [ 71.4503132, 51.1632033 ], [ 71.450514934444982, 51.163143854198822 ], [ 71.450536133903611, 51.163025154168544 ], [ 71.449568734914067, 51.162957755824451 ] ] ], [ [ [ 71.4508433, 51.1637879 ], [ 71.45125083574564, 51.163674052915205 ], [ 71.451243438574551, 51.163663046106166 ], [ 71.451976733730078, 51.163433651687264 ], [ 71.451838333174024, 51.163261851932297 ], [ 71.4510396, 51.1635105 ], [ 71.451095020632181, 51.163579245770478 ], [ 71.4507656, 51.1636725 ], [ 71.4508433, 51.1637879 ] ] ], [ [ [ 71.450641237784879, 51.163956153942401 ], [ 71.4502366, 51.1640809 ], [ 71.4503309, 51.1641962 ], [ 71.450735638156047, 51.164071453775385 ], [ 71.450878937676734, 51.164005153533921 ], [ 71.450826675669845, 51.163941249783683 ], [ 71.4509725, 51.1639427 ], [ 71.451606675660273, 51.16377186827615 ], [ 71.451655801554963, 51.163832077208518 ], [ 71.4514028, 51.1639173 ], [ 71.451464205737409, 51.16401934481118 ], [ 71.4511464, 51.1641216 ], [ 71.4512151, 51.1641952 ], [ 71.451534237172581, 51.164092552410146 ], [ 71.451489219241481, 51.164044323862576 ], [ 71.45154, 51.1640625 ], [ 71.451900036046865, 51.163945951792613 ], [ 71.451806342760577, 51.163843811376488 ], [ 71.452226934592403, 51.163711151245977 ], [ 71.452098834086428, 51.16355415147266 ], [ 71.451301922743582, 51.16379215905863 ], [ 71.451266336018165, 51.163741952885317 ], [ 71.450917936719023, 51.163795653477777 ], [ 71.4506032, 51.1638866 ], [ 71.4506407, 51.1639394 ], [ 71.450746811863766, 51.163940455464626 ], [ 71.450641237784879, 51.163956153942401 ] ] ], [ [ [ 71.451028837608547, 51.164036053276298 ], [ 71.4503718, 51.1642474 ], [ 71.4504442, 51.164332 ], [ 71.450551, 51.1643193 ], [ 71.451116337937592, 51.164139453121663 ], [ 71.451073421919205, 51.164088738983914 ], [ 71.451434236828831, 51.16398185258651 ], [ 71.451379936592076, 51.16391015268286 ], [ 71.4510162, 51.1640179 ], [ 71.451039404923378, 51.164048540786347 ], [ 71.451028837608547, 51.164036053276298 ] ] ], [ [ [ 71.452023593173621, 51.164184394202323 ], [ 71.451739700000019, 51.1642715 ], [ 71.4518082, 51.1643554 ], [ 71.452144737042801, 51.16425265135927 ], [ 71.452104083749006, 51.164202845442063 ], [ 71.452464193800779, 51.164091152109869 ], [ 71.452599157084663, 51.164264487659736 ], [ 71.4523596, 51.1643383 ], [ 71.4524327, 51.1644279 ], [ 71.452670962526213, 51.164356707951278 ], [ 71.452698934695277, 51.164392632712676 ], [ 71.4524407, 51.164474399999989 ], [ 71.4524292, 51.1645223 ], [ 71.4525096, 51.1646052 ], [ 71.452793651384553, 51.164514277233806 ], [ 71.452856457548876, 51.164594938702791 ], [ 71.452496, 51.1646946 ], [ 71.452525318440507, 51.164726416014261 ], [ 71.4522075, 51.1648235 ], [ 71.4522632, 51.1648916 ], [ 71.452592438767155, 51.164791150567524 ], [ 71.452557824946993, 51.164748831233005 ], [ 71.4525965, 51.1647755 ], [ 71.453301636904001, 51.164580849366622 ], [ 71.453031035531595, 51.164178949848996 ], [ 71.452839434726499, 51.16393295018861 ], [ 71.452501355273526, 51.164034139613889 ], [ 71.452467535485383, 51.163992750820888 ], [ 71.45203047280441, 51.164127701579417 ], [ 71.451932336269138, 51.164007451734356 ], [ 71.4515743, 51.164117 ], [ 71.4516777, 51.1642438 ], [ 71.451993666402785, 51.164147663704554 ], [ 71.452023593173621, 51.164184394202323 ] ] ], [ [ [ 71.451586237443522, 51.164171452317355 ], [ 71.4512068, 51.1642867 ], [ 71.4512477, 51.164338 ], [ 71.451627237610438, 51.164222852244762 ], [ 71.451586237443522, 51.164171452317355 ] ] ], [ [ [ 71.451708737951463, 51.16432715210032 ], [ 71.4513594, 51.1644371 ], [ 71.4514137, 51.1644995 ], [ 71.451763038148414, 51.164389652004417 ], [ 71.451708737951463, 51.16432715210032 ] ] ], [ [ [ 71.450880239234877, 51.164366153513619 ], [ 71.4505625, 51.164464399999986 ], [ 71.4506408, 51.1645563 ], [ 71.45095853952661, 51.164458053375263 ], [ 71.450880239234877, 51.164366153513619 ] ] ], [ [ [ 71.451760738422024, 51.164452252005219 ], [ 71.4513963, 51.164568499999987 ], [ 71.4514669, 51.1646481 ], [ 71.451831338670971, 51.164531851880618 ], [ 71.451760738422024, 51.164452252005219 ] ] ], [ [ [ 71.45107473950506, 51.164489253175184 ], [ 71.4506988, 51.1645973 ], [ 71.4507547, 51.1646761 ], [ 71.451130539770475, 51.164568053075925 ], [ 71.45107473950506, 51.164489253175184 ] ] ], [ [ [ 71.451911838840473, 51.164596151739879 ], [ 71.4515956, 51.1646935 ], [ 71.4516593, 51.1647692 ], [ 71.451975539081857, 51.164671851627297 ], [ 71.451911838840473, 51.164596151739879 ] ] ], [ [ [ 71.451227439781803, 51.164600852908777 ], [ 71.4507999, 51.1647322 ], [ 71.4508692, 51.1648177 ], [ 71.451296740058012, 51.164686352786099 ], [ 71.451227439781803, 51.164600852908777 ] ] ], [ [ [ 71.452072039353425, 51.164764751457781 ], [ 71.452039139201958, 51.164719451516277 ], [ 71.4516864, 51.164822 ], [ 71.4517194, 51.164867399999984 ], [ 71.452072039353425, 51.164764751457781 ] ] ], [ [ [ 71.4509893, 51.1649568 ], [ 71.451489240304966, 51.164803452451402 ], [ 71.451430440066488, 51.164729952555533 ], [ 71.451285340328724, 51.164745452802613 ], [ 71.4509111, 51.1648592 ], [ 71.4509893, 51.1649568 ] ] ], [ [ [ 71.451254, 51.1650037 ], [ 71.4513323, 51.1650602 ], [ 71.451713440619869, 51.164946152061269 ], [ 71.4516061401645, 51.164807352251515 ], [ 71.4512233, 51.1649219 ], [ 71.451254, 51.1650037 ] ] ], [ [ [ 71.452168139845469, 51.164908551286437 ], [ 71.45211123965025, 51.164845651386777 ], [ 71.4517585, 51.1649587 ], [ 71.4518154, 51.1650216 ], [ 71.452168139845469, 51.164908551286437 ] ] ], [ [ [ 71.451476241334902, 51.165037752461885 ], [ 71.4511183, 51.1651509 ], [ 71.4511739, 51.1652144 ], [ 71.451531841534049, 51.165101152363725 ], [ 71.451476241334902, 51.165037752461885 ] ] ], [ [ [ 71.4512733, 51.1653695 ], [ 71.4513249, 51.1654327 ], [ 71.451541, 51.1654138 ], [ 71.451716353033731, 51.165362128234733 ], [ 71.4517437, 51.165396 ], [ 71.452049841711116, 51.165303451468731 ], [ 71.452054928832581, 51.165281953856748 ], [ 71.452382240794051, 51.165194750906359 ], [ 71.452532740339151, 51.165136350652212 ], [ 71.452495921497388, 51.165099006094337 ], [ 71.452611976857256, 51.165062656483194 ], [ 71.4526445, 51.16509760000001 ], [ 71.452882795675052, 51.165024783802373 ], [ 71.4528923, 51.165036 ], [ 71.4530118, 51.1650173 ], [ 71.453273538484439, 51.164937849396701 ], [ 71.453234276175749, 51.164891522032541 ], [ 71.453457037745721, 51.164824049088956 ], [ 71.453384637438276, 51.164730349217336 ], [ 71.453155216507767, 51.164798235643715 ], [ 71.453141837990174, 51.16478244962947 ], [ 71.452212151086115, 51.165065892712413 ], [ 71.452204540440349, 51.16505755121679 ], [ 71.4520028, 51.165117 ], [ 71.451894, 51.1651561 ], [ 71.451899924285613, 51.165172071454442 ], [ 71.4512733, 51.1653695 ] ] ], [ [ [ 71.451740571090539, 51.165563172024385 ], [ 71.451855342949045, 51.165529351789665 ], [ 71.45183953168582, 51.165504159914633 ], [ 71.45201414239655, 51.165450951522324 ], [ 71.45193464207054, 51.165350751663141 ], [ 71.4513886, 51.1655004 ], [ 71.451411248246743, 51.165536509376544 ], [ 71.450622, 51.1657735 ], [ 71.4507446, 51.1659272 ], [ 71.451783276864489, 51.165616709683505 ], [ 71.451740571090539, 51.165563172024385 ] ] ], [ [ [ 71.4507421, 51.1656535 ], [ 71.451146243898563, 51.165528253001035 ], [ 71.451093243692469, 51.165464053094794 ], [ 71.45095714395471, 51.165482353326368 ], [ 71.4506722, 51.1655688 ], [ 71.4507421, 51.1656535 ] ] ], [ [ [ 71.4499605, 51.1659181 ], [ 71.450677245186554, 51.165680253794612 ], [ 71.450620944964143, 51.165611253894227 ], [ 71.4502026, 51.1657207 ], [ 71.449888, 51.1658273 ], [ 71.4499605, 51.1659181 ] ] ], [ [ [ 71.4495801, 51.1668174 ], [ 71.450708814044404, 51.166483009969568 ], [ 71.4507475, 51.1665319 ], [ 71.45259362467219, 51.165974155947644 ], [ 71.452524623252373, 51.165886956558836 ], [ 71.451108082196654, 51.166311065852888 ], [ 71.451084202621445, 51.166148250866854 ], [ 71.451181746389182, 51.166115652910975 ], [ 71.451158825549584, 51.166088696879712 ], [ 71.45189994303621, 51.165863949478741 ], [ 71.4520053, 51.1659915 ], [ 71.454022718380415, 51.165396996313191 ], [ 71.455031590649583, 51.165069479243527 ], [ 71.45501257989639, 51.165046446837842 ], [ 71.456363054341935, 51.164643956712922 ], [ 71.456346120547195, 51.16462168204901 ], [ 71.459661365201356, 51.163608400893239 ], [ 71.45955234430042, 51.163466956568449 ], [ 71.462113401542055, 51.162712001075313 ], [ 71.463924205415481, 51.162120442106669 ], [ 71.464237687360352, 51.162001031914855 ], [ 71.464253783001126, 51.161953631431501 ], [ 71.464173930050364, 51.161845800020927 ], [ 71.464595547543709, 51.161730272427569 ], [ 71.4645965, 51.1618476 ], [ 71.4647907, 51.1618476 ], [ 71.465184938610335, 51.161731365058152 ], [ 71.4651828, 51.1617856 ], [ 71.4654211, 51.1617893 ], [ 71.466429634717599, 51.1614919389093 ], [ 71.466435713869132, 51.161300741963608 ], [ 71.4668098, 51.1613019 ], [ 71.467616612929987, 51.161064002421966 ], [ 71.467618009650025, 51.16087460245064 ], [ 71.467174077268098, 51.160873328978035 ], [ 71.467353813990357, 51.160820331186727 ], [ 71.467351911674967, 51.16071253123016 ], [ 71.466575017024184, 51.1607180378629 ], [ 71.465794252818782, 51.160948247966623 ], [ 71.465793826142871, 51.16089674448876 ], [ 71.465599727462532, 51.160897346146115 ], [ 71.465207889637938, 51.161012876938265 ], [ 71.465206930052872, 51.160894849501013 ], [ 71.465012731373164, 51.160895451159227 ], [ 71.464011094773895, 51.161190767231844 ], [ 71.463852378298029, 51.160988145396786 ], [ 71.4604362, 51.161998499999989 ], [ 71.4607893, 51.1624554 ], [ 71.46166232559699, 51.162198039497291 ], [ 71.4616672, 51.1622793 ], [ 71.4617155, 51.1623413 ], [ 71.462107314869812, 51.162224334444147 ], [ 71.462079288125224, 51.162187627943169 ], [ 71.462299383926918, 51.162104389808292 ], [ 71.4623581, 51.1621744 ], [ 71.46274701326557, 51.162052333360243 ], [ 71.462722941721495, 51.162023821990722 ], [ 71.462889112739461, 51.161974833121441 ], [ 71.462908939645715, 51.161895296828689 ], [ 71.463139311760258, 51.161826132701592 ], [ 71.463099454935659, 51.161774365731809 ], [ 71.463127770915179, 51.161766017769111 ], [ 71.463182, 51.1618309 ], [ 71.463641210482351, 51.161686731851418 ], [ 71.463592836043858, 51.161628908401219 ], [ 71.464006797094541, 51.161506863189217 ], [ 71.4640096, 51.1618458 ], [ 71.464087090448203, 51.161845800038641 ], [ 71.46371532366507, 51.161954586573948 ], [ 71.46369793369314, 51.161944512099602 ], [ 71.463838111110164, 51.161893431504708 ], [ 71.463786810942068, 51.161838531595102 ], [ 71.4634169, 51.1619595 ], [ 71.463460635745619, 51.162005166508727 ], [ 71.462654275669721, 51.162211270968442 ], [ 71.4615256, 51.1625469 ], [ 71.461560473186196, 51.162589850586642 ], [ 71.4601162, 51.1630156 ], [ 71.4580469, 51.1636903 ], [ 71.4580611, 51.1637665 ], [ 71.4581322, 51.1638468 ], [ 71.458189944705296, 51.16385263936268 ], [ 71.4548739, 51.1648662 ], [ 71.454891286857261, 51.164888354991113 ], [ 71.4532175, 51.1653861 ], [ 71.453235291861617, 51.165409504846508 ], [ 71.451924712284367, 51.165824525334848 ], [ 71.451816932800412, 51.165700056565143 ], [ 71.451031972842927, 51.165939511209949 ], [ 71.45100964574614, 51.165913253215109 ], [ 71.4504552, 51.1660907 ], [ 71.450525161984373, 51.166172986933354 ], [ 71.4492496, 51.1665594 ], [ 71.449319300000013, 51.1666507 ], [ 71.4495801, 51.1668174 ] ], [ [ 71.466168647356781, 51.161118951051485 ], [ 71.465796575882223, 51.161228655619908 ], [ 71.465795688888889, 51.161121591461232 ], [ 71.466168647356781, 51.161118951051485 ] ] ], [ [ [ 71.450182047007658, 51.165947454627158 ], [ 71.4498355, 51.166052299999983 ], [ 71.4499202, 51.1661586 ], [ 71.450266847352907, 51.16605375447697 ], [ 71.450182047007658, 51.165947454627158 ] ] ], [ [ [ 71.451307548876329, 51.166730352665297 ], [ 71.451263248728509, 51.166682352743365 ], [ 71.4509395, 51.1667805 ], [ 71.4509851, 51.1668272 ], [ 71.451307548876329, 51.166730352665297 ] ] ], [ [ [ 71.4517743, 51.1676529 ], [ 71.4518622, 51.1677592 ], [ 71.4521809, 51.1677378 ], [ 71.452556951047185, 51.167621750486319 ], [ 71.45235535026444, 51.167377850842946 ], [ 71.4519793, 51.167493899999982 ], [ 71.4517743, 51.1676529 ] ] ], [ [ [ 71.451624352030095, 51.167558752082627 ], [ 71.451292, 51.1676578 ], [ 71.4514099, 51.1678106 ], [ 71.451742252531346, 51.167711451873572 ], [ 71.451624352030095, 51.167558752082627 ] ] ], [ [ [ 71.4514633, 51.169028799999985 ], [ 71.452321356374284, 51.168780950830723 ], [ 71.452243656035407, 51.168678350968605 ], [ 71.4513816, 51.1689156 ], [ 71.4514633, 51.169028799999985 ] ] ], [ [ [ 71.4524486, 51.1688841 ], [ 71.4518854, 51.1690536 ], [ 71.452005523216798, 51.169204207973578 ], [ 71.4514812, 51.1693587 ], [ 71.4516039, 51.1695312 ], [ 71.452144671895539, 51.169378736913437 ], [ 71.4521629, 51.1694016 ], [ 71.452364658741587, 51.169342150728646 ], [ 71.452558158218793, 51.16928145040113 ], [ 71.452542308608599, 51.169261570715072 ], [ 71.452688354191267, 51.169218536965801 ], [ 71.4527006, 51.1692329 ], [ 71.452902357288693, 51.16917344981853 ], [ 71.453549555470133, 51.168954248723914 ], [ 71.453205654068938, 51.168522949333003 ], [ 71.452872873183665, 51.168623503291826 ], [ 71.452821454753334, 51.168561649987396 ], [ 71.4524594, 51.1686735 ], [ 71.4524486, 51.1688841 ] ], [ [ 71.45236589305631, 51.169040317495174 ], [ 71.452732656437433, 51.168923650120959 ], [ 71.452719056384424, 51.16890715014501 ], [ 71.452990487770663, 51.168818473648891 ], [ 71.453090749211981, 51.168944215692747 ], [ 71.452984082448623, 51.168976545386904 ], [ 71.452952486176599, 51.168932152141814 ], [ 71.452403160185355, 51.169087041856365 ], [ 71.45236589305631, 51.169040317495174 ] ] ], [ [ [ 71.452354263342457, 51.170403350693249 ], [ 71.4515174, 51.1706694 ], [ 71.4516518, 51.1708317 ], [ 71.452488563862801, 51.170565550455692 ], [ 71.452354263342457, 51.170403350693249 ] ] ], [ [ [ 71.452801229328642, 51.170787200162607 ], [ 71.452710128641954, 51.170679400484659 ], [ 71.4517048, 51.1709982 ], [ 71.4517959, 51.1711059 ], [ 71.452801229328642, 51.170787200162607 ] ] ], [ [ [ 71.450811166645806, 51.170687053315206 ], [ 71.4500207, 51.1709473 ], [ 71.4502228, 51.1711801 ], [ 71.451013167380239, 51.170919852958463 ], [ 71.450811166645806, 51.170687053315206 ] ] ], [ [ [ 71.4507601, 51.1710508 ], [ 71.4504817, 51.1711559 ], [ 71.4505773, 51.1712554 ], [ 71.4507617, 51.1712793 ], [ 71.451123368267616, 51.171159452758211 ], [ 71.451101791717008, 51.17113699463593 ], [ 71.451438467291908, 51.171031852226278 ], [ 71.451320166857641, 51.170894552435271 ], [ 71.4507601, 51.1710508 ] ] ], [ [ [ 71.450729751280065, 51.172428436676924 ], [ 71.450529797110605, 51.17248865608498 ], [ 71.450478074593875, 51.172421953797453 ], [ 71.450161, 51.1725166 ], [ 71.4502487, 51.172629699999987 ], [ 71.450438131102075, 51.172573890637743 ], [ 71.4505538, 51.1727144 ], [ 71.450876950364602, 51.172615686674909 ], [ 71.4509676, 51.172731 ], [ 71.451576973649466, 51.172545651913879 ], [ 71.451698773051035, 51.172445151710818 ], [ 71.451694272373203, 51.172286951726427 ], [ 71.451625072085491, 51.17219885184906 ], [ 71.451429371898016, 51.172094552188604 ], [ 71.451366586021308, 51.172081305291435 ], [ 71.452034470112153, 51.171869851166122 ], [ 71.451919769666105, 51.171730951369021 ], [ 71.45162849064387, 51.171819459355689 ], [ 71.451618884774007, 51.171743543790399 ], [ 71.451746169775717, 51.17170225166705 ], [ 71.451656069425383, 51.171593151826443 ], [ 71.451601012852691, 51.171609373425134 ], [ 71.451537269322017, 51.171532252032435 ], [ 71.4510209, 51.1716938 ], [ 71.451335452688042, 51.172074736600266 ], [ 71.451303771952539, 51.172068052404512 ], [ 71.4506122, 51.1722789 ], [ 71.450729751280065, 51.172428436676924 ] ] ], [ [ [ 71.452655772313108, 51.172572450069488 ], [ 71.4514878, 51.1729233 ], [ 71.4516374, 51.1731192 ], [ 71.452246274442714, 51.172937550750802 ], [ 71.452174651672735, 51.17284369934265 ], [ 71.45273517265278, 51.172675749928686 ], [ 71.452655772313108, 51.172572450069488 ] ] ], [ [ [ 71.4509548, 51.1732541 ], [ 71.451334476531301, 51.173136752298568 ], [ 71.451353376352813, 51.173101352268048 ], [ 71.451268975938561, 51.172979252418358 ], [ 71.4503186, 51.1732606 ], [ 71.4503104, 51.1733259 ], [ 71.4503673, 51.1733993 ], [ 71.4504353, 51.1734176 ], [ 71.450951777589438, 51.173262352946089 ], [ 71.450937160935297, 51.173243470241466 ], [ 71.4509548, 51.1732541 ] ] ], [ [ [ 71.450859, 51.1740091 ], [ 71.45168963785305, 51.173761856006756 ], [ 71.451676694786215, 51.173747940787237 ], [ 71.452607595609166, 51.173431420359528 ], [ 71.4526832, 51.1735336 ], [ 71.453259474927336, 51.173365148998435 ], [ 71.452900173311718, 51.172879549636583 ], [ 71.4523239, 51.173048 ], [ 71.452403378646125, 51.173155417730975 ], [ 71.451404847246437, 51.173455672477957 ], [ 71.451306334056014, 51.173349758033204 ], [ 71.4505078, 51.173592 ], [ 71.450859, 51.1740091 ] ] ], [ [ [ 71.452677859149929, 51.146382651344155 ], [ 71.4524762, 51.1464421 ], [ 71.4523953, 51.1465604 ], [ 71.4525714, 51.1466078 ], [ 71.45270609478473, 51.146568092342342 ], [ 71.4526623, 51.1466321 ], [ 71.4530074, 51.146725 ], [ 71.453209059656601, 51.146665550422817 ], [ 71.453301358950142, 51.146530650271949 ], [ 71.452956259013305, 51.146437750865957 ], [ 71.452821608096912, 51.146477446049261 ], [ 71.452854059117527, 51.146430051040873 ], [ 71.452677859149929, 51.146382651344155 ] ] ], [ [ [ 71.452968560696178, 51.146831450825211 ], [ 71.45273106074022, 51.146767651233986 ], [ 71.452647482637033, 51.146792289779185 ], [ 71.452687060657823, 51.146734851310796 ], [ 71.452489160692622, 51.14668125165143 ], [ 71.452332035879181, 51.146727571135813 ], [ 71.452379360736685, 51.146657251840146 ], [ 71.452205660771327, 51.146611152139101 ], [ 71.452004, 51.1466706 ], [ 71.4519119, 51.1468073 ], [ 71.4520857, 51.1468534 ], [ 71.452241506230379, 51.146807469746847 ], [ 71.4521881, 51.146885 ], [ 71.4523859, 51.1469387 ], [ 71.452470325304219, 51.14691381200771 ], [ 71.452461, 51.1469275 ], [ 71.452698500000011, 51.1469912 ], [ 71.452900161221137, 51.146931750936986 ], [ 71.452968560696178, 51.146831450825211 ] ] ], [ [ [ 71.451816062640788, 51.146922852788833 ], [ 71.451607962669868, 51.146864753147135 ], [ 71.4514063, 51.1469242 ], [ 71.4513255, 51.147038 ], [ 71.4515335, 51.1470962 ], [ 71.451735163241267, 51.147036752921295 ], [ 71.451816062640788, 51.146922852788833 ] ] ], [ [ [ 71.453123260655588, 51.146870250559061 ], [ 71.4529216, 51.1469297 ], [ 71.452849, 51.1470367 ], [ 71.4530202, 51.1470825 ], [ 71.453148824320408, 51.147044581671295 ], [ 71.4530981, 51.1471194 ], [ 71.4532682, 51.1471648 ], [ 71.45346986120424, 51.147105349955368 ], [ 71.45353786067983, 51.147005049844282 ], [ 71.453367760712638, 51.146959650137056 ], [ 71.453239133746351, 51.146997569605816 ], [ 71.453294460622587, 51.146915950264408 ], [ 71.453123260655588, 51.146870250559061 ] ] ], [ [ [ 71.452557062421604, 51.147102951514327 ], [ 71.452387942495932, 51.147152806763401 ], [ 71.452423062591052, 51.14710045174332 ], [ 71.452203862636352, 51.14704265212054 ], [ 71.45208340867903, 51.147078160653592 ], [ 71.452122062663506, 51.147023452261216 ], [ 71.451961962686724, 51.146978952536841 ], [ 71.4517603, 51.1470384 ], [ 71.4516859, 51.1471437 ], [ 71.451846, 51.1471882 ], [ 71.451968708105014, 51.147152027352554 ], [ 71.4519321, 51.1472066 ], [ 71.4521513, 51.1472644 ], [ 71.452319349960874, 51.147214860698014 ], [ 71.4522605, 51.1473005 ], [ 71.452388, 51.147335 ], [ 71.452589663122822, 51.147275551450001 ], [ 71.452684662398923, 51.147137451294697 ], [ 71.452557062421604, 51.147102951514327 ] ] ], [ [ [ 71.452900462550687, 51.147239850921039 ], [ 71.4526988, 51.1472993 ], [ 71.4526166, 51.1474158 ], [ 71.4528022, 51.1474654 ], [ 71.453003863128615, 51.147405950736108 ], [ 71.453086062515595, 51.14728955060157 ], [ 71.452900462550687, 51.147239850921039 ] ] ], [ [ [ 71.451767464241613, 51.147278552853997 ], [ 71.4515658, 51.147338 ], [ 71.4514575, 51.1474977 ], [ 71.4516498, 51.1475486 ], [ 71.451728384545206, 51.147525434719753 ], [ 71.4518971, 51.1475675 ], [ 71.452098764786726, 51.147508052276713 ], [ 71.452170164211964, 51.147397152160337 ], [ 71.45198236426468, 51.14735085248337 ], [ 71.451936983429718, 51.147364230097317 ], [ 71.451959764209178, 51.147330952522978 ], [ 71.451767464241613, 51.147278552853997 ] ] ], [ [ [ 71.452329164129338, 51.147427551887262 ], [ 71.4521275, 51.147487 ], [ 71.4520411, 51.1476149 ], [ 71.4521965, 51.1476562 ], [ 71.452398164766933, 51.147596751760943 ], [ 71.452484564098611, 51.147468851619813 ], [ 71.452329164129338, 51.147427551887262 ] ] ], [ [ [ 71.45137866600173, 51.147565153503649 ], [ 71.451211666038105, 51.147521553791037 ], [ 71.45101, 51.147581 ], [ 71.4509294, 51.1477025 ], [ 71.4510963, 51.1477461 ], [ 71.451297966634755, 51.147686653635368 ], [ 71.45137866600173, 51.147565153503649 ] ] ], [ [ [ 71.452646164061264, 51.147510551341753 ], [ 71.4524445, 51.14757 ], [ 71.4523531, 51.1477082 ], [ 71.4525704, 51.1477647 ], [ 71.4527720647324, 51.147705251116975 ], [ 71.452863464013333, 51.147567150967809 ], [ 71.452646164061264, 51.147510551341753 ] ] ], [ [ [ 71.451534866127901, 51.14764305323299 ], [ 71.4513332, 51.1477025 ], [ 71.451268700000014, 51.1478274 ], [ 71.4514406, 51.1478623 ], [ 71.451554399993839, 51.14782875429276 ], [ 71.4515213, 51.1478853 ], [ 71.4517266, 51.147932600000011 ], [ 71.45192826659212, 51.1478731525496 ], [ 71.452014665838746, 51.147725552409433 ], [ 71.451809365910677, 51.147678252762425 ], [ 71.451688203856065, 51.147713969068874 ], [ 71.45170676604782, 51.14767805293765 ], [ 71.451534866127901, 51.14764305323299 ] ] ], [ [ [ 71.4518292, 51.1480345 ], [ 71.4520035, 51.1480746 ], [ 71.452122028186693, 51.148039659979588 ], [ 71.4523691, 51.148099399999985 ], [ 71.452570766448005, 51.148039951443955 ], [ 71.45265146577222, 51.147908551312725 ], [ 71.452392565850218, 51.147845951758022 ], [ 71.452214913340327, 51.147898321232773 ], [ 71.452092166358725, 51.147870152269832 ], [ 71.4518905, 51.1479296 ], [ 71.4518292, 51.1480345 ] ] ], [ [ [ 71.453144865209183, 51.14793185046895 ], [ 71.4529432, 51.1479913 ], [ 71.4528371, 51.1481341 ], [ 71.4530736, 51.148203299999984 ], [ 71.453275265948932, 51.148143850235613 ], [ 71.453381365189784, 51.148001050061588 ], [ 71.453144865209183, 51.14793185046895 ] ] ], [ [ [ 71.4533154665083, 51.148285950159838 ], [ 71.453110266540406, 51.148229450513114 ], [ 71.4529086, 51.1482889 ], [ 71.4528118, 51.1484318 ], [ 71.453017, 51.1484868 ], [ 71.453218667248919, 51.148427350318066 ], [ 71.4533154665083, 51.148285950159838 ] ] ], [ [ [ 71.453431767165611, 51.148474449951784 ], [ 71.453274367215016, 51.148436850222467 ], [ 71.4530727, 51.1484963 ], [ 71.4529493, 51.1486999 ], [ 71.4531067, 51.14873750000001 ], [ 71.453308368210543, 51.148678050152306 ], [ 71.453431767165611, 51.148474449951784 ] ] ], [ [ [ 71.4521, 51.1490054 ], [ 71.452301670721184, 51.148945951858138 ], [ 71.452387470055328, 51.148818451718 ], [ 71.452119778999247, 51.148747645937974 ], [ 71.452239169797181, 51.148712451976564 ], [ 71.452322969148312, 51.148588251839676 ], [ 71.452150969182355, 51.148542552135709 ], [ 71.4519493, 51.148602 ], [ 71.4518654, 51.1487262 ], [ 71.45200884411561, 51.14876429064627 ], [ 71.4518894, 51.14879950000001 ], [ 71.4518036, 51.148927 ], [ 71.4521, 51.1490054 ] ] ], [ [ [ 71.452599868807383, 51.148595551366412 ], [ 71.4523982, 51.148655 ], [ 71.4523367, 51.1487642 ], [ 71.4525267, 51.148806299999983 ], [ 71.452728369287712, 51.148746851139364 ], [ 71.452789868733561, 51.148637651039827 ], [ 71.452599868807383, 51.148595551366412 ] ] ], [ [ [ 71.45201919778367, 51.149476147434498 ], [ 71.4519739, 51.149489499999987 ], [ 71.4518827, 51.149608 ], [ 71.451936313597102, 51.149624235544934 ], [ 71.4518618, 51.1496462 ], [ 71.4517644, 51.1497868 ], [ 71.4519464, 51.1498364 ], [ 71.452148074515407, 51.14977695207881 ], [ 71.452246073777872, 51.14963665191847 ], [ 71.452208217339873, 51.149626306799526 ], [ 71.452275573607807, 51.149606451869609 ], [ 71.452366772973107, 51.149487851719783 ], [ 71.452313533948441, 51.149471757633279 ], [ 71.452358672857073, 51.149458451735086 ], [ 71.452437872307158, 51.149355751604993 ], [ 71.452298210599466, 51.149313312161247 ], [ 71.45248737181663, 51.149257551525366 ], [ 71.452553771239479, 51.149144551417642 ], [ 71.452520028097638, 51.149136743514738 ], [ 71.452604471030099, 51.14911185133267 ], [ 71.45268987038942, 51.148990051192939 ], [ 71.4526283996627, 51.14897306998337 ], [ 71.452722770151752, 51.148945251138997 ], [ 71.452813569462336, 51.148813850990528 ], [ 71.452660069488786, 51.148772151254761 ], [ 71.4524584, 51.1488316 ], [ 71.4523676, 51.1489629 ], [ 71.452440112199099, 51.148982646027839 ], [ 71.4523463, 51.1490103 ], [ 71.4522608, 51.1491321 ], [ 71.452286513679908, 51.149139198442192 ], [ 71.4521922, 51.149167 ], [ 71.4521258, 51.1492801 ], [ 71.452277227012431, 51.149315044702192 ], [ 71.4520891, 51.1493705 ], [ 71.45201919778367, 51.149476147434498 ] ] ], [ [ [ 71.451504679580879, 51.149341456623532 ], [ 71.451474, 51.1493505 ], [ 71.451391429686296, 51.149495117944575 ], [ 71.4513328, 51.1495124 ], [ 71.4512366, 51.1496631 ], [ 71.45147, 51.1497222 ], [ 71.45167167466316, 51.149662752898145 ], [ 71.451769773881026, 51.149512152738154 ], [ 71.451733223067961, 51.14950295688535 ], [ 71.451788873744817, 51.149486552706811 ], [ 71.451874972978388, 51.149335852567326 ], [ 71.451858137937762, 51.149332068317342 ], [ 71.451893472892209, 51.149321652536436 ], [ 71.45196257224535, 51.149193352424867 ], [ 71.451852952980431, 51.149170128684638 ], [ 71.451969571987263, 51.149135752415788 ], [ 71.452055971318444, 51.149007752274649 ], [ 71.45187647135397, 51.148960052583583 ], [ 71.4516748, 51.1490195 ], [ 71.4515884, 51.1491476 ], [ 71.451677892224083, 51.149171331689821 ], [ 71.4515518, 51.149208499999986 ], [ 71.4514827, 51.1493368 ], [ 71.451504679580879, 51.149341456623532 ] ] ], [ [ [ 71.45330787048718, 51.149205250126741 ], [ 71.4531062, 51.1492647 ], [ 71.4530387, 51.1493536 ], [ 71.453109937460653, 51.149374888578514 ], [ 71.452924, 51.1494297 ], [ 71.4528758, 51.149482 ], [ 71.453004, 51.1495285 ], [ 71.453205671763527, 51.149469050288026 ], [ 71.453253871473322, 51.14941685020834 ], [ 71.453154675058087, 51.149380793053091 ], [ 71.453343770956081, 51.149325050059396 ], [ 71.453411270481496, 51.149236149948578 ], [ 71.45330787048718, 51.149205250126741 ] ] ], [ [ [ 71.452929973261178, 51.149730050745781 ], [ 71.4527283, 51.1497895 ], [ 71.4526474, 51.1499038 ], [ 71.4527469, 51.1499315 ], [ 71.452948573849227, 51.149872050706911 ], [ 71.453029573246809, 51.149757750574317 ], [ 71.452929973261178, 51.149730050745781 ] ] ], [ [ [ 71.451495377719127, 51.150315653166523 ], [ 71.4512937, 51.1503751 ], [ 71.4512198, 51.15047770000001 ], [ 71.4513777, 51.1505224 ], [ 71.451579378242116, 51.150462953015698 ], [ 71.451653177700322, 51.150360452894773 ], [ 71.451495377719127, 51.150315653166523 ] ] ], [ [ [ 71.452897875872779, 51.150324950770788 ], [ 71.4526962, 51.1503844 ], [ 71.4521951, 51.1510475 ], [ 71.4522732, 51.1510707 ], [ 71.452474879404903, 51.151011251458804 ], [ 71.452975875868006, 51.150348150636411 ], [ 71.452897875872779, 51.150324950770788 ] ] ], [ [ [ 71.453306599071354, 51.155824649797033 ], [ 71.4531049, 51.1558841 ], [ 71.4527274, 51.1561143 ], [ 71.452828, 51.1561827 ], [ 71.453029700733509, 51.156123250255007 ], [ 71.453262599868211, 51.155995449863596 ], [ 71.453198313041128, 51.155949473899845 ], [ 71.453261499590695, 51.155930849868746 ], [ 71.453366899143106, 51.155860049692279 ], [ 71.453306599071354, 51.155824649797033 ] ] ], [ [ [ 71.451780246474669, 51.158393369788612 ], [ 71.451743632002547, 51.158984059638726 ], [ 71.451735814767503, 51.158969352322394 ], [ 71.451656214946311, 51.158985952457535 ], [ 71.4514545, 51.159045399999989 ], [ 71.4520479, 51.1601619 ], [ 71.452329218791675, 51.160085751252886 ], [ 71.452238702951234, 51.159915463358764 ], [ 71.452592217283097, 51.159818450817056 ], [ 71.452337668515185, 51.15941322138351 ], [ 71.452664715045515, 51.159323050718044 ], [ 71.452635214881752, 51.159275950770791 ], [ 71.452322715622344, 51.159350051300869 ], [ 71.452121, 51.15940950000001 ], [ 71.452146853967989, 51.159452969728825 ], [ 71.452013724692435, 51.159492204704186 ], [ 71.451771691836555, 51.159036851219547 ], [ 71.451923, 51.15904 ], [ 71.452431620699656, 51.158890100607529 ], [ 71.4524207, 51.1590478 ], [ 71.4526085, 51.159053 ], [ 71.453617061849911, 51.158755749014645 ], [ 71.453631476753159, 51.158547951379823 ], [ 71.453726211109171, 51.15852002978081 ], [ 71.4537557, 51.158893 ], [ 71.4541819, 51.1589288 ], [ 71.4548329, 51.1589067 ], [ 71.455438027819113, 51.158728339057454 ], [ 71.455438594170985, 51.158716149450875 ], [ 71.4555895, 51.158876 ], [ 71.4557922, 51.158876 ], [ 71.456345507475234, 51.158717144461534 ], [ 71.456348707007891, 51.158609944461439 ], [ 71.456130106383782, 51.158397344845483 ], [ 71.455509207202041, 51.158393345906163 ], [ 71.455452819946984, 51.158409966350149 ], [ 71.455459721210971, 51.158225139022022 ], [ 71.454335525563963, 51.158210844784584 ], [ 71.453911359221905, 51.158335864396427 ], [ 71.453915936812223, 51.15820382757078 ], [ 71.4545842, 51.1582082 ], [ 71.455189319771875, 51.158029840436946 ], [ 71.455192317461083, 51.157852440448274 ], [ 71.454138021627671, 51.157845545851551 ], [ 71.453834651691821, 51.157934961966568 ], [ 71.453654115943621, 51.15793249853715 ], [ 71.453286270981053, 51.15804091600824 ], [ 71.453293607978352, 51.157882849716046 ], [ 71.453026808334727, 51.157882250171774 ], [ 71.4528251, 51.157941699999988 ], [ 71.452816253069869, 51.158083141240944 ], [ 71.452623721649516, 51.158131260855484 ], [ 71.452630942862882, 51.157762570694636 ], [ 71.4527947, 51.157765 ], [ 71.453197742961237, 51.157646209687435 ], [ 71.4531973, 51.1576553 ], [ 71.4533814, 51.1576588 ], [ 71.454036775203249, 51.15746563344689 ], [ 71.4540358, 51.1575619 ], [ 71.4542016, 51.1577765 ], [ 71.4545825, 51.1577781 ], [ 71.454784205263408, 51.157718647178328 ], [ 71.454784395471435, 51.157700121222781 ], [ 71.4551713, 51.1577063 ], [ 71.455373004161004, 51.157646846176256 ], [ 71.455383503022176, 51.157386446171394 ], [ 71.455185803274375, 51.15738324650922 ], [ 71.4549841, 51.1574427 ], [ 71.45478505354474, 51.15754845416847 ], [ 71.454782103747618, 51.15736704719955 ], [ 71.454637103038309, 51.157157647457701 ], [ 71.454399906182132, 51.157156682086878 ], [ 71.454421912144781, 51.156704942655068 ], [ 71.45423781330561, 51.156701344228161 ], [ 71.4532293, 51.1569986 ], [ 71.453212609436818, 51.157341123165565 ], [ 71.452776636812288, 51.157334656548059 ], [ 71.4517681, 51.1576319 ], [ 71.451766179180751, 51.157682182820054 ], [ 71.4514241, 51.157783 ], [ 71.4513978, 51.158439099999988 ], [ 71.4516149, 51.1584421 ], [ 71.451780246474669, 51.158393369788612 ] ], [ [ 71.452973989117424, 51.158200135443906 ], [ 71.4530799, 51.1582008 ], [ 71.453247248435687, 51.158151476974275 ], [ 71.453246882714581, 51.158162080924861 ], [ 71.452970597983622, 51.158243510816384 ], [ 71.452973989117424, 51.158200135443906 ] ] ], [ [ [ 71.453214613333245, 51.159097949790059 ], [ 71.4526372, 51.1592719 ], [ 71.4527352, 51.1593983 ], [ 71.453312513747079, 51.159224249616521 ], [ 71.453214613333245, 51.159097949790059 ] ] ], [ [ [ 71.452780017634126, 51.159818489384683 ], [ 71.453595414886948, 51.159576249115666 ], [ 71.453415414066953, 51.159330349435436 ], [ 71.4528865, 51.159484 ], [ 71.452957962194105, 51.159581625653772 ], [ 71.4525676, 51.1596963 ], [ 71.452668272688854, 51.159831662798624 ], [ 71.4523047, 51.159962 ], [ 71.4524066, 51.1600663 ], [ 71.452867017297805, 51.159907450343233 ], [ 71.452780017634126, 51.159818489384683 ] ] ], [ [ [ 71.452030230697574, 51.162748451630215 ], [ 71.451828500000019, 51.1628079 ], [ 71.4518227, 51.1629034 ], [ 71.4519768, 51.1629062 ], [ 71.452178530922694, 51.162846751371951 ], [ 71.452184330510917, 51.162753251366738 ], [ 71.452030230697574, 51.162748451630215 ] ] ], [ [ [ 71.453751329805073, 51.163077948673788 ], [ 71.453691929484918, 51.162985348779898 ], [ 71.4533443, 51.163081600000012 ], [ 71.4534038, 51.1631742 ], [ 71.453751329805073, 51.163077948673788 ] ] ], [ [ [ 71.453808529848615, 51.163105848574695 ], [ 71.4534538, 51.1632108 ], [ 71.4535312, 51.163313099999989 ], [ 71.453885930186459, 51.163208148437342 ], [ 71.453808529848615, 51.163105848574695 ] ] ], [ [ [ 71.455007598803164, 51.162936380722172 ], [ 71.4526275, 51.163638299999988 ], [ 71.4527719, 51.1638301 ], [ 71.453715009005563, 51.16355216585869 ], [ 71.4537398, 51.1635848 ], [ 71.454075031130074, 51.163485448100438 ], [ 71.454050585564033, 51.163453268854433 ], [ 71.454380163698957, 51.16335613829245 ], [ 71.4544216, 51.1634045 ], [ 71.454771629369915, 51.163295046920084 ], [ 71.454734456677201, 51.163251722494287 ], [ 71.455152005146687, 51.163128178159376 ], [ 71.455007598803164, 51.162936380722172 ] ] ], [ [ [ 71.454120631504679, 51.163586348017468 ], [ 71.4538141, 51.1636737 ], [ 71.4538513, 51.1637287 ], [ 71.454157831692228, 51.163641347951177 ], [ 71.454120631504679, 51.163586348017468 ] ] ], [ [ [ 71.452299234991997, 51.16382615111673 ], [ 71.452231134722865, 51.163742651237236 ], [ 71.4518849, 51.1638485 ], [ 71.451953, 51.1639319 ], [ 71.452299234991997, 51.16382615111673 ] ] ], [ [ [ 71.452400934854708, 51.163826050942987 ], [ 71.451963, 51.1639613 ], [ 71.4520255, 51.1640378 ], [ 71.452463335101712, 51.163902650832576 ], [ 71.452400934854708, 51.163826050942987 ] ] ], [ [ [ 71.453900633907566, 51.164073948368831 ], [ 71.4535076, 51.1641963 ], [ 71.4537023, 51.1644292 ], [ 71.454095434651705, 51.164306848024395 ], [ 71.453900633907566, 51.164073948368831 ] ] ], [ [ [ 71.452228137233462, 51.164322751213284 ], [ 71.4518578, 51.1644363 ], [ 71.4519386, 51.1645354 ], [ 71.452308937552928, 51.164421851070294 ], [ 71.452228137233462, 51.164322751213284 ] ] ], [ [ [ 71.452295737961748, 51.164512351088312 ], [ 71.4519564, 51.1646098 ], [ 71.4520159, 51.1646946 ], [ 71.452355238248529, 51.164597250982418 ], [ 71.452295737961748, 51.164512351088312 ] ] ], [ [ [ 71.4536436, 51.1649004 ], [ 71.454042110444249, 51.164780349188071 ], [ 71.4541211, 51.1648796 ], [ 71.454487336121403, 51.164769047331788 ], [ 71.454216435005208, 51.16442634781172 ], [ 71.4534541, 51.1646585 ], [ 71.4536436, 51.1649004 ] ] ], [ [ [ 71.453373737054108, 51.164638049240587 ], [ 71.4530171, 51.164744799999987 ], [ 71.4530624, 51.1648032 ], [ 71.453419037245936, 51.164696549160269 ], [ 71.453373737054108, 51.164638049240587 ] ] ], [ [ [ 71.45337803874132, 51.165029849213596 ], [ 71.4530342, 51.165139499999988 ], [ 71.4530927, 51.16520460000001 ], [ 71.453436538943464, 51.165094849110403 ], [ 71.45337803874132, 51.165029849213596 ] ] ], [ [ [ 71.454042745034712, 51.16669324799475 ], [ 71.4537389, 51.1667844 ], [ 71.453765785198598, 51.16681848808831 ], [ 71.4534586, 51.1669111 ], [ 71.4535654, 51.167045 ], [ 71.454182345612153, 51.166870347747412 ], [ 71.454042745034712, 51.16669324799475 ] ] ], [ [ [ 71.453101646893884, 51.166830349595493 ], [ 71.4527719, 51.1669367 ], [ 71.452844, 51.167014 ], [ 71.453173647131024, 51.166907649468634 ], [ 71.453101646893884, 51.166830349595493 ] ] ], [ [ [ 71.454219045819912, 51.166929847681715 ], [ 71.453913112093048, 51.167021958569016 ], [ 71.453879346507478, 51.166983148259362 ], [ 71.45353, 51.167093 ], [ 71.4536565, 51.1672384 ], [ 71.453986803496235, 51.167135050751085 ], [ 71.4540284, 51.1671872 ], [ 71.454347546343584, 51.167091047454122 ], [ 71.454219045819912, 51.166929847681715 ] ] ], [ [ [ 71.45318134744393, 51.166982449451737 ], [ 71.4528642, 51.1670772 ], [ 71.452978, 51.1672233 ], [ 71.453295047922282, 51.167128549250194 ], [ 71.45318134744393, 51.166982449451737 ] ] ], [ [ [ 71.453987047572127, 51.167263048061329 ], [ 71.453925347324585, 51.167186548170548 ], [ 71.4535654, 51.1672906 ], [ 71.4536338, 51.167368799999984 ], [ 71.453987047572127, 51.167263048061329 ] ] ], [ [ [ 71.453351948197465, 51.167209949148912 ], [ 71.4530321, 51.1673064 ], [ 71.4531389, 51.1674402 ], [ 71.453458648632093, 51.167343748959937 ], [ 71.453351948197465, 51.167209949148912 ] ] ], [ [ [ 71.4542232, 51.1674024 ], [ 71.454559646935365, 51.16729404708164 ], [ 71.454469946636479, 51.167196947239752 ], [ 71.454151661453096, 51.167298793398771 ], [ 71.454114347342426, 51.167249547844555 ], [ 71.4538053, 51.1673409 ], [ 71.453906, 51.1674739 ], [ 71.454206975451953, 51.167384855095634 ], [ 71.4542232, 51.1674024 ] ] ], [ [ [ 71.453622249357039, 51.167562448669479 ], [ 71.453520348941893, 51.167434648849962 ], [ 71.453222, 51.1675243 ], [ 71.453324, 51.1676522 ], [ 71.453622249357039, 51.167562448669479 ] ] ], [ [ [ 71.454405829924099, 51.167588593031077 ], [ 71.454694647644772, 51.167500246840696 ], [ 71.454699347248635, 51.16741004683719 ], [ 71.454640447015024, 51.167337646941434 ], [ 71.4542515, 51.167457 ], [ 71.454268134254932, 51.167477424582195 ], [ 71.4539595, 51.1675736 ], [ 71.4540696, 51.1677043 ], [ 71.454413548444506, 51.16759774731598 ], [ 71.454405829924099, 51.167588593031077 ] ] ], [ [ [ 71.453689049624117, 51.167645048551222 ], [ 71.4533881, 51.1677382 ], [ 71.453501, 51.1678691 ], [ 71.453801950038297, 51.167776048351797 ], [ 71.453689049624117, 51.167645048551222 ] ] ], [ [ [ 71.454003150661237, 51.167982847997735 ], [ 71.453886250243769, 51.167849848204106 ], [ 71.453553, 51.1679547 ], [ 71.45367, 51.1680878 ], [ 71.454003150661237, 51.167982847997735 ] ] ], [ [ [ 71.454111651320773, 51.168169247803036 ], [ 71.454094351031586, 51.168096947836219 ], [ 71.454045850803411, 51.168029047922488 ], [ 71.4536924, 51.1681314 ], [ 71.4537878, 51.1682629 ], [ 71.454111651320773, 51.168169247803036 ] ] ], [ [ [ 71.4540123, 51.1685109 ], [ 71.454214522781925, 51.168451297055178 ], [ 71.4542503, 51.168499 ], [ 71.454486855015034, 51.168429286936906 ], [ 71.454520110100518, 51.168466012046807 ], [ 71.4540262, 51.1686277 ], [ 71.4541507, 51.1687764 ], [ 71.45464164380688, 51.168621764099704 ], [ 71.4548097, 51.1686185 ], [ 71.455133451456263, 51.168518846040023 ], [ 71.455148051161316, 51.168455146018267 ], [ 71.455055628556423, 51.168344797620009 ], [ 71.4551284, 51.1683935 ], [ 71.455278662517955, 51.168349218840667 ], [ 71.4553146, 51.168423 ], [ 71.45565804989954, 51.168322045153751 ], [ 71.455708702089765, 51.168258075107779 ], [ 71.456474761666755, 51.168018504715349 ], [ 71.4565022, 51.168051 ], [ 71.456866546610968, 51.167937543108671 ], [ 71.456556745442413, 51.167570643656269 ], [ 71.4561924, 51.167684099999988 ], [ 71.456392050218795, 51.16792054902313 ], [ 71.455799248200719, 51.167972944930057 ], [ 71.4554899, 51.1680665 ], [ 71.455599181049479, 51.168202053294955 ], [ 71.455481477989991, 51.168236662759476 ], [ 71.455512949564138, 51.168199245407777 ], [ 71.455451849297617, 51.168118545516194 ], [ 71.455357144058098, 51.168138675078524 ], [ 71.455395249412291, 51.168127445612448 ], [ 71.455397749048061, 51.168043945612354 ], [ 71.455330648996195, 51.168011045728633 ], [ 71.455132949252373, 51.168008746066462 ], [ 71.4547833, 51.1680997 ], [ 71.4547809, 51.168179 ], [ 71.4548451, 51.1681798 ], [ 71.454951835635597, 51.168148346069479 ], [ 71.4550307, 51.1682031 ], [ 71.455097371556093, 51.168203878550436 ], [ 71.45496954166812, 51.168241548881959 ], [ 71.454913850287625, 51.168180046432148 ], [ 71.4544118, 51.1683464 ], [ 71.454435874654308, 51.16837298686093 ], [ 71.45431027390697, 51.168410006616753 ], [ 71.454224658684879, 51.168304940831796 ], [ 71.45451755093778, 51.168207047107778 ], [ 71.454471250772329, 51.1681543471895 ], [ 71.4540414, 51.1682927 ], [ 71.454064823240358, 51.168319310437624 ], [ 71.454016424124234, 51.168333572695069 ], [ 71.453988352050743, 51.168299748007136 ], [ 71.4536088, 51.1684172 ], [ 71.453698, 51.1685248 ], [ 71.45395931852525, 51.168445928103182 ], [ 71.4540123, 51.1685109 ] ], [ [ 71.454707185974897, 51.168426815731088 ], [ 71.455009508560465, 51.168313931676877 ], [ 71.455029563596938, 51.16832735357653 ], [ 71.454837, 51.1683841 ], [ 71.454707185974897, 51.168426815731088 ] ] ], [ [ [ 71.4531941, 51.1700772 ], [ 71.4524535, 51.1703153 ], [ 71.4527631, 51.1706908 ], [ 71.453921134911013, 51.170340773503504 ], [ 71.4538752, 51.1703558 ], [ 71.4539658, 51.1704629 ], [ 71.454571081120349, 51.170284541761525 ], [ 71.455166376181154, 51.170089038740088 ], [ 71.455076875159023, 51.169982339214833 ], [ 71.454113078062079, 51.17027798363975 ], [ 71.454050641062125, 51.170202522568303 ], [ 71.454208659745362, 51.170148647538092 ], [ 71.454142359504374, 51.170072247655177 ], [ 71.453981958599996, 51.170119512928174 ], [ 71.45396566441967, 51.170099819726943 ], [ 71.45423717761328, 51.170019812867686 ], [ 71.454275800000019, 51.1700656 ], [ 71.455056973250294, 51.169828939339908 ], [ 71.454820770574827, 51.169549040592521 ], [ 71.4542155, 51.1697274 ], [ 71.4540397, 51.169785699999984 ], [ 71.454066087345382, 51.169816982780517 ], [ 71.4531941, 51.1700772 ] ] ], [ [ [ 71.453408927550797, 51.170770798087922 ], [ 71.4524491, 51.1710666 ], [ 71.452523337892913, 51.171158316939803 ], [ 71.4520958, 51.1712892 ], [ 71.4521923, 51.1714109 ], [ 71.45268556660227, 51.171260650084321 ], [ 71.452592077743262, 51.171142748215196 ], [ 71.453486128168564, 51.170866297814584 ], [ 71.453408927550797, 51.170770798087922 ] ] ], [ [ [ 71.454261225115246, 51.170754495177533 ], [ 71.4531409, 51.1710908 ], [ 71.4532304, 51.1712061 ], [ 71.454348225863939, 51.170868194868895 ], [ 71.454261225115246, 51.170754495177533 ] ] ], [ [ [ 71.454405164436551, 51.171295147144924 ], [ 71.454325964124749, 51.171198347285063 ], [ 71.4539293, 51.1713205 ], [ 71.4540085, 51.1714173 ], [ 71.454405164436551, 51.171295147144924 ] ] ], [ [ [ 71.452914166763563, 51.171369149688346 ], [ 71.4522785, 51.1715614 ], [ 71.452384, 51.171697 ], [ 71.453019667207698, 51.171504749501317 ], [ 71.452914166763563, 51.171369149688346 ] ] ], [ [ [ 71.454299065155169, 51.171428347319484 ], [ 71.4534135, 51.1717079 ], [ 71.453472744336594, 51.171778647107146 ], [ 71.4531129, 51.17188860000001 ], [ 71.4532008, 51.1719988 ], [ 71.453610768008375, 51.171874048473015 ], [ 71.453567980078105, 51.171820344630603 ], [ 71.454403065571057, 51.171556947135372 ], [ 71.454299065155169, 51.171428347319484 ] ] ], [ [ [ 71.4525142, 51.1721696 ], [ 71.4526096, 51.1721602 ], [ 71.453100839127401, 51.172013899016015 ], [ 71.452811336761542, 51.171650100041617 ], [ 71.4523266, 51.1717944 ], [ 71.452251, 51.1718388 ], [ 71.4525142, 51.1721696 ] ] ], [ [ [ 71.4537805, 51.1725947 ], [ 71.455011541671624, 51.172231962435674 ], [ 71.455004, 51.1723096 ], [ 71.4550335, 51.1723462 ], [ 71.4551126, 51.1723784 ], [ 71.4551891, 51.1723812 ], [ 71.455431523022582, 51.1723089067385 ], [ 71.45546534316793, 51.172352163705732 ], [ 71.4552303, 51.1724225 ], [ 71.4551929, 51.172466300000011 ], [ 71.4551941, 51.1725338 ], [ 71.4552235, 51.1725704 ], [ 71.4553025, 51.1726026 ], [ 71.4553791, 51.1726054 ], [ 71.455636068110664, 51.172528444980266 ], [ 71.455661733734814, 51.172501165890544 ], [ 71.456337766118935, 51.172286243793678 ], [ 71.456129865248997, 51.172020244162212 ], [ 71.455478218924725, 51.172217909282558 ], [ 71.455444666784047, 51.172161945325641 ], [ 71.455361495778362, 51.172128841911999 ], [ 71.457169278505589, 51.171584931452628 ], [ 71.457151163345955, 51.171561688376059 ], [ 71.457422961213553, 51.171489441979851 ], [ 71.45738546100209, 51.171428842046936 ], [ 71.457105736026449, 51.171503401679651 ], [ 71.457051672578103, 51.17143403395432 ], [ 71.454239531570408, 51.172267224380747 ], [ 71.4530101, 51.1726167 ], [ 71.4530852, 51.1727193 ], [ 71.453731458695628, 51.172531772137667 ], [ 71.4537805, 51.1725947 ] ] ], [ [ [ 71.453913643329187, 51.172752996164789 ], [ 71.453742942041458, 51.172550896768293 ], [ 71.453103, 51.1727484 ], [ 71.4532737, 51.1729504 ], [ 71.453913643329187, 51.172752996164789 ] ] ], [ [ [ 71.453811072123045, 51.172888248079978 ], [ 71.4533411, 51.1730318 ], [ 71.4534956, 51.1732255 ], [ 71.453965572752438, 51.173081947806303 ], [ 71.453811072123045, 51.172888248079978 ] ] ], [ [ [ 71.454874026509984, 51.173655042913872 ], [ 71.4539942, 51.1739173 ], [ 71.4541201, 51.1740806 ], [ 71.4544129, 51.1741661 ], [ 71.455875270228347, 51.173731225973661 ], [ 71.455827061746618, 51.173668737162537 ], [ 71.456107072050258, 51.173586444122549 ], [ 71.455896571106777, 51.173302644496388 ], [ 71.4555097, 51.1734161 ], [ 71.455624952345275, 51.173571412057726 ], [ 71.455424627115548, 51.173529584866102 ], [ 71.455154971693702, 51.173207445768092 ], [ 71.455084271034863, 51.173228278545537 ], [ 71.455028434944225, 51.173159407588081 ], [ 71.455535470251093, 51.17299224512886 ], [ 71.455392569706845, 51.172821845381534 ], [ 71.454884763781806, 51.172982195474042 ], [ 71.454821559445506, 51.172904235181647 ], [ 71.4536482, 51.173253899999985 ], [ 71.4540932, 51.173802799999983 ], [ 71.45481993293042, 51.173588666761098 ], [ 71.454874026509984, 51.173655042913872 ] ] ], [ [ [ 71.453269, 51.1743813 ], [ 71.454130354708823, 51.174136595285624 ], [ 71.453684450390341, 51.173498296873184 ], [ 71.4520162, 51.1739644 ], [ 71.4524182, 51.1745398 ], [ 71.453269, 51.1743813 ] ] ], [ [ [ 71.453960377633877, 51.17420944775867 ], [ 71.4532032, 51.1744157 ], [ 71.4533169, 51.1745848 ], [ 71.454074178211741, 51.174378547555783 ], [ 71.453960377633877, 51.17420944775867 ] ] ], [ [ [ 71.45312037975873, 51.174439349182229 ], [ 71.4520623, 51.1747485 ], [ 71.4522097, 51.1749471 ], [ 71.453267780418926, 51.174637948920449 ], [ 71.45312037975873, 51.174439349182229 ] ] ], [ [ [ 71.4530504, 51.1748481 ], [ 71.4531215, 51.1749354 ], [ 71.453397872643777, 51.174852074783111 ], [ 71.4534165, 51.1748769 ], [ 71.454220179181206, 51.174648247292843 ], [ 71.454164278921851, 51.174570847392225 ], [ 71.453879744798328, 51.174651953498106 ], [ 71.45385967956669, 51.174625147909886 ], [ 71.4535742, 51.1747092 ], [ 71.453593274218775, 51.174734648812205 ], [ 71.453413047337975, 51.174787880955904 ], [ 71.453380280741769, 51.174747648722757 ], [ 71.4530504, 51.1748481 ] ] ], [ [ [ 71.4537541, 51.175209 ], [ 71.454524680234314, 51.17498664675567 ], [ 71.454313579457562, 51.174741247128594 ], [ 71.4535644, 51.1749607 ], [ 71.4537541, 51.175209 ] ] ], [ [ [ 71.453548380962062, 51.174850948430397 ], [ 71.4531634, 51.174969 ], [ 71.4532317, 51.1750529 ], [ 71.453616781232725, 51.174934848309334 ], [ 71.453548380962062, 51.174850948430397 ] ] ], [ [ [ 71.454611480935455, 51.175175846597867 ], [ 71.454193800000013, 51.1753034 ], [ 71.4545993, 51.1758091 ], [ 71.455016982575955, 51.175681545879755 ], [ 71.454611480935455, 51.175175846597867 ] ] ], [ [ [ 71.45420735422276, 51.146082688661764 ], [ 71.4541466, 51.1461006 ], [ 71.4540569, 51.1462304 ], [ 71.454221, 51.1462751 ], [ 71.454422656082301, 51.146215648372859 ], [ 71.454512455400817, 51.146085748226035 ], [ 71.454461155412034, 51.146071814244543 ], [ 71.454521755251051, 51.146053948211744 ], [ 71.454611554569581, 51.145924048064899 ], [ 71.454530343967107, 51.145901989818974 ], [ 71.454677354198779, 51.145858647955812 ], [ 71.454749853629949, 51.145749447837503 ], [ 71.454655181973592, 51.145724744157476 ], [ 71.454770153349699, 51.145690847805788 ], [ 71.454870352588642, 51.145545747641947 ], [ 71.45483797014623, 51.145536976635746 ], [ 71.45490285242451, 51.145517847587847 ], [ 71.45497855184577, 51.145407347464122 ], [ 71.454839551870847, 51.145369847703378 ], [ 71.4546379, 51.1454293 ], [ 71.454572738373045, 51.145542643094238 ], [ 71.4545081, 51.1455617 ], [ 71.454408, 51.1457067 ], [ 71.45448655065789, 51.145728038410006 ], [ 71.45437, 51.1457624 ], [ 71.4542975, 51.1458715 ], [ 71.454391201597147, 51.145896003381708 ], [ 71.4542457, 51.1459389 ], [ 71.454156, 51.1460687 ], [ 71.45420735422276, 51.146082688661764 ] ] ], [ [ [ 71.453887554654656, 51.145718149311627 ], [ 71.4536859, 51.1457776 ], [ 71.4536097, 51.1458941 ], [ 71.453656277375444, 51.145906066554367 ], [ 71.4535985, 51.1459231 ], [ 71.4535295, 51.1460206 ], [ 71.453595881104874, 51.146039090589269 ], [ 71.4535063, 51.1460655 ], [ 71.453453600000017, 51.1461462 ], [ 71.4535975, 51.146183199999989 ], [ 71.4537861266449, 51.146127590808774 ], [ 71.4537377, 51.1461981 ], [ 71.453812, 51.1462174 ], [ 71.454013656383367, 51.146157949074222 ], [ 71.454063556004201, 51.146085648992639 ], [ 71.453989356018525, 51.14606584912034 ], [ 71.453800637517404, 51.146121485862501 ], [ 71.453851956104913, 51.146043049356123 ], [ 71.453788198959998, 51.146026667447238 ], [ 71.453874755893381, 51.146001149319289 ], [ 71.45394375537974, 51.145903649206353 ], [ 71.453925753075978, 51.145898634680918 ], [ 71.45398845521818, 51.145880149131173 ], [ 71.45406465461285, 51.145763649006909 ], [ 71.453887554654656, 51.145718149311627 ] ] ], [ [ [ 71.4551014, 51.1462269 ], [ 71.455130397704679, 51.146234993282846 ], [ 71.4549618, 51.1462847 ], [ 71.4548697, 51.1464159 ], [ 71.4550269, 51.1464594 ], [ 71.4557106, 51.1465938 ], [ 71.456315564779047, 51.146415436415062 ], [ 71.456375663428091, 51.146329836120074 ], [ 71.455566763798274, 51.146106340297791 ], [ 71.455527892210739, 51.146117800828414 ], [ 71.455394388233842, 51.146080491074599 ], [ 71.455484262298938, 51.145964840741755 ], [ 71.455331862408912, 51.145925841528403 ], [ 71.455304870601069, 51.145933799502636 ], [ 71.456726843646933, 51.144052544546639 ], [ 71.45665364366296, 51.144033444672601 ], [ 71.456464658928141, 51.144089167486122 ], [ 71.456533843651499, 51.1439934448792 ], [ 71.456363143672633, 51.143945145173099 ], [ 71.4561615, 51.1440046 ], [ 71.4547351, 51.145998 ], [ 71.4548952, 51.146041 ], [ 71.455032913577924, 51.146000398595248 ], [ 71.455019970227184, 51.146017795920855 ], [ 71.4547269, 51.1461042 ], [ 71.4546484, 51.1462122 ], [ 71.4548035, 51.1462547 ], [ 71.455086708980815, 51.146171203300057 ], [ 71.4550757, 51.1461867 ], [ 71.4551014, 51.1462269 ] ] ], [ [ [ 71.453198657236968, 51.146101750468844 ], [ 71.452997, 51.1461612 ], [ 71.4529229, 51.1462709 ], [ 71.4530968, 51.1463171 ], [ 71.453298457775659, 51.146257650290579 ], [ 71.453372457202619, 51.146147950169727 ], [ 71.453198657236968, 51.146101750468844 ] ] ], [ [ [ 71.453720057234506, 51.146263649570308 ], [ 71.453487057288044, 51.146203449971232 ], [ 71.4532854, 51.1462629 ], [ 71.4532049, 51.1463857 ], [ 71.453437900000011, 51.1464458 ], [ 71.453516544490526, 51.146422615055876 ], [ 71.4534989, 51.1464492 ], [ 71.4537035, 51.1465027 ], [ 71.453905157760786, 51.146443249245188 ], [ 71.453979757175262, 51.146330849123444 ], [ 71.453775157219539, 51.146277349475525 ], [ 71.453695701258155, 51.146300773930918 ], [ 71.453720057234506, 51.146263649570308 ] ] ], [ [ [ 71.454387, 51.1467528 ], [ 71.4543469, 51.1468104 ], [ 71.4544322, 51.1468333 ], [ 71.454633858207643, 51.146773847984193 ], [ 71.454657224111472, 51.146739908731142 ], [ 71.454784, 51.1467731 ], [ 71.45498565747458, 51.146713647386427 ], [ 71.455066656839875, 51.146591847254221 ], [ 71.454863456883572, 51.146538647603883 ], [ 71.454704687188254, 51.146585456059121 ], [ 71.454792357067689, 51.146559147724282 ], [ 71.454834856743773, 51.146497347654808 ], [ 71.454779556746516, 51.146480747750061 ], [ 71.454643362095439, 51.146520900581862 ], [ 71.454558457113833, 51.146496948126845 ], [ 71.454435533689747, 51.146533188057106 ], [ 71.454471557157348, 51.146479948276095 ], [ 71.454289657193101, 51.146431548589163 ], [ 71.454152463339483, 51.146471995344008 ], [ 71.454158357494464, 51.146460448811936 ], [ 71.454006057567653, 51.14642994907355 ], [ 71.45380440000001, 51.1464894 ], [ 71.4537509, 51.1465943 ], [ 71.4539031, 51.1466249 ], [ 71.454039606804642, 51.146584656279522 ], [ 71.4542088, 51.1466297 ], [ 71.454329790961097, 51.146594030151384 ], [ 71.4542917, 51.14664710000001 ], [ 71.4544662, 51.1466963 ], [ 71.454628270173117, 51.146648519007407 ], [ 71.454596999307441, 51.146695541095845 ], [ 71.454387, 51.1467528 ] ] ], [ [ [ 71.455310856982337, 51.146700946831707 ], [ 71.455160257020438, 51.146662847090802 ], [ 71.4549586, 51.1467223 ], [ 71.4549096, 51.1467985 ], [ 71.4550603, 51.1468366 ], [ 71.455261957377004, 51.146777146911404 ], [ 71.455310856982337, 51.146700946831707 ] ] ], [ [ [ 71.45394565882124, 51.146701549163076 ], [ 71.453744, 51.146761 ], [ 71.453649, 51.1468999 ], [ 71.4538518, 51.1469545 ], [ 71.454053459511499, 51.146895048969277 ], [ 71.454148458783706, 51.146756048814019 ], [ 71.45394565882124, 51.146701549163076 ] ] ], [ [ [ 71.454508158835992, 51.146880248193511 ], [ 71.454315958833803, 51.146819848524757 ], [ 71.4541143, 51.1468793 ], [ 71.4540054, 51.1470157 ], [ 71.4541976, 51.1470761 ], [ 71.454399259571247, 51.147016648372635 ], [ 71.454508158835992, 51.146880248193511 ] ] ], [ [ [ 71.454769158379605, 51.146855847749016 ], [ 71.4545675, 51.1469153 ], [ 71.4544708, 51.1470633 ], [ 71.4548204, 51.1471532 ], [ 71.455022059066323, 51.147093747305185 ], [ 71.455118758297843, 51.146945847147471 ], [ 71.454769158379605, 51.146855847749016 ] ] ], [ [ [ 71.453936460615068, 51.147114249158079 ], [ 71.453718760646282, 51.1470536495329 ], [ 71.4535171, 51.1471131 ], [ 71.4534433, 51.1472174 ], [ 71.453661, 51.147278 ], [ 71.453862661164536, 51.147218549278875 ], [ 71.453936460615068, 51.147114249158079 ] ] ], [ [ [ 71.45425806013283, 51.147102748609448 ], [ 71.4540564, 51.1471622 ], [ 71.4539801, 51.1472635 ], [ 71.4541784, 51.1473223 ], [ 71.45438006065983, 51.147262848393069 ], [ 71.45445636011992, 51.147161548267853 ], [ 71.45425806013283, 51.147102748609448 ] ] ], [ [ [ 71.454651560023962, 51.147200147932558 ], [ 71.4544499, 51.1472596 ], [ 71.4543851, 51.1473605 ], [ 71.4546369, 51.147424099999988 ], [ 71.454838560482514, 51.147364647604959 ], [ 71.4549033599598, 51.147263747499366 ], [ 71.454651560023962, 51.147200147932558 ] ] ], [ [ [ 71.453283662407372, 51.147326050262286 ], [ 71.453082, 51.1473855 ], [ 71.4530075, 51.1474856 ], [ 71.4531427, 51.1475252 ], [ 71.453344362928775, 51.147465750151625 ], [ 71.453418762396169, 51.147365550029583 ], [ 71.453283662407372, 51.147326050262286 ] ] ], [ [ [ 71.453671662157873, 51.147389149596506 ], [ 71.45347, 51.1474486 ], [ 71.4533736, 51.1475923 ], [ 71.4535261, 51.1476325 ], [ 71.453727762876255, 51.147573049491477 ], [ 71.453824162126708, 51.147429449334048 ], [ 71.453671662157873, 51.147389149596506 ] ] ], [ [ [ 71.453589963545951, 51.147685249721185 ], [ 71.4533883, 51.1477447 ], [ 71.4533186, 51.1478423 ], [ 71.4534946, 51.1478918 ], [ 71.453696264037958, 51.147832349532266 ], [ 71.453766063522764, 51.147734749417971 ], [ 71.453589963545951, 51.147685249721185 ] ] ], [ [ [ 71.4532995, 51.1487562 ], [ 71.4537161, 51.1488738 ], [ 71.454137326518492, 51.148749623580414 ], [ 71.4541769, 51.1487744 ], [ 71.4543499, 51.1488241 ], [ 71.454376957469776, 51.148816123410363 ], [ 71.4543667, 51.1488298 ], [ 71.455806511628325, 51.149255214798671 ], [ 71.4557511, 51.1493478 ], [ 71.4560381, 51.14943 ], [ 71.456239767256733, 51.14937054511136 ], [ 71.456373714227851, 51.149173819643472 ], [ 71.457970844217073, 51.148702937249709 ], [ 71.458064437401973, 51.148574235715984 ], [ 71.458039559405904, 51.14856690685906 ], [ 71.458287083738185, 51.148493926001549 ], [ 71.458426180527127, 51.148289325319766 ], [ 71.458252680626529, 51.14824292621563 ], [ 71.4576477, 51.1484213 ], [ 71.457630623041936, 51.148446436403319 ], [ 71.457570889894427, 51.148425653336744 ], [ 71.4575896, 51.148431 ], [ 71.457791260856851, 51.148371542511981 ], [ 71.457836665071014, 51.148315934716742 ], [ 71.4579169, 51.1483401 ], [ 71.458723536928645, 51.148102265782235 ], [ 71.458858033169349, 51.147926464898838 ], [ 71.458326133265729, 51.147766268564354 ], [ 71.4575195, 51.1480041 ], [ 71.457385, 51.1481799 ], [ 71.457497351759784, 51.1482137388981 ], [ 71.4573764, 51.1482494 ], [ 71.457338076172064, 51.148305962671195 ], [ 71.457245971764294, 51.148333118306603 ], [ 71.456479338566936, 51.148107263019924 ], [ 71.456414479321438, 51.148126385326059 ], [ 71.455919511424909, 51.147992726561661 ], [ 71.455940661588258, 51.147964245692769 ], [ 71.455695358190255, 51.147892508738046 ], [ 71.455891961093897, 51.147834545782452 ], [ 71.455942860731909, 51.147766545698943 ], [ 71.455799313104691, 51.14772425225965 ], [ 71.456383779220857, 51.147551935894427 ], [ 71.456452177683474, 51.147454535558666 ], [ 71.456346635132476, 51.147425387876872 ], [ 71.456541809074082, 51.147367844334035 ], [ 71.4565244, 51.1473933 ], [ 71.456606121386343, 51.147415293670413 ], [ 71.4565074, 51.1474444 ], [ 71.4564029, 51.147594 ], [ 71.456435731563502, 51.147603027280816 ], [ 71.456388, 51.1476171 ], [ 71.4562747, 51.1477694 ], [ 71.456332328086717, 51.147786269789954 ], [ 71.4562186, 51.1478198 ], [ 71.4561372, 51.1479414 ], [ 71.456306, 51.1479858 ], [ 71.456507660661899, 51.147926344726386 ], [ 71.456589060027497, 51.147804744593479 ], [ 71.456507438952684, 51.1477832757204 ], [ 71.456616759758418, 51.147751044548883 ], [ 71.456702652178308, 51.147635763029655 ], [ 71.456832958804114, 51.147597344187396 ], [ 71.456937558018069, 51.14744784401627 ], [ 71.456815675021403, 51.147414293136535 ], [ 71.456915557775716, 51.147384844057015 ], [ 71.456978184160107, 51.147282582602571 ], [ 71.457002057187566, 51.14727554391478 ], [ 71.457092556556901, 51.147157643766157 ], [ 71.457063505294698, 51.147148882107885 ], [ 71.457136556366905, 51.147127343692553 ], [ 71.457204355869536, 51.147033243581504 ], [ 71.457071851168891, 51.146995662959554 ], [ 71.45708122557987, 51.146982844265558 ], [ 71.457224355442918, 51.146940643551993 ], [ 71.457281314447968, 51.146861524733417 ], [ 71.457409454689326, 51.146823743241768 ], [ 71.457453154305099, 51.146748343170934 ], [ 71.457394154326181, 51.14673484327237 ], [ 71.457226423363522, 51.146784297907764 ], [ 71.457347063256563, 51.146619331099913 ], [ 71.457164163312285, 51.146566632044852 ], [ 71.4565592, 51.146745 ], [ 71.456379283388173, 51.146991079921669 ], [ 71.4560726, 51.1470815 ], [ 71.455916202144621, 51.147306513837059 ], [ 71.455722578018509, 51.147253039326884 ], [ 71.4551176, 51.1474314 ], [ 71.4550492, 51.1475288 ], [ 71.455211174381546, 51.147573534428645 ], [ 71.4550478, 51.1476217 ], [ 71.4549969, 51.147689699999987 ], [ 71.455173628028163, 51.147741770853237 ], [ 71.4549751, 51.1478003 ], [ 71.45494238727278, 51.147844225875261 ], [ 71.454727062437726, 51.147782847774387 ], [ 71.4545254, 51.1478423 ], [ 71.454477856085802, 51.147907881732039 ], [ 71.4537468, 51.1481234 ], [ 71.4532995, 51.1487562 ] ], [ [ 71.4548574, 51.1485448 ], [ 71.454820829865355, 51.148596221274921 ], [ 71.454630472841075, 51.148652339805572 ], [ 71.454560842327595, 51.14862477009801 ], [ 71.45472443461685, 51.148576542109488 ], [ 71.454765287842974, 51.148519591275551 ], [ 71.4548574, 51.1485448 ] ], [ [ 71.455296040937057, 51.147962041750574 ], [ 71.455302127568032, 51.147953648516364 ], [ 71.455313364809754, 51.147956934381938 ], [ 71.455296040937057, 51.147962041750574 ] ], [ [ 71.456771011761248, 51.147140318156744 ], [ 71.456716601785246, 51.147156360216137 ], [ 71.456734875244223, 51.147130069104513 ], [ 71.456771011761248, 51.147140318156744 ] ] ], [ [ [ 71.453409868904188, 51.148870349969314 ], [ 71.4532082, 51.1489298 ], [ 71.4531282, 51.149043599999985 ], [ 71.4533105, 51.1490941 ], [ 71.453512169475871, 51.149034649786373 ], [ 71.453592268876847, 51.148920849655291 ], [ 71.453409868904188, 51.148870349969314 ] ] ], [ [ [ 71.454045468986877, 51.149087548872956 ], [ 71.453857668985222, 51.149028649196637 ], [ 71.453656, 51.1490881 ], [ 71.4533642, 51.1494542 ], [ 71.4535519, 51.1495131 ], [ 71.453753570960018, 51.14945364935307 ], [ 71.454045468986877, 51.149087548872956 ] ] ], [ [ [ 71.4537902, 51.1500821 ], [ 71.4542601, 51.1502153 ], [ 71.4552477, 51.1500923 ], [ 71.456054381549365, 51.149854483663198 ], [ 71.456135279159199, 51.149741283133302 ], [ 71.454927679758441, 51.149399691451194 ], [ 71.454260583532772, 51.149410396006147 ], [ 71.4534539, 51.1496482 ], [ 71.4533761, 51.1497587 ], [ 71.4537902, 51.1500821 ] ] ], [ [ [ 71.455416773315363, 51.15051744645929 ], [ 71.4552151, 51.1505769 ], [ 71.4551627, 51.150653 ], [ 71.455235, 51.1506734 ], [ 71.455436673705222, 51.150613946420464 ], [ 71.455489973302804, 51.15053734633328 ], [ 71.455416773315363, 51.15051744645929 ] ] ], [ [ [ 71.453702378167307, 51.151107049357606 ], [ 71.4535007, 51.1511665 ], [ 71.45333, 51.1513985 ], [ 71.4539081, 51.1515659 ], [ 71.454109779343725, 51.15150644864179 ], [ 71.454280478112381, 51.15127444836191 ], [ 71.453702378167307, 51.151107049357606 ] ] ], [ [ [ 71.454953538444187, 51.151678942600768 ], [ 71.454228445151657, 51.151896845762586 ], [ 71.453659580916096, 51.151730349399436 ], [ 71.4534579, 51.1517898 ], [ 71.4533373, 51.151952 ], [ 71.453720478691778, 51.152064166530096 ], [ 71.4525412, 51.1524526 ], [ 71.4523582, 51.152667 ], [ 71.4536126, 51.1530344 ], [ 71.4540459, 51.1531392 ], [ 71.454650956270768, 51.152960843958176 ], [ 71.454971951110991, 51.152662542358406 ], [ 71.455486638475151, 51.151847439844012 ], [ 71.454953538444187, 51.151678942600768 ] ] ], [ [ [ 71.4536016, 51.1543938 ], [ 71.4536552, 51.1544157 ], [ 71.453856891989545, 51.154356248930796 ], [ 71.453890391849882, 51.15433434887467 ], [ 71.453891791721048, 51.154304948873744 ], [ 71.453838091727647, 51.1542897489662 ], [ 71.4536364, 51.1543492 ], [ 71.4536016, 51.1543938 ] ] ], [ [ [ 71.4553921, 51.1568012 ], [ 71.455556236356685, 51.156801413250868 ], [ 71.4555522, 51.1568538 ], [ 71.4556407, 51.156855899999989 ], [ 71.455800703267343, 51.156808736261524 ], [ 71.4558006, 51.1568261 ], [ 71.4568288, 51.1568285 ], [ 71.456924760077428, 51.156800212934634 ], [ 71.4569221, 51.15685 ], [ 71.457024729164743, 51.156960111026905 ], [ 71.457019611703657, 51.157371701099741 ], [ 71.4567316, 51.1574566 ], [ 71.456719441872167, 51.157696969456126 ], [ 71.456674929297819, 51.157696443050746 ], [ 71.456694602571716, 51.15769064391683 ], [ 71.456689302171995, 51.157596443930608 ], [ 71.456554902365809, 51.157599444159985 ], [ 71.4563532, 51.1576589 ], [ 71.456357200535408, 51.15773000390223 ], [ 71.4554704, 51.1579914 ], [ 71.455467, 51.1581056 ], [ 71.4564811, 51.1581176 ], [ 71.456701451174766, 51.158052647341115 ], [ 71.4566981, 51.1581189 ], [ 71.4569636, 51.1581242 ], [ 71.457969546383211, 51.15782766850397 ], [ 71.4579297, 51.1579361 ], [ 71.4579251, 51.158042 ], [ 71.4579644, 51.1582937 ], [ 71.4581665, 51.1582965 ], [ 71.458368202679395, 51.158237041030944 ], [ 71.458374300599289, 51.157757341044636 ], [ 71.458176600849384, 51.157753641382477 ], [ 71.457972484287708, 51.157819673746594 ], [ 71.457947018556808, 51.157318042277005 ], [ 71.4594024, 51.157857700000015 ], [ 71.459462367159745, 51.157840021686575 ], [ 71.4593898, 51.1579131 ], [ 71.4594582, 51.1579426 ], [ 71.459981698477804, 51.157767038298836 ], [ 71.459864032585799, 51.157721609621063 ], [ 71.460410890321114, 51.157560391296009 ], [ 71.460496287789937, 51.157469790589523 ], [ 71.45889368574737, 51.156875804424274 ], [ 71.458215139536748, 51.157075837163077 ], [ 71.458225983455392, 51.156561610205088 ], [ 71.458034484722361, 51.156560611840654 ], [ 71.45738450295714, 51.156752219422174 ], [ 71.457247220463387, 51.156705157393006 ], [ 71.457837285414399, 51.156531213532055 ], [ 71.457837982868071, 51.156413513555648 ], [ 71.456809789734493, 51.156411122336671 ], [ 71.456560270347438, 51.156484675596438 ], [ 71.456645382285117, 51.156014923840083 ], [ 71.456645380594338, 51.155936623859731 ], [ 71.456598980342932, 51.155910524262531 ], [ 71.456418182135934, 51.155937225799796 ], [ 71.4554097, 51.1562345 ], [ 71.45540107327372, 51.156512271562249 ], [ 71.455183500109285, 51.1565105406954 ], [ 71.4545784, 51.1566889 ], [ 71.4545741, 51.1567973 ], [ 71.4549155, 51.1568053 ], [ 71.455396374816019, 51.156663556355078 ], [ 71.4553921, 51.1568012 ] ], [ [ 71.455784726890101, 51.156734061733005 ], [ 71.455801176217946, 51.156729212985859 ], [ 71.455801144704338, 51.15673451175681 ], [ 71.455784726890101, 51.156734061733005 ] ] ], [ [ [ 71.455525700825063, 51.156922045951852 ], [ 71.455324, 51.1569815 ], [ 71.4553202, 51.1570253 ], [ 71.4553981, 51.1570279 ], [ 71.455599800925754, 51.156968445822955 ], [ 71.455603600731891, 51.156924745818642 ], [ 71.455525700825063, 51.156922045951852 ] ] ], [ [ [ 71.455120210655394, 51.159071646536546 ], [ 71.453779900000015, 51.1594557 ], [ 71.4539073, 51.1596012 ], [ 71.455240911165092, 51.159227246322594 ], [ 71.455120210655394, 51.159071646536546 ] ] ], [ [ [ 71.454382427687193, 51.162784347610497 ], [ 71.4537555, 51.1629803 ], [ 71.4538831, 51.1631097 ], [ 71.454308328561183, 51.162963547728097 ], [ 71.454260490953246, 51.16291506391196 ], [ 71.454442527869432, 51.162845247504784 ], [ 71.454382427687193, 51.162784347610497 ] ] ], [ [ [ 71.454507128070247, 51.162911847391101 ], [ 71.4541212, 51.1630368 ], [ 71.4541903, 51.1631133 ], [ 71.454576228307772, 51.162988347269234 ], [ 71.454507128070247, 51.162911847391101 ] ] ], [ [ [ 71.4553786, 51.1628586 ], [ 71.4550616, 51.1633466 ], [ 71.4554566, 51.1638796 ], [ 71.456332487634853, 51.163622333737401 ], [ 71.456940178613308, 51.163115630699686 ], [ 71.45682327704003, 51.162957831322487 ], [ 71.456296374388771, 51.162589134077997 ], [ 71.4553786, 51.1628586 ] ] ], [ [ [ 71.454800329535217, 51.163342246868709 ], [ 71.4544571, 51.1634454 ], [ 71.4545099, 51.1635127 ], [ 71.454853129755378, 51.163409646775136 ], [ 71.454800329535217, 51.163342246868709 ] ] ], [ [ [ 71.454922130105359, 51.163512146652117 ], [ 71.454870029910197, 51.163450746744182 ], [ 71.4545312, 51.163556 ], [ 71.4545834, 51.1636174 ], [ 71.454922130105359, 51.163512146652117 ] ] ], [ [ [ 71.4546218, 51.1638114 ], [ 71.455071330587657, 51.16367024638933 ], [ 71.455020030392276, 51.16360904648004 ], [ 71.4545589, 51.1637364 ], [ 71.4546218, 51.1638114 ] ] ], [ [ [ 71.454261131731229, 51.163682547772666 ], [ 71.45391, 51.163792 ], [ 71.4539616, 51.1638527 ], [ 71.454312731923622, 51.163743147681494 ], [ 71.454261131731229, 51.163682547772666 ] ] ], [ [ [ 71.455131831029888, 51.163791446279923 ], [ 71.45506813078164, 51.163714146392621 ], [ 71.454708, 51.163825 ], [ 71.4547717, 51.1639023 ], [ 71.455131831029888, 51.163791446279923 ] ] ], [ [ [ 71.454327832112853, 51.163791647653262 ], [ 71.4539812, 51.1639004 ], [ 71.454043500000012, 51.1639724 ], [ 71.454390132340109, 51.163863647543224 ], [ 71.454327832112853, 51.163791647653262 ] ] ], [ [ [ 71.454622132002811, 51.163857847147227 ], [ 71.4542485, 51.1639716 ], [ 71.454317, 51.1640568 ], [ 71.454690532279287, 51.163943147026124 ], [ 71.454622132002811, 51.163857847147227 ] ] ], [ [ [ 71.4561711, 51.1639958 ], [ 71.45671092903153, 51.163820843581149 ], [ 71.45669331648709, 51.163799321824101 ], [ 71.45676056425323, 51.163778714392961 ], [ 71.4568013, 51.1637936 ], [ 71.457132927912625, 51.163693342866736 ], [ 71.457035027515559, 51.163570943040099 ], [ 71.4566717, 51.1636812 ], [ 71.456684730879672, 51.163697493062699 ], [ 71.4562782, 51.1638211 ], [ 71.456288433126431, 51.163833603351563 ], [ 71.4558723, 51.1639585 ], [ 71.455894270070402, 51.163985890208572 ], [ 71.4556529, 51.1640579 ], [ 71.4557012, 51.1641208 ], [ 71.456026530830684, 51.164024044739982 ], [ 71.456008277386005, 51.16400027384816 ], [ 71.456142177705217, 51.163960499603803 ], [ 71.4561711, 51.1639958 ] ] ], [ [ [ 71.455207431324794, 51.163883246146185 ], [ 71.4548225, 51.164011 ], [ 71.4548875, 51.1640795 ], [ 71.455272331533408, 51.16395174603187 ], [ 71.455207431324794, 51.163883246146185 ] ] ], [ [ [ 71.454541433068911, 51.164079447273956 ], [ 71.4541935, 51.1641788 ], [ 71.4542453, 51.1642534 ], [ 71.454593233321944, 51.16415414718174 ], [ 71.454541433068911, 51.164079447273956 ] ] ], [ [ [ 71.456044131250735, 51.164126744704767 ], [ 71.455995831043978, 51.164063844790434 ], [ 71.4556705, 51.164160599999988 ], [ 71.4557188, 51.1642235 ], [ 71.456044131250735, 51.164126744704767 ] ] ], [ [ [ 71.4544645, 51.164558 ], [ 71.454877834105957, 51.164424246682046 ], [ 71.454839552163136, 51.164381340374085 ], [ 71.454876542334773, 51.164370438904186 ], [ 71.4548877, 51.1643842 ], [ 71.455451032400305, 51.164208045713806 ], [ 71.455382832129587, 51.164124145834492 ], [ 71.454990756568051, 51.164244752248962 ], [ 71.454966033091964, 51.164217046541786 ], [ 71.4547643, 51.1642765 ], [ 71.4545929, 51.1643367 ], [ 71.45460977342465, 51.164355608855573 ], [ 71.4543602, 51.1644411 ], [ 71.4544645, 51.164558 ] ] ], [ [ [ 71.454877634556468, 51.164528446677146 ], [ 71.4545451, 51.1646296 ], [ 71.4545973, 51.164694 ], [ 71.454929834764044, 51.164592746584759 ], [ 71.454877634556468, 51.164528446677146 ] ] ], [ [ [ 71.45627733353497, 51.164728044276252 ], [ 71.4559724, 51.1648261 ], [ 71.4560321, 51.1648888 ], [ 71.456336933726078, 51.164790844171272 ], [ 71.45627733353497, 51.164728044276252 ] ] ], [ [ [ 71.454679241752842, 51.166132046935616 ], [ 71.4543269, 51.1662363 ], [ 71.4543649, 51.1662866 ], [ 71.454717241918615, 51.166182246868196 ], [ 71.454679241752842, 51.166132046935616 ] ] ], [ [ [ 71.4550934, 51.1671097 ], [ 71.456642942349177, 51.166653037546844 ], [ 71.4567599, 51.1668045 ], [ 71.457135658519022, 51.166692181863844 ], [ 71.4571721, 51.1667034 ], [ 71.458068017040304, 51.166431424420779 ], [ 71.45770541276309, 51.165988526345664 ], [ 71.457498234399111, 51.166049588288004 ], [ 71.457255819697721, 51.16573771523624 ], [ 71.457432206630287, 51.16543032782976 ], [ 71.457147903116891, 51.165070729340798 ], [ 71.4563179, 51.1653201 ], [ 71.4556091, 51.1655597 ], [ 71.4557623, 51.1658114 ], [ 71.455870455939859, 51.165947421667099 ], [ 71.4545232, 51.1663487 ], [ 71.4550934, 51.1671097 ] ] ], [ [ [ 71.454909344781413, 51.166904546503822 ], [ 71.454784544342672, 51.166764146724034 ], [ 71.4544911, 51.1668557 ], [ 71.4546159, 51.166996 ], [ 71.454909344781413, 51.166904546503822 ] ] ], [ [ [ 71.454968744932657, 51.166958046399664 ], [ 71.4546669, 51.1670485 ], [ 71.4547567, 51.1671624 ], [ 71.455058445304132, 51.167071946240718 ], [ 71.454968744932657, 51.166958046399664 ] ] ], [ [ [ 71.4549192, 51.1676692 ], [ 71.455232770316201, 51.167573946543072 ], [ 71.4552484, 51.1675946 ], [ 71.455311934597745, 51.167577697415034 ], [ 71.4551933, 51.1676954 ], [ 71.4553887, 51.167950599999983 ], [ 71.455746247715865, 51.167844245027062 ], [ 71.456328045878635, 51.167600344045461 ], [ 71.456200345330117, 51.167433644271952 ], [ 71.455883942398415, 51.167427138696972 ], [ 71.45619474490897, 51.167334444286503 ], [ 71.456153244730601, 51.167280244360107 ], [ 71.4557893, 51.1673886 ], [ 71.455822344612315, 51.167431757071768 ], [ 71.4556504461179, 51.16744464521075 ], [ 71.455535161265075, 51.167478619836807 ], [ 71.455474611385256, 51.167396890417642 ], [ 71.4558686, 51.1673118 ], [ 71.456249044257206, 51.167200544200455 ], [ 71.456074943471705, 51.166964544509717 ], [ 71.4556907, 51.167077 ], [ 71.4552791, 51.16725850000001 ], [ 71.45538223811819, 51.167398351393672 ], [ 71.455287067696162, 51.167426398037669 ], [ 71.45526324643383, 51.167397145874567 ], [ 71.4550615, 51.1674566 ], [ 71.4548462, 51.1675256 ], [ 71.454796, 51.1675855 ], [ 71.4548473, 51.1676485 ], [ 71.4549192, 51.1676692 ] ] ], [ [ [ 71.45512124564442, 51.167170246128507 ], [ 71.4548122, 51.1672583 ], [ 71.4549333, 51.1674369 ], [ 71.455242346253229, 51.16734884591267 ], [ 71.45512124564442, 51.167170246128507 ] ] ], [ [ [ 71.454867848381411, 51.167724646533564 ], [ 71.454718047787864, 51.167540646798699 ], [ 71.4543722, 51.1676462 ], [ 71.454406749109523, 51.167688636974418 ], [ 71.4541022, 51.167776 ], [ 71.4541183, 51.1678496 ], [ 71.4541819, 51.1679417 ], [ 71.454531549341453, 51.167842047102148 ], [ 71.454523130455215, 51.167829866868239 ], [ 71.454867848381411, 51.167724646533564 ] ] ], [ [ [ 71.4544489, 51.1681139 ], [ 71.454699206493046, 51.168038289963846 ], [ 71.4547107, 51.1680524 ], [ 71.45504414912169, 51.167950846221061 ], [ 71.454890948514119, 51.167762546492199 ], [ 71.4545574, 51.1678642 ], [ 71.454585403239022, 51.167898578538541 ], [ 71.4543332, 51.1679772 ], [ 71.4544489, 51.1681139 ] ] ], [ [ [ 71.4552937, 51.1687736 ], [ 71.455408, 51.1689521 ], [ 71.456715001383174, 51.168571075392855 ], [ 71.456635499925213, 51.168461975957989 ], [ 71.456248202555301, 51.168493478598045 ], [ 71.4552937, 51.1687736 ] ] ], [ [ [ 71.455574553321682, 51.169087845257962 ], [ 71.4547348, 51.1693409 ], [ 71.4548362, 51.1694723 ], [ 71.455676053752953, 51.16921924507799 ], [ 71.455574553321682, 51.169087845257962 ] ] ], [ [ [ 71.456363352856229, 51.169225843903568 ], [ 71.4557911, 51.1693949 ], [ 71.4558845, 51.1695189 ], [ 71.45645665326613, 51.169349743737975 ], [ 71.456363352856229, 51.169225843903568 ] ] ], [ [ [ 71.455644856421927, 51.169827045100782 ], [ 71.455345855210552, 51.169453645630291 ], [ 71.4549156, 51.1695849 ], [ 71.4552143, 51.1699585 ], [ 71.455644856421927, 51.169827045100782 ] ] ], [ [ [ 71.4546074, 51.170468 ], [ 71.4549063, 51.1708477 ], [ 71.455557880744834, 51.17065526250866 ], [ 71.4557934, 51.1709251 ], [ 71.456149860002995, 51.170812844188646 ], [ 71.455873023338256, 51.170493690394302 ], [ 71.456058333443238, 51.170443268664066 ], [ 71.456152, 51.1704353 ], [ 71.456445357576257, 51.170343443707381 ], [ 71.456371957322816, 51.170261943836863 ], [ 71.456162832615107, 51.170324006084826 ], [ 71.456115157707856, 51.170271044275083 ], [ 71.4557714, 51.170380699999988 ], [ 71.455850932973533, 51.170469129172602 ], [ 71.455618269675611, 51.170539111864066 ], [ 71.455383277215191, 51.170236337606347 ], [ 71.4546074, 51.170468 ] ] ], [ [ [ 71.456831158726132, 51.170729643028949 ], [ 71.4560143, 51.1710029 ], [ 71.4560886, 51.171087 ], [ 71.456905458989624, 51.170813742897799 ], [ 71.456831158726132, 51.170729643028949 ] ] ], [ [ [ 71.455536961796355, 51.171036845224407 ], [ 71.455390161379768, 51.170894745482293 ], [ 71.4549911, 51.17101610000001 ], [ 71.455165136084176, 51.171240050454252 ], [ 71.4544628, 51.1714469 ], [ 71.4545449, 51.1715569 ], [ 71.455290063425963, 51.171336945631133 ], [ 71.455242382930024, 51.171274005504415 ], [ 71.455604662256775, 51.171164445102349 ], [ 71.455536961796355, 51.171036845224407 ] ] ], [ [ [ 71.454830362651677, 51.17101464643261 ], [ 71.4544183, 51.1711311 ], [ 71.4545062, 51.1712586 ], [ 71.454918263084465, 51.171142146276054 ], [ 71.454830362651677, 51.17101464643261 ] ] ], [ [ [ 71.456753565871651, 51.172358543079753 ], [ 71.456723465763901, 51.172324243132877 ], [ 71.456660265742215, 51.172299543242097 ], [ 71.45657916586697, 51.172303143380454 ], [ 71.4563079, 51.17238660000001 ], [ 71.4562515, 51.1724304 ], [ 71.4562614, 51.1724856 ], [ 71.4562928, 51.1725214 ], [ 71.4563512, 51.1725443 ], [ 71.4564544, 51.1725342 ], [ 71.45671066635046, 51.172455943148144 ], [ 71.456758666100811, 51.17241314306829 ], [ 71.456753565871651, 51.172358543079753 ] ] ], [ [ [ 71.4559405, 51.172883399999989 ], [ 71.4560437, 51.1728734 ], [ 71.456299968369734, 51.172795143832715 ], [ 71.456341491335763, 51.172758195907114 ], [ 71.4564323, 51.1727493 ], [ 71.456688567310039, 51.172671043175086 ], [ 71.456736667060269, 51.172628243095083 ], [ 71.456731466831258, 51.172573643106702 ], [ 71.456701366723507, 51.172539343159833 ], [ 71.456638266701688, 51.172514643268876 ], [ 71.456557066826576, 51.172518243407424 ], [ 71.4562858, 51.172601699999987 ], [ 71.456237474998446, 51.172639295656111 ], [ 71.456168467886684, 51.172642444065033 ], [ 71.4558972, 51.1727258 ], [ 71.4558408, 51.1727696 ], [ 71.4558507, 51.1728248 ], [ 71.4558821, 51.1728606 ], [ 71.4559405, 51.172883399999989 ] ] ], [ [ [ 71.4556416, 51.1727748 ], [ 71.4557448, 51.1727648 ], [ 71.456001068302683, 51.172686544348814 ], [ 71.456049068053048, 51.172643744268946 ], [ 71.456043867824022, 51.17258914428055 ], [ 71.456013767716271, 51.172554844333717 ], [ 71.455950667694466, 51.17253014444276 ], [ 71.455869467819355, 51.172533744581273 ], [ 71.45559830000002, 51.1726172 ], [ 71.4555419, 51.172661 ], [ 71.455545394655516, 51.172680450069002 ], [ 71.4552498, 51.1727706 ], [ 71.4552873, 51.1728093 ], [ 71.455563210633812, 51.172729145923356 ], [ 71.4556416, 51.1727748 ] ] ], [ [ [ 71.455153068612688, 51.172494145807129 ], [ 71.4539465, 51.1728976 ], [ 71.4540459, 51.1730117 ], [ 71.455252468972517, 51.172608345631566 ], [ 71.455153068612688, 51.172494145807129 ] ] ], [ [ [ 71.456580771630769, 51.173636943310768 ], [ 71.456260300851625, 51.173740070517248 ], [ 71.45623197238703, 51.173703243903304 ], [ 71.4557914, 51.1738349 ], [ 71.456089590306291, 51.174222447211264 ], [ 71.4549918, 51.1745476 ], [ 71.4547966, 51.1746755 ], [ 71.4549886, 51.1749301 ], [ 71.456344238555403, 51.174519966018956 ], [ 71.456362975570116, 51.174533688800906 ], [ 71.4561722, 51.1745908 ], [ 71.4562839, 51.1747373 ], [ 71.456653675814763, 51.174627443136515 ], [ 71.456627546247688, 51.174593173224359 ], [ 71.456862375081101, 51.17452274278525 ], [ 71.456308946200522, 51.173803308643784 ], [ 71.456635771825603, 51.173699143213682 ], [ 71.456580771630769, 51.173636943310768 ] ] ], [ [ [ 71.455769874289729, 51.173999444677868 ], [ 71.455686273937545, 51.173891944826089 ], [ 71.4550967, 51.17407 ], [ 71.4551803, 51.1741775 ], [ 71.455769874289729, 51.173999444677868 ] ] ], [ [ [ 71.454925276302788, 51.174202046110615 ], [ 71.4544873, 51.17433470000001 ], [ 71.4545813, 51.174454 ], [ 71.455019276691587, 51.17432124594405 ], [ 71.454925276302788, 51.174202046110615 ] ] ], [ [ [ 71.4546168, 51.1744987 ], [ 71.4547065, 51.1745964 ], [ 71.455256376761866, 51.17441134553448 ], [ 71.455166676460252, 51.174313645692614 ], [ 71.4546168, 51.1744987 ] ] ], [ [ [ 71.457048177010762, 51.1750269424425 ], [ 71.457101281866755, 51.174954088481549 ], [ 71.4572438, 51.1751828 ], [ 71.458587603673806, 51.174847748037863 ], [ 71.458774565973968, 51.175081004479594 ], [ 71.4581816, 51.1752541 ], [ 71.4581299, 51.1754208 ], [ 71.458369500000018, 51.1757451 ], [ 71.458517653900657, 51.175783674654951 ], [ 71.4583859, 51.1758225 ], [ 71.4585443, 51.1760369 ], [ 71.458852170866706, 51.176244763810494 ], [ 71.458637058857335, 51.17630889563231 ], [ 71.458475979523143, 51.176052739951778 ], [ 71.458066187580542, 51.176162752181739 ], [ 71.45800463915522, 51.176070700514487 ], [ 71.458391479253436, 51.175964040100588 ], [ 71.458053877458937, 51.175443840703458 ], [ 71.4576196, 51.1755627 ], [ 71.457683545962468, 51.175661214912211 ], [ 71.45658749169084, 51.175955606865266 ], [ 71.45655648151822, 51.175916343237873 ], [ 71.4559976, 51.176086599999984 ], [ 71.4562824, 51.1764473 ], [ 71.4564843, 51.1765019 ], [ 71.456903714079957, 51.176374859477647 ], [ 71.4571982, 51.1765973 ], [ 71.458155778238805, 51.176340072421709 ], [ 71.4582488, 51.176488 ], [ 71.458660602838052, 51.176377395262726 ], [ 71.4586992, 51.1764283 ], [ 71.459720078215625, 51.176137837822132 ], [ 71.459259876428902, 51.175581238636269 ], [ 71.4589603078594, 51.175136903086504 ], [ 71.459437773625552, 51.174988238362168 ], [ 71.459060672098872, 51.174517639030029 ], [ 71.458571747088556, 51.174667562931667 ], [ 71.458441509134957, 51.174458573150289 ], [ 71.45911987086572, 51.174250838942307 ], [ 71.459022076195268, 51.174127242548984 ], [ 71.45951106917903, 51.173982538287504 ], [ 71.459094467355044, 51.173430839026906 ], [ 71.458634073928394, 51.173567020477826 ], [ 71.45851986811104, 51.173426740008708 ], [ 71.4579958, 51.1735894 ], [ 71.4581713, 51.1738048 ], [ 71.458547900000013, 51.1741744 ], [ 71.458942025338231, 51.174053412115249 ], [ 71.458978127601824, 51.174101221528851 ], [ 71.4583176, 51.1743037 ], [ 71.458436518422246, 51.174453994311023 ], [ 71.4575479, 51.1746817 ], [ 71.457159886493884, 51.174873689157742 ], [ 71.457168376135982, 51.174862042245444 ], [ 71.457080375797901, 51.174756442401069 ], [ 71.456597601043342, 51.174907836603481 ], [ 71.456549574975256, 51.174842494780791 ], [ 71.456813776177654, 51.174761242856277 ], [ 71.456701975722041, 51.174621043054316 ], [ 71.4563184, 51.1747375 ], [ 71.456334676335629, 51.174757929266718 ], [ 71.4551078, 51.1751134 ], [ 71.4552938, 51.1753666 ], [ 71.456587743400135, 51.174992138458897 ], [ 71.4565856, 51.1750379 ], [ 71.4566732, 51.175143 ], [ 71.457048177010762, 51.1750269424425 ] ] ], [ [ [ 71.456959478983663, 51.175455642572508 ], [ 71.4570867, 51.1756146 ], [ 71.457463778497413, 51.175500241708761 ], [ 71.457148377212619, 51.175104842267416 ], [ 71.4560889, 51.1753746 ], [ 71.4556364, 51.175516399999985 ], [ 71.455659994324591, 51.175545980454885 ], [ 71.4554573, 51.1756057 ], [ 71.4555777, 51.175769 ], [ 71.455958681204208, 51.175657544272156 ], [ 71.455945581575477, 51.175639773372055 ], [ 71.4567577, 51.1755151 ], [ 71.456959478983663, 51.175455642572508 ] ] ], [ [ [ 71.456224481153285, 51.175728543814493 ], [ 71.4558413, 51.175844 ], [ 71.455852724030393, 51.175858533212228 ], [ 71.455675, 51.1759109 ], [ 71.4557558, 51.176019 ], [ 71.455937012898985, 51.175965761944212 ], [ 71.4559688, 51.1760062 ], [ 71.456351981682459, 51.175890643588538 ], [ 71.456224481153285, 51.175728543814493 ] ] ], [ [ [ 71.457912845403854, 51.145736594914496 ], [ 71.458134455454797, 51.145671251231597 ], [ 71.4583156, 51.1457238 ], [ 71.458517248194838, 51.145664341408299 ], [ 71.458801546149402, 51.145279040942199 ], [ 71.458576446170397, 51.145213741329862 ], [ 71.458541194682056, 51.145224135843392 ], [ 71.458609596491527, 51.145129831920968 ], [ 71.4589085, 51.1452102 ], [ 71.462211480449284, 51.144236179949509 ], [ 71.4623237, 51.1442206 ], [ 71.46279023399812, 51.144065496858353 ], [ 71.462878720947245, 51.143935994074887 ], [ 71.462758554043177, 51.143903688031351 ], [ 71.462977133380235, 51.143621933895531 ], [ 71.462755333386511, 51.143554234277659 ], [ 71.4625537, 51.1436137 ], [ 71.462402907587148, 51.143808073936768 ], [ 71.462311922966492, 51.1437836128543 ], [ 71.462261548536077, 51.143798469025725 ], [ 71.462312218032238, 51.143724312901966 ], [ 71.461833560908346, 51.143595628223707 ], [ 71.462670627624618, 51.143348763439548 ], [ 71.4626144, 51.1435103 ], [ 71.4628197, 51.1435679 ], [ 71.463827858875845, 51.143270565715994 ], [ 71.463951575957694, 51.143097179201902 ], [ 71.4640336, 51.1431161 ], [ 71.464436857968238, 51.142997163210403 ], [ 71.464576955954087, 51.142807462751094 ], [ 71.464201354886725, 51.142566664058037 ], [ 71.464040654574376, 51.142480364615523 ], [ 71.463886054602057, 51.142435365147982 ], [ 71.4631948, 51.1426392 ], [ 71.4631767, 51.1426637 ], [ 71.463257887661683, 51.142835803297743 ], [ 71.4631199, 51.1428765 ], [ 71.4628898, 51.1429923 ], [ 71.462726578772717, 51.143221091150153 ], [ 71.46227238425142, 51.142652443927972 ], [ 71.462080684645002, 51.142598049539195 ], [ 71.4585889, 51.1436351 ], [ 71.4584173, 51.1438127 ], [ 71.4583062, 51.143993299999984 ], [ 71.4589681, 51.1442976 ], [ 71.459129086495281, 51.144343474356965 ], [ 71.458207872485417, 51.144615115490353 ], [ 71.458084664775242, 51.144581237375128 ], [ 71.457629944711698, 51.144715317726757 ], [ 71.457874843897628, 51.14446844256539 ], [ 71.457966943227802, 51.144341942414492 ], [ 71.457050543327185, 51.144079343992559 ], [ 71.4568489, 51.1441388 ], [ 71.4562531, 51.1449571 ], [ 71.4565354609107, 51.145038030693854 ], [ 71.4560682, 51.1451758 ], [ 71.4554726, 51.1460287 ], [ 71.45622280000002, 51.1462349 ], [ 71.456598161894306, 51.146124228627777 ], [ 71.4564893, 51.1461862 ], [ 71.4563921, 51.1463171 ], [ 71.457158300000017, 51.1465409 ], [ 71.457359953278456, 51.146481443343504 ], [ 71.457912845403854, 51.145736594914496 ] ] ], [ [ [ 71.455584032272085, 51.147224612754734 ], [ 71.4556901, 51.147250899999989 ], [ 71.455891758318145, 51.147191445815075 ], [ 71.455930857998354, 51.147129545751405 ], [ 71.455780758039253, 51.147092246009613 ], [ 71.455689313655199, 51.14711920623381 ], [ 71.455788964473754, 51.146985882201598 ], [ 71.456088271940445, 51.146897637506889 ], [ 71.45624456842198, 51.146674636739753 ], [ 71.456088868493509, 51.146631637543898 ], [ 71.4554839, 51.14681 ], [ 71.455353051186435, 51.146996771560296 ], [ 71.4552339, 51.1470319 ], [ 71.4550454, 51.1472877 ], [ 71.4552147, 51.1473335 ], [ 71.455584032272085, 51.147224612754734 ] ] ], [ [ [ 71.456917346106025, 51.147934745645344 ], [ 71.456811, 51.1479661 ], [ 71.4567053, 51.1481046 ], [ 71.4569289, 51.1481717 ], [ 71.457130560626382, 51.148112243653316 ], [ 71.457236259886329, 51.147973743479767 ], [ 71.457165351501459, 51.147952464811034 ], [ 71.457281759585115, 51.147918143404851 ], [ 71.457360758969472, 51.147800143275873 ], [ 71.457318679306681, 51.147789068739677 ], [ 71.457411358735655, 51.147761743191388 ], [ 71.457484678182809, 51.147658206385529 ], [ 71.457604957875191, 51.147622742867775 ], [ 71.457694057200214, 51.147494142722095 ], [ 71.457571298801653, 51.147460681887509 ], [ 71.457658256993255, 51.147435042786192 ], [ 71.457732856409464, 51.147323042664418 ], [ 71.457658544754281, 51.147303579238596 ], [ 71.457760756157825, 51.147273442619273 ], [ 71.457830555633137, 51.147173642505074 ], [ 71.45775928246249, 51.147154024217855 ], [ 71.457866055364818, 51.147122542447022 ], [ 71.457989054446983, 51.146948242245749 ], [ 71.457633954499101, 51.146849642857092 ], [ 71.4574323, 51.1469091 ], [ 71.4573093, 51.1470834 ], [ 71.457570769005258, 51.147156001791267 ], [ 71.4574636, 51.1471876 ], [ 71.45739380000002, 51.1472874 ], [ 71.457461646437807, 51.147306075253752 ], [ 71.4573571, 51.1473369 ], [ 71.457287231336437, 51.147441937470724 ], [ 71.457189, 51.1474709 ], [ 71.4570999, 51.1475995 ], [ 71.45718676943487, 51.147623178761201 ], [ 71.4570958, 51.14765 ], [ 71.4570134, 51.1477665 ], [ 71.457045823597582, 51.147775535033396 ], [ 71.4569486, 51.1478042 ], [ 71.4568697, 51.1479222 ], [ 71.456917346106025, 51.147934745645344 ] ] ], [ [ [ 71.4560397, 51.1501475 ], [ 71.4559426, 51.1502794 ], [ 71.456065894644482, 51.150315097842615 ], [ 71.4558393, 51.150381900000014 ], [ 71.4557514, 51.1505187 ], [ 71.4561454, 51.1506393 ], [ 71.457271054890754, 51.150309319929313 ], [ 71.457279851543959, 51.150157019892433 ], [ 71.457093870450379, 51.15012586698618 ], [ 71.457470718211113, 51.150014762982295 ], [ 71.457626511469726, 51.149803061449717 ], [ 71.457532777690972, 51.149775839821032 ], [ 71.457654809604222, 51.149739861178809 ], [ 71.457779206468203, 51.149657559928961 ], [ 71.457793003585238, 51.149550559819822 ], [ 71.457578403597651, 51.149484162038739 ], [ 71.4563684, 51.1498409 ], [ 71.4562383, 51.150043599999989 ], [ 71.456320534702314, 51.150064706301968 ], [ 71.4560397, 51.1501475 ] ] ], [ [ [ 71.455554172070165, 51.150271846236961 ], [ 71.4553525, 51.1503313 ], [ 71.4552516, 51.1504574 ], [ 71.4553666, 51.1504936 ], [ 71.455568272751904, 51.150434146204724 ], [ 71.455669172071737, 51.150308046038759 ], [ 71.455554172070165, 51.150271846236961 ] ] ], [ [ [ 71.456863855525725, 51.153592832524964 ], [ 71.456302855866525, 51.153444335421661 ], [ 71.4556978, 51.1536227 ], [ 71.4551915, 51.1538837 ], [ 71.4551413, 51.1539597 ], [ 71.4550985, 51.1542407 ], [ 71.455185, 51.1543459 ], [ 71.4552357, 51.1543592 ], [ 71.4554709, 51.1543514 ], [ 71.4560759662224, 51.154173036474447 ], [ 71.456692459471739, 51.153844033365289 ], [ 71.456863855525725, 51.153592832524964 ] ] ], [ [ [ 71.456640714358812, 51.157498723507615 ], [ 71.456650712605978, 51.15722081253513 ], [ 71.4568162, 51.1572167 ], [ 71.457017899832877, 51.157157243391417 ], [ 71.457017899578489, 51.157098343394374 ], [ 71.456813999852869, 51.157098343742618 ], [ 71.456653415590665, 51.157145680154741 ], [ 71.456663800345808, 51.156857023471488 ], [ 71.456471401582021, 51.156854325115198 ], [ 71.4554629, 51.1571516 ], [ 71.4554398, 51.1577933 ], [ 71.4556322, 51.157796 ], [ 71.456640714358812, 51.157498723507615 ] ] ], [ [ [ 71.4578963, 51.1621835 ], [ 71.4581022, 51.1621552 ], [ 71.458617818584401, 51.161996840415675 ], [ 71.458537418245086, 51.1618932405582 ], [ 71.457827800000018, 51.1620941 ], [ 71.4578963, 51.1621835 ] ] ], [ [ [ 71.457767520466376, 51.162167541859432 ], [ 71.4574246, 51.1622723 ], [ 71.4574821, 51.1623429 ], [ 71.457825120693869, 51.162238141757499 ], [ 71.457767520466376, 51.162167541859432 ] ] ], [ [ [ 71.458422219890579, 51.162238240737636 ], [ 71.458363219641242, 51.162162140842227 ], [ 71.4579886, 51.1622744 ], [ 71.458047600000015, 51.1623505 ], [ 71.458422219890579, 51.162238240737636 ] ] ], [ [ [ 71.457170821967679, 51.162329142870504 ], [ 71.4568538, 51.1624239 ], [ 71.4569342, 51.162527199999985 ], [ 71.457251222305757, 51.162432442728004 ], [ 71.457170821967679, 51.162329142870504 ] ] ], [ [ [ 71.457932720974554, 51.162336641568771 ], [ 71.4576029, 51.1624372 ], [ 71.4576599, 51.1625071 ], [ 71.457989721199823, 51.162406541467895 ], [ 71.457932720974554, 51.162336641568771 ] ] ], [ [ [ 71.458487120479333, 51.162394740618915 ], [ 71.458441420286391, 51.162335840699932 ], [ 71.4581113, 51.1624344 ], [ 71.458157, 51.1624933 ], [ 71.458487120479333, 51.162394740618915 ] ] ], [ [ [ 71.457985621382917, 51.162447641472838 ], [ 71.4576665, 51.1625525 ], [ 71.4577308, 51.162618099999989 ], [ 71.458050021579623, 51.162513241359548 ], [ 71.457985621382917, 51.162447641472838 ] ] ], [ [ [ 71.457317122451215, 51.162486642612706 ], [ 71.4569883, 51.1625868 ], [ 71.4570601, 51.1626748 ], [ 71.457388822734885, 51.162574642485822 ], [ 71.457317122451215, 51.162486642612706 ] ] ], [ [ [ 71.458040821773906, 51.162555341373135 ], [ 71.4577362, 51.1626478 ], [ 71.4578312, 51.1627644 ], [ 71.458135822149785, 51.162671941205005 ], [ 71.458040821773906, 51.162555341373135 ] ] ], [ [ [ 71.457447822838219, 51.16261694238294 ], [ 71.4571368, 51.1627115 ], [ 71.4572019, 51.1627913 ], [ 71.457512923095365, 51.162696742267705 ], [ 71.457447822838219, 51.16261694238294 ] ] ], [ [ [ 71.458220122295089, 51.162731841058012 ], [ 71.4578541, 51.162844 ], [ 71.4579363, 51.1629448 ], [ 71.458302322619929, 51.162832640912555 ], [ 71.458220122295089, 51.162731841058012 ] ] ], [ [ [ 71.457592623456833, 51.162805242126147 ], [ 71.4572446, 51.1629116 ], [ 71.4572993, 51.1629786 ], [ 71.457647223672822, 51.162872242029508 ], [ 71.457592623456833, 51.162805242126147 ] ] ], [ [ [ 71.457711724125602, 51.16299714191306 ], [ 71.457649223878363, 51.162920442023676 ], [ 71.4572728, 51.1630359 ], [ 71.4573353, 51.1631126 ], [ 71.457711724125602, 51.16299714191306 ] ] ], [ [ [ 71.4580384, 51.1631119 ], [ 71.458450123079842, 51.162985140652438 ], [ 71.45839382285709, 51.16291604075208 ], [ 71.458278123050846, 51.162924840949238 ], [ 71.4579638, 51.1630204 ], [ 71.4580384, 51.1631119 ] ] ], [ [ [ 71.457484, 51.163256099999984 ], [ 71.45794732431699, 51.163114841504743 ], [ 71.457889424080392, 51.163042041607291 ], [ 71.457686624396587, 51.163052041953172 ], [ 71.457392, 51.1631405 ], [ 71.457484, 51.163256099999984 ] ] ], [ [ [ 71.4575148, 51.163319 ], [ 71.4575913, 51.1634129 ], [ 71.4577524, 51.1633964 ], [ 71.458006001981786, 51.163320285998843 ], [ 71.4581163, 51.1634643 ], [ 71.458487924669853, 51.16336494056879 ], [ 71.458601724353784, 51.163327240376304 ], [ 71.458694223999842, 51.16327414022097 ], [ 71.458638623789966, 51.163208240319264 ], [ 71.458330490151425, 51.163302977520203 ], [ 71.458281476630461, 51.163238923986249 ], [ 71.458428924004423, 51.163192540678232 ], [ 71.45854522359339, 51.163133640482535 ], [ 71.458469223293477, 51.163040540617018 ], [ 71.4581442, 51.1631395 ], [ 71.4580666, 51.1632296 ], [ 71.458113509079553, 51.163287228346505 ], [ 71.458052507500739, 51.163305354956528 ], [ 71.458079024926036, 51.163296841270629 ], [ 71.458020624695735, 51.163225341373973 ], [ 71.457862524854107, 51.163212741644678 ], [ 71.4575148, 51.163319 ] ] ], [ [ [ 71.4577932, 51.1635495 ], [ 71.458091025611523, 51.163459241241988 ], [ 71.45799042521422, 51.163335941419994 ], [ 71.4576434, 51.163442 ], [ 71.4576989, 51.1635101 ], [ 71.4577932, 51.1635495 ] ] ], [ [ [ 71.4571525, 51.1636975 ], [ 71.457437927138713, 51.163609242349999 ], [ 71.457509626679268, 51.163525242231742 ], [ 71.457457626491347, 51.163465542323557 ], [ 71.4571085, 51.1635756 ], [ 71.4570977, 51.1636346 ], [ 71.4571525, 51.1636975 ] ] ], [ [ [ 71.45759632701926, 51.163630942078342 ], [ 71.4571904, 51.1637554 ], [ 71.4572436, 51.163821 ], [ 71.457649527231069, 51.163696541984173 ], [ 71.45759632701926, 51.163630942078342 ] ] ], [ [ [ 71.458221429938078, 51.164501240966892 ], [ 71.4578784, 51.1646011 ], [ 71.4579347, 51.1646785 ], [ 71.458277830196153, 51.164578540866678 ], [ 71.458221429938078, 51.164501240966892 ] ] ], [ [ [ 71.458362030341192, 51.164638340719833 ], [ 71.4580406, 51.1647362 ], [ 71.4581017, 51.1648111 ], [ 71.458423130583, 51.164713340611712 ], [ 71.458362030341192, 51.164638340719833 ] ] ], [ [ [ 71.457609732558097, 51.164917041990854 ], [ 71.457591559684857, 51.16489486449845 ], [ 71.457703432183507, 51.164859541833678 ], [ 71.457672268756369, 51.164821590045285 ], [ 71.457867231536113, 51.164760741558851 ], [ 71.457784531209739, 51.164659441705197 ], [ 71.457201, 51.164852 ], [ 71.4572537, 51.1649162 ], [ 71.457307470136129, 51.16492563565496 ], [ 71.4571807, 51.1649666 ], [ 71.4572348, 51.1650324 ], [ 71.457609732558097, 51.164917041990854 ] ] ], [ [ [ 71.457949, 51.1650871 ], [ 71.45856933119029, 51.164899440352634 ], [ 71.458476230798425, 51.16477974051768 ], [ 71.4577807, 51.1649905 ], [ 71.4578371, 51.165062899999988 ], [ 71.457949, 51.1650871 ] ] ], [ [ [ 71.4583156, 51.165184499999988 ], [ 71.458668331819638, 51.165075940174667 ], [ 71.458551931367964, 51.16493514038055 ], [ 71.4582431, 51.1650295 ], [ 71.4583156, 51.165184499999988 ] ] ], [ [ [ 71.457728732833019, 51.165017741782513 ], [ 71.4573313, 51.1651447 ], [ 71.4573902, 51.1652117 ], [ 71.457787533043387, 51.165084741678733 ], [ 71.457728732833019, 51.165017741782513 ] ] ], [ [ [ 71.457860033322561, 51.165171941550504 ], [ 71.4574487, 51.1653037 ], [ 71.4575112, 51.16537490000001 ], [ 71.457922533546082, 51.165243141440165 ], [ 71.457860033322561, 51.165171941550504 ] ] ], [ [ [ 71.457947833669309, 51.16527954139513 ], [ 71.4575269, 51.1654114 ], [ 71.4575937, 51.165491 ], [ 71.458014633923753, 51.165359241276995 ], [ 71.457947833669309, 51.16527954139513 ] ] ], [ [ [ 71.457940534254249, 51.165412641400906 ], [ 71.4576344, 51.1655109 ], [ 71.4577151, 51.1655965 ], [ 71.458021334515351, 51.165498241258597 ], [ 71.457940534254249, 51.165412641400906 ] ] ], [ [ [ 71.458124234453322, 51.165515941081949 ], [ 71.4577263, 51.1656417 ], [ 71.457784, 51.1657088 ], [ 71.458181934665575, 51.16558304098001 ], [ 71.458124234453322, 51.165515941081949 ] ] ], [ [ [ 71.458357734887386, 51.165689140674395 ], [ 71.458331934780816, 51.165656440720099 ], [ 71.458180734924298, 51.165642540979078 ], [ 71.4578525, 51.1657413 ], [ 71.4579168, 51.1658228 ], [ 71.458357734887386, 51.165689140674395 ] ] ], [ [ [ 71.458244935347338, 51.165760440863494 ], [ 71.4579314, 51.16585460000001 ], [ 71.4579861, 51.16592390000001 ], [ 71.458299635573141, 51.165829740766576 ], [ 71.458244935347338, 51.165760440863494 ] ] ], [ [ [ 71.4580517, 51.1660697 ], [ 71.458485735790148, 51.165937940443229 ], [ 71.458419035515675, 51.165853640561409 ], [ 71.45830833566599, 51.165853940750473 ], [ 71.4579633, 51.165958 ], [ 71.4580517, 51.1660697 ] ] ], [ [ [ 71.4582588, 51.1661588 ], [ 71.458530936334256, 51.16607794035901 ], [ 71.458461836041408, 51.165988640481523 ], [ 71.4580806, 51.1661026 ], [ 71.4581332, 51.1661707 ], [ 71.4582588, 51.1661588 ] ] ], [ [ [ 71.458530136552696, 51.166128240357835 ], [ 71.4582101, 51.1662243 ], [ 71.4582593, 51.1662867 ], [ 71.458579336756102, 51.166190640270671 ], [ 71.458530136552696, 51.166128240357835 ] ] ], [ [ [ 71.458705037022455, 51.166291440050877 ], [ 71.458643136784715, 51.166217140160356 ], [ 71.4582878, 51.1663269 ], [ 71.4583497, 51.1664012 ], [ 71.458705037022455, 51.166291440050877 ] ] ], [ [ [ 71.45849279644473, 51.166505205429559 ], [ 71.4574841, 51.1668025 ], [ 71.457, 51.1669645 ], [ 71.4571082, 51.1670916 ], [ 71.458116905221416, 51.166794308567404 ], [ 71.45860089846326, 51.166632304474376 ], [ 71.45849279644473, 51.166505205429559 ] ] ], [ [ [ 71.4580256, 51.1670663 ], [ 71.458610939772569, 51.166898540181116 ], [ 71.45860043911604, 51.166743340206835 ], [ 71.458561938928895, 51.166688040275389 ], [ 71.458465739092972, 51.166696040439305 ], [ 71.4578811, 51.1668662 ], [ 71.4580256, 51.1670663 ] ] ], [ [ [ 71.457900641508374, 51.167078941385356 ], [ 71.4575031, 51.1672032 ], [ 71.4575605, 51.1672714 ], [ 71.457958041725817, 51.167147141283877 ], [ 71.457900641508374, 51.167078941385356 ] ] ], [ [ [ 71.457022243302802, 51.167220542878695 ], [ 71.4566846, 51.1673226 ], [ 71.4567449, 51.1673983 ], [ 71.457082643548631, 51.167296242771734 ], [ 71.457022243302802, 51.167220542878695 ] ] ], [ [ [ 71.457974843602926, 51.167586741233094 ], [ 71.457951837043225, 51.167560626715428 ], [ 71.457987314954764, 51.167550170459911 ], [ 71.4580055, 51.1675705 ], [ 71.4580755, 51.1675887 ], [ 71.458277242947332, 51.167529240719418 ], [ 71.458342142760998, 51.167506340609719 ], [ 71.458367023509652, 51.167463845470294 ], [ 71.459129840472784, 51.16722223927848 ], [ 71.45911195535065, 51.167199153154208 ], [ 71.459437539513601, 51.167096138759227 ], [ 71.459406041305201, 51.167060876228341 ], [ 71.460439011708473, 51.166758812221474 ], [ 71.460601009844638, 51.166665511405412 ], [ 71.460591299984202, 51.166652953557083 ], [ 71.460918534990867, 51.166510936258952 ], [ 71.460822134606858, 51.166392036429585 ], [ 71.4602455, 51.1665537 ], [ 71.460309325233865, 51.166632380855937 ], [ 71.4592737, 51.1669523 ], [ 71.45933572660482, 51.167032664953183 ], [ 71.459052725567389, 51.167122699132065 ], [ 71.459037340081366, 51.167102839442485 ], [ 71.4587277, 51.1671952 ], [ 71.458741176104354, 51.16726570621595 ], [ 71.458558288446071, 51.167323473719875 ], [ 71.458531541565648, 51.167288740297124 ], [ 71.458319411659261, 51.167351342202608 ], [ 71.458286484542157, 51.167314481770518 ], [ 71.457883, 51.1674334 ], [ 71.4577035, 51.1674965 ], [ 71.457751267020285, 51.167549973557868 ], [ 71.4575458, 51.1676185 ], [ 71.4576175, 51.1677001 ], [ 71.457974843602926, 51.167586741233094 ] ] ], [ [ [ 71.456478844683389, 51.167370743799388 ], [ 71.4562154, 51.167447 ], [ 71.4563012, 51.167563 ], [ 71.456567345072898, 51.167488443642299 ], [ 71.456478844683389, 51.167370743799388 ] ] ], [ [ [ 71.457467244439272, 51.167622142098402 ], [ 71.4571213, 51.1677259 ], [ 71.457192, 51.1678163 ], [ 71.457537944734753, 51.167712541973081 ], [ 71.457467244439272, 51.167622142098402 ] ] ], [ [ [ 71.459032358696092, 51.1679586208312 ], [ 71.4587427, 51.1680511 ], [ 71.4588308, 51.1681563 ], [ 71.459117949541124, 51.168068781068797 ], [ 71.459137, 51.1680933 ], [ 71.460961679290193, 51.167540272608555 ], [ 71.460826390287707, 51.167366149926536 ], [ 71.460912423938169, 51.167335584311147 ], [ 71.4610874, 51.1675558 ], [ 71.461720806168643, 51.167369095810393 ], [ 71.461744843984775, 51.167397158777604 ], [ 71.4611151, 51.167585400000014 ], [ 71.461502, 51.1680739 ], [ 71.461587645700547, 51.168048655070997 ], [ 71.4616261, 51.1680952 ], [ 71.461827840355653, 51.168035734629036 ], [ 71.461926240081411, 51.168002934462599 ], [ 71.461893267848595, 51.167964294091362 ], [ 71.462666594709191, 51.167725269475881 ], [ 71.462633300855146, 51.167683227992754 ], [ 71.464221572757864, 51.167193856329419 ], [ 71.464250571929554, 51.167164556089126 ], [ 71.464240953737161, 51.16715240332519 ], [ 71.464952862292051, 51.166937350148579 ], [ 71.464479903597905, 51.166373068269891 ], [ 71.465150427851924, 51.166177529047431 ], [ 71.465066427472905, 51.166063629196628 ], [ 71.464386448759285, 51.166261566411585 ], [ 71.464236748654287, 51.166082956479528 ], [ 71.463527086206426, 51.166292161972045 ], [ 71.463423958473541, 51.1662841633703 ], [ 71.4624153, 51.1665815 ], [ 71.461837500000016, 51.1667786 ], [ 71.461464590520507, 51.166964706376504 ], [ 71.4607834, 51.1671732 ], [ 71.460866682911288, 51.167278016655281 ], [ 71.460778181671913, 51.167304103029274 ], [ 71.460728277322431, 51.167239873436138 ], [ 71.458928966805999, 51.167785152029204 ], [ 71.458885343004184, 51.167731839670516 ], [ 71.458376300000012, 51.16789 ], [ 71.4584659, 51.1679996 ], [ 71.458947972857644, 51.167850010913334 ], [ 71.459032358696092, 51.1679586208312 ] ], [ [ 71.462342477624787, 51.166833572468327 ], [ 71.462890225512453, 51.166652343968281 ], [ 71.463235490089744, 51.166892355517234 ], [ 71.463091733895922, 51.166934732525611 ], [ 71.463038333690065, 51.166870432620044 ], [ 71.462283829930811, 51.167116131626187 ], [ 71.462342477624787, 51.166833572468327 ] ], [ [ 71.462349243575389, 51.167324533895169 ], [ 71.4628250819529, 51.167184268258431 ], [ 71.463384732429148, 51.166996100601956 ], [ 71.463668275315285, 51.167193202216311 ], [ 71.462519789120265, 51.167539891514231 ], [ 71.462349243575389, 51.167324533895169 ] ] ], [ [ [ 71.458129544943077, 51.167945040950841 ], [ 71.4576499, 51.1680896 ], [ 71.4577309, 51.1681937 ], [ 71.458210645283771, 51.168049140807085 ], [ 71.458129544943077, 51.167945040950841 ] ] ], [ [ [ 71.4574798, 51.1683757 ], [ 71.457519570485275, 51.168428271993314 ], [ 71.4567682, 51.168654 ], [ 71.456780439719822, 51.168669349666516 ], [ 71.4561586, 51.1688569 ], [ 71.4568297, 51.1696985 ], [ 71.458391705369337, 51.169238160701809 ], [ 71.4585797, 51.1694714 ], [ 71.4583883, 51.1695321 ], [ 71.4586194, 51.1698188 ], [ 71.4586998, 51.1698453 ], [ 71.45908425136308, 51.169727939230427 ], [ 71.459014488808748, 51.169641397149604 ], [ 71.459455149936602, 51.169513438607652 ], [ 71.459431709498702, 51.169484352845309 ], [ 71.46052894685711, 51.169135436792409 ], [ 71.460427846486724, 51.169018236970985 ], [ 71.459339872754725, 51.169370398007949 ], [ 71.459310218347198, 51.169333601451157 ], [ 71.460470346314125, 51.168991536899746 ], [ 71.460308045597429, 51.168775137187858 ], [ 71.4593844, 51.1690474 ], [ 71.4592407, 51.1691666 ], [ 71.459221327295069, 51.169223308445197 ], [ 71.459056565879763, 51.169018901689284 ], [ 71.459278396696874, 51.168949421069321 ], [ 71.459196201136251, 51.168846352403435 ], [ 71.4598986972359, 51.168624862748217 ], [ 71.4599415, 51.1686791 ], [ 71.460143245147293, 51.168619637477192 ], [ 71.460556244037591, 51.168491536778163 ], [ 71.460647343560126, 51.168409436626675 ], [ 71.460472942839885, 51.168188436935701 ], [ 71.460312142675221, 51.168100237214801 ], [ 71.45991714244775, 51.167924537898344 ], [ 71.4594564, 51.1680644 ], [ 71.459587168756869, 51.168230106980339 ], [ 71.45917662276392, 51.168357068366852 ], [ 71.459083944941668, 51.168242039305632 ], [ 71.458786020559913, 51.168332000804789 ], [ 71.458818645601809, 51.168312139755294 ], [ 71.458778145441116, 51.168262339826967 ], [ 71.458739541916245, 51.16827371743242 ], [ 71.458695429702033, 51.168218401362239 ], [ 71.458783245118767, 51.168189339821936 ], [ 71.458714644858915, 51.168107839943211 ], [ 71.458627697522857, 51.168133465903999 ], [ 71.458607174825062, 51.168107730580111 ], [ 71.45841841041991, 51.168163364724414 ], [ 71.458377445318945, 51.168109240519136 ], [ 71.4574798, 51.1683757 ] ], [ [ 71.458981714377217, 51.168577395421394 ], [ 71.458958770395895, 51.168548624461472 ], [ 71.45901781007521, 51.168529908771141 ], [ 71.458981714377217, 51.168577395421394 ] ] ], [ [ [ 71.458670754194955, 51.170254339910336 ], [ 71.45831365287691, 51.169838140541238 ], [ 71.4579551, 51.1699504 ], [ 71.4583123, 51.17036670000001 ], [ 71.458670754194955, 51.170254339910336 ] ] ], [ [ [ 71.456715155880488, 51.170035143261991 ], [ 71.4562382, 51.1701867 ], [ 71.4563011, 51.1702607 ], [ 71.456778156115519, 51.17010914315064 ], [ 71.456715155880488, 51.170035143261991 ] ] ], [ [ [ 71.457133555511263, 51.170080042544988 ], [ 71.4566529, 51.1702223 ], [ 71.4567051, 51.170291400000011 ], [ 71.45718575573963, 51.17014914245236 ], [ 71.457133555511263, 51.170080042544988 ] ] ], [ [ [ 71.4565537, 51.170580199999989 ], [ 71.457258356630831, 51.170377942316861 ], [ 71.45725549654901, 51.170353290580174 ], [ 71.457464376968133, 51.170288821786023 ], [ 71.4575082, 51.1703431 ], [ 71.457831755283962, 51.170244941344016 ], [ 71.457752854968348, 51.170147341483691 ], [ 71.457567958801661, 51.170201831619302 ], [ 71.457540055341298, 51.170167341846188 ], [ 71.45722693217364, 51.170262208502102 ], [ 71.457216156111059, 51.170244542395629 ], [ 71.457068656462639, 51.170279942645834 ], [ 71.456652, 51.1704207 ], [ 71.4564932, 51.1705054 ], [ 71.4565537, 51.170580199999989 ] ] ], [ [ [ 71.4571955, 51.1707539 ], [ 71.457755256833622, 51.170579641457884 ], [ 71.457703886319749, 51.17051670249456 ], [ 71.458147655399358, 51.170370040798083 ], [ 71.458051055051811, 51.170259540968658 ], [ 71.4575245, 51.1704306 ], [ 71.4575848298511, 51.170499610927656 ], [ 71.4571098, 51.1706489 ], [ 71.4571955, 51.1707539 ] ] ], [ [ [ 71.4586058, 51.1714703 ], [ 71.4586844, 51.1714637 ], [ 71.458977358608848, 51.171371039330459 ], [ 71.459210757713194, 51.17123653893853 ], [ 71.459318057174968, 51.171145438759808 ], [ 71.459224856865191, 51.171044738924088 ], [ 71.459136557008293, 51.171050339074625 ], [ 71.4588633, 51.17113590000001 ], [ 71.4586206, 51.171273 ], [ 71.458560909640013, 51.171322929731133 ], [ 71.458512058773294, 51.171264140130688 ], [ 71.4577693, 51.1715004 ], [ 71.4578735, 51.1716258 ], [ 71.458550814968874, 51.17141092763125 ], [ 71.4586058, 51.1714703 ] ] ], [ [ [ 71.457480161414495, 51.17155374187891 ], [ 71.4564054, 51.1718914 ], [ 71.4564972, 51.1720047 ], [ 71.457572061780482, 51.171667041716212 ], [ 71.457480161414495, 51.17155374187891 ] ] ], [ [ [ 71.458580961444753, 51.171903639980862 ], [ 71.458351260701519, 51.171660140385484 ], [ 71.4579922, 51.17176580000001 ], [ 71.4580676, 51.1719088 ], [ 71.4582057, 51.17208560000001 ], [ 71.4582987, 51.1721624 ], [ 71.458663961986588, 51.172054839831468 ], [ 71.458580961444753, 51.171903639980862 ] ] ], [ [ [ 71.457765663252317, 51.172067841365362 ], [ 71.457514162272986, 51.171762941810321 ], [ 71.4570886, 51.171895 ], [ 71.4573402, 51.172199899999981 ], [ 71.457765663252317, 51.172067841365362 ] ] ], [ [ [ 71.459100061384675, 51.172051439086673 ], [ 71.4583625, 51.1722813 ], [ 71.4584463, 51.1723849 ], [ 71.459183961719518, 51.172155038938143 ], [ 71.459100061384675, 51.172051439086673 ] ] ], [ [ [ 71.457991463569897, 51.172211640972421 ], [ 71.4577897, 51.1722711 ], [ 71.4573681, 51.172427099999986 ], [ 71.457466, 51.1725311 ], [ 71.457667765129642, 51.172471641512324 ], [ 71.458089363887638, 51.172315640799958 ], [ 71.457991463569897, 51.172211640972421 ] ] ], [ [ [ 71.458825862738152, 51.17227913954364 ], [ 71.458441400000012, 51.1723966 ], [ 71.4587487, 51.1727772 ], [ 71.459133163969568, 51.17265973899957 ], [ 71.458825862738152, 51.17227913954364 ] ] ], [ [ [ 71.457996966728487, 51.172944040926232 ], [ 71.457476, 51.1731044 ], [ 71.4575458, 51.1731852 ], [ 71.458066666998192, 51.173028140802941 ], [ 71.457996966728487, 51.172944040926232 ] ] ], [ [ [ 71.459028265761702, 51.17304163915955 ], [ 71.458987365585941, 51.172988239232112 ], [ 71.4587018, 51.1730716 ], [ 71.458713129129862, 51.17308628079352 ], [ 71.458613166017201, 51.172971439872185 ], [ 71.4581349, 51.1731255 ], [ 71.4582853, 51.1732984 ], [ 71.458763666561978, 51.173144339606424 ], [ 71.458745741682165, 51.173123747023759 ], [ 71.459028265761702, 51.17304163915955 ] ] ], [ [ [ 71.457440270169556, 51.173566641845987 ], [ 71.456877867922771, 51.172871742841629 ], [ 71.4564136, 51.1730147 ], [ 71.4569761, 51.1737096 ], [ 71.457440270169556, 51.173566641845987 ] ] ], [ [ [ 71.4569427, 51.1738621 ], [ 71.4573956, 51.1744183 ], [ 71.457948272424815, 51.174246540943997 ], [ 71.457599883449518, 51.173818656796961 ], [ 71.457631116055339, 51.173808659998691 ], [ 71.4577588, 51.1739655 ], [ 71.458107570534651, 51.173858940691339 ], [ 71.457955169931026, 51.173671840961077 ], [ 71.457618947961365, 51.173774288077631 ], [ 71.457539170510628, 51.173676341671523 ], [ 71.4569427, 51.1738621 ] ] ], [ [ [ 71.457774076490679, 51.175132741197089 ], [ 71.4573065, 51.1752755 ], [ 71.4574322, 51.1754331 ], [ 71.45789977700278, 51.175290340974428 ], [ 71.457774076490679, 51.175132741197089 ] ] ], [ [ [ 71.458332281980532, 51.176576340170975 ], [ 71.4579052, 51.1767031 ], [ 71.4579588, 51.176783799999988 ], [ 71.458393982239031, 51.176655340061586 ], [ 71.458332281980532, 51.176576340170975 ] ] ], [ [ [ 71.4571112, 51.177057 ], [ 71.4574024, 51.1775891 ], [ 71.4575191, 51.1777309 ], [ 71.459102983745296, 51.177224538821754 ], [ 71.45863248190615, 51.176652639654264 ], [ 71.457965583383228, 51.176786540786878 ], [ 71.4571112, 51.177057 ] ] ], [ [ [ 71.458717887154961, 51.146369740390654 ], [ 71.458522407738769, 51.146348967508509 ], [ 71.458382371688003, 51.146390258437656 ], [ 71.458005751563675, 51.146285442250544 ], [ 71.4578041, 51.1463449 ], [ 71.4577128, 51.1464741 ], [ 71.457910947711383, 51.146529260410482 ], [ 71.4577158, 51.1465868 ], [ 71.4575726, 51.1467911 ], [ 71.4586326, 51.1470834 ], [ 71.459439211378935, 51.146845561146314 ], [ 71.459655604879444, 51.146536559730365 ], [ 71.458850150623206, 51.146330740806334 ], [ 71.458717887154961, 51.146369740390654 ] ] ], [ [ [ 71.458313854500375, 51.147061841685399 ], [ 71.4581122, 51.1471213 ], [ 71.4579939, 51.1472792 ], [ 71.45816, 51.1473282 ], [ 71.458361655329142, 51.147268741593358 ], [ 71.458479954488396, 51.147110841399275 ], [ 71.458313854500375, 51.147061841685399 ] ] ], [ [ [ 71.457974, 51.14786070000001 ], [ 71.458175657877888, 51.14780124188421 ], [ 71.458252882909207, 51.147668852880379 ], [ 71.458326857008856, 51.147647041633775 ], [ 71.458418656406238, 51.147536041482574 ], [ 71.458321136059041, 51.14750430132451 ], [ 71.458442756082007, 51.147468441444822 ], [ 71.458539455335952, 51.147325741286863 ], [ 71.458409955361262, 51.147291241509748 ], [ 71.4581161, 51.147378499999988 ], [ 71.4580786, 51.1474339 ], [ 71.4580962, 51.1474893 ], [ 71.458156679572411, 51.147505411220365 ], [ 71.4580431, 51.1475389 ], [ 71.4579513, 51.1476499 ], [ 71.458001164024367, 51.147666129504991 ], [ 71.4579141, 51.1476918 ], [ 71.4578265, 51.1478215 ], [ 71.457974, 51.14786070000001 ] ] ], [ [ [ 71.4586819, 51.1488854 ], [ 71.4585428, 51.14905490000001 ], [ 71.4586077, 51.1491731 ], [ 71.459215226960112, 51.149178352405109 ], [ 71.4584333, 51.1494089 ], [ 71.458427713708559, 51.149815709624548 ], [ 71.458343833241457, 51.149817783332757 ], [ 71.4579405, 51.1499367 ], [ 71.4578324, 51.1500827 ], [ 71.4579145, 51.1501747 ], [ 71.4580709, 51.150173599999988 ], [ 71.458424229695851, 51.150069426251697 ], [ 71.458422436370356, 51.150200022059785 ], [ 71.458197230989427, 51.150275341735764 ], [ 71.45807226869745, 51.150275341936435 ], [ 71.4578706, 51.1503348 ], [ 71.457568, 51.1504831 ], [ 71.457568, 51.1507287 ], [ 71.457865998073814, 51.150848700000118 ], [ 71.4577405, 51.1508857 ], [ 71.4577378, 51.1511843 ], [ 71.45802310000002, 51.151267 ], [ 71.458628115966391, 51.15108862386321 ], [ 71.458628587869313, 51.151066972476578 ], [ 71.459362452505744, 51.150850601935204 ], [ 71.459364832273195, 51.150536746861881 ], [ 71.459392668013933, 51.150528539668805 ], [ 71.45943626738368, 51.150396139601028 ], [ 71.45943886680729, 51.150263439603236 ], [ 71.459366908966629, 51.150262867069621 ], [ 71.459368870515803, 51.150004176601591 ], [ 71.459602131137558, 51.14993540011865 ], [ 71.459605227292442, 51.14970957159521 ], [ 71.4602589, 51.149714 ], [ 71.460783959510152, 51.149559180392735 ], [ 71.460782467016998, 51.149693259758493 ], [ 71.4600725, 51.1499026 ], [ 71.4600664, 51.1501943 ], [ 71.4602571, 51.1501959 ], [ 71.461624826478442, 51.149792607689271 ], [ 71.4621673, 51.1497825 ], [ 71.46277228001037, 51.14960410285606 ], [ 71.4628424739537, 51.149158302563812 ], [ 71.462780170849854, 51.148899202922124 ], [ 71.461986474000923, 51.148895106988824 ], [ 71.461394176584918, 51.148910010020892 ], [ 71.4607892, 51.149088399999989 ], [ 71.460787077686987, 51.149279057756246 ], [ 71.460233409627833, 51.149275350291695 ], [ 71.460237060753641, 51.149109938298174 ], [ 71.459890361195107, 51.149104138890515 ], [ 71.4596887, 51.1491636 ], [ 71.4596851, 51.1493275 ], [ 71.459713507761137, 51.149331758042983 ], [ 71.459609988731714, 51.149362281027464 ], [ 71.459613413299323, 51.149112500229137 ], [ 71.459562341283402, 51.149112233141508 ], [ 71.460770818087255, 51.148755899710146 ], [ 71.461271300000021, 51.1487573 ], [ 71.461611130693015, 51.14865709198272 ], [ 71.4616119, 51.148686 ], [ 71.4623221, 51.1487772 ], [ 71.4627152, 51.1487753 ], [ 71.463249836168231, 51.148617639830746 ], [ 71.4633386, 51.148618 ], [ 71.464346864361872, 51.148320660012729 ], [ 71.4643471511597, 51.148294038979977 ], [ 71.465350337067761, 51.147998184144825 ], [ 71.465347113206334, 51.148120458096422 ], [ 71.465200249806955, 51.148121229872672 ], [ 71.4649986, 51.1481807 ], [ 71.465000500000016, 51.1483187 ], [ 71.465286, 51.1483172 ], [ 71.465487650009351, 51.148257729375047 ], [ 71.465486935232121, 51.148205830399284 ], [ 71.4655435, 51.1482064 ], [ 71.466253430475916, 51.147997022698981 ], [ 71.466247889220767, 51.148238034095783 ], [ 71.465721468390484, 51.148393289332581 ], [ 71.465155060470991, 51.148392353094273 ], [ 71.464777057574139, 51.14850383168848 ], [ 71.464023970445339, 51.148501862723961 ], [ 71.4630157, 51.1487992 ], [ 71.463015, 51.1489044 ], [ 71.4640066, 51.1489069 ], [ 71.464319641675772, 51.148814582828273 ], [ 71.4655132, 51.1488167 ], [ 71.466239509629844, 51.148602494897027 ], [ 71.4662373, 51.1486986 ], [ 71.4663853, 51.1487 ], [ 71.467393545629506, 51.148402633979757 ], [ 71.467402075042841, 51.148318471429612 ], [ 71.4674026, 51.1483927 ], [ 71.467581156845412, 51.148392743826804 ], [ 71.4667001, 51.1486526 ], [ 71.4667001, 51.1487777 ], [ 71.467676417579156, 51.148777798361223 ], [ 71.4676775, 51.1488772 ], [ 71.4679612, 51.148876 ], [ 71.468162848820697, 51.148816524778802 ], [ 71.468162558870972, 51.148789896463938 ], [ 71.468308836055783, 51.148789645143175 ], [ 71.4681632, 51.1488326 ], [ 71.4681633, 51.1488788 ], [ 71.4682774, 51.1488787 ], [ 71.468479048406749, 51.148819224238729 ], [ 71.468478983620415, 51.148789352580138 ], [ 71.46915620245953, 51.148785751137346 ], [ 71.4691563, 51.1488501 ], [ 71.4695719, 51.148849899999988 ], [ 71.470176838035258, 51.148671465065512 ], [ 71.470176678606791, 51.148587892864185 ], [ 71.470224044999028, 51.14857392127152 ], [ 71.470363907376964, 51.148429522000605 ], [ 71.470962702585382, 51.148252892525356 ], [ 71.470962197525992, 51.148122492592407 ], [ 71.47066077888681, 51.148123017013027 ], [ 71.470881741131222, 51.147882920183463 ], [ 71.47090894072214, 51.147796620141378 ], [ 71.470820747646627, 51.14777334090315 ], [ 71.471195620859902, 51.147662759999825 ], [ 71.471299018636088, 51.147523259491358 ], [ 71.471210867059966, 51.147497547093181 ], [ 71.472205926433489, 51.147204012860094 ], [ 71.472311921514404, 51.14704711182182 ], [ 71.471983221906143, 51.146959715215736 ], [ 71.471470157396226, 51.147111066054869 ], [ 71.471583136124494, 51.146941619033484 ], [ 71.471523261063865, 51.146925905821121 ], [ 71.471624235872795, 51.1468961189656 ], [ 71.471941433551208, 51.1464571184462 ], [ 71.471895433485386, 51.146427518526252 ], [ 71.471554833621937, 51.146352919111578 ], [ 71.4713532, 51.1464124 ], [ 71.471162770572363, 51.146697948687908 ], [ 71.470905164171882, 51.146624296301852 ], [ 71.470924835527327, 51.146597920174862 ], [ 71.470416735475439, 51.146427421051023 ], [ 71.470318222945849, 51.146456480591418 ], [ 71.47003958410437, 51.146376811900545 ], [ 71.4690314, 51.1466742 ], [ 71.469019102315869, 51.146691117154909 ], [ 71.46898279778307, 51.146681120845869 ], [ 71.4679746, 51.14697850000001 ], [ 71.467414263655513, 51.147248906835742 ], [ 71.467417401537446, 51.14695137587092 ], [ 71.4677323, 51.1470484 ], [ 71.468740500922081, 51.146751022896794 ], [ 71.468776844144912, 51.146704598451358 ], [ 71.469701287570132, 51.146431914774773 ], [ 71.469802583778872, 51.146287813946365 ], [ 71.469605498943736, 51.146120534890436 ], [ 71.4696857, 51.146115 ], [ 71.469985203644285, 51.14602665244832 ], [ 71.4699162, 51.1461269 ], [ 71.4710759, 51.1464412 ], [ 71.472285696795268, 51.146084312382619 ], [ 71.47235248082535, 51.145987360358518 ], [ 71.472927869396244, 51.14581761487085 ], [ 71.4728368, 51.1459532 ], [ 71.4732726, 51.1460684 ], [ 71.47347422955356, 51.146008915851809 ], [ 71.473514655283097, 51.145948697394346 ], [ 71.4735563, 51.1459547 ], [ 71.474003856605776, 51.145823130255174 ], [ 71.474119655643221, 51.145747729867388 ], [ 71.47411917055561, 51.145673902526099 ], [ 71.4741647, 51.1456869 ], [ 71.474585614543685, 51.145562717592348 ], [ 71.4744131, 51.1458158 ], [ 71.4745114, 51.1458899 ], [ 71.4746761, 51.1459341 ], [ 71.475280979669094, 51.145755639363372 ], [ 71.475622371807006, 51.145254837690899 ], [ 71.475357833248708, 51.145183809771233 ], [ 71.475449094333669, 51.145057952160229 ], [ 71.47537769373605, 51.145001052659381 ], [ 71.474645494071552, 51.144792057702134 ], [ 71.473839, 51.14503 ], [ 71.473759544483215, 51.145139568852152 ], [ 71.473090500986402, 51.144959116366586 ], [ 71.473219974681783, 51.144782860321364 ], [ 71.473378526229794, 51.144736083810677 ], [ 71.473628416502251, 51.144363181771801 ], [ 71.473444916693097, 51.144314783350531 ], [ 71.472499108242218, 51.144593818055149 ], [ 71.472616848352345, 51.144434135132059 ], [ 71.472568548060366, 51.144385235301925 ], [ 71.472323684282742, 51.144314149637054 ], [ 71.472395620387857, 51.144157642548713 ], [ 71.472996706180552, 51.14432285410151 ], [ 71.4729899, 51.14433240000001 ], [ 71.473038446634362, 51.144346019316437 ], [ 71.4729775, 51.144364 ], [ 71.4729597, 51.1443882 ], [ 71.472997, 51.144399 ], [ 71.473109251882263, 51.144365883033323 ], [ 71.4731528, 51.1443781 ], [ 71.473757665678164, 51.144199647402218 ], [ 71.473835196885787, 51.144075475356331 ], [ 71.47480808259742, 51.143788435466355 ], [ 71.474910975688744, 51.143642633951735 ], [ 71.474318600166811, 51.143478070990497 ], [ 71.474480586846681, 51.143254474777777 ], [ 71.474305986947527, 51.143204676280874 ], [ 71.473340405080833, 51.143489559646895 ], [ 71.473537787863378, 51.143207872120051 ], [ 71.4737134, 51.1432555 ], [ 71.475729544460123, 51.142660637063038 ], [ 71.476014723280741, 51.142258732397764 ], [ 71.474789025007752, 51.141916353497152 ], [ 71.4727729, 51.1425112 ], [ 71.4724827, 51.1429201 ], [ 71.47305901134861, 51.143078020979765 ], [ 71.4724849, 51.1432474 ], [ 71.4720798, 51.1438255 ], [ 71.47215727907944, 51.143846858041243 ], [ 71.471741983036694, 51.143969376631162 ], [ 71.471455495604999, 51.143885779671386 ], [ 71.470649, 51.1441237 ], [ 71.4705648, 51.1442372 ], [ 71.470700217631205, 51.144276703843126 ], [ 71.4706304, 51.1442973 ], [ 71.4702913, 51.1447824 ], [ 71.47038628036853, 51.144808541968736 ], [ 71.4679354, 51.1455806 ], [ 71.4679545, 51.1456999 ], [ 71.4697832, 51.1455849 ], [ 71.470215531478601, 51.145438521444568 ], [ 71.470658928226129, 51.144823120718613 ], [ 71.470558374064012, 51.144794566241252 ], [ 71.471281266596989, 51.144581313239925 ], [ 71.4711388, 51.144801 ], [ 71.4713029, 51.1448478 ], [ 71.471704757986032, 51.14472924985413 ], [ 71.471865800000018, 51.144776 ], [ 71.472432670967592, 51.144618361381156 ], [ 71.472204227115526, 51.144959244738331 ], [ 71.4720854, 51.1449943 ], [ 71.471850616941609, 51.145314021683021 ], [ 71.470788895757565, 51.145627228391511 ], [ 71.469452810226073, 51.145719441515084 ], [ 71.469215439113768, 51.145789460432681 ], [ 71.469147176185643, 51.145731519682265 ], [ 71.468864578529804, 51.145752022089724 ], [ 71.4678564, 51.1460494 ], [ 71.46791182310173, 51.146355071946338 ], [ 71.467832497960671, 51.146330630754953 ], [ 71.46774215828124, 51.14635727706284 ], [ 71.467746137866328, 51.146148525625051 ], [ 71.467706337795605, 51.146119725694476 ], [ 71.467647537825101, 51.146108225795452 ], [ 71.467356372080985, 51.146186925995913 ], [ 71.467332897971417, 51.146175335059482 ], [ 71.467276328167287, 51.14619202048106 ], [ 71.467177438528566, 51.146124626597306 ], [ 71.467113038549201, 51.146109326708043 ], [ 71.466742039184894, 51.146140927339907 ], [ 71.4654062, 51.1465404 ], [ 71.465404048698801, 51.146617519843609 ], [ 71.464855310672959, 51.146779357487326 ], [ 71.464415630603227, 51.146777859814279 ], [ 71.464176340198421, 51.146848430760116 ], [ 71.464176043503855, 51.146827933241909 ], [ 71.465065021656557, 51.146565754323341 ], [ 71.465067000637234, 51.14642421370548 ], [ 71.4655233, 51.1464237 ], [ 71.466531502306765, 51.146126341913785 ], [ 71.466531099625016, 51.146001941948619 ], [ 71.465283808047971, 51.146003352597141 ], [ 71.465072011636337, 51.146065818030245 ], [ 71.465074007726827, 51.145923054408598 ], [ 71.464913008790674, 51.145922155783381 ], [ 71.464269357616047, 51.14611198491604 ], [ 71.464267115931037, 51.146051661265211 ], [ 71.464054917425685, 51.146054763076144 ], [ 71.463435423347192, 51.146237461711294 ], [ 71.46316230228777, 51.146239695151117 ], [ 71.463161444332187, 51.146217133450044 ], [ 71.463042452455767, 51.146240675018291 ], [ 71.461927935943976, 51.146249781186995 ], [ 71.461670387579247, 51.146325730835407 ], [ 71.461670837447031, 51.146239283384752 ], [ 71.461477638738131, 51.146238885034393 ], [ 71.461271864334606, 51.146299565927627 ], [ 71.461274294328135, 51.146223773685712 ], [ 71.461177194607544, 51.146225874017127 ], [ 71.4607739, 51.1463448 ], [ 71.460776642373716, 51.146445600001059 ], [ 71.4604694, 51.1465362 ], [ 71.460466532602823, 51.147084938030083 ], [ 71.460271451966307, 51.14708493834133 ], [ 71.4600698, 51.1471444 ], [ 71.4598828, 51.147434 ], [ 71.46011478236376, 51.147453529739238 ], [ 71.4597476, 51.1475618 ], [ 71.4597493, 51.1476671 ], [ 71.460049621447922, 51.147665137200626 ], [ 71.4595095, 51.1478244 ], [ 71.459499905063609, 51.148349499905905 ], [ 71.459303258741869, 51.148352839930894 ], [ 71.4591016, 51.1484123 ], [ 71.4589173, 51.1486296 ], [ 71.4593542, 51.1486241 ], [ 71.459495649503012, 51.14858239278108 ], [ 71.459494490768776, 51.148645806481909 ], [ 71.4586819, 51.1488854 ] ], [ [ 71.461613736276291, 51.14833701755434 ], [ 71.462439032409407, 51.148093649783661 ], [ 71.4624892, 51.1480936 ], [ 71.462690852807981, 51.14803413416211 ], [ 71.462690551487128, 51.147728034178044 ], [ 71.46250965164306, 51.147512129025095 ], [ 71.462679572191774, 51.147462020180285 ], [ 71.462684857878571, 51.14709522026515 ], [ 71.462604406630447, 51.147094756276822 ], [ 71.463483638117083, 51.146835467757015 ], [ 71.463481835662535, 51.146721167801203 ], [ 71.46227324394934, 51.146728378118318 ], [ 71.461667362535493, 51.146907048473246 ], [ 71.461668687393271, 51.146652448583637 ], [ 71.4627225, 51.1466439 ], [ 71.463053907585717, 51.146546166509374 ], [ 71.4630574, 51.1466402 ], [ 71.4632696, 51.1466371 ], [ 71.463901562024574, 51.146450726946263 ], [ 71.463897153925529, 51.146765514409758 ], [ 71.4630054, 51.1470285 ], [ 71.463015, 51.1476928 ], [ 71.463176, 51.147691899999984 ], [ 71.464184245469085, 51.147394561634449 ], [ 71.464181502787639, 51.147205088348564 ], [ 71.464655688562331, 51.147065242948912 ], [ 71.4646475, 51.1474797 ], [ 71.4648303, 51.1474811 ], [ 71.465368152627548, 51.147322475218218 ], [ 71.46536658848926, 51.147381800162478 ], [ 71.464551008589879, 51.147622331243639 ], [ 71.46435438776534, 51.147622331804371 ], [ 71.464356145706603, 51.147459160150518 ], [ 71.464183646852163, 51.147458461623472 ], [ 71.4631754, 51.1477558 ], [ 71.463172452076421, 51.148028877077941 ], [ 71.462122709453325, 51.148338437845752 ], [ 71.461613736276291, 51.14833701755434 ] ], [ [ 71.461279114651418, 51.14815400594663 ], [ 71.461280830565144, 51.148336087380727 ], [ 71.461137786277419, 51.148335687408661 ], [ 71.460939505700466, 51.148394155229937 ], [ 71.460719977103523, 51.148366613653366 ], [ 71.460722302751591, 51.14823920079953 ], [ 71.4609902, 51.1482392 ], [ 71.461279114651418, 51.14815400594663 ] ], [ [ 71.462091262419193, 51.147135121563529 ], [ 71.460735156118929, 51.147535016055542 ], [ 71.460581577709789, 51.147527561774041 ], [ 71.461908672526022, 51.147136224616233 ], [ 71.462091262419193, 51.147135121563529 ] ], [ [ 71.47089824973547, 51.147534882142928 ], [ 71.4705124, 51.1476487 ], [ 71.470462219467819, 51.147716400154934 ], [ 71.470183448020947, 51.147716316154174 ], [ 71.470845802079424, 51.147520936548148 ], [ 71.47089824973547, 51.147534882142928 ] ], [ [ 71.470607591080807, 51.147007934810979 ], [ 71.471087805461352, 51.146866278675127 ], [ 71.471122073247827, 51.146875421190813 ], [ 71.4710157, 51.1469068 ], [ 71.470795626401639, 51.147244710675082 ], [ 71.470620076965915, 51.147194475886387 ], [ 71.470724837700232, 51.147039020494049 ], [ 71.470607591080807, 51.147007934810979 ] ], [ [ 71.469364040672644, 51.147303322804184 ], [ 71.4691624, 51.147362799999989 ], [ 71.46906062239448, 51.147498215985401 ], [ 71.469058747108207, 51.147381331015836 ], [ 71.469147611218617, 51.147355119268582 ], [ 71.469448822899139, 51.146924484071853 ], [ 71.4701809, 51.1471338 ], [ 71.470213894934361, 51.14712406724496 ], [ 71.470196127187364, 51.147150432698183 ], [ 71.469506673113784, 51.147353802961014 ], [ 71.469364040672644, 51.147303322804184 ] ], [ [ 71.467074862457267, 51.147743109696002 ], [ 71.466552048488609, 51.147897307267726 ], [ 71.466553382218237, 51.147846470218553 ], [ 71.467074058905382, 51.147692902850892 ], [ 71.467074862457267, 51.147743109696002 ] ], [ [ 71.467412118546335, 51.147452305444801 ], [ 71.467487574607389, 51.147473076091543 ], [ 71.467411663364047, 51.147495465840905 ], [ 71.467412118546335, 51.147452305444801 ] ], [ [ 71.466594782496912, 51.146321167714774 ], [ 71.466719175302899, 51.146356352183034 ], [ 71.466592762500866, 51.14639363698933 ], [ 71.466594782496912, 51.146321167714774 ] ], [ [ 71.466213061915241, 51.147060212575639 ], [ 71.465838789299085, 51.147170598219269 ], [ 71.465839737864016, 51.147122534646762 ], [ 71.466213562204203, 51.147012281103258 ], [ 71.466213061915241, 51.147060212575639 ] ], [ [ 71.470045748352661, 51.147716274416517 ], [ 71.469858110055441, 51.147716217281015 ], [ 71.46989128187731, 51.147672053926748 ], [ 71.470045748352661, 51.147716274416517 ] ], [ [ 71.468701636276109, 51.148377179779551 ], [ 71.469116487805877, 51.148254816579559 ], [ 71.4692946, 51.148307 ], [ 71.470153116981066, 51.148053766736801 ], [ 71.470102031645524, 51.148123987088788 ], [ 71.469974709555657, 51.148124207766905 ], [ 71.468161135059319, 51.1486591357233 ], [ 71.468160925676088, 51.148639906117175 ], [ 71.468701638505095, 51.148480422792005 ], [ 71.468701636276109, 51.148377179779551 ] ], [ [ 71.473781386194048, 51.145577473074084 ], [ 71.4732445, 51.145725 ], [ 71.473252122284975, 51.145746509098146 ], [ 71.473208242704885, 51.14573490042298 ], [ 71.473476239004881, 51.145655836485069 ], [ 71.473578106373495, 51.145519440819001 ], [ 71.473781386194048, 51.145577473074084 ] ], [ [ 71.473498643311089, 51.145426310217012 ], [ 71.473566023178648, 51.145406431643913 ], [ 71.473542299728081, 51.145439145675176 ], [ 71.473498643311089, 51.145426310217012 ] ] ], [ [ [ 71.458564163598538, 51.149247541148064 ], [ 71.4583625, 51.149307 ], [ 71.4583638, 51.149349 ], [ 71.4584712, 51.1493477 ], [ 71.458672863627967, 51.149288240960395 ], [ 71.458671463448127, 51.149246140964898 ], [ 71.458564163598538, 51.149247541148064 ] ] ], [ [ [ 71.459000576326744, 51.152331740247732 ], [ 71.4586621, 51.15243550000001 ], [ 71.4585977, 51.152534 ], [ 71.4586493, 51.1525473 ], [ 71.458850977202047, 51.152487840495382 ], [ 71.458877548381267, 51.1524471994816 ], [ 71.459114, 51.1525076 ], [ 71.459315676405311, 51.152448139703772 ], [ 71.45933567624499, 51.152417239671173 ], [ 71.459000576326744, 51.152331740247732 ] ] ], [ [ [ 71.459307576581139, 51.152486339715686 ], [ 71.4591059, 51.1525458 ], [ 71.459073160419436, 51.15259139688591 ], [ 71.458867177372383, 51.152532340465484 ], [ 71.4586655, 51.1525918 ], [ 71.4586363, 51.1526318 ], [ 71.4589387, 51.1527185 ], [ 71.45928827711964, 51.152605039742674 ], [ 71.459362276574041, 51.152501739621478 ], [ 71.459307576581139, 51.152486339715686 ] ] ], [ [ [ 71.458297081316601, 51.153268141402116 ], [ 71.458142781389938, 51.153237041667197 ], [ 71.458078481501914, 51.153242941776703 ], [ 71.4578768, 51.153302399999987 ], [ 71.457955439853677, 51.153368425877389 ], [ 71.4577805, 51.15342 ], [ 71.4577552, 51.1534506 ], [ 71.4577776, 51.153482 ], [ 71.4578307, 51.1534907 ], [ 71.45803080922299, 51.153431705630794 ], [ 71.4580551, 51.1534521 ], [ 71.458295681794311, 51.153378341398948 ], [ 71.458297081316601, 51.153268141402116 ] ] ], [ [ [ 71.457857383112554, 51.153547042139024 ], [ 71.4576557, 51.1536065 ], [ 71.45781, 51.1536595 ], [ 71.4578542, 51.153659499999989 ], [ 71.45809208297463, 51.153588241736131 ], [ 71.458184682588353, 51.153527641581015 ], [ 71.458164482571917, 51.153517541616033 ], [ 71.457857383112554, 51.153547042139024 ] ] ], [ [ [ 71.458375285272481, 51.154208641221288 ], [ 71.4581736, 51.1542681 ], [ 71.4581415, 51.1543206 ], [ 71.4582187, 51.1543381 ], [ 71.458420385514074, 51.154278641140756 ], [ 71.458452585267352, 51.15423154108813 ], [ 71.458375285272481, 51.154208641221288 ] ] ], [ [ [ 71.458208799465424, 51.157443241343074 ], [ 71.4580071, 51.1575027 ], [ 71.457971, 51.157541 ], [ 71.458089, 51.1575847 ], [ 71.458290699709366, 51.157525241199075 ], [ 71.458326799495367, 51.157486941139346 ], [ 71.458208799465424, 51.157443241343074 ] ] ], [ [ [ 71.4584374, 51.1581038 ], [ 71.4585159, 51.1582141 ], [ 71.459196700629235, 51.158020539626804 ], [ 71.459125900294339, 51.157920939752714 ], [ 71.458904900171547, 51.157823640135078 ], [ 71.45879090021181, 51.157797440331088 ], [ 71.4584632, 51.1578922 ], [ 71.4584374, 51.1581038 ] ] ], [ [ [ 71.4602083, 51.1617162 ], [ 71.4602762, 51.1617602 ], [ 71.4611409136416, 51.161505290819193 ], [ 71.461185684898965, 51.161555078474485 ], [ 71.4602922, 51.1618272 ], [ 71.4604223, 51.161989099999985 ], [ 71.463649686085546, 51.161037650896013 ], [ 71.464349455895785, 51.16081893194913 ], [ 71.464329143161606, 51.160794487613551 ], [ 71.464610673093546, 51.160711482772882 ], [ 71.4646857, 51.160754 ], [ 71.464887404518592, 51.160694529773004 ], [ 71.464993004049404, 51.160618829596487 ], [ 71.464969404466771, 51.160605714851656 ], [ 71.465029418639901, 51.160588020192343 ], [ 71.465029159136705, 51.160560265899669 ], [ 71.4652325, 51.160675500000011 ], [ 71.465635906358131, 51.160556557344769 ], [ 71.466047502781677, 51.160270855967667 ], [ 71.465705702028785, 51.160077157154703 ], [ 71.465302300000019, 51.1601961 ], [ 71.465027537423751, 51.160386818883872 ], [ 71.465024827922605, 51.160097021403971 ], [ 71.46519524417549, 51.159965934249527 ], [ 71.4655246, 51.1601128 ], [ 71.466936493239146, 51.159696491437543 ], [ 71.467086988603768, 51.159590089675937 ], [ 71.466885085844581, 51.159435892144074 ], [ 71.46605205785292, 51.159043488505567 ], [ 71.466071995711388, 51.159024727834115 ], [ 71.465637495511601, 51.158843028585331 ], [ 71.4654358, 51.1589025 ], [ 71.4653071, 51.1590236 ], [ 71.465386672141548, 51.159056875853373 ], [ 71.464401, 51.1593475 ], [ 71.464270833545029, 51.159439440841645 ], [ 71.464247599833925, 51.159410530930451 ], [ 71.463871842091066, 51.159527956993799 ], [ 71.463630611144836, 51.159528063306205 ], [ 71.4626221, 51.159825399999988 ], [ 71.462620375588486, 51.159890113367531 ], [ 71.461834300000021, 51.1601251 ], [ 71.462134116967192, 51.160501653264561 ], [ 71.462003588976941, 51.16054013438081 ], [ 71.461977307738763, 51.160533034751339 ], [ 71.4616534, 51.1606294 ], [ 71.461662280046639, 51.160640755099259 ], [ 71.461616729882138, 51.160654183559849 ], [ 71.461334207609696, 51.160302735861308 ], [ 71.4609752, 51.1604107 ], [ 71.461022639856893, 51.160472771576821 ], [ 71.460910508796871, 51.160445536577775 ], [ 71.4606568, 51.1605201 ], [ 71.460391547967433, 51.160644508484893 ], [ 71.460359910234345, 51.160606737510072 ], [ 71.4598308, 51.1607646 ], [ 71.459837460053549, 51.160772635721159 ], [ 71.4594763, 51.1608791 ], [ 71.459530252246154, 51.160949959630891 ], [ 71.4589853, 51.1611106 ], [ 71.4565646, 51.1618886 ], [ 71.4568676, 51.1622636 ], [ 71.459288223898085, 51.161550094059095 ], [ 71.459930471632688, 51.16134611374455 ], [ 71.4602083, 51.1617162 ] ], [ [ 71.463338965198886, 51.160146440653065 ], [ 71.463236410691962, 51.159960299172695 ], [ 71.4635379, 51.1599602 ], [ 71.463535248049652, 51.160088570983476 ], [ 71.463338965198886, 51.160146440653065 ] ], [ [ 71.464341802959098, 51.159527748448724 ], [ 71.464295714074055, 51.159470399856431 ], [ 71.464398613175106, 51.159527723111196 ], [ 71.464341802959098, 51.159527748448724 ] ], [ [ 71.461492949298787, 51.161401511509858 ], [ 71.461662805651329, 51.161351437702535 ], [ 71.461704200643382, 51.161402220601666 ], [ 71.461537770256285, 51.161451284455367 ], [ 71.461492949298787, 51.161401511509858 ] ], [ [ 71.462668631908073, 51.161117898582198 ], [ 71.462079351703423, 51.16129162443174 ], [ 71.462037997922451, 51.16124082942985 ], [ 71.462628547720442, 51.161068048102599 ], [ 71.462668631908073, 51.161117898582198 ] ], [ [ 71.4646048, 51.1599408 ], [ 71.464537425602742, 51.159992635286137 ], [ 71.46423029731038, 51.159989724754659 ], [ 71.464398082942012, 51.15994025517081 ], [ 71.4644844, 51.1599427 ], [ 71.464686101285267, 51.159883230157725 ], [ 71.464699627418639, 51.159695411422753 ], [ 71.464993897949412, 51.159857665908739 ], [ 71.464949300753815, 51.159842229710279 ], [ 71.464867700909039, 51.159852729849121 ], [ 71.4646048, 51.1599408 ] ] ], [ [ [ 71.4593, 51.1617752 ], [ 71.459763715491064, 51.161637838476501 ], [ 71.459692915182032, 51.16154423860214 ], [ 71.4592251, 51.1616829 ], [ 71.4593, 51.1617752 ] ] ], [ [ [ 71.4588658, 51.1619159 ], [ 71.459227316944066, 51.161807039384179 ], [ 71.459119416496151, 51.161669739575373 ], [ 71.4587845, 51.1617703 ], [ 71.4588104, 51.16184530000001 ], [ 71.4588658, 51.1619159 ] ] ], [ [ [ 71.459859915992297, 51.161783838304849 ], [ 71.45981571579388, 51.161724138383363 ], [ 71.4594461, 51.1618325 ], [ 71.4594904, 51.161892299999977 ], [ 71.459859915992297, 51.161783838304849 ] ] ], [ [ [ 71.459261817032399, 51.161838239323679 ], [ 71.4589072, 51.161947 ], [ 71.4589636, 51.1620157 ], [ 71.459318217253269, 51.161906939223883 ], [ 71.459261817032399, 51.161838239323679 ] ] ], [ [ [ 71.459945216187634, 51.161855638155558 ], [ 71.4595707, 51.1619663 ], [ 71.4596208, 51.1620349 ], [ 71.459994316425238, 51.161925938068151 ], [ 71.459945216187634, 51.161855638155558 ] ] ], [ [ [ 71.458827818198941, 51.161973040058164 ], [ 71.4584899, 51.162074099999984 ], [ 71.4585457, 51.162146 ], [ 71.458883618434442, 51.162044939959252 ], [ 71.458827818198941, 51.161973040058164 ] ] ], [ [ [ 71.459410417687295, 51.162036139059921 ], [ 71.4590808, 51.1621292 ], [ 71.4591271, 51.1621984 ], [ 71.459456717923928, 51.162105338977341 ], [ 71.459410417687295, 51.162036139059921 ] ] ], [ [ [ 71.460043516946115, 51.162061837977284 ], [ 71.459718, 51.1621563 ], [ 71.4598361, 51.1623206 ], [ 71.460161617496908, 51.162226137767298 ], [ 71.460043516946115, 51.162061837977284 ] ] ], [ [ [ 71.459558418331795, 51.162231438797313 ], [ 71.459494118040766, 51.162144038911528 ], [ 71.4591519, 51.1622441 ], [ 71.4592161, 51.1623316 ], [ 71.459558418331795, 51.162231438797313 ] ] ], [ [ [ 71.458941118876311, 51.162165139855013 ], [ 71.4585811, 51.1622766 ], [ 71.4586401, 51.1623473 ], [ 71.459000219101767, 51.162235739750521 ], [ 71.458941118876311, 51.162165139855013 ] ] ], [ [ [ 71.459062719169694, 51.162270939641985 ], [ 71.4586925, 51.1623818 ], [ 71.4587449, 51.1624495 ], [ 71.459115219391066, 51.162338539548927 ], [ 71.459062719169694, 51.162270939641985 ] ] ], [ [ [ 71.460302717812425, 51.162343137520416 ], [ 71.46024581754773, 51.162264137621584 ], [ 71.4598451, 51.16238 ], [ 71.4599021, 51.1624591 ], [ 71.460302717812425, 51.162343137520416 ] ] ], [ [ [ 71.459638118480271, 51.162290638658206 ], [ 71.4593222, 51.1623884 ], [ 71.4593995, 51.162479 ], [ 71.459715418768056, 51.162381338521612 ], [ 71.459638118480271, 51.162290638658206 ] ] ], [ [ [ 71.460094634852467, 51.16263827414695 ], [ 71.460470218399138, 51.162531137224889 ], [ 71.460340317760938, 51.162342937456202 ], [ 71.459818542818553, 51.16248953664855 ], [ 71.459759118864724, 51.162417338445167 ], [ 71.4594142, 51.16252320000001 ], [ 71.4595077, 51.1626368 ], [ 71.459818676170372, 51.162541936701182 ], [ 71.459927653035777, 51.162586284411404 ], [ 71.459577, 51.162704799999986 ], [ 71.4596779, 51.1628436 ], [ 71.459955620067788, 51.162757038092444 ], [ 71.460094634852467, 51.16263827414695 ] ] ], [ [ [ 71.458595020869367, 51.162518640428374 ], [ 71.458540620647966, 51.162450440524744 ], [ 71.4582221, 51.1625466 ], [ 71.4582764, 51.1626147 ], [ 71.458595020869367, 51.162518640428374 ] ] ], [ [ [ 71.459203019660407, 51.162428239394444 ], [ 71.4588429, 51.1625361 ], [ 71.4589097, 51.1626222 ], [ 71.459269819942875, 51.162514439276009 ], [ 71.459203019660407, 51.162428239394444 ] ] ], [ [ [ 71.459308020166674, 51.162578139207554 ], [ 71.4589569, 51.1626832 ], [ 71.4590259, 51.1627721 ], [ 71.459376920457984, 51.162667039085399 ], [ 71.459308020166674, 51.162578139207554 ] ] ], [ [ [ 71.458778020967799, 51.162598440111807 ], [ 71.458321, 51.1627357 ], [ 71.4583882, 51.1628223 ], [ 71.458845221251039, 51.16268493999268 ], [ 71.458778020967799, 51.162598440111807 ] ] ], [ [ [ 71.459408520703178, 51.162733639028104 ], [ 71.4590648, 51.1628364 ], [ 71.4591442, 51.1629387 ], [ 71.459487921038246, 51.162835938887326 ], [ 71.459408520703178, 51.162733639028104 ] ] ], [ [ [ 71.458924121765222, 51.162828539850693 ], [ 71.458865721518521, 51.162753239954235 ], [ 71.4584471, 51.1628789 ], [ 71.4585055, 51.1629541 ], [ 71.458924121765222, 51.162828539850693 ] ] ], [ [ [ 71.459562621118707, 51.162877838757638 ], [ 71.4592285, 51.1629777 ], [ 71.4592939, 51.163062 ], [ 71.459628021394892, 51.162962138641696 ], [ 71.459562621118707, 51.162877838757638 ] ] ], [ [ [ 71.458917922174507, 51.162921339856616 ], [ 71.4585462, 51.1630403 ], [ 71.458610600000014, 51.1631126 ], [ 71.458982222400309, 51.162993639743156 ], [ 71.458917922174507, 51.162921339856616 ] ] ], [ [ [ 71.459286622350419, 51.163076939219046 ], [ 71.459234322129632, 51.163009539311759 ], [ 71.45867890000001, 51.163159899999989 ], [ 71.4587355, 51.1632329 ], [ 71.459286622350419, 51.163076939219046 ] ] ], [ [ [ 71.4592428, 51.1641822 ], [ 71.459251549219175, 51.164193173385179 ], [ 71.4589091, 51.1642921 ], [ 71.4588125, 51.164333299999988 ], [ 71.4588869, 51.1644018 ], [ 71.459103698293376, 51.164335905337261 ], [ 71.4591376, 51.164370699999985 ], [ 71.459344197546997, 51.164309373760538 ], [ 71.4593616, 51.1643312 ], [ 71.459646526915293, 51.164245638545552 ], [ 71.459591257381234, 51.164176377830664 ], [ 71.459690521040841, 51.164147118496295 ], [ 71.4597009, 51.1641588 ], [ 71.460252862494784, 51.16398365667181 ], [ 71.4602694, 51.164004399999989 ], [ 71.460482463182473, 51.163941375498489 ], [ 71.4605134, 51.1639526 ], [ 71.460808423712734, 51.163866436580037 ], [ 71.460781815023452, 51.163829899573152 ], [ 71.460805851828894, 51.163822814054782 ], [ 71.4608257, 51.1638462 ], [ 71.461136722768728, 51.163750236025137 ], [ 71.461098984125371, 51.163705770986738 ], [ 71.461341921977052, 51.163630935680665 ], [ 71.461279621729119, 51.163554135790932 ], [ 71.4607163, 51.1637173 ], [ 71.460746353124208, 51.163752710026465 ], [ 71.46072926829612, 51.16375774625314 ], [ 71.460714623282541, 51.163737636746717 ], [ 71.460500714751518, 51.163799889441371 ], [ 71.460489023791922, 51.163785237129687 ], [ 71.460330424180839, 51.163825837398527 ], [ 71.460017100000016, 51.1639231 ], [ 71.460028940199606, 51.163936834133217 ], [ 71.459628771108399, 51.164077618890822 ], [ 71.4592428, 51.1641822 ] ] ], [ [ [ 71.458778128539706, 51.164351040023533 ], [ 71.4584663, 51.1644457 ], [ 71.4585244, 51.1645172 ], [ 71.458836228770423, 51.1644225399207 ], [ 71.458778128539706, 51.164351040023533 ] ] ], [ [ [ 71.459338228515051, 51.164519839058379 ], [ 71.4590673, 51.1646002 ], [ 71.4591762, 51.1647422 ], [ 71.460554626085525, 51.1643365369899 ], [ 71.460658725790267, 51.164300636813891 ], [ 71.460650679841336, 51.164291466461762 ], [ 71.461330623966276, 51.16408783567698 ], [ 71.461645523062302, 51.163976735144693 ], [ 71.461552122741764, 51.163873435309434 ], [ 71.461380786241705, 51.163923942645823 ], [ 71.461299722912216, 51.163834235742506 ], [ 71.460914, 51.1639591 ], [ 71.461009548086821, 51.164064951347633 ], [ 71.4608139, 51.1641302 ], [ 71.460831770618825, 51.164149978063499 ], [ 71.460227480617789, 51.164329128466655 ], [ 71.46021432644298, 51.164313237572316 ], [ 71.459824804550962, 51.16442348133517 ], [ 71.459741427404069, 51.164388338376291 ], [ 71.4594497, 51.164475 ], [ 71.459467039796849, 51.164497592044711 ], [ 71.459360946578144, 51.164528864008638 ], [ 71.459338228515051, 51.164519839058379 ] ] ], [ [ [ 71.458907728722565, 51.164433739798035 ], [ 71.458593, 51.1645292 ], [ 71.45866, 51.164611799999989 ], [ 71.458974728989247, 51.164516339679437 ], [ 71.458907728722565, 51.164433739798035 ] ] ], [ [ [ 71.459071229369215, 51.164634339508673 ], [ 71.459028329158187, 51.164572139585069 ], [ 71.4586347, 51.164683599999989 ], [ 71.4586776, 51.1647458 ], [ 71.459071229369215, 51.164634339508673 ] ] ], [ [ [ 71.4599539, 51.1647354 ], [ 71.4600042, 51.164798499999989 ], [ 71.4601074, 51.164792 ], [ 71.460428727807411, 51.164695837186869 ], [ 71.460304827535225, 51.164594237403605 ], [ 71.460019, 51.1646788 ], [ 71.4599539, 51.1647354 ] ] ], [ [ [ 71.459119429583865, 51.164699039423084 ], [ 71.4587527, 51.1648033 ], [ 71.4588138, 51.1648902 ], [ 71.459180129878931, 51.164786239315006 ], [ 71.459119429583865, 51.164699039423084 ] ] ], [ [ [ 71.4589625, 51.165241899999984 ], [ 71.459433530909223, 51.165103638866235 ], [ 71.459389998671242, 51.164982541649671 ], [ 71.459878029221542, 51.164851538119663 ], [ 71.459813628915484, 51.164760638234249 ], [ 71.459283, 51.1649036 ], [ 71.459300492823729, 51.164928263834916 ], [ 71.459171330557893, 51.164940639322296 ], [ 71.4588222, 51.1650431 ], [ 71.4589625, 51.165241899999984 ] ] ], [ [ [ 71.459915529359876, 51.164895238053411 ], [ 71.4595834, 51.164991 ], [ 71.4596478, 51.1650819 ], [ 71.459979929665494, 51.164986037938846 ], [ 71.459915529359876, 51.164895238053411 ] ] ], [ [ [ 71.460097930059277, 51.165113937730872 ], [ 71.460033529753218, 51.165023037845444 ], [ 71.4597014, 51.1651189 ], [ 71.4597658, 51.1652097 ], [ 71.460097930059277, 51.165113937730872 ] ] ], [ [ [ 71.458738332001957, 51.16513994005188 ], [ 71.4584412, 51.1652254 ], [ 71.4585072, 51.1653203 ], [ 71.458804232323303, 51.165234839934548 ], [ 71.458738332001957, 51.16513994005188 ] ] ], [ [ [ 71.4591926, 51.165488299999986 ], [ 71.459660231660479, 51.165348138466726 ], [ 71.459601758206617, 51.165255933447121 ], [ 71.459753730942651, 51.165211138313907 ], [ 71.459689430636871, 51.165120338428288 ], [ 71.459538594627546, 51.165162662399823 ], [ 71.45952423095865, 51.165143338709328 ], [ 71.4590315, 51.16529 ], [ 71.4591926, 51.165488299999986 ] ] ], [ [ [ 71.460199830619473, 51.165275337548692 ], [ 71.46012493026403, 51.165169737681936 ], [ 71.4597928, 51.1652655 ], [ 71.4598677, 51.16537120000001 ], [ 71.460199830619473, 51.165275337548692 ] ] ], [ [ [ 71.458866632392684, 51.165270339826165 ], [ 71.4585534, 51.165369899999988 ], [ 71.4586043, 51.1654256 ], [ 71.458917532564826, 51.165326039736428 ], [ 71.458866632392684, 51.165270339826165 ] ] ], [ [ [ 71.4603447311369, 51.165440237292913 ], [ 71.460280330830841, 51.165349337407484 ], [ 71.4599482, 51.1654452 ], [ 71.4600126, 51.165536 ], [ 71.4603447311369, 51.165440237292913 ] ] ], [ [ [ 71.458965132787654, 51.165392439651789 ], [ 71.4586213, 51.1654993 ], [ 71.4586884, 51.1655784 ], [ 71.459032133039258, 51.165471539533378 ], [ 71.458965132787654, 51.165392439651789 ] ] ], [ [ [ 71.45979913180966, 51.16542593822556 ], [ 71.4593265, 51.1655763 ], [ 71.4594078, 51.1656709 ], [ 71.45988043210896, 51.165520538081921 ], [ 71.45979913180966, 51.16542593822556 ] ] ], [ [ [ 71.460384131117124, 51.16544793722521 ], [ 71.4599756, 51.165567899999985 ], [ 71.4600174, 51.165624099999988 ], [ 71.460425831304249, 51.165504237151161 ], [ 71.460384131117124, 51.16544793722521 ] ] ], [ [ [ 71.45909383318002, 51.16552333942537 ], [ 71.4587087, 51.1656446 ], [ 71.4587705, 51.1657167 ], [ 71.459155633408358, 51.165595439316185 ], [ 71.45909383318002, 51.16552333942537 ] ] ], [ [ [ 71.459206533596515, 51.165654839226249 ], [ 71.4588797, 51.1657484 ], [ 71.4589277, 51.1658177 ], [ 71.459254533831313, 51.165724139140785 ], [ 71.459206533596515, 51.165654839226249 ] ] ], [ [ [ 71.459817532798127, 51.165660438182314 ], [ 71.4594374, 51.1657748 ], [ 71.459621, 51.1660046 ], [ 71.459999533543908, 51.165889737859914 ], [ 71.459817532798127, 51.165660438182314 ] ] ], [ [ [ 71.459332434200036, 51.165833739002217 ], [ 71.459279333970343, 51.165764039096409 ], [ 71.459104734297441, 51.165785339393594 ], [ 71.4588219, 51.165869099999988 ], [ 71.458833013768057, 51.165883703182161 ], [ 71.4586661, 51.1659329 ], [ 71.4587305, 51.1660238 ], [ 71.459332434200036, 51.165833739002217 ] ] ], [ [ [ 71.459340234467817, 51.165898138985675 ], [ 71.4589861, 51.165998899999984 ], [ 71.4590371, 51.1660729 ], [ 71.459391234718908, 51.165972138894816 ], [ 71.459340234467817, 51.165898138985675 ] ] ], [ [ [ 71.459500735122418, 51.166099638701382 ], [ 71.459449834878541, 51.166027338791949 ], [ 71.4591041, 51.1661267 ], [ 71.4591551, 51.166199 ], [ 71.459500735122418, 51.166099638701382 ] ] ], [ [ [ 71.460106733894776, 51.166004337671062 ], [ 71.4597135, 51.1661203 ], [ 71.4598743, 51.1663308 ], [ 71.460264834596259, 51.166215937390369 ], [ 71.460106733894776, 51.166004337671062 ] ] ], [ [ [ 71.458974036614066, 51.166280739591947 ], [ 71.4586221, 51.1663923 ], [ 71.458683, 51.1664614 ], [ 71.45903493683025, 51.166349739484446 ], [ 71.458974036614066, 51.166280739591947 ] ] ], [ [ [ 71.45932190000002, 51.1665118 ], [ 71.4593942, 51.1666048 ], [ 71.459868236194495, 51.166462238055416 ], [ 71.459586435207981, 51.166146138552655 ], [ 71.4592076, 51.1662597 ], [ 71.45932190000002, 51.1665118 ] ] ], [ [ [ 71.459055136875193, 51.166366439449099 ], [ 71.4587005, 51.1664814 ], [ 71.4587581, 51.1665438 ], [ 71.459112737067315, 51.166428839347553 ], [ 71.459055136875193, 51.166366439449099 ] ] ], [ [ [ 71.459944136332567, 51.166517837922967 ], [ 71.459578, 51.1666349 ], [ 71.4597146, 51.1667987 ], [ 71.460079536880997, 51.166686937683188 ], [ 71.459944136332567, 51.166517837922967 ] ] ], [ [ [ 71.459348337471326, 51.166595738936742 ], [ 71.4587505, 51.1667888 ], [ 71.4588406, 51.1668935 ], [ 71.459438737798166, 51.166699538777117 ], [ 71.459348337471326, 51.166595738936742 ] ] ], [ [ [ 71.459161266657773, 51.169894747940781 ], [ 71.459315778274117, 51.170080958292665 ], [ 71.4589207, 51.1701955 ], [ 71.4590858, 51.1704233 ], [ 71.4594836533321, 51.170307938519031 ], [ 71.459580652630549, 51.170175838359981 ], [ 71.459500926012538, 51.170065796098577 ], [ 71.4598497, 51.1700198 ], [ 71.460241650540709, 51.169898237244801 ], [ 71.460016259468887, 51.169626717256655 ], [ 71.460848247465279, 51.169375636234918 ], [ 71.460765347113608, 51.169268436381905 ], [ 71.4599135, 51.1695253 ], [ 71.459966502868156, 51.169593986149899 ], [ 71.459283974619581, 51.169810828577162 ], [ 71.459260051360175, 51.16978203892743 ], [ 71.459095451545934, 51.169773739208999 ], [ 71.4586728, 51.169905299999989 ], [ 71.4587659, 51.1700174 ], [ 71.459161266657773, 51.169894747940781 ] ] ], [ [ [ 71.459710049371267, 51.169462038174814 ], [ 71.4592497, 51.1695947 ], [ 71.4593388, 51.1697185 ], [ 71.459799149786349, 51.169585838016388 ], [ 71.459710049371267, 51.169462038174814 ] ] ], [ [ [ 71.460228790524624, 51.170446105763439 ], [ 71.4602687, 51.1704964 ], [ 71.460791009470569, 51.170328430085526 ], [ 71.4608241, 51.1703472 ], [ 71.461025851168174, 51.170287735885644 ], [ 71.461312049925738, 51.170089435406751 ], [ 71.460784049342294, 51.169789936323724 ], [ 71.4605823, 51.169849399999983 ], [ 71.460346854901047, 51.170012533517259 ], [ 71.459993946552657, 51.170120524030075 ], [ 71.459913851494264, 51.170016737798797 ], [ 71.4595576, 51.1701231 ], [ 71.459714839952383, 51.170326850313437 ], [ 71.4592327, 51.1704822 ], [ 71.4594433, 51.1707333 ], [ 71.459843254147145, 51.17060853788962 ], [ 71.459869690643472, 51.170540679939393 ], [ 71.4598807, 51.1705538 ], [ 71.460228790524624, 51.170446105763439 ] ], [ [ 71.460115427952545, 51.17030324466343 ], [ 71.459880004427276, 51.170373828022377 ], [ 71.459820318074776, 51.170302697690047 ], [ 71.460058359760396, 51.170231326142748 ], [ 71.460115427952545, 51.17030324466343 ] ] ], [ [ [ 71.460355256543394, 51.171322436979132 ], [ 71.459961954941235, 51.170829237675783 ], [ 71.4595253, 51.170962399999986 ], [ 71.4599186, 51.1714555 ], [ 71.460355256543394, 51.171322436979132 ] ] ], [ [ [ 71.4589427, 51.1715352 ], [ 71.4589984, 51.1716042 ], [ 71.4592212, 51.1717486 ], [ 71.4593506, 51.1718113 ], [ 71.459661259184386, 51.171717238144794 ], [ 71.459733158899127, 51.171673638024174 ], [ 71.459728558700434, 51.171626238034399 ], [ 71.459682358515835, 51.171569138116197 ], [ 71.459446209386144, 51.17142465480071 ], [ 71.459622557738342, 51.171370638228325 ], [ 71.459561957505272, 51.171297838335519 ], [ 71.459321266087684, 51.171370018018031 ], [ 71.459294558126842, 51.171358338789247 ], [ 71.4589991, 51.1714476 ], [ 71.4589371, 51.1714894 ], [ 71.4589427, 51.1715352 ] ] ], [ [ [ 71.460356, 51.1715613 ], [ 71.461228355184815, 51.171280135489823 ], [ 71.461212595727105, 51.171261381913219 ], [ 71.462114252805378, 51.17100563399034 ], [ 71.46174215105161, 51.170483934652196 ], [ 71.461014168825741, 51.170689809093822 ], [ 71.460957252644505, 51.17060793598673 ], [ 71.4601664, 51.1708284 ], [ 71.460367100000013, 51.171117 ], [ 71.460886744435712, 51.170971480964205 ], [ 71.460898644921571, 51.170988162834895 ], [ 71.4604589, 51.1711286 ], [ 71.460605828308843, 51.171303379170816 ], [ 71.4602375, 51.1714183 ], [ 71.460356, 51.1715613 ] ], [ [ 71.460891924321174, 51.170856843360347 ], [ 71.460880162942402, 51.170893605627874 ], [ 71.460860597047287, 51.170865490540635 ], [ 71.460891924321174, 51.170856843360347 ] ] ], [ [ [ 71.459983359750908, 51.17194863758295 ], [ 71.45987075969721, 51.171901137777667 ], [ 71.45961225230667, 51.17197928169626 ], [ 71.459568647389943, 51.171925811504806 ], [ 71.459776059650508, 51.171860837941466 ], [ 71.45972345944125, 51.171796038034586 ], [ 71.4593617, 51.1719064 ], [ 71.459381377069391, 51.171930678386047 ], [ 71.4590951, 51.1720211 ], [ 71.459175, 51.172119299999984 ], [ 71.459477779207958, 51.172027477098887 ], [ 71.4596073, 51.172182 ], [ 71.460059860042961, 51.172040037447672 ], [ 71.459983359750908, 51.17194863758295 ] ] ], [ [ [ 71.460177460487159, 51.17217943723977 ], [ 71.4597988, 51.1722967 ], [ 71.459965, 51.1724965 ], [ 71.460343661127013, 51.172379236945808 ], [ 71.460177460487159, 51.17217943723977 ] ] ], [ [ [ 71.460415661630037, 51.172518036815838 ], [ 71.459998, 51.1726443 ], [ 71.4600538, 51.1727151 ], [ 71.460471461860934, 51.172588836716947 ], [ 71.460415661630037, 51.172518036815838 ] ] ], [ [ [ 71.459512863632909, 51.17270013834888 ], [ 71.459445463383915, 51.172621538467986 ], [ 71.4589034, 51.1727956 ], [ 71.4589708, 51.172874199999988 ], [ 71.459512863632909, 51.17270013834888 ] ] ], [ [ [ 71.459765463118131, 51.172659737919417 ], [ 71.4589745, 51.1729119 ], [ 71.4590504, 51.1730031 ], [ 71.459841363410149, 51.172750937785167 ], [ 71.459765463118131, 51.172659737919417 ] ] ], [ [ [ 71.460425890240387, 51.173328155712838 ], [ 71.460877963912765, 51.173190135992307 ], [ 71.460529562490322, 51.172752536609465 ], [ 71.4600674, 51.1728935 ], [ 71.460105699466865, 51.172941591850943 ], [ 71.4595547, 51.1731044 ], [ 71.4596003, 51.173165 ], [ 71.460153397744591, 51.173001485433055 ], [ 71.4596426, 51.1731629 ], [ 71.4600752, 51.1736999 ], [ 71.460596065802378, 51.173539436456281 ], [ 71.460425890240387, 51.173328155712838 ] ] ], [ [ [ 71.459320165805252, 51.173142638655833 ], [ 71.4585754, 51.1733767 ], [ 71.4586623, 51.173483 ], [ 71.459407066147747, 51.173248938502056 ], [ 71.459320165805252, 51.173142638655833 ] ] ], [ [ [ 71.460426667923514, 51.173977336723652 ], [ 71.4600319, 51.1740925 ], [ 71.460123, 51.1742165 ], [ 71.460517768336487, 51.174101236561803 ], [ 71.460426667923514, 51.173977336723652 ] ] ], [ [ [ 71.460680868023445, 51.174079636284262 ], [ 71.4591861, 51.17450620000001 ], [ 71.4593402, 51.1747196 ], [ 71.460834968738439, 51.174293036010276 ], [ 71.460680868023445, 51.174079636284262 ] ] ], [ [ [ 71.459870571584048, 51.174650837639767 ], [ 71.4593717, 51.1748079 ], [ 71.4599025, 51.175443199999989 ], [ 71.460401373615767, 51.175286136701061 ], [ 71.460184604132891, 51.17502669507833 ], [ 71.460488445739898, 51.174934742073766 ], [ 71.4606569, 51.175143099999985 ], [ 71.461173371268259, 51.174983635397453 ], [ 71.46070606939881, 51.174405636224812 ], [ 71.459886744493275, 51.174670194751137 ], [ 71.459870571584048, 51.174650837639767 ] ] ], [ [ [ 71.461224172005274, 51.175169935301305 ], [ 71.4600065, 51.1755606 ], [ 71.4602454, 51.1758486 ], [ 71.461463072928638, 51.1754579348787 ], [ 71.461224172005274, 51.175169935301305 ] ] ], [ [ [ 71.4595821, 51.1757124 ], [ 71.4595145, 51.1757512 ], [ 71.4596743, 51.1759908 ], [ 71.460080476605697, 51.175877737219508 ], [ 71.459920775784866, 51.175638137504372 ], [ 71.459831775914239, 51.175640337656304 ], [ 71.4595821, 51.1757124 ] ] ], [ [ [ 71.4602077, 51.1759695 ], [ 71.461137874330745, 51.175680935423031 ], [ 71.461086874144769, 51.175622035513115 ], [ 71.4606587, 51.1757359 ], [ 71.4601503, 51.1758995 ], [ 71.4602077, 51.1759695 ] ] ], [ [ [ 71.460866176146311, 51.176016235870314 ], [ 71.4605141, 51.176115199999984 ], [ 71.4605349, 51.1761463 ], [ 71.4608868762529, 51.176047335833381 ], [ 71.460866176146311, 51.176016235870314 ] ] ], [ [ [ 71.46038687747928, 51.176175236681118 ], [ 71.459622979320926, 51.17636323797668 ], [ 71.4589285, 51.1765906 ], [ 71.4590574, 51.176796499999988 ], [ 71.459823009626561, 51.176634128340666 ], [ 71.459859089183766, 51.1767403465673 ], [ 71.4598321, 51.1767483 ], [ 71.4598762, 51.176878 ], [ 71.4600978, 51.1768484 ], [ 71.460274284488534, 51.176796391307249 ], [ 71.4602812, 51.1768329 ], [ 71.4607407, 51.1767727 ], [ 71.460942479057096, 51.176713235704909 ], [ 71.460909998944075, 51.176542027891188 ], [ 71.461100555157046, 51.176462881416981 ], [ 71.4611091, 51.1764727 ], [ 71.461434276951906, 51.176379534881534 ], [ 71.461404217190406, 51.176345850507055 ], [ 71.461463486361737, 51.176328383368059 ], [ 71.4618044, 51.1767434 ], [ 71.462196504610674, 51.176622512720925 ], [ 71.4622554, 51.1766904 ], [ 71.462596976266568, 51.176583232885029 ], [ 71.462213374871382, 51.176141033562594 ], [ 71.462161125859922, 51.176156432269984 ], [ 71.461973174324612, 51.175939733983057 ], [ 71.461193, 51.176187499999983 ], [ 71.461271559745057, 51.176283128783602 ], [ 71.461104494809817, 51.176332854185013 ], [ 71.46110567702398, 51.176293835447211 ], [ 71.461025176797733, 51.176216435588607 ], [ 71.460582, 51.17636670000001 ], [ 71.460673764467899, 51.176462065130735 ], [ 71.460427478744151, 51.176480436596421 ], [ 71.4602257, 51.1765399 ], [ 71.460248480801212, 51.176660166707961 ], [ 71.460214079828432, 51.176664736951707 ], [ 71.460174174200731, 51.176547165966788 ], [ 71.460364978873741, 51.176490936702656 ], [ 71.460436977757695, 51.176255236591508 ], [ 71.46038687747928, 51.176175236681118 ] ] ], [ [ [ 71.460123981006944, 51.176909237093341 ], [ 71.459936181332509, 51.176926037413324 ], [ 71.4597344, 51.1769855 ], [ 71.4597505, 51.1770461 ], [ 71.4599356, 51.1770293 ], [ 71.460137381250888, 51.176969837067411 ], [ 71.460123981006944, 51.176909237093341 ] ] ], [ [ [ 71.459438081870587, 51.176895338265794 ], [ 71.4590792, 51.1770064 ], [ 71.4592707, 51.1772358 ], [ 71.459629682604444, 51.17712473792696 ], [ 71.459438081870587, 51.176895338265794 ] ] ], [ [ [ 71.4596123, 51.1775059 ], [ 71.4598282, 51.1781282 ], [ 71.4600086, 51.1782214 ], [ 71.4605626, 51.1781459 ], [ 71.460764385234498, 51.178086435940102 ], [ 71.460453481778572, 51.177190336516297 ], [ 71.459912182826727, 51.177264137437326 ], [ 71.4597104, 51.1773236 ], [ 71.4596123, 51.1775059 ] ] ], [ [ [ 71.459697346377169, 51.145611039395831 ], [ 71.459735846271414, 51.145598539330706 ], [ 71.459822945645385, 51.145480639187923 ], [ 71.459679121208055, 51.145438822732416 ], [ 71.459787245375338, 51.145406939252567 ], [ 71.459976643937551, 51.145132838942935 ], [ 71.459605844001359, 51.145032039581203 ], [ 71.4594042, 51.1450915 ], [ 71.4592149, 51.145365599999984 ], [ 71.45929745844856, 51.145388049268689 ], [ 71.4591986, 51.1454172 ], [ 71.4591115, 51.145535199999983 ], [ 71.459144566016818, 51.14554480619924 ], [ 71.4591005, 51.1455578 ], [ 71.4588601, 51.1458896 ], [ 71.4592554, 51.1460023 ], [ 71.459457048132521, 51.145942839789463 ], [ 71.459697346377169, 51.145611039395831 ] ] ], [ [ [ 71.4605610603125, 51.149108737744939 ], [ 71.460464460442481, 51.149108737909906 ], [ 71.4602628, 51.1491682 ], [ 71.4602628, 51.1492632 ], [ 71.4603594, 51.1492632 ], [ 71.460561060722597, 51.149203737740166 ], [ 71.4605610603125, 51.149108737744939 ] ] ], [ [ [ 71.45978206611538, 51.150210139019819 ], [ 71.4595804, 51.1502696 ], [ 71.4595795, 51.1503214 ], [ 71.4597241, 51.1503224 ], [ 71.459925766149979, 51.150262938771775 ], [ 71.459926573071186, 51.150221130849388 ], [ 71.46001506573667, 51.150195038622712 ], [ 71.460015565658296, 51.150177038622743 ], [ 71.459871882449647, 51.150210759595552 ], [ 71.45978206611538, 51.150210139019819 ] ] ], [ [ [ 71.4595693, 51.1517055 ], [ 71.4605356, 51.1519724 ], [ 71.460991082187505, 51.151838101151164 ], [ 71.4609827, 51.15185 ], [ 71.4610236, 51.1518614 ], [ 71.461225271045578, 51.151801936475138 ], [ 71.461242670915098, 51.151777136446675 ], [ 71.461219528885948, 51.151770742724452 ], [ 71.461280212401434, 51.151752849838914 ], [ 71.4612292, 51.1518186 ], [ 71.4612966, 51.1518392 ], [ 71.461498270582339, 51.151779736010042 ], [ 71.461614569778646, 51.151629835818994 ], [ 71.461582578354268, 51.151620058086678 ], [ 71.461616252916428, 51.151572082509176 ], [ 71.461246381476656, 51.151469925403646 ], [ 71.46147896787889, 51.151147536074838 ], [ 71.461332067896549, 51.151105836327815 ], [ 71.4611304, 51.1511653 ], [ 71.46096641529013, 51.151392598703779 ], [ 71.460649953656642, 51.151305190827252 ], [ 71.460589705185939, 51.151322955204741 ], [ 71.460613053570327, 51.151289691146225 ], [ 71.460195723740242, 51.151174426092702 ], [ 71.460477609081209, 51.151091312180917 ], [ 71.4604126, 51.151179299999988 ], [ 71.4605558, 51.1512209 ], [ 71.461346129751817, 51.150987866016536 ], [ 71.4615957, 51.1510578 ], [ 71.462604028750249, 51.150760474279167 ], [ 71.462654855235442, 51.150689107193884 ], [ 71.4626479, 51.1507233 ], [ 71.462962385601585, 51.150719274924747 ], [ 71.4625289, 51.1508471 ], [ 71.4625301, 51.1509559 ], [ 71.462649389008163, 51.15095555279855 ], [ 71.4622711, 51.1510671 ], [ 71.462189, 51.1511843 ], [ 71.4625863, 51.1511874 ], [ 71.463191296513614, 51.151009000497169 ], [ 71.463192743972641, 51.150953969774733 ], [ 71.4635937, 51.1509528 ], [ 71.46434841483601, 51.150730242322368 ], [ 71.4647005, 51.150729 ], [ 71.465708800760027, 51.1504316478524 ], [ 71.465708682077988, 51.150418033214201 ], [ 71.465969017238663, 51.150341257237294 ], [ 71.465974214280607, 51.150000257253964 ], [ 71.465622923260426, 51.149998593976889 ], [ 71.465633576524425, 51.149285348783629 ], [ 71.465602960960382, 51.149285166391401 ], [ 71.466547364359826, 51.149006641051969 ], [ 71.466547661672919, 51.148882241080805 ], [ 71.465164970915069, 51.148879352886937 ], [ 71.4641567, 51.1491767 ], [ 71.464156016298119, 51.149298105904478 ], [ 71.4636874, 51.1494363 ], [ 71.463738094086494, 51.149902210861306 ], [ 71.4632549, 51.1500447 ], [ 71.463255709962155, 51.150430784391475 ], [ 71.46272117131312, 51.150595990322806 ], [ 71.462391724611834, 51.150502576156839 ], [ 71.461731343808637, 51.150697303501623 ], [ 71.462017322980159, 51.150310279402056 ], [ 71.461874123043557, 51.150268580635277 ], [ 71.460933035895096, 51.150546074861808 ], [ 71.460935796773683, 51.150326012155482 ], [ 71.460704486287128, 51.15032484292535 ], [ 71.460709828205054, 51.15014479060779 ], [ 71.460525329398905, 51.150142592183705 ], [ 71.459517, 51.1504399 ], [ 71.459498394613249, 51.151066542227355 ], [ 71.4586384, 51.1513201 ], [ 71.4585661, 51.1514231 ], [ 71.4595324, 51.15169 ], [ 71.459592649304938, 51.151672236175344 ], [ 71.4595693, 51.1517055 ] ], [ [ 71.460833108464413, 51.150610148136117 ], [ 71.460690286332181, 51.150803457439856 ], [ 71.460694811783284, 51.150650925959717 ], [ 71.460833108464413, 51.150610148136117 ] ], [ [ 71.46497365886502, 51.149429540825217 ], [ 71.464976261431573, 51.149302781155377 ], [ 71.46540036670963, 51.1493036998204 ], [ 71.46497365886502, 51.149429540825217 ] ] ], [ [ [ 71.461160571519912, 51.151891636581126 ], [ 71.461080871531749, 51.151869536718337 ], [ 71.4608792, 51.151929 ], [ 71.4608199, 51.1520134 ], [ 71.460890816928753, 51.15203308925151 ], [ 71.4608026, 51.1520591 ], [ 71.4607852, 51.1520839 ], [ 71.4608261, 51.1520952 ], [ 71.46102777232079, 51.152035736800634 ], [ 71.461045172190282, 51.152010936772186 ], [ 71.461012975862673, 51.15200204151003 ], [ 71.461101171964259, 51.151976036678313 ], [ 71.461160571519912, 51.151891636581126 ] ] ], [ [ [ 71.461371371435689, 51.151937836218799 ], [ 71.4611697, 51.1519973 ], [ 71.4611523, 51.152022099999982 ], [ 71.4611932, 51.1520334 ], [ 71.461394871559946, 51.151973936176859 ], [ 71.461412371429304, 51.151949136148225 ], [ 71.461371371435689, 51.151937836218799 ] ] ], [ [ [ 71.460970630256583, 51.153006725946554 ], [ 71.461146851065152, 51.152755573463558 ], [ 71.461112650490563, 51.152678373588166 ], [ 71.460831450577302, 51.152600774556397 ], [ 71.4603304, 51.1527518 ], [ 71.4599672, 51.1532696 ], [ 71.4603853, 51.153385 ], [ 71.460788656437686, 51.153266074635646 ], [ 71.460887951029662, 51.153124560586583 ], [ 71.4610458, 51.1531675 ], [ 71.461247476654904, 51.153108036371492 ], [ 71.461310276177912, 51.153017136268815 ], [ 71.461115076211769, 51.15296413660483 ], [ 71.460970630256583, 51.153006725946554 ] ] ], [ [ [ 71.45969587911776, 51.153194839016912 ], [ 71.4594942, 51.1532543 ], [ 71.4594574, 51.1533076 ], [ 71.4595866, 51.1533427 ], [ 71.459788279375118, 51.153283238854669 ], [ 71.459825079095467, 51.153229938794496 ], [ 71.45969587911776, 51.153194839016912 ] ] ], [ [ [ 71.461723506440293, 51.16015333520393 ], [ 71.4613703, 51.1602659 ], [ 71.4613994, 51.1602987 ], [ 71.461752706542654, 51.160186135152429 ], [ 71.461723506440293, 51.16015333520393 ] ] ], [ [ [ 71.460516518585223, 51.16258863714291 ], [ 71.460173, 51.1626964 ], [ 71.4602454, 51.1627768 ], [ 71.460587418849627, 51.162671937017606 ], [ 71.460516518585223, 51.16258863714291 ] ] ], [ [ [ 71.461849720382659, 51.163420134823944 ], [ 71.4615258, 51.1635205 ], [ 71.4616034, 51.1636115 ], [ 71.46192732067091, 51.163511034686834 ], [ 71.461849720382659, 51.163420134823944 ] ] ], [ [ [ 71.462114120657461, 51.163566134365006 ], [ 71.4617836, 51.1636559 ], [ 71.4618426, 51.1637434 ], [ 71.462178420934237, 51.163650234250937 ], [ 71.462114120657461, 51.163566134365006 ] ] ], [ [ [ 71.461192325103411, 51.16430793590213 ], [ 71.4608548, 51.1644159 ], [ 71.4609159, 51.1644832 ], [ 71.461134529616231, 51.164417698880499 ], [ 71.4611578, 51.1644423 ], [ 71.461359525201914, 51.16438283561277 ], [ 71.461486124827545, 51.164335635398899 ], [ 71.461464626237031, 51.16431297575663 ], [ 71.461816123800858, 51.164200834842035 ], [ 71.461773523649086, 51.164152434917227 ], [ 71.461212015296226, 51.164329624034565 ], [ 71.461192325103411, 51.16430793590213 ] ] ], [ [ [ 71.4615473, 51.1644519 ], [ 71.461905324264464, 51.164335934682875 ], [ 71.461847724071106, 51.164273234784432 ], [ 71.461753324260428, 51.164287634944941 ], [ 71.4614761, 51.1643743 ], [ 71.4615473, 51.1644519 ] ] ], [ [ [ 71.461940824551931, 51.16441353461834 ], [ 71.461608, 51.164512599999988 ], [ 71.461655, 51.1645738 ], [ 71.461987824753066, 51.164474734534984 ], [ 71.461940824551931, 51.16441353461834 ] ] ], [ [ [ 71.460795826243398, 51.164448236572298 ], [ 71.4604494, 51.164553 ], [ 71.4605088, 51.1646275 ], [ 71.460855226484881, 51.164522636467083 ], [ 71.460795826243398, 51.164448236572298 ] ] ], [ [ [ 71.461370325703257, 51.164502235588301 ], [ 71.46130522551222, 51.164437735702755 ], [ 71.4609266, 51.164567599999984 ], [ 71.4609918, 51.164632 ], [ 71.461370325703257, 51.164502235588301 ] ] ], [ [ [ 71.461986724953732, 51.164520834534535 ], [ 71.4616808, 51.164616 ], [ 71.4617263, 51.1646683 ], [ 71.462032225118435, 51.164573134454194 ], [ 71.461986724953732, 51.164520834534535 ] ] ], [ [ [ 71.460901626605605, 51.164565036385703 ], [ 71.4605432, 51.1646736 ], [ 71.4605957, 51.1647394 ], [ 71.460954026819351, 51.164630836292886 ], [ 71.460901626605605, 51.164565036385703 ] ] ], [ [ [ 71.461465626225646, 51.164652835417954 ], [ 71.461412025934436, 51.164568735513747 ], [ 71.4610567, 51.1646667 ], [ 71.4611104, 51.1647508 ], [ 71.461465626225646, 51.164652835417954 ] ] ], [ [ [ 71.462121025157884, 51.164609934300678 ], [ 71.461769, 51.1647102 ], [ 71.4618229, 51.1647883 ], [ 71.462174825422878, 51.16468803420485 ], [ 71.462121025157884, 51.164609934300678 ] ] ], [ [ [ 71.46150902626097, 51.164674535342726 ], [ 71.4611462, 51.1647796 ], [ 71.4611957, 51.1648483 ], [ 71.461558526491586, 51.16474333525472 ], [ 71.46150902626097, 51.164674535342726 ] ] ], [ [ [ 71.4600936, 51.164810199999984 ], [ 71.4601401, 51.1649315 ], [ 71.460583928031397, 51.164796036916741 ], [ 71.460467727764424, 51.164698037120154 ], [ 71.4600936, 51.164810199999984 ] ] ], [ [ [ 71.461012527157123, 51.164727236188121 ], [ 71.4606547, 51.1648357 ], [ 71.4606907, 51.1648808 ], [ 71.461048527303944, 51.164772436124366 ], [ 71.461012527157123, 51.164727236188121 ] ] ], [ [ [ 71.460408698816778, 51.165170311662806 ], [ 71.4603626, 51.1651839 ], [ 71.4604264, 51.1652697 ], [ 71.460807229296606, 51.165158436517089 ], [ 71.460819529128827, 51.165123436497836 ], [ 71.460779213375417, 51.165079728868733 ], [ 71.460898928677992, 51.16504383636623 ], [ 71.460847185474407, 51.164976247642372 ], [ 71.461122727720806, 51.164892035991606 ], [ 71.461087327576621, 51.164847636054297 ], [ 71.4603451, 51.1650609 ], [ 71.4602883, 51.165144 ], [ 71.4603234, 51.165188 ], [ 71.460408698816778, 51.165170311662806 ] ] ], [ [ [ 71.461606726821174, 51.1648346351678 ], [ 71.4612802, 51.1649347 ], [ 71.4613436, 51.16501130000001 ], [ 71.461670027066916, 51.16491123505584 ], [ 71.461606726821174, 51.1648346351678 ] ] ], [ [ [ 71.4602654, 51.165064299999983 ], [ 71.460510928970933, 51.164990737031637 ], [ 71.460585428677916, 51.164946136906607 ], [ 71.460526328440778, 51.164872837011252 ], [ 71.4601593, 51.1649846 ], [ 71.4602182, 51.1650553 ], [ 71.4602654, 51.165064299999983 ] ] ], [ [ [ 71.461671527254566, 51.164955135051059 ], [ 71.4613545, 51.1650542 ], [ 71.4614211, 51.1651305 ], [ 71.46173812749457, 51.165031434933461 ], [ 71.461671527254566, 51.164955135051059 ] ] ], [ [ [ 71.461274728571723, 51.165136335719694 ], [ 71.461214228325218, 51.165060435826845 ], [ 71.4609133, 51.165151 ], [ 71.460973900000013, 51.1652269 ], [ 71.461274728571723, 51.165136335719694 ] ] ], [ [ [ 71.461744927647004, 51.165068834919964 ], [ 71.4614389, 51.1651669 ], [ 71.461516800000012, 51.1652496 ], [ 71.461822727899133, 51.165151434782913 ], [ 71.461744927647004, 51.165068834919964 ] ] ], [ [ [ 71.4616329, 51.165342599999988 ], [ 71.462077627796177, 51.165207034344732 ], [ 71.461998927476131, 51.165108434484125 ], [ 71.4616266, 51.165221399999986 ], [ 71.4615766, 51.165272099999989 ], [ 71.4616329, 51.165342599999988 ] ] ], [ [ [ 71.4604567, 51.1652911 ], [ 71.4605027, 51.1654006 ], [ 71.460769330053679, 51.165321836573618 ], [ 71.460910829566743, 51.165253236335374 ], [ 71.460893129487317, 51.165229336366806 ], [ 71.460818929391465, 51.165184036495837 ], [ 71.4604567, 51.1652911 ] ] ], [ [ [ 71.461383628622556, 51.16518203553138 ], [ 71.4610122, 51.1652948 ], [ 71.4610796, 51.1653794 ], [ 71.46145112889721, 51.165266635411832 ], [ 71.461383628622556, 51.16518203553138 ] ] ], [ [ [ 71.46152482928278, 51.165378835280301 ], [ 71.461467029047327, 51.165306335382667 ], [ 71.4611301, 51.1654082 ], [ 71.4611879, 51.1654807 ], [ 71.46152482928278, 51.165378835280301 ] ] ], [ [ [ 71.461988028360565, 51.165309734492595 ], [ 71.4616536, 51.165410799999989 ], [ 71.461696, 51.1654639 ], [ 71.462030328533046, 51.165362834417678 ], [ 71.461988028360565, 51.165309734492595 ] ] ], [ [ [ 71.4607302, 51.1653842 ], [ 71.4605146, 51.1654718 ], [ 71.4605397, 51.1655037 ], [ 71.4606169, 51.1655425 ], [ 71.46058690000001, 51.1655517 ], [ 71.4606322, 51.1656117 ], [ 71.46105263038217, 51.165486136081448 ], [ 71.460931929847291, 51.16532473629573 ], [ 71.4607302, 51.1653842 ] ] ], [ [ [ 71.462065328743449, 51.165422434354909 ], [ 71.4617293, 51.1655294 ], [ 71.4617745, 51.1655796 ], [ 71.46211042889918, 51.165472534275345 ], [ 71.462065328743449, 51.165422434354909 ] ] ], [ [ [ 71.4607371, 51.1656923 ], [ 71.4607901, 51.1657587 ], [ 71.461571929842421, 51.165523035192585 ], [ 71.4615144296083, 51.16545093529443 ], [ 71.461121170268015, 51.165570445019014 ], [ 71.461104130584161, 51.165548935990316 ], [ 71.46082, 51.1656334 ], [ 71.4607371, 51.1656923 ] ] ], [ [ [ 71.460462331439615, 51.16554693708666 ], [ 71.460084, 51.1656568 ], [ 71.4601538, 51.165753 ], [ 71.460532131761326, 51.165643136962622 ], [ 71.460462331439615, 51.16554693708666 ] ] ], [ [ [ 71.461252631343058, 51.16577083572551 ], [ 71.461241549105253, 51.165752197559861 ], [ 71.461350348003037, 51.165720126742222 ], [ 71.4613851, 51.1657676 ], [ 71.461778030126666, 51.165653034834008 ], [ 71.46168412969871, 51.165524735000851 ], [ 71.4608239, 51.1657918 ], [ 71.4608646, 51.1658569 ], [ 71.4609812, 51.1658477 ], [ 71.461252631343058, 51.16577083572551 ] ] ], [ [ [ 71.4609922, 51.1663254 ], [ 71.4611089, 51.16643220000001 ], [ 71.4614606298409, 51.166327670424394 ], [ 71.4614844, 51.1663602 ], [ 71.4616072, 51.1663917 ], [ 71.462291931740367, 51.166186633929392 ], [ 71.46227506815417, 51.166163397176426 ], [ 71.46243803121655, 51.16611093368364 ], [ 71.462417049102086, 51.166085985258 ], [ 71.4625507, 51.1660771 ], [ 71.462844793619055, 51.16598909991788 ], [ 71.462878, 51.1660342 ], [ 71.463181629495864, 51.165944432421924 ], [ 71.46307972906618, 51.165813232602595 ], [ 71.462924081050005, 51.165859115882832 ], [ 71.462894729349856, 51.165821232918169 ], [ 71.4621829, 51.1660384 ], [ 71.462193255055269, 51.166051958595659 ], [ 71.461498406550888, 51.166253613453726 ], [ 71.461403606799848, 51.166130549594676 ], [ 71.462843728902186, 51.165701733011296 ], [ 71.462765928557133, 51.165597633149417 ], [ 71.460907785331642, 51.166155745687398 ], [ 71.460877033335606, 51.166114936349743 ], [ 71.4603113, 51.1662822 ], [ 71.4603856, 51.1663809 ], [ 71.46092680371072, 51.166220807707887 ], [ 71.4609922, 51.1663254 ] ] ], [ [ [ 71.460849637392002, 51.16704513634977 ], [ 71.4605513, 51.167141 ], [ 71.4605885, 51.1671791 ], [ 71.460886037505048, 51.167082636285699 ], [ 71.460849637392002, 51.16704513634977 ] ] ], [ [ [ 71.461110942575061, 51.168325935838986 ], [ 71.460719340965767, 51.167831536532766 ], [ 71.4603456, 51.1679445 ], [ 71.460737200000011, 51.168439 ], [ 71.461110942575061, 51.168325935838986 ] ] ], [ [ [ 71.461132442924253, 51.168413435797859 ], [ 71.4607269, 51.168536799999984 ], [ 71.4607698, 51.1685873 ], [ 71.461175343098972, 51.168467235721884 ], [ 71.461132442924253, 51.168413435797859 ] ] ], [ [ [ 71.4608185, 51.168728 ], [ 71.4609277, 51.1689398 ], [ 71.461187240508153, 51.168879293190962 ], [ 71.4613671, 51.1690998 ], [ 71.462153222094358, 51.168868085262808 ], [ 71.4622735, 51.1690111 ], [ 71.463282211923357, 51.168713763969421 ], [ 71.464571294073224, 51.168289353066804 ], [ 71.464545351088816, 51.168258655072982 ], [ 71.464864136767346, 51.168151529436926 ], [ 71.46486543661392, 51.168116429436466 ], [ 71.464743536348109, 51.168016929649689 ], [ 71.464424227022221, 51.168115329918592 ], [ 71.46434839516138, 51.168025598144702 ], [ 71.465546074054885, 51.167666644898674 ], [ 71.465523189758926, 51.16763857781266 ], [ 71.465571767600409, 51.167624256851248 ], [ 71.46559566727592, 51.167594156772644 ], [ 71.465461066067263, 51.167412357250775 ], [ 71.46536244787616, 51.167441430310078 ], [ 71.465063564517422, 51.167074849168529 ], [ 71.464898042258895, 51.167123645414094 ], [ 71.464856532179809, 51.167087529503547 ], [ 71.4645106, 51.167192099999987 ], [ 71.464540337816572, 51.167229096153086 ], [ 71.4638408, 51.1674404 ], [ 71.464249292532287, 51.167939215603042 ], [ 71.463208661999673, 51.168247896522651 ], [ 71.46323864013705, 51.168197279945907 ], [ 71.463338538892245, 51.168167832041945 ], [ 71.463301638756988, 51.16812503210712 ], [ 71.463277154994714, 51.168132249377237 ], [ 71.463401993997124, 51.167921463145809 ], [ 71.46337832678671, 51.167893374368873 ], [ 71.463721136703356, 51.167780531407949 ], [ 71.463549636043695, 51.167574431711259 ], [ 71.4625092, 51.1679071 ], [ 71.462621118445838, 51.168036671945153 ], [ 71.4616967, 51.1683338 ], [ 71.46180463010657, 51.168460125101987 ], [ 71.461198483341249, 51.168639900833917 ], [ 71.461020244177774, 51.168668535976693 ], [ 71.4608185, 51.168728 ] ], [ [ 71.462405306140738, 51.168559944071262 ], [ 71.462985724155729, 51.168388854526818 ], [ 71.46288704164877, 51.168474883918677 ], [ 71.462436271544249, 51.168607756867509 ], [ 71.462405306140738, 51.168559944071262 ] ] ], [ [ [ 71.461880044256901, 51.168954734493617 ], [ 71.4610639, 51.1692061 ], [ 71.4612165, 51.1693981 ], [ 71.462032644881162, 51.16914673422329 ], [ 71.461880044256901, 51.168954734493617 ] ] ], [ [ [ 71.4615614, 51.170033599999989 ], [ 71.461836836822116, 51.169957851746766 ], [ 71.4618622, 51.1699891 ], [ 71.462360747413612, 51.169834933628195 ], [ 71.461951345784556, 51.169330434352922 ], [ 71.461246824075403, 51.169546865260436 ], [ 71.46122584758912, 51.169521935582551 ], [ 71.4607655, 51.1696669 ], [ 71.4608695, 51.169790599999985 ], [ 71.461540849777151, 51.169593182533653 ], [ 71.461628151831889, 51.169700743245336 ], [ 71.4614322, 51.1697585 ], [ 71.4611999, 51.1699041 ], [ 71.4613067, 51.1699711 ], [ 71.46148072207734, 51.169919807510723 ], [ 71.4615614, 51.170033599999989 ] ] ], [ [ [ 71.462375147997562, 51.169974533596587 ], [ 71.4619614, 51.1700933 ], [ 71.4620656, 51.1702397 ], [ 71.462479348489964, 51.170120933411226 ], [ 71.462375147997562, 51.169974533596587 ] ] ], [ [ [ 71.461683058908747, 51.171964856799264 ], [ 71.46214965631971, 51.171829733888394 ], [ 71.46271755471335, 51.171635032928116 ], [ 71.462302752806551, 51.171064633665381 ], [ 71.4612024, 51.171381 ], [ 71.461235194376698, 51.171426088160935 ], [ 71.4607567, 51.171565699999988 ], [ 71.4613307, 51.1723448 ], [ 71.461851158292063, 51.172193034380001 ], [ 71.461683058908747, 51.171964856799264 ] ] ], [ [ [ 71.46244235779281, 51.172261733366653 ], [ 71.4620302, 51.1723863 ], [ 71.462296, 51.172724100000011 ], [ 71.462708158894998, 51.17259953289561 ], [ 71.46244235779281, 51.172261733366653 ] ] ], [ [ [ 71.461914658727395, 51.172313534265484 ], [ 71.460885, 51.1726023 ], [ 71.460978703248244, 51.172735436285471 ], [ 71.4609432, 51.17274590000001 ], [ 71.4611468, 51.1730349 ], [ 71.461543561854882, 51.172921434868819 ], [ 71.461342101731702, 51.172635474066034 ], [ 71.462008859178454, 51.172447234097831 ], [ 71.461914658727395, 51.172313534265484 ] ] ], [ [ [ 71.4611976, 51.1731835 ], [ 71.46133274742003, 51.1731456306659 ], [ 71.461344, 51.1731619 ], [ 71.461939061642127, 51.172995434189474 ], [ 71.461891061406774, 51.172926034274965 ], [ 71.461296, 51.1730925 ], [ 71.461302657434189, 51.173102125554301 ], [ 71.4611694, 51.1731414 ], [ 71.4611976, 51.1731835 ] ] ], [ [ [ 71.461438464969646, 51.173609235013735 ], [ 71.461069377262859, 51.17371236004908 ], [ 71.461026065726045, 51.173655735715869 ], [ 71.4603951, 51.1738441 ], [ 71.4605171, 51.1740037 ], [ 71.460978304823684, 51.173866259549726 ], [ 71.4609919, 51.1738855 ], [ 71.46152636538946, 51.173733734857308 ], [ 71.461438464969646, 51.173609235013735 ] ] ], [ [ [ 71.4609643, 51.1739721 ], [ 71.461172, 51.1745322 ], [ 71.4612279, 51.1745998 ], [ 71.4614788, 51.1746199 ], [ 71.461926268078429, 51.174480334136604 ], [ 71.461648266429648, 51.174012334635073 ], [ 71.461480665781281, 51.173810134931543 ], [ 71.4609643, 51.1739721 ] ] ], [ [ [ 71.462674767080685, 51.174482732857854 ], [ 71.4623174, 51.1745876 ], [ 71.4623791, 51.1746616 ], [ 71.462710004386267, 51.17456883647737 ], [ 71.4628286, 51.1747228 ], [ 71.4635387, 51.1745698 ], [ 71.464048564946282, 51.174417030514384 ], [ 71.46384886409389, 51.174157630868585 ], [ 71.462684542354097, 51.17449583829724 ], [ 71.462674767080685, 51.174482732857854 ] ] ], [ [ [ 71.462000867951133, 51.174474134009472 ], [ 71.4615329, 51.1746183 ], [ 71.4620178, 51.1752173 ], [ 71.462485769887593, 51.175073133150988 ], [ 71.462000867951133, 51.174474134009472 ] ] ], [ [ [ 71.462024171781223, 51.175367333924726 ], [ 71.461861671132837, 51.175166734212418 ], [ 71.4615066, 51.175275 ], [ 71.4616691, 51.1754756 ], [ 71.462024171781223, 51.175367333924726 ] ] ], [ [ [ 71.4624585, 51.1762722 ], [ 71.463013673626563, 51.176102432197382 ], [ 71.462984615714731, 51.175970255428737 ], [ 71.463021, 51.1760165 ], [ 71.463449972106304, 51.175886731462917 ], [ 71.463365471755807, 51.175779331612681 ], [ 71.462937503611769, 51.175908789464877 ], [ 71.462686639282012, 51.175592747284654 ], [ 71.463131970696381, 51.175461532027569 ], [ 71.463118054985202, 51.175442967739038 ], [ 71.46342386976626, 51.175337331535175 ], [ 71.4633524695261, 51.175259531661062 ], [ 71.463051850933354, 51.175354647828108 ], [ 71.463040670292784, 51.175339732189663 ], [ 71.462590971184326, 51.175472226911921 ], [ 71.462573671400378, 51.175450432981847 ], [ 71.4613129, 51.1758168 ], [ 71.4613612, 51.1758942 ], [ 71.461645955476214, 51.175817605850128 ], [ 71.4616753, 51.175855 ], [ 71.462040188672461, 51.17574518909317 ], [ 71.4624585, 51.1762722 ] ] ], [ [ [ 71.461285374848032, 51.175846535162719 ], [ 71.4609414, 51.1759464 ], [ 71.460979, 51.1759968 ], [ 71.461320275012014, 51.175895335100648 ], [ 71.461285374848032, 51.175846535162719 ] ] ], [ [ [ 71.4619645, 51.1779519 ], [ 71.462441381699207, 51.177791233090034 ], [ 71.46161363712622, 51.176907319117007 ], [ 71.461865978297055, 51.17682513412165 ], [ 71.461478076940466, 51.176390534806153 ], [ 71.4611369, 51.1764989 ], [ 71.461433653146358, 51.176831380679708 ], [ 71.461042, 51.176966899999989 ], [ 71.4619645, 51.1779519 ] ] ], [ [ [ 71.462114952750426, 51.144902197563177 ], [ 71.4618925, 51.144967800000011 ], [ 71.4618814, 51.1456359 ], [ 71.4620337, 51.1456369 ], [ 71.462513086929206, 51.14549552686465 ], [ 71.4625122, 51.1456278 ], [ 71.462568856689273, 51.145627958376998 ], [ 71.4624402, 51.1456659 ], [ 71.462439900000021, 51.1458369 ], [ 71.4634536, 51.1458375 ], [ 71.463655241772628, 51.145778032629011 ], [ 71.463655441034362, 51.14560703263728 ], [ 71.463469369707425, 51.145606923468733 ], [ 71.463916146257887, 51.145475160579196 ], [ 71.4639832, 51.1458697 ], [ 71.4642007, 51.1458711 ], [ 71.464402340912329, 51.145811631351606 ], [ 71.464725179748783, 51.145665613690696 ], [ 71.4647632, 51.1458742 ], [ 71.4649928, 51.145877699999986 ], [ 71.465194439874892, 51.145818229998731 ], [ 71.465208238300931, 51.145457829993362 ], [ 71.465115337654737, 51.145279130160993 ], [ 71.464902137927396, 51.145275830525208 ], [ 71.464700390808289, 51.145338133706289 ], [ 71.464400321461653, 51.145285119406715 ], [ 71.464402075397345, 51.145027211362049 ], [ 71.4650925, 51.1450293 ], [ 71.466100675116763, 51.144731945943612 ], [ 71.466101972167024, 51.144595645966916 ], [ 71.465487823213479, 51.144595443744393 ], [ 71.466450363692772, 51.144311543064198 ], [ 71.466450961002437, 51.144187043090511 ], [ 71.466350714207849, 51.144186841044167 ], [ 71.466350531086718, 51.144142328109268 ], [ 71.466231130880615, 51.144057328317437 ], [ 71.466160602183479, 51.144035937979204 ], [ 71.466444355980656, 51.143952243206094 ], [ 71.466444355089948, 51.143911022497136 ], [ 71.4669411, 51.1440577 ], [ 71.467949241714251, 51.143760330406934 ], [ 71.468057937858674, 51.143615529515529 ], [ 71.467997658882595, 51.143597708012003 ], [ 71.468072279526908, 51.143575696701099 ], [ 71.468571435860909, 51.143719024472581 ], [ 71.4676728, 51.1439841 ], [ 71.4677968, 51.1448544 ], [ 71.467996, 51.1448433 ], [ 71.468434293750647, 51.144714016136682 ], [ 71.4684447, 51.1447867 ], [ 71.468524683033905, 51.144782199289523 ], [ 71.4680009, 51.1449367 ], [ 71.46801308630549, 51.145018764789342 ], [ 71.4676892, 51.1451143 ], [ 71.4677571, 51.1454877 ], [ 71.4679637, 51.1454729 ], [ 71.468971865368161, 51.145175521319338 ], [ 71.468937984983228, 51.14498922617333 ], [ 71.4692257, 51.1449724 ], [ 71.470233846076127, 51.144675010672039 ], [ 71.470223936521009, 51.144608287383328 ], [ 71.470282127732148, 51.144591121373701 ], [ 71.470427626667231, 51.144389721135468 ], [ 71.4702276266909, 51.144332821479814 ], [ 71.470026, 51.1443923 ], [ 71.469884532547852, 51.144588118203252 ], [ 71.469163295590789, 51.144630300678607 ], [ 71.469685645475963, 51.144476215402292 ], [ 71.469621551784726, 51.144028605306531 ], [ 71.4702974, 51.1442209 ], [ 71.472112011264386, 51.143685576941344 ], [ 71.472199205524547, 51.143564975656361 ], [ 71.472057654817291, 51.143524703765785 ], [ 71.472369837500764, 51.143099636110584 ], [ 71.471571137660021, 51.14286893886122 ], [ 71.47118928499431, 51.142981591156861 ], [ 71.471333918519733, 51.142784219669281 ], [ 71.470680318623224, 51.142604320794298 ], [ 71.4704787, 51.1426638 ], [ 71.470214818185781, 51.142995307946059 ], [ 71.47000466450568, 51.142938366816672 ], [ 71.4693998, 51.143116799999987 ], [ 71.469348384421124, 51.143191432211985 ], [ 71.469253649788925, 51.143164234845408 ], [ 71.469343522723904, 51.143137723049719 ], [ 71.469838718984875, 51.142425622240232 ], [ 71.469437519045456, 51.142314522930846 ], [ 71.4692359, 51.142374 ], [ 71.4691088835811, 51.142554459482184 ], [ 71.469200319819876, 51.142420023330494 ], [ 71.468933719870591, 51.142348623789282 ], [ 71.4687321, 51.1424081 ], [ 71.468339, 51.1429863 ], [ 71.46840613756082, 51.143004262210333 ], [ 71.467576996558719, 51.14324884097428 ], [ 71.467630225191868, 51.143175325973097 ], [ 71.467096653998752, 51.14302309590127 ], [ 71.467217527329851, 51.142865436879504 ], [ 71.467019227373925, 51.142805638587518 ], [ 71.4660111, 51.143103 ], [ 71.4655398, 51.1437177 ], [ 71.4657381, 51.1437775 ], [ 71.466060682045097, 51.143682353457997 ], [ 71.4659898, 51.1437768 ], [ 71.466147105908547, 51.143823250088445 ], [ 71.465389712345598, 51.143820461297473 ], [ 71.465451696461798, 51.14380217923668 ], [ 71.465449291205047, 51.143666079335375 ], [ 71.465313457399589, 51.143665430345933 ], [ 71.465313455420855, 51.143573652956441 ], [ 71.464539407884942, 51.14357366154907 ], [ 71.465568057172206, 51.143257659321179 ], [ 71.465737155802316, 51.143151658754412 ], [ 71.46573395442492, 51.142991058781547 ], [ 71.464795357019881, 51.142999061985961 ], [ 71.4639716, 51.1432234 ], [ 71.463969992643598, 51.143420537135405 ], [ 71.463716796138854, 51.14342109895189 ], [ 71.4631119, 51.1435995 ], [ 71.4631127, 51.1437345 ], [ 71.463396965553272, 51.143733870490991 ], [ 71.462932, 51.143871 ], [ 71.462932, 51.1440056 ], [ 71.463067965264372, 51.144005600719666 ], [ 71.4620609, 51.1443026 ], [ 71.462049, 51.1449017 ], [ 71.462114952750426, 51.144902197563177 ] ], [ [ 71.46276499571816, 51.145606507527553 ], [ 71.463210652131892, 51.145475078265576 ], [ 71.463209753699076, 51.145606770656343 ], [ 71.46276499571816, 51.145606507527553 ] ], [ [ 71.463703889687025, 51.144659866424469 ], [ 71.463524890880493, 51.144659367952826 ], [ 71.463050875567291, 51.144799164400567 ], [ 71.463051947276924, 51.144734574776997 ], [ 71.463752307275172, 51.144528023574608 ], [ 71.4637521, 51.1446128 ], [ 71.4638054, 51.1446129 ], [ 71.463964492387532, 51.144565979396695 ], [ 71.4639643, 51.1446059 ], [ 71.464682720407666, 51.144607360661126 ], [ 71.464404372398718, 51.144689454752843 ], [ 71.464404485253979, 51.144672860439776 ], [ 71.464222286469038, 51.144672361995426 ], [ 71.463702757347349, 51.144825584957147 ], [ 71.463703889687025, 51.144659866424469 ] ], [ [ 71.463806908586321, 51.144287289413761 ], [ 71.464216737172535, 51.144166418550853 ], [ 71.4642168, 51.1442496 ], [ 71.46475083574812, 51.144249601565718 ], [ 71.464045238670025, 51.14445770581677 ], [ 71.464045435256622, 51.144389832032687 ], [ 71.463954135379012, 51.144389732188614 ], [ 71.463804166556685, 51.144433962160726 ], [ 71.463806908586321, 51.144287289413761 ] ], [ [ 71.463281178440653, 51.14400687019787 ], [ 71.463112726299215, 51.144005600921986 ], [ 71.463514111905141, 51.144005601970179 ], [ 71.463279832667183, 51.144074696775114 ], [ 71.463281178440653, 51.14400687019787 ] ], [ [ 71.468899676467785, 51.143813273833061 ], [ 71.4690948, 51.1438693 ], [ 71.47010292315683, 51.143571912068417 ], [ 71.47012143861663, 51.143546517893775 ], [ 71.47028811051787, 51.14358575398515 ], [ 71.469439872816494, 51.143844386934845 ], [ 71.469361134122906, 51.143848818331129 ], [ 71.468923167734474, 51.14397801216694 ], [ 71.468899676467785, 51.143813273833061 ] ], [ [ 71.469945626999788, 51.143362892061973 ], [ 71.46984282116631, 51.143333378280339 ], [ 71.470000686600713, 51.14328680836762 ], [ 71.469945626999788, 51.143362892061973 ] ], [ [ 71.464056388969041, 51.143561905815531 ], [ 71.464075441163047, 51.143573664242346 ], [ 71.464016520335747, 51.143573664452582 ], [ 71.464056388969041, 51.143561905815531 ] ], [ [ 71.465853678004223, 51.14418583800304 ], [ 71.465653751613871, 51.144185433946575 ], [ 71.465853398336861, 51.144126548366152 ], [ 71.465853678004223, 51.14418583800304 ] ], [ [ 71.467073139386784, 51.143379237982536 ], [ 71.46675068219875, 51.143474351697691 ], [ 71.466924294051182, 51.143247908563126 ], [ 71.46732336460029, 51.143361751944553 ], [ 71.467180008039861, 51.143404037717019 ], [ 71.467073139386784, 51.143379237982536 ] ], [ [ 71.468741984514438, 51.14301733895801 ], [ 71.468793849886779, 51.143002039331598 ], [ 71.468776172353671, 51.143027154171854 ], [ 71.468741984514438, 51.14301733895801 ] ], [ [ 71.471050911196897, 51.1431541702364 ], [ 71.470963818578852, 51.143386417532724 ], [ 71.470833982093168, 51.143424720223926 ], [ 71.471050911196897, 51.1431541702364 ] ] ], [ [ [ 71.4617994, 51.1449004 ], [ 71.462001039954131, 51.144840935500817 ], [ 71.46197763841387, 51.144476735559138 ], [ 71.461928338485805, 51.144478035643253 ], [ 71.4617267, 51.1445375 ], [ 71.4615221, 51.1447993 ], [ 71.461529, 51.1449072 ], [ 71.4617994, 51.1449004 ] ] ], [ [ [ 71.4613403, 51.1451852 ], [ 71.461317, 51.145308 ], [ 71.4615934, 51.145308 ], [ 71.461795041990385, 51.14524853583206 ], [ 71.461799541011573, 51.145023135835729 ], [ 71.461608541268106, 51.145023036161874 ], [ 71.4614069, 51.1450825 ], [ 71.4613403, 51.1451852 ] ] ], [ [ [ 71.4612514, 51.1456456 ], [ 71.4614853, 51.1456423 ], [ 71.461686943578627, 51.145582835999818 ], [ 71.461776142754672, 51.145419735855711 ], [ 71.461772442316857, 51.145317135867209 ], [ 71.461551442627581, 51.145320236244416 ], [ 71.4612433, 51.145422600000011 ], [ 71.4612514, 51.1456456 ] ] ], [ [ [ 71.4611619448482, 51.145713336889727 ], [ 71.4609603, 51.1457728 ], [ 71.4609656, 51.1459498 ], [ 71.4610856, 51.1459484 ], [ 71.461287245437504, 51.145888936666928 ], [ 71.46128184468084, 51.145711936685061 ], [ 71.4611619448482, 51.145713336889727 ] ] ], [ [ [ 71.463141256442441, 51.149016533343506 ], [ 71.4629396, 51.149076 ], [ 71.4629382, 51.149211099999988 ], [ 71.462853800000019, 51.1493751 ], [ 71.4630201, 51.1493431 ], [ 71.463329057197669, 51.149250033011036 ], [ 71.463490056501414, 51.149138932741721 ], [ 71.463508756294942, 51.149096932711899 ], [ 71.46348195598955, 51.149017832761629 ], [ 71.463141256442441, 51.149016533343506 ] ] ], [ [ [ 71.464618422719781, 51.151109056991658 ], [ 71.464618420107925, 51.150988057022161 ], [ 71.463603626941193, 51.150988265686799 ], [ 71.463203810208668, 51.1511061646817 ], [ 71.463112832780183, 51.15110576984786 ], [ 71.462306167612297, 51.151343634652342 ], [ 71.462119867875103, 51.15134643497035 ], [ 71.4619182, 51.1514059 ], [ 71.4619182, 51.1520273 ], [ 71.4623285, 51.1520264 ], [ 71.463336844727678, 51.151729067778184 ], [ 71.463339947999899, 51.15140648072412 ], [ 71.4636101, 51.1514064 ], [ 71.464618422719781, 51.151109056991658 ] ] ], [ [ [ 71.461711371250132, 51.152000835635008 ], [ 71.461670471256411, 51.151989535705411 ], [ 71.4614688, 51.152049 ], [ 71.4614239, 51.1521171 ], [ 71.4614648, 51.1521284 ], [ 71.461666471604588, 51.15206893570825 ], [ 71.461711371250132, 51.152000835635008 ] ] ], [ [ [ 71.462158171895297, 51.152289534857459 ], [ 71.46196687174691, 51.152195535188859 ], [ 71.461752371773514, 51.152134835558236 ], [ 71.4615507, 51.152194299999984 ], [ 71.4614673, 51.1523103 ], [ 71.4618968, 51.1524319 ], [ 71.462098472333579, 51.15237243495524 ], [ 71.462158171895297, 51.152289534857459 ] ] ], [ [ [ 71.463390751948481, 51.152080367229452 ], [ 71.46238240000001, 51.1523777 ], [ 71.4623044, 51.152486 ], [ 71.4635513, 51.1528392 ], [ 71.464430732949666, 51.152579874004687 ], [ 71.46494206209627, 51.152721251099628 ], [ 71.464748421779618, 51.152778353172486 ], [ 71.46443951330447, 51.152694493847726 ], [ 71.4638345, 51.1528729 ], [ 71.4637707, 51.1529654 ], [ 71.4641814, 51.1530769 ], [ 71.464475873834616, 51.152990065495928 ], [ 71.4644951, 51.1530623 ], [ 71.4648775, 51.1532195 ], [ 71.4654238, 51.1533206 ], [ 71.4654879, 51.1533146 ], [ 71.46625610546414, 51.153088059825706 ], [ 71.4665041, 51.1531555 ], [ 71.467512440999627, 51.152858131840603 ], [ 71.467531540311271, 51.152830498206292 ], [ 71.468056333401236, 51.152675727242702 ], [ 71.467992818875672, 51.151983027959822 ], [ 71.46780522016644, 51.151984329561252 ], [ 71.467767555446486, 51.151995437738975 ], [ 71.467770520944953, 51.151642278722115 ], [ 71.4678291, 51.1516584 ], [ 71.468030761009373, 51.151598924863855 ], [ 71.468570157638666, 51.150986323973711 ], [ 71.468704256601256, 51.150787823754747 ], [ 71.468457456642966, 51.150720524179583 ], [ 71.46834300939156, 51.150754278864639 ], [ 71.468341588657211, 51.150691825307852 ], [ 71.468288842482536, 51.150553901044702 ], [ 71.468434112192341, 51.150511055566298 ], [ 71.4684309, 51.1506357 ], [ 71.4686138, 51.150637600000017 ], [ 71.469622072449582, 51.150340214464009 ], [ 71.469635146921846, 51.149832368258885 ], [ 71.470064555776645, 51.149705710846433 ], [ 71.470074088867321, 51.149307951872501 ], [ 71.470428592931597, 51.149203385609624 ], [ 71.470613488004616, 51.148975684392823 ], [ 71.470540287418103, 51.148918884904262 ], [ 71.470417188072318, 51.148918385745134 ], [ 71.468888, 51.1493652 ], [ 71.468887601149078, 51.149873306213429 ], [ 71.468749051614211, 51.149914170857691 ], [ 71.468753077268488, 51.149290916246322 ], [ 71.469702043223279, 51.149011014116908 ], [ 71.469702540871808, 51.148902214140151 ], [ 71.46835247972389, 51.14889994619584 ], [ 71.468474948604765, 51.148863824243492 ], [ 71.468474948495995, 51.148838624244739 ], [ 71.468442648539479, 51.148838624299906 ], [ 71.468241, 51.1488981 ], [ 71.468241054013973, 51.148911711538844 ], [ 71.467553810267887, 51.149114408462538 ], [ 71.466561958312155, 51.149110083516767 ], [ 71.465957, 51.1492885 ], [ 71.4659558, 51.1493947 ], [ 71.4660959, 51.1500015 ], [ 71.466554, 51.1500035 ], [ 71.466958, 51.14991160000001 ], [ 71.467562962339187, 51.149733178294575 ], [ 71.467567715280524, 51.149306499786903 ], [ 71.467972293605285, 51.149307183741875 ], [ 71.4675847, 51.149421499999988 ], [ 71.467580098135414, 51.150144490972544 ], [ 71.467251204040423, 51.150141037752491 ], [ 71.4648313, 51.150854699999989 ], [ 71.464824250489386, 51.151132006456386 ], [ 71.4633783, 51.1515584 ], [ 71.4633513, 51.1516087 ], [ 71.4633501, 51.1518641 ], [ 71.4633502, 51.1520012 ], [ 71.463378600000013, 51.1520593 ], [ 71.4634787, 51.1520592 ], [ 71.464096412931085, 51.151877048183572 ], [ 71.4641762, 51.1519208 ], [ 71.4647981, 51.151929699999982 ], [ 71.465201431992867, 51.151810759710614 ], [ 71.465423830186211, 51.151670858965169 ], [ 71.465425028672811, 51.151495958978707 ], [ 71.46539448774648, 51.151494255364497 ], [ 71.465898688285819, 51.15134556473965 ], [ 71.466003483184267, 51.151279762631972 ], [ 71.466002148235717, 51.150932250164274 ], [ 71.467135533798242, 51.150597995114687 ], [ 71.467790729032956, 51.150597868823766 ], [ 71.4669989, 51.1508314 ], [ 71.467008827182056, 51.151265935490322 ], [ 71.466484413412743, 51.151259641021326 ], [ 71.4654761, 51.151557 ], [ 71.46547510000002, 51.1517833 ], [ 71.466538185268547, 51.151759959954781 ], [ 71.4659382, 51.1519369 ], [ 71.465941355976199, 51.152297082257071 ], [ 71.464925640237652, 51.152016354139896 ], [ 71.46406291222371, 51.152270761697942 ], [ 71.463390751948481, 51.152080367229452 ] ], [ [ 71.468442392157769, 51.150189762572339 ], [ 71.468096472245008, 51.150196170574894 ], [ 71.468096776277363, 51.1501808627958 ], [ 71.468445270337114, 51.150078078322451 ], [ 71.468442392157769, 51.150189762572339 ] ], [ [ 71.466497828106924, 51.152459299569252 ], [ 71.46679842372761, 51.152370651468111 ], [ 71.466801357212617, 51.152541899162394 ], [ 71.466497828106924, 51.152459299569252 ] ], [ [ 71.467111361806786, 51.152188961300688 ], [ 71.467107444657657, 51.151734924731528 ], [ 71.467223185600332, 51.151700790669267 ], [ 71.467217967654094, 51.152157521635573 ], [ 71.467111361806786, 51.152188961300688 ] ], [ [ 71.467885360503857, 51.151309157274113 ], [ 71.467138243159596, 51.151272317400611 ], [ 71.4672822, 51.151271 ], [ 71.468075788000476, 51.151036949818355 ], [ 71.467885360503857, 51.151309157274113 ] ], [ [ 71.465943578672281, 51.152550741973052 ], [ 71.465699445259943, 51.152622736547968 ], [ 71.465631732169768, 51.152616342277 ], [ 71.465943348261021, 51.152524447241497 ], [ 71.465943578672281, 51.152550741973052 ] ] ], [ [ [ 71.462417429632197, 51.153324704112009 ], [ 71.462014077072254, 51.153443635045413 ], [ 71.46184127706907, 51.153389035343274 ], [ 71.4614363, 51.1535026 ], [ 71.4613746, 51.1535529 ], [ 71.4613993, 51.1537191 ], [ 71.4616519, 51.1537809 ], [ 71.46177327181357, 51.153745113705313 ], [ 71.4620496, 51.1539268 ], [ 71.4625906, 51.1539666 ], [ 71.463195632493964, 51.153788200055068 ], [ 71.463302330225034, 51.153646299529868 ], [ 71.462819626861886, 51.153236202064825 ], [ 71.462417429632197, 51.153324704112009 ] ] ], [ [ [ 71.464235177887687, 51.154324831207937 ], [ 71.463146078041802, 51.154021033083168 ], [ 71.4629444, 51.1540805 ], [ 71.4625482, 51.1546393 ], [ 71.4636372, 51.1549431 ], [ 71.463838880834018, 51.154883631856563 ], [ 71.464235177887687, 51.154324831207937 ] ] ], [ [ [ 71.463630583284697, 51.15538623218697 ], [ 71.4634289, 51.1554457 ], [ 71.4633461, 51.15556930000001 ], [ 71.4633874, 51.15558020000001 ], [ 71.463589083921363, 51.15552073225107 ], [ 71.463671983276029, 51.155397132115709 ], [ 71.463630583284697, 51.15538623218697 ] ] ], [ [ [ 71.46368531055991, 51.161718431774496 ], [ 71.4633154, 51.1618394 ], [ 71.4633675, 51.1618938 ], [ 71.463736610728006, 51.161773331684095 ], [ 71.46368531055991, 51.161718431774496 ] ] ], [ [ [ 71.462665815546131, 51.162554933473608 ], [ 71.4624068, 51.1626327 ], [ 71.462403588406247, 51.16267130277609 ], [ 71.4619814, 51.1627978 ], [ 71.4611894, 51.163089599999985 ], [ 71.4612784, 51.163199399999989 ], [ 71.462286993063827, 51.162902073931207 ], [ 71.463160481165801, 51.162623466541781 ], [ 71.463147885830637, 51.162607395571683 ], [ 71.464007869637854, 51.162353859373091 ], [ 71.464870657816135, 51.162075452075236 ], [ 71.46477495593976, 51.16195875292189 ], [ 71.4637664, 51.1622561 ], [ 71.46305297985397, 51.162486300236772 ], [ 71.46277981461084, 51.162560389795999 ], [ 71.462665815546131, 51.162554933473608 ] ] ], [ [ [ 71.4635919, 51.1629439 ], [ 71.464123114595381, 51.16278903097281 ], [ 71.464444613678666, 51.162677030429364 ], [ 71.464377613441854, 51.162601330547595 ], [ 71.4635294, 51.16286310000001 ], [ 71.4635919, 51.1629439 ] ] ], [ [ [ 71.463841414480456, 51.16267463145973 ], [ 71.4634627, 51.162784599999988 ], [ 71.4635056, 51.1628552 ], [ 71.46388701471713, 51.162743631378348 ], [ 71.463841414480456, 51.16267463145973 ] ] ], [ [ [ 71.463511515750625, 51.162865832013537 ], [ 71.463077, 51.1629913 ], [ 71.4631348, 51.1630715 ], [ 71.463569216019408, 51.162946031910934 ], [ 71.463511515750625, 51.162865832013537 ] ] ], [ [ [ 71.463031416603087, 51.162913532831134 ], [ 71.4626956, 51.1630167 ], [ 71.4627439, 51.1630739 ], [ 71.463079716788627, 51.162971532745708 ], [ 71.463031416603087, 51.162913532831134 ] ] ], [ [ [ 71.4619333, 51.1634427 ], [ 71.462281347926464, 51.16333418645916 ], [ 71.462296, 51.163356 ], [ 71.462755, 51.163238 ], [ 71.463074117520208, 51.163139132746835 ], [ 71.463107117106844, 51.163053732694763 ], [ 71.46305951692986, 51.162997932778879 ], [ 71.4620217, 51.1633025 ], [ 71.461904, 51.163342 ], [ 71.4618797, 51.16338 ], [ 71.4619333, 51.1634427 ] ] ], [ [ [ 71.462647510836689, 51.1636126921575 ], [ 71.462347431869404, 51.163705297172029 ], [ 71.462324920850179, 51.163676433999399 ], [ 71.461809, 51.1638308 ], [ 71.46181420000002, 51.163887899999985 ], [ 71.4618436, 51.1639253 ], [ 71.461908200000011, 51.1639434 ], [ 71.462192621816783, 51.163858934216172 ], [ 71.46239335868836, 51.163778427793964 ], [ 71.463108019270933, 51.163554932667985 ], [ 71.463101539605844, 51.163546787475873 ], [ 71.464196016322461, 51.163211530827006 ], [ 71.46412821604396, 51.163125930947139 ], [ 71.4628668, 51.1635231 ], [ 71.4626392, 51.1636024 ], [ 71.462647510836689, 51.1636126921575 ] ] ], [ [ [ 71.463441717093119, 51.163154832118195 ], [ 71.4628455, 51.1633068 ], [ 71.4629324, 51.1634613 ], [ 71.463533617486959, 51.16327463195519 ], [ 71.463441717093119, 51.163154832118195 ] ] ], [ [ [ 71.463925619111492, 51.16377283126058 ], [ 71.4636314, 51.1638612 ], [ 71.463684, 51.1639272 ], [ 71.463978219325369, 51.163838731167402 ], [ 71.463925619111492, 51.16377283126058 ] ] ], [ [ [ 71.463052220631369, 51.163852432748307 ], [ 71.4627349, 51.1639448 ], [ 71.4628147, 51.1640548 ], [ 71.463131920999288, 51.163962432606638 ], [ 71.463052220631369, 51.163852432748307 ] ] ], [ [ [ 71.46231292213092, 51.163969134005157 ], [ 71.4619942, 51.1640602 ], [ 71.4621137, 51.1642573 ], [ 71.4621817, 51.164311 ], [ 71.46259252272398, 51.164193533516297 ], [ 71.462477621900106, 51.163967033723949 ], [ 71.46231292213092, 51.163969134005157 ] ] ], [ [ [ 71.463236721339925, 51.164073932422021 ], [ 71.4629089, 51.16417340000001 ], [ 71.4629968, 51.1642823 ], [ 71.463324621691626, 51.164182732266411 ], [ 71.463236721339925, 51.164073932422021 ] ] ], [ [ [ 71.4621424, 51.1643863 ], [ 71.4622238, 51.1644737 ], [ 71.4624878, 51.164521 ], [ 71.462768723522387, 51.164433233203283 ], [ 71.462605022790555, 51.164212833493977 ], [ 71.4622105, 51.164342 ], [ 71.4621424, 51.1643863 ] ] ], [ [ [ 71.4639357, 51.164643 ], [ 71.464425021587758, 51.164501630370879 ], [ 71.464431821196669, 51.164413230363714 ], [ 71.464277320483163, 51.164199930638347 ], [ 71.464156720348726, 51.164131230847801 ], [ 71.4636674, 51.1642726 ], [ 71.4639357, 51.164643 ] ] ], [ [ [ 71.463430022059086, 51.164300632080462 ], [ 71.4630914, 51.1644077 ], [ 71.4632041, 51.164535 ], [ 71.463542722456907, 51.164427831881554 ], [ 71.463430022059086, 51.164300632080462 ] ] ], [ [ [ 71.463780623432314, 51.164727731460097 ], [ 71.463631222852754, 51.164547031724389 ], [ 71.4632883, 51.1646524 ], [ 71.46336506249871, 51.1647452121532 ], [ 71.4633327, 51.1647557 ], [ 71.4634053, 51.1648436 ], [ 71.463780623432314, 51.164727731460097 ] ] ], [ [ [ 71.463989247734062, 51.164800338525097 ], [ 71.464525822018445, 51.164632730192096 ], [ 71.464447421723079, 51.164539930330676 ], [ 71.4639133, 51.1647074 ], [ 71.463961327305341, 51.164766701670054 ], [ 71.4634027, 51.1649346 ], [ 71.4634903, 51.165048 ], [ 71.4636582, 51.1650238 ], [ 71.463928924164136, 51.164943331195964 ], [ 71.464050523725589, 51.164879730991466 ], [ 71.463989247734062, 51.164800338525097 ] ] ], [ [ [ 71.4619117, 51.16492 ], [ 71.462323025723251, 51.164803733945888 ], [ 71.46227182547203, 51.164729634037087 ], [ 71.4619999, 51.1648081 ], [ 71.4618782, 51.1648715 ], [ 71.4619117, 51.16492 ] ] ], [ [ [ 71.4627495, 51.1649779 ], [ 71.463195824715285, 51.164842432453185 ], [ 71.463048724037122, 51.164639632714625 ], [ 71.4626018, 51.1647752 ], [ 71.4627495, 51.1649779 ] ] ], [ [ [ 71.462286826099913, 51.164879634003888 ], [ 71.4619763, 51.1649694 ], [ 71.4620379, 51.1650565 ], [ 71.462348426393746, 51.16496683389429 ], [ 71.462286826099913, 51.164879634003888 ] ] ], [ [ [ 71.462765, 51.1650357 ], [ 71.4629281, 51.1652481 ], [ 71.46336442569114, 51.165120832151175 ], [ 71.463232524907397, 51.164898332387672 ], [ 71.462765, 51.1650357 ] ] ], [ [ [ 71.46249512671902, 51.165087833637628 ], [ 71.462431726414678, 51.164997633750453 ], [ 71.4620579, 51.1651047 ], [ 71.462121200000013, 51.1651949 ], [ 71.46249512671902, 51.165087833637628 ] ] ], [ [ [ 71.462537326864421, 51.165134633563198 ], [ 71.4621792, 51.1652376 ], [ 71.4622307, 51.1653103 ], [ 71.46258882710876, 51.165207233471591 ], [ 71.462537326864421, 51.165134633563198 ] ] ], [ [ [ 71.46259252720921, 51.165231633464032 ], [ 71.4622582, 51.1653357 ], [ 71.4623202, 51.1654082 ], [ 71.462654527439398, 51.165304233354462 ], [ 71.46259252720921, 51.165231633464032 ] ] ], [ [ [ 71.4634763, 51.1657711 ], [ 71.4637312, 51.1657175 ], [ 71.464568405475973, 51.165469422358171 ], [ 71.464697403719967, 51.16540802148922 ], [ 71.46459720196107, 51.165275022200618 ], [ 71.464418002910719, 51.165274123425093 ], [ 71.4633002, 51.1656067 ], [ 71.4634169, 51.1657625 ], [ 71.4634763, 51.1657711 ] ] ], [ [ [ 71.464671138752365, 51.168550729746471 ], [ 71.4639308, 51.168797499999989 ], [ 71.4640198, 51.1688949 ], [ 71.464755639071583, 51.168650929597078 ], [ 71.464671138752365, 51.168550729746471 ] ] ], [ [ [ 71.464485691136034, 51.169349720720753 ], [ 71.464418641979634, 51.169218830144104 ], [ 71.464351341786781, 51.169153230262346 ], [ 71.464203541857913, 51.169123630516303 ], [ 71.463924, 51.1692146 ], [ 71.4638575, 51.1693114 ], [ 71.4639282, 51.1693804 ], [ 71.4641234, 51.1694786 ], [ 71.464179016059134, 51.169462205571676 ], [ 71.4643784, 51.1696566 ], [ 71.464732542926001, 51.169535629591969 ], [ 71.464528742342168, 51.169337029950078 ], [ 71.464485691136034, 51.169349720720753 ] ] ], [ [ [ 71.4631919, 51.1698349 ], [ 71.463607445161642, 51.169702331505349 ], [ 71.463687243826811, 51.169418331383355 ], [ 71.463576343424691, 51.169290731579196 ], [ 71.4629597, 51.1694921 ], [ 71.462942, 51.1695475 ], [ 71.4631919, 51.1698349 ] ] ], [ [ [ 71.464578844361668, 51.169819929840166 ], [ 71.463681, 51.1700834 ], [ 71.4637661, 51.170197599999987 ], [ 71.4643223, 51.1700347 ], [ 71.4644261, 51.1701739 ], [ 71.464767745202863, 51.170073429504718 ], [ 71.464578844361668, 51.169819929840166 ] ] ], [ [ [ 71.4643193, 51.1704617 ], [ 71.464702746489266, 51.170350829601766 ], [ 71.464896391572765, 51.170265032387476 ], [ 71.4651912, 51.170649899999987 ], [ 71.465574246131496, 51.170539628103626 ], [ 71.46520304456773, 51.170062128761757 ], [ 71.464856804932111, 51.170167423693542 ], [ 71.46482974536309, 51.170129829395989 ], [ 71.4639474, 51.1703819 ], [ 71.4640372, 51.1705068 ], [ 71.4643193, 51.1704617 ] ] ], [ [ [ 71.463084350145706, 51.170692532349008 ], [ 71.462782648741509, 51.170273632885447 ], [ 71.4620505, 51.170483299999987 ], [ 71.4623522, 51.1709022 ], [ 71.463084350145706, 51.170692532349008 ] ] ], [ [ [ 71.463817247808038, 51.170380031112856 ], [ 71.4634508, 51.1704855 ], [ 71.4637722, 51.170938 ], [ 71.464138649331332, 51.170832630541049 ], [ 71.463817247808038, 51.170380031112856 ] ] ], [ [ [ 71.464263549700775, 51.170957030321446 ], [ 71.4638811, 51.1710688 ], [ 71.4640401, 51.1712849 ], [ 71.4642016, 51.1713024 ], [ 71.464786149753749, 51.171132129419931 ], [ 71.465091648478719, 51.170932328908172 ], [ 71.465002748076785, 51.170811629066122 ], [ 71.464263549700775, 51.170957030321446 ] ] ], [ [ [ 71.463357352795313, 51.17139063184753 ], [ 71.46291555072311, 51.170773532633262 ], [ 71.4623813, 51.1709266 ], [ 71.4628231, 51.1715436 ], [ 71.463357352795313, 51.17139063184753 ] ] ], [ [ [ 71.463620254160219, 51.171788331378401 ], [ 71.4632506, 51.1718969 ], [ 71.4633261, 51.171998199999983 ], [ 71.463695654496533, 51.171889631244525 ], [ 71.463620254160219, 51.171788331378401 ] ] ], [ [ [ 71.4642611, 51.1719515 ], [ 71.4644328, 51.1721644 ], [ 71.464731753898533, 51.172074129465393 ], [ 71.464968052712763, 51.171873429071873 ], [ 71.464905052460054, 51.171795329183418 ], [ 71.464685452697054, 51.171781729559221 ], [ 71.4643374, 51.1718876 ], [ 71.4642611, 51.1719515 ] ] ], [ [ [ 71.4629593, 51.172753899999989 ], [ 71.4630505, 51.1727284 ], [ 71.46311567355265, 51.172819852612925 ], [ 71.4626142, 51.172972 ], [ 71.4627206, 51.1731083 ], [ 71.463251374757007, 51.172947785450404 ], [ 71.463486, 51.1730681 ], [ 71.463726240793903, 51.173000471561949 ], [ 71.463960655640335, 51.173288816333141 ], [ 71.463782759829456, 51.173150531032228 ], [ 71.4634466, 51.1732489 ], [ 71.463455150131182, 51.173270062977373 ], [ 71.463363960449712, 51.173163531746972 ], [ 71.4628813, 51.173301 ], [ 71.4629021, 51.173398399999989 ], [ 71.462963801444332, 51.173511587327283 ], [ 71.462852462042505, 51.173372632610175 ], [ 71.461955, 51.1736512 ], [ 71.4625327, 51.1743722 ], [ 71.463270864812316, 51.174143731856653 ], [ 71.462974928071816, 51.173531998344274 ], [ 71.46305430000001, 51.1736776 ], [ 71.4632326, 51.1739012 ], [ 71.4633556, 51.173888899999987 ], [ 71.4635453, 51.1741268 ], [ 71.464043963038293, 51.173974230544538 ], [ 71.463977293204238, 51.173890612726176 ], [ 71.464298461927768, 51.173796630118765 ], [ 71.46428326067371, 51.173635809481411 ], [ 71.4645383, 51.1735829 ], [ 71.464868312565471, 51.173482487266611 ], [ 71.4649755, 51.173617799999988 ], [ 71.46542865903686, 51.173480028204096 ], [ 71.465001457281105, 51.172940728961009 ], [ 71.4645483, 51.1730785 ], [ 71.464654942170327, 51.173213127116632 ], [ 71.46419615768454, 51.172783130344556 ], [ 71.464083041084905, 51.17281647240825 ], [ 71.464096957838464, 51.172787830513769 ], [ 71.464041196355907, 51.172719213536141 ], [ 71.464421956598898, 51.172602329967965 ], [ 71.464207555747407, 51.172338530347488 ], [ 71.463480839296807, 51.172565838307698 ], [ 71.463524356993915, 51.172414031510719 ], [ 71.463450356644046, 51.172310031642347 ], [ 71.463360139330504, 51.172335307179956 ], [ 71.462986755113249, 51.171811432459393 ], [ 71.4623688, 51.1719875 ], [ 71.462741779943713, 51.17251095082954 ], [ 71.4627009, 51.172523 ], [ 71.46277304089088, 51.172624148133252 ], [ 71.4624757, 51.1727076 ], [ 71.4625608, 51.1728341 ], [ 71.462863578934019, 51.17275109004796 ], [ 71.4629593, 51.172753899999989 ] ] ], [ [ [ 71.464829656311281, 51.172662829268489 ], [ 71.4644553, 51.1727786 ], [ 71.4646667, 51.1730334 ], [ 71.46504105712792, 51.172917628894524 ], [ 71.464829656311281, 51.172662829268489 ] ] ], [ [ [ 71.463917100000018, 51.174947 ], [ 71.464118866885585, 51.17488753037059 ], [ 71.464465665713789, 51.174724529786388 ], [ 71.464436322796558, 51.174699998163007 ], [ 71.46492186434233, 51.174549429015919 ], [ 71.464428362375287, 51.1739406298896 ], [ 71.4639133, 51.1741 ], [ 71.464341863010873, 51.174628605530906 ], [ 71.4641468, 51.1746861 ], [ 71.4638, 51.1748492 ], [ 71.463917100000018, 51.174947 ] ] ], [ [ [ 71.462924167726527, 51.174709832420383 ], [ 71.4626218, 51.1747966 ], [ 71.4626634, 51.1748533 ], [ 71.462967067915613, 51.174766932344241 ], [ 71.462924167726527, 51.174709832420383 ] ] ], [ [ [ 71.463036867967276, 51.174800632223281 ], [ 71.4626473, 51.1749139 ], [ 71.4627278, 51.1750282 ], [ 71.463122668331152, 51.174911532071128 ], [ 71.463036867967276, 51.174800632223281 ] ] ], [ [ [ 71.4630566, 51.1752056 ], [ 71.463572268272017, 51.175037931296728 ], [ 71.463449167830859, 51.174897531514091 ], [ 71.4628893, 51.175080399999985 ], [ 71.4629666, 51.1751686 ], [ 71.4630566, 51.1752056 ] ] ], [ [ [ 71.465377957990682, 51.175131093156295 ], [ 71.4654296, 51.1752358 ], [ 71.466043, 51.1751168 ], [ 71.466244764755942, 51.175057326730517 ], [ 71.466182964297957, 51.1749321268424 ], [ 71.465569665638995, 51.17505122788404 ], [ 71.465456691503618, 51.175084528020186 ], [ 71.465366510613194, 51.174972731521109 ], [ 71.465657264814169, 51.174887727742636 ], [ 71.465544564298526, 51.174733327942931 ], [ 71.465243835559477, 51.174820651271432 ], [ 71.465231744577466, 51.174805662019601 ], [ 71.465515664295083, 51.174723527992803 ], [ 71.465480429835253, 51.174673319359499 ], [ 71.465776763344209, 51.174584927553788 ], [ 71.465758431686709, 51.174561243852466 ], [ 71.466166162164313, 51.174433326896242 ], [ 71.465938661296249, 51.174161627298567 ], [ 71.4655131, 51.1742948 ], [ 71.465555751426834, 51.174345738274191 ], [ 71.465303287246172, 51.174420891673741 ], [ 71.465126262420853, 51.174168628685969 ], [ 71.4647465, 51.1742772 ], [ 71.46508352587891, 51.174757467081953 ], [ 71.4643034, 51.1750023 ], [ 71.4646021, 51.1753726 ], [ 71.465377957990682, 51.175131093156295 ] ] ], [ [ [ 71.463999668068979, 51.175124130562295 ], [ 71.4636606, 51.175224900000011 ], [ 71.4637607, 51.1753557 ], [ 71.464099768499608, 51.17525493038471 ], [ 71.463999668068979, 51.175124130562295 ] ] ], [ [ [ 71.463461369828593, 51.175363431469798 ], [ 71.4631064, 51.1754725 ], [ 71.4632065, 51.1755941 ], [ 71.463561570219753, 51.175485131292497 ], [ 71.463461369828593, 51.175363431469798 ] ] ], [ [ [ 71.4647057, 51.1761217 ], [ 71.464907470901764, 51.176062228964291 ], [ 71.464810597407549, 51.17581740441311 ], [ 71.4649244, 51.1758022 ], [ 71.465087729979345, 51.175754058596659 ], [ 71.465091300000012, 51.1757904 ], [ 71.4653555, 51.1757802 ], [ 71.465557268550043, 51.175720727871472 ], [ 71.465540567837593, 51.175550727908558 ], [ 71.465276368237582, 51.175560928359353 ], [ 71.465083755551078, 51.175617701391545 ], [ 71.46500726787076, 51.175392228827562 ], [ 71.464859068155988, 51.175412029079723 ], [ 71.464672013968979, 51.175467163092236 ], [ 71.464658468516561, 51.175432929421355 ], [ 71.464372469094187, 51.175477429907659 ], [ 71.4641707, 51.1755369 ], [ 71.4644198, 51.1761662 ], [ 71.4647057, 51.1761217 ] ] ], [ [ [ 71.46308247407778, 51.17622823207352 ], [ 71.4627224, 51.1763365 ], [ 71.4627895, 51.1764357 ], [ 71.463157574420208, 51.176330831940056 ], [ 71.46308247407778, 51.17622823207352 ] ] ], [ [ [ 71.463635358188, 51.176548010563415 ], [ 71.463486300000014, 51.1765932 ], [ 71.4637436, 51.1769227 ], [ 71.464129975167481, 51.176806630254958 ], [ 71.463995474604147, 51.176634430493394 ], [ 71.463802425989499, 51.176513637230435 ], [ 71.463987173851805, 51.176457830516462 ], [ 71.463889073440924, 51.176332230690385 ], [ 71.4634968, 51.1764502 ], [ 71.4635686, 51.1765422 ], [ 71.463635358188, 51.176548010563415 ] ] ], [ [ [ 71.46529882523572, 51.142458429989965 ], [ 71.4650972, 51.1425179 ], [ 71.4650042, 51.1426434 ], [ 71.4662471, 51.1430057 ], [ 71.466448725793242, 51.142946228001982 ], [ 71.466541725126561, 51.142820727849525 ], [ 71.46529882523572, 51.142458429989965 ] ] ], [ [ [ 71.465333, 51.1455112 ], [ 71.4655922, 51.1455083 ], [ 71.466104601030821, 51.145357171340869 ], [ 71.4661589, 51.1455942 ], [ 71.4667916, 51.1455663 ], [ 71.467396506746653, 51.145387879805192 ], [ 71.467338298593589, 51.144739980201486 ], [ 71.466939897466546, 51.144528682274206 ], [ 71.466335, 51.144707099999984 ], [ 71.4660108, 51.14494770000001 ], [ 71.466041948230952, 51.145083672814877 ], [ 71.465326800000014, 51.1452946 ], [ 71.465333, 51.1455112 ] ] ], [ [ [ 71.465933438725898, 51.145782428738691 ], [ 71.465922737539231, 51.14550412877103 ], [ 71.465490638148779, 51.1455106295085 ], [ 71.465289, 51.1455701 ], [ 71.4653007, 51.1458755 ], [ 71.4657318, 51.1458419 ], [ 71.465933438725898, 51.145782428738691 ] ] ], [ [ [ 71.463860755508719, 51.14902453211446 ], [ 71.4636275, 51.1490836 ], [ 71.4636268, 51.1491027 ], [ 71.463860055592534, 51.149043732114691 ], [ 71.463860755508719, 51.14902453211446 ] ] ], [ [ [ 71.46412577268606, 51.153086031457221 ], [ 71.4639241, 51.1531455 ], [ 71.4639026, 51.1531766 ], [ 71.4639522, 51.153190099999989 ], [ 71.464153872840811, 51.153130631406981 ], [ 71.464175372677587, 51.153099531371836 ], [ 71.46412577268606, 51.153086031457221 ] ] ], [ [ [ 71.466260870413137, 51.153225227804093 ], [ 71.4660592, 51.1532847 ], [ 71.4660249, 51.153331 ], [ 71.4660623, 51.1533419 ], [ 71.466263970655945, 51.153282427795915 ], [ 71.466298270409851, 51.153236127739682 ], [ 71.466260870413137, 51.153225227804093 ] ] ], [ [ [ 71.467058240013685, 51.153318553216884 ], [ 71.466742340093944, 51.153229354304791 ], [ 71.466339, 51.1533483 ], [ 71.4661821, 51.1535668 ], [ 71.466498, 51.1536561 ], [ 71.466901342323766, 51.153537153730674 ], [ 71.467058240013685, 51.153318553216884 ] ] ], [ [ [ 71.466456350888066, 51.15622458298116 ], [ 71.467016638442814, 51.155438580229649 ], [ 71.465246339161808, 51.154942189374353 ], [ 71.4646413, 51.1551206 ], [ 71.464081, 51.1559066 ], [ 71.4658513, 51.156403 ], [ 71.466456350888066, 51.15622458298116 ] ] ], [ [ [ 71.464517285147622, 51.156094030637014 ], [ 71.4643156, 51.1561535 ], [ 71.4642695, 51.156211399999989 ], [ 71.464378281988928, 51.156245521072719 ], [ 71.4642332, 51.1562883 ], [ 71.4641507, 51.1563983 ], [ 71.4642875, 51.1564387 ], [ 71.46448918641704, 51.156379230670623 ], [ 71.464571685830535, 51.156269130535293 ], [ 71.464455551603507, 51.156234918691084 ], [ 71.464599985460765, 51.156192330490825 ], [ 71.464646085148686, 51.156134430415008 ], [ 71.464517285147622, 51.156094030637014 ] ] ], [ [ [ 71.4651343, 51.1573276 ], [ 71.4653016, 51.157301 ], [ 71.46570497702308, 51.157182057449127 ], [ 71.466248671295048, 51.156688355641904 ], [ 71.464871971784504, 51.156315860381646 ], [ 71.4644686, 51.1564348 ], [ 71.4641458, 51.1568202 ], [ 71.4643062, 51.156957 ], [ 71.4651343, 51.1573276 ] ] ], [ [ [ 71.466284388149106, 51.157339927556372 ], [ 71.466082700000015, 51.15739940000001 ], [ 71.4660447, 51.157448100000011 ], [ 71.4661509, 51.1574806 ], [ 71.466352588407958, 51.157421127435811 ], [ 71.466390488147027, 51.157372527373539 ], [ 71.466284388149106, 51.157339927556372 ] ] ], [ [ [ 71.4661583, 51.1607611 ], [ 71.467166807547827, 51.160463732873545 ], [ 71.467322404100855, 51.160352631572906 ], [ 71.466909401814775, 51.160118035158781 ], [ 71.4659009, 51.1604154 ], [ 71.4654824, 51.1607005 ], [ 71.4656514, 51.1607981 ], [ 71.4661583, 51.1607611 ] ] ], [ [ [ 71.466858409288463, 51.162413126320111 ], [ 71.466776908981331, 51.162316626464168 ], [ 71.4663142, 51.1624726 ], [ 71.4664032, 51.1625663 ], [ 71.466858409288463, 51.162413126320111 ] ] ], [ [ [ 71.468496014934956, 51.162883450362713 ], [ 71.468094383160079, 51.162802864238536 ], [ 71.468195518588033, 51.162770048378448 ], [ 71.468403151520889, 51.162557546955384 ], [ 71.4691032, 51.1628099 ], [ 71.469362, 51.1628408 ], [ 71.469239383173061, 51.163141192203049 ], [ 71.468872016269543, 51.163249516915108 ], [ 71.468747059811548, 51.163261599159327 ], [ 71.4663265, 51.163975299999983 ], [ 71.4662404, 51.1640256 ], [ 71.4662123, 51.1640785 ], [ 71.4662218, 51.164133799999988 ], [ 71.4662671, 51.1641817 ], [ 71.4663684, 51.1642194 ], [ 71.4664861, 51.1642168 ], [ 71.467533936526735, 51.163908762478812 ], [ 71.4676527, 51.1639085 ], [ 71.468493240858749, 51.163661495260797 ], [ 71.4670208, 51.1641095 ], [ 71.4669668, 51.1641717 ], [ 71.4669608, 51.1642071 ], [ 71.4669927, 51.164275 ], [ 71.4670745, 51.1643238 ], [ 71.46718420000002, 51.1643404 ], [ 71.4672404, 51.1643349 ], [ 71.468536479099114, 51.163953582913905 ], [ 71.468569601574018, 51.163995101116292 ], [ 71.4672973, 51.1643992 ], [ 71.4673836, 51.1645039 ], [ 71.468660338174317, 51.164108836756846 ], [ 71.4690299, 51.1640545 ], [ 71.469635037192987, 51.163876065536776 ], [ 71.469640536438519, 51.163819565517173 ], [ 71.469598354297929, 51.163767639154607 ], [ 71.470057744572287, 51.163613719759795 ], [ 71.4700835, 51.1636443 ], [ 71.4701487, 51.1636483 ], [ 71.470422409467474, 51.163565620175049 ], [ 71.470440131252673, 51.163528280809693 ], [ 71.4705872, 51.16358240000001 ], [ 71.470788908789388, 51.163522919551291 ], [ 71.470855008397095, 51.163452719441935 ], [ 71.470570308108378, 51.163297119936026 ], [ 71.470493908225961, 51.163300520066329 ], [ 71.470322425775194, 51.163351012562643 ], [ 71.470277508497546, 51.163295920436141 ], [ 71.4698908, 51.1634155 ], [ 71.469945708928449, 51.16348069571805 ], [ 71.469811521446744, 51.163520506816887 ], [ 71.469808452497787, 51.163451377291288 ], [ 71.469736270182423, 51.163384916189464 ], [ 71.470682182903332, 51.163097890088764 ], [ 71.471061172018722, 51.162936084336948 ], [ 71.471456362115774, 51.162804578322401 ], [ 71.47160494961534, 51.16252937616364 ], [ 71.471428041923716, 51.162276378997809 ], [ 71.471257440166141, 51.162177981664783 ], [ 71.469741530747299, 51.161463105290039 ], [ 71.469273232516102, 51.161362612533708 ], [ 71.468909640378925, 51.161451518082004 ], [ 71.4670943, 51.1619868 ], [ 71.4671683, 51.1621046 ], [ 71.468038789558094, 51.162424841209628 ], [ 71.467331957274297, 51.162649881335142 ], [ 71.467277286982181, 51.162638911355309 ], [ 71.467408619218745, 51.162597751083688 ], [ 71.467197417645764, 51.162349851830101 ], [ 71.4666265, 51.1625265 ], [ 71.46668314050568, 51.162593404709334 ], [ 71.4663244, 51.162704799999986 ], [ 71.466445657921227, 51.162849694353248 ], [ 71.4650131, 51.163276 ], [ 71.4655234, 51.1639089 ], [ 71.467540546408571, 51.163314166464176 ], [ 71.468578018228399, 51.16298524891085 ], [ 71.468496014934956, 51.162883450362713 ] ] ], [ [ [ 71.4651531, 51.1630239 ], [ 71.465863925302926, 51.162820456337599 ], [ 71.465794124628644, 51.162720656586103 ], [ 71.4650833, 51.1629242 ], [ 71.4648667, 51.1630072 ], [ 71.4648911, 51.1630578 ], [ 71.4649287, 51.1630687 ], [ 71.465140164334571, 51.16300542316214 ], [ 71.4651531, 51.1630239 ] ] ], [ [ [ 71.464513114617617, 51.162915730300327 ], [ 71.46445771443517, 51.162856230397935 ], [ 71.464409414419848, 51.162837630481398 ], [ 71.4640658, 51.1629496 ], [ 71.4641479, 51.163035 ], [ 71.464513114617617, 51.162915730300327 ] ] ], [ [ [ 71.464785214731222, 51.163026829830017 ], [ 71.464724914506974, 51.162956129936568 ], [ 71.4643093, 51.1630873 ], [ 71.4643696, 51.1631581 ], [ 71.464785214731222, 51.163026829830017 ] ] ], [ [ [ 71.464871715650261, 51.163266529670189 ], [ 71.4645341, 51.1633768 ], [ 71.4646329, 51.1634808 ], [ 71.464970615966394, 51.163370529496021 ], [ 71.464871715650261, 51.163266529670189 ] ] ], [ [ [ 71.465247616830723, 51.163656929008489 ], [ 71.465169316507996, 51.163557829147223 ], [ 71.465026116353499, 51.163477429395847 ], [ 71.4646347, 51.1635959 ], [ 71.4647922, 51.16379520000001 ], [ 71.465247616830723, 51.163656929008489 ] ] ], [ [ [ 71.464564917741313, 51.163654930174609 ], [ 71.4642244, 51.1637556 ], [ 71.464321, 51.1638835 ], [ 71.464661518163396, 51.163782730003163 ], [ 71.464564917741313, 51.163654930174609 ] ] ], [ [ [ 71.4649953, 51.1640383 ], [ 71.465403317734811, 51.163914728729559 ], [ 71.465219117147299, 51.163721329053921 ], [ 71.4648223, 51.1638414 ], [ 71.4649953, 51.1640383 ] ] ], [ [ [ 71.464855018980316, 51.164032129660107 ], [ 71.464758418558262, 51.163904329831546 ], [ 71.4644179, 51.164005 ], [ 71.4645144, 51.1641328 ], [ 71.464855018980316, 51.164032129660107 ] ] ], [ [ [ 71.4659994, 51.1642172 ], [ 71.466201117710355, 51.164157727354706 ], [ 71.466129817095236, 51.163993127484765 ], [ 71.466008817342427, 51.164012627690461 ], [ 71.4658071, 51.1640721 ], [ 71.4657565, 51.1641895 ], [ 71.4657856, 51.1642531 ], [ 71.4659994, 51.1642172 ] ] ], [ [ [ 71.464671800000019, 51.1643854 ], [ 71.465012319859838, 51.164284729378714 ], [ 71.464959319362649, 51.164153129475856 ], [ 71.46491291916503, 51.164092929558166 ], [ 71.4646386, 51.164173599999984 ], [ 71.46456, 51.164237 ], [ 71.464671800000019, 51.1643854 ] ] ], [ [ [ 71.4647371, 51.1644291 ], [ 71.4647402, 51.1646237 ], [ 71.464784, 51.1646846 ], [ 71.465125721011034, 51.164586529169824 ], [ 71.465247320485233, 51.164502728966355 ], [ 71.465071419985478, 51.164332229275381 ], [ 71.4647371, 51.1644291 ] ] ], [ [ [ 71.4653993, 51.1649846 ], [ 71.465820921276418, 51.164864627968413 ], [ 71.465782778758879, 51.164813382255282 ], [ 71.466076420311495, 51.164720927539285 ], [ 71.46602232011476, 51.164658527634828 ], [ 71.4656946, 51.164761 ], [ 71.46570692905145, 51.164775194349744 ], [ 71.4653242, 51.1648905 ], [ 71.4653993, 51.1649846 ] ] ], [ [ [ 71.466733518981187, 51.164617826422187 ], [ 71.4662966, 51.1647484 ], [ 71.4663828, 51.1648582 ], [ 71.466820619332211, 51.164726226267945 ], [ 71.466733518981187, 51.164617826422187 ] ] ], [ [ [ 71.46518972244742, 51.164938929042734 ], [ 71.46516549597807, 51.164909159282026 ], [ 71.465367021819361, 51.164848828744454 ], [ 71.465635921002757, 51.164743628290495 ], [ 71.46553712057414, 51.164613628465801 ], [ 71.465019721773757, 51.164730029343623 ], [ 71.4644719, 51.1649011 ], [ 71.4646142, 51.1650753 ], [ 71.4648548, 51.1650424 ], [ 71.46518972244742, 51.164938929042734 ] ] ], [ [ [ 71.467100318695898, 51.164666125793261 ], [ 71.4667055, 51.16479120000001 ], [ 71.4667645, 51.1648602 ], [ 71.467164718914631, 51.164736825679704 ], [ 71.467100318695898, 51.164666125793261 ] ] ], [ [ [ 71.465767221987292, 51.165012428052691 ], [ 71.4654394, 51.1651168 ], [ 71.4655127, 51.1651978 ], [ 71.465840622238417, 51.165093427923239 ], [ 71.465767221987292, 51.165012428052691 ] ] ], [ [ [ 71.465381423147988, 51.165160828704131 ], [ 71.4649094, 51.1653056 ], [ 71.4650014, 51.1654203 ], [ 71.465473423519683, 51.165275528541208 ], [ 71.465381423147988, 51.165160828704131 ] ] ], [ [ [ 71.466823322676973, 51.165501226224237 ], [ 71.4662505, 51.1656767 ], [ 71.4663477, 51.1657988 ], [ 71.466920423073759, 51.165623326052248 ], [ 71.466823322676973, 51.165501226224237 ] ] ], [ [ [ 71.46552, 51.1659301 ], [ 71.4658403, 51.1663391 ], [ 71.466521125809891, 51.166132126708568 ], [ 71.46620092447391, 51.165723127276081 ], [ 71.46552, 51.1659301 ] ] ], [ [ [ 71.4676438, 51.1661529 ], [ 71.4677366, 51.1661422 ], [ 71.468029023441204, 51.16605392413706 ], [ 71.467662021958787, 51.165596424786969 ], [ 71.4673696, 51.1656846 ], [ 71.4673014, 51.1657321 ], [ 71.4676438, 51.1661529 ] ] ], [ [ [ 71.4671156, 51.1664394 ], [ 71.4675138, 51.1668774 ], [ 71.467964626490271, 51.166739524212431 ], [ 71.467471324492607, 51.166123425086084 ], [ 71.467039, 51.1662555 ], [ 71.4671156, 51.1664394 ] ] ], [ [ [ 71.465528628349816, 51.166410628389706 ], [ 71.4649023, 51.1665981 ], [ 71.4657723, 51.1677325 ], [ 71.466398632079489, 51.167544926846517 ], [ 71.465528628349816, 51.166410628389706 ] ] ], [ [ [ 71.467808529395484, 51.167363224447577 ], [ 71.46774392913855, 51.167283624561918 ], [ 71.467494329354579, 51.167255824989645 ], [ 71.4672084, 51.1673421 ], [ 71.4673422, 51.1675071 ], [ 71.467808529395484, 51.167363224447577 ] ] ], [ [ [ 71.465436734421971, 51.167787228477273 ], [ 71.4650527, 51.1679026 ], [ 71.4652615, 51.168167799999985 ], [ 71.4656443352888, 51.168052528109307 ], [ 71.465436734421971, 51.167787228477273 ] ] ], [ [ [ 71.4647086, 51.1689492 ], [ 71.4648021, 51.169058 ], [ 71.465306528504783, 51.169496546918175 ], [ 71.46501390591493, 51.169583379796315 ], [ 71.464986242640066, 51.16954852915795 ], [ 71.4646004, 51.1696655 ], [ 71.4649087, 51.1700538 ], [ 71.465294543903426, 51.169936928611783 ], [ 71.465244858828839, 51.169874335619419 ], [ 71.465568242848946, 51.169778228152282 ], [ 71.465382843820365, 51.16956289403204 ], [ 71.4656527, 51.1697975 ], [ 71.466364476793316, 51.169587670542704 ], [ 71.4665584, 51.1698231 ], [ 71.467053540364404, 51.169666225620894 ], [ 71.466861007172923, 51.169441291353522 ], [ 71.466997343447076, 51.169391459508383 ], [ 71.466793942597064, 51.169155042853134 ], [ 71.466896313483829, 51.169124863015711 ], [ 71.4675476, 51.169986699999981 ], [ 71.468572438389373, 51.169682623025722 ], [ 71.46732813294976, 51.168036025234137 ], [ 71.466712133121732, 51.167883826293966 ], [ 71.4660964, 51.1680663 ], [ 71.466665443935582, 51.168819348217284 ], [ 71.466537566160255, 51.16885704761863 ], [ 71.466267527348947, 51.168543167244401 ], [ 71.466152827588701, 51.168516668427912 ], [ 71.466085411640037, 51.168536542982324 ], [ 71.465814235959272, 51.168260627808614 ], [ 71.4654446, 51.1683729 ], [ 71.4655618, 51.1685926 ], [ 71.465625477401034, 51.168672132383747 ], [ 71.4647086, 51.1689492 ] ] ], [ [ [ 71.4658834, 51.1703196 ], [ 71.466344543559742, 51.170184626805792 ], [ 71.466038142184061, 51.169770827350014 ], [ 71.4655724, 51.169907099999989 ], [ 71.4658834, 51.1703196 ] ] ], [ [ [ 71.467356542161212, 51.170176425077642 ], [ 71.467292541686447, 51.170046625193486 ], [ 71.467134641043444, 51.169848625473186 ], [ 71.4667046, 51.169979 ], [ 71.4669564, 51.17029740000001 ], [ 71.467356542161212, 51.170176425077642 ] ] ], [ [ [ 71.465791844549187, 51.170241327746979 ], [ 71.4654899, 51.1703302 ], [ 71.465556, 51.1704239 ], [ 71.465853744882025, 51.170337627636407 ], [ 71.465791844549187, 51.170241327746979 ] ] ], [ [ [ 71.467416942538378, 51.170282524969096 ], [ 71.4670384, 51.170397800000011 ], [ 71.4671721, 51.1705644 ], [ 71.467550643078312, 51.170449124732336 ], [ 71.467416942538378, 51.170282524969096 ] ] ], [ [ [ 71.466460819357607, 51.170855871869662 ], [ 71.4654685, 51.1711411 ], [ 71.4655344, 51.1712317 ], [ 71.466561546517084, 51.17093652639722 ], [ 71.466510489919088, 51.170866333707991 ], [ 71.466933345133313, 51.170732225772447 ], [ 71.466621844136597, 51.17040452632105 ], [ 71.466217352997134, 51.170529968993883 ], [ 71.46617854505611, 51.170479127074472 ], [ 71.465718838840473, 51.170615938330656 ], [ 71.465686246133629, 51.170575027910537 ], [ 71.4653608, 51.17068 ], [ 71.465397, 51.1707228 ], [ 71.465573185759865, 51.17067086305309 ], [ 71.4656493, 51.1707707 ], [ 71.466241390832053, 51.170594227949749 ], [ 71.466460819357607, 51.170855871869662 ] ] ], [ [ [ 71.4671714, 51.170638 ], [ 71.467437, 51.1709329 ], [ 71.467806244356865, 51.170824624276797 ], [ 71.467825443827934, 51.170708224249886 ], [ 71.467740143466131, 51.17059792440115 ], [ 71.467567343360486, 51.170519624700241 ], [ 71.4671714, 51.170638 ] ] ], [ [ [ 71.4669315, 51.1712781 ], [ 71.467364246334824, 51.171144525015627 ], [ 71.467291346047062, 51.171055225144656 ], [ 71.467029045722711, 51.170898425600591 ], [ 71.4666119, 51.171027 ], [ 71.466687024779247, 51.171119132393173 ], [ 71.4659739, 51.171324199999987 ], [ 71.4660302, 51.1714018 ], [ 71.466749024515977, 51.171195168023807 ], [ 71.466812, 51.1712724 ], [ 71.4669315, 51.1712781 ] ] ], [ [ [ 71.467979744787868, 51.170978423972677 ], [ 71.4675302, 51.1711134 ], [ 71.4675874, 51.1711872 ], [ 71.46803694502934, 51.17105212387127 ], [ 71.467979744787868, 51.170978423972677 ] ] ], [ [ [ 71.4677589, 51.1711824 ], [ 71.4680376, 51.1715235 ], [ 71.4681934, 51.1715198 ], [ 71.468524145987317, 51.17142562302022 ], [ 71.468463688608153, 51.171337101830794 ], [ 71.4685063, 51.1713453 ], [ 71.468708045135372, 51.171285822713173 ], [ 71.468824144232144, 51.171113022523592 ], [ 71.468384844458285, 51.171028423278223 ], [ 71.468216769619147, 51.171077973821056 ], [ 71.468190844860914, 51.171061123607949 ], [ 71.4677589, 51.1711824 ] ] ], [ [ [ 71.468333046510537, 51.171487123343532 ], [ 71.4678802, 51.1716212 ], [ 71.4679393, 51.1716994 ], [ 71.468392146769347, 51.171565423238626 ], [ 71.468333046510537, 51.171487123343532 ] ] ], [ [ [ 71.466635449182348, 51.171576226238699 ], [ 71.466747648406681, 51.171431726054351 ], [ 71.466686548182111, 51.171360726162298 ], [ 71.4654141, 51.171782 ], [ 71.4655462, 51.1719356 ], [ 71.466635449182348, 51.171576226238699 ] ] ], [ [ [ 71.467540947315626, 51.171426524699569 ], [ 71.4671404, 51.1715459 ], [ 71.4675178, 51.1720388 ], [ 71.467918348938056, 51.171919524030052 ], [ 71.467540947315626, 51.171426524699569 ] ] ], [ [ [ 71.4668768, 51.1721612 ], [ 71.467175550630188, 51.172079525290769 ], [ 71.467208250173371, 51.17198402523973 ], [ 71.467039549154947, 51.171695825542436 ], [ 71.467001549152556, 51.171683425607966 ], [ 71.4666528, 51.1717765 ], [ 71.4668768, 51.1721612 ] ] ], [ [ [ 71.466978352254742, 51.17239392561175 ], [ 71.46652214378615, 51.172530770167157 ], [ 71.466148169625811, 51.17204062419269 ], [ 71.4664921, 51.172469 ], [ 71.466909752120216, 51.172341425731574 ], [ 71.466523650561726, 51.17186052641533 ], [ 71.466107688602392, 51.171987567376902 ], [ 71.466069051504292, 51.171936927188007 ], [ 71.4656546, 51.1720602 ], [ 71.4661879, 51.17275930000001 ], [ 71.466539951566247, 51.172654765378816 ], [ 71.4665505, 51.1726684 ], [ 71.467069852643249, 51.172512325449475 ], [ 71.466978352254742, 51.17239392561175 ] ] ], [ [ [ 71.465430154656119, 51.172467028252605 ], [ 71.465367654279959, 51.172360528364727 ], [ 71.4648011, 51.1725041 ], [ 71.4648636, 51.1726106 ], [ 71.465430154656119, 51.172467028252605 ] ] ], [ [ [ 71.46716375248694, 51.172505425289422 ], [ 71.4661975, 51.172797399999986 ], [ 71.4663033, 51.1729342 ], [ 71.467269552935718, 51.172642225101804 ], [ 71.46716375248694, 51.172505425289422 ] ] ], [ [ [ 71.4680241, 51.1730704 ], [ 71.468399852729235, 51.172946723155746 ], [ 71.468146351903272, 51.172676623602378 ], [ 71.4676941, 51.1728285 ], [ 71.4677941, 51.1729351 ], [ 71.4680241, 51.1730704 ] ] ], [ [ [ 71.465668055380831, 51.172708827834036 ], [ 71.4652412, 51.1728353 ], [ 71.4660052, 51.1738444 ], [ 71.466432058713181, 51.173717826478111 ], [ 71.465668055380831, 51.172708827834036 ] ] ], [ [ [ 71.4665534, 51.173796 ], [ 71.466875658034795, 51.173699125721313 ], [ 71.466842956248215, 51.173275625798553 ], [ 71.466694655636658, 51.173087926061335 ], [ 71.4661302, 51.17326 ], [ 71.4665534, 51.173796 ] ] ], [ [ [ 71.4662049, 51.1740719 ], [ 71.4666411594214, 51.173946826109407 ], [ 71.466493658724445, 51.173739626371805 ], [ 71.4661441, 51.1738405 ], [ 71.4661312, 51.1739684 ], [ 71.4662049, 51.1740719 ] ] ], [ [ [ 71.46545075983272, 51.173671028156718 ], [ 71.4650897, 51.1737804 ], [ 71.4654703, 51.1742577 ], [ 71.465831361382868, 51.174148227482512 ], [ 71.46545075983272, 51.173671028156718 ] ] ], [ [ [ 71.46660666307227, 51.174780626126271 ], [ 71.466629362491815, 51.174653426093911 ], [ 71.46641406167042, 51.174396326474643 ], [ 71.4659398, 51.1745455 ], [ 71.4662338, 51.1748965 ], [ 71.46660666307227, 51.174780626126271 ] ] ], [ [ [ 71.466299764796418, 51.17508382663523 ], [ 71.466018165430384, 51.175142727113297 ], [ 71.4658164, 51.1752022 ], [ 71.4658746, 51.1753117 ], [ 71.4661562, 51.1752528 ], [ 71.466357965191392, 51.175193326530291 ], [ 71.466299764796418, 51.17508382663523 ] ] ], [ [ [ 71.466225166786089, 51.17552082674063 ], [ 71.4660234, 51.1755803 ], [ 71.4658228, 51.1759336 ], [ 71.4659958, 51.1759722 ], [ 71.466197568517543, 51.175912726767997 ], [ 71.466398166720353, 51.175559526443145 ], [ 71.466225166786089, 51.17552082674063 ] ] ], [ [ [ 71.465655769408656, 51.175950027691655 ], [ 71.465454, 51.1760095 ], [ 71.4654098, 51.1763294 ], [ 71.465661, 51.1763431 ], [ 71.465862770572059, 51.176283627321233 ], [ 71.465906969129065, 51.175963627261851 ], [ 71.465655769408656, 51.175950027691655 ] ] ], [ [ [ 71.468818451231485, 51.178310044681659 ], [ 71.468547949073937, 51.17797624563952 ], [ 71.4671104, 51.178424399999983 ], [ 71.4673808, 51.1787582 ], [ 71.468818451231485, 51.178310044681659 ] ] ], [ [ [ 71.4678482, 51.1426681 ], [ 71.468251443835939, 51.142549150229364 ], [ 71.468377842054593, 51.142382149814608 ], [ 71.468122141633884, 51.142253650700745 ], [ 71.467924241657386, 51.142194651382482 ], [ 71.467521, 51.1423136 ], [ 71.4673297, 51.1425663 ], [ 71.467536, 51.1426278 ], [ 71.4678482, 51.1426681 ] ] ], [ [ [ 71.467339523069626, 51.142592826498841 ], [ 71.4671379, 51.1426523 ], [ 71.4671065, 51.1426928 ], [ 71.4671785, 51.1427147 ], [ 71.467380123284244, 51.142655226426371 ], [ 71.467411423067375, 51.142614726374987 ], [ 71.467339523069626, 51.142592826498841 ] ] ], [ [ [ 71.468008322990727, 51.142783125347343 ], [ 71.4678067, 51.1428426 ], [ 71.4677744, 51.1428843 ], [ 71.4678668, 51.1429125 ], [ 71.468068423211463, 51.142853025241195 ], [ 71.468100722988055, 51.142811325188156 ], [ 71.468008322990727, 51.142783125347343 ] ] ], [ [ [ 71.467627334526256, 51.145337525868847 ], [ 71.4674257, 51.145397 ], [ 71.4674263, 51.1454743 ], [ 71.4675065, 51.1454741 ], [ 71.467708134750225, 51.145414625727 ], [ 71.467707534417443, 51.145337325731944 ], [ 71.467627334526256, 51.145337525868847 ] ] ], [ [ [ 71.467847335268047, 51.145578025481065 ], [ 71.467604, 51.1456397 ], [ 71.4676081, 51.1456688 ], [ 71.467851335387806, 51.145607025472763 ], [ 71.467847335268047, 51.145578025481065 ] ] ], [ [ [ 71.470890311829621, 51.150347281044098 ], [ 71.4711077, 51.1508701 ], [ 71.4713984, 51.1509523 ], [ 71.471600053156081, 51.150892818804728 ], [ 71.471847251338744, 51.150548918400013 ], [ 71.471824050589973, 51.150368218448783 ], [ 71.471162950694819, 51.150186319586822 ], [ 71.471127703607252, 51.15019671637004 ], [ 71.471524650273693, 51.149906098330028 ], [ 71.471764818581605, 51.149569834038857 ], [ 71.471873380740291, 51.14953781043031 ], [ 71.4717577, 51.1496978 ], [ 71.4718177, 51.1497149 ], [ 71.4718058, 51.149731399999986 ], [ 71.4727938, 51.1500124 ], [ 71.472855306655987, 51.149994256321101 ], [ 71.4729669, 51.1500243 ], [ 71.473168547038526, 51.149964816173473 ], [ 71.473199620687424, 51.149921834591979 ], [ 71.473334765301502, 51.14996079750734 ], [ 71.473166647107988, 51.149980316175935 ], [ 71.472965, 51.1500398 ], [ 71.4728043, 51.1502714 ], [ 71.472962898832904, 51.150292981958451 ], [ 71.4728808, 51.1503172 ], [ 71.4727305, 51.1505271 ], [ 71.4732185, 51.1506646 ], [ 71.473420149463621, 51.150605115711457 ], [ 71.473533748626068, 51.150446515525516 ], [ 71.47349524836541, 51.150374115594914 ], [ 71.473224426938174, 51.150297750939806 ], [ 71.4733791, 51.150294700000011 ], [ 71.473580747650715, 51.150235215455986 ], [ 71.473707546691372, 51.150052515248724 ], [ 71.473513772137352, 51.149999647843593 ], [ 71.473693546253102, 51.149946615277976 ], [ 71.473721246052207, 51.149908715232606 ], [ 71.473429812437601, 51.149824782210707 ], [ 71.473802030818561, 51.149714978935307 ], [ 71.473894227446195, 51.149587478180464 ], [ 71.472906228030638, 51.149306386686483 ], [ 71.472244949022226, 51.149501456243271 ], [ 71.472118535620751, 51.149465494242378 ], [ 71.472428732703904, 51.149373990745964 ], [ 71.472515829484621, 51.149251990033228 ], [ 71.471805230340109, 51.14906999614594 ], [ 71.470797, 51.1493674 ], [ 71.4706174, 51.149619 ], [ 71.470751315271102, 51.149651330335942 ], [ 71.4706053, 51.1496944 ], [ 71.4700985, 51.1501283 ], [ 71.4697803, 51.1505867 ], [ 71.469795058552947, 51.150590730269165 ], [ 71.4697321, 51.1506093 ], [ 71.4697035, 51.1506504 ], [ 71.469797, 51.150676 ], [ 71.470890311829621, 51.150347281044098 ] ] ], [ [ [ 71.4696594, 51.1507732 ], [ 71.4692627, 51.1515952 ], [ 71.4694476, 51.1516301 ], [ 71.470455888259437, 51.151332707094312 ], [ 71.470850867851951, 51.150510403929836 ], [ 71.470667668338308, 51.15047580550268 ], [ 71.4696594, 51.1507732 ] ] ], [ [ [ 71.4686703, 51.1522994 ], [ 71.467914, 51.1533332 ], [ 71.4680975, 51.1533861 ], [ 71.46908460197335, 51.153094980499951 ], [ 71.4690393, 51.1531746 ], [ 71.469084522195217, 51.153188376328238 ], [ 71.468146398700696, 51.153465050676097 ], [ 71.468154468850159, 51.153453624558949 ], [ 71.467963968877783, 51.15340062488692 ], [ 71.4677623, 51.1534601 ], [ 71.4675084, 51.153798 ], [ 71.4682299, 51.1539993 ], [ 71.468255705515844, 51.153991689560655 ], [ 71.4682441, 51.1540083 ], [ 71.4686036, 51.154107 ], [ 71.468980892099481, 51.153995728782519 ], [ 71.4688271, 51.1541919 ], [ 71.469034824094663, 51.154255034466757 ], [ 71.4688217, 51.1543173 ], [ 71.4688113, 51.1543589 ], [ 71.4688548, 51.154371 ], [ 71.469079371284877, 51.154305922936494 ], [ 71.469095411527604, 51.154273448959678 ], [ 71.4693917, 51.1543635 ], [ 71.469593370584661, 51.154304022058859 ], [ 71.469619491237594, 51.154268427097563 ], [ 71.4697162, 51.1542966 ], [ 71.469917869858904, 51.15423712150811 ], [ 71.470004269233527, 51.154119221366521 ], [ 71.47055541845954, 51.153956667497049 ], [ 71.4704705, 51.1540738 ], [ 71.470712287515298, 51.154142782310792 ], [ 71.470658136787364, 51.154158753513848 ], [ 71.470292168590291, 51.154060020877893 ], [ 71.4700905, 51.1541195 ], [ 71.470053, 51.1541742 ], [ 71.470341691357717, 51.154252085138225 ], [ 71.4698439, 51.1543989 ], [ 71.469781, 51.1544896 ], [ 71.4712681, 51.1548951 ], [ 71.472276446483733, 51.154597690725254 ], [ 71.472339344100035, 51.154506890211188 ], [ 71.471515970296508, 51.154282439496647 ], [ 71.471563167779181, 51.154268518696959 ], [ 71.471778366208426, 51.153971818344509 ], [ 71.471130576829481, 51.153787028501675 ], [ 71.471819268560282, 51.153583898303943 ], [ 71.47186227636854, 51.153526974452291 ], [ 71.472349472573555, 51.153383271638432 ], [ 71.4716734, 51.154308 ], [ 71.4718382, 51.1543556 ], [ 71.472039867256484, 51.154296117881564 ], [ 71.472854161350853, 51.153182216547449 ], [ 71.472745691515215, 51.153150952707897 ], [ 71.47289566096903, 51.153106716480423 ], [ 71.472924360760288, 51.1530673164334 ], [ 71.472767660776995, 51.153022316703243 ], [ 71.472566, 51.1530818 ], [ 71.4725373, 51.1531211 ], [ 71.472637629537545, 51.153149975989614 ], [ 71.472515474840947, 51.153186007406568 ], [ 71.472392602941724, 51.152846899618865 ], [ 71.4731892, 51.1530856 ], [ 71.473723122867426, 51.152928105769455 ], [ 71.4738378, 51.152963 ], [ 71.474241116574831, 51.152844028733902 ], [ 71.474318415503234, 51.152744028480065 ], [ 71.474064992832481, 51.152682144032546 ], [ 71.474169414235547, 51.152550729008482 ], [ 71.47381631424966, 51.152442230225311 ], [ 71.473413, 51.1525612 ], [ 71.473372933558181, 51.152612540135294 ], [ 71.472923776235007, 51.152477950416674 ], [ 71.4723188, 51.1526564 ], [ 71.47221755162667, 51.152789361238881 ], [ 71.471975883143784, 51.152715755236329 ], [ 71.471140871927446, 51.152965125418227 ], [ 71.471100212031772, 51.152953067920066 ], [ 71.471387854950066, 51.152578158000175 ], [ 71.4714482, 51.1525933 ], [ 71.472456495582549, 51.152295889770031 ], [ 71.472505693943248, 51.152235289365308 ], [ 71.472513542154857, 51.152188634657115 ], [ 71.473023586202174, 51.152038184993522 ], [ 71.473346156995603, 51.151567037686995 ], [ 71.473470932178614, 51.151530231008337 ], [ 71.4734345, 51.1515846 ], [ 71.473577780814807, 51.151622390330715 ], [ 71.473533, 51.1516356 ], [ 71.4731078, 51.1522358 ], [ 71.4732874, 51.1522858 ], [ 71.474295676562846, 51.151988374145489 ], [ 71.474607631573136, 51.151547979986447 ], [ 71.4746126, 51.1521053 ], [ 71.4750271, 51.1522324 ], [ 71.4757311, 51.1522202 ], [ 71.476252604030876, 51.152066352490607 ], [ 71.476350294491496, 51.152128790385497 ], [ 71.4759879, 51.1522357 ], [ 71.4759097, 51.1523422 ], [ 71.47726, 51.1527327 ], [ 71.477853079878983, 51.152557729210336 ], [ 71.4777038, 51.1527835 ], [ 71.4778838, 51.1528303 ], [ 71.4786666, 51.152633399999985 ], [ 71.479212885613336, 51.152472226290143 ], [ 71.4790485, 51.152715100000016 ], [ 71.4787755, 51.1532417 ], [ 71.4789721, 51.1532941 ], [ 71.479980360047577, 51.152996625357574 ], [ 71.48099832071928, 51.151492117049102 ], [ 71.480796620918682, 51.151438418784636 ], [ 71.4797884, 51.1517359 ], [ 71.479444646255899, 51.152145365662584 ], [ 71.479190445565877, 51.152079232333989 ], [ 71.47894584836132, 51.152132434408664 ], [ 71.478313021503283, 51.152319140072827 ], [ 71.47764114513798, 51.152124809640995 ], [ 71.477833554461526, 51.152068043920906 ], [ 71.478092045110444, 51.151715441803503 ], [ 71.478043092743903, 51.151543877825716 ], [ 71.478293975898396, 51.151478061204841 ], [ 71.4782225, 51.1515762 ], [ 71.4785593, 51.1516727 ], [ 71.478760946623154, 51.151613206541221 ], [ 71.478877545775035, 51.151453106350274 ], [ 71.47882654562531, 51.151402506439922 ], [ 71.478665245643114, 51.151356306717659 ], [ 71.478545045780834, 51.151350706923175 ], [ 71.478377996734224, 51.151399992699695 ], [ 71.478400646063378, 51.151371107168679 ], [ 71.478357045888131, 51.151316907245885 ], [ 71.47829484588901, 51.151297707353052 ], [ 71.478115446095657, 51.151289607659784 ], [ 71.478017883290278, 51.151317715044677 ], [ 71.478292738469648, 51.151236623103109 ], [ 71.478441471356092, 51.151024592144687 ], [ 71.479750600000017, 51.1513798 ], [ 71.480284157965102, 51.151222371347906 ], [ 71.480339075855696, 51.151237186232905 ], [ 71.4802543, 51.1512622 ], [ 71.4801157, 51.1514584 ], [ 71.4802321, 51.1514908 ], [ 71.480433743584953, 51.151431303694324 ], [ 71.480513843313915, 51.151393503559476 ], [ 71.480617042544722, 51.151247503390707 ], [ 71.480504944509022, 51.151216330477411 ], [ 71.480590442337089, 51.15119110343899 ], [ 71.480641155052439, 51.151117035824832 ], [ 71.480758813487839, 51.151082319197812 ], [ 71.480838710448396, 51.15096641854516 ], [ 71.480759073822568, 51.15094481054534 ], [ 71.480852271126025, 51.150799227630792 ], [ 71.481188879350171, 51.150699905225643 ], [ 71.481350931321018, 51.15044392328803 ], [ 71.482333738632619, 51.150153916922221 ], [ 71.482410833483286, 51.150045415787169 ], [ 71.482177913845817, 51.149980247200851 ], [ 71.482247740981521, 51.149881604751272 ], [ 71.482199818647885, 51.149867499652537 ], [ 71.483110371357441, 51.14959880329495 ], [ 71.483239463150596, 51.149401401611996 ], [ 71.483053863500174, 51.149353604166421 ], [ 71.481755529495487, 51.149736729571401 ], [ 71.481421834623902, 51.149638509703436 ], [ 71.481603, 51.1496352 ], [ 71.482611163363046, 51.149337703828003 ], [ 71.482665659989991, 51.149198403398195 ], [ 71.482598557202863, 51.149048304009156 ], [ 71.482223359755551, 51.149049507211721 ], [ 71.48210996092061, 51.14906810817503 ], [ 71.481693364637749, 51.149191040442055 ], [ 71.481714844330313, 51.149159831580107 ], [ 71.481695154781747, 51.149147841195997 ], [ 71.481727043242401, 51.149138431382696 ], [ 71.481916855564705, 51.148886046569807 ], [ 71.4822365, 51.148976699999984 ], [ 71.483798626947248, 51.148515714368607 ], [ 71.4834124, 51.1490854 ], [ 71.4834226, 51.1491681 ], [ 71.4835895, 51.1492244 ], [ 71.485605769029135, 51.148629365420277 ], [ 71.485630680671832, 51.148602052131984 ], [ 71.48622722267956, 51.148395693957603 ], [ 71.486234489993564, 51.148372996548545 ], [ 71.486712736962545, 51.148231846724016 ], [ 71.486832428100101, 51.148063844766135 ], [ 71.486242128884129, 51.147897754928344 ], [ 71.486123383982743, 51.147932801220279 ], [ 71.485899032288984, 51.147869560800117 ], [ 71.484904992112135, 51.148162932452365 ], [ 71.484986622848112, 51.148047496093291 ], [ 71.484542422913066, 51.147923896857925 ], [ 71.484391955208253, 51.147968303074315 ], [ 71.484405227911054, 51.14794988610047 ], [ 71.484039450073183, 51.147846165930659 ], [ 71.484637114220988, 51.147669782665702 ], [ 71.484688296530919, 51.147597770401553 ], [ 71.4848791, 51.1476509 ], [ 71.485241447901487, 51.14754396042666 ], [ 71.4852047, 51.147616 ], [ 71.4853281, 51.1476362 ], [ 71.48552972008487, 51.147576695190097 ], [ 71.485572619664168, 51.147492595121122 ], [ 71.485471547816658, 51.147476050308569 ], [ 71.485812153345108, 51.147008685234063 ], [ 71.485505887669049, 51.146923406290519 ], [ 71.485685215856705, 51.146645394972062 ], [ 71.485438515927527, 51.146584795396301 ], [ 71.4852369, 51.146644299999984 ], [ 71.4849687, 51.1470649 ], [ 71.484992441508439, 51.147071194382079 ], [ 71.4848945, 51.1471001 ], [ 71.484876921939787, 51.147119230658319 ], [ 71.483765943365952, 51.146808468180396 ], [ 71.4839729, 51.146854 ], [ 71.484174518534942, 51.14679449754351 ], [ 71.484217218156815, 51.146720197474394 ], [ 71.484127617934007, 51.146640597631396 ], [ 71.483962217994971, 51.146603097915687 ], [ 71.4837606, 51.146662599999985 ], [ 71.483687, 51.1467911 ], [ 71.483701831019005, 51.146794362949493 ], [ 71.483338029333936, 51.14690172738073 ], [ 71.483440675432306, 51.146754388459918 ], [ 71.484011778987053, 51.14658584366628 ], [ 71.4842023, 51.1466372 ], [ 71.48440391729045, 51.146577697162911 ], [ 71.484496759320962, 51.146442712533386 ], [ 71.484556126235233, 51.146425191514652 ], [ 71.484689010653625, 51.146240988034563 ], [ 71.484392111231642, 51.146156696213104 ], [ 71.482138152499644, 51.146821878948742 ], [ 71.482101006400327, 51.146811350182581 ], [ 71.48212252134401, 51.146805001046168 ], [ 71.482213020591232, 51.146658800899111 ], [ 71.482129220616059, 51.146638401043198 ], [ 71.482007820816236, 51.146646901250023 ], [ 71.4818062, 51.146706399999985 ], [ 71.481794283764557, 51.146724411452695 ], [ 71.481732932545683, 51.146707021672867 ], [ 71.481853920582481, 51.146544701517975 ], [ 71.481690220627343, 51.146504001799492 ], [ 71.481553847581154, 51.146544245508281 ], [ 71.481588020708003, 51.146490801974672 ], [ 71.481406220760803, 51.146446302287309 ], [ 71.4812046, 51.1465058 ], [ 71.4811322, 51.1466155 ], [ 71.4811603, 51.14666050000001 ], [ 71.4812454, 51.146683 ], [ 71.48145099273988, 51.146622591899082 ], [ 71.4813883, 51.1467211 ], [ 71.481523194478299, 51.146754844624802 ], [ 71.479894, 51.1472356 ], [ 71.4798298, 51.147324699999984 ], [ 71.480133644758965, 51.147703674206724 ], [ 71.47981076865959, 51.147611983414805 ], [ 71.479921627202359, 51.147475704769597 ], [ 71.47989032708611, 51.147439004824889 ], [ 71.479633027125786, 51.147367905267792 ], [ 71.47937, 51.1474399 ], [ 71.479292389417111, 51.147564199528844 ], [ 71.479030620475939, 51.14764143915172 ], [ 71.479258105824883, 51.147326099888893 ], [ 71.479615253185429, 51.147220715412821 ], [ 71.479787234026304, 51.146978411192642 ], [ 71.479555572622004, 51.146913745636425 ], [ 71.47964793590198, 51.14678570825145 ], [ 71.48052395091031, 51.146527210825219 ], [ 71.480552791804485, 51.146486155967715 ], [ 71.480614, 51.1465015 ], [ 71.480778860198896, 51.146452851273629 ], [ 71.4807347, 51.1465176 ], [ 71.4807408, 51.1465559 ], [ 71.4808403, 51.1465819 ], [ 71.481094721398662, 51.146496902816537 ], [ 71.481166420834342, 51.146388502699637 ], [ 71.481011820865191, 51.146347402965681 ], [ 71.48084566966341, 51.146396433164071 ], [ 71.480927320656207, 51.146272603113736 ], [ 71.480737920709316, 51.146225803439457 ], [ 71.480663929083946, 51.146247637798012 ], [ 71.480670820850605, 51.146237603553416 ], [ 71.480475420899296, 51.146187903889533 ], [ 71.4802738, 51.1462474 ], [ 71.480243647378359, 51.146291391183993 ], [ 71.47946246492279, 51.146514019726048 ], [ 71.479215483637844, 51.146443889725596 ], [ 71.479395156069074, 51.146390872589784 ], [ 71.47972392171441, 51.14593855545678 ], [ 71.4798673, 51.1459744 ], [ 71.480068920268664, 51.145914904597412 ], [ 71.480116629759252, 51.145842024949275 ], [ 71.4802799, 51.14589 ], [ 71.480481519348842, 51.145830503897272 ], [ 71.480592987349354, 51.14565662267556 ], [ 71.4807066, 51.1456876 ], [ 71.480908217900875, 51.145628103179092 ], [ 71.481088417337588, 51.14555380287522 ], [ 71.481167416722911, 51.145436002746344 ], [ 71.480934816759131, 51.145371803146709 ], [ 71.4807332, 51.1454313 ], [ 71.480653716857603, 51.145543225524328 ], [ 71.48073491711375, 51.145391603486964 ], [ 71.480726016833174, 51.145323803505605 ], [ 71.480582316844604, 51.145281603753084 ], [ 71.4803807, 51.145341099999989 ], [ 71.480056158029896, 51.145776114992955 ], [ 71.479966319710371, 51.14575350478075 ], [ 71.4798289632663, 51.145794036842915 ], [ 71.479950615611799, 51.14562666349412 ], [ 71.4797928046696, 51.145581523175039 ], [ 71.479836719008063, 51.145550305012357 ], [ 71.479697818863301, 51.145473405253384 ], [ 71.4794962, 51.145532899999985 ], [ 71.4793703, 51.145622399999986 ], [ 71.479434669443748, 51.145658037275766 ], [ 71.4777264, 51.1461621 ], [ 71.477209399850437, 51.146873464784733 ], [ 71.477063528029362, 51.146916504425519 ], [ 71.477118528238364, 51.146841109587555 ], [ 71.476900128261832, 51.146778409963623 ], [ 71.4766985, 51.1468379 ], [ 71.4765677, 51.1470172 ], [ 71.4766460275534, 51.147039686960895 ], [ 71.4764311, 51.14710310000001 ], [ 71.476248, 51.1473561 ], [ 71.4764575, 51.1474158 ], [ 71.476727946038196, 51.147336006923389 ], [ 71.47667, 51.1474183 ], [ 71.4766995, 51.1474671 ], [ 71.4770232, 51.14755670000001 ], [ 71.477746579525657, 51.14734673453794 ], [ 71.4760126, 51.147863 ], [ 71.4758235, 51.1481192 ], [ 71.4761007, 51.1481997 ], [ 71.47648985475837, 51.148084885821824 ], [ 71.4765908, 51.1481131 ], [ 71.476779082299345, 51.148057549347399 ], [ 71.476684327528247, 51.148196436541745 ], [ 71.476507869941898, 51.148149421468894 ], [ 71.4761046, 51.148268399999985 ], [ 71.476062721377062, 51.148330226623578 ], [ 71.475943636127283, 51.148302511519411 ], [ 71.475742, 51.148362 ], [ 71.4756614, 51.1484985 ], [ 71.4758062, 51.1485321 ], [ 71.475931852666676, 51.148495028938385 ], [ 71.475876700000015, 51.148574399999987 ], [ 71.4759539, 51.1485955 ], [ 71.476155536849717, 51.148536011145779 ], [ 71.476196547549151, 51.148476934883085 ], [ 71.4763822, 51.1485264 ], [ 71.476501705551499, 51.148491141791681 ], [ 71.4762278, 51.1487755 ], [ 71.4761304, 51.1489102 ], [ 71.4763398, 51.1489697 ], [ 71.476906874166872, 51.148806263266763 ], [ 71.476810644549985, 51.148942287454418 ], [ 71.476409770584041, 51.149060558435558 ], [ 71.476246299292612, 51.149016658244918 ], [ 71.47574329474142, 51.149165057597941 ], [ 71.47578523979422, 51.149102711749322 ], [ 71.475348839882884, 51.148987112500272 ], [ 71.4751472, 51.1490466 ], [ 71.4750263, 51.1492263 ], [ 71.475294707265292, 51.149297399896703 ], [ 71.4752381, 51.1493141 ], [ 71.474884348392081, 51.149832213557872 ], [ 71.474876844037425, 51.149802413264858 ], [ 71.474829844050205, 51.149790713345709 ], [ 71.4746042, 51.1498566 ], [ 71.4745854, 51.1498861 ], [ 71.4746427, 51.1499129 ], [ 71.474882194133926, 51.14983536870097 ], [ 71.4748692, 51.1498544 ], [ 71.4750806, 51.1499113 ], [ 71.476088813241105, 51.149613859438084 ], [ 71.476174782909411, 51.149487952649068 ], [ 71.4762903, 51.1495181 ], [ 71.477178468158115, 51.149256062159495 ], [ 71.4773859, 51.1493138 ], [ 71.477416807366382, 51.14930468111465 ], [ 71.477487449777016, 51.149323738256705 ], [ 71.4765182, 51.1496097 ], [ 71.476492412690945, 51.14964762861247 ], [ 71.4755197, 51.1499346 ], [ 71.4754393, 51.1500495 ], [ 71.475806704679599, 51.150150665474307 ], [ 71.475548304326139, 51.15022689768616 ], [ 71.475234584665557, 51.150223652578511 ], [ 71.474883907475274, 51.150327105476968 ], [ 71.474891036479576, 51.150316969485722 ], [ 71.474703336623136, 51.150265071101323 ], [ 71.474103559173997, 51.150442006407978 ], [ 71.474148247171499, 51.15030121448364 ], [ 71.473953147195061, 51.150245814819584 ], [ 71.4737515, 51.1503053 ], [ 71.473598600000017, 51.1505171 ], [ 71.473726165635711, 51.150553335850937 ], [ 71.4736951, 51.1505625 ], [ 71.472999186230652, 51.151551882382847 ], [ 71.4721777, 51.1517942 ], [ 71.472028378243479, 51.152012291485477 ], [ 71.471314577581921, 51.151803370276973 ], [ 71.471787012519727, 51.151608937239864 ], [ 71.471785211577455, 51.15149923725712 ], [ 71.471708370045533, 51.15140227500676 ], [ 71.471904854694728, 51.151344318261422 ], [ 71.471947256161457, 51.151286162323288 ], [ 71.4727529, 51.1515018 ], [ 71.472954553704469, 51.151442316464077 ], [ 71.473036353075457, 51.151322116330498 ], [ 71.472216653231996, 51.151102717741246 ], [ 71.472043838783534, 51.151153693367974 ], [ 71.472682349044618, 51.150277916987804 ], [ 71.472510049063374, 51.150228517284511 ], [ 71.4723084, 51.150288 ], [ 71.471590299611861, 51.151272930818152 ], [ 71.471036711583835, 51.15126653983684 ], [ 71.4705138, 51.151408699999983 ], [ 71.470518072762459, 51.151611983605072 ], [ 71.470087494054681, 51.151486310200816 ], [ 71.4690792, 51.1517837 ], [ 71.4687143, 51.15211750000001 ], [ 71.4686704, 51.1521768 ], [ 71.468879310651872, 51.152237756228949 ], [ 71.4686703, 51.1522994 ] ], [ [ 71.474481904208957, 51.151355682234296 ], [ 71.474530354274222, 51.151283342368295 ], [ 71.474261210703446, 51.151212435005696 ], [ 71.474600342476577, 51.150730273253501 ], [ 71.474605922135666, 51.151356219230365 ], [ 71.47454126087527, 51.151338172213364 ], [ 71.474481904208957, 51.151355682234296 ] ], [ [ 71.470048820453172, 51.153253039152816 ], [ 71.469884714100274, 51.15330144028102 ], [ 71.469942736285603, 51.153221064491348 ], [ 71.470048820453172, 51.153253039152816 ] ], [ [ 71.470102752571805, 51.152951485451673 ], [ 71.469943923006554, 51.153158482364802 ], [ 71.469857473045153, 51.153076032060667 ], [ 71.469767264529025, 51.15305043392906 ], [ 71.470102752571805, 51.152951485451673 ] ], [ [ 71.470464653477435, 51.152579302512898 ], [ 71.470627161067668, 51.152369219789279 ], [ 71.470906558151256, 51.15244896286422 ], [ 71.470464653477435, 51.152579302512898 ] ], [ [ 71.469775437366977, 51.152029874340428 ], [ 71.470572574417858, 51.151794568758312 ], [ 71.470590894630263, 51.151816574045824 ], [ 71.469899500000011, 51.1520205 ], [ 71.4698171, 51.152122 ], [ 71.470076453641582, 51.152204224107699 ], [ 71.469663792296402, 51.152325935556576 ], [ 71.469862107843184, 51.152054811981571 ], [ 71.469775437366977, 51.152029874340428 ] ], [ [ 71.477487417841303, 51.147088269458159 ], [ 71.477611169061987, 51.146917267968824 ], [ 71.478176802389811, 51.14675037255283 ], [ 71.47804573787478, 51.146932051994121 ], [ 71.477487417841303, 51.147088269458159 ] ], [ [ 71.481110918487886, 51.149546993291736 ], [ 71.481064441343534, 51.149533312903159 ], [ 71.481002408673262, 51.149516051896647 ], [ 71.481107799788319, 51.149484953486756 ], [ 71.481110918487886, 51.149546993291736 ] ], [ [ 71.4814932, 51.147966 ], [ 71.481369854318757, 51.148137986607793 ], [ 71.481098320844282, 51.148065864046409 ], [ 71.481944881017242, 51.147816052158163 ], [ 71.481965864955015, 51.147826519894906 ], [ 71.4814932, 51.147966 ] ], [ [ 71.480213712407306, 51.147803538393177 ], [ 71.480414704846353, 51.14805422354025 ], [ 71.480076152864427, 51.148003815807726 ], [ 71.480074799745125, 51.147944431791494 ], [ 71.480121812730303, 51.147930559402354 ], [ 71.480213712407306, 51.147803538393177 ] ], [ [ 71.477747143969154, 51.147771926396068 ], [ 71.478013792927911, 51.147693250611816 ], [ 71.478442567190129, 51.147814951769554 ], [ 71.477774600800302, 51.148012038638143 ], [ 71.477868029977245, 51.14787753506878 ], [ 71.477864029316905, 51.147838035104101 ], [ 71.477847328947661, 51.147811435223552 ], [ 71.477747143969154, 51.147771926396068 ] ], [ [ 71.477655655200138, 51.150443138402089 ], [ 71.477775742746488, 51.150407708284547 ], [ 71.478068640672575, 51.150018607804185 ], [ 71.47790424068377, 51.149969908087343 ], [ 71.4777026, 51.1500294 ], [ 71.477516858628988, 51.150276210459751 ], [ 71.476967863578935, 51.150118778774363 ], [ 71.47693969174216, 51.150047859907602 ], [ 71.477220713197312, 51.149964949685966 ], [ 71.477242067874371, 51.149934430359671 ], [ 71.477538, 51.1500136 ], [ 71.478546198902919, 51.149716138433384 ], [ 71.478578404084899, 51.149668768317987 ], [ 71.479040807246207, 51.149794015338536 ], [ 71.4781427, 51.150059 ], [ 71.4780786, 51.1501474 ], [ 71.4796967, 51.1506086 ], [ 71.479956225640962, 51.150532025171763 ], [ 71.480519, 51.1506894 ], [ 71.480654112638263, 51.150649533094537 ], [ 71.4805486, 51.1507954 ], [ 71.480574598056279, 51.150802800129348 ], [ 71.4805119, 51.1508213 ], [ 71.480479308925737, 51.150868900658303 ], [ 71.479201711885636, 51.150522232632817 ], [ 71.478370160359191, 51.15076757823153 ], [ 71.477814993372689, 51.150609405910672 ], [ 71.477842143373138, 51.15057360816273 ], [ 71.477655655200138, 51.150443138402089 ] ], [ [ 71.478590593283585, 51.149174678325927 ], [ 71.47834511256265, 51.149531273553194 ], [ 71.477839990546343, 51.149396142059494 ], [ 71.478590593283585, 51.149174678325927 ] ], [ [ 71.479927114734167, 51.149833337785395 ], [ 71.479839153206584, 51.149957659821979 ], [ 71.479669558626796, 51.149909332505253 ], [ 71.479927114734167, 51.149833337785395 ] ], [ [ 71.482623607822617, 51.14699551553737 ], [ 71.482707355663194, 51.146970800856487 ], [ 71.48272443980126, 51.147041744200273 ], [ 71.482623607822617, 51.14699551553737 ] ], [ [ 71.484198749025879, 51.148236390856681 ], [ 71.484434050704195, 51.148301917444002 ], [ 71.484075202044295, 51.148407819621497 ], [ 71.484198749025879, 51.148236390856681 ] ] ], [ [ [ 71.470013871521076, 51.154652021323201 ], [ 71.4698122, 51.1547115 ], [ 71.4697961, 51.1547328 ], [ 71.4698339, 51.1547441 ], [ 71.470035571632607, 51.15468462128451 ], [ 71.470051771518385, 51.154663221257913 ], [ 71.470013871521076, 51.154652021323201 ] ] ], [ [ [ 71.4698095, 51.156101 ], [ 71.4694978, 51.1565443 ], [ 71.469631493112061, 51.156581294338871 ], [ 71.4694443, 51.1566365 ], [ 71.469234266141854, 51.156960832210338 ], [ 71.469046281594416, 51.156908440484628 ], [ 71.469263780948111, 51.156601322505615 ], [ 71.468534281052854, 51.156398123761662 ], [ 71.4683326, 51.156457599999989 ], [ 71.468227400000018, 51.1566061 ], [ 71.468067, 51.1570023 ], [ 71.468228000949736, 51.157047163696646 ], [ 71.4680607, 51.1570965 ], [ 71.4677906, 51.1572146 ], [ 71.4670753, 51.1582246 ], [ 71.4669834, 51.1583926 ], [ 71.4676645, 51.1585824 ], [ 71.468471261343083, 51.158344497132582 ], [ 71.468659195150977, 51.158079131323113 ], [ 71.4688037, 51.158128899999987 ], [ 71.4688769, 51.1581296 ], [ 71.469550660521364, 51.157932866869601 ], [ 71.46964455962511, 51.157892966394563 ], [ 71.469750433643952, 51.15774702167527 ], [ 71.470084914802129, 51.158117046772148 ], [ 71.4691095, 51.1584047 ], [ 71.4688888, 51.1584825 ], [ 71.4692105, 51.1588413 ], [ 71.4696092, 51.1591422 ], [ 71.470801946710424, 51.158779902258125 ], [ 71.470758239481611, 51.158731137916071 ], [ 71.47124575006292, 51.158556578137208 ], [ 71.471158522173951, 51.158461164760652 ], [ 71.471790993542584, 51.158261209164152 ], [ 71.4719623, 51.158452199999985 ], [ 71.472444928898184, 51.158309858277825 ], [ 71.472546732904021, 51.158317017664594 ], [ 71.4719744, 51.1584944 ], [ 71.471965443063254, 51.158515252693029 ], [ 71.4704301, 51.1589769 ], [ 71.4707459, 51.1593299 ], [ 71.471903676251742, 51.158988453177479 ], [ 71.4719177, 51.1590047 ], [ 71.472756785582646, 51.158763716431274 ], [ 71.473732865997789, 51.158469345304674 ], [ 71.474311251353356, 51.158272936504758 ], [ 71.4739835405679, 51.157893241714248 ], [ 71.473388482393801, 51.158068752848237 ], [ 71.473760943237252, 51.157911645303088 ], [ 71.47375734180342, 51.157799845338531 ], [ 71.473565039836487, 51.157588046355833 ], [ 71.473026842025192, 51.157589149112852 ], [ 71.4724218, 51.1577676 ], [ 71.472327566273691, 51.15790199920707 ], [ 71.4716118, 51.1581131 ], [ 71.470549482198734, 51.158498224836997 ], [ 71.470387331316275, 51.158343941618057 ], [ 71.470631461118515, 51.158271944633356 ], [ 71.4706533, 51.1582964 ], [ 71.470854985868741, 51.158236919705651 ], [ 71.470938785628917, 51.158207519564037 ], [ 71.470920260400462, 51.158186773110017 ], [ 71.471471625682312, 51.158014896733256 ], [ 71.471376217262033, 51.157909364612443 ], [ 71.472915260243724, 51.157455449134915 ], [ 71.473274700000019, 51.1575559 ], [ 71.474283090418751, 51.157258472919153 ], [ 71.474363087509317, 51.157148672263922 ], [ 71.473946706273452, 51.157030359011827 ], [ 71.4745974, 51.1569604 ], [ 71.474719967464694, 51.156924246972494 ], [ 71.4746364, 51.1569552 ], [ 71.4749392, 51.157277 ], [ 71.475284775271092, 51.157164312195341 ], [ 71.475244079635146, 51.157121050088392 ], [ 71.477758957796468, 51.156385618648507 ], [ 71.477896552831382, 51.15633271586119 ], [ 71.477993648070154, 51.156271113909064 ], [ 71.477901944044447, 51.156164815852783 ], [ 71.477751548066081, 51.156195518915894 ], [ 71.4753315, 51.1569094 ], [ 71.4752259, 51.1569482 ], [ 71.475136894464484, 51.157007104816671 ], [ 71.474985325392808, 51.156845975225394 ], [ 71.475605768654376, 51.156662961776711 ], [ 71.4757516664326, 51.156605560545543 ], [ 71.475687265536337, 51.156543961111019 ], [ 71.475252966627963, 51.156459064840568 ], [ 71.4742446, 51.1567565 ], [ 71.473693281541017, 51.156958348240252 ], [ 71.473574087981561, 51.156924479057288 ], [ 71.47258252542963, 51.157216937493104 ], [ 71.472421172183971, 51.157042737324304 ], [ 71.473214387905543, 51.156808782157761 ], [ 71.473766872202589, 51.15625377758095 ], [ 71.473903167143874, 51.156061976465764 ], [ 71.47379476405888, 51.155885277436035 ], [ 71.473435364311243, 51.155784880530035 ], [ 71.471400374390115, 51.155617097947619 ], [ 71.470392, 51.1559145 ], [ 71.469967375948542, 51.156482237087936 ], [ 71.46988276633131, 51.156507189954901 ], [ 71.470177777499188, 51.156087620970744 ], [ 71.470133092774603, 51.156075256337701 ], [ 71.470160677433711, 51.156067121000987 ], [ 71.470225076940224, 51.155972920895771 ], [ 71.470179771723053, 51.155960761860371 ], [ 71.47079665992068, 51.155778824697947 ], [ 71.470906257081737, 51.155703423597878 ], [ 71.471171142733922, 51.155232221026722 ], [ 71.471122841134459, 51.155155421544897 ], [ 71.47079643977132, 51.155001024935984 ], [ 71.470386542168256, 51.15496572914649 ], [ 71.4690566, 51.1553522 ], [ 71.4686881, 51.1557794 ], [ 71.4686818, 51.155883 ], [ 71.4687201, 51.1559438 ], [ 71.4689853, 51.1562406 ], [ 71.4694899, 51.1561596 ], [ 71.469924292966596, 51.156036108154595 ], [ 71.4698977158003, 51.156074983454332 ], [ 71.4698095, 51.156101 ] ], [ [ 71.470606280444116, 51.156903220197762 ], [ 71.470391380493822, 51.156847720567576 ], [ 71.4701897, 51.1569072 ], [ 71.470156578376688, 51.156957653580321 ], [ 71.4692792, 51.1572257 ], [ 71.469471572021945, 51.157438521183018 ], [ 71.469020753882404, 51.157568594898997 ], [ 71.469301336624937, 51.157172391699056 ], [ 71.469281953712652, 51.157095788246622 ], [ 71.469369, 51.157118 ], [ 71.47069873823753, 51.156725838698407 ], [ 71.471321587089307, 51.15688875287298 ], [ 71.470636261218303, 51.157090873027862 ], [ 71.470535556583229, 51.15697947739676 ], [ 71.470561180801525, 51.156971920271339 ], [ 71.470606280444116, 51.156903220197762 ] ] ], [ [ [ 71.469155808845315, 51.163026722365444 ], [ 71.4689541, 51.1630862 ], [ 71.4688394, 51.1631449 ], [ 71.4688922, 51.163187399999984 ], [ 71.469093909365839, 51.163127922466039 ], [ 71.469208608950026, 51.163067422273222 ], [ 71.469155808845315, 51.163026722365444 ] ] ], [ [ [ 71.47148441053794, 51.164144518332044 ], [ 71.471430110286633, 51.164069418428575 ], [ 71.4705924, 51.164309 ], [ 71.4704367, 51.1643665 ], [ 71.470498, 51.1644318 ], [ 71.47148441053794, 51.164144518332044 ] ] ], [ [ [ 71.470232513473931, 51.164433820455478 ], [ 71.4690523, 51.1648315 ], [ 71.4691428, 51.1649418 ], [ 71.47033131384417, 51.164550320280853 ], [ 71.470232513473931, 51.164433820455478 ] ] ], [ [ [ 71.470733415502863, 51.165059619568396 ], [ 71.470694456299256, 51.164989389040556 ], [ 71.470408645925261, 51.164633493595503 ], [ 71.468586868470837, 51.165170887700057 ], [ 71.468700218314339, 51.165076523040028 ], [ 71.468590817891823, 51.164944623233545 ], [ 71.468104, 51.1650939 ], [ 71.4673512, 51.1654274 ], [ 71.4674319, 51.1655333 ], [ 71.468433197531468, 51.165231697720884 ], [ 71.4687169, 51.1655809 ], [ 71.46964406894412, 51.165307519066765 ], [ 71.469674386544511, 51.165346294401985 ], [ 71.4692341, 51.165484 ], [ 71.46937814781235, 51.165658818457857 ], [ 71.468989230812554, 51.165774299675917 ], [ 71.468925320705424, 51.165700122624095 ], [ 71.46874252109248, 51.165732722934656 ], [ 71.4680655, 51.1659533 ], [ 71.4680303, 51.1659834 ], [ 71.4681237, 51.1660917 ], [ 71.468873846922122, 51.165846375893175 ], [ 71.4690764, 51.166098 ], [ 71.470922842579341, 51.165552961252025 ], [ 71.470953781263376, 51.165592240218324 ], [ 71.468921373134322, 51.166197195986015 ], [ 71.468237423429727, 51.166116223777969 ], [ 71.4676352, 51.1663052 ], [ 71.4680675, 51.1668308 ], [ 71.4681787, 51.1668958 ], [ 71.468463726120078, 51.166809423356469 ], [ 71.469044272940266, 51.166469612612381 ], [ 71.4690766, 51.1665102 ], [ 71.469947470331817, 51.1662522226272 ], [ 71.4703238, 51.1667372 ], [ 71.470835959109337, 51.166586183333202 ], [ 71.4709406, 51.1667085 ], [ 71.471344043109482, 51.166589537237854 ], [ 71.471975139574681, 51.166377235103617 ], [ 71.471909381151363, 51.166300369760428 ], [ 71.472010919006337, 51.166268817325424 ], [ 71.471646017502678, 51.165807017971986 ], [ 71.4712274, 51.1659339 ], [ 71.471541744486672, 51.166331719994425 ], [ 71.471486831330239, 51.166347912483914 ], [ 71.471081412868884, 51.165825493248306 ], [ 71.47185448669731, 51.165589491549767 ], [ 71.47175971463264, 51.165467376302054 ], [ 71.471894437179287, 51.165425651587412 ], [ 71.4721038, 51.1656846 ], [ 71.472442356847466, 51.165581594036198 ], [ 71.4726851, 51.165630899999989 ], [ 71.475065751033242, 51.164939764292214 ], [ 71.475231865331793, 51.164860479423758 ], [ 71.475683923671099, 51.164727156103609 ], [ 71.475793510826065, 51.16451355398744 ], [ 71.475454112704739, 51.164443960985281 ], [ 71.474831605947912, 51.164627552738047 ], [ 71.474305543902034, 51.164372570927242 ], [ 71.473297, 51.16467 ], [ 71.4731696, 51.1647631 ], [ 71.473569202067097, 51.164999850523301 ], [ 71.4730336, 51.16515780000001 ], [ 71.473021281406972, 51.165181354574308 ], [ 71.4724555, 51.1653482 ], [ 71.472395384352808, 51.165464882482141 ], [ 71.472238014386491, 51.165270316988078 ], [ 71.471992687938425, 51.165343670921537 ], [ 71.471965271550928, 51.165308843773609 ], [ 71.472261614135675, 51.165219616950317 ], [ 71.472232770344235, 51.16518290693768 ], [ 71.472810712487032, 51.165009216023194 ], [ 71.472730312137813, 51.164903316165855 ], [ 71.4720404, 51.1651158 ], [ 71.472065929280703, 51.165146269495033 ], [ 71.4718435, 51.1652137 ], [ 71.471859247937772, 51.165233742873056 ], [ 71.471070042331505, 51.165474467457848 ], [ 71.470998889651682, 51.165383314042508 ], [ 71.471074296882591, 51.165347090518253 ], [ 71.471791514368832, 51.165127017757882 ], [ 71.47171641399045, 51.165016017891759 ], [ 71.471272660144919, 51.165149579484677 ], [ 71.471198464474128, 51.165063366292429 ], [ 71.471308714587138, 51.165027018587502 ], [ 71.470846212823602, 51.164474619405297 ], [ 71.4704345, 51.16460330000001 ], [ 71.47083571600902, 51.165082401025089 ], [ 71.470623001232994, 51.165093562413929 ], [ 71.470733415502863, 51.165059619568396 ] ] ], [ [ [ 71.469195549177741, 51.166670074880045 ], [ 71.46978792285708, 51.166467021112091 ], [ 71.469731522629743, 51.166396821211961 ], [ 71.4693454, 51.166511 ], [ 71.469362109576693, 51.166529965526593 ], [ 71.4691021, 51.1666203 ], [ 71.469127578780672, 51.166648806447633 ], [ 71.4682209, 51.1669374 ], [ 71.4683095, 51.167045 ], [ 71.469256724771569, 51.166744522005345 ], [ 71.469195549177741, 51.166670074880045 ] ] ], [ [ [ 71.46994812440029, 51.166874120817901 ], [ 71.469737723543858, 51.166610321190596 ], [ 71.469330900000017, 51.1667341 ], [ 71.4695413, 51.1669979 ], [ 71.46994812440029, 51.166874120817901 ] ] ], [ [ [ 71.471627100000021, 51.1678088 ], [ 71.473045422324446, 51.167359315503433 ], [ 71.47325271673833, 51.16722947517745 ], [ 71.4733903, 51.1674165 ], [ 71.473908620755836, 51.167265414033928 ], [ 71.473610819408449, 51.166860714563036 ], [ 71.4731762, 51.1669875 ], [ 71.4731393, 51.1670753 ], [ 71.473180283087572, 51.16713101126652 ], [ 71.47296092028958, 51.166862015672919 ], [ 71.4714366, 51.1673454 ], [ 71.471300623437045, 51.167423942422928 ], [ 71.471201452447076, 51.16729832025996 ], [ 71.4712505, 51.1673064 ], [ 71.472798920360475, 51.16682791595133 ], [ 71.472420318803543, 51.166349516622141 ], [ 71.4719064, 51.1665061 ], [ 71.471190737186333, 51.166811036246997 ], [ 71.471159622326383, 51.166771818753929 ], [ 71.4704579, 51.166987399999989 ], [ 71.4711982, 51.1679246 ], [ 71.471591960349642, 51.167805239459483 ], [ 71.471627100000021, 51.1678088 ] ] ], [ [ [ 71.470153025264992, 51.167138120454617 ], [ 71.470116525145201, 51.167099020518933 ], [ 71.4698195, 51.1671913 ], [ 71.4698531, 51.16723 ], [ 71.470153025264992, 51.167138120454617 ] ] ], [ [ [ 71.4685967, 51.1675247 ], [ 71.469497226716967, 51.167269721568026 ], [ 71.469399926313088, 51.167145921740463 ], [ 71.468978, 51.1672734 ], [ 71.46899096329409, 51.167289911342138 ], [ 71.4685253, 51.1674338 ], [ 71.4685967, 51.1675247 ] ] ], [ [ [ 71.4682312, 51.16767930000001 ], [ 71.468560629320592, 51.167580323152038 ], [ 71.46839952813454, 51.167255623443587 ], [ 71.468246127497267, 51.167060323715454 ], [ 71.4677638, 51.1672065 ], [ 71.4679172, 51.1674018 ], [ 71.4682312, 51.16767930000001 ] ] ], [ [ [ 71.470127725454191, 51.167174020496013 ], [ 71.4696363, 51.1673316 ], [ 71.4699256, 51.1676676 ], [ 71.47041702651633, 51.167510019984917 ], [ 71.470127725454191, 51.167174020496013 ] ] ], [ [ [ 71.469393629908865, 51.167976121709287 ], [ 71.46922629586642, 51.167767268989635 ], [ 71.4693926, 51.167777 ], [ 71.469742328131204, 51.167673421129031 ], [ 71.469533127221254, 51.167397621500264 ], [ 71.4691834, 51.1675012 ], [ 71.4690978, 51.1676274 ], [ 71.469133050946596, 51.167673853541807 ], [ 71.469073528776235, 51.167614222274317 ], [ 71.4686712, 51.1677361 ], [ 71.4688109, 51.1679128 ], [ 71.4690109, 51.1680919 ], [ 71.469393629908865, 51.167976121709287 ] ] ], [ [ [ 71.4694923, 51.168624199999989 ], [ 71.46991849229606, 51.168495648254414 ], [ 71.4699459, 51.1685336 ], [ 71.470385130433982, 51.168406719994088 ], [ 71.470426029618793, 51.168230819933122 ], [ 71.470389611816387, 51.168180327285853 ], [ 71.470635028811799, 51.168109219582291 ], [ 71.470528328274554, 51.167951619772516 ], [ 71.470253935560677, 51.168027056138648 ], [ 71.470179012761079, 51.167847248114043 ], [ 71.470586427188621, 51.167718419685059 ], [ 71.470484626638282, 51.167559319866974 ], [ 71.4700999, 51.1676782 ], [ 71.469978, 51.1677389 ], [ 71.469987925029528, 51.167750920647997 ], [ 71.4694115, 51.1679243 ], [ 71.469582395949359, 51.168146574967167 ], [ 71.4692079, 51.1682609 ], [ 71.4694923, 51.168624199999989 ] ], [ [ 71.470146940241051, 51.168077811507743 ], [ 71.47022826611537, 51.168197932965064 ], [ 71.469867651842478, 51.168301713609459 ], [ 71.469779039981972, 51.168188479067425 ], [ 71.470146940241051, 51.168077811507743 ] ] ], [ [ [ 71.468143731883217, 51.168043423840707 ], [ 71.467942, 51.168102899999987 ], [ 71.4677185, 51.1681956 ], [ 71.4681906, 51.168643 ], [ 71.468392333882278, 51.168583523388847 ], [ 71.468615833180664, 51.16849082301178 ], [ 71.468143731883217, 51.168043423840707 ] ] ], [ [ [ 71.470864252196009, 51.168311002719456 ], [ 71.4700862, 51.1685426 ], [ 71.469918800000016, 51.16860830000001 ], [ 71.4700745, 51.1687642 ], [ 71.470443631359004, 51.16863901988242 ], [ 71.470406219331792, 51.168601560093698 ], [ 71.471067329391403, 51.168378118830368 ], [ 71.471025759846057, 51.168330725159407 ], [ 71.471198728785751, 51.168278918610952 ], [ 71.47113972853812, 51.168203218715547 ], [ 71.470849500000014, 51.1682929 ], [ 71.470864252196009, 51.168311002719456 ] ] ], [ [ [ 71.471165230337235, 51.168627518650531 ], [ 71.4707226, 51.1687665 ], [ 71.4711976, 51.1693323 ], [ 71.471640132142426, 51.169193317810823 ], [ 71.471165230337235, 51.168627518650531 ] ] ], [ [ [ 71.470952433641443, 51.169325818978699 ], [ 71.4701912, 51.1695562 ], [ 71.470349, 51.1697592 ], [ 71.471110234306096, 51.169528818698929 ], [ 71.470952433641443, 51.169325818978699 ] ] ], [ [ [ 71.471271134487338, 51.169620918419426 ], [ 71.4709192, 51.1697208 ], [ 71.4709675, 51.1698083 ], [ 71.471324834778443, 51.169705018323469 ], [ 71.471271134487338, 51.169620918419426 ] ] ], [ [ [ 71.471925733471068, 51.169589817302985 ], [ 71.4708129, 51.1699262 ], [ 71.4709454, 51.1700975 ], [ 71.472058234032843, 51.16976111706802 ], [ 71.471925733471068, 51.169589817302985 ] ] ], [ [ [ 71.471217239042275, 51.170658118459073 ], [ 71.470740637101301, 51.170060419303326 ], [ 71.4702575, 51.170208199999983 ], [ 71.4707341, 51.1708059 ], [ 71.471217239042275, 51.170658118459073 ] ] ], [ [ [ 71.469968139202066, 51.170305720610351 ], [ 71.4694747, 51.170456 ], [ 71.4699513, 51.1710579 ], [ 71.470444741160833, 51.170907519765905 ], [ 71.469968139202066, 51.170305720610351 ] ] ], [ [ [ 71.470071444644987, 51.171597320368676 ], [ 71.470145643567818, 51.171371220253349 ], [ 71.469475044097379, 51.171284721403147 ], [ 71.469272579917714, 51.17134639325284 ], [ 71.469110244579724, 51.171282622026339 ], [ 71.4689085, 51.171342099999983 ], [ 71.46859950000001, 51.1716513 ], [ 71.4687866, 51.1717248 ], [ 71.468988346397978, 51.171665322215233 ], [ 71.469255706244354, 51.171397787643734 ], [ 71.4691991, 51.171570199999984 ], [ 71.4698697, 51.1716568 ], [ 71.470071444644987, 51.171597320368676 ] ] ], [ [ [ 71.471463342517367, 51.171538917994205 ], [ 71.470515, 51.171857099999983 ], [ 71.4706635, 51.1720257 ], [ 71.471611943045829, 51.171707517731882 ], [ 71.471463342517367, 51.171538917994205 ] ] ], [ [ [ 71.468898447348494, 51.171857222359108 ], [ 71.46878664696446, 51.171733522556323 ], [ 71.4684314, 51.1718475 ], [ 71.4685431, 51.1719712 ], [ 71.468898447348494, 51.171857222359108 ] ] ], [ [ [ 71.468855847873087, 51.171965322426423 ], [ 71.4685133, 51.1720668 ], [ 71.4685777, 51.172144199999984 ], [ 71.468913548136797, 51.17204432232387 ], [ 71.468855847873087, 51.171965322426423 ] ] ], [ [ [ 71.468825048597907, 51.172123422471046 ], [ 71.4684892, 51.1722165 ], [ 71.4685374, 51.1722871 ], [ 71.468873348837988, 51.172194022384964 ], [ 71.468825048597907, 51.172123422471046 ] ] ], [ [ [ 71.470239547039824, 51.172203820050896 ], [ 71.470105446697517, 51.172082820286072 ], [ 71.4699037, 51.1721423 ], [ 71.4688835, 51.1725864 ], [ 71.4690176, 51.1727075 ], [ 71.469219350334171, 51.17264802177106 ], [ 71.470239547039824, 51.172203820050896 ] ] ], [ [ [ 71.47193826351139, 51.17256319478787 ], [ 71.472531244367161, 51.172299816131719 ], [ 71.472386844028378, 51.172176416384588 ], [ 71.4721851, 51.1722359 ], [ 71.47166922900675, 51.172473312514107 ], [ 71.471576, 51.1725008 ], [ 71.47072636443967, 51.172940763352848 ], [ 71.470633149386401, 51.17286941934497 ], [ 71.4704314, 51.1729289 ], [ 71.4694294, 51.1734432 ], [ 71.4696326, 51.1735989 ], [ 71.469834353358593, 51.173539420675539 ], [ 71.470698776715167, 51.17309569126742 ], [ 71.470761, 51.1731429 ], [ 71.470962749867311, 51.173083418771164 ], [ 71.47195014632743, 51.172572217110471 ], [ 71.47193826351139, 51.17256319478787 ] ] ], [ [ [ 71.471808149112945, 51.173172417322661 ], [ 71.471674548715498, 51.173038817557618 ], [ 71.4714728, 51.1730983 ], [ 71.471221652259061, 51.173196945928318 ], [ 71.471168649822843, 51.17313731841675 ], [ 71.4704118, 51.1733909 ], [ 71.4705078, 51.1734988 ], [ 71.471147595508214, 51.17328622794389 ], [ 71.471238, 51.173376699999984 ], [ 71.471439750235191, 51.173317217944586 ], [ 71.471808149112945, 51.173172417322661 ] ] ], [ [ [ 71.470694967067175, 51.176978819031739 ], [ 71.4696402, 51.1773409 ], [ 71.4697444, 51.1774564 ], [ 71.470799167425682, 51.177094218847905 ], [ 71.470694967067175, 51.176978819031739 ] ] ], [ [ [ 71.471902666760116, 51.177284216953346 ], [ 71.471789166574553, 51.177205917151177 ], [ 71.4715874, 51.1772654 ], [ 71.4715186, 51.1773046 ], [ 71.4716321, 51.1773829 ], [ 71.471833867022283, 51.177323417068891 ], [ 71.471902666760116, 51.177284216953346 ] ] ], [ [ [ 71.470842217709063, 51.177540011238818 ], [ 71.4709836, 51.1776951 ], [ 71.471374868697453, 51.17756781784059 ], [ 71.471588967910449, 51.177452517480688 ], [ 71.471306367462489, 51.177260817973099 ], [ 71.4711046, 51.1773203 ], [ 71.4709426, 51.1774142 ], [ 71.471009856628811, 51.177459823337074 ], [ 71.470827588160049, 51.177516846168125 ], [ 71.470627468558462, 51.177302719130687 ], [ 71.4704257, 51.1773622 ], [ 71.4697766, 51.1776009 ], [ 71.4700019, 51.17782960000001 ], [ 71.470842217709063, 51.177540011238818 ] ] ], [ [ [ 71.4689681, 51.1783174 ], [ 71.46989397262989, 51.178015820347611 ], [ 71.469588371315297, 51.177616520889806 ], [ 71.4686463, 51.1779282 ], [ 71.4689681, 51.1783174 ] ] ], [ [ [ 71.471541871401158, 51.178245217521081 ], [ 71.471713642421207, 51.178144208183461 ], [ 71.471779400000017, 51.1781949 ], [ 71.471981170334431, 51.178135416776215 ], [ 71.472087069958675, 51.178081516598034 ], [ 71.472012869810925, 51.1780242167277 ], [ 71.47174959854469, 51.178115060542204 ], [ 71.471608370340888, 51.178020717418818 ], [ 71.4714066, 51.1780802 ], [ 71.471347274276496, 51.178115102483325 ], [ 71.471327571070361, 51.178101917894367 ], [ 71.4711258, 51.1781614 ], [ 71.4710015, 51.1782345 ], [ 71.4711228, 51.1783157 ], [ 71.471284975265419, 51.178267890932638 ], [ 71.4713401, 51.1783047 ], [ 71.471541871401158, 51.178245217521081 ] ] ], [ [ [ 71.4716113, 51.178509 ], [ 71.471813071919001, 51.178449517047476 ], [ 71.471904271522405, 51.178386216894893 ], [ 71.471848908882933, 51.178354864759527 ], [ 71.471926071259119, 51.178332116860396 ], [ 71.471972428923209, 51.178299169355114 ], [ 71.472009, 51.178317 ], [ 71.472210770552906, 51.178257516377862 ], [ 71.472349769880921, 51.178145416146073 ], [ 71.472248269480119, 51.17809601278308 ], [ 71.472430069327388, 51.178042416014122 ], [ 71.472870767650036, 51.177791815274006 ], [ 71.472827953015596, 51.177761486646737 ], [ 71.472915367347397, 51.177735715200662 ], [ 71.473036566887032, 51.17766701499712 ], [ 71.47293456671926, 51.177596415174904 ], [ 71.47270284913607, 51.17767286641562 ], [ 71.472674967314234, 51.177653115615485 ], [ 71.4724732, 51.1777126 ], [ 71.4720244, 51.1779615 ], [ 71.472213120504804, 51.178091447854442 ], [ 71.4720274, 51.1781462 ], [ 71.471912621726574, 51.178238683263359 ], [ 71.471863970822668, 51.178211816972549 ], [ 71.4716622, 51.1782713 ], [ 71.4715941, 51.1783197 ], [ 71.471638763832189, 51.178344364631563 ], [ 71.471563, 51.1783667 ], [ 71.4714718, 51.17843 ], [ 71.4716113, 51.178509 ] ] ], [ [ [ 71.471071327639521, 51.144815820014863 ], [ 71.4708697, 51.1448753 ], [ 71.4708316, 51.1449262 ], [ 71.47091020000002, 51.1449494 ], [ 71.471111827904778, 51.144889919941974 ], [ 71.471149927633846, 51.144839019879491 ], [ 71.471071327639521, 51.144815820014863 ] ] ], [ [ [ 71.470859153951821, 51.145301955245017 ], [ 71.470739, 51.14533740000001 ], [ 71.4706496, 51.1453881 ], [ 71.4706045, 51.1454472 ], [ 71.4706112, 51.1455048 ], [ 71.4707877, 51.1455579 ], [ 71.471190960862998, 51.145438939899435 ], [ 71.471217892773794, 51.145403717538919 ], [ 71.471325, 51.1454341 ], [ 71.471728258348023, 51.145315138077201 ], [ 71.471812157243548, 51.145213337800996 ], [ 71.471782052356843, 51.145025903646165 ], [ 71.471819627491016, 51.145014818727169 ], [ 71.471902626927061, 51.14491001859075 ], [ 71.47177902692728, 51.144871518803718 ], [ 71.471571894477179, 51.14493795156789 ], [ 71.471398055593127, 51.144892939247477 ], [ 71.4709948, 51.1450119 ], [ 71.4707948, 51.1452837 ], [ 71.470859153951821, 51.145301955245017 ] ] ], [ [ [ 71.470545044112839, 51.148468720728744 ], [ 71.470583343876555, 51.14842592066551 ], [ 71.470561992455913, 51.148419430357336 ], [ 71.47061444366463, 51.148386520614388 ], [ 71.470579243665838, 51.148375820675042 ], [ 71.4703776, 51.1484353 ], [ 71.4703601, 51.1484579 ], [ 71.470381451422057, 51.148464390348913 ], [ 71.4703465, 51.1484747 ], [ 71.4703161, 51.1485199 ], [ 71.4703434, 51.1485282 ], [ 71.470545044112839, 51.148468720728744 ] ] ], [ [ [ 71.4710866, 51.1487197 ], [ 71.471288243938915, 51.148660219450051 ], [ 71.471476742447692, 51.148373519142709 ], [ 71.471301842487634, 51.148328219443613 ], [ 71.4711002, 51.1483877 ], [ 71.4709117, 51.1486744 ], [ 71.4710866, 51.1487197 ] ] ], [ [ [ 71.4728384, 51.1489707 ], [ 71.4728109, 51.1490125 ], [ 71.4729495, 51.1490484 ], [ 71.47309113903718, 51.149006617163408 ], [ 71.4738526, 51.14921 ], [ 71.4743184869657, 51.149072560721415 ], [ 71.4742432, 51.1491831 ], [ 71.4743955, 51.14922390000001 ], [ 71.474597141660269, 51.149164413774763 ], [ 71.47483343984527, 51.14881761338885 ], [ 71.474701512662392, 51.148782294536701 ], [ 71.47471080065111, 51.148750536105752 ], [ 71.475393754896359, 51.148549051830734 ], [ 71.475671146353534, 51.148140750018996 ], [ 71.475975529111722, 51.147236948123378 ], [ 71.475544630360645, 51.147121748048598 ], [ 71.47565960662763, 51.147087826162569 ], [ 71.475626, 51.1471324 ], [ 71.4759456, 51.1472273 ], [ 71.476147230956073, 51.147167811229316 ], [ 71.476290429944157, 51.146978010994452 ], [ 71.476161515298799, 51.146939744242637 ], [ 71.476662379765955, 51.146791967331616 ], [ 71.476838920901898, 51.146650153983494 ], [ 71.4770162, 51.1466978 ], [ 71.477217827229481, 51.146638309428312 ], [ 71.477280926745777, 51.146545909325262 ], [ 71.477375225255585, 51.146230009180307 ], [ 71.477239425280928, 51.146193509414005 ], [ 71.477176526290236, 51.146212068141118 ], [ 71.477193359862923, 51.146188962075627 ], [ 71.477081439113718, 51.146156909445658 ], [ 71.477120927280822, 51.146145258255082 ], [ 71.4774578, 51.1462201 ], [ 71.477659424573432, 51.146160608698594 ], [ 71.477764923872115, 51.146031008525036 ], [ 71.477744723609774, 51.145963908562933 ], [ 71.477406479528554, 51.146007202837716 ], [ 71.477658422580504, 51.145663263358855 ], [ 71.4782214, 51.1458134 ], [ 71.478423021790235, 51.145753907415568 ], [ 71.478268121407211, 51.145616807686956 ], [ 71.477836920768382, 51.145334208437497 ], [ 71.4776353, 51.1453937 ], [ 71.477478965788819, 51.145597699426318 ], [ 71.477208492829476, 51.145519740051242 ], [ 71.476935939823704, 51.145600159137985 ], [ 71.476956270532028, 51.145572530810433 ], [ 71.47662087062848, 51.145475332543107 ], [ 71.476190339310762, 51.145602361536284 ], [ 71.476126248493415, 51.145545323036046 ], [ 71.476035948506137, 51.14551862334708 ], [ 71.475895449076916, 51.145540923824576 ], [ 71.4754922, 51.1456599 ], [ 71.4752807, 51.1459411 ], [ 71.4756125, 51.1460392 ], [ 71.475765725562937, 51.145993992128382 ], [ 71.4756536, 51.1461464 ], [ 71.4759889, 51.1462436 ], [ 71.476338871620356, 51.146140342550638 ], [ 71.4763454, 51.146255 ], [ 71.47644868532204, 51.146284726823289 ], [ 71.4757954, 51.146492 ], [ 71.4755193, 51.1467864 ], [ 71.475318944213285, 51.147061410356336 ], [ 71.4745021, 51.1472966 ], [ 71.474386270801702, 51.147376410251283 ], [ 71.473072005044656, 51.147026550484966 ], [ 71.4724671, 51.147205 ], [ 71.4721192, 51.1477193 ], [ 71.472399053487308, 51.147975929552622 ], [ 71.4718249, 51.1481453 ], [ 71.4715243, 51.1485881 ], [ 71.472397637581338, 51.148821380082971 ], [ 71.4723335, 51.1488403 ], [ 71.472306, 51.1488821 ], [ 71.4724675, 51.1489239 ], [ 71.472616689652554, 51.14887989039913 ], [ 71.472894599969251, 51.148954121346691 ], [ 71.4728384, 51.1489707 ] ] ], [ [ [ 71.471330744572725, 51.148820319369399 ], [ 71.4711291, 51.1488798 ], [ 71.4711006, 51.1489231 ], [ 71.4711697, 51.148941 ], [ 71.471371344782227, 51.148881519296985 ], [ 71.47139984455697, 51.148838219250493 ], [ 71.471330744572725, 51.148820319369399 ] ] ], [ [ [ 71.472808950204978, 51.150586216756032 ], [ 71.4726073, 51.1506457 ], [ 71.4725255, 51.1507659 ], [ 71.4730927, 51.1509176 ], [ 71.473294350725098, 51.150858115913451 ], [ 71.473376050096249, 51.150737915780034 ], [ 71.472808950204978, 51.150586216756032 ] ] ], [ [ [ 71.472560252103307, 51.150948417162354 ], [ 71.472410352133764, 51.150908717420315 ], [ 71.4722087, 51.1509682 ], [ 71.4721755, 51.1510175 ], [ 71.472325500000011, 51.151057199999983 ], [ 71.472527152360698, 51.15099771721637 ], [ 71.472560252103307, 51.150948417162354 ] ] ], [ [ [ 71.472997753662682, 51.151446116390126 ], [ 71.4727774, 51.1515006 ], [ 71.4727676, 51.1515152 ], [ 71.472987953738922, 51.15146071640612 ], [ 71.472997753662682, 51.151446116390126 ] ] ], [ [ [ 71.4735555, 51.1538365 ], [ 71.474563808230457, 51.153539071463747 ], [ 71.474635805483416, 51.153434270875579 ], [ 71.474100705962712, 51.153289575480748 ], [ 71.473896644479694, 51.15334976941223 ], [ 71.473800265086794, 51.153325689054647 ], [ 71.473821760541838, 51.153296614889442 ], [ 71.473770660099035, 51.153178114982687 ], [ 71.473472060125971, 51.153091215496957 ], [ 71.4732704, 51.1531507 ], [ 71.4731547, 51.1533071 ], [ 71.473171400000012, 51.1534764 ], [ 71.473210646414131, 51.153487812140021 ], [ 71.4727703, 51.1536177 ], [ 71.4725544, 51.1539578 ], [ 71.4727301, 51.1540017 ], [ 71.473417058559434, 51.153799070435994 ], [ 71.4735555, 51.1538365 ] ] ], [ [ [ 71.472480544056069, 51.154548888995002 ], [ 71.4714722, 51.15484630000001 ], [ 71.4713888, 51.1549644 ], [ 71.4720212, 51.1551399 ], [ 71.47218297679693, 51.155092184143903 ], [ 71.4721111, 51.1551934 ], [ 71.4723514, 51.1552606 ], [ 71.47254567087127, 51.155203299493003 ], [ 71.4724812, 51.1552931 ], [ 71.4731035, 51.1554688 ], [ 71.473193975896265, 51.155442113449809 ], [ 71.4732897, 51.1554678 ], [ 71.473693039679631, 51.155348830352033 ], [ 71.473767636358559, 51.15523929017975 ], [ 71.474347647395746, 51.155068204972501 ], [ 71.4738796, 51.1557326 ], [ 71.4749066, 51.1560172 ], [ 71.475108270298733, 51.155957712557864 ], [ 71.475172569817914, 51.155866412452703 ], [ 71.474966430899912, 51.155406487009238 ], [ 71.4750997, 51.1554454 ], [ 71.475301367569756, 51.155385912257103 ], [ 71.475348283797601, 51.155322688551038 ], [ 71.4753949, 51.155336 ], [ 71.476055295047004, 51.155141192857876 ], [ 71.4760459, 51.155363800000011 ], [ 71.4764345, 51.1553698 ], [ 71.476767, 51.1553118 ], [ 71.476968664747375, 51.155252309416873 ], [ 71.47697296428133, 51.155145709414946 ], [ 71.476745462973426, 51.154771809822364 ], [ 71.476598494377384, 51.154769545918406 ], [ 71.476745139207111, 51.154567517672845 ], [ 71.4773149, 51.1547225 ], [ 71.477517004138235, 51.154662368375298 ], [ 71.4775683, 51.1546757 ], [ 71.47776996092179, 51.154616208080924 ], [ 71.477791460752101, 51.154583608045868 ], [ 71.477733360765143, 51.154568508145836 ], [ 71.477543095668608, 51.15462463818205 ], [ 71.477599060838955, 51.154543708376394 ], [ 71.476900371627266, 51.154353656482286 ], [ 71.476939208665101, 51.154300150990558 ], [ 71.476759908767264, 51.154248952534317 ], [ 71.47664263670201, 51.154283548011257 ], [ 71.476577061015178, 51.154265710135576 ], [ 71.4763754, 51.1543252 ], [ 71.476337983711346, 51.154373420423212 ], [ 71.476395847350744, 51.154293833284399 ], [ 71.477398347806798, 51.153998091008724 ], [ 71.477489541611234, 51.153867089667031 ], [ 71.477292015511622, 51.15381299088849 ], [ 71.47744245770356, 51.153768608683123 ], [ 71.477533257066213, 51.153649308534128 ], [ 71.477713055130465, 51.153257008247024 ], [ 71.477556555138776, 51.153210108516632 ], [ 71.4773549, 51.1532696 ], [ 71.4771105, 51.1535906 ], [ 71.477052394358552, 51.153747362422578 ], [ 71.476853542551638, 51.153692899520323 ], [ 71.476507070408104, 51.153795110467243 ], [ 71.476972355585815, 51.153131409518139 ], [ 71.475625654297659, 51.152412911854007 ], [ 71.475403454602059, 51.152414112233373 ], [ 71.4752018, 51.1524736 ], [ 71.4747352, 51.1526819 ], [ 71.4747454, 51.1532091 ], [ 71.4756336, 51.1539053 ], [ 71.475885693893318, 51.153978415847966 ], [ 71.475721496403381, 51.154026853136344 ], [ 71.47503286109287, 51.153802012795829 ], [ 71.47496599642372, 51.153821736993898 ], [ 71.474997960794056, 51.153721912859481 ], [ 71.474782182600222, 51.153694708679851 ], [ 71.474839807846436, 51.153607369090047 ], [ 71.474657308052045, 51.153559970660169 ], [ 71.473649, 51.1538574 ], [ 71.473501439417248, 51.154081103003655 ], [ 71.473382427459683, 51.154061381418011 ], [ 71.4723741, 51.1543588 ], [ 71.472322300000016, 51.1544363 ], [ 71.473046309083756, 51.154624103908475 ], [ 71.47290352277102, 51.154666220254349 ], [ 71.472480544056069, 51.154548888995002 ] ], [ [ 71.474863598503759, 51.155177049495919 ], [ 71.474767266459239, 51.154962113190585 ], [ 71.474736344116081, 51.154953549233717 ], [ 71.474949312176037, 51.154890728238747 ], [ 71.475029902505199, 51.154759515754712 ], [ 71.475751391973731, 51.154546686584403 ], [ 71.475273445081356, 51.155205113150245 ], [ 71.475019666848567, 51.155131012751056 ], [ 71.474863598503759, 51.155177049495919 ] ], [ [ 71.4733973, 51.1546922 ], [ 71.473597, 51.1547463 ], [ 71.474403663129536, 51.154508357385858 ], [ 71.474472262153839, 51.154473256924433 ], [ 71.474692755550223, 51.154159655481912 ], [ 71.474451655721225, 51.154094357141922 ], [ 71.474138635606607, 51.154186691034404 ], [ 71.473942652678744, 51.154154215665308 ], [ 71.47460861696716, 51.153957770975197 ], [ 71.474646740337135, 51.153899990100712 ], [ 71.474754, 51.1539135 ], [ 71.474799010936678, 51.153900222496283 ], [ 71.4747908, 51.1539101 ], [ 71.47521776427557, 51.154049505889425 ], [ 71.474967458669809, 51.154123342578032 ], [ 71.474907462576809, 51.154106612994525 ], [ 71.4747058, 51.1541661 ], [ 71.4746392, 51.15426 ], [ 71.474722143382294, 51.154277307894233 ], [ 71.4746497, 51.1543833 ], [ 71.474763933172511, 51.154414014374439 ], [ 71.4746555, 51.154446 ], [ 71.474525789109833, 51.154624396466119 ], [ 71.474487507024804, 51.154614135461891 ], [ 71.473172808923962, 51.155001930125778 ], [ 71.473421770889985, 51.154651464063548 ], [ 71.47330709437297, 51.154619408924155 ], [ 71.473483136893549, 51.154567482477816 ], [ 71.4733973, 51.1546922 ] ] ], [ [ [ 71.473171185184341, 51.158800715721753 ], [ 71.4729343, 51.158872399999986 ], [ 71.472954, 51.1588948 ], [ 71.473190885254098, 51.158823015686963 ], [ 71.473171185184341, 51.158800715721753 ] ] ], [ [ [ 71.471301390229812, 51.159385918885206 ], [ 71.47117568978625, 51.159244019107057 ], [ 71.4706054, 51.1594319 ], [ 71.4706237, 51.1595039 ], [ 71.4706644, 51.1595499 ], [ 71.4707311, 51.1595738 ], [ 71.471080275923924, 51.159462943784419 ], [ 71.4710521, 51.159473 ], [ 71.4712187, 51.1596567 ], [ 71.473033899812549, 51.159121355750671 ], [ 71.473681856535791, 51.158913445556138 ], [ 71.473745855551655, 51.158857445236791 ], [ 71.473719709950814, 51.158827801288012 ], [ 71.474304320437938, 51.158655372384388 ], [ 71.475804098621637, 51.158112759716175 ], [ 71.475785406661004, 51.158092032745685 ], [ 71.476522087975837, 51.157843653654062 ], [ 71.476668180160445, 51.157527252486865 ], [ 71.47662681967067, 51.157483911463061 ], [ 71.478485874540539, 51.156935503418886 ], [ 71.47862386966726, 51.156884500622255 ], [ 71.47870156586194, 51.156835299060106 ], [ 71.478601862405938, 51.156737501162581 ], [ 71.478480265412983, 51.156757603641999 ], [ 71.476493111814989, 51.157343800376864 ], [ 71.476409288678511, 51.157255962451202 ], [ 71.476473, 51.157254 ], [ 71.478712417784237, 51.156593382850687 ], [ 71.4788169, 51.1567073 ], [ 71.479500744383273, 51.156505556801527 ], [ 71.4786793, 51.156794 ], [ 71.4788158, 51.1569279 ], [ 71.479824139542586, 51.156630425769158 ], [ 71.480105835391271, 51.15652602339064 ], [ 71.480072480266841, 51.156493687766265 ], [ 71.480375730943834, 51.15640422111727 ], [ 71.481011721584494, 51.156169115747197 ], [ 71.480909319921125, 51.156060116649122 ], [ 71.480740152041463, 51.15610795984918 ], [ 71.4814314130345, 51.155904012231403 ], [ 71.481476423473907, 51.155848168161903 ], [ 71.4815141, 51.1558839 ], [ 71.481796560569521, 51.155790901145927 ], [ 71.48165696018637, 51.155658601391018 ], [ 71.481620556949622, 51.155669341980939 ], [ 71.481697757224623, 51.155573559090179 ], [ 71.481998900160278, 51.155484707493045 ], [ 71.482130174336902, 51.155316131479871 ], [ 71.4825443, 51.1554492 ], [ 71.483552582506022, 51.155151694313531 ], [ 71.483644479458505, 51.155039193557606 ], [ 71.483553205944986, 51.155009866172328 ], [ 71.484238953007463, 51.154801497026028 ], [ 71.484800751360382, 51.154595296077325 ], [ 71.484734551143504, 51.15452439619397 ], [ 71.484677879638213, 51.154541119036843 ], [ 71.485261790981468, 51.154317290327398 ], [ 71.48574844817368, 51.154152894481776 ], [ 71.485724115642327, 51.154125428996501 ], [ 71.486474887651127, 51.153903875064273 ], [ 71.486775184166063, 51.153795773035476 ], [ 71.486720547557596, 51.153736078280723 ], [ 71.486828341676571, 51.153704267124489 ], [ 71.4868609, 51.1537397 ], [ 71.48706254436253, 51.153680192262264 ], [ 71.48728184372473, 51.153600891891919 ], [ 71.487259825901901, 51.153576930256804 ], [ 71.488223535033214, 51.153292518354206 ], [ 71.488793718453465, 51.153086408724384 ], [ 71.488695215153371, 51.152979210460742 ], [ 71.4869273, 51.153494 ], [ 71.486598908337228, 51.15360317728689 ], [ 71.486345307366861, 51.153326094139167 ], [ 71.489555929576383, 51.152378550093687 ], [ 71.489737120165501, 51.152298845209131 ], [ 71.488495658773061, 51.151022380161351 ], [ 71.48809502056568, 51.15089949195935 ], [ 71.488038062086247, 51.150837681824569 ], [ 71.4874309, 51.151027299999988 ], [ 71.487473381911727, 51.151071187164256 ], [ 71.486678672774119, 51.151305728731025 ], [ 71.486838934126538, 51.151238992768427 ], [ 71.487101033078957, 51.151078092329158 ], [ 71.487194532002164, 51.150857792180744 ], [ 71.486891331140896, 51.150563592713375 ], [ 71.486543731358012, 51.150505393309793 ], [ 71.4860234, 51.1506793 ], [ 71.4856812, 51.1508221 ], [ 71.48628912339889, 51.151420693156112 ], [ 71.485252892540245, 51.15172649820537 ], [ 71.485304960554046, 51.151645470584107 ], [ 71.48524864330011, 51.151627670628251 ], [ 71.485631190004952, 51.15151477749388 ], [ 71.485714187162557, 51.151408976812306 ], [ 71.484647787245478, 51.151079985999331 ], [ 71.4835052, 51.1514062 ], [ 71.483474113110674, 51.151447821086741 ], [ 71.4824155, 51.1517602 ], [ 71.4823273, 51.151875 ], [ 71.48283, 51.152027 ], [ 71.484102138176198, 51.151651608326638 ], [ 71.484138015132189, 51.151662676878487 ], [ 71.4829549, 51.152011799999983 ], [ 71.4828638, 51.1521251 ], [ 71.483076290666517, 51.152192292582917 ], [ 71.48253663066248, 51.152351534202801 ], [ 71.482535089770948, 51.152327100463339 ], [ 71.482321789861274, 51.152271001197391 ], [ 71.4819185, 51.15239 ], [ 71.4818824, 51.152444 ], [ 71.4818811, 51.152506 ], [ 71.481914380570785, 51.152530247093381 ], [ 71.481813, 51.1525769 ], [ 71.4817986, 51.1526385 ], [ 71.4818534, 51.1526953 ], [ 71.4820554, 51.1527501 ], [ 71.482235226224077, 51.15269703902927 ], [ 71.482189633207412, 51.152792199908198 ], [ 71.482154140762134, 51.152781406854473 ], [ 71.4811459, 51.1530789 ], [ 71.4807127, 51.1536386 ], [ 71.4809247, 51.1537032 ], [ 71.481827925235791, 51.153436698990141 ], [ 71.4815282, 51.1538726 ], [ 71.4817359, 51.1539288 ], [ 71.481937552083551, 51.153869301002864 ], [ 71.482336149044073, 51.153289600351755 ], [ 71.482128449081259, 51.153233400709254 ], [ 71.48204793444495, 51.153257157702093 ], [ 71.482189328100176, 51.153074477661399 ], [ 71.4823558, 51.1531199 ], [ 71.482958900231267, 51.152941942300068 ], [ 71.483045, 51.1529653 ], [ 71.483209600724862, 51.152916730117269 ], [ 71.4831336, 51.153251599999983 ], [ 71.4833502, 51.1533107 ], [ 71.484482247787923, 51.152976650840507 ], [ 71.4835195, 51.1533345 ], [ 71.4836173, 51.1534381 ], [ 71.48405824672497, 51.153289797411503 ], [ 71.484864828339781, 51.153051783644969 ], [ 71.485594417569459, 51.152780477485706 ], [ 71.485496515992949, 51.152676878347812 ], [ 71.485165410966914, 51.152774587863554 ], [ 71.485261209277866, 51.152636306196221 ], [ 71.48547270611887, 51.152573892974324 ], [ 71.485855579295361, 51.152912010289171 ], [ 71.4851362, 51.1531243 ], [ 71.484836, 51.1532324 ], [ 71.484845832238122, 51.153243144477052 ], [ 71.4844943, 51.1533594 ], [ 71.485196162665886, 51.154114404079941 ], [ 71.485100527596657, 51.154142625114993 ], [ 71.485074648916168, 51.154114595634155 ], [ 71.484873, 51.1541741 ], [ 71.4844839, 51.1543154 ], [ 71.4834257, 51.1547434 ], [ 71.483532291297706, 51.154848990167338 ], [ 71.483298391032491, 51.154927990195596 ], [ 71.48316427936247, 51.154884897696363 ], [ 71.48234043534832, 51.155127981545789 ], [ 71.482308793631788, 51.155086754968707 ], [ 71.482372687280716, 51.155004704423881 ], [ 71.482215487301261, 51.154956605778132 ], [ 71.48214595774698, 51.154977120806926 ], [ 71.482004756553209, 51.154925600834417 ], [ 71.4818031, 51.1549851 ], [ 71.481689406150991, 51.155111827078677 ], [ 71.48166290013873, 51.155119647641314 ], [ 71.48173005744826, 51.155047201297265 ], [ 71.481581257411264, 51.154992201554137 ], [ 71.4813796, 51.1550517 ], [ 71.4812193, 51.1552188 ], [ 71.481267092401936, 51.155236429150293 ], [ 71.4812072, 51.1552541 ], [ 71.48098403705319, 51.155540683861197 ], [ 71.4805942, 51.1556557 ], [ 71.48046840111887, 51.15581177411147 ], [ 71.480440975581246, 51.1557818823212 ], [ 71.480518650377178, 51.155677515382621 ], [ 71.480451722979197, 51.155657900914171 ], [ 71.480491313801323, 51.1556462203229 ], [ 71.480567510833566, 51.155532519701246 ], [ 71.480531663336293, 51.155523064375778 ], [ 71.480689303752854, 51.155242518735051 ], [ 71.480192004144868, 51.155105523015479 ], [ 71.480076532353593, 51.15513959094622 ], [ 71.479551060135734, 51.15498980502074 ], [ 71.4793494, 51.1550493 ], [ 71.479258, 51.1551753 ], [ 71.479612773875061, 51.155276413125279 ], [ 71.4791837, 51.155403 ], [ 71.4791003, 51.1555158 ], [ 71.479117885650879, 51.155520606911686 ], [ 71.47900334021098, 51.155661393961779 ], [ 71.4786546, 51.1557705 ], [ 71.4784356, 51.1561236 ], [ 71.478644700000018, 51.1561746 ], [ 71.479068145271313, 51.156049678073948 ], [ 71.4789719, 51.156179 ], [ 71.479029884239651, 51.156195977291766 ], [ 71.4786244, 51.1563156 ], [ 71.4784991, 51.1563608 ], [ 71.478511605207203, 51.156374434649415 ], [ 71.4762032, 51.1570554 ], [ 71.4759952, 51.1571451 ], [ 71.476100479872358, 51.15724632002302 ], [ 71.4753259, 51.15747480000001 ], [ 71.4751691, 51.1575383 ], [ 71.475205593603334, 51.158120499051108 ], [ 71.473273406954448, 51.158802477889928 ], [ 71.471224750251011, 51.159412616404289 ], [ 71.471301390229812, 51.159385918885206 ] ], [ [ 71.485545489637801, 51.154007701049117 ], [ 71.485557016273688, 51.154020296625553 ], [ 71.485490862233419, 51.154039818377221 ], [ 71.485481927444539, 51.154030954831867 ], [ 71.485545489637801, 51.154007701049117 ] ], [ [ 71.484793006834792, 51.152032984517241 ], [ 71.484820768119206, 51.15199814852847 ], [ 71.484866419676578, 51.152038465276931 ], [ 71.484424294841418, 51.152168935383671 ], [ 71.484431281268286, 51.152139728881934 ], [ 71.484793006834792, 51.152032984517241 ] ] ], [ [ [ 71.4712395, 51.160601 ], [ 71.4714654, 51.16084810000001 ], [ 71.472071089889752, 51.160656435354475 ], [ 71.47200767599378, 51.160587071275771 ], [ 71.472486016858923, 51.160446000202043 ], [ 71.4725531, 51.1605206 ], [ 71.47356155929522, 51.160223178329787 ], [ 71.474766741977319, 51.159797068147071 ], [ 71.474741273717115, 51.159768746919454 ], [ 71.476291708189308, 51.159311024687625 ], [ 71.4764934, 51.1594424 ], [ 71.477098447270976, 51.159263927999739 ], [ 71.47737904433491, 51.159124826583422 ], [ 71.477274302841181, 51.159017590320254 ], [ 71.477338342428126, 51.158987389655884 ], [ 71.477287040033971, 51.158909790479726 ], [ 71.47715133677022, 51.158783492622902 ], [ 71.477060831741241, 51.158799032816866 ], [ 71.476997340814378, 51.158734028598282 ], [ 71.4763923, 51.1589125 ], [ 71.4761251217911, 51.159073920497072 ], [ 71.4752366, 51.159336 ], [ 71.475168, 51.1593809 ], [ 71.475209506770767, 51.159455979678242 ], [ 71.474548807312473, 51.159676801816467 ], [ 71.474482774300171, 51.159603727224045 ], [ 71.474431074408344, 51.159600127400964 ], [ 71.473859, 51.1597792 ], [ 71.473744869929206, 51.159863258847714 ], [ 71.473725788934502, 51.159842014721953 ], [ 71.4735241, 51.1599015 ], [ 71.472787888325897, 51.160161789916394 ], [ 71.471875014223812, 51.1604419609289 ], [ 71.47184518836373, 51.160409336151041 ], [ 71.4712395, 51.160601 ] ] ], [ [ [ 71.47343048313769, 51.161010278869895 ], [ 71.473560213002258, 51.161287279962011 ], [ 71.4732372, 51.1613942 ], [ 71.4729652, 51.1615091 ], [ 71.4730761, 51.1616192 ], [ 71.4736305446107, 51.161437451525408 ], [ 71.4738476, 51.1619009 ], [ 71.4738989, 51.1619454 ], [ 71.474018, 51.162005 ], [ 71.474764739567149, 51.161784762991701 ], [ 71.4741687, 51.1619759 ], [ 71.4750113, 51.1629475 ], [ 71.478262847831303, 51.161987374078997 ], [ 71.478441143158179, 51.161922771368197 ], [ 71.477848525328838, 51.161279280769783 ], [ 71.476450545205083, 51.161691632835556 ], [ 71.476228372193276, 51.161435453704819 ], [ 71.476253992372975, 51.161426610324263 ], [ 71.476197457472821, 51.161362190287164 ], [ 71.476438333364456, 51.16129114272983 ], [ 71.476621626550397, 51.161216839018785 ], [ 71.476589310438612, 51.161132805365604 ], [ 71.477341978452529, 51.160910795664222 ], [ 71.4767891, 51.161119699999986 ], [ 71.4768959, 51.1612309 ], [ 71.479316146720251, 51.160516984227243 ], [ 71.480140517243271, 51.160205367524 ], [ 71.480033713212165, 51.160094269780203 ], [ 71.478554443650225, 51.160530642836825 ], [ 71.478426485001194, 51.160397406666576 ], [ 71.478175357821229, 51.160475566160407 ], [ 71.478012178149172, 51.160294281210561 ], [ 71.478921224945921, 51.159979956300376 ], [ 71.4789904, 51.1600007 ], [ 71.479576581015152, 51.159833204731278 ], [ 71.480119979417623, 51.159632803813551 ], [ 71.479929478796763, 51.159429604149182 ], [ 71.478610879107904, 51.159090306418008 ], [ 71.477841980136802, 51.159088707731073 ], [ 71.4755565, 51.1597613 ], [ 71.4757244, 51.159956200000011 ], [ 71.477642050796973, 51.159386075090943 ], [ 71.477814321797126, 51.159569346770787 ], [ 71.47716170116702, 51.159761855057155 ], [ 71.477036536731134, 51.159613231490518 ], [ 71.475721601683645, 51.160001091162584 ], [ 71.475636486631288, 51.159904611455914 ], [ 71.4752493, 51.1600285 ], [ 71.475327633979006, 51.160117293687847 ], [ 71.4746163, 51.1603271 ], [ 71.473839700000013, 51.1605914 ], [ 71.473890720143103, 51.160648698845485 ], [ 71.473580600297836, 51.160740163087084 ], [ 71.473548270095165, 51.16070720067821 ], [ 71.473652992635863, 51.160676314804022 ], [ 71.473593892410562, 51.16060571490852 ], [ 71.473480299405509, 51.160637900657917 ], [ 71.473291865918569, 51.160445780576303 ], [ 71.4722834, 51.1607432 ], [ 71.472122, 51.1608082 ], [ 71.4725712, 51.1612637 ], [ 71.472757228115327, 51.161208837062134 ], [ 71.4728503, 51.161306 ], [ 71.473051995908165, 51.161246515801537 ], [ 71.473440794752136, 51.161100115144947 ], [ 71.473371476790021, 51.161027681403098 ], [ 71.47343048313769, 51.161010278869895 ] ], [ [ 71.476217531179472, 51.160347427154989 ], [ 71.477950068010927, 51.159836379867187 ], [ 71.478104363893578, 51.159778577522218 ], [ 71.478046204020913, 51.15971755635519 ], [ 71.478656779487736, 51.159900655813004 ], [ 71.477185, 51.1603348 ], [ 71.47638888954981, 51.160611630729854 ], [ 71.476348594164648, 51.160506845045205 ], [ 71.476217531179472, 51.160347427154989 ] ] ], [ [ [ 71.472543021202284, 51.163548850687164 ], [ 71.4719379, 51.1637273 ], [ 71.471803100000017, 51.1638195 ], [ 71.4721064, 51.1639959 ], [ 71.472711524002378, 51.163817449783089 ], [ 71.472846922314773, 51.163729449102732 ], [ 71.472543021202284, 51.163548850687164 ] ] ], [ [ [ 71.4712586, 51.1640383 ], [ 71.471614109448254, 51.163932718121266 ], [ 71.471516109037665, 51.163807118294983 ], [ 71.4708267, 51.1640145 ], [ 71.4708947, 51.1640979 ], [ 71.4712586, 51.1640383 ] ] ], [ [ [ 71.4723395, 51.164100299999987 ], [ 71.472603008515406, 51.164025116427716 ], [ 71.472730507966972, 51.163937916214365 ], [ 71.472651407875645, 51.163892116351768 ], [ 71.4724497, 51.1639516 ], [ 71.4723205, 51.164041199999986 ], [ 71.4723064, 51.1640819 ], [ 71.4723395, 51.164100299999987 ] ] ], [ [ [ 71.4716383, 51.1649313 ], [ 71.472204212262398, 51.164768117071205 ], [ 71.472063425387233, 51.164530983170771 ], [ 71.47237461061674, 51.164440316796771 ], [ 71.472318810359255, 51.164363316895958 ], [ 71.47201522261966, 51.164449792382243 ], [ 71.471998045320831, 51.164420859559797 ], [ 71.472260710354135, 51.164344016996161 ], [ 71.471991109108515, 51.16397161747544 ], [ 71.4715256, 51.1641062 ], [ 71.471636835941325, 51.164259794688128 ], [ 71.4712362, 51.1643759 ], [ 71.4716383, 51.1649313 ] ] ], [ [ [ 71.472997065078843, 51.164343931553063 ], [ 71.473039809173784, 51.16431371566712 ], [ 71.473095908562087, 51.164189615577584 ], [ 71.472954308411573, 51.164110615823418 ], [ 71.4727526, 51.1641701 ], [ 71.4725431, 51.1643175 ], [ 71.4727511, 51.1644347 ], [ 71.47293442597315, 51.164380637155531 ], [ 71.4728241, 51.1644581 ], [ 71.4730359, 51.16457710000001 ], [ 71.473259, 51.1646176 ], [ 71.473460709662618, 51.164558114935922 ], [ 71.4735495092756, 51.16449621478742 ], [ 71.473180908880039, 51.164289715427351 ], [ 71.472997065078843, 51.164343931553063 ] ] ], [ [ [ 71.472531810406707, 51.164440716528283 ], [ 71.4723301, 51.1645002 ], [ 71.4722013, 51.1645978 ], [ 71.472559038021217, 51.164784725801944 ], [ 71.4717722, 51.1650015 ], [ 71.4718527, 51.1651024 ], [ 71.472757111869299, 51.164849516122821 ], [ 71.472729655354939, 51.164810399747672 ], [ 71.472853711412142, 51.164773815961659 ], [ 71.472982410809792, 51.164674515746903 ], [ 71.472531810406707, 51.164440716528283 ] ] ], [ [ [ 71.472621516023594, 51.165768816307889 ], [ 71.472493715509245, 51.165609916534194 ], [ 71.4720919, 51.1657327 ], [ 71.4725047, 51.1662457 ], [ 71.472889917214374, 51.166128115831313 ], [ 71.472761516698213, 51.16596861605867 ], [ 71.472735089195083, 51.165976409254625 ], [ 71.472578816139432, 51.165782316380145 ], [ 71.472621516023594, 51.165768816307889 ] ] ], [ [ [ 71.4739207, 51.166402 ], [ 71.474142858988429, 51.166335944231626 ], [ 71.474252295079225, 51.166933619119888 ], [ 71.474138619037433, 51.166939413657644 ], [ 71.4738419, 51.1670293 ], [ 71.4738182, 51.1671243 ], [ 71.4738665, 51.1671837 ], [ 71.474275084234151, 51.167058077788468 ], [ 71.4742845, 51.1671095 ], [ 71.4743238, 51.1671587 ], [ 71.475380816877376, 51.166826811541846 ], [ 71.475094541046104, 51.166490519008811 ], [ 71.475239015431356, 51.166447911803203 ], [ 71.475439114791513, 51.166362211465803 ], [ 71.474975513577348, 51.165936612279125 ], [ 71.474674495776981, 51.166038613530638 ], [ 71.474553814094492, 51.165924812999918 ], [ 71.4743521, 51.1659843 ], [ 71.47416101948113, 51.166064054789494 ], [ 71.474112715034806, 51.166004913749191 ], [ 71.4731486, 51.1663093 ], [ 71.4732708, 51.1664589 ], [ 71.4739207, 51.166402 ] ] ], [ [ [ 71.47327321825037, 51.166487415158507 ], [ 71.4728976, 51.1665979 ], [ 71.4731323, 51.1669127 ], [ 71.473357272958452, 51.166846639077598 ], [ 71.4733978, 51.1668987 ], [ 71.473796618804712, 51.166778914249868 ], [ 71.473603717993939, 51.166531114591841 ], [ 71.473359778467554, 51.166603517130731 ], [ 71.47327321825037, 51.166487415158507 ] ] ], [ [ [ 71.471652026212922, 51.167824817859682 ], [ 71.4712518, 51.1679482 ], [ 71.4713508, 51.168069 ], [ 71.471750926601231, 51.167945517684686 ], [ 71.471652026212922, 51.167824817859682 ] ] ], [ [ [ 71.473148724588981, 51.167915615298853 ], [ 71.473093724332088, 51.167839015396673 ], [ 71.4727378, 51.1679448 ], [ 71.4727941, 51.168018799999984 ], [ 71.473148724588981, 51.167915615298853 ] ] ], [ [ [ 71.4726727, 51.1682116 ], [ 71.472629323171063, 51.16826557501129 ], [ 71.472296600000021, 51.1683637 ], [ 71.472336577191598, 51.168414395307622 ], [ 71.4720995, 51.1684852 ], [ 71.4722503, 51.1686823 ], [ 71.472714827887557, 51.168543716008152 ], [ 71.472647927600008, 51.168456316126843 ], [ 71.472550463045962, 51.168412443768169 ], [ 71.473225581650851, 51.168217102014765 ], [ 71.4733221, 51.1683462 ], [ 71.47467596948556, 51.167939139092418 ], [ 71.474491567034306, 51.167692540074675 ], [ 71.47322866259502, 51.168064243444832 ], [ 71.473144751046704, 51.168069430937265 ], [ 71.4726727, 51.1682116 ] ] ], [ [ [ 71.472698125922804, 51.168083816059941 ], [ 71.472411900000012, 51.1681718 ], [ 71.4724857, 51.1682559 ], [ 71.472770526181321, 51.168166215932125 ], [ 71.472698125922804, 51.168083816059941 ] ] ], [ [ [ 71.472078027605534, 51.16827991710911 ], [ 71.4715898, 51.1684292 ], [ 71.4716595, 51.1685166 ], [ 71.472147727889293, 51.168367316985645 ], [ 71.472078027605534, 51.16827991710911 ] ] ], [ [ [ 71.4730393, 51.1688218 ], [ 71.473490727413463, 51.168675914676278 ], [ 71.473271226631525, 51.168426515063786 ], [ 71.473054627043894, 51.168454415432294 ], [ 71.4727683, 51.1685432 ], [ 71.4725406, 51.1686718 ], [ 71.472596061710121, 51.168789882155892 ], [ 71.4723259, 51.1688758 ], [ 71.4724576, 51.169018 ], [ 71.472805829327044, 51.168905215834421 ], [ 71.47277095662038, 51.168867561391295 ], [ 71.4730393, 51.1688218 ] ] ], [ [ [ 71.473575628018551, 51.16884241452285 ], [ 71.4727928, 51.1690972 ], [ 71.4729842, 51.1693211 ], [ 71.473767028728204, 51.16906631418464 ], [ 71.473575628018551, 51.16884241452285 ] ] ], [ [ [ 71.472659931206735, 51.169294716063916 ], [ 71.472508830704626, 51.169131416330252 ], [ 71.4721779, 51.169238 ], [ 71.4723289, 51.1694012 ], [ 71.472659931206735, 51.169294716063916 ] ] ], [ [ [ 71.471982963186605, 51.169111934800348 ], [ 71.4711837, 51.1693603 ], [ 71.4712881, 51.1694859 ], [ 71.472087363989942, 51.169237434431025 ], [ 71.471982963186605, 51.169111934800348 ] ] ], [ [ [ 71.471809232913273, 51.169424417510314 ], [ 71.4716075, 51.1694839 ], [ 71.4713588, 51.1695815 ], [ 71.4714566, 51.1696795 ], [ 71.471658333961827, 51.169620017758163 ], [ 71.471907033205014, 51.169522417338335 ], [ 71.471809232913273, 51.169424417510314 ] ] ], [ [ [ 71.474481931183078, 51.169857312923583 ], [ 71.473896128937113, 51.169154913959652 ], [ 71.4728178, 51.1695017 ], [ 71.472872519318145, 51.169598759047311 ], [ 71.4724866, 51.1697167 ], [ 71.4729376, 51.1702822 ], [ 71.473221048246785, 51.170197077951421 ], [ 71.4732649, 51.1702497 ], [ 71.474481931183078, 51.169857312923583 ] ] ], [ [ [ 71.472134834573964, 51.169910216929637 ], [ 71.4717883, 51.1700202 ], [ 71.4718741, 51.1701312 ], [ 71.47221533494519, 51.170021216786523 ], [ 71.472134834573964, 51.169910216929637 ] ] ], [ [ [ 71.4730561, 51.1714471 ], [ 71.4731441, 51.1715416 ], [ 71.4736086389657, 51.171385914337748 ], [ 71.473730538347652, 51.171280914134869 ], [ 71.473207536625296, 51.170719315056559 ], [ 71.4728416, 51.1708389 ], [ 71.4730561, 51.1714471 ] ] ], [ [ [ 71.474351356073896, 51.175575612857138 ], [ 71.4741496, 51.1756351 ], [ 71.4740527, 51.175685 ], [ 71.4741993, 51.175797 ], [ 71.474401056706782, 51.175737512764037 ], [ 71.474498056360787, 51.175687712600876 ], [ 71.474351356073896, 51.175575612857138 ] ] ], [ [ [ 71.473848357002467, 51.175633613713352 ], [ 71.4736466, 51.1756931 ], [ 71.4735206, 51.1757534 ], [ 71.473569344525984, 51.175793390430243 ], [ 71.47331490000002, 51.1758856 ], [ 71.4734162, 51.1759745 ], [ 71.473617958529402, 51.175915014092652 ], [ 71.473730258160629, 51.17586471390338 ], [ 71.473652506002495, 51.175796479627174 ], [ 71.473795857594567, 51.175754213796935 ], [ 71.473921857164086, 51.175693913584759 ], [ 71.473848357002467, 51.175633613713352 ] ] ], [ [ [ 71.4731134, 51.1760772 ], [ 71.473371859196959, 51.175992714509093 ], [ 71.473268458936417, 51.175900214690408 ], [ 71.4730667, 51.1759597 ], [ 71.4729441, 51.1760136 ], [ 71.4729978, 51.1760616 ], [ 71.4731134, 51.1760772 ] ] ], [ [ [ 71.4740677, 51.1762249 ], [ 71.474269458733886, 51.176165412967165 ], [ 71.474355925658841, 51.176109954991453 ], [ 71.474602557647785, 51.17601801240567 ], [ 71.474521157446247, 51.175946012548351 ], [ 71.4743194, 51.176005499999988 ], [ 71.4741907, 51.1760626 ], [ 71.474202684913379, 51.176073228705093 ], [ 71.4740739, 51.1761112 ], [ 71.4739806, 51.1761617 ], [ 71.4740677, 51.1762249 ] ] ], [ [ [ 71.473445959312798, 51.176042614380002 ], [ 71.4732442, 51.1761021 ], [ 71.473076031091011, 51.176172439414884 ], [ 71.473033560272299, 51.176136015079685 ], [ 71.4728318, 51.1761955 ], [ 71.4726863, 51.1762621 ], [ 71.4727734, 51.17633690000001 ], [ 71.472975160962278, 51.176277415172294 ], [ 71.473114427721654, 51.176213572170113 ], [ 71.4731778, 51.1762731 ], [ 71.47337956014151, 51.176213614484759 ], [ 71.473551459599463, 51.176141814194757 ], [ 71.473445959312798, 51.176042614380002 ] ] ], [ [ [ 71.472620161850486, 51.176372215773867 ], [ 71.472518061698437, 51.176305215951672 ], [ 71.4723163, 51.176364699999986 ], [ 71.4722499, 51.1764044 ], [ 71.472352, 51.1764714 ], [ 71.472553762111602, 51.176411915885275 ], [ 71.472620161850486, 51.176372215773867 ] ] ], [ [ [ 71.474241759238097, 51.176273413009007 ], [ 71.47404, 51.1763329 ], [ 71.4739414, 51.1763893 ], [ 71.4740606, 51.1764712 ], [ 71.474262359808208, 51.176411712966825 ], [ 71.474360959431507, 51.17635531280127 ], [ 71.474241759238097, 51.176273413009007 ] ] ], [ [ [ 71.472108463000453, 51.176478716642556 ], [ 71.4719067, 51.1765382 ], [ 71.4718085, 51.1765938 ], [ 71.4719138, 51.176667 ], [ 71.472115563547689, 51.176607516623896 ], [ 71.472213763175006, 51.176551916458962 ], [ 71.472108463000453, 51.176478716642556 ] ] ], [ [ [ 71.472855762379027, 51.176567915361545 ], [ 71.472785062257714, 51.17651781548485 ], [ 71.4725833, 51.1765773 ], [ 71.472485585359394, 51.176631493555632 ], [ 71.472459763117996, 51.176615416035553 ], [ 71.472296463395139, 51.17662861631382 ], [ 71.4720947, 51.1766881 ], [ 71.4720304, 51.1767287 ], [ 71.4722127, 51.1768421 ], [ 71.472414463901885, 51.176782616104482 ], [ 71.472556895788657, 51.176692658542066 ], [ 71.472714762907103, 51.176646115598444 ], [ 71.472855762379027, 51.176567915361545 ] ] ], [ [ [ 71.473384161608593, 51.176554414459652 ], [ 71.4731824, 51.176613899999985 ], [ 71.4727858, 51.1767979 ], [ 71.4729101, 51.1769031 ], [ 71.473111863225796, 51.176843614910133 ], [ 71.473508361896435, 51.176659714242177 ], [ 71.473384161608593, 51.176554414459652 ] ] ], [ [ [ 71.472662763357604, 51.176734115682805 ], [ 71.472461, 51.1767936 ], [ 71.472323500000016, 51.1768898 ], [ 71.4724433, 51.1769571 ], [ 71.472645064088297, 51.17689761570476 ], [ 71.472782663486555, 51.17680131547462 ], [ 71.472662763357604, 51.176734115682805 ] ] ], [ [ [ 71.474702240228908, 51.177325919092318 ], [ 71.47489796265431, 51.177268211837784 ], [ 71.474988762252238, 51.177203511685974 ], [ 71.474949699880554, 51.177181971696704 ], [ 71.475063861912375, 51.177148311560472 ], [ 71.475152061512077, 51.17708321141312 ], [ 71.475087361450122, 51.177048711525387 ], [ 71.4748856, 51.1771082 ], [ 71.474802419297077, 51.177169595287346 ], [ 71.474682, 51.1772051 ], [ 71.474595197539244, 51.177266855940942 ], [ 71.4743852, 51.1773218 ], [ 71.4742588, 51.1774118 ], [ 71.474397, 51.177488 ], [ 71.474598763750578, 51.177428512340747 ], [ 71.474725063191244, 51.177338512129559 ], [ 71.474702240228908, 51.177325919092318 ] ] ], [ [ [ 71.474004964039409, 51.177310213361004 ], [ 71.4738032, 51.1773697 ], [ 71.4737358, 51.1774332 ], [ 71.4738762, 51.1774918 ], [ 71.47407796446889, 51.177432313230135 ], [ 71.474145464103842, 51.177368913118052 ], [ 71.474004964039409, 51.177310213361004 ] ] ], [ [ [ 71.474132964374448, 51.17742761313643 ], [ 71.4739312, 51.177487099999986 ], [ 71.4738625, 51.1775468 ], [ 71.4739441, 51.1775836 ], [ 71.474145864774258, 51.177524113109513 ], [ 71.474214464424136, 51.177464512995343 ], [ 71.474132964374448, 51.17742761313643 ] ] ], [ [ [ 71.473827665286095, 51.177543313652059 ], [ 71.473604565104736, 51.177431814038798 ], [ 71.4734028, 51.1774913 ], [ 71.4733342, 51.1775452 ], [ 71.4735573, 51.1776567 ], [ 71.473759065611574, 51.177597213766504 ], [ 71.473827665286095, 51.177543313652059 ] ] ], [ [ [ 71.473907465716366, 51.177667713509464 ], [ 71.4737057, 51.1777272 ], [ 71.4735843, 51.1777909 ], [ 71.4736699, 51.177855 ], [ 71.473871666317137, 51.177795513564142 ], [ 71.473993065878574, 51.177731913359992 ], [ 71.473907465716366, 51.177667713509464 ] ] ], [ [ [ 71.474895287393281, 51.177658786063866 ], [ 71.475039963752536, 51.177566511580139 ], [ 71.474935363650118, 51.177510211761657 ], [ 71.474916543166415, 51.177515760836854 ], [ 71.474986563382686, 51.17746431167653 ], [ 71.47487296327337, 51.177403611873636 ], [ 71.4746712, 51.1774631 ], [ 71.4744809, 51.177603 ], [ 71.4745944, 51.1776637 ], [ 71.474623709932757, 51.177655058314194 ], [ 71.47465352844695, 51.177671107879974 ], [ 71.474573752607512, 51.177714357490771 ], [ 71.474512064971563, 51.177683912475914 ], [ 71.4743103, 51.1777434 ], [ 71.4741713, 51.1778541 ], [ 71.4742564, 51.177896099999984 ], [ 71.474361580343427, 51.177865089294613 ], [ 71.474316, 51.177903 ], [ 71.4744223, 51.1779532 ], [ 71.474624065727653, 51.177893712273963 ], [ 71.474738765160623, 51.177798312082871 ], [ 71.474709774457352, 51.177784621351385 ], [ 71.474881764689499, 51.177733911841884 ], [ 71.474947964410461, 51.177690011731023 ], [ 71.474895287393281, 51.177658786063866 ] ], [ [ 71.474532154077735, 51.177777687686465 ], [ 71.47458387270818, 51.177736498481067 ], [ 71.474613125416326, 51.177753814331346 ], [ 71.474532154077735, 51.177777687686465 ] ] ], [ [ [ 71.473273866881982, 51.177739814588072 ], [ 71.4730721, 51.1777993 ], [ 71.4729348, 51.1778952 ], [ 71.4730968, 51.1779864 ], [ 71.473298567657579, 51.177926914536421 ], [ 71.473435867058384, 51.177831114306748 ], [ 71.473273866881982, 51.177739814588072 ] ] ], [ [ [ 71.473886367307259, 51.178029113527224 ], [ 71.473753048758169, 51.178068419505991 ], [ 71.473788267474077, 51.178037113694366 ], [ 71.473707767429076, 51.178001613833672 ], [ 71.473591069854663, 51.178036019305338 ], [ 71.473620867614073, 51.178017313981314 ], [ 71.473510767464575, 51.177948414172867 ], [ 71.473309, 51.1780079 ], [ 71.4731857, 51.178085199999984 ], [ 71.4732958, 51.1781542 ], [ 71.473453593439274, 51.178107678961176 ], [ 71.4733828, 51.1781706 ], [ 71.4734632, 51.1782062 ], [ 71.473622057504997, 51.178159365022374 ], [ 71.473588, 51.1781979 ], [ 71.4737409, 51.1782467 ], [ 71.473942667914912, 51.178187213423044 ], [ 71.474036567323182, 51.178079613268096 ], [ 71.473886367307259, 51.178029113527224 ] ] ], [ [ [ 71.472797168772146, 51.178028415387764 ], [ 71.4725954, 51.1780879 ], [ 71.472515200000018, 51.1781475 ], [ 71.4726359, 51.1782114 ], [ 71.472837669251504, 51.178151915312327 ], [ 71.472917868885759, 51.178092315178361 ], [ 71.472797168772146, 51.178028415387764 ] ] ], [ [ [ 71.4739997, 51.1782101 ], [ 71.4738983, 51.178304 ], [ 71.4740192, 51.1783553 ], [ 71.474220968009391, 51.178295812942174 ], [ 71.474322367466755, 51.178201912773709 ], [ 71.474273556563006, 51.178181201570958 ], [ 71.474388764657263, 51.178147234518704 ], [ 71.4745067, 51.1782068 ], [ 71.474708466710325, 51.178147312116977 ], [ 71.47482466610191, 51.17804281192376 ], [ 71.474628265995676, 51.17795701226359 ], [ 71.4742138, 51.1780627 ], [ 71.474140300000016, 51.1781198 ], [ 71.474201328576939, 51.178150653914486 ], [ 71.4739997, 51.1782101 ] ] ], [ [ [ 71.4724842, 51.1785231 ], [ 71.472685970803596, 51.1784636155557 ], [ 71.472742319382618, 51.178417193080044 ], [ 71.4727705, 51.1784323 ], [ 71.472926047264068, 51.178386442301125 ], [ 71.4729458, 51.1783988 ], [ 71.473035111634815, 51.17837246942652 ], [ 71.4731215, 51.1784266 ], [ 71.473323269527512, 51.178367114471961 ], [ 71.473433169081062, 51.178298114287728 ], [ 71.47333916895353, 51.178239314451275 ], [ 71.473278392005426, 51.178257232771251 ], [ 71.473312368974945, 51.178235914497222 ], [ 71.4732117688377, 51.178172814672259 ], [ 71.47301, 51.1782323 ], [ 71.472972171202628, 51.178256043423616 ], [ 71.472896569447116, 51.178215515208521 ], [ 71.4726948, 51.178275 ], [ 71.472663325366753, 51.178298058619895 ], [ 71.472550570016736, 51.17823941579833 ], [ 71.4723488, 51.1782989 ], [ 71.4722024, 51.1784195 ], [ 71.4724842, 51.1785231 ] ] ], [ [ [ 71.4742368, 51.144514 ], [ 71.4741467, 51.1446585 ], [ 71.474283, 51.144692 ], [ 71.47448462225384, 51.144632514196445 ], [ 71.474548762201053, 51.144531017180228 ], [ 71.474725021267844, 51.144479013793791 ], [ 71.474752621052502, 51.144437713748751 ], [ 71.474633856628046, 51.144406469695369 ], [ 71.474807920621629, 51.144355113658513 ], [ 71.474910619866776, 51.14421221349042 ], [ 71.474774219884694, 51.144173813725239 ], [ 71.4745726, 51.14423330000001 ], [ 71.474478632042235, 51.144365633605808 ], [ 71.474420021122683, 51.144350214321037 ], [ 71.4742184, 51.1444097 ], [ 71.4741908, 51.144451 ], [ 71.474327996719282, 51.144487093700782 ], [ 71.4742368, 51.144514 ] ] ], [ [ [ 71.47525761972625, 51.144287912894157 ], [ 71.4750723197686, 51.144239913212957 ], [ 71.4748707, 51.1442994 ], [ 71.4747872, 51.1444275 ], [ 71.474973, 51.1444745 ], [ 71.475174620386426, 51.144415013029416 ], [ 71.47525761972625, 51.144287912894157 ] ] ], [ [ [ 71.4751342, 51.1446322 ], [ 71.4750094, 51.1448086 ], [ 71.4751125, 51.1448366 ], [ 71.4752814, 51.1448447 ], [ 71.47548302156865, 51.144785212484123 ], [ 71.47552615254024, 51.144724473977412 ], [ 71.4755663, 51.1447356 ], [ 71.475767920714318, 51.144676112003246 ], [ 71.475942319405092, 51.144427111718116 ], [ 71.475502919473257, 51.14430581247445 ], [ 71.4751747, 51.1444169 ], [ 71.475064618582323, 51.144572376801982 ], [ 71.474985021221187, 51.144549313346332 ], [ 71.47485076802073, 51.14458892368468 ], [ 71.474788321589969, 51.144573413680931 ], [ 71.4745867, 51.1446329 ], [ 71.4744955, 51.1447776 ], [ 71.4745724, 51.1447967 ], [ 71.474721669513656, 51.14475265982599 ], [ 71.4748562, 51.144790699999987 ], [ 71.475057821908081, 51.144731213212793 ], [ 71.475140808628879, 51.144617683048523 ], [ 71.475162772283625, 51.144623769916535 ], [ 71.4751342, 51.1446322 ] ] ], [ [ [ 71.475393927102445, 51.14603981257266 ], [ 71.475211527159445, 51.145996112886287 ], [ 71.4750099, 51.1460556 ], [ 71.4749855, 51.1460957 ], [ 71.4751679, 51.1461395 ], [ 71.475369527308771, 51.146080012612273 ], [ 71.475393927102445, 51.14603981257266 ] ] ], [ [ [ 71.474700100000021, 51.1463272 ], [ 71.474901728748591, 51.146267713401457 ], [ 71.474972528206195, 51.146164113285828 ], [ 71.474897428220132, 51.14614391341506 ], [ 71.4746958, 51.146203399999983 ], [ 71.474632422068581, 51.146296139482196 ], [ 71.474557501794337, 51.146228724716146 ], [ 71.474743187256607, 51.146173942054411 ], [ 71.474860584687718, 51.146012141477676 ], [ 71.474538484796298, 51.145920043141494 ], [ 71.4739336, 51.1460985 ], [ 71.4738161, 51.1462604 ], [ 71.473996192779779, 51.146311823296166 ], [ 71.4738112, 51.1463664 ], [ 71.4736646, 51.146484 ], [ 71.4735867, 51.1465902 ], [ 71.4737515, 51.146637699999985 ], [ 71.4739886, 51.1466389 ], [ 71.47459349157036, 51.146460442777624 ], [ 71.474678789720173, 51.146344142358394 ], [ 71.474649200089502, 51.146313509219084 ], [ 71.474700100000021, 51.1463272 ] ] ], [ [ [ 71.4728944, 51.146312 ], [ 71.4730887, 51.1463667 ], [ 71.4732444, 51.1463802 ], [ 71.473446030937083, 51.146320715884187 ], [ 71.473513230441398, 51.146226815774192 ], [ 71.47339803045665, 51.146194415972531 ], [ 71.47314163077678, 51.146188616410591 ], [ 71.47294, 51.1462481 ], [ 71.4728944, 51.146312 ] ] ], [ [ [ 71.473491131167691, 51.146388215803753 ], [ 71.4732895, 51.1464477 ], [ 71.4732578, 51.146492 ], [ 71.4733257, 51.1465111 ], [ 71.473527331392546, 51.146451615738741 ], [ 71.473559031158686, 51.146407315686858 ], [ 71.473491131167691, 51.146388215803753 ] ] ], [ [ [ 71.475450428463404, 51.146372812459305 ], [ 71.475280028486978, 51.146325112752649 ], [ 71.4747105, 51.1464934 ], [ 71.474482, 51.1467127 ], [ 71.4744124, 51.1468098 ], [ 71.4751472, 51.1470174 ], [ 71.475348831125189, 51.146957912603106 ], [ 71.475548929384189, 51.146616912278759 ], [ 71.475450428463404, 51.146372812459305 ] ] ], [ [ [ 71.474270444198268, 51.149650514307936 ], [ 71.4740688, 51.14971 ], [ 71.4740401, 51.1497517 ], [ 71.4741136, 51.1497716 ], [ 71.47431524440384, 51.149712114228329 ], [ 71.474343944185193, 51.149670414181436 ], [ 71.474270444198268, 51.149650514307936 ] ] ], [ [ [ 71.474128145601483, 51.149931214536686 ], [ 71.4739265, 51.149990699999989 ], [ 71.4739144, 51.1500063 ], [ 71.4739455, 51.1500157 ], [ 71.474147145683801, 51.149956214502986 ], [ 71.474159145600737, 51.149940714483279 ], [ 71.474128145601483, 51.149931214536686 ] ] ], [ [ [ 71.473905555964237, 51.15226241479872 ], [ 71.4737039, 51.1523219 ], [ 71.4737071, 51.152399 ], [ 71.4739295, 51.152395299999988 ], [ 71.474131155977318, 51.152335814409788 ], [ 71.474127855649343, 51.152258814419319 ], [ 71.473905555964237, 51.15226241479872 ] ] ], [ [ [ 71.474207958456802, 51.152934114248353 ], [ 71.4739774, 51.1529937 ], [ 71.4739774, 51.1530132 ], [ 71.474207958541413, 51.152953714247353 ], [ 71.474207958456802, 51.152934114248353 ] ] ], [ [ [ 71.47505, 51.1560506 ], [ 71.4750103, 51.1561088 ], [ 71.4750792, 51.1561273 ], [ 71.475269071095951, 51.156071292811269 ], [ 71.4755997, 51.1561686 ], [ 71.475945, 51.156199399999984 ], [ 71.476139654681305, 51.156141980094539 ], [ 71.4761889, 51.1561979 ], [ 71.47800390514162, 51.155662480943533 ], [ 71.47904887841446, 51.155300665049587 ], [ 71.478955075413182, 51.155194166539729 ], [ 71.478397252845497, 51.155358733313697 ], [ 71.478600413519359, 51.155043236619484 ], [ 71.478441713625372, 51.154998637985706 ], [ 71.4774334, 51.1552961 ], [ 71.47732360774404, 51.155451116129271 ], [ 71.477155206390961, 51.155429894092428 ], [ 71.4753402, 51.1559653 ], [ 71.475309279326865, 51.156006580548706 ], [ 71.475251670249804, 51.155991112311298 ], [ 71.47505, 51.1560506 ] ] ], [ [ [ 71.474958276877175, 51.157434412739185 ], [ 71.4747012, 51.1575157 ], [ 71.4747361, 51.1575506 ], [ 71.474993176980874, 51.157469312677819 ], [ 71.474958276877175, 51.157434412739185 ] ] ], [ [ [ 71.474812079192631, 51.157925012963993 ], [ 71.474553, 51.1580046 ], [ 71.4745846, 51.1580401 ], [ 71.474843679303376, 51.157960512908225 ], [ 71.474812079192631, 51.157925012963993 ] ] ], [ [ [ 71.474649279841145, 51.158024413236959 ], [ 71.4742502, 51.1581534 ], [ 71.4743213, 51.1582328 ], [ 71.474720380088257, 51.158103813111516 ], [ 71.474649279841145, 51.158024413236959 ] ] ], [ [ [ 71.474176586984171, 51.159531013967865 ], [ 71.4738489, 51.1596353 ], [ 71.4739274, 51.159722 ], [ 71.474254987252579, 51.159617613829596 ], [ 71.474176586984171, 51.159531013967865 ] ] ], [ [ [ 71.474530788891528, 51.160083113335041 ], [ 71.4741755, 51.1601975 ], [ 71.4742523, 51.1602898 ], [ 71.474609789189799, 51.160176813195385 ], [ 71.474530788891528, 51.160083113335041 ] ] ], [ [ [ 71.4764748, 51.163557 ], [ 71.476897300110977, 51.163418709124713 ], [ 71.476720699508732, 51.163224209436166 ], [ 71.476466384022743, 51.163302477865187 ], [ 71.476292899597823, 51.163111410172448 ], [ 71.4758705, 51.1632497 ], [ 71.476047, 51.1634442 ], [ 71.476301316540727, 51.1633659324471 ], [ 71.4764748, 51.163557 ] ] ], [ [ [ 71.474914859717984, 51.165294765490842 ], [ 71.4739063, 51.1655922 ], [ 71.4736971, 51.165745200000011 ], [ 71.4739462, 51.1658791 ], [ 71.474954765646615, 51.165581665077461 ], [ 71.475163960930288, 51.165428563329854 ], [ 71.474914859717984, 51.165294765490842 ] ] ], [ [ [ 71.4752619, 51.1661373 ], [ 71.475616013058769, 51.166016311181224 ], [ 71.475581311834489, 51.165722111255391 ], [ 71.475507411648053, 51.16565591138496 ], [ 71.4753057, 51.1657154 ], [ 71.4749632, 51.165862 ], [ 71.4752619, 51.1661373 ] ] ], [ [ [ 71.4753694, 51.1662736 ], [ 71.4756017, 51.1664467 ], [ 71.475803414408716, 51.166387210842402 ], [ 71.47598141380945, 51.166304010542603 ], [ 71.475731013166083, 51.166077010981752 ], [ 71.4755293, 51.1661365 ], [ 71.475396500000016, 51.1662065 ], [ 71.4753694, 51.1662736 ] ] ], [ [ [ 71.475829230029888, 51.166612348766854 ], [ 71.476123314535485, 51.166516310289509 ], [ 71.475981114203861, 51.166395210538504 ], [ 71.4756936, 51.1664883 ], [ 71.475741702504806, 51.166532959022 ], [ 71.475606215230442, 51.16651591117266 ], [ 71.4754045, 51.1665754 ], [ 71.4752782, 51.1666299 ], [ 71.4752712, 51.1666942 ], [ 71.4753985, 51.1668102 ], [ 71.475600216252971, 51.166750711170998 ], [ 71.47585861542268, 51.166639110735346 ], [ 71.475829230029888, 51.166612348766854 ] ] ], [ [ [ 71.47662653196636, 51.166947119158039 ], [ 71.4754039, 51.1673124 ], [ 71.4754951, 51.1674302 ], [ 71.476191997301683, 51.167229214754066 ], [ 71.476234977929877, 51.167282359714441 ], [ 71.4759407, 51.1673689 ], [ 71.4760664, 51.1675378 ], [ 71.476469317971166, 51.16741940965283 ], [ 71.476432476687663, 51.167369936666404 ], [ 71.476862533862231, 51.167240118322241 ], [ 71.476824232582857, 51.167080118469286 ], [ 71.476779132223101, 51.167024418628976 ], [ 71.47662653196636, 51.166947119158039 ] ] ], [ [ [ 71.47502092119079, 51.167712912111618 ], [ 71.4746998, 51.1678111 ], [ 71.4747548, 51.16787 ], [ 71.475077221394926, 51.167777712012189 ], [ 71.47502092119079, 51.167712912111618 ] ] ], [ [ [ 71.4768882, 51.1680093 ], [ 71.477643655405302, 51.167778323911662 ], [ 71.477370152522482, 51.167470625359755 ], [ 71.4766147, 51.1677016 ], [ 71.476667892794424, 51.167761444705349 ], [ 71.4765375, 51.1677999 ], [ 71.4759645, 51.1680322 ], [ 71.4759403, 51.1682004 ], [ 71.476819968568506, 51.167932536975883 ], [ 71.4768882, 51.1680093 ] ] ], [ [ [ 71.476094944460726, 51.168227220844066 ], [ 71.4756915, 51.1683462 ], [ 71.474644, 51.1687061 ], [ 71.4750216, 51.1691476 ], [ 71.475425053191657, 51.169028623051069 ], [ 71.476487547194765, 51.168666019458563 ], [ 71.476094944460726, 51.168227220844066 ] ] ], [ [ [ 71.476540325006198, 51.169069709447946 ], [ 71.4760718, 51.1692163 ], [ 71.4761415, 51.1693004 ], [ 71.476610125275528, 51.16915380932447 ], [ 71.476540325006198, 51.169069709447946 ] ] ], [ [ [ 71.4752465, 51.1695312 ], [ 71.475541127947906, 51.169438911135735 ], [ 71.475314427162274, 51.169186411535705 ], [ 71.474911, 51.1693171 ], [ 71.4750667, 51.1694905 ], [ 71.4752465, 51.1695312 ] ] ], [ [ [ 71.4746125, 51.1703451 ], [ 71.4736063, 51.1708792 ], [ 71.4746615, 51.172016 ], [ 71.475064978953455, 51.171897023990525 ], [ 71.477761863672185, 51.170912754149555 ], [ 71.47796953081442, 51.170859506916294 ], [ 71.47813323032976, 51.17079840663979 ], [ 71.477949129740807, 51.170604706964035 ], [ 71.477589051517413, 51.170723302585763 ], [ 71.477319984754914, 51.170433487900311 ], [ 71.47750852169591, 51.170374734709213 ], [ 71.4775707, 51.1704324 ], [ 71.477772428977246, 51.170372907277589 ], [ 71.477922828498862, 51.170309107023954 ], [ 71.477811228202015, 51.170205607219792 ], [ 71.477605856763532, 51.170266645472978 ], [ 71.477358627892798, 51.169992908003579 ], [ 71.47701347761533, 51.170103340473041 ], [ 71.476908825498967, 51.169990615451006 ], [ 71.477254027534215, 51.169877308188084 ], [ 71.477236548742525, 51.169858122343449 ], [ 71.4774692, 51.170059299999984 ], [ 71.477670927501777, 51.16999980746985 ], [ 71.4780456263845, 51.169858106837097 ], [ 71.478024633888865, 51.169836286504236 ], [ 71.478277125614497, 51.169752106447113 ], [ 71.478159125337513, 51.169651206653761 ], [ 71.477920119780208, 51.169727650519349 ], [ 71.47786562581858, 51.169671007154008 ], [ 71.477623225841029, 51.169600607571567 ], [ 71.4773693, 51.1696799 ], [ 71.477166512326789, 51.169781245683488 ], [ 71.4770406951327, 51.169643139539275 ], [ 71.477201526388114, 51.169595708292029 ], [ 71.47740002575722, 51.169511607957283 ], [ 71.477341025589567, 51.169454408060922 ], [ 71.4769328, 51.1695947 ], [ 71.476977632432465, 51.169635183039645 ], [ 71.4766384, 51.169746799999984 ], [ 71.476670455270437, 51.169781957592974 ], [ 71.475827859894693, 51.169929821583857 ], [ 71.4754244, 51.1700488 ], [ 71.4746125, 51.1703451 ] ] ], [ [ [ 71.476134337859364, 51.171917409997022 ], [ 71.4753748, 51.1721663 ], [ 71.4755243, 51.1723395 ], [ 71.476283938405871, 51.172090509732762 ], [ 71.476134337859364, 51.171917409997022 ] ] ], [ [ [ 71.4753494, 51.172891099999987 ], [ 71.4756768, 51.1732341 ], [ 71.47587854363762, 51.173174610370225 ], [ 71.476246495411914, 51.173036593565463 ], [ 71.4762683, 51.173059 ], [ 71.476470042083704, 51.172999509368829 ], [ 71.477144140060616, 51.17274160823056 ], [ 71.477100080155381, 51.172696363606569 ], [ 71.477558401952848, 51.172517804999494 ], [ 71.477584, 51.1725416 ], [ 71.477785738074388, 51.172482107147914 ], [ 71.478056600553529, 51.172367453784801 ], [ 71.478121, 51.1724352 ], [ 71.478322736890846, 51.172375706236146 ], [ 71.479312933956408, 51.172005504563764 ], [ 71.47910513329218, 51.171787004929747 ], [ 71.4789034, 51.1718465 ], [ 71.4779132, 51.1722166 ], [ 71.477943131344034, 51.172248087121218 ], [ 71.477533790303198, 51.172407285460338 ], [ 71.477509638023392, 51.172384207624432 ], [ 71.4773079, 51.1724437 ], [ 71.476878297436059, 51.172628344006348 ], [ 71.476163296083669, 51.17289483431135 ], [ 71.476031574406477, 51.172756794670526 ], [ 71.476895339084649, 51.17243820867089 ], [ 71.476882131723613, 51.172418549601737 ], [ 71.477023338647214, 51.172376908455362 ], [ 71.477793758312572, 51.172070480948435 ], [ 71.477999235765793, 51.172014506806974 ], [ 71.47824483499096, 51.171911806392707 ], [ 71.478105434612274, 51.171780706637442 ], [ 71.4779037, 51.1718402 ], [ 71.477705136681863, 51.171923116625074 ], [ 71.477673035673405, 51.171891407370339 ], [ 71.4774713, 51.1719509 ], [ 71.476685837118183, 51.172263250803866 ], [ 71.47658223852207, 51.172210409217186 ], [ 71.476051, 51.1723934 ], [ 71.476010639566667, 51.172442040206811 ], [ 71.4758402, 51.1724923 ], [ 71.47531450000001, 51.1726908 ], [ 71.4754307, 51.1728118 ], [ 71.475808234073753, 51.172685966617671 ], [ 71.475825339118316, 51.172718194278772 ], [ 71.4753494, 51.172891099999987 ] ] ], [ [ [ 71.477017042207493, 51.173198708424479 ], [ 71.476938141967182, 51.173118508563299 ], [ 71.4765606, 51.173246 ], [ 71.4766394, 51.1733262 ], [ 71.477017042207493, 51.173198708424479 ] ] ], [ [ [ 71.476376042840542, 51.173145309521999 ], [ 71.4761743, 51.1732048 ], [ 71.4759755, 51.1732862 ], [ 71.4760434, 51.1733514 ], [ 71.476245143650573, 51.17329190973814 ], [ 71.476443943030844, 51.173210509402715 ], [ 71.476376042840542, 51.173145309521999 ] ] ], [ [ [ 71.4760272, 51.1735235 ], [ 71.476536243592363, 51.173369209237016 ], [ 71.476447143221876, 51.173255709394951 ], [ 71.4761656, 51.1733398 ], [ 71.475959, 51.1734367 ], [ 71.4760272, 51.1735235 ] ] ], [ [ [ 71.47688504818062, 51.174539508581972 ], [ 71.4766833, 51.174599 ], [ 71.4765722, 51.174687499999983 ], [ 71.4767473, 51.1747739 ], [ 71.476949048850358, 51.174714408463778 ], [ 71.477060048318236, 51.174625908278678 ], [ 71.47688504818062, 51.174539508581972 ] ] ], [ [ [ 71.475755850569115, 51.1747400105005 ], [ 71.4755541, 51.1747995 ], [ 71.4753932, 51.1748668 ], [ 71.4755046, 51.1749716 ], [ 71.475706351379714, 51.174912110576308 ], [ 71.475867250871985, 51.174844810304911 ], [ 71.475755850569115, 51.1747400105005 ] ] ], [ [ [ 71.476192650659499, 51.17489710974646 ], [ 71.4759909, 51.1749566 ], [ 71.4759113, 51.1749999 ], [ 71.476006900000016, 51.175069 ], [ 71.476208651123798, 51.175009509713448 ], [ 71.476288250829342, 51.174966209579672 ], [ 71.476192650659499, 51.17489710974646 ] ] ], [ [ [ 71.4750370526137, 51.174988911715623 ], [ 71.4748353, 51.1750484 ], [ 71.4746958, 51.1751089 ], [ 71.4747924, 51.1751829 ], [ 71.475133552832489, 51.175069611546697 ], [ 71.4750370526137, 51.174988911715623 ] ] ], [ [ [ 71.475517352454006, 51.175101710889543 ], [ 71.475409652195424, 51.17500831107823 ], [ 71.4752079, 51.1750678 ], [ 71.4750621, 51.1751339 ], [ 71.4751698, 51.1752273 ], [ 71.475371552936238, 51.175167811135225 ], [ 71.475517352454006, 51.175101710889543 ] ] ], [ [ [ 71.474776555293815, 51.175527712133288 ], [ 71.474945854757451, 51.175456411847705 ], [ 71.47485519254667, 51.17537186087511 ], [ 71.475128453715556, 51.17527231154515 ], [ 71.475022953453987, 51.175178911730065 ], [ 71.474747256129959, 51.175271199587165 ], [ 71.474736654196008, 51.175261312214921 ], [ 71.4745349, 51.1753208 ], [ 71.4743656, 51.1753922 ], [ 71.4745748, 51.1755872 ], [ 71.474776555293815, 51.175527712133288 ] ] ], [ [ [ 71.4752436, 51.1754502 ], [ 71.47553995351285, 51.175353710838174 ], [ 71.475660153055188, 51.175285310636319 ], [ 71.475543952708207, 51.175168810840702 ], [ 71.4752155, 51.1752779 ], [ 71.4751727, 51.1753791 ], [ 71.4752436, 51.1754502 ] ] ], [ [ [ 71.475874253789399, 51.175521910258645 ], [ 71.475798353567058, 51.175446810392089 ], [ 71.4755966, 51.1755063 ], [ 71.4752219, 51.1756576 ], [ 71.4754858, 51.175916099999988 ], [ 71.475828665034314, 51.175800030769786 ], [ 71.4759515, 51.175932 ], [ 71.476412954173853, 51.175778809325514 ], [ 71.47637872877992, 51.175742032753057 ], [ 71.476800652864171, 51.175596708672536 ], [ 71.476746952690149, 51.175539708767147 ], [ 71.476322610020162, 51.175681730719958 ], [ 71.47624163530476, 51.175594719555178 ], [ 71.476657752420465, 51.175449508924068 ], [ 71.47659985222964, 51.175387309026107 ], [ 71.4763981, 51.1754468 ], [ 71.4760823, 51.1755624 ], [ 71.476094246247825, 51.175575211337382 ], [ 71.47587454670294, 51.175648410863417 ], [ 71.475874253789399, 51.175521910258645 ] ] ], [ [ [ 71.4750335564691, 51.175879711676487 ], [ 71.475115556182203, 51.175838911538499 ], [ 71.474987755918264, 51.175738011761894 ], [ 71.474786, 51.1757975 ], [ 71.4746416, 51.1758693 ], [ 71.4747297, 51.175939 ], [ 71.4748318, 51.1759392 ], [ 71.4750335564691, 51.175879711676487 ] ] ], [ [ [ 71.475467112557226, 51.175909622210483 ], [ 71.4750636, 51.1760286 ], [ 71.4747735, 51.1762137 ], [ 71.4749291, 51.1763096 ], [ 71.475332615349217, 51.176190622641492 ], [ 71.475622712966938, 51.176005521669204 ], [ 71.475467112557226, 51.175909622210483 ] ] ], [ [ [ 71.477321128716923, 51.176894669869 ], [ 71.477222, 51.1769239 ], [ 71.4770344, 51.177029 ], [ 71.477058581712569, 51.177045959966641 ], [ 71.4769194, 51.177087 ], [ 71.4767981, 51.177152 ], [ 71.476873885395307, 51.177207563085922 ], [ 71.476769559319251, 51.177238325076381 ], [ 71.476553759734841, 51.177109109017607 ], [ 71.476352, 51.177168599999987 ], [ 71.4762738, 51.1772199 ], [ 71.4764216, 51.1773084 ], [ 71.4763938, 51.1773267 ], [ 71.4765735, 51.1774343 ], [ 71.476964260118351, 51.177325808305469 ], [ 71.477063259712992, 51.177262908139568 ], [ 71.476988273859547, 51.177216512034768 ], [ 71.477117159275465, 51.17717850805176 ], [ 71.477238458830982, 51.177113507847878 ], [ 71.477212267971964, 51.177094305802918 ], [ 71.477354358410622, 51.177052407653001 ], [ 71.477443361274439, 51.177002470871074 ], [ 71.4774553, 51.177013 ], [ 71.477714026288993, 51.176930517626964 ], [ 71.4778189, 51.1770327 ], [ 71.478020657170134, 51.176973206518944 ], [ 71.478600555376886, 51.176739205540315 ], [ 71.478542830647427, 51.176682962512388 ], [ 71.478773054515415, 51.176593705253062 ], [ 71.478477353765854, 51.176328105771603 ], [ 71.478234573445889, 51.176405542316928 ], [ 71.478083222552883, 51.176272226531722 ], [ 71.478594252504692, 51.176072805584887 ], [ 71.478293251641276, 51.175779206113887 ], [ 71.4780915, 51.1758387 ], [ 71.477705753776164, 51.175994162941144 ], [ 71.477677853281705, 51.17596680715549 ], [ 71.477476100000018, 51.1760263 ], [ 71.477275610486515, 51.17610663002764 ], [ 71.477263254392511, 51.176094507857165 ], [ 71.4770615, 51.176154 ], [ 71.476725863915874, 51.176288540576046 ], [ 71.476696155889144, 51.176263908817212 ], [ 71.4764944, 51.1763234 ], [ 71.476248, 51.1764402 ], [ 71.4765569, 51.1766964 ], [ 71.476758657417363, 51.176636908691542 ], [ 71.47693442869577, 51.176553621874945 ], [ 71.477321128716923, 51.176894669869 ] ], [ [ 71.47689293378177, 51.176403519926325 ], [ 71.476874434964117, 51.176411724484637 ], [ 71.476871988484049, 51.176409696054854 ], [ 71.47689293378177, 51.176403519926325 ] ], [ [ 71.477346125760107, 51.176229192370869 ], [ 71.47755145434428, 51.176173207360918 ], [ 71.477725920497534, 51.176103230759786 ], [ 71.477803359931698, 51.176178766472781 ], [ 71.477145007035332, 51.176309811998344 ], [ 71.477346125760107, 51.176229192370869 ] ] ], [ [ [ 71.476016557566794, 51.176440109969079 ], [ 71.4758148, 51.1764996 ], [ 71.4754139, 51.1766547 ], [ 71.4756406, 51.1768862 ], [ 71.47584235947285, 51.176826710247035 ], [ 71.476245658256616, 51.176671109566044 ], [ 71.476016557566794, 51.176440109969079 ] ] ], [ [ [ 71.475341459454526, 51.176666311110729 ], [ 71.475139700000014, 51.1767258 ], [ 71.4749533, 51.17683 ], [ 71.4750431, 51.176888 ], [ 71.475244860285898, 51.176828511267523 ], [ 71.475433959576691, 51.17672341094984 ], [ 71.475341459454526, 51.176666311110729 ] ] ], [ [ [ 71.476604958655102, 51.176875308941987 ], [ 71.476372058098363, 51.176673909350015 ], [ 71.4761703, 51.1767334 ], [ 71.4760289, 51.1767976 ], [ 71.476108365299524, 51.176866313579652 ], [ 71.475961900000016, 51.1769095 ], [ 71.4758516, 51.1769607 ], [ 71.4759384, 51.1770343 ], [ 71.476210377063637, 51.176942244959349 ], [ 71.4762924, 51.1769851 ], [ 71.476494159021897, 51.176925609128709 ], [ 71.476604958655102, 51.176875308941987 ] ] ], [ [ [ 71.475090661422328, 51.177043311520038 ], [ 71.475136729782122, 51.177017121869795 ], [ 71.4752269, 51.1770595 ], [ 71.475428660779599, 51.177000010944887 ], [ 71.475518460320501, 51.176921810795463 ], [ 71.475417860267171, 51.176878110969504 ], [ 71.475263439341376, 51.176923642036179 ], [ 71.475174160525597, 51.176861911386595 ], [ 71.4749724, 51.1769214 ], [ 71.4747826, 51.1770293 ], [ 71.4748889, 51.1771028 ], [ 71.475090661422328, 51.177043311520038 ] ] ], [ [ [ 71.475084, 51.1772216 ], [ 71.4749671, 51.1772949 ], [ 71.4750608, 51.1773537 ], [ 71.475262562275333, 51.177294211213706 ], [ 71.47537956180075, 51.177220911017564 ], [ 71.475347854934341, 51.177201035179294 ], [ 71.475622060962053, 51.177102510609352 ], [ 71.475719160502194, 51.177026410447347 ], [ 71.475627360427069, 51.176980410606483 ], [ 71.4754256, 51.1770399 ], [ 71.475386171789097, 51.177070801036805 ], [ 71.4752556, 51.1771093 ], [ 71.475184, 51.1771655 ], [ 71.47521742495006, 51.177182260112609 ], [ 71.475084, 51.1772216 ] ] ], [ [ [ 71.476392859418667, 51.176985809298671 ], [ 71.4761911, 51.1770453 ], [ 71.4761039, 51.1771008 ], [ 71.476179, 51.1771537 ], [ 71.476380759903591, 51.17709420931385 ], [ 71.476473359531937, 51.177037109158569 ], [ 71.476392859418667, 51.176985809298671 ] ] ], [ [ [ 71.4753058, 51.1773922 ], [ 71.475195, 51.1774666 ], [ 71.47531690000001, 51.1775544 ], [ 71.475518662797825, 51.177494910766086 ], [ 71.47562636237771, 51.177431310585355 ], [ 71.475601443142864, 51.177414724552726 ], [ 71.475685262119768, 51.177390010486839 ], [ 71.475773061765821, 51.177335510339617 ], [ 71.475743553600992, 51.177316786846738 ], [ 71.475940861207221, 51.17725861005691 ], [ 71.47602866085326, 51.177204109909702 ], [ 71.475924960708582, 51.177138310090164 ], [ 71.475723200000019, 51.1771978 ], [ 71.4756353, 51.1772524 ], [ 71.475664782244976, 51.177271060756169 ], [ 71.4753058, 51.1773922 ] ] ], [ [ [ 71.475898062662139, 51.177581810113651 ], [ 71.47576666252624, 51.177509410341749 ], [ 71.4755649, 51.1775689 ], [ 71.4754656, 51.1776397 ], [ 71.4755969, 51.1777121 ], [ 71.475716261994279, 51.177676906253325 ], [ 71.4756906, 51.1776946 ], [ 71.4758108, 51.1777631 ], [ 71.476012563034402, 51.17770360991188 ], [ 71.476109472947897, 51.17762458781111 ], [ 71.476291862083812, 51.177570809441555 ], [ 71.476484261361918, 51.177463809118336 ], [ 71.476312561068951, 51.17734250941777 ], [ 71.4761108, 51.177402 ], [ 71.4760138, 51.177456 ], [ 71.476046074543504, 51.17747881418407 ], [ 71.4759508, 51.177531899999984 ], [ 71.475994656245163, 51.177562879637307 ], [ 71.475875183514688, 51.177598106464089 ], [ 71.475898062662139, 51.177581810113651 ] ] ], [ [ [ 71.476924260938304, 51.177503008364795 ], [ 71.4767225, 51.1775625 ], [ 71.4766425, 51.17761 ], [ 71.476741500000017, 51.1776754 ], [ 71.476943261400805, 51.177615908326615 ], [ 71.477023161087331, 51.177568308192576 ], [ 71.476924260938304, 51.177503008364795 ] ] ], [ [ [ 71.4760406, 51.1780666 ], [ 71.4761329, 51.1781288 ], [ 71.476334664181266, 51.178069309343201 ], [ 71.476476101630524, 51.177986661668534 ], [ 71.4765029, 51.1780047 ], [ 71.476704663146037, 51.177945208717482 ], [ 71.476841962614259, 51.177865008487025 ], [ 71.476752285059405, 51.177804645526784 ], [ 71.476831599111094, 51.177762305002837 ], [ 71.4769726, 51.1778561 ], [ 71.477084762899338, 51.177823027390865 ], [ 71.4770067, 51.1778738 ], [ 71.4770949, 51.177927 ], [ 71.477257817226231, 51.177878961665506 ], [ 71.4771911, 51.1779191 ], [ 71.477253, 51.1780143 ], [ 71.4773705, 51.1780911 ], [ 71.477572262350108, 51.178031607231183 ], [ 71.477621462155824, 51.178002007148635 ], [ 71.477662961577636, 51.177881207083885 ], [ 71.477516361360642, 51.17778530733915 ], [ 71.477345548782935, 51.177835674273844 ], [ 71.477382661654133, 51.177811507566176 ], [ 71.477294561542891, 51.177758307719365 ], [ 71.47718400566491, 51.177790906765026 ], [ 71.477364661127638, 51.17768410760339 ], [ 71.477281561000567, 51.177628807748121 ], [ 71.47699826131543, 51.177613308232822 ], [ 71.476675355528982, 51.177719842774209 ], [ 71.476499861856638, 51.177583109085646 ], [ 71.4762981, 51.1776426 ], [ 71.4762101, 51.1776916 ], [ 71.4763958, 51.1778227 ], [ 71.476482349677966, 51.177797180280912 ], [ 71.4764709, 51.1778034 ], [ 71.476540639957292, 51.177853767761384 ], [ 71.476440605713293, 51.177911089279334 ], [ 71.476424863329925, 51.177900509197656 ], [ 71.476223100000013, 51.17796 ], [ 71.4760406, 51.1780666 ] ] ], [ [ [ 71.4748083, 51.1778186 ], [ 71.474965, 51.177914 ], [ 71.475105764931953, 51.177872496703991 ], [ 71.4751868, 51.17792 ], [ 71.475388564553754, 51.177860510969815 ], [ 71.475441964327004, 51.177824710880394 ], [ 71.475340464206582, 51.177765211056787 ], [ 71.475240524534186, 51.177794677720605 ], [ 71.475093664279811, 51.177705211481388 ], [ 71.4748919, 51.1777647 ], [ 71.4748083, 51.1778186 ] ] ], [ [ [ 71.475620464528689, 51.177927010570322 ], [ 71.475559864465964, 51.177893610675532 ], [ 71.4753581, 51.177953100000011 ], [ 71.475269900000015, 51.1780161 ], [ 71.4753304, 51.1780494 ], [ 71.475532164919642, 51.177989910717962 ], [ 71.475620464528689, 51.177927010570322 ] ] ], [ [ [ 71.476617663504982, 51.178001108863249 ], [ 71.4764159, 51.1780606 ], [ 71.4762911, 51.178132 ], [ 71.4763798, 51.1781929 ], [ 71.47658156412561, 51.178133408918214 ], [ 71.476706363648702, 51.178062008708665 ], [ 71.476617663504982, 51.178001108863249 ] ] ], [ [ [ 71.475400458310446, 51.178194579153612 ], [ 71.4755225, 51.1782584 ], [ 71.475724265564295, 51.178198910379244 ], [ 71.475841365026, 51.178110910183683 ], [ 71.475714864910742, 51.178044810403108 ], [ 71.475626064997144, 51.178037110555195 ], [ 71.475475658555013, 51.17808145722281 ], [ 71.475440765350228, 51.178061010870479 ], [ 71.475239, 51.1781205 ], [ 71.4751891, 51.1781539 ], [ 71.475253083612245, 51.178191360531251 ], [ 71.475128266181699, 51.178155911399458 ], [ 71.4749265, 51.1782154 ], [ 71.4748551, 51.1782854 ], [ 71.4749576, 51.1783719 ], [ 71.4750236, 51.1783983 ], [ 71.47522536684157, 51.178338811224336 ], [ 71.475340166199601, 51.178226111033972 ], [ 71.475320376610796, 51.178218190654434 ], [ 71.475400458310446, 51.178194579153612 ] ] ], [ [ [ 71.476012964693112, 51.178087409891766 ], [ 71.4758112, 51.1781469 ], [ 71.4757337, 51.1781992 ], [ 71.4758429, 51.1782628 ], [ 71.476044665151491, 51.178203309831737 ], [ 71.476122164820907, 51.178151009702027 ], [ 71.476012964693112, 51.178087409891766 ] ] ], [ [ [ 71.4747613, 51.1438904 ], [ 71.4751053, 51.1439861 ], [ 71.475228345897875, 51.1439497955189 ], [ 71.4754901, 51.1440238 ], [ 71.476842627961986, 51.143624723655151 ], [ 71.476924548106467, 51.143674558004022 ], [ 71.4759863, 51.1439514 ], [ 71.4758143, 51.1442145 ], [ 71.4760235, 51.1442683 ], [ 71.478442882132427, 51.143554412437709 ], [ 71.478614674675114, 51.143291359851681 ], [ 71.478803610411774, 51.143235606893626 ], [ 71.479091709154929, 51.143034206412004 ], [ 71.478961406576161, 51.14295132053099 ], [ 71.479071610575659, 51.142797756191449 ], [ 71.478737111293199, 51.142703165981217 ], [ 71.477671127331064, 51.143017723674745 ], [ 71.477760210615429, 51.142957208689069 ], [ 71.477685427574031, 51.142914767395737 ], [ 71.47963675411637, 51.142338944806959 ], [ 71.479717342841369, 51.142228342266243 ], [ 71.479464702122584, 51.141659251124572 ], [ 71.479369001513433, 51.141622054306097 ], [ 71.479293203203952, 51.141618756800462 ], [ 71.4754121, 51.142764 ], [ 71.4753579, 51.142792 ], [ 71.4752578, 51.1429255 ], [ 71.4750954, 51.1431834 ], [ 71.4750776, 51.1432448 ], [ 71.4750798, 51.1432935 ], [ 71.4751309, 51.1433285 ], [ 71.475401293406591, 51.143400669371886 ], [ 71.4750138, 51.143515 ], [ 71.4747613, 51.1438904 ] ], [ [ 71.478574658017351, 51.143277708261465 ], [ 71.478583489213861, 51.143283325627323 ], [ 71.478568611133113, 51.143279492624465 ], [ 71.478574658017351, 51.143277708261465 ] ], [ [ 71.477581312909578, 51.143433108970335 ], [ 71.477550805582226, 51.143415760135568 ], [ 71.47843116470375, 51.143155982093788 ], [ 71.478417515486569, 51.143177752367741 ], [ 71.47831840000002, 51.143207 ], [ 71.478157298490331, 51.14331080301632 ], [ 71.4774646266426, 51.143515196105312 ], [ 71.477581312909578, 51.143433108970335 ] ], [ [ 71.4771388, 51.1430933 ], [ 71.4770177, 51.143172 ], [ 71.477060409688846, 51.143197932070194 ], [ 71.476102242641417, 51.143480655413221 ], [ 71.476169053693354, 51.143386827639162 ], [ 71.476248414403372, 51.143363411249453 ], [ 71.476235826635104, 51.143342504185341 ], [ 71.477343628767642, 51.143015625001389 ], [ 71.477457235016658, 51.143080838779056 ], [ 71.477431466798961, 51.143088442398081 ], [ 71.477340411511122, 51.143033809401857 ], [ 71.4771388, 51.1430933 ] ] ], [ [ [ 71.477268515472531, 51.143929509479179 ], [ 71.4770669, 51.143989 ], [ 71.4769113, 51.1440732 ], [ 71.4772654, 51.1442986 ], [ 71.477467016541127, 51.14423910912457 ], [ 71.47761181595439, 51.144148308881974 ], [ 71.477268515472531, 51.143929509479179 ] ] ], [ [ [ 71.476302119468698, 51.144554111097399 ], [ 71.47607581952397, 51.14449631148667 ], [ 71.4758742, 51.1445558 ], [ 71.4757987, 51.1446637 ], [ 71.4760296, 51.1447234 ], [ 71.476231220037931, 51.144663911212874 ], [ 71.476302119468698, 51.144554111097399 ] ] ], [ [ [ 71.476799117901194, 51.144345910259432 ], [ 71.4765975, 51.144405399999989 ], [ 71.4764393, 51.1445031 ], [ 71.477252, 51.1450214 ], [ 71.477453619677974, 51.144961909110769 ], [ 71.477611819043815, 51.144864308845641 ], [ 71.476799117901194, 51.144345910259432 ] ] ], [ [ [ 71.475871120966303, 51.144766711822449 ], [ 71.4756695, 51.1448262 ], [ 71.4755961, 51.1449406 ], [ 71.4757247, 51.1449981 ], [ 71.4758532, 51.1450309 ], [ 71.475906959514646, 51.145015038291064 ], [ 71.4759015, 51.1450237 ], [ 71.4762685, 51.1451142 ], [ 71.476353141513343, 51.145089226237786 ], [ 71.4763099, 51.1451534 ], [ 71.476547, 51.145216 ], [ 71.476748621466882, 51.145156510304552 ], [ 71.47687302053005, 51.1449782101012 ], [ 71.476634020566607, 51.1449121105126 ], [ 71.476540131960903, 51.144939813031193 ], [ 71.476397374517404, 51.14490410465519 ], [ 71.476583420363312, 51.144849210602175 ], [ 71.476652719838953, 51.144749310488926 ], [ 71.476539419858568, 51.14471851068393 ], [ 71.476430919983088, 51.144713510869423 ], [ 71.4762293, 51.144773 ], [ 71.476175630741807, 51.144848796912989 ], [ 71.476124088710179, 51.144864004552254 ], [ 71.476153620808205, 51.14481821133753 ], [ 71.476026420837499, 51.144785311556376 ], [ 71.475871120966303, 51.144766711822449 ] ] ], [ [ [ 71.476943421098909, 51.145132009973203 ], [ 71.4767418, 51.1451915 ], [ 71.4766293, 51.1453484 ], [ 71.4772765, 51.145531 ], [ 71.477478121843944, 51.145471509043091 ], [ 71.47759052101641, 51.145314808859148 ], [ 71.476943421098909, 51.145132009973203 ] ] ], [ [ [ 71.475700437633861, 51.148575711920806 ], [ 71.4754988, 51.1486352 ], [ 71.4754701, 51.1486794 ], [ 71.4755332, 51.1486956 ], [ 71.475734837848222, 51.148636111859012 ], [ 71.475763637618684, 51.14859191181209 ], [ 71.475700437633861, 51.148575711920806 ] ] ], [ [ [ 71.476172141597942, 51.149641311061409 ], [ 71.4759705, 51.1497008 ], [ 71.4759281, 51.1497632 ], [ 71.4760108, 51.1497841 ], [ 71.476212441903201, 51.149724610988365 ], [ 71.476253941582328, 51.149663210920615 ], [ 71.476172141597942, 51.149641311061409 ] ] ], [ [ [ 71.477021056463499, 51.153349909423888 ], [ 71.4768194, 51.1534094 ], [ 71.4767019, 51.153570799999983 ], [ 71.476906, 51.153629199999983 ], [ 71.477107657295775, 51.153569709264865 ], [ 71.477225156440753, 51.153408309072439 ], [ 71.477021056463499, 51.153349909423888 ] ] ], [ [ [ 71.478823098257834, 51.154405734879987 ], [ 71.4778148, 51.1547032 ], [ 71.4775138, 51.1551376 ], [ 71.4776884, 51.1551852 ], [ 71.478696709513997, 51.154887735836795 ], [ 71.478997698109481, 51.154453333377283 ], [ 71.478823098257834, 51.154405734879987 ] ] ], [ [ [ 71.477030291403196, 51.161444208997708 ], [ 71.476899191037333, 51.161318609227948 ], [ 71.4766975, 51.1613781 ], [ 71.4765335, 51.1614454 ], [ 71.4766645, 51.161571 ], [ 71.476866191914937, 51.161511509274511 ], [ 71.477030291403196, 51.161444208997708 ] ] ], [ [ [ 71.477018888781757, 51.162652792894626 ], [ 71.478410852808565, 51.162161571724802 ], [ 71.478310149699041, 51.162050173323372 ], [ 71.477279272841386, 51.162354246059358 ], [ 71.477010378505128, 51.162385793147131 ], [ 71.47502, 51.1629828 ], [ 71.475203600000015, 51.1631882 ], [ 71.477018888781757, 51.162652792894626 ] ] ], [ [ [ 71.477667212912792, 51.166622207647464 ], [ 71.4773576, 51.1667266 ], [ 71.4774554, 51.166819 ], [ 71.47776511318007, 51.166714607475583 ], [ 71.477667212912792, 51.166622207647464 ] ] ], [ [ [ 71.477746014416411, 51.166994807493992 ], [ 71.477593513855012, 51.166817307763431 ], [ 71.477125, 51.166967 ], [ 71.4772776, 51.1671445 ], [ 71.477746014416411, 51.166994807493992 ] ] ], [ [ [ 71.477410718839266, 51.167913908020012 ], [ 71.4771151, 51.1680053 ], [ 71.4771849, 51.168086099999989 ], [ 71.477483119083047, 51.167992907892355 ], [ 71.477410718839266, 51.167913908020012 ] ] ], [ [ [ 71.47721172015693, 51.168156808347554 ], [ 71.4768158, 51.1682758 ], [ 71.4769278, 51.168429 ], [ 71.477323720673567, 51.168311308148432 ], [ 71.47721172015693, 51.168156808347554 ] ] ], [ [ [ 71.476765323138807, 51.168707709082 ], [ 71.4764007, 51.1688107 ], [ 71.4764837, 51.1689176 ], [ 71.476842323496967, 51.168814608945091 ], [ 71.476765323138807, 51.168707709082 ] ] ], [ [ [ 71.4784597, 51.1692525 ], [ 71.478834022150821, 51.169124205527858 ], [ 71.478687121748607, 51.168985305785796 ], [ 71.4784854, 51.1690448 ], [ 71.4783149, 51.1691156 ], [ 71.4784597, 51.1692525 ] ] ], [ [ [ 71.477896223958595, 51.169250107123091 ], [ 71.4775068, 51.1693643 ], [ 71.477545880476157, 51.169417754391183 ], [ 71.4773833, 51.1694786 ], [ 71.4774135, 51.16950760000001 ], [ 71.477576435420644, 51.169459547436823 ], [ 71.4776838, 51.1696064 ], [ 71.4780719247684, 51.169492306810739 ], [ 71.477896223958595, 51.169250107123091 ] ] ], [ [ [ 71.4781866, 51.1702315 ], [ 71.478590054029269, 51.170112512130281 ], [ 71.478896352108706, 51.169985811096907 ], [ 71.478757550921159, 51.169805111589369 ], [ 71.478659450597021, 51.169737011931339 ], [ 71.47860365059185, 51.16971901212375 ], [ 71.4782002, 51.169838 ], [ 71.4779, 51.169963799999984 ], [ 71.4781866, 51.1702315 ] ] ], [ [ [ 71.478470227999722, 51.17036430608627 ], [ 71.4782685, 51.1704238 ], [ 71.4782363, 51.170558300000017 ], [ 71.4783651, 51.1705651 ], [ 71.478566828480126, 51.170505605914101 ], [ 71.478593627877075, 51.170374405874995 ], [ 71.478470227999722, 51.17036430608627 ] ] ], [ [ [ 71.4785044, 51.1709 ], [ 71.478793129484956, 51.170808705512243 ], [ 71.478638228967725, 51.17064070578531 ], [ 71.4781803, 51.1707937 ], [ 71.4782818, 51.1708994 ], [ 71.47845481829404, 51.170848373699734 ], [ 71.4785044, 51.1709 ] ] ], [ [ [ 71.479216444529513, 51.170690689419779 ], [ 71.479600327420442, 51.170582704145119 ], [ 71.479615427114041, 51.170516504122695 ], [ 71.479515927011334, 51.170461704295406 ], [ 71.479469127061876, 51.170458804375471 ], [ 71.4792055, 51.1705335 ], [ 71.4791211, 51.1705864 ], [ 71.479144243218585, 51.170618517180174 ], [ 71.4787885, 51.1707149 ], [ 71.4790055, 51.17107140000001 ], [ 71.479385929379617, 51.170969204491676 ], [ 71.479216444529513, 51.170690689419779 ] ] ], [ [ [ 71.478333132277271, 51.171311406272359 ], [ 71.4777317, 51.171505 ], [ 71.4778488, 51.171642299999988 ], [ 71.478450332712683, 51.171448706065235 ], [ 71.478333132277271, 51.171311406272359 ] ] ], [ [ [ 71.47880933307934, 51.171645505442115 ], [ 71.47866323270145, 51.171512505698388 ], [ 71.4784615, 51.171572 ], [ 71.4782523, 51.1716624 ], [ 71.4783985, 51.1717954 ], [ 71.47860023375182, 51.171735905794641 ], [ 71.47880933307934, 51.171645505442115 ] ] ], [ [ [ 71.477845438364753, 51.172567907041582 ], [ 71.4775453, 51.1726716 ], [ 71.4776077, 51.1727263 ], [ 71.477907938516495, 51.172622506932065 ], [ 71.477845438364753, 51.172567907041582 ] ] ], [ [ [ 71.478066355516034, 51.172833326825817 ], [ 71.478376938386177, 51.172738606125158 ], [ 71.478323238175037, 51.172673006220208 ], [ 71.478012314828874, 51.172767633850683 ], [ 71.4779703388391, 51.172716606820721 ], [ 71.4777686, 51.1727761 ], [ 71.4775982, 51.1728312 ], [ 71.4775099, 51.172918699999983 ], [ 71.477576, 51.172999 ], [ 71.4777313, 51.172993 ], [ 71.478103439359003, 51.172878406585205 ], [ 71.478066355516034, 51.172833326825817 ] ] ], [ [ [ 71.477434540527582, 51.172940207724515 ], [ 71.4770241, 51.173077 ], [ 71.4771009, 51.1731586 ], [ 71.477511340776758, 51.173021807589194 ], [ 71.477434540527582, 51.172940207724515 ] ] ], [ [ [ 71.479273440300929, 51.173461204557341 ], [ 71.479198740021275, 51.173373204689391 ], [ 71.4788428, 51.173484 ], [ 71.4789175, 51.1735721 ], [ 71.479273440300929, 51.173461204557341 ] ] ], [ [ [ 71.478415595116076, 51.173750589171028 ], [ 71.478568821373017, 51.173702847247021 ], [ 71.4785802, 51.1737148 ], [ 71.478931941357672, 51.173599205133605 ], [ 71.4788447410793, 51.173507605287192 ], [ 71.478643, 51.1735671 ], [ 71.478493, 51.1736232 ], [ 71.478503014257996, 51.173633719586888 ], [ 71.4782457, 51.1737173 ], [ 71.478281181664201, 51.173759113224328 ], [ 71.4780443, 51.1738327 ], [ 71.478092, 51.1738913 ], [ 71.47844284281561, 51.173784005959583 ], [ 71.478415595116076, 51.173750589171028 ] ] ], [ [ [ 71.478945380111, 51.173848854389156 ], [ 71.479262141533681, 51.173742904562339 ], [ 71.479163541247758, 51.173646004735673 ], [ 71.4788414, 51.1737536 ], [ 71.4788622646048, 51.173774146588613 ], [ 71.4785725, 51.1738635 ], [ 71.478534, 51.1739134 ], [ 71.4785739, 51.1739607 ], [ 71.4786601, 51.1739671 ], [ 71.478965842495796, 51.173873105061809 ], [ 71.478945380111, 51.173848854389156 ] ] ], [ [ [ 71.479420342097114, 51.173922604283028 ], [ 71.479331241865836, 51.173841304439328 ], [ 71.479021291760276, 51.173947435210387 ], [ 71.478979042612423, 51.173904205037694 ], [ 71.4786476, 51.1740135 ], [ 71.4787208, 51.1740884 ], [ 71.479043937515272, 51.173982293876279 ], [ 71.4790999, 51.1740333 ], [ 71.479420342097114, 51.173922604283028 ] ] ], [ [ [ 71.4777475443898, 51.173931407139641 ], [ 71.4773451, 51.1740599 ], [ 71.4774084, 51.1741322 ], [ 71.477810844616968, 51.174003707027872 ], [ 71.4777475443898, 51.173931407139641 ] ] ], [ [ [ 71.478640143727475, 51.174056505608782 ], [ 71.4784384, 51.174116 ], [ 71.4783098, 51.1741737 ], [ 71.478359402765676, 51.174217095892047 ], [ 71.4781371, 51.1742795 ], [ 71.4781789, 51.174395900000015 ], [ 71.4783443, 51.1743725 ], [ 71.478546044962954, 51.174313005756474 ], [ 71.478513936886031, 51.174223809206389 ], [ 71.478734443956952, 51.174139005443536 ], [ 71.478640143727475, 51.174056505608782 ] ] ], [ [ [ 71.479277243514474, 51.174205904513066 ], [ 71.479146643150671, 51.174081004742447 ], [ 71.4788258, 51.1741894 ], [ 71.478886295680141, 51.174274074090349 ], [ 71.4787092, 51.1743263 ], [ 71.4785886, 51.1743921 ], [ 71.4786972, 51.17447030000001 ], [ 71.478898944910014, 51.174410805148803 ], [ 71.479019544463057, 51.17434500494614 ], [ 71.47897313280518, 51.174311585319074 ], [ 71.479277243514474, 51.174205904513066 ] ] ], [ [ [ 71.479247245059057, 51.174553904546634 ], [ 71.479144844818023, 51.174466204725988 ], [ 71.4789431, 51.1745257 ], [ 71.4788102, 51.1745866 ], [ 71.4789126, 51.1746744 ], [ 71.47911434550187, 51.17461490477055 ], [ 71.479247245059057, 51.174553904546634 ] ] ], [ [ [ 71.477700147426987, 51.174619307185729 ], [ 71.4774984, 51.1746788 ], [ 71.477395300000012, 51.174758 ], [ 71.4774847, 51.1748038 ], [ 71.477686447985761, 51.174744307202786 ], [ 71.477789547504017, 51.174665007030718 ], [ 71.477700147426987, 51.174619307185729 ] ] ], [ [ [ 71.478584646273745, 51.17462830567456 ], [ 71.4783829, 51.174687799999987 ], [ 71.4782465, 51.1747661 ], [ 71.4783086, 51.1748086 ], [ 71.47851034689603, 51.174749105795335 ], [ 71.478646746373727, 51.174670805566329 ], [ 71.478584646273745, 51.17462830567456 ] ] ], [ [ [ 71.478125547443199, 51.174755706452245 ], [ 71.47803924734427, 51.174705906602156 ], [ 71.4778375, 51.1747654 ], [ 71.477762, 51.1748169 ], [ 71.4778483, 51.1748666 ], [ 71.478050047767141, 51.174807106578591 ], [ 71.478125547443199, 51.174755706452245 ] ] ], [ [ [ 71.477870214204458, 51.174977183131624 ], [ 71.477931400000017, 51.1750151 ], [ 71.478133148297019, 51.174955606429116 ], [ 71.47822384792579, 51.174898006277111 ], [ 71.478143647819053, 51.174848306416628 ], [ 71.477906722697625, 51.17493013974525 ], [ 71.477856348396472, 51.174892306905093 ], [ 71.477774578960265, 51.174916419755618 ], [ 71.477635046317872, 51.174787922889827 ], [ 71.4770298, 51.174966399999988 ], [ 71.4767295, 51.1750946 ], [ 71.4770962, 51.1754323 ], [ 71.477701452090969, 51.175253822478737 ], [ 71.478001749214243, 51.175125620959491 ], [ 71.477851305330219, 51.17498707737623 ], [ 71.477870214204458, 51.174977183131624 ] ] ], [ [ [ 71.4796542, 51.175577899999986 ], [ 71.479855948407533, 51.175518403458049 ], [ 71.479953848045184, 51.175465103293554 ], [ 71.479932878378861, 51.175449945500631 ], [ 71.480148747341573, 51.175363102965825 ], [ 71.480074047163896, 51.175298703096693 ], [ 71.480045328344644, 51.175307172543825 ], [ 71.479961647040497, 51.175235103291904 ], [ 71.479734204797921, 51.175306334845047 ], [ 71.479722986123349, 51.175298225419368 ], [ 71.479901047095808, 51.175229003395714 ], [ 71.47981994690042, 51.175158503537794 ], [ 71.47961438457537, 51.175219722518335 ], [ 71.479548647325316, 51.175172204000489 ], [ 71.4793469, 51.1752317 ], [ 71.479207265052651, 51.175307558896115 ], [ 71.479185748335766, 51.175292804614195 ], [ 71.478984, 51.175352300000014 ], [ 71.4789136, 51.175389799999984 ], [ 71.4790162, 51.1754528 ], [ 71.479189390904253, 51.175401726250293 ], [ 71.4793311, 51.1755042 ], [ 71.4796542, 51.175577899999986 ] ] ], [ [ [ 71.479147650461087, 51.175772604654924 ], [ 71.479292449856118, 51.175677804412416 ], [ 71.479066249573606, 51.175541904805648 ], [ 71.4787406, 51.1756332 ], [ 71.4786804, 51.1756725 ], [ 71.4789459, 51.1758321 ], [ 71.479147650461087, 51.175772604654924 ] ] ], [ [ [ 71.479462265659024, 51.176075148793181 ], [ 71.479319356834807, 51.176154965683288 ], [ 71.4787275, 51.176329499999987 ], [ 71.4785847, 51.1763912 ], [ 71.4787811, 51.1765697 ], [ 71.479386360027533, 51.17639121367219 ], [ 71.479529158648617, 51.176329412949883 ], [ 71.479420225804802, 51.176230465322128 ], [ 71.479585191978387, 51.176174205740672 ], [ 71.4797303, 51.176281 ], [ 71.479932051344164, 51.176221503292403 ], [ 71.480076850814413, 51.176144103049012 ], [ 71.479896950484587, 51.176011703362995 ], [ 71.479696139906082, 51.176070922820898 ], [ 71.479634914560322, 51.176034669445094 ], [ 71.47980315032099, 51.175944603526602 ], [ 71.479718350199704, 51.175890103674206 ], [ 71.479531772391056, 51.175945125664747 ], [ 71.479445250542327, 51.175884204140942 ], [ 71.4792435, 51.175943699999976 ], [ 71.4790001, 51.1760797 ], [ 71.4791069, 51.1761548 ], [ 71.479308651638988, 51.17609530436355 ], [ 71.479407615358767, 51.176040048724111 ], [ 71.479462265659024, 51.176075148793181 ] ] ], [ [ [ 71.478594257335033, 51.177190205528206 ], [ 71.478826355966092, 51.176945905144166 ], [ 71.478727755649842, 51.176842005317837 ], [ 71.478526, 51.1769015 ], [ 71.4779037, 51.1771335 ], [ 71.4781129, 51.177354 ], [ 71.478594257335033, 51.177190205528206 ] ] ], [ [ [ 71.477874858810111, 51.177307106751044 ], [ 71.477784758683839, 51.177249806907852 ], [ 71.477583, 51.1773093 ], [ 71.47748, 51.177372899999988 ], [ 71.4775701, 51.177430200000011 ], [ 71.477771859223893, 51.177370706923767 ], [ 71.477874858810111, 51.177307106751044 ] ] ], [ [ [ 71.477262759645114, 51.177309407796422 ], [ 71.477061, 51.1773689 ], [ 71.4769549, 51.177433400000012 ], [ 71.4770628, 51.177503099999988 ], [ 71.477264560222835, 51.177443607786543 ], [ 71.477370659800982, 51.177379107608601 ], [ 71.477262759645114, 51.177309407796422 ] ] ], [ [ [ 71.477955558924833, 51.17735880661057 ], [ 71.4777538, 51.1774183 ], [ 71.4776368, 51.17748 ], [ 71.4777283, 51.177548299999984 ], [ 71.477930059521199, 51.177488806647531 ], [ 71.478047059097193, 51.177427206450844 ], [ 71.477955558924833, 51.17735880661057 ] ] ], [ [ [ 71.47936615664598, 51.177271504205663 ], [ 71.4791644, 51.177331 ], [ 71.4789173, 51.1774293 ], [ 71.479075, 51.1775852 ], [ 71.479276757865392, 51.177525704345456 ], [ 71.479523857107793, 51.177427503928392 ], [ 71.47936615664598, 51.177271504205663 ] ] ], [ [ [ 71.47758645980754, 51.17744790723652 ], [ 71.4773847, 51.17750740000001 ], [ 71.4772443, 51.1775886 ], [ 71.4773019, 51.1776278 ], [ 71.477503660439652, 51.177568307371843 ], [ 71.477644059899376, 51.177487107136145 ], [ 71.47758645980754, 51.17744790723652 ] ] ], [ [ [ 71.478137559098414, 51.177455706294815 ], [ 71.477935800000012, 51.1775152 ], [ 71.4778532, 51.1775637 ], [ 71.4779468, 51.177626299999986 ], [ 71.478148559563877, 51.177566806270377 ], [ 71.478231159242867, 51.177518306131766 ], [ 71.478137559098414, 51.177455706294815 ] ] ], [ [ [ 71.477607260182836, 51.177541207196256 ], [ 71.4774055, 51.1776007 ], [ 71.4773229, 51.1776492 ], [ 71.4774165, 51.1777118 ], [ 71.477618260648327, 51.177652307171826 ], [ 71.477700860327303, 51.177603807033215 ], [ 71.477607260182836, 51.177541207196256 ] ] ], [ [ [ 71.4778842, 51.1780057 ], [ 71.4780171, 51.178053 ], [ 71.478218861313806, 51.177993506128672 ], [ 71.478323460876666, 51.177925005953483 ], [ 71.47837136009575, 51.177759305880066 ], [ 71.478311860021606, 51.177723605983502 ], [ 71.478078654448495, 51.177801374194772 ], [ 71.478003691280321, 51.177752121753095 ], [ 71.478027589414864, 51.17774507483513 ], [ 71.4780581, 51.177768 ], [ 71.478259860026427, 51.177708506073095 ], [ 71.478383559579555, 51.177643705865108 ], [ 71.478257159339677, 51.177548806085809 ], [ 71.4780554, 51.1776083 ], [ 71.477781, 51.1777344 ], [ 71.477848220814948, 51.177780992643733 ], [ 71.4777841, 51.1777999 ], [ 71.4776799, 51.1778622 ], [ 71.4777766, 51.1779258 ], [ 71.477955136797036, 51.177873154736609 ], [ 71.4778069, 51.1779593 ], [ 71.4778842, 51.1780057 ] ] ], [ [ [ 71.478862758149816, 51.177462405055799 ], [ 71.47841360000001, 51.1775894 ], [ 71.4786601, 51.1779445 ], [ 71.479109159353229, 51.177817604616905 ], [ 71.478862758149816, 51.177462405055799 ] ] ], [ [ [ 71.478214883988855, 51.143919476956889 ], [ 71.4781616, 51.1439352 ], [ 71.478024, 51.1440189 ], [ 71.478047934295176, 51.14403507080069 ], [ 71.4779238, 51.1440717 ], [ 71.477824227007332, 51.144138874371919 ], [ 71.477787215575844, 51.144115308584219 ], [ 71.4775856, 51.1441748 ], [ 71.4774192, 51.1442778 ], [ 71.4776283, 51.1444097 ], [ 71.477829916531903, 51.144350208499382 ], [ 71.47799311586428, 51.144246408226017 ], [ 71.477976126206713, 51.144235590712015 ], [ 71.478163815348807, 51.144180207937964 ], [ 71.478222415116733, 51.144144707839715 ], [ 71.478260814837213, 51.144091907776833 ], [ 71.478233904532019, 51.144076067764217 ], [ 71.478348314505396, 51.144042307629967 ], [ 71.478485913968044, 51.143960707399209 ], [ 71.478472959433532, 51.143951733248812 ], [ 71.478618213524115, 51.143899107176466 ], [ 71.478658713256024, 51.14384960710985 ], [ 71.478631009386746, 51.143831210124375 ], [ 71.478754712889881, 51.143794706948718 ], [ 71.478904112313359, 51.143707706698095 ], [ 71.478817796587109, 51.14364786804731 ], [ 71.479122711360617, 51.143555106332634 ], [ 71.47916770118681, 51.143516687298202 ], [ 71.479687430902729, 51.143363317158361 ], [ 71.479930128102495, 51.143222715936787 ], [ 71.47978842756693, 51.143137116675547 ], [ 71.479502627522848, 51.14304451815341 ], [ 71.4788978, 51.143223 ], [ 71.4787392, 51.1433193 ], [ 71.478924794602094, 51.143439553161357 ], [ 71.4788145, 51.1434721 ], [ 71.4786545, 51.1435638 ], [ 71.478754197477954, 51.143631762217453 ], [ 71.4785809, 51.1436829 ], [ 71.4784326, 51.143768599999987 ], [ 71.478457423431507, 51.143786233943267 ], [ 71.4783291, 51.1438241 ], [ 71.4781936, 51.1439051 ], [ 71.478214883988855, 51.143919476956889 ] ] ], [ [ [ 71.479604654179312, 51.144028123990424 ], [ 71.4787982, 51.1442661 ], [ 71.4783217, 51.1446304 ], [ 71.4784867, 51.1447401 ], [ 71.4794316, 51.1447326 ], [ 71.480238058819026, 51.144494619570217 ], [ 71.480409555969189, 51.144383018421749 ], [ 71.480523750661405, 51.144111117697179 ], [ 71.480359191747269, 51.144012050950522 ], [ 71.4804357, 51.1440328 ], [ 71.480637311125548, 51.143973303725666 ], [ 71.481098707614393, 51.143303502972017 ], [ 71.480872507654496, 51.143242203361289 ], [ 71.4806709, 51.1433017 ], [ 71.480263, 51.143544 ], [ 71.4800065, 51.1439164 ], [ 71.480055872346583, 51.143929790001884 ], [ 71.479604654179312, 51.144028123990424 ] ] ], [ [ [ 71.481132856809282, 51.143938657719424 ], [ 71.481243510018857, 51.143906002694187 ], [ 71.48135620953316, 51.143828602505735 ], [ 71.48125910942403, 51.14377300267433 ], [ 71.4810575, 51.1438325 ], [ 71.4809449, 51.1439099 ], [ 71.480963839348576, 51.143920755973589 ], [ 71.4808539, 51.1439532 ], [ 71.4807198, 51.1440441 ], [ 71.480822, 51.1441034 ], [ 71.481023610909958, 51.144043903062588 ], [ 71.481157710337627, 51.143953102838275 ], [ 71.481132856809282, 51.143938657719424 ] ] ], [ [ [ 71.480867090246079, 51.144694238185139 ], [ 71.481032913492285, 51.144645303016141 ], [ 71.481105113195298, 51.144599002895241 ], [ 71.481120433392292, 51.144545619202034 ], [ 71.4811803, 51.1445633 ], [ 71.481677411554756, 51.144397401928472 ], [ 71.481483311277671, 51.14427260226617 ], [ 71.481307139221556, 51.144324592629729 ], [ 71.481273711692822, 51.144303402622441 ], [ 71.4810721, 51.1443629 ], [ 71.4809414, 51.1444435 ], [ 71.481022594390666, 51.144495557986964 ], [ 71.4808354, 51.1445508 ], [ 71.4807107, 51.1446309 ], [ 71.480775410756692, 51.144670552822696 ], [ 71.480695113983842, 51.144653803592405 ], [ 71.4804935, 51.1447133 ], [ 71.480379900000017, 51.1447896 ], [ 71.4805303, 51.1448796 ], [ 71.48082851442382, 51.144797403357366 ], [ 71.480928714005827, 51.144731803189643 ], [ 71.480867090246079, 51.144694238185139 ] ] ], [ [ [ 71.480351316005752, 51.145015104161004 ], [ 71.4801497, 51.1450746 ], [ 71.480042, 51.1451482 ], [ 71.4801668, 51.14522310000001 ], [ 71.480368416623492, 51.145163604124271 ], [ 71.480475116144959, 51.145086003946034 ], [ 71.480351316005752, 51.145015104161004 ] ] ], [ [ [ 71.479933717502718, 51.145231704862908 ], [ 71.4797321, 51.1452912 ], [ 71.4796066, 51.1453674 ], [ 71.4797983, 51.1454916 ], [ 71.479999918278281, 51.145432104739712 ], [ 71.48012541778003, 51.145355804529359 ], [ 71.479933717502718, 51.145231704862908 ] ] ], [ [ [ 71.480326140265532, 51.146105956581479 ], [ 71.480471020367105, 51.146063203903388 ], [ 71.480583719474438, 51.145891503719703 ], [ 71.480436419508834, 51.145853503973115 ], [ 71.4802348, 51.145913 ], [ 71.480140321846307, 51.146056855026316 ], [ 71.4799548, 51.1461116 ], [ 71.4798944, 51.1462086 ], [ 71.4800642, 51.1462531 ], [ 71.480265821206132, 51.146193604247081 ], [ 71.480326140265532, 51.146105956581479 ] ] ], [ [ [ 71.481381838916604, 51.150645602115503 ], [ 71.4811802, 51.150705099999989 ], [ 71.4811449, 51.1507542 ], [ 71.481168768867562, 51.15076092774698 ], [ 71.4811265, 51.1507734 ], [ 71.4811019, 51.1508075 ], [ 71.4811879, 51.150831799999985 ], [ 71.48138953945309, 51.150772302095916 ], [ 71.481414039272934, 51.150738202055827 ], [ 71.48134504040074, 51.150718683289895 ], [ 71.481387339170752, 51.150706202103038 ], [ 71.481422638911283, 51.150657102045265 ], [ 71.481381838916604, 51.150645602115503 ] ] ], [ [ [ 71.479787045195849, 51.151602704789788 ], [ 71.479599145271081, 51.151561505112696 ], [ 71.479444123212431, 51.151607243992501 ], [ 71.479316833748229, 51.151571131383911 ], [ 71.479250389580614, 51.151590735409592 ], [ 71.479079445893333, 51.151543506000955 ], [ 71.4788778, 51.151603 ], [ 71.4788113, 51.1516977 ], [ 71.478850831169567, 51.151708622020294 ], [ 71.4783086, 51.1518686 ], [ 71.4780442, 51.1522349 ], [ 71.4782155, 51.15228350000001 ], [ 71.478993824000696, 51.152053867611869 ], [ 71.4790966, 51.1520827 ], [ 71.47929824766932, 51.152023205603015 ], [ 71.479383047041438, 51.15190420546427 ], [ 71.479299686877667, 51.151880815977492 ], [ 71.479386987822664, 51.151759864121743 ], [ 71.479433726841307, 51.1517294993332 ], [ 71.4794703, 51.1517388 ], [ 71.479671945681517, 51.151679304982423 ], [ 71.47969146268872, 51.15164909057696 ], [ 71.479770045318901, 51.151625904817635 ], [ 71.479787045195849, 51.151602704789788 ] ] ], [ [ [ 71.481039746788738, 51.152362602612349 ], [ 71.4808381, 51.15242210000001 ], [ 71.4808005, 51.1524759 ], [ 71.4809239, 51.1525028 ], [ 71.481125547021534, 51.152443302461755 ], [ 71.481157746745922, 51.152389502409491 ], [ 71.481039746788738, 51.152362602612349 ] ] ], [ [ [ 71.481574247700038, 51.15274050168054 ], [ 71.481248047764751, 51.152653702241921 ], [ 71.4810464, 51.1527132 ], [ 71.4808684, 51.1529762 ], [ 71.4811946, 51.1530631 ], [ 71.481396249075559, 51.153003601971079 ], [ 71.481574247700038, 51.15274050168054 ] ] ], [ [ [ 71.478717652396, 51.152937006547958 ], [ 71.478516, 51.1529965 ], [ 71.4784461, 51.153098100000015 ], [ 71.4785165, 51.1531172 ], [ 71.478718152916358, 51.153057706540977 ], [ 71.478788152383075, 51.152956006426621 ], [ 71.478717652396, 51.152937006547958 ] ] ], [ [ [ 71.478059653833924, 51.153064807664983 ], [ 71.477858, 51.1531243 ], [ 71.4777827, 51.1532305 ], [ 71.4784097, 51.1534055 ], [ 71.478611354304803, 51.153346006708709 ], [ 71.478686653745356, 51.153239906585512 ], [ 71.478059653833924, 51.153064807664983 ] ] ], [ [ [ 71.478221360108293, 51.154568607312548 ], [ 71.478911554964185, 51.15359240618362 ], [ 71.478856350539061, 51.153577041970969 ], [ 71.478945954737412, 51.153550606126998 ], [ 71.479102353620604, 51.153340705870605 ], [ 71.478879053638593, 51.153275206255202 ], [ 71.4786774, 51.1533347 ], [ 71.4785209, 51.153544599999989 ], [ 71.478647516032069, 51.153581723397778 ], [ 71.4785554, 51.1536089 ], [ 71.478449111092928, 51.153759256788653 ], [ 71.4782944, 51.1538049 ], [ 71.4782826, 51.1538208 ], [ 71.4783087, 51.1538284 ], [ 71.478424352760399, 51.15379427989177 ], [ 71.4778653, 51.154585099999984 ], [ 71.4780197, 51.1546281 ], [ 71.478221360108293, 51.154568607312548 ] ] ], [ [ [ 71.480506553416731, 51.153731603453174 ], [ 71.4803049, 51.1537911 ], [ 71.4802223, 51.1539082 ], [ 71.4808236, 51.1540749 ], [ 71.481025253943201, 51.154015402553107 ], [ 71.481107853326421, 51.153898302418021 ], [ 71.480506553416731, 51.153731603453174 ] ] ], [ [ [ 71.481468327245338, 51.154622962272867 ], [ 71.481625455557463, 51.154576601499798 ], [ 71.481794254259427, 51.154328601224186 ], [ 71.481386554330285, 51.154217801925924 ], [ 71.4811849, 51.1542773 ], [ 71.481164898344758, 51.154305977195101 ], [ 71.480989966697223, 51.154257808827033 ], [ 71.480385, 51.1544363 ], [ 71.4801632, 51.1547532 ], [ 71.480588, 51.1548702 ], [ 71.480928595593298, 51.154769710388578 ], [ 71.4815168, 51.154974499999987 ], [ 71.48171845689312, 51.154915001323786 ], [ 71.481857056029895, 51.154758301095121 ], [ 71.481468327245338, 51.154622962272867 ] ] ], [ [ [ 71.482754810929634, 51.156618095240518 ], [ 71.4828086, 51.1566723 ], [ 71.483816907128855, 51.156374791746018 ], [ 71.485630379640781, 51.155667376444086 ], [ 71.485605311622592, 51.155642090885813 ], [ 71.486150972111901, 51.155481072047216 ], [ 71.486327030327615, 51.155415273630233 ], [ 71.486343, 51.15543120000001 ], [ 71.486544652362497, 51.155371693060331 ], [ 71.486921451227488, 51.155226392424389 ], [ 71.486897586590018, 51.155202035973176 ], [ 71.487277455434722, 51.155060062537771 ], [ 71.487173953779234, 51.154951063449111 ], [ 71.486976224348822, 51.155009414552701 ], [ 71.486929650064639, 51.154959592423985 ], [ 71.4865064, 51.1550681 ], [ 71.4861295, 51.1552134 ], [ 71.486164159239351, 51.155249175780547 ], [ 71.485359097234408, 51.155550021860257 ], [ 71.485337709852161, 51.155527590567445 ], [ 71.4849344, 51.1556466 ], [ 71.4846416, 51.1557565 ], [ 71.484692075324304, 51.155809441303084 ], [ 71.4845187, 51.1558606 ], [ 71.483957165050825, 51.156079633627186 ], [ 71.4825179, 51.1565043 ], [ 71.4822409, 51.1566095 ], [ 71.482316932456953, 51.156688247996776 ], [ 71.4820934, 51.1567542 ], [ 71.4817153, 51.1569082 ], [ 71.481774820050319, 51.156965672440457 ], [ 71.481162811692386, 51.157198517870142 ], [ 71.4800111, 51.1575383 ], [ 71.4797095, 51.1576452 ], [ 71.479763430743944, 51.157699130826543 ], [ 71.479539252498782, 51.157778528017531 ], [ 71.479478671974036, 51.157709005006318 ], [ 71.4791858, 51.157798799999988 ], [ 71.4792448, 51.1578728 ], [ 71.479452760949272, 51.157811191267882 ], [ 71.4795531, 51.1579219 ], [ 71.481368131350933, 51.157386428455453 ], [ 71.481672023457435, 51.1572781238348 ], [ 71.481643886886687, 51.157247080915241 ], [ 71.481983214391192, 51.157141919114736 ], [ 71.482281906211014, 51.15702461457817 ], [ 71.482266801305911, 51.157008931837503 ], [ 71.482399430223353, 51.156969800454569 ], [ 71.48285492237855, 51.156780999855535 ], [ 71.482753220818438, 51.156677000750236 ], [ 71.482589886059088, 51.156725192573994 ], [ 71.482543546899436, 51.156680428584266 ], [ 71.482754810929634, 51.156618095240518 ] ] ], [ [ [ 71.4819602, 51.1580691 ], [ 71.482968542999572, 51.157771598633794 ], [ 71.483127540587702, 51.157709497292132 ], [ 71.483051559339344, 51.157632987117971 ], [ 71.483288062731262, 51.157563206989238 ], [ 71.4833124, 51.1575888 ], [ 71.484320723520639, 51.157291287211763 ], [ 71.485286154593254, 51.156930433370547 ], [ 71.4853213, 51.1569664 ], [ 71.486141516301487, 51.156724370187632 ], [ 71.4863583, 51.1567647 ], [ 71.487366585208562, 51.156467161418554 ], [ 71.488092974248261, 51.156186155289014 ], [ 71.487988472659865, 51.156079956208174 ], [ 71.487640943740971, 51.156027675201777 ], [ 71.487853553078523, 51.155946090796292 ], [ 71.487534052095185, 51.155618591358483 ], [ 71.487142424469695, 51.155750998645466 ], [ 71.487119319090439, 51.155727365812993 ], [ 71.487444852226602, 51.155621191510647 ], [ 71.487224751481889, 51.155379991898712 ], [ 71.4864993, 51.1556097 ], [ 71.486790036723164, 51.155907076779684 ], [ 71.486030987177358, 51.15613106666197 ], [ 71.485823183760147, 51.155918374734249 ], [ 71.4848149, 51.1562159 ], [ 71.4846499, 51.1562793 ], [ 71.484780314086066, 51.156412765630925 ], [ 71.4842854, 51.1565588 ], [ 71.483372301872151, 51.156910034404532 ], [ 71.483310020705218, 51.156845495953803 ], [ 71.4823017, 51.157143 ], [ 71.4821448, 51.1572026 ], [ 71.482319763641115, 51.157389384487885 ], [ 71.4816903, 51.1575751 ], [ 71.4815313, 51.1576372 ], [ 71.481565717890334, 51.157671858995272 ], [ 71.48084087967581, 51.157927497300484 ], [ 71.480817987244777, 51.15790551288562 ], [ 71.4800113, 51.1581435 ], [ 71.4798279, 51.1582186 ], [ 71.4802112, 51.1585867 ], [ 71.481017893822724, 51.158348711430214 ], [ 71.481201291537204, 51.158273610192822 ], [ 71.480979556204105, 51.158060672742344 ], [ 71.481731382629278, 51.157838683363003 ], [ 71.4819602, 51.1580691 ] ], [ [ 71.485157794797004, 51.156799073685328 ], [ 71.4846724, 51.1569423 ], [ 71.483739848820264, 51.157290898069306 ], [ 71.483516207512054, 51.157059154844312 ], [ 71.483975317911543, 51.156923690254075 ], [ 71.484923235457785, 51.156559030126985 ], [ 71.485157794797004, 51.156799073685328 ] ] ], [ [ [ 71.480433071282036, 51.15784650336964 ], [ 71.4800763, 51.157963599999988 ], [ 71.4801621, 51.1580545 ], [ 71.480518971558382, 51.157937303218354 ], [ 71.480433071282036, 51.15784650336964 ] ] ], [ [ [ 71.4786195, 51.1590261 ], [ 71.479378431924943, 51.158790616391798 ], [ 71.47884432673672, 51.158223519214204 ], [ 71.4782393, 51.158402 ], [ 71.4780359, 51.158477299999987 ], [ 71.4786195, 51.1590261 ] ] ], [ [ [ 71.4803269, 51.160833399999987 ], [ 71.480528583795135, 51.160773903057866 ], [ 71.481069182156375, 51.160563102145474 ], [ 71.480970281858617, 51.160463302319428 ], [ 71.480464181447445, 51.160210203196478 ], [ 71.4802625, 51.1602697 ], [ 71.479902, 51.1604121 ], [ 71.4803269, 51.160833399999987 ] ] ], [ [ [ 71.480170555912636, 51.160889212014332 ], [ 71.479747351599713, 51.160424314253149 ], [ 71.4789307, 51.1606786 ], [ 71.4793539, 51.1611435 ], [ 71.480170555912636, 51.160889212014332 ] ] ], [ [ [ 71.481470265374995, 51.160750003243557 ], [ 71.4810669, 51.160869 ], [ 71.4807901, 51.1609725 ], [ 71.4808949, 51.1610828 ], [ 71.481298267685204, 51.160963803809246 ], [ 71.481575166045033, 51.160860302874092 ], [ 71.481470265374995, 51.160750003243557 ] ] ], [ [ [ 71.4801515, 51.1613532 ], [ 71.480353186276417, 51.16129370333099 ], [ 71.480480685844626, 51.161233503116335 ], [ 71.480461991033934, 51.161217947832249 ], [ 71.480645685261692, 51.161150002838824 ], [ 71.480571185078304, 51.161084302969357 ], [ 71.4803695, 51.161143799999984 ], [ 71.4800593, 51.1612764 ], [ 71.4801515, 51.1613532 ] ] ], [ [ [ 71.482077568603131, 51.161313201112264 ], [ 71.4816742, 51.161432199999986 ], [ 71.4811879, 51.1616012 ], [ 71.4813271, 51.1617588 ], [ 71.481730472359629, 51.161639802264474 ], [ 71.482216769588419, 51.161470700620868 ], [ 71.482077568603131, 51.161313201112264 ] ] ], [ [ [ 71.4772861, 51.1635483 ], [ 71.4774719, 51.163745 ], [ 71.477641592707101, 51.163694948550571 ], [ 71.4778179, 51.1638964 ], [ 71.47857992959301, 51.163671631931187 ], [ 71.4788517, 51.1638581 ], [ 71.479189898472654, 51.163754505192578 ], [ 71.479016203764388, 51.163542945408778 ], [ 71.480163876660953, 51.163204408562443 ], [ 71.4802578, 51.1633029 ], [ 71.480661188579788, 51.16318390575951 ], [ 71.481284584880029, 51.162950103654161 ], [ 71.481227794353671, 51.162890563171679 ], [ 71.48192058497176, 51.162675349892908 ], [ 71.481773135714946, 51.162506888873033 ], [ 71.481890279079622, 51.162467601634582 ], [ 71.481761942547919, 51.162317081873681 ], [ 71.482837972443164, 51.161994998446055 ], [ 71.482605770455095, 51.161692399269803 ], [ 71.4815167, 51.1620183 ], [ 71.481602591881384, 51.162130185520617 ], [ 71.481492876124321, 51.162001503039164 ], [ 71.481023827927672, 51.162142524606935 ], [ 71.480431406943779, 51.161790147084929 ], [ 71.4784145, 51.1623851 ], [ 71.4777453, 51.1626222 ], [ 71.478296943634078, 51.163234584561998 ], [ 71.47749, 51.1634726 ], [ 71.4772861, 51.1635483 ] ] ], [ [ [ 71.4810368, 51.164008 ], [ 71.4812075, 51.1641973 ], [ 71.4812391, 51.1642232 ], [ 71.4813113, 51.164245 ], [ 71.4813948, 51.1642377 ], [ 71.481639096919267, 51.164158900989584 ], [ 71.481675996541256, 51.164082900930431 ], [ 71.481455662916758, 51.163843186446577 ], [ 71.48190009460734, 51.163705100566958 ], [ 71.481841494378756, 51.163633900670632 ], [ 71.481396, 51.1637723 ], [ 71.481452965137152, 51.163841513617193 ], [ 71.481383595799656, 51.163820001443106 ], [ 71.481320095902078, 51.163823901551346 ], [ 71.4810639, 51.1639044 ], [ 71.4810221, 51.16396 ], [ 71.4810368, 51.164008 ] ] ], [ [ [ 71.480908497419108, 51.164046702242914 ], [ 71.480845497225829, 51.163982302353766 ], [ 71.4804944, 51.1640994 ], [ 71.4805574, 51.1641637 ], [ 71.480908497419108, 51.164046702242914 ] ] ], [ [ [ 71.481427601812996, 51.165225801296543 ], [ 71.4810123, 51.1653522 ], [ 71.4811903, 51.1655754 ], [ 71.481605502537022, 51.165448900981403 ], [ 71.481427601812996, 51.165225801296543 ] ] ], [ [ [ 71.48167220293918, 51.165562800861714 ], [ 71.4812966, 51.16568 ], [ 71.4819638, 51.1664703 ], [ 71.482339405454113, 51.166353099682183 ], [ 71.48167220293918, 51.165562800861714 ] ] ], [ [ [ 71.479473919199336, 51.168640704459555 ], [ 71.479426219091224, 51.168600804543054 ], [ 71.4790908, 51.1687167 ], [ 71.4791346, 51.1687566 ], [ 71.479473919199336, 51.168640704459555 ] ] ], [ [ [ 71.480227730748908, 51.171548603024576 ], [ 71.480086728982187, 51.171095803288381 ], [ 71.480019055365645, 51.171104063254333 ], [ 71.480058528795041, 51.171043703339173 ], [ 71.479989827934347, 51.170823103467704 ], [ 71.47980882827423, 51.170845303775721 ], [ 71.47942, 51.1709679 ], [ 71.4794933, 51.1712032 ], [ 71.47969411737337, 51.171178655767719 ], [ 71.47973794431725, 51.171319337946521 ], [ 71.479585430704475, 51.171338004132217 ], [ 71.4793837, 51.171397499999983 ], [ 71.4794505, 51.171612 ], [ 71.4797529, 51.1716416 ], [ 71.480026, 51.1716081 ], [ 71.480227730748908, 51.171548603024576 ] ] ], [ [ [ 71.480919129590134, 51.171496101846429 ], [ 71.4804679, 51.1716447 ], [ 71.4805725, 51.1717456 ], [ 71.481012929914428, 51.171600401680934 ], [ 71.480919129590134, 51.171496101846429 ] ] ], [ [ [ 71.4793904, 51.1721983 ], [ 71.479701642315248, 51.172094220663475 ], [ 71.4797866, 51.1721896 ], [ 71.480460932231935, 51.171964502605178 ], [ 71.480359031875309, 51.171850202785016 ], [ 71.479744228744636, 51.172054353771969 ], [ 71.479706719380545, 51.172018113040018 ], [ 71.480198432077501, 51.171846903059468 ], [ 71.480093831738799, 51.17173590324375 ], [ 71.4795452, 51.1719239 ], [ 71.479603687741715, 51.171985966420714 ], [ 71.4792868, 51.1720984 ], [ 71.4793904, 51.1721983 ] ] ], [ [ [ 71.481714434245134, 51.172821300420843 ], [ 71.48151270000001, 51.1728808 ], [ 71.4813409, 51.1729722 ], [ 71.4814573, 51.1730581 ], [ 71.481659035086054, 51.172998600506439 ], [ 71.481830834459473, 51.172907200217686 ], [ 71.481714434245134, 51.172821300420843 ] ] ], [ [ [ 71.482792340186052, 51.174532098492982 ], [ 71.482626339589515, 51.174342298786136 ], [ 71.4823195, 51.174447899999983 ], [ 71.482382351479586, 51.174517044590814 ], [ 71.4820435, 51.1746291 ], [ 71.4821781, 51.1747743 ], [ 71.482554741020707, 51.174651098892731 ], [ 71.482520628690025, 51.174614300438243 ], [ 71.482792340186052, 51.174532098492982 ] ] ], [ [ [ 71.4807207, 51.1753486 ], [ 71.480922445978749, 51.175289101648161 ], [ 71.480948245730445, 51.175239701606614 ], [ 71.480945144778957, 51.175018601623108 ], [ 71.480814144958572, 51.175019301846831 ], [ 71.4806124, 51.1750788 ], [ 71.4805683, 51.1752649 ], [ 71.4805695, 51.1753494 ], [ 71.4807207, 51.1753486 ] ] ], [ [ [ 71.482349043568902, 51.175176499217351 ], [ 71.4821473, 51.175236 ], [ 71.4817942, 51.1754048 ], [ 71.4819254, 51.1755126 ], [ 71.482127145063615, 51.175453099582263 ], [ 71.482480143858126, 51.175284298987954 ], [ 71.482349043568902, 51.175176499217351 ] ] ], [ [ [ 71.480983046365637, 51.175397501539152 ], [ 71.4807813, 51.175457 ], [ 71.4806946, 51.175505 ], [ 71.4808115, 51.175588 ], [ 71.481013246891138, 51.175528501480926 ], [ 71.481100046566667, 51.175480501335109 ], [ 71.480983046365637, 51.175397501539152 ] ] ], [ [ [ 71.480384347795564, 51.175541602554397 ], [ 71.480321947683422, 51.175496202663268 ], [ 71.480206347758411, 51.175477502861646 ], [ 71.4800046, 51.175537 ], [ 71.4799227, 51.1755813 ], [ 71.4800491, 51.1756732 ], [ 71.480250848287156, 51.175613702778747 ], [ 71.480384347795564, 51.175541602554397 ] ] ], [ [ [ 71.479980948815225, 51.175651703237783 ], [ 71.479899548721804, 51.1756047033792 ], [ 71.4796978, 51.1756642 ], [ 71.4795886, 51.1757385 ], [ 71.47967, 51.175785499999989 ], [ 71.479871749283589, 51.175726003420529 ], [ 71.479980948815225, 51.175651703237783 ] ] ], [ [ [ 71.480298048304789, 51.175632502697169 ], [ 71.4800963, 51.175692 ], [ 71.4799851, 51.1757513 ], [ 71.479994654938395, 51.175758353656072 ], [ 71.4798592, 51.1757983 ], [ 71.4797516, 51.1758707 ], [ 71.4798331, 51.1759184 ], [ 71.480034849638201, 51.175858903135214 ], [ 71.480139409556784, 51.175784723946478 ], [ 71.480263248851813, 51.175748202750732 ], [ 71.480374448445588, 51.175688902563813 ], [ 71.480298048304789, 51.175632502697169 ] ] ], [ [ [ 71.481415646722581, 51.175615000789236 ], [ 71.4812139, 51.175674499999985 ], [ 71.4811037, 51.1757347 ], [ 71.4812669, 51.175852299999988 ], [ 71.481468647419661, 51.175792800689678 ], [ 71.48157894701076, 51.175732600504361 ], [ 71.481415646722581, 51.175615000789236 ] ] ], [ [ [ 71.480673648072099, 51.175695802052445 ], [ 71.48059054794075, 51.175639502197242 ], [ 71.4803888, 51.175699 ], [ 71.4801957, 51.175811 ], [ 71.4802788, 51.1758673 ], [ 71.480480548816516, 51.175807802376568 ], [ 71.480673648072099, 51.175695802052445 ] ] ], [ [ [ 71.482024646068879, 51.175653699747158 ], [ 71.4818229, 51.1757132 ], [ 71.4817018, 51.1757828 ], [ 71.4820173, 51.1759986 ], [ 71.482219047040431, 51.175939099400608 ], [ 71.482340146576334, 51.175869499197326 ], [ 71.482024646068879, 51.175653699747158 ] ] ], [ [ [ 71.4803304, 51.1760206 ], [ 71.4803961, 51.1760672 ], [ 71.480597849522468, 51.176007702166082 ], [ 71.48082194868266, 51.175883301789625 ], [ 71.480808948331884, 51.17579810181617 ], [ 71.480761948251313, 51.175764801898133 ], [ 71.4805602, 51.1758243 ], [ 71.4804145, 51.17590520000001 ], [ 71.4803304, 51.1760206 ] ] ], [ [ [ 71.480234449289171, 51.175840402795245 ], [ 71.4800327, 51.1758999 ], [ 71.4799328, 51.175956599999985 ], [ 71.4800495, 51.1760374 ], [ 71.480251249860899, 51.175977902759563 ], [ 71.480351149480697, 51.175921102591829 ], [ 71.480234449289171, 51.175840402795245 ] ] ], [ [ [ 71.4822528, 51.1760501 ], [ 71.483114845201243, 51.175792997878069 ], [ 71.483052644966975, 51.175719397988068 ], [ 71.4826634, 51.1758412 ], [ 71.48267665548623, 51.17585691022893 ], [ 71.482211, 51.1759947 ], [ 71.4822528, 51.1760501 ] ] ], [ [ [ 71.481740647405275, 51.175874300221004 ], [ 71.4815389, 51.1759338 ], [ 71.4813996, 51.1759951 ], [ 71.481487800000011, 51.176073899999984 ], [ 71.481689548079757, 51.176014400301142 ], [ 71.481828847626986, 51.175953100066344 ], [ 71.481740647405275, 51.175874300221004 ] ] ], [ [ [ 71.4830498, 51.1759922 ], [ 71.483348345339863, 51.175897897473952 ], [ 71.483253445019145, 51.175794097641322 ], [ 71.483133319038799, 51.175829527468998 ], [ 71.483121045287547, 51.175814897866388 ], [ 71.4829193, 51.1758744 ], [ 71.482180200000016, 51.1761178 ], [ 71.4822546, 51.1762067 ], [ 71.483021349082463, 51.17596108093052 ], [ 71.4830498, 51.1759922 ] ] ], [ [ [ 71.481879647666119, 51.175977999978322 ], [ 71.4816779, 51.1760375 ], [ 71.4815654, 51.1760984 ], [ 71.4816515, 51.1761609 ], [ 71.481853248235126, 51.176101400017131 ], [ 71.481965747820652, 51.176040599828085 ], [ 71.481879647666119, 51.175977999978322 ] ] ], [ [ [ 71.481003049013424, 51.176016301473567 ], [ 71.4808013, 51.1760758 ], [ 71.4806874, 51.176139 ], [ 71.480778122279375, 51.176203261662224 ], [ 71.4806193, 51.1762501 ], [ 71.4804728, 51.176331399999988 ], [ 71.4805803, 51.1764076 ], [ 71.480782050745589, 51.176348101834179 ], [ 71.480928650196532, 51.176266801587907 ], [ 71.480855133000532, 51.17621473855084 ], [ 71.481013949654042, 51.176167901447265 ], [ 71.481127849227292, 51.17610470125593 ], [ 71.481003049013424, 51.176016301473567 ] ] ], [ [ [ 71.480556751340217, 51.176415402215561 ], [ 71.48040075112344, 51.176316602487042 ], [ 71.480201236072133, 51.176375440572798 ], [ 71.480331151137293, 51.17629810260685 ], [ 71.480316283722772, 51.176288283891374 ], [ 71.480506450616119, 51.176232202310779 ], [ 71.480628150160285, 51.176164702106362 ], [ 71.480493049928725, 51.176069002341954 ], [ 71.4802913, 51.1761285 ], [ 71.480173376823629, 51.17619390521768 ], [ 71.480128250831569, 51.1761641029602 ], [ 71.4799265, 51.1762236 ], [ 71.4797949, 51.176302 ], [ 71.4799977, 51.176436 ], [ 71.480197352540785, 51.176377121865116 ], [ 71.4801013, 51.1764367 ], [ 71.4802573, 51.1765355 ], [ 71.480459051733902, 51.176476002379367 ], [ 71.480556751340217, 51.176415402215561 ] ] ], [ [ [ 71.479964652137525, 51.176415203226881 ], [ 71.479802351912369, 51.176312503509287 ], [ 71.4796006, 51.176372 ], [ 71.4795054, 51.1764311 ], [ 71.4796677, 51.1765338 ], [ 71.479869452521328, 51.17647430338647 ], [ 71.479964652137525, 51.176415203226881 ] ] ], [ [ [ 71.48231214833271, 51.176267099224958 ], [ 71.4819705, 51.1763827 ], [ 71.482017313884413, 51.176428542346457 ], [ 71.4819215, 51.1764568 ], [ 71.48182, 51.1765149 ], [ 71.4818952, 51.1765665 ], [ 71.482096949659834, 51.176506999580312 ], [ 71.48219255785817, 51.17645227176547 ], [ 71.482418048638635, 51.176370899038801 ], [ 71.48231214833271, 51.176267099224958 ] ] ], [ [ [ 71.4813543, 51.1765168 ], [ 71.4814825, 51.176553 ], [ 71.481684250157855, 51.176493500285865 ], [ 71.481767049792495, 51.176434800147426 ], [ 71.481775249589504, 51.176390400135681 ], [ 71.481705249516594, 51.176351700257214 ], [ 71.481593849611443, 51.176338900448108 ], [ 71.4813921, 51.1763984 ], [ 71.4812819, 51.1764767 ], [ 71.4813543, 51.1765168 ] ] ], [ [ [ 71.4801434, 51.1769112 ], [ 71.480345153511493, 51.176851702554821 ], [ 71.480528350262716, 51.176742578743408 ], [ 71.480729352265598, 51.176683301907154 ], [ 71.480859851739538, 51.176602301688391 ], [ 71.480682451493252, 51.176490001997081 ], [ 71.480289, 51.1766194 ], [ 71.4799801, 51.1768034 ], [ 71.4801434, 51.1769112 ] ] ], [ [ [ 71.480009852642013, 51.176546003143045 ], [ 71.4798081, 51.1766055 ], [ 71.4797115, 51.1766593 ], [ 71.4798939, 51.1767871 ], [ 71.480095653311366, 51.176727602987278 ], [ 71.480186852941586, 51.176670502834405 ], [ 71.480009852642013, 51.176546003143045 ] ] ], [ [ [ 71.4817368, 51.176852899999986 ], [ 71.481938551111384, 51.176793399836271 ], [ 71.482076650557772, 51.176708399604749 ], [ 71.481965650401406, 51.176637599797921 ], [ 71.481802750609333, 51.176634900076287 ], [ 71.481601, 51.1766944 ], [ 71.4815178, 51.176745499999981 ], [ 71.4816269, 51.1768152 ], [ 71.4817368, 51.176852899999986 ] ] ], [ [ [ 71.4806388, 51.1767313 ], [ 71.480600366357251, 51.176755700449085 ], [ 71.4804315, 51.1768055 ], [ 71.4802131, 51.1769346 ], [ 71.4804101, 51.1770656 ], [ 71.480611853819397, 51.177006102091461 ], [ 71.480659853632375, 51.176977802010924 ], [ 71.480670761548879, 51.176878883198583 ], [ 71.480748755342304, 51.176855882314001 ], [ 71.4806784, 51.1768976 ], [ 71.4807792, 51.1769644 ], [ 71.480980952884366, 51.176904901466187 ], [ 71.481122952329372, 51.176820801227933 ], [ 71.481022152176067, 51.176753901403487 ], [ 71.480899756053034, 51.176789997219949 ], [ 71.480964852230855, 51.176748701501609 ], [ 71.480840552065985, 51.176671801717823 ], [ 71.4806388, 51.1767313 ] ] ], [ [ [ 71.48226785033502, 51.176716499277767 ], [ 71.4820661, 51.176776 ], [ 71.4819428, 51.1768376 ], [ 71.481982396825373, 51.176868727158059 ], [ 71.4818316, 51.1769132 ], [ 71.4816803, 51.1769944 ], [ 71.4817526, 51.1770474 ], [ 71.481954351930867, 51.176987899799421 ], [ 71.48209489880189, 51.176912520135403 ], [ 71.482255350994677, 51.176865199291555 ], [ 71.482378650561728, 51.176803499084109 ], [ 71.48226785033502, 51.176716499277767 ] ] ], [ [ [ 71.4809024, 51.1772243 ], [ 71.48110415384177, 51.177164801242569 ], [ 71.481227753377738, 51.17709600103494 ], [ 71.481207281455482, 51.177081582590603 ], [ 71.481313353064778, 51.177050300891068 ], [ 71.481428852545505, 51.176966200698068 ], [ 71.481332452450687, 51.17691420086534 ], [ 71.4811307, 51.1769737 ], [ 71.481069612705411, 51.177018180064437 ], [ 71.480966953108123, 51.176952301487709 ], [ 71.4807652, 51.1770118 ], [ 71.4806264, 51.1770969 ], [ 71.480641374271499, 51.177106518323953 ], [ 71.4801372, 51.1772552 ], [ 71.4799831, 51.1773233 ], [ 71.4801309, 51.1774547 ], [ 71.480736166045943, 51.17727620662103 ], [ 71.480883606540516, 51.177211048220933 ], [ 71.4809024, 51.1772243 ] ], [ [ 71.480903926623654, 51.177115151680418 ], [ 71.480831248827144, 51.177155639375151 ], [ 71.480815154568177, 51.177141331143922 ], [ 71.480903926623654, 51.177115151680418 ] ], [ [ 71.481023542596461, 51.177051725447988 ], [ 71.481033241336746, 51.177067531856579 ], [ 71.480964799314535, 51.177087715980079 ], [ 71.481023542596461, 51.177051725447988 ] ] ], [ [ [ 71.479998257467741, 51.177658703106381 ], [ 71.479759956682301, 51.177402703526383 ], [ 71.4795582, 51.177462199999987 ], [ 71.4792359, 51.1775841 ], [ 71.4793699, 51.1778177 ], [ 71.4794195, 51.177868799999985 ], [ 71.47962125862702, 51.177809303742634 ], [ 71.479998257467741, 51.177658703106381 ] ] ], [ [ [ 71.481762809744552, 51.144004501802655 ], [ 71.4815612, 51.144064 ], [ 71.481382, 51.1441775 ], [ 71.48155, 51.1442792 ], [ 71.481751610688136, 51.144219701810833 ], [ 71.481932409955377, 51.144106301507939 ], [ 71.481762809744552, 51.144004501802655 ] ] ], [ [ [ 71.4827953, 51.1447054 ], [ 71.482954077982484, 51.144658540740934 ], [ 71.4828871, 51.1447656 ], [ 71.4830887, 51.1448168 ], [ 71.483226338079973, 51.144776179331487 ], [ 71.4831778, 51.1448513 ], [ 71.4834306, 51.1449165 ], [ 71.483503647225319, 51.144894941627783 ], [ 71.4836903, 51.1449463 ], [ 71.483891910684036, 51.144886798123068 ], [ 71.483971909997251, 51.144752597993318 ], [ 71.483780410057548, 51.144706798322559 ], [ 71.483720857138763, 51.144724374375251 ], [ 71.483734610106282, 51.144703798400904 ], [ 71.483687609961621, 51.144655598483595 ], [ 71.483570309991023, 51.14462579868534 ], [ 71.483341399033733, 51.144679516906436 ], [ 71.483370310302234, 51.144635499026286 ], [ 71.483164910357942, 51.144584299379559 ], [ 71.483008106252782, 51.144630576516796 ], [ 71.483094010145791, 51.144512999504201 ], [ 71.482844410170415, 51.144440799933982 ], [ 71.482755063177535, 51.144467168466527 ], [ 71.48278041019708, 51.144427000043969 ], [ 71.482592110245704, 51.144379500367826 ], [ 71.482515810381699, 51.144387200497675 ], [ 71.482332079155753, 51.144441423501782 ], [ 71.482410810279319, 51.144330700679802 ], [ 71.482263010299306, 51.144289200934239 ], [ 71.4820614, 51.1443487 ], [ 71.4819819, 51.1444604 ], [ 71.4821302, 51.1445013 ], [ 71.482313971622972, 51.144447065527856 ], [ 71.4822774, 51.144505599999988 ], [ 71.482319, 51.1445555 ], [ 71.4825068, 51.1446006 ], [ 71.482586534042483, 51.144577068765415 ], [ 71.4825462, 51.1446321 ], [ 71.4827953, 51.1447054 ] ] ], [ [ [ 71.481151214000477, 51.144800002806335 ], [ 71.4809496, 51.14485950000001 ], [ 71.4808338, 51.1449318 ], [ 71.481013600000011, 51.1450412 ], [ 71.481215214698281, 51.144981702687815 ], [ 71.481330414235941, 51.144910502494781 ], [ 71.481151214000477, 51.144800002806335 ] ] ], [ [ [ 71.4828819, 51.145177 ], [ 71.483083512768161, 51.145117499491377 ], [ 71.483265911491728, 51.14487859919214 ], [ 71.483084811500902, 51.144824199504079 ], [ 71.4828832, 51.1448837 ], [ 71.482867144369379, 51.144904729111111 ], [ 71.482804711673197, 51.144776699984668 ], [ 71.482642211693573, 51.144730700264432 ], [ 71.4824406, 51.14479020000001 ], [ 71.4823153, 51.1449645 ], [ 71.4826117, 51.1450484 ], [ 71.482799845730582, 51.144992874319634 ], [ 71.4827008, 51.1451226 ], [ 71.4828819, 51.145177 ] ] ], [ [ [ 71.484206610890979, 51.145032997578362 ], [ 71.484295110224679, 51.144906197433727 ], [ 71.484230110120222, 51.144861697546965 ], [ 71.484077510263617, 51.144847297808226 ], [ 71.4838759, 51.1449068 ], [ 71.4837901, 51.145036299999987 ], [ 71.484005, 51.1450925 ], [ 71.484206610890979, 51.145032997578362 ] ] ], [ [ [ 71.48161201527715, 51.145239701997298 ], [ 71.481716014520501, 51.145096801827002 ], [ 71.4817123143076, 51.145046301835897 ], [ 71.481687214075606, 51.144984701881867 ], [ 71.481589114095087, 51.1449586020507 ], [ 71.4813875, 51.1450181 ], [ 71.4812248, 51.1452473 ], [ 71.4814104, 51.1452992 ], [ 71.48161201527715, 51.145239701997298 ] ] ], [ [ [ 71.484601010837409, 51.145143696899417 ], [ 71.484691710171177, 51.145017596751018 ], [ 71.484627710069674, 51.144974096862498 ], [ 71.484470910212707, 51.144958297130962 ], [ 71.4842693, 51.1450178 ], [ 71.4841829, 51.145146 ], [ 71.4843994, 51.1452032 ], [ 71.484601010837409, 51.145143696899417 ] ] ], [ [ [ 71.485042, 51.1453261 ], [ 71.485243610502195, 51.145266595796166 ], [ 71.485340709785461, 51.145130795637314 ], [ 71.485121009815586, 51.145069196015513 ], [ 71.4849194, 51.1451287 ], [ 71.4848777, 51.1451548 ], [ 71.4848777, 51.145280599999985 ], [ 71.485042, 51.1453261 ] ] ], [ [ [ 71.482547414355281, 51.145318000396401 ], [ 71.482420330720402, 51.145355504856646 ], [ 71.482519113971406, 51.145220200449685 ], [ 71.482329213991562, 51.145165600776657 ], [ 71.482134673111744, 51.14522301263019 ], [ 71.48214661441223, 51.145206101086323 ], [ 71.481993114434289, 51.145163301350564 ], [ 71.4817915, 51.1452228 ], [ 71.4816818, 51.1453775 ], [ 71.4818364, 51.1454194 ], [ 71.482026926055184, 51.145363173804618 ], [ 71.4819957, 51.145406 ], [ 71.4821855, 51.1454605 ], [ 71.482313074282359, 51.145422851135216 ], [ 71.4822543, 51.1455043 ], [ 71.4824562, 51.1455617 ], [ 71.482657815001417, 51.145502200198578 ], [ 71.482750014323628, 51.14537390004768 ], [ 71.482547414355281, 51.145318000396401 ] ] ], [ [ [ 71.483662912757595, 51.145295898493167 ], [ 71.483443912812646, 51.145240298869858 ], [ 71.483242300000015, 51.1452998 ], [ 71.4831404, 51.145458 ], [ 71.4833593, 51.1455135 ], [ 71.483560913577151, 51.145453998659264 ], [ 71.483662912757595, 51.145295898493167 ] ] ], [ [ [ 71.4837187, 51.1453655 ], [ 71.4836383, 51.1454664 ], [ 71.4840513, 51.1455775 ], [ 71.484252912921278, 51.145517997474649 ], [ 71.484288350188748, 51.14547354722729 ], [ 71.4845396, 51.1455463 ], [ 71.484741212128981, 51.145486796642622 ], [ 71.484812711844967, 51.145443296522771 ], [ 71.484874511380752, 51.145354996421773 ], [ 71.48487351114521, 51.145300096426269 ], [ 71.484608911177986, 51.145225096881781 ], [ 71.4844073, 51.145284599999989 ], [ 71.484312057986472, 51.145419187577218 ], [ 71.483920312454501, 51.145305998053239 ], [ 71.4837187, 51.1453655 ] ] ], [ [ [ 71.482872514390792, 51.145427699835821 ], [ 71.4826709, 51.1454872 ], [ 71.4825864, 51.1456008 ], [ 71.4827267, 51.1456406 ], [ 71.482928314977556, 51.145581099732752 ], [ 71.483014314371545, 51.145467499591717 ], [ 71.482872514390792, 51.145427699835821 ] ] ], [ [ [ 71.481316716660345, 51.145468102489815 ], [ 71.4811151, 51.1455276 ], [ 71.4810373, 51.1456394 ], [ 71.4812229, 51.1456896 ], [ 71.481399455035572, 51.145637498231011 ], [ 71.4813359, 51.1457277 ], [ 71.4815194, 51.1457799 ], [ 71.481721017204549, 51.145720401786775 ], [ 71.48179681664638, 51.145614701662723 ], [ 71.481614316652681, 51.145559201977129 ], [ 71.481436985659784, 51.145611533213859 ], [ 71.481499116634339, 51.145519002175831 ], [ 71.481316716660345, 51.145468102489815 ] ] ], [ [ [ 71.483733214330172, 51.145682298353492 ], [ 71.483781413924376, 51.145603298275226 ], [ 71.483773113759938, 51.145562598291455 ], [ 71.483654013802123, 51.145535198496184 ], [ 71.483420839320004, 51.14560777177968 ], [ 71.483250414469964, 51.145563999183736 ], [ 71.4830488, 51.1456235 ], [ 71.4829802, 51.1457314 ], [ 71.4831612, 51.1457787 ], [ 71.483346902268863, 51.145723895195388 ], [ 71.4833475, 51.1457437 ], [ 71.4834757, 51.1457754 ], [ 71.483677314550434, 51.145715898447207 ], [ 71.483733214330172, 51.145682298353492 ] ] ], [ [ [ 71.4844041, 51.1457156 ], [ 71.4843999, 51.1458019 ], [ 71.4846196, 51.1458581 ], [ 71.484821213366587, 51.145798596490167 ], [ 71.484903312710614, 51.145672196356443 ], [ 71.484904412417436, 51.145604596358005 ], [ 71.4847241124493, 51.14555569666831 ], [ 71.4845225, 51.1456152 ], [ 71.4844351, 51.1456661 ], [ 71.4844041, 51.1457156 ] ] ], [ [ [ 71.482191516599812, 51.14572710098318 ], [ 71.482028216623419, 51.145681601264286 ], [ 71.4818266, 51.1457411 ], [ 71.4817562, 51.145842199999983 ], [ 71.4819258, 51.145887 ], [ 71.482127417119372, 51.14582750108751 ], [ 71.482191516599812, 51.14572710098318 ] ] ], [ [ [ 71.4837918, 51.1458738 ], [ 71.4838793, 51.145862 ], [ 71.484080914380513, 51.145802497753792 ], [ 71.484163913799264, 51.145693697617631 ], [ 71.483952713820088, 51.145632597981297 ], [ 71.4837511, 51.1456921 ], [ 71.4836711, 51.1458024 ], [ 71.4837058, 51.1458492 ], [ 71.4837918, 51.1458738 ] ] ], [ [ [ 71.482472616611318, 51.14581750049868 ], [ 71.482334816638129, 51.14578070073582 ], [ 71.482133200000021, 51.1458402 ], [ 71.4820594, 51.1459489 ], [ 71.4821972, 51.1459857 ], [ 71.482380428178161, 51.145931627430329 ], [ 71.482284300000018, 51.1460664 ], [ 71.4824592, 51.1461132 ], [ 71.482660817377052, 51.146053700165382 ], [ 71.482788816399065, 51.145866999956368 ], [ 71.482691816408447, 51.145838900123387 ], [ 71.482605316527525, 51.145839500271023 ], [ 71.482420688198047, 51.145893986575139 ], [ 71.482472616611318, 51.14581750049868 ] ] ], [ [ [ 71.4835985, 51.1463688 ], [ 71.483800116945545, 51.146309298207363 ], [ 71.483881216299523, 51.146184898075241 ], [ 71.483685916339894, 51.146133298411293 ], [ 71.483568104726487, 51.146168067370702 ], [ 71.483633716170729, 51.146077798503221 ], [ 71.483564316171865, 51.146056398622797 ], [ 71.483459392988323, 51.146072231723359 ], [ 71.483470516295171, 51.146055698782959 ], [ 71.483322216321881, 51.146015599038186 ], [ 71.483105311767375, 51.146086049417328 ], [ 71.483182416316424, 51.145970699279125 ], [ 71.483117416317228, 51.145950599391114 ], [ 71.48295951643496, 51.145928599661794 ], [ 71.4827579, 51.145988099999983 ], [ 71.4826672, 51.1461232 ], [ 71.4828806, 51.1461801 ], [ 71.48304348706985, 51.146132029356373 ], [ 71.4829894, 51.1462089 ], [ 71.4831739, 51.1462564 ], [ 71.483205277283986, 51.146247139992973 ], [ 71.4833222, 51.1462885 ], [ 71.483445112222867, 51.146252226133022 ], [ 71.4834022, 51.1463173 ], [ 71.4835985, 51.1463688 ] ] ], [ [ [ 71.484582814201161, 51.145917596891103 ], [ 71.4843812, 51.1459771 ], [ 71.4842862, 51.146111599999983 ], [ 71.4844596, 51.1461581 ], [ 71.484661214876539, 51.146098596748054 ], [ 71.484753514171885, 51.145964096597325 ], [ 71.484582814201161, 51.145917596891103 ] ] ], [ [ [ 71.483105017589168, 51.146241499397512 ], [ 71.4829034, 51.146301 ], [ 71.4828443, 51.1463852 ], [ 71.4829731, 51.1464222 ], [ 71.483174718018276, 51.146362699272323 ], [ 71.483239117568218, 51.146278499166669 ], [ 71.483105017589168, 51.146241499397512 ] ] ], [ [ [ 71.4825171, 51.14661060000001 ], [ 71.482718719445401, 51.146551100041258 ], [ 71.482890418183288, 51.146312199760274 ], [ 71.482820618161213, 51.146285299880795 ], [ 71.4823186, 51.1464222 ], [ 71.4822328, 51.1465265 ], [ 71.4825171, 51.14661060000001 ] ] ], [ [ [ 71.4829488, 51.1501031 ], [ 71.4830899, 51.1501381 ], [ 71.483291533897059, 51.150078598883894 ], [ 71.483451933248119, 51.149978298615117 ], [ 71.483499632872253, 51.149906098537365 ], [ 71.483203432940201, 51.149829399046972 ], [ 71.4830018, 51.1498889 ], [ 71.4829529, 51.1499601 ], [ 71.4829488, 51.1501031 ] ] ], [ [ [ 71.483837232925907, 51.150023897955002 ], [ 71.483584011321227, 51.150106549657167 ], [ 71.483483533634981, 51.150077798556133 ], [ 71.4832819, 51.1501373 ], [ 71.4832208, 51.1502212 ], [ 71.4837874, 51.1503833 ], [ 71.483989034015792, 51.150323797680578 ], [ 71.484050033571506, 51.150239897580704 ], [ 71.483798178227573, 51.15016783185073 ], [ 71.483933833231703, 51.150124897784934 ], [ 71.483837232925907, 51.150023897955002 ] ] ], [ [ [ 71.481592300000017, 51.1518462 ], [ 71.4817986, 51.151907 ], [ 71.482972240721168, 51.15155999935368 ], [ 71.483010340474763, 51.151514799290929 ], [ 71.482939240469094, 51.151491299413522 ], [ 71.482882740430369, 51.151507971639901 ], [ 71.482946251710132, 51.151423046323657 ], [ 71.4832652, 51.1513995 ], [ 71.484273390242095, 51.151101989189797 ], [ 71.484332973279308, 51.15103078573074 ], [ 71.484504072839428, 51.150980293876927 ], [ 71.484645270822327, 51.150790693414102 ], [ 71.483184271091503, 51.15036589844604 ], [ 71.482781, 51.1504849 ], [ 71.4826248, 51.1507019 ], [ 71.48319616814527, 51.150866437927199 ], [ 71.482162, 51.1511749 ], [ 71.4820611, 51.1512287 ], [ 71.4819002, 51.1514373 ], [ 71.481955660798448, 51.151454395964528 ], [ 71.4818655, 51.151481 ], [ 71.481592300000017, 51.1518462 ] ] ], [ [ [ 71.484194599539009, 51.153976394628778 ], [ 71.484189798497752, 51.153854294657592 ], [ 71.483996297190501, 51.153642495339909 ], [ 71.483420798849053, 51.153654997303818 ], [ 71.48300460405062, 51.153765545654174 ], [ 71.482972455781436, 51.153732599626828 ], [ 71.4819642, 51.1540301 ], [ 71.4817992, 51.1540935 ], [ 71.4824599, 51.1547705 ], [ 71.48346816842411, 51.154472995206724 ], [ 71.483633165946316, 51.154409693814223 ], [ 71.483492299891907, 51.154265336644222 ], [ 71.483687302903817, 51.154207796337545 ], [ 71.484194599539009, 51.153976394628778 ] ] ], [ [ [ 71.484436749462205, 51.154041996726981 ], [ 71.4841175, 51.1541487 ], [ 71.4842071, 51.154242 ], [ 71.484532149738172, 51.154135696559322 ], [ 71.484436749462205, 51.154041996726981 ] ] ], [ [ [ 71.482704155178823, 51.154825499645348 ], [ 71.4825025, 51.154885 ], [ 71.4824253, 51.154938 ], [ 71.4825533, 51.155006699999987 ], [ 71.482754955635812, 51.154947199552417 ], [ 71.482832155309467, 51.154895699423228 ], [ 71.482704155178823, 51.154825499645348 ] ] ], [ [ [ 71.485399552735458, 51.155100695029219 ], [ 71.4851979, 51.1551602 ], [ 71.4847383, 51.1553435 ], [ 71.4848661, 51.1554695 ], [ 71.485067754517843, 51.155409995580008 ], [ 71.485527253106923, 51.155226594804788 ], [ 71.485399552735458, 51.155100695029219 ] ] ], [ [ [ 71.4810309, 51.1589388 ], [ 71.4812725, 51.159181 ], [ 71.4819404, 51.1593126 ], [ 71.48254542357455, 51.159134100115992 ], [ 71.482754821663235, 51.159051899055854 ], [ 71.482730313095303, 51.158834069645913 ], [ 71.4827725, 51.1588787 ], [ 71.483368670894066, 51.158672598315086 ], [ 71.483218470410321, 51.158513698579632 ], [ 71.482686073091514, 51.158696101456783 ], [ 71.482635715813714, 51.158563199740506 ], [ 71.482530814389122, 51.158458033360766 ], [ 71.483243331749165, 51.158247811072172 ], [ 71.4833471, 51.1584063 ], [ 71.4834453, 51.1585084 ], [ 71.484211597317042, 51.15828230305231 ], [ 71.484699546693449, 51.158281465507571 ], [ 71.4836355, 51.1585921 ], [ 71.4834412, 51.1586658 ], [ 71.4839501, 51.159194 ], [ 71.484333310578833, 51.159080933728347 ], [ 71.484883100000019, 51.1596369 ], [ 71.48508477248879, 51.159577395338808 ], [ 71.485280171897273, 51.159501395009038 ], [ 71.484744425476634, 51.158959632291548 ], [ 71.485152750982124, 51.158822879718898 ], [ 71.485065480901341, 51.158732286004955 ], [ 71.485265068342187, 51.15867339507696 ], [ 71.485263767508826, 51.158479995089039 ], [ 71.485025703337413, 51.158276531607051 ], [ 71.4851005, 51.1582754 ], [ 71.4853021663167, 51.158215895036925 ], [ 71.485381565757208, 51.158111094906687 ], [ 71.485385169444541, 51.157925701430976 ], [ 71.4857957, 51.1582779 ], [ 71.485997365390702, 51.158218393849758 ], [ 71.486358264190187, 51.158052993241995 ], [ 71.485838862965664, 51.157607294151525 ], [ 71.4856372, 51.1576668 ], [ 71.485418659965248, 51.157767017439369 ], [ 71.485312591061387, 51.157656613043983 ], [ 71.485613290884388, 51.157567884639938 ], [ 71.485739374588007, 51.157505963569001 ], [ 71.4857901, 51.1575873 ], [ 71.4860296, 51.1575839 ], [ 71.486231262078945, 51.157524393485737 ], [ 71.486730760412343, 51.157294292644622 ], [ 71.486724859726024, 51.157133492662886 ], [ 71.486545459178529, 51.156950692978512 ], [ 71.48594616011475, 51.156980494000237 ], [ 71.4857445, 51.15704 ], [ 71.48568240953405, 51.157149975934395 ], [ 71.485545285739676, 51.157149485052173 ], [ 71.4849403, 51.157328 ], [ 71.484835755950911, 51.157377948020624 ], [ 71.4831837, 51.1578654 ], [ 71.4830308, 51.157923199999985 ], [ 71.483086360999479, 51.158008061769621 ], [ 71.4824087, 51.158208 ], [ 71.48222, 51.1582808 ], [ 71.482256565711126, 51.158318098981773 ], [ 71.4817556, 51.1584659 ], [ 71.4815439, 51.1585489 ], [ 71.4810309, 51.1589388 ] ] ], [ [ [ 71.483038168156114, 51.157935398916898 ], [ 71.48293906782159, 51.157826999091625 ], [ 71.4822775, 51.1580518 ], [ 71.4823766, 51.1581603 ], [ 71.483038168156114, 51.157935398916898 ] ] ], [ [ [ 71.485246069018103, 51.158823995101763 ], [ 71.4848733, 51.1589435 ], [ 71.4849464, 51.1590255 ], [ 71.485319169273666, 51.158905994972756 ], [ 71.485246069018103, 51.158823995101763 ] ] ], [ [ [ 71.482877473300036, 51.159076499133249 ], [ 71.4825484, 51.1591857 ], [ 71.4826043, 51.159242099999986 ], [ 71.482933373468711, 51.159132999034952 ], [ 71.482877473300036, 51.159076499133249 ] ] ], [ [ [ 71.48473047396331, 51.15980829593201 ], [ 71.4844161, 51.1599116 ], [ 71.48450622415146, 51.160006920807952 ], [ 71.484458920250603, 51.160020877739555 ], [ 71.483887996914376, 51.15942319160861 ], [ 71.4830813, 51.1596612 ], [ 71.4819669, 51.1600799 ], [ 71.482588578528805, 51.160730732276306 ], [ 71.4822735, 51.160848199999982 ], [ 71.4825256, 51.1611098 ], [ 71.483019181155328, 51.160939698796568 ], [ 71.482873262381787, 51.160788342506073 ], [ 71.483500819384631, 51.160603194013099 ], [ 71.484096450842742, 51.160379400191154 ], [ 71.4841848, 51.160471 ], [ 71.485143939425257, 51.160188007638752 ], [ 71.4851723, 51.160216900000016 ], [ 71.485373974603704, 51.160157394815478 ], [ 71.485793640272377, 51.15999630818245 ], [ 71.486604889484042, 51.159756935336624 ], [ 71.486820881741707, 51.159674930960975 ], [ 71.486750837871199, 51.15960234076185 ], [ 71.486848170057115, 51.159564592328508 ], [ 71.486722869677578, 51.159437592548919 ], [ 71.48662090203905, 51.159467680596215 ], [ 71.486557271847417, 51.159401736529126 ], [ 71.485524835993417, 51.159706374562035 ], [ 71.485438172172749, 51.159614494733482 ], [ 71.4852365, 51.159674 ], [ 71.4848045, 51.1598422 ], [ 71.484862890306132, 51.159901686214077 ], [ 71.484821927499226, 51.159913772397459 ], [ 71.48473047396331, 51.15980829593201 ] ] ], [ [ [ 71.4850534, 51.161339699999985 ], [ 71.486636584983842, 51.160860666532137 ], [ 71.486828682177887, 51.160790664909932 ], [ 71.486791531720655, 51.160750570286794 ], [ 71.487054738190878, 51.16067290609594 ], [ 71.487149535562168, 51.160716121272621 ], [ 71.4865206, 51.1609017 ], [ 71.4855039, 51.1613012 ], [ 71.4855943, 51.1613956 ], [ 71.486602690338472, 51.161098066761092 ], [ 71.487627875019584, 51.160708558107736 ], [ 71.487553583535657, 51.160630137112342 ], [ 71.488430762135891, 51.160362451341349 ], [ 71.48835046063229, 51.160267752051041 ], [ 71.488060357567178, 51.160035254586965 ], [ 71.48795868907726, 51.160065255414196 ], [ 71.487656069676078, 51.159728490940687 ], [ 71.4868367, 51.1600064 ], [ 71.486876151330051, 51.16005026191506 ], [ 71.486858265589916, 51.160031664850585 ], [ 71.4858499, 51.1603292 ], [ 71.485673, 51.1603961 ], [ 71.485695556432731, 51.160419554076817 ], [ 71.485307, 51.1605342 ], [ 71.4851149, 51.1606042 ], [ 71.485131141635833, 51.160621729692984 ], [ 71.4845607, 51.1608027 ], [ 71.4850534, 51.161339699999985 ] ], [ [ 71.486959816767282, 51.160137254525672 ], [ 71.487247732760068, 51.160275044292902 ], [ 71.487126688677407, 51.160310761346103 ], [ 71.486959816767282, 51.160137254525672 ] ] ], [ [ [ 71.4839836, 51.160996199999985 ], [ 71.484034, 51.161049 ], [ 71.4841148, 51.1610526 ], [ 71.484471779177156, 51.160934896316419 ], [ 71.484478078844333, 51.160859796309481 ], [ 71.484422378667176, 51.160801396407564 ], [ 71.4840036, 51.1609423 ], [ 71.4839836, 51.160996199999985 ] ] ], [ [ [ 71.4838485, 51.1612824 ], [ 71.484312280251089, 51.161133796578653 ], [ 71.484261080064414, 51.161074596669074 ], [ 71.484198680035362, 51.16104839677697 ], [ 71.484036580401494, 51.16108259705203 ], [ 71.4837517, 51.161170399999989 ], [ 71.4838485, 51.1612824 ] ] ], [ [ [ 71.4832184, 51.161362 ], [ 71.4834122, 51.1615442 ], [ 71.483613882707687, 51.161484697753359 ], [ 71.483863681919743, 51.161380197332122 ], [ 71.483836881665198, 51.161312897381301 ], [ 71.483776081500537, 51.161255797488039 ], [ 71.483705381468837, 51.161226397610243 ], [ 71.483544781788467, 51.161250297883264 ], [ 71.4832184, 51.161362 ] ] ], [ [ [ 71.484054967110822, 51.161757394313959 ], [ 71.48500938037796, 51.161380695375762 ], [ 71.484915680127187, 51.161293395540191 ], [ 71.484714, 51.1613529 ], [ 71.484416513913615, 51.161480608896227 ], [ 71.4835652, 51.1617878 ], [ 71.4836516, 51.1618764 ], [ 71.484054967110822, 51.161757394313959 ] ] ], [ [ [ 71.484727782066898, 51.161683895841151 ], [ 71.484658881858294, 51.161614095962371 ], [ 71.4844572, 51.1616736 ], [ 71.4840414, 51.1618351 ], [ 71.4841104, 51.1619049 ], [ 71.48431208332461, 51.161845396542773 ], [ 71.484727782066898, 51.161683895841151 ] ] ], [ [ [ 71.486027370288184, 51.1627406874779 ], [ 71.486328968468882, 51.162624186459766 ], [ 71.486008730530997, 51.162298161963925 ], [ 71.4863107, 51.162565 ], [ 71.486714065891547, 51.16244598516279 ], [ 71.487014437001534, 51.162328235140215 ], [ 71.487410461987892, 51.162211382808458 ], [ 71.48771206016859, 51.162094881790338 ], [ 71.487164556830777, 51.161537583716893 ], [ 71.4867612, 51.1616566 ], [ 71.486441626514775, 51.161780015208002 ], [ 71.4860648, 51.1618912 ], [ 71.4857173, 51.1620255 ], [ 71.485763271460087, 51.162072285918974 ], [ 71.4853782, 51.162185899999983 ], [ 71.4850306, 51.1623201 ], [ 71.485624, 51.1628597 ], [ 71.486027370288184, 51.1627406874779 ] ] ], [ [ [ 71.4845548, 51.1627105 ], [ 71.4845752, 51.1627884 ], [ 71.4848291, 51.1630441 ], [ 71.4850015, 51.1630069 ], [ 71.485517872572004, 51.162846089207171 ], [ 71.485230670675222, 51.162536890219478 ], [ 71.4851323703882, 51.162472990561682 ], [ 71.484729, 51.162592 ], [ 71.4845548, 51.1627105 ] ] ], [ [ [ 71.483470690416254, 51.163224797909351 ], [ 71.4830429, 51.1633401 ], [ 71.4827167, 51.163451599999988 ], [ 71.4827855, 51.163530799999982 ], [ 71.48317606135322, 51.163406682194008 ], [ 71.48319530000002, 51.1634314 ], [ 71.483548890745354, 51.16332539777072 ], [ 71.483470690416254, 51.163224797909351 ] ] ], [ [ [ 71.482762892659395, 51.163523299102849 ], [ 71.482673692303607, 51.163413099260758 ], [ 71.4819679, 51.16363290000001 ], [ 71.4820571, 51.1637432 ], [ 71.482762892659395, 51.163523299102849 ] ] ], [ [ [ 71.483814292836342, 51.163892297288676 ], [ 71.483316, 51.1640521 ], [ 71.484105, 51.1649692 ], [ 71.48460319573455, 51.164809395894885 ], [ 71.483814292836342, 51.163892297288676 ] ] ], [ [ [ 71.4831252, 51.1653193 ], [ 71.483668498476376, 51.165152497473557 ], [ 71.482629194601898, 51.163931299310399 ], [ 71.4821681, 51.1640723 ], [ 71.4831252, 51.1653193 ] ] ], [ [ [ 71.484499997877549, 51.165273296047516 ], [ 71.4836005, 51.1655782 ], [ 71.4837238, 51.165716 ], [ 71.48462329830663, 51.165411095829938 ], [ 71.484499997877549, 51.165273296047516 ] ] ], [ [ [ 71.485438196749101, 51.165304794443806 ], [ 71.4836278, 51.1658989 ], [ 71.4840139, 51.1663558 ], [ 71.485824298202374, 51.165761693761226 ], [ 71.485438196749101, 51.165304794443806 ] ] ], [ [ [ 71.485376100362956, 51.166121994508238 ], [ 71.4847584, 51.1663273 ], [ 71.484841, 51.1664199 ], [ 71.485458600651327, 51.166214494362656 ], [ 71.485376100362956, 51.166121994508238 ] ] ], [ [ [ 71.484747000553909, 51.166601249478433 ], [ 71.4844318, 51.1667052 ], [ 71.4845932, 51.1668716 ], [ 71.484921803747426, 51.166763695251376 ], [ 71.484786236898543, 51.166623929456527 ], [ 71.485370601669359, 51.166422694502337 ], [ 71.485351542140947, 51.166402326486761 ], [ 71.485576600951489, 51.16632079415573 ], [ 71.485504700730459, 51.166247194282263 ], [ 71.485303, 51.1663067 ], [ 71.4846818, 51.1665315 ], [ 71.484747000553909, 51.166601249478433 ] ] ], [ [ [ 71.485627801239303, 51.166403394064105 ], [ 71.4854261, 51.1664629 ], [ 71.4848487, 51.166677399999983 ], [ 71.4849324, 51.1667659 ], [ 71.485134103213738, 51.166706394891747 ], [ 71.485711501509243, 51.166491993916665 ], [ 71.485627801239303, 51.166403394064105 ] ] ], [ [ [ 71.482476505901815, 51.166499499440604 ], [ 71.482102, 51.1666206 ], [ 71.4823652, 51.1669111 ], [ 71.482739706802533, 51.166790098976364 ], [ 71.482476505901815, 51.166499499440604 ] ] ], [ [ [ 71.486039422149958, 51.171371593108269 ], [ 71.4854541, 51.171564 ], [ 71.485599, 51.1717204 ], [ 71.486189622572724, 51.171516292844387 ], [ 71.486039422149958, 51.171371593108269 ] ] ], [ [ [ 71.486740335337743, 51.171770906581656 ], [ 71.487071122003528, 51.171659591331725 ], [ 71.486924421506018, 51.17149869159045 ], [ 71.486594494380697, 51.171604093545611 ], [ 71.486559522280587, 51.171564092210282 ], [ 71.4861356, 51.1717 ], [ 71.4864221, 51.1720276 ], [ 71.486846023310392, 51.171891791704319 ], [ 71.486740335337743, 51.171770906581656 ] ] ], [ [ [ 71.4836275, 51.1726249 ], [ 71.4837944, 51.1728643 ], [ 71.4838299, 51.1728944 ], [ 71.4838779, 51.1729048 ], [ 71.484115031101524, 51.172842696319904 ], [ 71.484317430314391, 51.172723695980281 ], [ 71.484062929436206, 51.172441096429296 ], [ 71.4838612, 51.1725006 ], [ 71.4836275, 51.1726249 ] ] ], [ [ [ 71.486514126902549, 51.172619492234055 ], [ 71.4861596, 51.1727261 ], [ 71.4862114, 51.1727922 ], [ 71.486566027118656, 51.172685692142053 ], [ 71.486514126902549, 51.172619492234055 ] ] ], [ [ [ 71.4856166, 51.1729667 ], [ 71.485616276673696, 51.172982175088912 ], [ 71.48531, 51.1730762 ], [ 71.485427, 51.1732214 ], [ 71.48561242123256, 51.17316670461387 ], [ 71.4856079, 51.1733831 ], [ 71.4857908, 51.1734342 ], [ 71.485992530869453, 51.173374693086387 ], [ 71.486186429417842, 51.17309929276928 ], [ 71.485970228651411, 51.172854493150965 ], [ 71.4856166, 51.1729667 ] ] ], [ [ [ 71.4848535, 51.1738144 ], [ 71.4850218, 51.1739885 ], [ 71.4851166, 51.1740419 ], [ 71.485318334404766, 51.173982394206874 ], [ 71.485498033619677, 51.173856793906374 ], [ 71.485586032667797, 51.173663993765892 ], [ 71.485482932555698, 51.173605893944917 ], [ 71.484902, 51.173780499999985 ], [ 71.4848535, 51.1738144 ] ] ], [ [ [ 71.485835537722991, 51.174911493276269 ], [ 71.485732889655054, 51.174788664262572 ], [ 71.486007236576086, 51.17469969299384 ], [ 71.48594914731531, 51.174643376211236 ], [ 71.486105036002087, 51.174597392832013 ], [ 71.486912733453963, 51.174259791469801 ], [ 71.486524332399298, 51.173894592151711 ], [ 71.4863226, 51.17395410000001 ], [ 71.4860945, 51.1740494 ], [ 71.4858381, 51.174595600000011 ], [ 71.485902367480321, 51.174656023261299 ], [ 71.4855802, 51.174752399999988 ], [ 71.485622582475287, 51.174798302397178 ], [ 71.4853924, 51.1748701 ], [ 71.4855158, 51.1750013 ], [ 71.485835537722991, 51.174911493276269 ] ] ], [ [ [ 71.483607343028751, 51.175443997054671 ], [ 71.4830933, 51.1756047 ], [ 71.4832414, 51.1757843 ], [ 71.483755443605375, 51.175623596792597 ], [ 71.483607343028751, 51.175443997054671 ] ] ], [ [ [ 71.484226544024011, 51.175867395975622 ], [ 71.4838733, 51.175978399999984 ], [ 71.4840476, 51.176180299999984 ], [ 71.484400844662147, 51.176069395667653 ], [ 71.484226544024011, 51.175867395975622 ] ] ], [ [ [ 71.48497454324891, 51.175921394695358 ], [ 71.4845079, 51.1760812 ], [ 71.4849691, 51.1765598 ], [ 71.485435744695764, 51.176399993883336 ], [ 71.48497454324891, 51.175921394695358 ] ] ], [ [ [ 71.48383084966116, 51.177048096591392 ], [ 71.482916246537499, 51.176040198204717 ], [ 71.4823186, 51.1762409 ], [ 71.4832333, 51.1772488 ], [ 71.48383084966116, 51.177048096591392 ] ] ], [ [ [ 71.486193911820095, 51.145868694143196 ], [ 71.486102134667618, 51.145842935507112 ], [ 71.486205611561388, 51.145812394126111 ], [ 71.486394716708034, 51.145519993613107 ], [ 71.486487209802661, 51.145492693661659 ], [ 71.48668570806872, 51.145152793340117 ], [ 71.48646040818366, 51.145109093726958 ], [ 71.4862588, 51.1451686 ], [ 71.486055, 51.1455018 ], [ 71.486079819885148, 51.145507224668307 ], [ 71.4860013, 51.1455304 ], [ 71.4857975, 51.1458164 ], [ 71.485834677166039, 51.14582639196307 ], [ 71.4857347, 51.145855899999987 ], [ 71.4854132, 51.1463064 ], [ 71.485763, 51.1464046 ], [ 71.485964614184581, 51.146345094510366 ], [ 71.486121713022797, 51.14612489425339 ], [ 71.486193911820095, 51.145868694143196 ] ] ], [ [ [ 71.48993861608713, 51.148026687640474 ], [ 71.49022281536547, 51.147948187159308 ], [ 71.490283215114076, 51.147908787058242 ], [ 71.490243414866072, 51.147838887129723 ], [ 71.49019451482107, 51.147813187214531 ], [ 71.490056115030413, 51.1478184874505 ], [ 71.4898545, 51.147878 ], [ 71.489840302453388, 51.147934806430428 ], [ 71.4894907, 51.1480362 ], [ 71.4894408, 51.1480709 ], [ 71.4895001, 51.1481523 ], [ 71.4895832, 51.1481508 ], [ 71.489840316428413, 51.1480750878058 ], [ 71.48993861608713, 51.148026687640474 ] ] ], [ [ [ 71.48887221833732, 51.148215189451335 ], [ 71.488734118619163, 51.148237389685946 ], [ 71.4884732, 51.1483144 ], [ 71.4884543, 51.1483756 ], [ 71.4885144, 51.148451699999988 ], [ 71.488597, 51.1484473 ], [ 71.488848419047315, 51.148372289483959 ], [ 71.488900790205818, 51.148333431987275 ], [ 71.4889615, 51.1483318 ], [ 71.489232618004522, 51.14825058883428 ], [ 71.489273817794071, 51.148214688765783 ], [ 71.489202617496034, 51.148123388891996 ], [ 71.48887221833732, 51.148215189451335 ] ] ], [ [ [ 71.490621416095792, 51.148241886463857 ], [ 71.490334416155832, 51.148166186957681 ], [ 71.4901328, 51.1482257 ], [ 71.49003, 51.148379 ], [ 71.490317, 51.1484548 ], [ 71.490518616896253, 51.148395286631548 ], [ 71.490621416095792, 51.148241886463857 ] ] ], [ [ [ 71.488366019421477, 51.148308390310746 ], [ 71.4877884, 51.1484911 ], [ 71.4878302, 51.1485442 ], [ 71.487941319774791, 51.148511402620144 ], [ 71.4879191, 51.1485624 ], [ 71.4879942, 51.148655 ], [ 71.4882115, 51.1487088 ], [ 71.488600820307838, 51.148587089895699 ], [ 71.488366019421477, 51.148308390310746 ] ] ], [ [ [ 71.486475225414679, 51.149106893498001 ], [ 71.486666923987329, 51.148835993184512 ], [ 71.486652844076715, 51.148831756477605 ], [ 71.48692135642051, 51.148747842899766 ], [ 71.487415934666032, 51.148398134634263 ], [ 71.487322730730085, 51.148277836286695 ], [ 71.48654587835864, 51.14843646312282 ], [ 71.486521822337494, 51.148408393454019 ], [ 71.48620978025879, 51.148505089652048 ], [ 71.485618268709715, 51.148625865208672 ], [ 71.483602, 51.1492209 ], [ 71.4835722, 51.1492609 ], [ 71.4835795, 51.1493177 ], [ 71.4835939, 51.1493609 ], [ 71.4841428, 51.149580899999989 ], [ 71.485894963290932, 51.149063803920562 ], [ 71.4862736, 51.1491664 ], [ 71.486475225414679, 51.149106893498001 ] ] ], [ [ [ 71.489601733743342, 51.148927064172966 ], [ 71.4895741, 51.148969 ], [ 71.4896261, 51.1490018 ], [ 71.4898268, 51.1490521 ], [ 71.489908410397462, 51.149028010978391 ], [ 71.4898931, 51.1490498 ], [ 71.4900912, 51.1491243 ], [ 71.4901834, 51.1491303 ], [ 71.490279050226448, 51.149102066509272 ], [ 71.4902264, 51.149175 ], [ 71.4902545, 51.149211 ], [ 71.4903902, 51.1492499 ], [ 71.490636741988226, 51.149176864326229 ], [ 71.490607900000015, 51.1492666 ], [ 71.4908181, 51.149325699999984 ], [ 71.490922329647717, 51.149294933511811 ], [ 71.4908888, 51.1493503 ], [ 71.49094, 51.1493859 ], [ 71.4910397, 51.1494096 ], [ 71.4911319, 51.1494085 ], [ 71.491321690737266, 51.149352476979423 ], [ 71.4912548, 51.1494554 ], [ 71.4914753, 51.149510099999986 ], [ 71.491558204262645, 51.149485627869737 ], [ 71.4915283, 51.1495295 ], [ 71.4915645, 51.1495751 ], [ 71.4916509, 51.1495986 ], [ 71.491803, 51.1495976 ], [ 71.491894901307802, 51.149570471802441 ], [ 71.4918144, 51.149678499999986 ], [ 71.4918369, 51.1497155 ], [ 71.4919309, 51.149743 ], [ 71.4920695, 51.1497533 ], [ 71.492271120138327, 51.149693783573483 ], [ 71.492352319557654, 51.149584583440436 ], [ 71.49218051947544, 51.149511883737446 ], [ 71.492097319578917, 51.149509883879574 ], [ 71.492010727476639, 51.149535445079003 ], [ 71.492067219546101, 51.149492883931835 ], [ 71.492080319243627, 51.149426883912845 ], [ 71.491808919295195, 51.149354084379873 ], [ 71.491723892267544, 51.149379183408698 ], [ 71.491749219317811, 51.149340684482468 ], [ 71.491528819372277, 51.149284484861589 ], [ 71.491360076643673, 51.149334295321637 ], [ 71.491430419551904, 51.149295385029021 ], [ 71.491537718656872, 51.149121484854724 ], [ 71.491380318708423, 51.149084285125319 ], [ 71.4911787, 51.1491438 ], [ 71.491103555483733, 51.14918493764597 ], [ 71.491096219378647, 51.149150885606915 ], [ 71.490863619403797, 51.149084086007427 ], [ 71.490769766348748, 51.149111789603339 ], [ 71.49074301944934, 51.149056986214674 ], [ 71.490639619460055, 51.149027186392708 ], [ 71.490489019679387, 51.14903098664962 ], [ 71.490392867862269, 51.149059368448967 ], [ 71.49045161948338, 51.148973886716355 ], [ 71.490373619051624, 51.14884948685588 ], [ 71.490309918954921, 51.148807186966771 ], [ 71.490237218967877, 51.148787487091894 ], [ 71.490032624462572, 51.148851234679078 ], [ 71.489934419544142, 51.148826487606847 ], [ 71.48982981968895, 51.148827387785346 ], [ 71.489777284332959, 51.148842894728425 ], [ 71.489854219220675, 51.148726487748853 ], [ 71.489687919258316, 51.148683288034938 ], [ 71.489583719413815, 51.14868678821265 ], [ 71.489476982915036, 51.148718293573083 ], [ 71.48945801956549, 51.148682688427442 ], [ 71.489291919351686, 51.14858128871618 ], [ 71.489159119375685, 51.148545388944711 ], [ 71.4889575, 51.1486049 ], [ 71.4888777, 51.1487683 ], [ 71.4889884, 51.148826 ], [ 71.4891716, 51.1488712 ], [ 71.48925202598133, 51.148847461046124 ], [ 71.489242, 51.1488625 ], [ 71.4894548, 51.1489391 ], [ 71.4895491, 51.1489426 ], [ 71.489601733743342, 51.148927064172966 ] ] ], [ [ [ 71.4881083, 51.149241 ], [ 71.488285541260367, 51.149206378242617 ], [ 71.4882332, 51.149285499999984 ], [ 71.4883763, 51.1493224 ], [ 71.4885084, 51.14933760000001 ], [ 71.488710023142687, 51.14927808967402 ], [ 71.488776622837179, 51.149228089562875 ], [ 71.48879262252045, 51.149159689539061 ], [ 71.488524922579472, 51.149089789999621 ], [ 71.48842317502087, 51.149119821406799 ], [ 71.488391322618341, 51.149057090229384 ], [ 71.488182522523346, 51.14896989059028 ], [ 71.48793409482154, 51.149050622224387 ], [ 71.487997322702952, 51.148953690907256 ], [ 71.487978922616833, 51.148927990939988 ], [ 71.487758422593686, 51.148853791320207 ], [ 71.487557416257729, 51.148913118112979 ], [ 71.487609522694171, 51.148830591575596 ], [ 71.487551122620076, 51.148795191677095 ], [ 71.487363522673874, 51.148749091999733 ], [ 71.4871619, 51.1488086 ], [ 71.4871192, 51.1488756 ], [ 71.487194, 51.1489698 ], [ 71.4873351, 51.1490054 ], [ 71.487535991740486, 51.148946107608751 ], [ 71.4874694, 51.1490511 ], [ 71.4877291, 51.1491153 ], [ 71.487929242952575, 51.149056227921598 ], [ 71.487864, 51.149152 ], [ 71.4879623, 51.149202699999989 ], [ 71.4881083, 51.149241 ] ] ], [ [ [ 71.4865887, 51.1493027 ], [ 71.487072400000017, 51.1494357 ], [ 71.487274025500739, 51.149376192120542 ], [ 71.487532224319537, 51.149183091689594 ], [ 71.487586723909487, 51.149105091600525 ], [ 71.487136323982014, 51.148981292375758 ], [ 71.4867131, 51.1491247 ], [ 71.4865887, 51.1493027 ] ] ], [ [ [ 71.49062480000002, 51.150005 ], [ 71.4909017, 51.1500914 ], [ 71.49109117429596, 51.150035471628009 ], [ 71.4910378, 51.1501126 ], [ 71.4912856, 51.1501768 ], [ 71.49148722302229, 51.150117284890086 ], [ 71.491581422341255, 51.149988884735812 ], [ 71.491331322382194, 51.149920285166289 ], [ 71.491146850297739, 51.149974737599663 ], [ 71.491222522335036, 51.149875385354314 ], [ 71.490945722344222, 51.149791085831154 ], [ 71.49077630150127, 51.149841094908361 ], [ 71.490836922344513, 51.149757186018604 ], [ 71.490762522170755, 51.149693686148879 ], [ 71.490674622182141, 51.149668886300205 ], [ 71.490584522275071, 51.149662286454351 ], [ 71.490361015795685, 51.149732628129328 ], [ 71.490405822552972, 51.149670886758983 ], [ 71.489757722550607, 51.149467987875745 ], [ 71.4895561, 51.1495275 ], [ 71.489460200000011, 51.1496597 ], [ 71.490119, 51.1498478 ], [ 71.490291884501531, 51.14979676972137 ], [ 71.4902904, 51.1498587 ], [ 71.4903829, 51.149906799999989 ], [ 71.490505, 51.1499408 ], [ 71.49072079693137, 51.149880759298988 ], [ 71.49062480000002, 51.150005 ] ] ], [ [ [ 71.489111525858306, 51.150032688950105 ], [ 71.4883699, 51.150287 ], [ 71.488461200000017, 51.1503815 ], [ 71.489199526162693, 51.15013068879486 ], [ 71.489111525858306, 51.150032688950105 ] ] ], [ [ [ 71.489436425815867, 51.150124288390771 ], [ 71.4890201, 51.1502633 ], [ 71.489111400000013, 51.1503577 ], [ 71.489524426120653, 51.150222388235527 ], [ 71.489436425815867, 51.150124288390771 ] ] ], [ [ [ 71.489983125063716, 51.15012068745763 ], [ 71.4897815, 51.1501802 ], [ 71.4893231, 51.1503588 ], [ 71.4894458, 51.15048250000001 ], [ 71.489794626374177, 51.150365487766948 ], [ 71.489754694927228, 51.150325588903947 ], [ 71.490071125368075, 51.150218687302399 ], [ 71.489983125063716, 51.15012068745763 ] ] ], [ [ [ 71.4898245, 51.1505431 ], [ 71.490237425959663, 51.150407687008858 ], [ 71.490149425655304, 51.150309687164089 ], [ 71.4893254, 51.1505922 ], [ 71.4894167, 51.150686599999986 ], [ 71.489829727128779, 51.150551287697546 ], [ 71.489794887118578, 51.150512449259509 ], [ 71.4898245, 51.1505431 ] ] ], [ [ [ 71.487788129622345, 51.150491691185998 ], [ 71.487973229075152, 51.150422690873505 ], [ 71.487849828769257, 51.150313291089766 ], [ 71.4870527, 51.1505882 ], [ 71.4871252, 51.1506605 ], [ 71.487788129622345, 51.150491691185998 ] ] ], [ [ [ 71.4887530277867, 51.150367589545048 ], [ 71.4883367, 51.1505065 ], [ 71.488428, 51.150601 ], [ 71.488841028091088, 51.150465589389825 ], [ 71.4887530277867, 51.150367589545048 ] ] ], [ [ [ 71.488744728715432, 51.150580189548364 ], [ 71.4883716, 51.1506955 ], [ 71.4884802, 51.150829399999985 ], [ 71.488854129151534, 51.150715389354716 ], [ 71.488744728715432, 51.150580189548364 ] ] ], [ [ [ 71.490004426972789, 51.150569687398367 ], [ 71.4896374, 51.1506793 ], [ 71.4897477, 51.1508192 ], [ 71.49011292743252, 51.150710087205972 ], [ 71.490004426972789, 51.150569687398367 ] ] ], [ [ [ 71.489155229142028, 51.150807188836005 ], [ 71.489067228837214, 51.150709088991213 ], [ 71.4886509, 51.1508481 ], [ 71.4887422, 51.1509425 ], [ 71.489155229142028, 51.150807188836005 ] ] ], [ [ [ 71.490061127896354, 51.150801387289732 ], [ 71.4896448, 51.1509404 ], [ 71.4897361, 51.1510348 ], [ 71.490149128201168, 51.150899487134481 ], [ 71.490061127896354, 51.150801387289732 ] ] ], [ [ [ 71.489058629746509, 51.1509170889953 ], [ 71.4886819, 51.1510325 ], [ 71.4887948, 51.1511685 ], [ 71.489168030185212, 51.151052888801601 ], [ 71.489058629746509, 51.1509170889953 ] ] ], [ [ [ 71.490603727734921, 51.150933386356698 ], [ 71.4899357, 51.1511529 ], [ 71.4900073, 51.1512349 ], [ 71.490676927991473, 51.15101568622751 ], [ 71.490603727734921, 51.150933386356698 ] ] ], [ [ [ 71.489368229883951, 51.151045588460185 ], [ 71.4889519, 51.1511845 ], [ 71.4890433, 51.1512789 ], [ 71.489456230188338, 51.15114358830494 ], [ 71.489368229883951, 51.151045588460185 ] ] ], [ [ [ 71.49099042830143, 51.151185385683647 ], [ 71.491477326858089, 51.151002984861734 ], [ 71.491375526542981, 51.15089818504088 ], [ 71.491201026832073, 51.150910685338154 ], [ 71.4908394, 51.1510289 ], [ 71.4906824, 51.151136199999989 ], [ 71.490716207339659, 51.151170738204875 ], [ 71.490213, 51.151349599999989 ], [ 71.4902822, 51.1514211 ], [ 71.49099042830143, 51.151185385683647 ] ] ], [ [ [ 71.48956653099701, 51.15136538810534 ], [ 71.489478530692608, 51.151267388260571 ], [ 71.4890622, 51.1514064 ], [ 71.4891535, 51.1515008 ], [ 71.48956653099701, 51.15136538810534 ] ] ], [ [ [ 71.4901266302289, 51.151362287149283 ], [ 71.489775037165316, 51.151477328925566 ], [ 71.48973213104837, 51.151428987819379 ], [ 71.4893228, 51.1515631 ], [ 71.4893915, 51.1516376 ], [ 71.489735471444789, 51.151527326162672 ], [ 71.4898016, 51.1515957 ], [ 71.490214630533728, 51.151460386994046 ], [ 71.4901266302289, 51.151362287149283 ] ] ], [ [ [ 71.488688804551884, 51.1527316106963 ], [ 71.4866724, 51.153326699999987 ], [ 71.4865207, 51.1533841 ], [ 71.4866913, 51.153561499999988 ], [ 71.488707714432408, 51.152966410253875 ], [ 71.488859409906283, 51.152908907693252 ], [ 71.488688804551884, 51.1527316106963 ] ] ], [ [ [ 71.487689, 51.1545409 ], [ 71.4870766, 51.1547604 ], [ 71.4871882, 51.1548777 ], [ 71.488785073300804, 51.154406434941656 ], [ 71.488875582597686, 51.154498487269066 ], [ 71.4879322, 51.1547769 ], [ 71.4877612, 51.154840900000011 ], [ 71.4882823, 51.155389299999989 ], [ 71.48923477853117, 51.155108202865001 ], [ 71.489328208366203, 51.15520561557824 ], [ 71.4887912, 51.1553641 ], [ 71.4886343, 51.1554275 ], [ 71.489092882453605, 51.155893257790964 ], [ 71.4885516, 51.156053 ], [ 71.488373, 51.1561218 ], [ 71.4892691, 51.1570362 ], [ 71.490277371455804, 51.156738636500478 ], [ 71.490455868765622, 51.156669734994267 ], [ 71.490324440222949, 51.156535628104557 ], [ 71.490584775670285, 51.156458794812657 ], [ 71.490725990824401, 51.156607811401187 ], [ 71.489821, 51.1568749 ], [ 71.4894662, 51.157016 ], [ 71.489563683003254, 51.157112487483005 ], [ 71.488355071890965, 51.157478185536419 ], [ 71.488155176569492, 51.157256071667426 ], [ 71.487550200000015, 51.1574346 ], [ 71.4872047, 51.157557 ], [ 71.487390083414738, 51.157762951821432 ], [ 71.48713, 51.1578397 ], [ 71.4865191, 51.1580749 ], [ 71.4866232, 51.1581812 ], [ 71.487526603278866, 51.15791461725491 ], [ 71.4876644, 51.1580677 ], [ 71.48826938430831, 51.157889170985641 ], [ 71.488614881327265, 51.157766869234642 ], [ 71.488491572009721, 51.157629856309327 ], [ 71.489043131401615, 51.157467086776812 ], [ 71.489654009335837, 51.157231874404417 ], [ 71.489593223471275, 51.157169807555924 ], [ 71.489730655611396, 51.157118687531622 ], [ 71.489708341895863, 51.157095515720364 ], [ 71.490129728677033, 51.156971154770581 ], [ 71.490280396115224, 51.157129570005154 ], [ 71.4898049, 51.1572699 ], [ 71.4896314, 51.1573399 ], [ 71.48976520200155, 51.157470301294445 ], [ 71.4888869, 51.1577295 ], [ 71.4881301, 51.15802 ], [ 71.488166455960652, 51.158057242313255 ], [ 71.487811800000017, 51.1581619 ], [ 71.4868534, 51.1585256 ], [ 71.486875298574432, 51.158548307600739 ], [ 71.4865466, 51.158645299999989 ], [ 71.4855708, 51.159009 ], [ 71.4856853, 51.1591298 ], [ 71.487500303927845, 51.158594233667024 ], [ 71.487884519693807, 51.158451020826895 ], [ 71.4878638, 51.1584712 ], [ 71.487862708170482, 51.158535198006746 ], [ 71.4868887, 51.1588264 ], [ 71.4868541, 51.15886 ], [ 71.486853091178034, 51.15892406019357 ], [ 71.4859023, 51.1592084 ], [ 71.4858677, 51.159242 ], [ 71.4858665, 51.1593182 ], [ 71.4859007, 51.1593571 ], [ 71.486077800000018, 51.1594152 ], [ 71.486152, 51.1594113 ], [ 71.487967009206969, 51.158875726366148 ], [ 71.488055106956963, 51.158845325026277 ], [ 71.488080405581371, 51.158817824650107 ], [ 71.488034194862962, 51.158765091742175 ], [ 71.488862377600924, 51.158520696731706 ], [ 71.489551769928084, 51.159233097483089 ], [ 71.4891763, 51.1593439 ], [ 71.4881041, 51.1597521 ], [ 71.4885147, 51.1601677 ], [ 71.48871680000002, 51.1601986 ], [ 71.491222299113232, 51.159454040912998 ], [ 71.491947071606319, 51.159149426249598 ], [ 71.491996365202439, 51.159041225305863 ], [ 71.491963509332791, 51.15900535400165 ], [ 71.49313043822724, 51.158660947120225 ], [ 71.493584625314114, 51.158470440228655 ], [ 71.493495084998145, 51.158386474732239 ], [ 71.494623852711584, 51.157974679133687 ], [ 71.494304551655517, 51.157630379696428 ], [ 71.4938834, 51.1577699 ], [ 71.4931483, 51.1583291 ], [ 71.493184830895771, 51.158368486416265 ], [ 71.493039569438565, 51.15841136006663 ], [ 71.492327828711097, 51.157660624536682 ], [ 71.4931778, 51.1575812 ], [ 71.493554151924059, 51.157458280986361 ], [ 71.49348792417311, 51.157386384485562 ], [ 71.493765150930727, 51.157294080634522 ], [ 71.493687350728194, 51.157222880770973 ], [ 71.493418660958469, 51.157311192414873 ], [ 71.493260950945071, 51.157139981503192 ], [ 71.4930593, 51.1571995 ], [ 71.492175671790037, 51.15751965022605 ], [ 71.491987544177277, 51.157321860875541 ], [ 71.492508751890767, 51.15712418278823 ], [ 71.492459785895875, 51.157073389406285 ], [ 71.492661860970927, 51.156997316078993 ], [ 71.492357018433381, 51.156685669609772 ], [ 71.492787396516718, 51.156528526224207 ], [ 71.4928335, 51.1569972 ], [ 71.4932765, 51.1570202 ], [ 71.4936287, 51.1570142 ], [ 71.493830349377546, 51.156954680540537 ], [ 71.493959645718476, 51.156147480361071 ], [ 71.493948944648892, 51.155896380392178 ], [ 71.493665843362024, 51.155509880895259 ], [ 71.493371743780017, 51.155514881397103 ], [ 71.4931701, 51.1555744 ], [ 71.492726, 51.1558076 ], [ 71.4927868583693, 51.156523055517134 ], [ 71.492477247885844, 51.156186682889903 ], [ 71.4921121, 51.1563094 ], [ 71.492328405412792, 51.156540076230712 ], [ 71.492240354595239, 51.156566400540044 ], [ 71.492017651095637, 51.15633872174643 ], [ 71.491264014431565, 51.156561153506047 ], [ 71.491247538605379, 51.156543830739182 ], [ 71.491800853458983, 51.156380523586449 ], [ 71.492001450492495, 51.156305721893133 ], [ 71.491603244105647, 51.155885525399661 ], [ 71.490595, 51.1561831 ], [ 71.4903944, 51.1562579 ], [ 71.49042496554317, 51.156290154573718 ], [ 71.490160394301967, 51.156368237805843 ], [ 71.49005894798907, 51.156264722584375 ], [ 71.490602055577625, 51.156104433890512 ], [ 71.490766453122831, 51.156042032503017 ], [ 71.490691560267123, 51.155966484926168 ], [ 71.491314739744141, 51.155774064771634 ], [ 71.4917015, 51.1559009 ], [ 71.492069446676695, 51.155779283606947 ], [ 71.49186287515036, 51.155561891349038 ], [ 71.492165830797418, 51.155444620709694 ], [ 71.492148366146665, 51.155426872429935 ], [ 71.492262844748822, 51.155393083296488 ], [ 71.492773743141612, 51.155180282435133 ], [ 71.492772742602924, 51.155055182443242 ], [ 71.492591341937867, 51.154844482763693 ], [ 71.49211721659168, 51.154845689656895 ], [ 71.492149517727782, 51.154834021004802 ], [ 71.491820472444971, 51.154475864226619 ], [ 71.492087029789886, 51.154397187150977 ], [ 71.4921248, 51.1544325 ], [ 71.4923966, 51.154418 ], [ 71.492598239830656, 51.154358482776736 ], [ 71.492737039451484, 51.154313982542064 ], [ 71.492822239032336, 51.154243482400197 ], [ 71.492772366965283, 51.154194899016126 ], [ 71.493348397096241, 51.154013530490936 ], [ 71.493122558673136, 51.153754781580624 ], [ 71.49317272835151, 51.153732577773511 ], [ 71.4932938, 51.1538596 ], [ 71.493495436211049, 51.153800081273566 ], [ 71.494102734409239, 51.153572280248426 ], [ 71.4940619925584, 51.153529586896752 ], [ 71.494599003629361, 51.153341438474108 ], [ 71.494754856124842, 51.153513430403173 ], [ 71.4935417, 51.1538612 ], [ 71.4933057, 51.1539497 ], [ 71.4934665, 51.1541184 ], [ 71.493668137095383, 51.154058880965515 ], [ 71.494958933265977, 51.153574778786641 ], [ 71.494945122347417, 51.153560273564999 ], [ 71.495195532521478, 51.153476178387756 ], [ 71.495182520718288, 51.153461823818432 ], [ 71.4953572, 51.153589100000012 ], [ 71.496365356024327, 51.153291485412439 ], [ 71.496477654367524, 51.153249784464556 ], [ 71.496615451179238, 51.153145083315124 ], [ 71.496552350158595, 51.153078083870888 ], [ 71.496385648666532, 51.152956885324798 ], [ 71.4953775, 51.1532545 ], [ 71.495205485665778, 51.15331824150487 ], [ 71.495011731159678, 51.153103278720621 ], [ 71.4947212, 51.1531943 ], [ 71.494733143009256, 51.153207556129885 ], [ 71.4946944902985, 51.153219557697447 ], [ 71.494633231894284, 51.1531552793641 ], [ 71.493520028579184, 51.153540064895999 ], [ 71.49346520793712, 51.153462039793823 ], [ 71.493688334158463, 51.153384780965474 ], [ 71.493357365466011, 51.153037528694412 ], [ 71.494003828609777, 51.152834823867032 ], [ 71.493959469886235, 51.152788296176517 ], [ 71.4943656, 51.152716299999987 ], [ 71.494650843434925, 51.1526246674958 ], [ 71.4952082, 51.1532196 ], [ 71.496216349054379, 51.152921986778814 ], [ 71.496407346247821, 51.15285158516653 ], [ 71.496161934037531, 51.152589636422036 ], [ 71.497274027438962, 51.152250677922609 ], [ 71.496622616995552, 51.151563283658611 ], [ 71.495750572963445, 51.151820729259747 ], [ 71.495613224187835, 51.151675777766826 ], [ 71.4952411, 51.1517989 ], [ 71.495382, 51.1519476 ], [ 71.495483293340826, 51.151917697036588 ], [ 71.495769194042651, 51.152219401151818 ], [ 71.494712800833952, 51.152537434730753 ], [ 71.494439115075224, 51.152256963287215 ], [ 71.49470802754125, 51.152170079286812 ], [ 71.494632427277566, 51.1520853794202 ], [ 71.4939663, 51.1523073 ], [ 71.493668815452097, 51.152483427084739 ], [ 71.493650224112571, 51.152463926357491 ], [ 71.4928437, 51.152702 ], [ 71.4926949, 51.152757799999989 ], [ 71.492983197652251, 51.1530602032541 ], [ 71.4919518, 51.153376 ], [ 71.4918228, 51.1534629 ], [ 71.492030964530159, 51.153652561570581 ], [ 71.4910129, 51.1539627 ], [ 71.4910112, 51.1539989 ], [ 71.491085527609457, 51.154085540140713 ], [ 71.490269448133972, 51.154326404456576 ], [ 71.489976758431936, 51.15402873350309 ], [ 71.490208330040772, 51.153944065057658 ], [ 71.490160473920128, 51.15388770801431 ], [ 71.490294680562513, 51.153837618060848 ], [ 71.491108798048373, 51.153597330204278 ], [ 71.491716689324861, 51.153382925069906 ], [ 71.491626887771744, 51.15328292586198 ], [ 71.490551916872136, 51.153604053963456 ], [ 71.490537001707011, 51.153588335087591 ], [ 71.490320040838512, 51.153652370884885 ], [ 71.490300680114927, 51.153632473813808 ], [ 71.4898974, 51.1537515 ], [ 71.489632673241644, 51.153855242986879 ], [ 71.489608541575009, 51.153829187907917 ], [ 71.4894069, 51.1538887 ], [ 71.4891994, 51.1539643 ], [ 71.4892271, 51.1539941 ], [ 71.489283455911931, 51.153977467420461 ], [ 71.4889396, 51.154105799999989 ], [ 71.488988538306899, 51.154157376579036 ], [ 71.487689, 51.1545409 ] ], [ [ 71.491692103343581, 51.155100475435695 ], [ 71.4916921, 51.1552445 ], [ 71.491816006999557, 51.15539469916849 ], [ 71.491728537911897, 51.155420515866666 ], [ 71.491718245554495, 51.155409684225411 ], [ 71.4910408, 51.1556235 ], [ 71.490542646785826, 51.155816268730881 ], [ 71.490289414898001, 51.155560818798229 ], [ 71.491019536378715, 51.155345330520305 ], [ 71.491692103343581, 51.155100475435695 ] ], [ [ 71.491688942705224, 51.154982201855894 ], [ 71.491717095553412, 51.154973892426362 ], [ 71.491710794213745, 51.155005808133161 ], [ 71.491688942705224, 51.154982201855894 ] ], [ [ 71.490895619844707, 51.155196517858073 ], [ 71.490830491396437, 51.155128626418886 ], [ 71.490932806622084, 51.155185542381254 ], [ 71.490895619844707, 51.155196517858073 ] ], [ [ 71.489826568171324, 51.15454089973462 ], [ 71.489922830197173, 51.154623701999611 ], [ 71.489262728289475, 51.154818520293738 ], [ 71.489180194815347, 51.154731666000345 ], [ 71.489826568171324, 51.15454089973462 ] ], [ [ 71.490170002009677, 51.155440358781277 ], [ 71.490235868952965, 51.155420919092947 ], [ 71.490173310492352, 51.155443696286298 ], [ 71.490170002009677, 51.155440358781277 ] ], [ [ 71.491368760036238, 51.158654884656414 ], [ 71.4909841, 51.1587744 ], [ 71.4908714, 51.1588214 ], [ 71.490889371444084, 51.158838352487216 ], [ 71.49078643323746, 51.158868731775016 ], [ 71.490563140962223, 51.158247940985873 ], [ 71.4906142, 51.1582977 ], [ 71.491221077427966, 51.158118594483994 ], [ 71.4916141, 51.158531799999984 ], [ 71.492380367593952, 51.158305646590065 ], [ 71.492602804775856, 51.158540268794376 ], [ 71.492467410216278, 51.158580229292589 ], [ 71.492351816302474, 51.158463966316752 ], [ 71.4919485, 51.158583 ], [ 71.4917615, 51.1586561 ], [ 71.491863326195713, 51.158758516578771 ], [ 71.491756248825496, 51.158790118560965 ], [ 71.491596250352302, 51.158629733755497 ], [ 71.491402661277618, 51.158686867638352 ], [ 71.491368760036238, 51.158654884656414 ] ], [ [ 71.488784769558663, 51.158110714150332 ], [ 71.489743143800425, 51.157746999590124 ], [ 71.489733092539296, 51.157736577502455 ], [ 71.489951967550979, 51.157652318496694 ], [ 71.490237726512717, 51.157930808863213 ], [ 71.490028695422438, 51.157992498045317 ], [ 71.489862047347728, 51.157875397704103 ], [ 71.48978954823879, 51.15787569881801 ], [ 71.488053722866695, 51.15838795124774 ], [ 71.488476077958467, 51.158230518839019 ], [ 71.488454813236913, 51.158208085135797 ], [ 71.488784769558663, 51.158110714150332 ] ] ], [ [ [ 71.488906443074512, 51.153957389100057 ], [ 71.488603, 51.1540543 ], [ 71.488637, 51.1540907 ], [ 71.488940343185973, 51.153993789040335 ], [ 71.488906443074512, 51.153957389100057 ] ] ], [ [ [ 71.488905843794498, 51.154123989092589 ], [ 71.488837343567795, 51.154050089213307 ], [ 71.488332, 51.1542205 ], [ 71.488400500000012, 51.1542944 ], [ 71.488905843794498, 51.154123989092589 ] ] ], [ [ [ 71.488265144990251, 51.154200990182517 ], [ 71.4879746, 51.1542933 ], [ 71.4880622, 51.1543867 ], [ 71.488352745275819, 51.154294490028192 ], [ 71.488265144990251, 51.154200990182517 ] ] ], [ [ [ 71.486004450398653, 51.154748194014395 ], [ 71.4856875, 51.1548514 ], [ 71.4857519, 51.1549153 ], [ 71.48606615059137, 51.154812093905797 ], [ 71.486004450398653, 51.154748194014395 ] ] ], [ [ [ 71.486757349732116, 51.154828792724828 ], [ 71.4863688, 51.1549582 ], [ 71.4864144, 51.1550062 ], [ 71.486802949877472, 51.154876692644528 ], [ 71.486757349732116, 51.154828792724828 ] ] ], [ [ [ 71.487716449862234, 51.155158291070528 ], [ 71.4874002, 51.1552596 ], [ 71.4874957, 51.1553626 ], [ 71.487811950177758, 51.15526119090223 ], [ 71.487716449862234, 51.155158291070528 ] ] ], [ [ [ 71.4872258513319, 51.155345591898595 ], [ 71.487159651106822, 51.155272792015325 ], [ 71.4867034, 51.155423399999989 ], [ 71.4867696, 51.1554962 ], [ 71.4872258513319, 51.155345591898595 ] ] ], [ [ [ 71.487829850268042, 51.15528769087031 ], [ 71.4874784, 51.1554039 ], [ 71.4877344, 51.1556699 ], [ 71.488085851071418, 51.155553690419659 ], [ 71.487829850268042, 51.15528769087031 ] ] ], [ [ [ 71.48811645122575, 51.155598990365114 ], [ 71.4878236, 51.155688 ], [ 71.4878936, 51.1557733 ], [ 71.488186451500113, 51.155684390241248 ], [ 71.48811645122575, 51.155598990365114 ] ] ], [ [ [ 71.48829, 51.1560041 ], [ 71.488582651934976, 51.155908789553358 ], [ 71.488661051542664, 51.155842389422894 ], [ 71.488436750875721, 51.1556178898173 ], [ 71.4880789, 51.1557388 ], [ 71.4881133, 51.1558272 ], [ 71.48829, 51.1560041 ] ] ], [ [ [ 71.4877314, 51.1571199 ], [ 71.487965042773908, 51.157048929780473 ], [ 71.4880776, 51.1571592 ], [ 71.488279257485388, 51.157099690010646 ], [ 71.488564456606255, 51.156985089529549 ], [ 71.488406956152332, 51.156830789806335 ], [ 71.488043083754306, 51.1569554824178 ], [ 71.488021479193222, 51.156929598167352 ], [ 71.488565655520532, 51.156733989540307 ], [ 71.488119854058041, 51.156256090325819 ], [ 71.4874921, 51.1564452 ], [ 71.4875807, 51.1565464 ], [ 71.487608718072025, 51.156538131817648 ], [ 71.4875335, 51.15660530000001 ], [ 71.487544817439058, 51.156617430186685 ], [ 71.487278, 51.1567047 ], [ 71.4872711, 51.1567326 ], [ 71.4873634, 51.1568339 ], [ 71.4877314, 51.1571199 ] ] ], [ [ [ 71.48869185741593, 51.157212389300447 ], [ 71.4882966, 51.1573479 ], [ 71.4883691, 51.1574206 ], [ 71.488764457631973, 51.157285089172788 ], [ 71.48869185741593, 51.157212389300447 ] ] ], [ [ [ 71.48908386385817, 51.158826788548815 ], [ 71.4888822, 51.1588863 ], [ 71.488247800000011, 51.159142 ], [ 71.4884119, 51.159302099999984 ], [ 71.488613566287441, 51.159242589330589 ], [ 71.489247964328712, 51.158986988260459 ], [ 71.48908386385817, 51.158826788548815 ] ] ], [ [ [ 71.487936667457078, 51.159302190483317 ], [ 71.488135666431475, 51.159126790152499 ], [ 71.487970465886391, 51.158948990443619 ], [ 71.4875831, 51.1590764 ], [ 71.4867873, 51.1593872 ], [ 71.4868164, 51.1594588 ], [ 71.4868699, 51.1595164 ], [ 71.4869562, 51.1595577 ], [ 71.4871696, 51.1595478 ], [ 71.4872759, 51.1595314 ], [ 71.4874775688086, 51.159471891258562 ], [ 71.487936667457078, 51.159302190483317 ] ] ], [ [ [ 71.489809371405769, 51.161222039352651 ], [ 71.489766384916464, 51.161173286930634 ], [ 71.49084644766377, 51.16085455723529 ], [ 71.49082830552338, 51.161036228554813 ], [ 71.490778942769566, 51.161037671424971 ], [ 71.4903756, 51.1611567 ], [ 71.4900951, 51.1613172 ], [ 71.4902551, 51.1614757 ], [ 71.49065844584959, 51.161356671803887 ], [ 71.490801994299161, 51.161299701139377 ], [ 71.490797784363565, 51.161341857920753 ], [ 71.4906843, 51.1613821 ], [ 71.4907484, 51.161453099999989 ], [ 71.490787837519662, 51.161441461785479 ], [ 71.4907832, 51.1614879 ], [ 71.4910187, 51.1617261 ], [ 71.4913837, 51.1616733 ], [ 71.492392057317133, 51.161375717264562 ], [ 71.493446941671294, 51.16098040835994 ], [ 71.493128335054479, 51.160658137670012 ], [ 71.49342476188194, 51.160559360235887 ], [ 71.4940946, 51.1610537 ], [ 71.494901261590229, 51.160815616106817 ], [ 71.495062559623548, 51.160752115018227 ], [ 71.494430650484631, 51.160025719482292 ], [ 71.493624, 51.160263799999989 ], [ 71.49337011309413, 51.16036379730221 ], [ 71.493206264227894, 51.160199281440256 ], [ 71.4927868, 51.1603441 ], [ 71.492889787621195, 51.160447507520487 ], [ 71.492177530681147, 51.160075119427951 ], [ 71.492109755103215, 51.160095121882172 ], [ 71.492000280628133, 51.159978556248426 ], [ 71.492220526520157, 51.159895819106637 ], [ 71.491972522584661, 51.159636121290134 ], [ 71.491875923093247, 51.159629522116461 ], [ 71.4908676, 51.1599271 ], [ 71.4904018, 51.1601021 ], [ 71.49040840791767, 51.16019265299574 ], [ 71.4898332, 51.1603624 ], [ 71.4886871, 51.1607857 ], [ 71.488704836887351, 51.160843443763397 ], [ 71.488177, 51.1609992 ], [ 71.4875121, 51.16123 ], [ 71.487895, 51.1616639 ], [ 71.4881418, 51.1617775 ], [ 71.489150181417244, 51.16147994491466 ], [ 71.489728673184771, 51.161279240027028 ], [ 71.489809371405769, 51.161222039352651 ] ] ], [ [ [ 71.490142975641078, 51.161885986584409 ], [ 71.489861274695429, 51.16157908708108 ], [ 71.489444, 51.1617165 ], [ 71.4897257, 51.1620233 ], [ 71.490142975641078, 51.161885986584409 ] ] ], [ [ [ 71.49031847635419, 51.162105886273551 ], [ 71.490192475955695, 51.161974286495408 ], [ 71.4898055, 51.1621035 ], [ 71.4899314, 51.162235100000011 ], [ 71.49031847635419, 51.162105886273551 ] ] ], [ [ [ 71.489578277476767, 51.162134787535926 ], [ 71.489380176823474, 51.161921687885055 ], [ 71.4888525, 51.1621004 ], [ 71.4890752, 51.1623836 ], [ 71.4892573, 51.1625794 ], [ 71.489799978302528, 51.162395187144092 ], [ 71.489777344174101, 51.162368602294116 ], [ 71.489936577752601, 51.162310486915182 ], [ 71.489724777093585, 51.16209178728797 ], [ 71.489578277476767, 51.162134787535926 ] ] ], [ [ [ 71.4880652, 51.162761899999985 ], [ 71.488556680854728, 51.162598089256655 ], [ 71.488317880159499, 51.16236258967642 ], [ 71.4879339, 51.1624911 ], [ 71.487962, 51.1626735 ], [ 71.4880652, 51.162761899999985 ] ] ], [ [ [ 71.489994478202746, 51.162432786810086 ], [ 71.4894575, 51.1626176 ], [ 71.4895499, 51.1627148 ], [ 71.490086878497962, 51.16252998664735 ], [ 71.489994478202746, 51.162432786810086 ] ] ], [ [ [ 71.487370282314757, 51.162565891284089 ], [ 71.487016, 51.16268 ], [ 71.4873233, 51.1629818 ], [ 71.487524983645528, 51.16292229100177 ], [ 71.487657483220332, 51.162865190778447 ], [ 71.487370282314757, 51.162565891284089 ] ] ], [ [ [ 71.489560580042252, 51.162723287536132 ], [ 71.4893589, 51.1627828 ], [ 71.4889697, 51.1629363 ], [ 71.4890566, 51.163023 ], [ 71.489258281487125, 51.162963488040063 ], [ 71.489647480299979, 51.162810087383335 ], [ 71.489560580042252, 51.162723287536132 ] ] ], [ [ [ 71.490181247797139, 51.163099488496862 ], [ 71.49044258004659, 51.162999586016042 ], [ 71.490317679724342, 51.162885986235089 ], [ 71.490116, 51.1629455 ], [ 71.4899499, 51.1630173 ], [ 71.489991935933261, 51.163055532921348 ], [ 71.4898182, 51.1631068 ], [ 71.4892267, 51.1633353 ], [ 71.4893295, 51.163435399999976 ], [ 71.489631180105519, 51.163335489372528 ], [ 71.4896415, 51.163345 ], [ 71.490166481246732, 51.163191286477698 ], [ 71.490244580997214, 51.163157886346042 ], [ 71.490181247797139, 51.163099488496862 ] ] ], [ [ [ 71.488871367325856, 51.16328527770996 ], [ 71.488774666750388, 51.16318847805006 ], [ 71.488381665085427, 51.162873079424322 ], [ 71.4879783, 51.1629921 ], [ 71.4876553, 51.1631126 ], [ 71.4880757, 51.163551499999983 ], [ 71.488479069655, 51.163432479034654 ], [ 71.488871367325856, 51.16328527770996 ] ] ], [ [ [ 71.486827577752521, 51.163854484631671 ], [ 71.487129275932816, 51.163737983613203 ], [ 71.486581872594272, 51.163180685539402 ], [ 71.4861785, 51.1632997 ], [ 71.4858309, 51.1634339 ], [ 71.486424200000016, 51.163973499999983 ], [ 71.486827577752521, 51.163854484631671 ] ] ], [ [ [ 71.487595086956674, 51.163710790841911 ], [ 71.4872324, 51.1638342 ], [ 71.4873183, 51.1639149 ], [ 71.487691587189843, 51.16379489067284 ], [ 71.487595086956674, 51.163710790841911 ] ] ], [ [ [ 71.489767685655067, 51.164087487112916 ], [ 71.489407784342191, 51.16367118774869 ], [ 71.4887608, 51.1638821 ], [ 71.488800029038629, 51.163927477057861 ], [ 71.4881889, 51.1641198 ], [ 71.4885604, 51.1645457 ], [ 71.489212875527272, 51.164341276436005 ], [ 71.48916427159979, 51.164285543288486 ], [ 71.489767685655067, 51.164087487112916 ] ] ], [ [ [ 71.490568284150811, 51.163989085750899 ], [ 71.4901629, 51.1641255 ], [ 71.490349, 51.1643194 ], [ 71.490754384737414, 51.164182985423253 ], [ 71.490568284150811, 51.163989085750899 ] ] ], [ [ [ 71.490919185498299, 51.164410585130241 ], [ 71.49085478527283, 51.164338285243893 ], [ 71.490497, 51.1644524 ], [ 71.490519104812478, 51.164477216457918 ], [ 71.4902765, 51.164556799999986 ], [ 71.490327400000012, 51.164614 ], [ 71.490919185498299, 51.164410585130241 ] ] ], [ [ [ 71.491421184627583, 51.16436568427536 ], [ 71.4911062, 51.1644649 ], [ 71.4911648, 51.164530699999986 ], [ 71.491479884833069, 51.16443158417178 ], [ 71.491421184627583, 51.16436568427536 ] ] ], [ [ [ 71.4878531, 51.165027300000013 ], [ 71.488391890779866, 51.164844589423524 ], [ 71.487751088664155, 51.164154790552899 ], [ 71.487165, 51.1643548 ], [ 71.4878531, 51.165027300000013 ] ] ], [ [ [ 71.4888904, 51.1652876 ], [ 71.48890196458153, 51.165299397359767 ], [ 71.488446740738794, 51.165469015259873 ], [ 71.488437893376528, 51.165460089313612 ], [ 71.4882362, 51.1655196 ], [ 71.4879046, 51.1656489 ], [ 71.4880058, 51.165751 ], [ 71.488377238297218, 51.165661881887708 ], [ 71.4884069, 51.1656918 ], [ 71.488608593890248, 51.165632289013352 ], [ 71.489169492189859, 51.165413688066721 ], [ 71.489154981564937, 51.165399050277408 ], [ 71.490093289350597, 51.165044686508118 ], [ 71.490069877464322, 51.165020803651409 ], [ 71.490371958524719, 51.164922874060608 ], [ 71.4904062, 51.1649608 ], [ 71.490634144686041, 51.164891966489968 ], [ 71.4906846, 51.164948599999988 ], [ 71.490878830426922, 51.164891285667984 ], [ 71.4909072, 51.1649208 ], [ 71.491108887189242, 51.164861284783321 ], [ 71.491226086839887, 51.164816984585457 ], [ 71.491146786590448, 51.164734484725088 ], [ 71.490795486223547, 51.164831335166191 ], [ 71.490742153753814, 51.164772234673286 ], [ 71.490941286718922, 51.164700085077733 ], [ 71.490915414188493, 51.164673037975106 ], [ 71.491165685944722, 51.164590884700146 ], [ 71.491066885598059, 51.164479784874501 ], [ 71.4907143, 51.1645922 ], [ 71.490750189029185, 51.164632479974443 ], [ 71.490644405268455, 51.164663914008543 ], [ 71.490598086803658, 51.164612585668216 ], [ 71.4903964, 51.1646721 ], [ 71.489866500000019, 51.1648601 ], [ 71.48991067639264, 51.164909050858832 ], [ 71.4897475, 51.164957200000011 ], [ 71.4888904, 51.1652876 ] ] ], [ [ [ 71.491575785112389, 51.164526184003201 ], [ 71.4912639, 51.1646243 ], [ 71.4913372, 51.1647066 ], [ 71.491649185368914, 51.164608483873671 ], [ 71.491575785112389, 51.164526184003201 ] ] ], [ [ [ 71.4905776, 51.1652654 ], [ 71.490895189952042, 51.165160996238058 ], [ 71.4909131, 51.1651811 ], [ 71.49141268744529, 51.165015384256712 ], [ 71.49149578711598, 51.164965084117391 ], [ 71.491447186946104, 51.164910584203149 ], [ 71.491329487153578, 51.164921884403547 ], [ 71.4910186, 51.1650197 ], [ 71.491049924445335, 51.16505486475441 ], [ 71.490966146644695, 51.165081945721901 ], [ 71.49082698791311, 51.164940885260606 ], [ 71.4904017, 51.1650871 ], [ 71.4905776, 51.1652654 ] ] ], [ [ [ 71.490389190209513, 51.165335885988 ], [ 71.490232289770503, 51.165185286263586 ], [ 71.4900306, 51.165244799999989 ], [ 71.489294109080603, 51.165553989297777 ], [ 71.4883282, 51.1658869 ], [ 71.4884753, 51.1660491 ], [ 71.48871208757258, 51.165977090457936 ], [ 71.4888528, 51.1659783 ], [ 71.489497893245598, 51.165760587488272 ], [ 71.489419511687956, 51.165674200142483 ], [ 71.4894458, 51.1656994 ], [ 71.489647492522536, 51.165639887238981 ], [ 71.490389190209513, 51.165335885988 ] ] ], [ [ [ 71.4881524, 51.1661576 ], [ 71.488447295968186, 51.166062989266841 ], [ 71.488297895495279, 51.1659068895299 ], [ 71.488181811328147, 51.165941140347471 ], [ 71.487873294817945, 51.165617590269697 ], [ 71.4874704, 51.1657525 ], [ 71.4877823, 51.1660796 ], [ 71.48801107860038, 51.166009940926301 ], [ 71.4881524, 51.1661576 ] ] ], [ [ [ 71.486547899923906, 51.166385992493794 ], [ 71.4861623, 51.1665075 ], [ 71.4862799, 51.166644799999986 ], [ 71.486665500358512, 51.166523292285994 ], [ 71.486547899923906, 51.166385992493794 ] ] ], [ [ [ 71.487015300802398, 51.166735191677844 ], [ 71.486983900679689, 51.166696991733431 ], [ 71.486683, 51.1667885 ], [ 71.4867144, 51.1668267 ], [ 71.487015300802398, 51.166735191677844 ] ] ], [ [ [ 71.487020701362326, 51.166866491661949 ], [ 71.4866554, 51.1669844 ], [ 71.4866932, 51.167026 ], [ 71.487058501491077, 51.166908091595282 ], [ 71.487020701362326, 51.166866491661949 ] ] ], [ [ [ 71.487251102063055, 51.167100591256585 ], [ 71.4867978, 51.1672513 ], [ 71.4873261, 51.1678243 ], [ 71.487779403826735, 51.167673690325245 ], [ 71.487251102063055, 51.167100591256585 ] ] ], [ [ [ 71.487882952418232, 51.16816596040983 ], [ 71.488158004995171, 51.168062289658913 ], [ 71.488046204718188, 51.167963289854889 ], [ 71.4878445, 51.168022799999989 ], [ 71.487716395241634, 51.168079688372266 ], [ 71.487547071416898, 51.167991982705018 ], [ 71.487938504396368, 51.1678551900443 ], [ 71.487841804063606, 51.167747990214906 ], [ 71.48737338753611, 51.167902018023916 ], [ 71.486290504396948, 51.167341092884712 ], [ 71.4854634, 51.1676248 ], [ 71.4862699, 51.1685093 ], [ 71.4871662, 51.1689421 ], [ 71.487367909604359, 51.168882590966341 ], [ 71.48831160687007, 51.168544189372078 ], [ 71.488041705955112, 51.16824818984805 ], [ 71.487882952418232, 51.16816596040983 ] ] ], [ [ [ 71.489648611814431, 51.170105787009305 ], [ 71.4883657, 51.1704784 ], [ 71.4884797, 51.1706332 ], [ 71.489762612329116, 51.170260486806747 ], [ 71.489648611814431, 51.170105787009305 ] ] ], [ [ [ 71.489545113573811, 51.170480687166943 ], [ 71.4887103, 51.1707248 ], [ 71.4889343, 51.1710267 ], [ 71.489769114575807, 51.170782486769028 ], [ 71.489545113573811, 51.170480687166943 ] ] ], [ [ [ 71.487250427657415, 51.173023890956031 ], [ 71.4869562, 51.1731145 ], [ 71.487034, 51.1732053 ], [ 71.487328127945048, 51.173114690818707 ], [ 71.487250427657415, 51.173023890956031 ] ] ], [ [ [ 71.491046613635859, 51.147804585760341 ], [ 71.490942413275718, 51.147688585944145 ], [ 71.4903978, 51.1478693 ], [ 71.4905021, 51.1479853 ], [ 71.491046613635859, 51.147804585760341 ] ] ], [ [ [ 71.491119313771364, 51.147858685633466 ], [ 71.4909177, 51.1479182 ], [ 71.4908077, 51.1480646 ], [ 71.4911485, 51.1481653 ], [ 71.491350114526639, 51.148105785226861 ], [ 71.491460013747258, 51.147959485046719 ], [ 71.491119313771364, 51.147858685633466 ] ] ], [ [ [ 71.490765316120658, 51.148292586215632 ], [ 71.4905637, 51.1483521 ], [ 71.4904629, 51.1485025 ], [ 71.490722, 51.1485708 ], [ 71.490923616851148, 51.148511285934234 ], [ 71.491024416066736, 51.148360985769827 ], [ 71.490765316120658, 51.148292586215632 ] ] ], [ [ [ 71.491631115655721, 51.148455184729301 ], [ 71.491403715703669, 51.148395285120571 ], [ 71.4912021, 51.1484548 ], [ 71.49109, 51.148621899999988 ], [ 71.4913174, 51.1486819 ], [ 71.491519016528301, 51.148622384912144 ], [ 71.491631115655721, 51.148455184729301 ] ] ], [ [ [ 71.492078515768782, 51.148621083957082 ], [ 71.4916818, 51.148727 ], [ 71.4917445, 51.148831 ], [ 71.49214131613293, 51.148725083844553 ], [ 71.492078515768782, 51.148621083957082 ] ] ], [ [ [ 71.4923907, 51.1494624 ], [ 71.49238, 51.1495388 ], [ 71.4924112, 51.1495653 ], [ 71.4925371, 51.1495927 ], [ 71.492738718815161, 51.149533182783443 ], [ 71.49281891807486, 51.149386682654026 ], [ 71.492771431845483, 51.149376427937042 ], [ 71.492871517832228, 51.149346882566263 ], [ 71.49293121756277, 51.149303082466588 ], [ 71.493006016740438, 51.149135882347451 ], [ 71.492820439407012, 51.149090825408756 ], [ 71.493020416245486, 51.149025682328507 ], [ 71.493048816034602, 51.14898568228206 ], [ 71.493007715777125, 51.148913182355926 ], [ 71.492798715835661, 51.148861482715333 ], [ 71.49254911629717, 51.148890483139958 ], [ 71.4923475, 51.14895 ], [ 71.4923018, 51.1490212 ], [ 71.492599719808737, 51.149093400849296 ], [ 71.4925025, 51.1491221 ], [ 71.4924491, 51.1492106 ], [ 71.4925108, 51.1493672 ], [ 71.492597576537861, 51.149388580552568 ], [ 71.4924532, 51.1494312 ], [ 71.4923907, 51.1494624 ] ] ], [ [ [ 71.492637519907404, 51.149754682944895 ], [ 71.492369319934795, 51.149677283406696 ], [ 71.4921677, 51.1497368 ], [ 71.4921087, 51.1498412 ], [ 71.4923662, 51.1499186 ], [ 71.492567820451853, 51.149859083058537 ], [ 71.492637519907404, 51.149754682944895 ] ] ], [ [ [ 71.494214718696796, 51.149966680241604 ], [ 71.494166417992446, 51.14978838033317 ], [ 71.493908917221347, 51.149529280785998 ], [ 71.493262, 51.149750299999987 ], [ 71.493659, 51.150160799999988 ], [ 71.493860619754869, 51.150101280839223 ], [ 71.494214718696796, 51.149966680241604 ] ] ], [ [ [ 71.491721022342148, 51.150032684495265 ], [ 71.4915194, 51.1500922 ], [ 71.4913735, 51.1502792 ], [ 71.4916235, 51.1503548 ], [ 71.491825123335147, 51.15029528430415 ], [ 71.491973222311742, 51.150104384061073 ], [ 71.491721022342148, 51.150032684495265 ] ] ], [ [ [ 71.49211832225474, 51.150136483811728 ], [ 71.4919167, 51.150196 ], [ 71.4918178, 51.1503339 ], [ 71.4920644, 51.1504032 ], [ 71.492266022949892, 51.150343683548982 ], [ 71.492367222215364, 51.150205083383298 ], [ 71.49211832225474, 51.150136483811728 ] ] ], [ [ [ 71.492768622203528, 51.15032768269181 ], [ 71.492502222197004, 51.150242983150918 ], [ 71.4923006, 51.1503025 ], [ 71.4921738, 51.1504572 ], [ 71.4924425, 51.1505448 ], [ 71.492644123051448, 51.150485282896284 ], [ 71.492768622203528, 51.15032768269181 ] ] ], [ [ [ 71.4926441, 51.1507369 ], [ 71.4929097, 51.1508958 ], [ 71.493240623550932, 51.150787281862542 ], [ 71.49296512269008, 51.150501782347462 ], [ 71.492552, 51.1506415 ], [ 71.4926441, 51.1507369 ] ] ], [ [ [ 71.493955831597475, 51.152874980534875 ], [ 71.4935401, 51.1530068 ], [ 71.493574, 51.1530463 ], [ 71.49398973172228, 51.152914480474983 ], [ 71.493955831597475, 51.152874980534875 ] ] ], [ [ [ 71.491910136065542, 51.153271384006999 ], [ 71.492286834934575, 51.15312698337128 ], [ 71.492270657579439, 51.15311038757762 ], [ 71.492405334498201, 51.153062883172254 ], [ 71.492355502775339, 51.15301213914087 ], [ 71.492589773408071, 51.152918017735836 ], [ 71.492493272018876, 51.152823518583702 ], [ 71.4914851, 51.1531211 ], [ 71.4907976, 51.1533973 ], [ 71.4908941, 51.1534918 ], [ 71.491648336583523, 51.153269180045676 ], [ 71.4917085, 51.1533309 ], [ 71.491910136065542, 51.153271384006999 ] ] ], [ [ [ 71.4947233, 51.1544509 ], [ 71.495063752544027, 51.154340771480676 ], [ 71.4959476, 51.1552701 ], [ 71.496955788324598, 51.154972479942607 ], [ 71.49711958589748, 51.154911178560113 ], [ 71.496914380632731, 51.154695423103441 ], [ 71.496995635227179, 51.154665175253854 ], [ 71.496869520606282, 51.154531835654623 ], [ 71.497234833774243, 51.1544032748589 ], [ 71.497148133575593, 51.154330175010678 ], [ 71.496822333390625, 51.154185575574267 ], [ 71.496520733124271, 51.154281530239274 ], [ 71.496471046913328, 51.154229288022343 ], [ 71.496499733970538, 51.15421917612327 ], [ 71.496487375235148, 51.154201609247764 ], [ 71.496784233053077, 51.154095475643913 ], [ 71.496519467476332, 51.153819886737629 ], [ 71.496949560499274, 51.15368128032609 ], [ 71.496642355668087, 51.153361483030125 ], [ 71.4962474571212, 51.153478062250706 ], [ 71.4961474592928, 51.153374887251019 ], [ 71.4951393, 51.1536725 ], [ 71.4936501, 51.1542225 ], [ 71.4937674, 51.154360300000015 ], [ 71.494775583382889, 51.154062698785339 ], [ 71.495533257164467, 51.153780404775844 ], [ 71.4957857, 51.154036499999989 ], [ 71.49612944891841, 51.153935023748382 ], [ 71.496170726884301, 51.153995318689972 ], [ 71.4952233, 51.154275 ], [ 71.495068004108646, 51.154333117458521 ], [ 71.495032336274434, 51.15429467862451 ], [ 71.4946834, 51.1544078 ], [ 71.4947233, 51.1544509 ] ] ], [ [ [ 71.495196434611969, 51.15396077836143 ], [ 71.4949012, 51.1540548 ], [ 71.4949549, 51.154112 ], [ 71.495250034786636, 51.154017978266999 ], [ 71.495196434611969, 51.15396077836143 ] ] ], [ [ [ 71.494671236491399, 51.154232179244154 ], [ 71.494314, 51.1543489 ], [ 71.4943953, 51.15443590000001 ], [ 71.494752536757318, 51.154319179100916 ], [ 71.494671236491399, 51.154232179244154 ] ] ], [ [ [ 71.4931362, 51.154924099999988 ], [ 71.4933261, 51.1550232 ], [ 71.493764540564641, 51.154892680758287 ], [ 71.493890440175662, 51.154841880545959 ], [ 71.493638203221053, 51.154590047353572 ], [ 71.494120438052235, 51.154421780174772 ], [ 71.494028837766038, 51.154326880336029 ], [ 71.4938272, 51.1543864 ], [ 71.49352, 51.154503 ], [ 71.49355197007327, 51.154536121887226 ], [ 71.4931042, 51.154694 ], [ 71.4931362, 51.154924099999988 ] ] ], [ [ [ 71.4946044, 51.1547162 ], [ 71.49504383743087, 51.154566178590983 ], [ 71.494901336987553, 51.154418978841775 ], [ 71.4945266, 51.1545445 ], [ 71.4945258, 51.1546349 ], [ 71.4946044, 51.1547162 ] ] ], [ [ [ 71.495269541545213, 51.155589778153285 ], [ 71.494352938609936, 51.154623579767559 ], [ 71.4939743, 51.1547492 ], [ 71.4948909, 51.1557154 ], [ 71.495269541545213, 51.155589778153285 ] ] ], [ [ [ 71.497347336348469, 51.155034774634522 ], [ 71.497145700000019, 51.1550943 ], [ 71.4963691, 51.1553838 ], [ 71.4964868, 51.155508 ], [ 71.496688439022506, 51.155448475738197 ], [ 71.497465036725913, 51.155158974427223 ], [ 71.497347336348469, 51.155034774634522 ] ] ], [ [ [ 71.49572353943357, 51.155242377396 ], [ 71.4955219, 51.1553019 ], [ 71.4953303, 51.1553835 ], [ 71.4954609, 51.1555042 ], [ 71.495662540389077, 51.15544467748979 ], [ 71.495854139778558, 51.155363077166875 ], [ 71.49572353943357, 51.155242377396 ] ] ], [ [ [ 71.4954051, 51.1563164 ], [ 71.4952052, 51.1563946 ], [ 71.495577401741457, 51.156801604962453 ], [ 71.495313856695077, 51.156879398692304 ], [ 71.495201038849075, 51.156765294462822 ], [ 71.494728886715322, 51.156904662877466 ], [ 71.494981447198583, 51.156809378582764 ], [ 71.494870246848123, 51.15669347877855 ], [ 71.4946686, 51.156753 ], [ 71.4941451, 51.1569505 ], [ 71.494239668750367, 51.157049065855617 ], [ 71.4939967, 51.1571392 ], [ 71.4946626, 51.1578128 ], [ 71.497561466480803, 51.156943212574738 ], [ 71.498037949363962, 51.156761602924583 ], [ 71.497972450119789, 51.156694005748157 ], [ 71.498678186394173, 51.156485662877046 ], [ 71.499280470312883, 51.156259853727171 ], [ 71.499335764777612, 51.156134652935272 ], [ 71.499024328450744, 51.155805535514716 ], [ 71.499070354539953, 51.155788257172809 ], [ 71.499388826172449, 51.155157552570266 ], [ 71.499093817732046, 51.154848157245439 ], [ 71.497279100000014, 51.1553839 ], [ 71.4971301, 51.1554398 ], [ 71.4967837, 51.1560226 ], [ 71.4967986, 51.1561282 ], [ 71.497031486682843, 51.156372370120437 ], [ 71.49663604329254, 51.156489104568969 ], [ 71.496585343431292, 51.156437575863578 ], [ 71.496472923632595, 51.156470761689462 ], [ 71.496674642627539, 51.156279275719221 ], [ 71.496431941869872, 51.156027976146412 ], [ 71.4954051, 51.1563164 ] ], [ [ 71.497546253415052, 51.156254152156535 ], [ 71.497727615493204, 51.156200612528508 ], [ 71.497730957570482, 51.156211962767131 ], [ 71.497555548363636, 51.156263745057345 ], [ 71.497546253415052, 51.156254152156535 ] ] ], [ [ [ 71.4950954, 51.1562599 ], [ 71.495297044144053, 51.15620037807512 ], [ 71.496306441094546, 51.155809176371882 ], [ 71.496109140495861, 51.155608876718958 ], [ 71.4959075, 51.1556684 ], [ 71.4949029, 51.1560645 ], [ 71.4950954, 51.1562599 ] ] ], [ [ [ 71.492138446831518, 51.155836683486207 ], [ 71.4917705, 51.1559544 ], [ 71.4920801, 51.1562779 ], [ 71.492454847772265, 51.156153382929858 ], [ 71.492138446831518, 51.155836683486207 ] ] ], [ [ [ 71.494886446288362, 51.156568878757255 ], [ 71.495041345741967, 51.156490678496816 ], [ 71.494751044877461, 51.156199779007288 ], [ 71.4945494, 51.156259299999988 ], [ 71.4939034, 51.156513 ], [ 71.4940271, 51.1566322 ], [ 71.4946848, 51.1566284 ], [ 71.494886446288362, 51.156568878757255 ] ] ], [ [ [ 71.4961912, 51.1578886 ], [ 71.495499, 51.1581042 ], [ 71.4954277, 51.1581862 ], [ 71.4954541, 51.158278 ], [ 71.4955021, 51.1583146 ], [ 71.4955667, 51.1583391 ], [ 71.4957077, 51.1583438 ], [ 71.497401995399827, 51.157844254350707 ], [ 71.4965695, 51.158151199999985 ], [ 71.496582644649308, 51.158165232850948 ], [ 71.4954939, 51.1585644 ], [ 71.4956355, 51.1587141 ], [ 71.497450367063266, 51.158178380963101 ], [ 71.498460940186405, 51.157802265608602 ], [ 71.498447771879924, 51.157788344691305 ], [ 71.499538011177705, 51.157392049248408 ], [ 71.499488920712892, 51.157339681554639 ], [ 71.499958215153811, 51.157153153755928 ], [ 71.499869913862568, 51.157065754532056 ], [ 71.4988617, 51.1573634 ], [ 71.498503189254592, 51.157505908699164 ], [ 71.498238260727675, 51.157584117765666 ], [ 71.49828786253795, 51.15751051481476 ], [ 71.498955963092854, 51.157313283778791 ], [ 71.499008260661412, 51.157282682726184 ], [ 71.499051233833939, 51.157213249912786 ], [ 71.499743534580176, 51.157008867831117 ], [ 71.49983012955785, 51.156938966100022 ], [ 71.499832724931068, 51.156850466101226 ], [ 71.499750222541195, 51.156778567835566 ], [ 71.499607423484008, 51.156752170777231 ], [ 71.499533725220388, 51.156762672280578 ], [ 71.498471068625264, 51.157076388233001 ], [ 71.498421743493012, 51.157025372698371 ], [ 71.4982201, 51.1570849 ], [ 71.497881429081175, 51.157213736024225 ], [ 71.497862744977141, 51.157194573644041 ], [ 71.4974534, 51.1573337 ], [ 71.497485999188697, 51.157367186680048 ], [ 71.4970501, 51.1575022 ], [ 71.4970033, 51.1575394 ], [ 71.496978868051642, 51.157588798356102 ], [ 71.4962625, 51.1578066 ], [ 71.4961912, 51.1578886 ] ] ], [ [ [ 71.4937959, 51.157431 ], [ 71.492901823140386, 51.157789479897893 ], [ 71.4926947, 51.1578508 ], [ 71.4927475, 51.1579018 ], [ 71.492918685660172, 51.157851274834783 ], [ 71.4929562, 51.1578881 ], [ 71.493986751846037, 51.157575280241808 ], [ 71.494141851368411, 51.157513079980177 ], [ 71.49399755095159, 51.157371480233792 ], [ 71.4937959, 51.157431 ] ] ], [ [ [ 71.499584344841665, 51.157700870678994 ], [ 71.4993827, 51.1577604 ], [ 71.4980823, 51.1582537 ], [ 71.498179, 51.158354 ], [ 71.498380649027368, 51.158294472703545 ], [ 71.499681045144285, 51.157801170508769 ], [ 71.499584344841665, 51.157700870678994 ] ] ], [ [ [ 71.4979891, 51.1589876 ], [ 71.4982051, 51.1591965 ], [ 71.498263, 51.1592253 ], [ 71.49870003836854, 51.159096286479816 ], [ 71.498757708746453, 51.159157577846337 ], [ 71.4979497, 51.1593961 ], [ 71.4977811, 51.159466499999986 ], [ 71.4983495, 51.1600272 ], [ 71.500769337349155, 51.159312845400258 ], [ 71.501357115128201, 51.159067533509344 ], [ 71.501231811037073, 51.158949436149001 ], [ 71.500912687249297, 51.158850372255351 ], [ 71.501059647261414, 51.15879592522149 ], [ 71.500760960445504, 51.158478568718031 ], [ 71.500838991322851, 51.158446244505846 ], [ 71.500523093977193, 51.158146366047724 ], [ 71.50118191098953, 51.157900623755793 ], [ 71.501084308171954, 51.157797625302933 ], [ 71.4992695, 51.1583334 ], [ 71.4985826, 51.1585897 ], [ 71.498674973860076, 51.158687090077542 ], [ 71.4980994, 51.158857 ], [ 71.4979452, 51.158920899999984 ], [ 71.4979891, 51.1589876 ] ] ], [ [ [ 71.498256250963962, 51.158704172894907 ], [ 71.497713349387439, 51.158169473849149 ], [ 71.4975117, 51.158229 ], [ 71.4973373, 51.158301400000013 ], [ 71.4978947, 51.15883 ], [ 71.498096351465804, 51.158770473164509 ], [ 71.498256250963962, 51.158704172894907 ] ] ], [ [ [ 71.497234650701188, 51.15832427465849 ], [ 71.4968667, 51.1584484 ], [ 71.4968809, 51.1584881 ], [ 71.4970246, 51.1586338 ], [ 71.4972693, 51.1588358 ], [ 71.497662651754396, 51.158701873908441 ], [ 71.497516351311361, 51.158553574165808 ], [ 71.497234650701188, 51.15832427465849 ] ] ], [ [ [ 71.4957002, 51.1588875 ], [ 71.4963379, 51.1589211 ], [ 71.496539553958129, 51.158861575817681 ], [ 71.496384053093564, 51.158612776095914 ], [ 71.4961824, 51.1586723 ], [ 71.4957002, 51.1588875 ] ] ], [ [ [ 71.49722119366109, 51.15939929141215 ], [ 71.4973601, 51.1593958 ], [ 71.497561754629487, 51.159336274048229 ], [ 71.497549753833098, 51.159148074078345 ], [ 71.497336254144258, 51.159153474442576 ], [ 71.497207944043112, 51.159191349894769 ], [ 71.497142353972208, 51.159053074778754 ], [ 71.496905754317126, 51.159059075182391 ], [ 71.4967041, 51.1591186 ], [ 71.496712, 51.1592432 ], [ 71.4968069, 51.1596396 ], [ 71.4970307, 51.159634 ], [ 71.497232356102103, 51.159574474598401 ], [ 71.49722119366109, 51.15939929141215 ] ] ], [ [ [ 71.493796261664286, 51.159789780453842 ], [ 71.493743961537049, 51.1597439805455 ], [ 71.4934009, 51.1598569 ], [ 71.4934498, 51.1599044 ], [ 71.493796261664286, 51.159789780453842 ] ] ], [ [ [ 71.494055461023834, 51.159722380014756 ], [ 71.4938538, 51.1597819 ], [ 71.4936764, 51.1598653 ], [ 71.4937882, 51.1599589 ], [ 71.493989861876543, 51.159899380117707 ], [ 71.494167261277696, 51.159816079819073 ], [ 71.494055461023834, 51.159722380014756 ] ] ], [ [ [ 71.496532457039706, 51.159573075793396 ], [ 71.4963308, 51.1596326 ], [ 71.4963076, 51.1600718 ], [ 71.4965469, 51.1600767 ], [ 71.4967485586659, 51.160017175401727 ], [ 71.496771756738667, 51.159578075384587 ], [ 71.496532457039706, 51.159573075793396 ] ] ], [ [ [ 71.495464458458912, 51.159568277617026 ], [ 71.4950829, 51.1596957 ], [ 71.4956133, 51.1602481 ], [ 71.495994860128988, 51.160120676683221 ], [ 71.495464458458912, 51.159568277617026 ] ] ], [ [ [ 71.493583662373197, 51.159887580811819 ], [ 71.493382, 51.159947099999989 ], [ 71.4931696, 51.160033 ], [ 71.4932727, 51.1601333 ], [ 71.493474363324566, 51.160073780988931 ], [ 71.493686762667309, 51.159987880630666 ], [ 71.493583662373197, 51.159887580811819 ] ] ], [ [ [ 71.497100757805001, 51.159927774804984 ], [ 71.4968991, 51.1599873 ], [ 71.4968924, 51.1600773 ], [ 71.496997, 51.1600798 ], [ 71.497198658072392, 51.160020274633119 ], [ 71.49720275766748, 51.159927774630845 ], [ 71.497100757805001, 51.159927774804984 ] ] ], [ [ [ 71.4972173, 51.1602006 ], [ 71.4973387, 51.160193799999981 ], [ 71.497540358103919, 51.160134274043891 ], [ 71.497560557733408, 51.160054774013489 ], [ 71.497373357905502, 51.160036174334032 ], [ 71.4971717, 51.1600957 ], [ 71.4971515, 51.1601755 ], [ 71.4972173, 51.1602006 ] ] ], [ [ [ 71.495671807489018, 51.161641213345327 ], [ 71.495011194498474, 51.16183619400163 ], [ 71.495014737765089, 51.1617805568847 ], [ 71.494870236905015, 51.16163585739293 ], [ 71.4944669, 51.1617549 ], [ 71.4942142, 51.1618542 ], [ 71.4943336, 51.1619738 ], [ 71.494462566862907, 51.162057198739255 ], [ 71.494295386340767, 51.162158765288638 ], [ 71.4940317, 51.1622405 ], [ 71.4940865, 51.162302 ], [ 71.494353171405933, 51.162219579378814 ], [ 71.494329473002111, 51.162193502794857 ], [ 71.494411, 51.1622751 ], [ 71.495419349904438, 51.161977491266924 ], [ 71.495737869705792, 51.161840407361851 ], [ 71.496106, 51.162207899999984 ], [ 71.496307668463189, 51.16214837604538 ], [ 71.498321562321522, 51.161354972647651 ], [ 71.497627260264451, 51.160661773868512 ], [ 71.497288204560718, 51.160775471864085 ], [ 71.497555020876902, 51.160593805881703 ], [ 71.497826359332322, 51.160508073536477 ], [ 71.497757959152082, 51.160444973656489 ], [ 71.497492996374632, 51.160528503309393 ], [ 71.497305859271592, 51.160331474434152 ], [ 71.4971042, 51.160391 ], [ 71.4957052, 51.1609135 ], [ 71.4953186, 51.1614243 ], [ 71.4954252, 51.1615366 ], [ 71.495626866482226, 51.161477077242111 ], [ 71.496776234870168, 51.161044571458021 ], [ 71.495671807489018, 51.161641213345327 ] ] ], [ [ [ 71.498979198939949, 51.161825242363008 ], [ 71.497669657910876, 51.162215505852522 ], [ 71.497339703057591, 51.162168123870892 ], [ 71.4967347, 51.1623467 ], [ 71.4961316, 51.1625797 ], [ 71.4954524, 51.1630323 ], [ 71.4955606, 51.1631425 ], [ 71.4965026, 51.1629701 ], [ 71.497107612072924, 51.162791524963936 ], [ 71.497711006612008, 51.162558421909111 ], [ 71.497736721656239, 51.16248524718128 ], [ 71.4978736, 51.1626233 ], [ 71.499890254930065, 51.162028014705911 ], [ 71.500788627951025, 51.161683799544228 ], [ 71.500579122045011, 51.161481603224665 ], [ 71.499674909281595, 51.161619873669274 ], [ 71.498555457997284, 51.16042657229589 ], [ 71.4983538, 51.1604861 ], [ 71.497841, 51.1606957 ], [ 71.498979198939949, 51.161825242363008 ] ] ], [ [ [ 71.495246065504986, 51.161131877909916 ], [ 71.4950444, 51.1611914 ], [ 71.4946112, 51.161364399999989 ], [ 71.4947668, 51.16151760000001 ], [ 71.494968467287876, 51.161458078367204 ], [ 71.495401565957323, 51.161285177636593 ], [ 71.495246065504986, 51.161131877909916 ] ] ], [ [ [ 71.4942543, 51.161488 ], [ 71.4941433, 51.161566 ], [ 71.4942312, 51.1616583 ], [ 71.494670767912083, 51.161509678872847 ], [ 71.494575467608314, 51.161409579040665 ], [ 71.494519467662656, 51.161404679136538 ], [ 71.4942543, 51.161488 ] ] ], [ [ [ 71.493427569897364, 51.16158128099179 ], [ 71.4931575, 51.1616694 ], [ 71.4932084, 51.1617148 ], [ 71.493481170028488, 51.161628380897866 ], [ 71.493427569897364, 51.16158128099179 ] ] ], [ [ [ 71.4944204, 51.1617361 ], [ 71.494783468241209, 51.161621078674727 ], [ 71.494724368028969, 51.161553478779098 ], [ 71.4944691, 51.161631499999984 ], [ 71.4943824, 51.16169270000001 ], [ 71.4944204, 51.1617361 ] ] ], [ [ [ 71.494161069228014, 51.161655279735641 ], [ 71.494080669002187, 51.161577879876887 ], [ 71.4938146, 51.161661 ], [ 71.4938937, 51.1617375 ], [ 71.494161069228014, 51.161655279735641 ] ] ], [ [ [ 71.493601770403558, 51.161752880685583 ], [ 71.4933358, 51.1618359 ], [ 71.4933921, 51.1618889 ], [ 71.493660770556332, 51.161806680582096 ], [ 71.493601770403558, 51.161752880685583 ] ] ], [ [ [ 71.497624666242544, 51.162045373802108 ], [ 71.498557763412862, 51.161681472227663 ], [ 71.498359262816479, 51.161481372576809 ], [ 71.49799440000001, 51.16160450000001 ], [ 71.4973157, 51.16199670000001 ], [ 71.497423, 51.1621049 ], [ 71.497624666242544, 51.162045373802108 ] ] ], [ [ [ 71.493218, 51.1622906 ], [ 71.493606572151251, 51.162159080656636 ], [ 71.493243970998648, 51.161778981295171 ], [ 71.4928388, 51.1619142 ], [ 71.493218, 51.1622906 ] ] ], [ [ [ 71.49713426677296, 51.162015074640941 ], [ 71.4968223, 51.1621172 ], [ 71.4968925, 51.1621885 ], [ 71.497204366986338, 51.1620863745176 ], [ 71.49713426677296, 51.162015074640941 ] ] ], [ [ [ 71.4904062, 51.1624881 ], [ 71.49054, 51.1626241 ], [ 71.4912229, 51.1629266 ], [ 71.491424578150529, 51.162867084346068 ], [ 71.492405875190826, 51.162488082689926 ], [ 71.491864873543193, 51.161937683641739 ], [ 71.491663200000019, 51.1619972 ], [ 71.4904062, 51.1624881 ] ] ], [ [ [ 71.493886273812521, 51.162631080154952 ], [ 71.493788073525153, 51.162533880327587 ], [ 71.4935864, 51.1625934 ], [ 71.4932293, 51.1627352 ], [ 71.4933275, 51.1628324 ], [ 71.493529174906371, 51.162772880757409 ], [ 71.493886273812521, 51.162631080154952 ] ] ], [ [ [ 71.494953672997852, 51.16277567832509 ], [ 71.4946598, 51.1628724 ], [ 71.4947605, 51.1629694 ], [ 71.495054873282456, 51.162873178147315 ], [ 71.494953672997852, 51.16277567832509 ] ] ], [ [ [ 71.495205773700462, 51.163017077882301 ], [ 71.495090773421055, 51.162916478083815 ], [ 71.4948028, 51.1630142 ], [ 71.4949171, 51.1631152 ], [ 71.494985654214332, 51.163094966995118 ], [ 71.4949245, 51.1631189 ], [ 71.495047200000016, 51.1632421 ], [ 71.495334374097141, 51.163149077655987 ], [ 71.495211773730389, 51.163025877871618 ], [ 71.495134608692922, 51.163048652474458 ], [ 71.495205773700462, 51.163017077882301 ] ] ], [ [ [ 71.4946726, 51.1633774 ], [ 71.494801, 51.163498 ], [ 71.495083875563822, 51.163410478070318 ], [ 71.494916574956306, 51.163217578365824 ], [ 71.4946356, 51.1633044 ], [ 71.4946726, 51.1633774 ] ] ], [ [ [ 71.4926527, 51.1639794 ], [ 71.492854380769884, 51.163919881851001 ], [ 71.493555378680668, 51.163654980667594 ], [ 71.492816276354219, 51.162885581968872 ], [ 71.4919004, 51.1631963 ], [ 71.4926527, 51.1639794 ] ] ], [ [ [ 71.495076275840958, 51.163472278080128 ], [ 71.4947763, 51.1635647 ], [ 71.4949379, 51.1637543 ], [ 71.495237876441493, 51.16366177779453 ], [ 71.495076275840958, 51.163472278080128 ] ] ], [ [ [ 71.492262582209577, 51.164068482853871 ], [ 71.492366181438882, 51.163922382684454 ], [ 71.491830579770834, 51.163368983627215 ], [ 71.4916289, 51.1634285 ], [ 71.4913, 51.1635537 ], [ 71.491912923077322, 51.164179864026444 ], [ 71.4917454, 51.1642293 ], [ 71.4914362, 51.1643563 ], [ 71.4915597, 51.1644746 ], [ 71.491761384382301, 51.164415083691956 ], [ 71.492070583416904, 51.164288083170497 ], [ 71.491950413882705, 51.164172973948141 ], [ 71.492262582209577, 51.164068482853871 ] ] ], [ [ [ 71.4911632, 51.1639982 ], [ 71.4914472, 51.1642881 ], [ 71.49184678313253, 51.164152383559554 ], [ 71.491559782253532, 51.16385928406455 ], [ 71.491448682057765, 51.163779284258354 ], [ 71.4911188, 51.1638881 ], [ 71.4911632, 51.1639982 ] ] ], [ [ [ 71.492149583570409, 51.164348283032531 ], [ 71.49182350000001, 51.164455 ], [ 71.4920753, 51.1647159 ], [ 71.492401384357365, 51.164609082589266 ], [ 71.492149583570409, 51.164348283032531 ] ] ], [ [ [ 71.491782885692288, 51.164725083639418 ], [ 71.491450200000017, 51.1648391 ], [ 71.4915328, 51.1649171 ], [ 71.491865385917947, 51.164803083494569 ], [ 71.491782885692288, 51.164725083639418 ] ] ], [ [ [ 71.492137706099541, 51.169559882786722 ], [ 71.491936, 51.1696194 ], [ 71.4917697, 51.16969 ], [ 71.4920282, 51.1699293 ], [ 71.492229907314126, 51.169869782613439 ], [ 71.492396206784846, 51.16979918233308 ], [ 71.492137706099541, 51.169559882786722 ] ] ], [ [ [ 71.4945763, 51.1701614 ], [ 71.4947158, 51.170158 ], [ 71.494917504677829, 51.170098478012441 ], [ 71.495555902741501, 51.169849576935064 ], [ 71.495335901991822, 51.169607377323125 ], [ 71.4949143, 51.169751 ], [ 71.4944959, 51.1700807 ], [ 71.4945763, 51.1701614 ] ] ], [ [ [ 71.4945675, 51.1716467 ], [ 71.495381409548855, 51.171370677155231 ], [ 71.494738905592712, 51.170254478309431 ], [ 71.494351105854321, 51.17019397897473 ], [ 71.4941494, 51.1702535 ], [ 71.49375160000001, 51.1707605 ], [ 71.493663, 51.1709838 ], [ 71.4945675, 51.1716467 ] ] ] ] } }
]
}
