osm_element,osm_id,building,area_m2,lat,lon,shadow_mass,levels,height_source,osm_url
way,1089447330,apartments,11175.0,51.113261,71.503241,951.4,,manual,https://www.openstreetmap.org/way/1089447330
relation,21179459,apartments,9950.0,51.085892,71.385072,897.8,,manual,https://www.openstreetmap.org/relation/21179459
relation,19990253,public,45425.0,51.129407,71.441257,852.5,,manual,https://www.openstreetmap.org/relation/19990253
way,240909255,apartments,8824.0,51.140426,71.415064,845.4,,manual,https://www.openstreetmap.org/way/240909255
way,1087935151,apartments,8115.0,51.169911,71.401919,810.8,,manual,https://www.openstreetmap.org/way/1087935151
way,1089059340,apartments,7777.0,51.125724,71.47707,793.7,,manual,https://www.openstreetmap.org/way/1089059340
way,1089447321,apartments,7617.0,51.117706,71.479552,785.5,,manual,https://www.openstreetmap.org/way/1089447321
way,1533047989,apartments,6910.0,51.12414,71.371846,748.2,,manual,https://www.openstreetmap.org/way/1533047989
relation,14518384,apartments,6885.0,51.101253,71.429783,746.8,,manual,https://www.openstreetmap.org/relation/14518384
relation,8719060,apartments,6650.0,51.132986,71.460358,734.0,,manual,https://www.openstreetmap.org/relation/8719060
relation,14512412,apartments,6446.0,51.112906,71.430604,722.6,,manual,https://www.openstreetmap.org/relation/14512412
way,1077482135,apartments,6269.0,51.110493,71.437796,712.6,,manual,https://www.openstreetmap.org/way/1077482135
way,1424200254,apartments,6161.0,51.128517,71.373266,706.4,,manual,https://www.openstreetmap.org/way/1424200254
relation,10370283,apartments,6067.0,51.121886,71.416118,701.0,,manual,https://www.openstreetmap.org/relation/10370283
way,1052603403,residential,4013.0,51.108792,71.444969,696.8,,manual,https://www.openstreetmap.org/way/1052603403
way,1392843747,apartments,5856.0,51.111577,71.406102,688.7,,manual,https://www.openstreetmap.org/way/1392843747
relation,14509989,apartments,5756.0,51.123971,71.420717,682.8,,manual,https://www.openstreetmap.org/relation/14509989
relation,14522598,apartments,5711.0,51.124277,71.396089,680.2,,manual,https://www.openstreetmap.org/relation/14522598
relation,10370284,apartments,5240.0,51.116471,71.422462,651.5,,manual,https://www.openstreetmap.org/relation/10370284
way,1077944426,apartments,5216.0,51.114568,71.402675,650.0,,manual,https://www.openstreetmap.org/way/1077944426
relation,3466789,apartments,5212.0,51.129986,71.437679,649.8,,manual,https://www.openstreetmap.org/relation/3466789
way,1060016172,apartments,5186.0,51.116482,71.485697,648.1,,manual,https://www.openstreetmap.org/way/1060016172
way,1424207705,apartments,5029.0,51.129085,71.499624,638.2,,manual,https://www.openstreetmap.org/way/1424207705
way,1423886755,apartments,5012.0,51.10586,71.500377,637.2,,manual,https://www.openstreetmap.org/way/1423886755
way,240909213,apartments,4915.0,51.13509,71.429856,631.0,,manual,https://www.openstreetmap.org/way/240909213
way,1087935317,apartments,4750.0,51.167719,71.391175,620.3,,manual,https://www.openstreetmap.org/way/1087935317
way,1475410940,apartments,4711.0,51.115008,71.391762,617.7,,manual,https://www.openstreetmap.org/way/1475410940
way,125140639,hotel,4602.0,51.169873,71.431326,610.6,,manual,https://www.openstreetmap.org/way/125140639
way,917348923,residential,3011.0,51.118489,71.501107,603.6,,manual,https://www.openstreetmap.org/way/917348923
way,915699456,apartments,4420.0,51.098986,71.42897,598.4,,manual,https://www.openstreetmap.org/way/915699456
relation,14518378,apartments,4381.0,51.08519,71.445072,595.7,,manual,https://www.openstreetmap.org/relation/14518378
way,1442526661,apartments,4368.0,51.032802,71.41268,594.8,,manual,https://www.openstreetmap.org/way/1442526661
way,1443454480,residential,2920.0,51.084908,71.466046,594.4,,manual,https://www.openstreetmap.org/way/1443454480
way,1475402308,apartments,4195.0,51.110818,71.50407,582.9,,manual,https://www.openstreetmap.org/way/1475402308
way,1431543354,construction,54065.0,51.110542,71.359212,581.3,,manual,https://www.openstreetmap.org/way/1431543354
way,1423886751,apartments,4156.0,51.114973,71.477785,580.2,,manual,https://www.openstreetmap.org/way/1423886751
relation,12447014,apartments,4054.0,51.130042,71.483255,573.0,,manual,https://www.openstreetmap.org/relation/12447014
way,1424658342,apartments,4042.0,51.12964,71.401469,572.2,,manual,https://www.openstreetmap.org/way/1424658342
way,1102359933,apartments,4035.0,51.160003,71.501775,571.7,,manual,https://www.openstreetmap.org/way/1102359933
relation,12447012,apartments,3930.0,51.11965,71.497416,564.2,,manual,https://www.openstreetmap.org/relation/12447012
relation,8719062,apartments,3876.0,51.131287,71.459953,560.3,,manual,https://www.openstreetmap.org/relation/8719062
way,663143306,stadium,34865.0,51.109216,71.394633,560.2,,manual,https://www.openstreetmap.org/way/663143306
way,1109634879,apartments,3797.0,51.123766,71.375574,554.6,,manual,https://www.openstreetmap.org/way/1109634879
way,1475407678,apartments,3784.0,51.105672,71.390158,553.7,,manual,https://www.openstreetmap.org/way/1475407678
way,1101023563,apartments,3734.0,51.129139,71.495059,549.9,,manual,https://www.openstreetmap.org/way/1101023563
relation,14509994,apartments,3668.0,51.112625,71.405885,545.1,,manual,https://www.openstreetmap.org/relation/14509994
way,916153757,apartments,3650.0,51.130135,71.396993,543.7,,manual,https://www.openstreetmap.org/way/916153757
way,1103224515,apartments,3597.0,51.118272,71.483882,539.8,,manual,https://www.openstreetmap.org/way/1103224515
way,1060016169,apartments,3595.0,51.111278,71.501915,539.6,,manual,https://www.openstreetmap.org/way/1060016169
way,166267459,pavilion,32192.0,51.104709,71.405154,538.3,,manual,https://www.openstreetmap.org/way/166267459
way,1424658343,apartments,3563.0,51.128447,71.400959,537.2,,manual,https://www.openstreetmap.org/way/1424658343
relation,14518377,apartments,3560.0,51.090931,71.447166,537.0,,manual,https://www.openstreetmap.org/relation/14518377
way,1089059370,apartments,3559.0,51.147161,71.477971,536.9,,manual,https://www.openstreetmap.org/way/1089059370
way,1530802214,apartments,3557.0,51.120409,71.374581,536.8,,manual,https://www.openstreetmap.org/way/1530802214
relation,12429095,apartments,3554.0,51.086417,71.445333,536.6,,manual,https://www.openstreetmap.org/relation/12429095
way,1424121666,apartments,3552.0,51.126184,71.378143,536.4,,manual,https://www.openstreetmap.org/way/1424121666
relation,6798127,university,11362.0,51.122781,71.472898,533.0,,manual,https://www.openstreetmap.org/relation/6798127
way,1461260525,apartments,3498.0,51.113982,71.511721,532.3,,manual,https://www.openstreetmap.org/way/1461260525
way,1443454476,residential,2336.0,51.124248,71.400489,531.7,,manual,https://www.openstreetmap.org/way/1443454476
way,1424121660,residential,2300.0,51.124401,71.381044,527.6,,manual,https://www.openstreetmap.org/way/1424121660
way,1076838446,apartments,3396.0,51.121352,71.400264,524.5,,manual,https://www.openstreetmap.org/way/1076838446
way,917348878,apartments,3367.0,51.137945,71.478896,522.3,,manual,https://www.openstreetmap.org/way/917348878
way,1076674339,apartments,3358.0,51.121802,71.482771,521.5,,manual,https://www.openstreetmap.org/way/1076674339
way,1076674338,apartments,3357.0,51.120724,71.482576,521.5,,manual,https://www.openstreetmap.org/way/1076674338
way,419217726,university,10869.0,51.078158,71.391795,521.3,,manual,https://www.openstreetmap.org/way/419217726
relation,14501993,apartments,3340.0,51.130719,71.459702,520.2,,manual,https://www.openstreetmap.org/relation/14501993
way,1430317359,apartments,3320.0,51.1401,71.45508,518.6,,manual,https://www.openstreetmap.org/way/1430317359
way,1457403341,apartments,3315.0,51.095628,71.381223,518.2,,manual,https://www.openstreetmap.org/way/1457403341
way,1475407677,apartments,3308.0,51.105535,71.391787,517.6,,manual,https://www.openstreetmap.org/way/1475407677
way,1475407672,apartments,3289.0,51.107438,71.392278,516.1,,manual,https://www.openstreetmap.org/way/1475407672
relation,14509997,apartments,3271.0,51.135557,71.41862,514.7,,manual,https://www.openstreetmap.org/relation/14509997
way,578443245,apartments,3266.0,51.092036,71.426506,514.4,,manual,https://www.openstreetmap.org/way/578443245
way,258518352,apartments,3261.0,51.100278,71.437683,514.0,,manual,https://www.openstreetmap.org/way/258518352
way,915441134,apartments,3259.0,51.104924,71.43139,513.8,,manual,https://www.openstreetmap.org/way/915441134
way,1102351678,apartments,3251.0,51.144706,71.456571,513.2,,manual,https://www.openstreetmap.org/way/1102351678
way,506039301,apartments,3250.0,51.095326,71.44218,513.1,,manual,https://www.openstreetmap.org/way/506039301
way,1103224516,apartments,3234.0,51.119221,71.484172,511.8,,manual,https://www.openstreetmap.org/way/1103224516
way,240300574,apartments,3221.0,51.175146,71.451006,510.8,,manual,https://www.openstreetmap.org/way/240300574
way,1038944643,apartments,3199.0,51.141995,71.369227,509.1,,manual,https://www.openstreetmap.org/way/1038944643
way,1430345312,dormitory,3161.0,51.121707,71.491897,506.0,,manual,https://www.openstreetmap.org/way/1430345312
way,915770487,apartments,3161.0,51.096557,71.448865,506.0,,manual,https://www.openstreetmap.org/way/915770487
way,1076838441,apartments,3149.0,51.125352,71.398819,505.1,,manual,https://www.openstreetmap.org/way/1076838441
way,576604732,hotel,3142.0,51.082114,71.407919,504.5,,manual,https://www.openstreetmap.org/way/576604732
way,1475407671,apartments,3138.0,51.107242,71.394865,504.2,,manual,https://www.openstreetmap.org/way/1475407671
way,582835992,apartments,3125.0,51.124073,71.411908,503.1,,manual,https://www.openstreetmap.org/way/582835992
way,1077903074,apartments,3110.0,51.172316,71.355303,501.9,,manual,https://www.openstreetmap.org/way/1077903074
way,917790758,apartments,3109.0,51.10919,71.540598,501.8,,manual,https://www.openstreetmap.org/way/917790758
way,1090577470,apartments,3108.0,51.136389,71.39945,501.8,,manual,https://www.openstreetmap.org/way/1090577470
way,917251132,apartments,3100.0,51.122672,71.394449,501.1,,manual,https://www.openstreetmap.org/way/917251132
relation,8468487,apartments,3091.0,51.135744,71.424725,500.3,,manual,https://www.openstreetmap.org/relation/8468487
way,1295423841,apartments,3073.0,51.133998,71.398506,498.9,,manual,https://www.openstreetmap.org/way/1295423841
way,706122191,apartments,3072.0,51.13699,71.403282,498.8,,manual,https://www.openstreetmap.org/way/706122191
way,924670369,apartments,3069.0,51.178808,71.346241,498.6,,manual,https://www.openstreetmap.org/way/924670369
way,1442526658,apartments,3049.0,51.033784,71.410845,496.9,,manual,https://www.openstreetmap.org/way/1442526658
way,1077903075,apartments,3044.0,51.173417,71.354943,496.6,,manual,https://www.openstreetmap.org/way/1077903075
way,1442526666,apartments,3038.0,51.033776,71.414484,496.1,,manual,https://www.openstreetmap.org/way/1442526666
way,1442526660,apartments,3033.0,51.033764,71.409403,495.7,,manual,https://www.openstreetmap.org/way/1442526660
way,1431630905,apartments,3028.0,51.100049,71.509386,495.2,,manual,https://www.openstreetmap.org/way/1431630905
relation,14509992,apartments,3028.0,51.104789,71.397538,495.2,,manual,https://www.openstreetmap.org/relation/14509992
relation,14518379,apartments,3017.0,51.083919,71.429147,494.3,,manual,https://www.openstreetmap.org/relation/14518379
way,1100947070,apartments,2970.0,51.118756,71.52318,490.5,,manual,https://www.openstreetmap.org/way/1100947070
way,1538969106,apartments,2936.0,51.071647,71.424588,487.7,,manual,https://www.openstreetmap.org/way/1538969106
way,1149340636,apartments,2929.0,51.098385,71.433609,487.1,,manual,https://www.openstreetmap.org/way/1149340636
relation,14509995,apartments,2914.0,51.113449,71.404952,485.8,,manual,https://www.openstreetmap.org/relation/14509995
way,1090266548,apartments,2892.0,51.104966,71.439602,484.0,,manual,https://www.openstreetmap.org/way/1090266548
way,1442526659,apartments,2889.0,51.03379,71.412311,483.7,,manual,https://www.openstreetmap.org/way/1442526659
way,1513435669,apartments,2883.0,51.172143,71.365312,483.2,,manual,https://www.openstreetmap.org/way/1513435669
way,1442527237,apartments,2882.0,51.039464,71.421015,483.2,,manual,https://www.openstreetmap.org/way/1442527237
way,1531643763,apartments,2850.0,51.083649,71.466691,480.5,,manual,https://www.openstreetmap.org/way/1531643763
way,1093128716,apartments,2826.0,51.159921,71.375766,478.4,,manual,https://www.openstreetmap.org/way/1093128716
way,1076674336,apartments,2824.0,51.120573,71.484918,478.3,,manual,https://www.openstreetmap.org/way/1076674336
relation,14512425,apartments,2818.0,51.09988,71.417312,477.8,,manual,https://www.openstreetmap.org/relation/14512425
way,1103224517,apartments,2815.0,51.118426,71.481686,477.5,,manual,https://www.openstreetmap.org/way/1103224517
way,1089447320,apartments,2815.0,51.119283,71.482022,477.5,,manual,https://www.openstreetmap.org/way/1089447320
way,1093128717,apartments,2808.0,51.160003,71.374125,476.9,,manual,https://www.openstreetmap.org/way/1093128717
way,1043319528,apartments,2805.0,51.116852,71.483268,476.6,,manual,https://www.openstreetmap.org/way/1043319528
way,424980267,apartments,2804.0,51.13064,71.494352,476.6,,manual,https://www.openstreetmap.org/way/424980267
way,1547012504,apartments,2798.0,51.137989,71.551861,476.1,,manual,https://www.openstreetmap.org/way/1547012504
way,1076674337,apartments,2772.0,51.12159,71.485104,473.8,,manual,https://www.openstreetmap.org/way/1076674337
way,1089701461,apartments,2757.0,51.115453,71.403536,472.6,,manual,https://www.openstreetmap.org/way/1089701461
way,258764252,residential,1828.0,51.143208,71.438367,470.3,,manual,https://www.openstreetmap.org/way/258764252
way,1089447348,apartments,2717.0,51.12885,71.504007,469.1,,manual,https://www.openstreetmap.org/way/1089447348
way,1089447347,apartments,2717.0,51.130138,71.503111,469.1,,manual,https://www.openstreetmap.org/way/1089447347
relation,8710658,apartments,2715.0,51.142842,71.469256,468.9,,manual,https://www.openstreetmap.org/relation/8710658
way,1547179244,apartments,2700.0,51.140003,71.359876,467.7,,manual,https://www.openstreetmap.org/way/1547179244
way,1424189315,apartments,2699.0,51.124057,71.383311,467.5,,manual,https://www.openstreetmap.org/way/1424189315
way,429118853,apartments,2678.0,51.142269,71.445951,465.8,,manual,https://www.openstreetmap.org/way/429118853
way,426120436,apartments,2677.0,51.181445,71.438676,465.7,,manual,https://www.openstreetmap.org/way/426120436
way,1547019958,apartments,2674.0,51.128997,71.551237,465.4,,manual,https://www.openstreetmap.org/way/1547019958
way,1475409330,apartments,2669.0,51.109504,71.386583,464.9,,manual,https://www.openstreetmap.org/way/1475409330
way,1104400242,apartments,2668.0,51.173325,71.356608,464.9,,manual,https://www.openstreetmap.org/way/1104400242
relation,14497433,apartments,2663.0,51.145583,71.468859,464.4,,manual,https://www.openstreetmap.org/relation/14497433
way,1442527238,apartments,2646.0,51.039358,71.420128,462.9,,manual,https://www.openstreetmap.org/way/1442527238
way,1430345313,dormitory,2637.0,51.122486,71.493007,462.2,,manual,https://www.openstreetmap.org/way/1430345313
way,425390961,apartments,2623.0,51.193861,71.387229,461.0,,manual,https://www.openstreetmap.org/way/425390961
way,1424121661,apartments,2616.0,51.124178,71.382628,460.3,,manual,https://www.openstreetmap.org/way/1424121661
way,914979613,apartments,2616.0,51.091385,71.428645,460.3,,manual,https://www.openstreetmap.org/way/914979613
way,1424091433,apartments,2616.0,51.142366,71.459759,460.3,,manual,https://www.openstreetmap.org/way/1424091433
way,1424085655,apartments,2602.0,51.117383,71.512868,459.1,,manual,https://www.openstreetmap.org/way/1424085655
way,1553107067,apartments,2594.0,51.100243,71.381942,458.4,,manual,https://www.openstreetmap.org/way/1553107067
way,1553107108,apartments,2592.0,51.100954,71.383164,458.2,,manual,https://www.openstreetmap.org/way/1553107108
way,1498960734,apartments,2592.0,51.145882,71.457521,458.2,,manual,https://www.openstreetmap.org/way/1498960734
way,694241033,apartments,2577.0,51.089382,71.426978,456.9,,manual,https://www.openstreetmap.org/way/694241033
way,1424084600,apartments,2573.0,51.115988,71.500678,456.5,,manual,https://www.openstreetmap.org/way/1424084600
way,578443247,apartments,2565.0,51.092829,71.427137,455.8,,manual,https://www.openstreetmap.org/way/578443247
way,1442527236,apartments,2560.0,51.039555,71.419457,455.3,,manual,https://www.openstreetmap.org/way/1442527236
relation,14512424,apartments,2547.0,51.098499,71.416085,454.2,,manual,https://www.openstreetmap.org/relation/14512424
way,1475402145,apartments,2501.0,51.111112,71.497858,450.1,,manual,https://www.openstreetmap.org/way/1475402145
way,1424084599,apartments,2493.0,51.116061,71.500119,449.3,,manual,https://www.openstreetmap.org/way/1424084599
way,914979610,apartments,2459.0,51.086977,71.427081,446.3,,manual,https://www.openstreetmap.org/way/914979610
way,1076764135,apartments,2450.0,51.088314,71.427563,445.5,,manual,https://www.openstreetmap.org/way/1076764135
way,1475407674,apartments,2444.0,51.107737,71.390871,445.0,,manual,https://www.openstreetmap.org/way/1475407674
way,1190550031,apartments,2428.0,51.110408,71.525727,443.4,,manual,https://www.openstreetmap.org/way/1190550031
way,1103224634,hospital,12165.0,51.083393,71.382148,441.2,,manual,https://www.openstreetmap.org/way/1103224634
way,1424121663,apartments,2389.0,51.124594,71.380224,439.9,,manual,https://www.openstreetmap.org/way/1424121663
way,1424121662,apartments,2389.0,51.124715,71.378404,439.9,,manual,https://www.openstreetmap.org/way/1424121662
way,1442526667,apartments,2386.0,51.032778,71.414467,439.6,,manual,https://www.openstreetmap.org/way/1442526667
way,1058459685,apartments,2374.0,51.131629,71.399099,438.5,,manual,https://www.openstreetmap.org/way/1058459685
way,1424084596,apartments,2364.0,51.118716,71.499926,437.6,,manual,https://www.openstreetmap.org/way/1424084596
relation,14505802,apartments,2344.0,51.115628,71.528891,435.7,,manual,https://www.openstreetmap.org/relation/14505802
way,1043319527,apartments,2312.0,51.116237,71.478348,432.8,,manual,https://www.openstreetmap.org/way/1043319527
way,1547019960,apartments,2312.0,51.129486,71.552906,432.7,,manual,https://www.openstreetmap.org/way/1547019960
way,258949144,hospital,11602.0,51.12463,71.40717,430.9,,manual,https://www.openstreetmap.org/way/258949144
way,915699476,apartments,2288.0,51.101885,71.4268,430.5,,manual,https://www.openstreetmap.org/way/915699476
way,694241034,apartments,2280.0,51.090079,71.427213,429.8,,manual,https://www.openstreetmap.org/way/694241034
way,166265821,pavilion,20500.0,51.110028,71.407331,429.5,,manual,https://www.openstreetmap.org/way/166265821
relation,8719061,apartments,2269.0,51.131868,71.460156,428.7,,manual,https://www.openstreetmap.org/relation/8719061
way,1088182038,apartments,2263.0,51.160855,71.399563,428.1,,manual,https://www.openstreetmap.org/way/1088182038
way,1443454475,residential,1515.0,51.123431,71.399199,428.1,,manual,https://www.openstreetmap.org/way/1443454475
way,241248735,apartments,2254.0,51.158111,71.492346,427.3,,manual,https://www.openstreetmap.org/way/241248735
way,1077939634,apartments,2245.0,51.125043,71.401926,426.5,,manual,https://www.openstreetmap.org/way/1077939634
way,240909279,hospital,11345.0,51.121741,71.407815,426.0,,manual,https://www.openstreetmap.org/way/240909279
way,1423886746,apartments,2204.0,51.11314,71.497402,422.6,,manual,https://www.openstreetmap.org/way/1423886746
way,1043319526,apartments,2184.0,51.115823,71.482769,420.6,,manual,https://www.openstreetmap.org/way/1043319526
way,1096305827,residential,1458.0,51.146907,71.442789,420.1,,manual,https://www.openstreetmap.org/way/1096305827
way,1190550030,apartments,2160.0,51.109951,71.524424,418.3,,manual,https://www.openstreetmap.org/way/1190550030
way,243067374,hospital,10884.0,51.11966,71.407691,417.3,,manual,https://www.openstreetmap.org/way/243067374
way,454857501,office,6933.0,51.089233,71.416235,416.3,,manual,https://www.openstreetmap.org/way/454857501
way,1088789200,apartments,2128.0,51.166453,71.430333,415.2,,manual,https://www.openstreetmap.org/way/1088789200
way,1431546742,apartments,2122.0,51.16628,71.37109,414.6,,manual,https://www.openstreetmap.org/way/1431546742
way,1478765467,apartments,2118.0,51.104843,71.3533,414.2,,manual,https://www.openstreetmap.org/way/1478765467
way,1478765469,apartments,2118.0,51.105442,71.351792,414.2,,manual,https://www.openstreetmap.org/way/1478765469
way,1442526670,apartments,2113.0,51.031573,71.409623,413.7,,manual,https://www.openstreetmap.org/way/1442526670
way,1272156613,apartments,2110.0,51.130645,71.504465,413.4,,manual,https://www.openstreetmap.org/way/1272156613
way,230358850,parking,18992.0,51.128328,71.422128,413.4,,manual,https://www.openstreetmap.org/way/230358850
way,241206136,apartments,2107.0,51.168181,71.416386,413.1,,manual,https://www.openstreetmap.org/way/241206136
way,1475409328,apartments,2103.0,51.111292,71.387442,412.7,,manual,https://www.openstreetmap.org/way/1475409328
way,1479585639,apartments,2084.0,51.126317,71.365566,410.9,,manual,https://www.openstreetmap.org/way/1479585639
way,1424189353,apartments,2071.0,51.122516,71.380481,409.6,,manual,https://www.openstreetmap.org/way/1424189353
way,1424189360,apartments,2071.0,51.122234,71.382669,409.6,,manual,https://www.openstreetmap.org/way/1424189360
way,1425748335,apartments,2069.0,51.134744,71.398738,409.4,,manual,https://www.openstreetmap.org/way/1425748335
relation,14518382,apartments,2061.0,51.097639,71.428691,408.6,,manual,https://www.openstreetmap.org/relation/14518382
way,1424085654,apartments,2059.0,51.116942,71.511517,408.4,,manual,https://www.openstreetmap.org/way/1424085654
way,1480756472,apartments,2046.0,51.081387,71.441583,407.1,,manual,https://www.openstreetmap.org/way/1480756472
way,241248756,apartments,2025.0,51.158182,71.493785,405.0,,manual,https://www.openstreetmap.org/way/241248756
way,1431543353,construction,26170.0,51.109126,71.359076,404.4,,manual,https://www.openstreetmap.org/way/1431543353
way,1546911803,apartments,2003.0,51.064898,71.424541,402.8,,manual,https://www.openstreetmap.org/way/1546911803
way,917669332,apartments,1992.0,51.132725,71.51343,401.7,,manual,https://www.openstreetmap.org/way/917669332
way,1533041951,apartments,1992.0,51.125127,71.399585,401.7,,manual,https://www.openstreetmap.org/way/1533041951
way,1442526662,apartments,1991.0,51.032385,71.411837,401.6,,manual,https://www.openstreetmap.org/way/1442526662
way,1479192057,apartments,1989.0,51.086424,71.463167,401.4,,manual,https://www.openstreetmap.org/way/1479192057
way,940718774,apartments,1979.0,51.094097,71.422025,400.3,,manual,https://www.openstreetmap.org/way/940718774
way,1423887837,apartments,1971.0,51.106065,71.530517,399.6,,manual,https://www.openstreetmap.org/way/1423887837
way,1423886748,apartments,1970.0,51.114069,71.482084,399.4,,manual,https://www.openstreetmap.org/way/1423886748
way,1547019959,apartments,1962.0,51.129834,71.552469,398.6,,manual,https://www.openstreetmap.org/way/1547019959
way,1424189361,apartments,1956.0,51.122921,71.382919,398.1,,manual,https://www.openstreetmap.org/way/1424189361
way,1424189354,apartments,1956.0,51.123219,71.380738,398.1,,manual,https://www.openstreetmap.org/way/1424189354
way,576549021,apartments,1937.0,51.099761,71.426148,396.1,,manual,https://www.openstreetmap.org/way/576549021
way,1096313728,apartments,1925.0,51.122446,71.396408,394.9,,manual,https://www.openstreetmap.org/way/1096313728
way,1076677277,apartments,1921.0,51.117791,71.515356,394.4,,manual,https://www.openstreetmap.org/way/1076677277
way,1104400241,apartments,1921.0,51.172594,71.357196,394.4,,manual,https://www.openstreetmap.org/way/1104400241
way,506032014,apartments,1888.0,51.113216,71.41808,391.1,,manual,https://www.openstreetmap.org/way/506032014
way,1089701462,apartments,1887.0,51.115537,71.402667,390.9,,manual,https://www.openstreetmap.org/way/1089701462
way,506047814,apartments,1878.0,51.124286,71.410679,390.0,,manual,https://www.openstreetmap.org/way/506047814
way,1457403342,apartments,1870.0,51.095795,71.382364,389.1,,manual,https://www.openstreetmap.org/way/1457403342
way,298465068,apartments,1864.0,51.099996,71.432613,388.6,,manual,https://www.openstreetmap.org/way/298465068
way,854897193,hangar,9411.0,51.216002,71.509323,388.0,,manual,https://www.openstreetmap.org/way/854897193
way,923258845,university,5983.0,51.181504,71.416143,386.8,,manual,https://www.openstreetmap.org/way/923258845
way,1077933298,apartments,1829.0,51.127143,71.394871,384.9,,manual,https://www.openstreetmap.org/way/1077933298
relation,8453883,apartments,1823.0,51.157253,71.427536,384.3,,manual,https://www.openstreetmap.org/relation/8453883
way,1457826339,apartments,1822.0,51.104773,71.448435,384.1,,manual,https://www.openstreetmap.org/way/1457826339
way,1423887836,apartments,1819.0,51.106574,71.531664,383.9,,manual,https://www.openstreetmap.org/way/1423887836
way,1475409319,apartments,1817.0,51.105899,71.387455,383.6,,manual,https://www.openstreetmap.org/way/1475409319
way,241248708,apartments,1803.0,51.155199,71.494521,382.1,,manual,https://www.openstreetmap.org/way/241248708
way,1546911815,apartments,1800.0,51.055445,71.426883,381.8,,manual,https://www.openstreetmap.org/way/1546911815
way,1548133818,apartments,1796.0,51.101943,71.391445,381.4,,manual,https://www.openstreetmap.org/way/1548133818
way,1548133819,apartments,1796.0,51.102123,71.390175,381.4,,manual,https://www.openstreetmap.org/way/1548133819
way,429118849,apartments,1795.0,51.143066,71.445858,381.3,,manual,https://www.openstreetmap.org/way/429118849
way,424980077,school,9002.0,51.12076,71.41719,379.5,,manual,https://www.openstreetmap.org/way/424980077
relation,18636251,apartments,1770.0,51.147806,71.444228,378.7,,manual,https://www.openstreetmap.org/relation/18636251
way,1332825665,apartments,1766.0,51.164633,71.440193,378.2,,manual,https://www.openstreetmap.org/way/1332825665
way,235846747,hospital,8926.0,51.118715,71.403455,377.9,,manual,https://www.openstreetmap.org/way/235846747
relation,19433470,school,8914.0,51.079826,71.427022,377.7,,manual,https://www.openstreetmap.org/relation/19433470
way,1547179255,apartments,1738.0,51.146879,71.363895,375.2,,manual,https://www.openstreetmap.org/way/1547179255
relation,14662337,apartments,1716.0,51.163586,71.398889,372.8,,manual,https://www.openstreetmap.org/relation/14662337
way,169087060,apartments,1711.0,51.15419,71.502159,372.3,,manual,https://www.openstreetmap.org/way/169087060
way,243301738,residential,1144.0,51.145712,71.437262,372.0,,manual,https://www.openstreetmap.org/way/243301738
way,1039263927,apartments,1708.0,51.102277,71.432444,371.9,,manual,https://www.openstreetmap.org/way/1039263927
way,506036354,residential,1142.0,51.095261,71.424793,371.7,,manual,https://www.openstreetmap.org/way/506036354
way,1546911814,apartments,1702.0,51.055787,71.425355,371.3,,manual,https://www.openstreetmap.org/way/1546911814
way,1301975729,apartments,1673.0,51.118093,71.505522,368.2,,manual,https://www.openstreetmap.org/way/1301975729
way,1475409324,apartments,1657.0,51.113314,71.387019,366.4,,manual,https://www.openstreetmap.org/way/1475409324
way,1442527239,apartments,1657.0,51.041257,71.420511,366.3,,manual,https://www.openstreetmap.org/way/1442527239
way,1096313721,apartments,1651.0,51.125617,71.400028,365.7,,manual,https://www.openstreetmap.org/way/1096313721
way,30637459,apartments,1647.0,51.179958,71.414123,365.2,,manual,https://www.openstreetmap.org/way/30637459
way,1475407675,apartments,1622.0,51.106163,71.395047,362.4,,manual,https://www.openstreetmap.org/way/1475407675
relation,19245389,hospital,8152.0,51.164252,71.607641,361.1,,manual,https://www.openstreetmap.org/relation/19245389
way,1475410938,school,8151.0,51.112492,71.393889,361.1,,manual,https://www.openstreetmap.org/way/1475410938
way,1424085298,apartments,1603.0,51.116256,71.510525,360.3,,manual,https://www.openstreetmap.org/way/1424085298
way,1424085297,apartments,1603.0,51.116522,71.509488,360.3,,manual,https://www.openstreetmap.org/way/1424085297
way,1547019969,apartments,1598.0,51.129903,71.544309,359.8,,manual,https://www.openstreetmap.org/way/1547019969
way,1477794459,school,8067.0,51.130131,71.394907,359.3,,manual,https://www.openstreetmap.org/way/1477794459
way,241248750,apartments,1592.0,51.157453,71.49259,359.1,,manual,https://www.openstreetmap.org/way/241248750
way,398750719,dormitory,1587.0,51.086105,71.394584,358.6,,manual,https://www.openstreetmap.org/way/398750719
way,1431634811,apartments,1573.0,51.087108,71.465232,356.9,,manual,https://www.openstreetmap.org/way/1431634811
way,30637417,apartments,1535.0,51.183206,71.411454,352.6,,manual,https://www.openstreetmap.org/way/30637417
relation,8789331,apartments,1530.0,51.167764,71.427296,352.0,,manual,https://www.openstreetmap.org/relation/8789331
way,1089701456,apartments,1524.0,51.103562,71.397045,351.4,,manual,https://www.openstreetmap.org/way/1089701456
way,581178633,apartments,1522.0,51.192433,71.332963,351.1,,manual,https://www.openstreetmap.org/way/581178633
way,1425748341,school,7682.0,51.136365,71.391363,350.6,,manual,https://www.openstreetmap.org/way/1425748341
way,1423886747,apartments,1515.0,51.113239,71.498612,350.4,,manual,https://www.openstreetmap.org/way/1423886747
way,1431546735,apartments,1515.0,51.166927,71.372484,350.3,,manual,https://www.openstreetmap.org/way/1431546735
way,241248767,apartments,1512.0,51.15593,71.495765,349.9,,manual,https://www.openstreetmap.org/way/241248767
way,1425752331,apartments,1511.0,51.133672,71.394281,349.9,,manual,https://www.openstreetmap.org/way/1425752331
way,240931394,apartments,1498.0,51.159277,71.487637,348.4,,manual,https://www.openstreetmap.org/way/240931394
relation,3295820,college,9898.0,51.151136,71.361946,348.2,,manual,https://www.openstreetmap.org/relation/3295820
way,1423887838,apartments,1493.0,51.105883,71.532054,347.8,,manual,https://www.openstreetmap.org/way/1423887838
way,1087935129,apartments,1490.0,51.168296,71.402897,347.4,,manual,https://www.openstreetmap.org/way/1087935129
way,1301975146,apartments,1482.0,51.120546,71.489999,346.4,,manual,https://www.openstreetmap.org/way/1301975146
way,49684711,apartments,1477.0,51.142762,71.465672,345.8,,manual,https://www.openstreetmap.org/way/49684711
way,1087935168,apartments,1476.0,51.173442,71.401784,345.8,,manual,https://www.openstreetmap.org/way/1087935168
way,30637483,apartments,1475.0,51.184191,71.422399,345.7,,manual,https://www.openstreetmap.org/way/30637483
way,1096313730,apartments,1471.0,51.11955,71.391705,345.2,,manual,https://www.openstreetmap.org/way/1096313730
way,1425752332,apartments,1460.0,51.134332,71.394388,343.9,,manual,https://www.openstreetmap.org/way/1425752332
way,1301844608,apartments,1452.0,51.085846,71.386493,343.0,,manual,https://www.openstreetmap.org/way/1301844608
way,915699477,apartments,1450.0,51.102186,71.425652,342.8,,manual,https://www.openstreetmap.org/way/915699477
way,1431634804,apartments,1432.0,51.087672,71.469336,340.6,,manual,https://www.openstreetmap.org/way/1431634804
way,1301975145,apartments,1431.0,51.120633,71.488937,340.4,,manual,https://www.openstreetmap.org/way/1301975145
way,1430223188,apartments,1428.0,51.114925,71.46795,340.1,,manual,https://www.openstreetmap.org/way/1430223188
way,30014055,apartments,1416.0,51.190218,71.404992,338.7,,manual,https://www.openstreetmap.org/way/30014055
way,1366047080,school,7148.0,51.117195,71.243596,338.2,,manual,https://www.openstreetmap.org/way/1366047080
way,424980260,apartments,1411.0,51.102666,71.428268,338.1,,manual,https://www.openstreetmap.org/way/424980260
way,1424084765,apartments,1405.0,51.117056,71.505136,337.3,,manual,https://www.openstreetmap.org/way/1424084765
way,1425752333,apartments,1403.0,51.134839,71.395024,337.1,,manual,https://www.openstreetmap.org/way/1425752333
way,1301844609,apartments,1400.0,51.085771,71.387153,336.8,,manual,https://www.openstreetmap.org/way/1301844609
way,1096313727,apartments,1383.0,51.122358,71.397719,334.6,,manual,https://www.openstreetmap.org/way/1096313727
way,1534637211,apartments,1382.0,51.081925,71.380554,334.6,,manual,https://www.openstreetmap.org/way/1534637211
way,577099472,mosque,2280.0,51.165423,71.378116,334.2,,manual,https://www.openstreetmap.org/way/577099472
way,240592155,apartments,1373.0,51.148265,71.479911,333.5,,manual,https://www.openstreetmap.org/way/240592155
way,1076764150,residential,916.0,51.087393,71.43313,332.9,,manual,https://www.openstreetmap.org/way/1076764150
way,1475410931,school,6912.0,51.097976,71.384952,332.6,,manual,https://www.openstreetmap.org/way/1475410931
relation,8710552,apartments,1360.0,51.140481,71.475587,331.9,,manual,https://www.openstreetmap.org/relation/8710552
way,30659027,apartments,1358.0,51.196553,71.394837,331.7,,manual,https://www.openstreetmap.org/way/30659027
relation,21187137,school,6872.0,51.150062,71.346656,331.6,,manual,https://www.openstreetmap.org/relation/21187137
way,1547179246,apartments,1354.0,51.14072,71.360044,331.1,,manual,https://www.openstreetmap.org/way/1547179246
way,1096313729,apartments,1343.0,51.119739,71.390619,329.8,,manual,https://www.openstreetmap.org/way/1096313729
way,169087050,apartments,1337.0,51.153617,71.500776,329.0,,manual,https://www.openstreetmap.org/way/169087050
way,1089868523,apartments,1336.0,51.103584,71.423693,329.0,,manual,https://www.openstreetmap.org/way/1089868523
way,1096313720,apartments,1332.0,51.122521,71.400008,328.5,,manual,https://www.openstreetmap.org/way/1096313720
way,1533042303,apartments,1320.0,51.12461,71.40269,327.0,,manual,https://www.openstreetmap.org/way/1533042303
way,917251136,apartments,1318.0,51.124048,71.393984,326.7,,manual,https://www.openstreetmap.org/way/917251136
way,919012409,construction,16954.0,51.128147,71.36194,325.5,,manual,https://www.openstreetmap.org/way/919012409
way,1301975728,apartments,1307.0,51.118249,71.506424,325.3,,manual,https://www.openstreetmap.org/way/1301975728
way,1076838445,apartments,1304.0,51.123949,71.401513,324.9,,manual,https://www.openstreetmap.org/way/1076838445
way,167300585,apartments,1303.0,51.150734,71.499812,324.9,,manual,https://www.openstreetmap.org/way/167300585
way,1547179245,apartments,1294.0,51.141009,71.358996,323.8,,manual,https://www.openstreetmap.org/way/1547179245
relation,21184072,school,6529.0,51.127302,71.564946,323.2,,manual,https://www.openstreetmap.org/relation/21184072
way,1503562346,apartments,1290.0,51.133827,71.418462,323.2,,manual,https://www.openstreetmap.org/way/1503562346
way,1295429217,apartments,1281.0,51.136274,71.401184,322.1,,manual,https://www.openstreetmap.org/way/1295429217
way,169087055,apartments,1277.0,51.152595,71.500344,321.6,,manual,https://www.openstreetmap.org/way/169087055
way,1089868522,apartments,1276.0,51.104421,71.424713,321.5,,manual,https://www.openstreetmap.org/way/1089868522
way,243412239,apartments,1276.0,51.154092,71.500103,321.5,,manual,https://www.openstreetmap.org/way/243412239
way,426100732,apartments,1271.0,51.159023,71.406568,320.8,,manual,https://www.openstreetmap.org/way/426100732
way,506033330,apartments,1261.0,51.099809,71.434115,319.6,,manual,https://www.openstreetmap.org/way/506033330
relation,21258582,school,6374.0,51.138555,71.376417,319.3,,manual,https://www.openstreetmap.org/relation/21258582
way,523945962,commercial,11319.0,51.0769,71.381848,319.2,,manual,https://www.openstreetmap.org/way/523945962
way,1442526669,apartments,1257.0,51.031902,71.41143,319.1,,manual,https://www.openstreetmap.org/way/1442526669
way,398742601,university,4064.0,51.144631,71.368922,318.8,,manual,https://www.openstreetmap.org/way/398742601
way,241090089,school,6337.0,51.169742,71.379175,318.4,,manual,https://www.openstreetmap.org/way/241090089
relation,19999764,apartments,1246.0,51.106028,71.433319,317.7,,manual,https://www.openstreetmap.org/relation/19999764
way,30637532,apartments,1245.0,51.174439,71.416485,317.5,,manual,https://www.openstreetmap.org/way/30637532
way,1424189369,apartments,1243.0,51.128203,71.383215,317.3,,manual,https://www.openstreetmap.org/way/1424189369
way,1424189366,apartments,1232.0,51.128913,71.382489,315.9,,manual,https://www.openstreetmap.org/way/1424189366
way,1425748342,apartments,1217.0,51.138833,71.391246,314.0,,manual,https://www.openstreetmap.org/way/1425748342
relation,21269954,school,6158.0,51.169581,71.366729,313.9,,manual,https://www.openstreetmap.org/relation/21269954
way,1475402309,apartments,1213.0,51.110622,71.503103,313.5,,manual,https://www.openstreetmap.org/way/1475402309
way,1295429218,apartments,1212.0,51.136087,71.401984,313.3,,manual,https://www.openstreetmap.org/way/1295429218
way,1534637205,apartments,1211.0,51.079941,71.383177,313.2,,manual,https://www.openstreetmap.org/way/1534637205
way,1458288456,apartments,1211.0,51.117962,71.507704,313.2,,manual,https://www.openstreetmap.org/way/1458288456
way,1534637212,apartments,1207.0,51.081768,71.379498,312.6,,manual,https://www.openstreetmap.org/way/1534637212
way,1340842543,apartments,1207.0,51.163393,71.440334,312.6,,manual,https://www.openstreetmap.org/way/1340842543
way,30013939,apartments,1205.0,51.192418,71.402106,312.4,,manual,https://www.openstreetmap.org/way/30013939
way,1089447332,apartments,1205.0,51.115305,71.510206,312.4,,manual,https://www.openstreetmap.org/way/1089447332
way,1089447333,apartments,1205.0,51.115652,71.509098,312.4,,manual,https://www.openstreetmap.org/way/1089447333
way,1096313719,apartments,1202.0,51.125404,71.402922,312.0,,manual,https://www.openstreetmap.org/way/1096313719
way,1475407676,apartments,1195.0,51.105882,71.395989,311.2,,manual,https://www.openstreetmap.org/way/1475407676
way,1148721826,apartments,1187.0,51.126226,71.401056,310.1,,manual,https://www.openstreetmap.org/way/1148721826
way,1332825664,hotel,1179.0,51.165198,71.439919,309.0,,manual,https://www.openstreetmap.org/way/1332825664
way,1533040220,apartments,1179.0,51.123798,71.402403,309.0,,manual,https://www.openstreetmap.org/way/1533040220
way,1442526665,apartments,1172.0,51.032337,71.409658,308.2,,manual,https://www.openstreetmap.org/way/1442526665
way,1442526663,apartments,1171.0,51.03278,71.409196,308.0,,manual,https://www.openstreetmap.org/way/1442526663
way,241248754,apartments,1170.0,51.156354,71.494476,307.8,,manual,https://www.openstreetmap.org/way/241248754
way,1431543348,apartments,1169.0,51.101898,71.387307,307.7,,manual,https://www.openstreetmap.org/way/1431543348
way,1383291292,government,4656.0,51.127836,71.441328,307.1,,manual,https://www.openstreetmap.org/way/1383291292
way,1354826008,school,5890.0,51.079069,71.49491,307.0,,manual,https://www.openstreetmap.org/way/1354826008
way,1546911813,apartments,1160.0,51.056434,71.425272,306.5,,manual,https://www.openstreetmap.org/way/1546911813
way,1043319525,apartments,1159.0,51.116376,71.482259,306.4,,manual,https://www.openstreetmap.org/way/1043319525
way,368597908,residential,772.0,51.158039,71.458767,305.5,,manual,https://www.openstreetmap.org/way/368597908
way,24805425,apartments,1152.0,51.193844,71.40616,305.5,,manual,https://www.openstreetmap.org/way/24805425
way,1076838444,apartments,1148.0,51.123241,71.400762,305.0,,manual,https://www.openstreetmap.org/way/1076838444
way,243908935,school,5805.0,51.127445,71.477214,304.8,,manual,https://www.openstreetmap.org/way/243908935
way,1096307046,construction,14804.0,51.081838,71.424641,304.2,,manual,https://www.openstreetmap.org/way/1096307046
way,1424084598,apartments,1121.0,51.117014,71.499869,301.4,,manual,https://www.openstreetmap.org/way/1424084598
way,1424084597,apartments,1121.0,51.117701,71.50016,301.3,,manual,https://www.openstreetmap.org/way/1424084597
way,112456397,school,5661.0,51.156271,71.493103,301.0,,manual,https://www.openstreetmap.org/way/112456397
way,169087056,apartments,1114.0,51.151554,71.499344,300.3,,manual,https://www.openstreetmap.org/way/169087056
way,30659033,apartments,1113.0,51.198276,71.394936,300.3,,manual,https://www.openstreetmap.org/way/30659033
way,924670368,apartments,1107.0,51.179566,71.349753,299.4,,manual,https://www.openstreetmap.org/way/924670368
way,30659034,apartments,1103.0,51.198597,71.393892,298.9,,manual,https://www.openstreetmap.org/way/30659034
way,1533039754,apartments,1101.0,51.123285,71.402224,298.6,,manual,https://www.openstreetmap.org/way/1533039754
way,258797328,apartments,1100.0,51.123798,71.409463,298.6,,manual,https://www.openstreetmap.org/way/258797328
way,1102359932,apartments,1099.0,51.160851,71.502252,298.3,,manual,https://www.openstreetmap.org/way/1102359932
way,1457403339,apartments,1096.0,51.096793,71.381938,298.0,,manual,https://www.openstreetmap.org/way/1457403339
way,30014171,apartments,1090.0,51.188447,71.409077,297.1,,manual,https://www.openstreetmap.org/way/30014171
way,1431748354,apartments,1085.0,51.163925,71.395361,296.4,,manual,https://www.openstreetmap.org/way/1431748354
way,1088182037,apartments,1082.0,51.160929,71.401302,296.0,,manual,https://www.openstreetmap.org/way/1088182037
way,918597321,apartments,1070.0,51.16335,71.406028,294.4,,manual,https://www.openstreetmap.org/way/918597321
way,167298932,apartments,1064.0,51.150607,71.505462,293.6,,manual,https://www.openstreetmap.org/way/167298932
way,1161754595,apartments,1063.0,51.121388,71.425109,293.5,,manual,https://www.openstreetmap.org/way/1161754595
way,1420005891,apartments,1058.0,51.079857,71.429875,292.7,,manual,https://www.openstreetmap.org/way/1420005891
way,1100946653,office,3424.0,51.129255,71.475221,292.6,,manual,https://www.openstreetmap.org/way/1100946653
way,1088182036,apartments,1056.0,51.161029,71.402502,292.4,,manual,https://www.openstreetmap.org/way/1088182036
way,1546914196,construction,13644.0,51.076633,71.464109,292.0,,manual,https://www.openstreetmap.org/way/1546914196
way,1077503429,school,5323.0,51.087863,71.449528,291.8,,manual,https://www.openstreetmap.org/way/1077503429
way,1431543349,apartments,1048.0,51.102458,71.387261,291.3,,manual,https://www.openstreetmap.org/way/1431543349
way,915441135,apartments,1046.0,51.103324,71.425112,291.0,,manual,https://www.openstreetmap.org/way/915441135
way,236541574,hangar,5269.0,51.036896,71.477207,290.3,,manual,https://www.openstreetmap.org/way/236541574
way,49684682,apartments,1031.0,51.14318,71.46696,288.9,,manual,https://www.openstreetmap.org/way/49684682
way,1424189317,apartments,1030.0,51.12382,71.38441,288.8,,manual,https://www.openstreetmap.org/way/1424189317
way,1430345315,apartments,1024.0,51.11958,71.498218,288.0,,manual,https://www.openstreetmap.org/way/1430345315
way,1424084764,apartments,1018.0,51.117397,71.505928,287.1,,manual,https://www.openstreetmap.org/way/1424084764
way,241248701,apartments,1016.0,51.155301,71.496816,286.9,,manual,https://www.openstreetmap.org/way/241248701
way,1026285035,construction,13026.0,51.116757,71.398431,285.3,,manual,https://www.openstreetmap.org/way/1026285035
way,1424091434,apartments,1002.0,51.141352,71.456475,284.9,,manual,https://www.openstreetmap.org/way/1424091434
way,30012581,apartments,999.0,51.170124,71.434889,284.5,,manual,https://www.openstreetmap.org/way/30012581
way,426100689,apartments,990.0,51.165509,71.434146,283.2,,manual,https://www.openstreetmap.org/way/426100689
way,1096313742,school,4999.0,51.120086,71.394195,282.8,,manual,https://www.openstreetmap.org/way/1096313742
way,1423887834,apartments,985.0,51.109056,71.525748,282.5,,manual,https://www.openstreetmap.org/way/1423887834
way,915683058,apartments,983.0,51.111387,71.415486,282.2,,manual,https://www.openstreetmap.org/way/915683058
way,167300587,apartments,983.0,51.14956,71.501131,282.2,,manual,https://www.openstreetmap.org/way/167300587
way,1457403340,apartments,969.0,51.096646,71.382592,280.2,,manual,https://www.openstreetmap.org/way/1457403340
way,240345931,apartments,966.0,51.168257,71.444864,279.8,,manual,https://www.openstreetmap.org/way/240345931
way,963417188,apartments,964.0,51.101057,71.415433,279.5,,manual,https://www.openstreetmap.org/way/963417188
way,30014225,apartments,958.0,51.191126,71.410743,278.6,,manual,https://www.openstreetmap.org/way/30014225
way,919012386,apartments,958.0,51.131522,71.390701,278.6,,manual,https://www.openstreetmap.org/way/919012386
way,1103224533,apartments,955.0,51.12605,71.393789,278.2,,manual,https://www.openstreetmap.org/way/1103224533
way,1431634803,apartments,946.0,51.087822,71.468237,276.8,,manual,https://www.openstreetmap.org/way/1431634803
way,1117038177,warehouse,12239.0,51.13739,71.576741,276.6,,manual,https://www.openstreetmap.org/way/1117038177
way,1423887835,apartments,943.0,51.1095,71.526222,276.4,,manual,https://www.openstreetmap.org/way/1423887835
way,1424091435,apartments,940.0,51.141079,71.457222,276.0,,manual,https://www.openstreetmap.org/way/1424091435
way,240369025,apartments,940.0,51.162836,71.450738,275.9,,manual,https://www.openstreetmap.org/way/240369025
way,169087073,apartments,933.0,51.153155,71.500672,274.9,,manual,https://www.openstreetmap.org/way/169087073
way,919012407,school,4721.0,51.079867,71.376992,274.8,,manual,https://www.openstreetmap.org/way/919012407
way,30012371,apartments,932.0,51.172967,71.420867,274.7,,manual,https://www.openstreetmap.org/way/30012371
way,1532695787,apartments,931.0,51.123888,71.399262,274.6,,manual,https://www.openstreetmap.org/way/1532695787
way,30011806,apartments,930.0,51.191294,71.410219,274.5,,manual,https://www.openstreetmap.org/way/30011806
way,1424189316,apartments,929.0,51.124131,71.385074,274.3,,manual,https://www.openstreetmap.org/way/1424189316
way,240147727,apartments,922.0,51.15568,71.491604,273.3,,manual,https://www.openstreetmap.org/way/240147727
way,566005455,residential,616.0,51.185834,71.365578,273.0,,manual,https://www.openstreetmap.org/way/566005455
way,1042528151,apartments,919.0,51.101831,71.392703,272.9,,manual,https://www.openstreetmap.org/way/1042528151
way,1042528150,apartments,919.0,51.101739,71.393449,272.8,,manual,https://www.openstreetmap.org/way/1042528150
way,30659041,apartments,917.0,51.19902,71.390121,272.5,,manual,https://www.openstreetmap.org/way/30659041
way,967549125,apartments,916.0,51.137254,71.40149,272.4,,manual,https://www.openstreetmap.org/way/967549125
way,259505126,commercial,8243.0,51.204764,71.486372,272.4,,manual,https://www.openstreetmap.org/way/259505126
way,918112801,apartments,913.0,51.139452,71.394585,271.9,,manual,https://www.openstreetmap.org/way/918112801
relation,14512414,apartments,911.0,51.097334,71.426698,271.6,,manual,https://www.openstreetmap.org/relation/14512414
way,1096315272,apartments,910.0,51.13261,71.393435,271.5,,manual,https://www.openstreetmap.org/way/1096315272
way,1475407670,apartments,908.0,51.106906,71.395394,271.2,,manual,https://www.openstreetmap.org/way/1475407670
way,1512939117,apartments,907.0,51.172167,71.402719,271.1,,manual,https://www.openstreetmap.org/way/1512939117
way,1295429219,apartments,902.0,51.135626,71.402609,270.4,,manual,https://www.openstreetmap.org/way/1295429219
way,1096315273,apartments,902.0,51.13215,71.39334,270.3,,manual,https://www.openstreetmap.org/way/1096315273
way,429586533,school,4538.0,51.167475,71.384328,269.4,,manual,https://www.openstreetmap.org/way/429586533
relation,15435107,school,4529.0,51.099689,71.448668,269.2,,manual,https://www.openstreetmap.org/relation/15435107
way,1117037618,apartments,894.0,51.128426,71.590103,269.1,,manual,https://www.openstreetmap.org/way/1117037618
way,1530050670,office,2895.0,51.124462,71.436125,269.0,,manual,https://www.openstreetmap.org/way/1530050670
way,1503562347,apartments,894.0,51.133941,71.419183,269.0,,manual,https://www.openstreetmap.org/way/1503562347
way,1430223187,apartments,893.0,51.114473,71.467269,269.0,,manual,https://www.openstreetmap.org/way/1430223187
way,916153720,apartments,892.0,51.142925,71.368379,268.8,,manual,https://www.openstreetmap.org/way/916153720
way,167300568,apartments,882.0,51.150446,71.500394,267.3,,manual,https://www.openstreetmap.org/way/167300568
way,694241035,apartments,880.0,51.089627,71.428018,267.0,,manual,https://www.openstreetmap.org/way/694241035
way,1427555963,apartments,869.0,51.133095,71.419021,265.3,,manual,https://www.openstreetmap.org/way/1427555963
way,1423874823,school,4389.0,51.094941,71.413045,265.0,,manual,https://www.openstreetmap.org/way/1423874823
way,24805414,apartments,866.0,51.194312,71.406238,264.8,,manual,https://www.openstreetmap.org/way/24805414
way,1424091429,apartments,864.0,51.159051,71.397328,264.6,,manual,https://www.openstreetmap.org/way/1424091429
way,30014124,apartments,859.0,51.189212,71.40683,263.8,,manual,https://www.openstreetmap.org/way/30014124
way,30659035,apartments,848.0,51.198916,71.392967,262.1,,manual,https://www.openstreetmap.org/way/30659035
way,1100946124,school,4285.0,51.093606,71.453738,261.8,,manual,https://www.openstreetmap.org/way/1100946124
way,30659040,apartments,845.0,51.198668,71.391259,261.7,,manual,https://www.openstreetmap.org/way/30659040
way,1546911812,apartments,841.0,51.056589,71.424312,260.9,,manual,https://www.openstreetmap.org/way/1546911812
way,1103224583,apartments,837.0,51.086091,71.424551,260.4,,manual,https://www.openstreetmap.org/way/1103224583
way,1423886753,apartments,837.0,51.10977,71.509091,260.4,,manual,https://www.openstreetmap.org/way/1423886753
way,498000607,government,3344.0,51.171784,71.408362,260.2,,manual,https://www.openstreetmap.org/way/498000607
way,1100947266,apartments,832.0,51.113269,71.539221,259.6,,manual,https://www.openstreetmap.org/way/1100947266
way,243067385,apartments,832.0,51.119601,71.406388,259.6,,manual,https://www.openstreetmap.org/way/243067385
way,241241692,dormitory,827.0,51.15965,71.463873,258.8,,manual,https://www.openstreetmap.org/way/241241692
way,30659026,apartments,827.0,51.196903,71.394017,258.8,,manual,https://www.openstreetmap.org/way/30659026
way,1424189358,apartments,821.0,51.122037,71.38445,257.9,,manual,https://www.openstreetmap.org/way/1424189358
way,1424189355,apartments,821.0,51.122329,71.381885,257.9,,manual,https://www.openstreetmap.org/way/1424189355
way,1424189359,apartments,821.0,51.122559,71.384,257.9,,manual,https://www.openstreetmap.org/way/1424189359
way,1424189357,apartments,821.0,51.122875,71.384688,257.9,,manual,https://www.openstreetmap.org/way/1424189357
way,1424189356,apartments,821.0,51.123171,71.382204,257.9,,manual,https://www.openstreetmap.org/way/1424189356
way,1076781711,apartments,820.0,51.145498,71.458345,257.7,,manual,https://www.openstreetmap.org/way/1076781711
way,167300580,apartments,815.0,51.150807,71.500829,256.9,,manual,https://www.openstreetmap.org/way/167300580
way,318843397,university,2626.0,51.187004,71.410816,256.2,,manual,https://www.openstreetmap.org/way/318843397
way,917236999,government,3241.0,51.119263,71.434038,256.2,,manual,https://www.openstreetmap.org/way/917236999
way,1546911825,apartments,810.0,51.059848,71.433695,256.1,,manual,https://www.openstreetmap.org/way/1546911825
way,1546911804,apartments,809.0,51.065317,71.425605,256.0,,manual,https://www.openstreetmap.org/way/1546911804
way,1116705491,apartments,802.0,51.136451,71.431192,254.9,,manual,https://www.openstreetmap.org/way/1116705491
way,1424091430,apartments,801.0,51.159033,71.398287,254.7,,manual,https://www.openstreetmap.org/way/1424091430
way,30637438,apartments,800.0,51.184815,71.420601,254.6,,manual,https://www.openstreetmap.org/way/30637438
way,1431546752,construction,10355.0,51.170867,71.374576,254.4,,manual,https://www.openstreetmap.org/way/1431546752
way,30659039,apartments,795.0,51.198299,71.392415,253.8,,manual,https://www.openstreetmap.org/way/30659039
way,1089701432,apartments,795.0,51.111808,71.412802,253.8,,manual,https://www.openstreetmap.org/way/1089701432
way,506044975,school,4024.0,51.099453,71.414608,253.7,,manual,https://www.openstreetmap.org/way/506044975
way,241248642,apartments,794.0,51.154296,71.492309,253.5,,manual,https://www.openstreetmap.org/way/241248642
way,915710245,school,3985.0,51.073235,71.437296,252.5,,manual,https://www.openstreetmap.org/way/915710245
way,1063520882,apartments,786.0,51.136854,71.383398,252.3,,manual,https://www.openstreetmap.org/way/1063520882
way,1076764137,apartments,780.0,51.087422,71.427243,251.4,,manual,https://www.openstreetmap.org/way/1076764137
way,1076764149,residential,522.0,51.086886,71.432895,251.4,,manual,https://www.openstreetmap.org/way/1076764149
way,1087935130,apartments,779.0,51.167908,71.402889,251.2,,manual,https://www.openstreetmap.org/way/1087935130
way,1301975144,apartments,771.0,51.120942,71.490576,250.0,,manual,https://www.openstreetmap.org/way/1301975144
way,1301975143,apartments,771.0,51.121175,71.48899,250.0,,manual,https://www.openstreetmap.org/way/1301975143
way,24805456,apartments,770.0,51.193937,71.404925,249.7,,manual,https://www.openstreetmap.org/way/24805456
way,1081404310,apartments,769.0,51.127633,71.393377,249.6,,manual,https://www.openstreetmap.org/way/1081404310
way,917348928,apartments,766.0,51.121802,71.476824,249.0,,manual,https://www.openstreetmap.org/way/917348928
way,425317639,school,3859.0,51.096208,71.440158,248.5,,manual,https://www.openstreetmap.org/way/425317639
way,241464835,school,3855.0,51.150215,71.517666,248.3,,manual,https://www.openstreetmap.org/way/241464835
way,1076764148,residential,508.0,51.087656,71.431915,247.8,,manual,https://www.openstreetmap.org/way/1076764148
way,424980092,residential,502.0,51.110916,71.418744,246.4,,manual,https://www.openstreetmap.org/way/424980092
way,424980091,residential,502.0,51.11102,71.418024,246.4,,manual,https://www.openstreetmap.org/way/424980091
way,1161748677,apartments,748.0,51.12794,71.403508,246.1,,manual,https://www.openstreetmap.org/way/1161748677
way,1161748679,apartments,748.0,51.12856,71.404338,246.1,,manual,https://www.openstreetmap.org/way/1161748679
way,1161748678,apartments,747.0,51.128161,71.404028,246.1,,manual,https://www.openstreetmap.org/way/1161748678
way,165572501,apartments,747.0,51.204362,71.363336,246.0,,manual,https://www.openstreetmap.org/way/165572501
way,167300578,apartments,739.0,51.153446,71.502857,244.7,,manual,https://www.openstreetmap.org/way/167300578
relation,14509996,apartments,738.0,51.113065,71.402926,244.6,,manual,https://www.openstreetmap.org/relation/14509996
way,1081418057,school,3734.0,51.092409,71.42854,244.4,,manual,https://www.openstreetmap.org/way/1081418057
way,425291348,school,3734.0,51.113958,71.475751,244.4,,manual,https://www.openstreetmap.org/way/425291348
way,1076764136,apartments,732.0,51.087717,71.426523,243.6,,manual,https://www.openstreetmap.org/way/1076764136
way,169087074,apartments,731.0,51.154137,71.500935,243.3,,manual,https://www.openstreetmap.org/way/169087074
way,440584979,school,3689.0,51.142605,71.385363,243.0,,manual,https://www.openstreetmap.org/way/440584979
way,24805384,apartments,727.0,51.191705,71.408141,242.7,,manual,https://www.openstreetmap.org/way/24805384
way,1431543351,apartments,724.0,51.102092,71.384923,242.1,,manual,https://www.openstreetmap.org/way/1431543351
way,1431543352,apartments,724.0,51.102488,71.385496,242.1,,manual,https://www.openstreetmap.org/way/1431543352
way,240528470,school,3662.0,51.137433,71.476234,242.1,,manual,https://www.openstreetmap.org/way/240528470
way,1088181976,apartments,720.0,51.171634,71.417031,241.5,,manual,https://www.openstreetmap.org/way/1088181976
way,916214392,apartments,719.0,51.137512,71.400564,241.4,,manual,https://www.openstreetmap.org/way/916214392
way,167298122,apartments,713.0,51.154051,71.502939,240.2,,manual,https://www.openstreetmap.org/way/167298122
way,1458288457,apartments,707.0,51.11763,71.507309,239.2,,manual,https://www.openstreetmap.org/way/1458288457
way,914979620,school,3570.0,51.081875,71.428247,239.0,,manual,https://www.openstreetmap.org/way/914979620
way,917348856,school,3542.0,51.131447,71.462299,238.1,,manual,https://www.openstreetmap.org/way/917348856
way,405820545,school,3525.0,51.125077,71.503149,237.5,,manual,https://www.openstreetmap.org/way/405820545
way,241248680,apartments,696.0,51.157228,71.491976,237.4,,manual,https://www.openstreetmap.org/way/241248680
way,915683061,apartments,694.0,51.111508,71.414426,237.0,,manual,https://www.openstreetmap.org/way/915683061
way,919012387,apartments,693.0,51.131561,71.389106,236.9,,manual,https://www.openstreetmap.org/way/919012387
way,917236995,school,3498.0,51.113474,71.459161,236.6,,manual,https://www.openstreetmap.org/way/917236995
way,165571375,apartments,691.0,51.156868,71.487609,236.6,,manual,https://www.openstreetmap.org/way/165571375
way,1538969207,apartments,690.0,51.070957,71.424484,236.4,,manual,https://www.openstreetmap.org/way/1538969207
relation,21021388,school,3481.0,51.136368,71.290008,236.0,,manual,https://www.openstreetmap.org/relation/21021388
way,915683060,apartments,684.0,51.11178,71.415105,235.4,,manual,https://www.openstreetmap.org/way/915683060
way,1475410937,apartments,676.0,51.112132,71.391332,234.0,,manual,https://www.openstreetmap.org/way/1475410937
way,1475410936,apartments,676.0,51.111662,71.391283,234.0,,manual,https://www.openstreetmap.org/way/1475410936
way,1089447289,apartments,676.0,51.107644,71.425749,233.9,,manual,https://www.openstreetmap.org/way/1089447289
way,1161754597,apartments,673.0,51.119969,71.424614,233.4,,manual,https://www.openstreetmap.org/way/1161754597
way,320842136,retail,13610.0,51.201935,71.490692,233.3,,manual,https://www.openstreetmap.org/way/320842136
way,1458291450,apartments,670.0,51.098344,71.437013,233.0,,manual,https://www.openstreetmap.org/way/1458291450
way,1458291451,apartments,670.0,51.098289,71.4362,233.0,,manual,https://www.openstreetmap.org/way/1458291451
way,1458291452,apartments,670.0,51.098034,71.436537,232.9,,manual,https://www.openstreetmap.org/way/1458291452
way,1458291453,apartments,670.0,51.097761,71.436869,232.9,,manual,https://www.openstreetmap.org/way/1458291453
way,167300582,apartments,666.0,51.151878,71.502165,232.2,,manual,https://www.openstreetmap.org/way/167300582
way,167300581,apartments,666.0,51.151286,71.500829,232.2,,manual,https://www.openstreetmap.org/way/167300581
way,1534637210,apartments,664.0,51.081333,71.380753,231.9,,manual,https://www.openstreetmap.org/way/1534637210
way,169087065,apartments,664.0,51.152413,71.496879,231.9,,manual,https://www.openstreetmap.org/way/169087065
way,1148755833,apartments,663.0,51.11749,71.413321,231.8,,manual,https://www.openstreetmap.org/way/1148755833
way,1527479379,apartments,662.0,51.087054,71.403132,231.6,,manual,https://www.openstreetmap.org/way/1527479379
way,1527479376,apartments,662.0,51.087243,71.404701,231.5,,manual,https://www.openstreetmap.org/way/1527479376
way,1527479375,apartments,662.0,51.08683,71.404551,231.5,,manual,https://www.openstreetmap.org/way/1527479375
way,1527479377,apartments,662.0,51.087326,71.404058,231.5,,manual,https://www.openstreetmap.org/way/1527479377
way,1527479378,apartments,662.0,51.086913,71.403908,231.5,,manual,https://www.openstreetmap.org/way/1527479378
way,1527479380,apartments,662.0,51.087467,71.403282,231.5,,manual,https://www.openstreetmap.org/way/1527479380
way,30659015,apartments,661.0,51.194822,71.40319,231.4,,manual,https://www.openstreetmap.org/way/30659015
way,1100946241,apartments,661.0,51.160176,71.400525,231.3,,manual,https://www.openstreetmap.org/way/1100946241
way,1077933297,apartments,660.0,51.127544,71.394212,231.3,,manual,https://www.openstreetmap.org/way/1077933297
way,241090097,dormitory,658.0,51.178561,71.391243,230.9,,manual,https://www.openstreetmap.org/way/241090097
way,1089701451,university,2123.0,51.090929,71.400146,230.4,,manual,https://www.openstreetmap.org/way/1089701451
way,1089701452,university,2122.0,51.09103,71.399229,230.3,,manual,https://www.openstreetmap.org/way/1089701452
way,1089701453,university,2122.0,51.091162,71.398333,230.3,,manual,https://www.openstreetmap.org/way/1089701453
way,1534637208,apartments,655.0,51.080572,71.382256,230.3,,manual,https://www.openstreetmap.org/way/1534637208
way,30012457,apartments,654.0,51.172069,71.417226,230.1,,manual,https://www.openstreetmap.org/way/30012457
way,24805327,transportation,5883.0,51.195637,71.409013,230.1,,manual,https://www.openstreetmap.org/way/24805327
way,1336832992,apartments,651.0,51.166973,71.434595,229.6,,manual,https://www.openstreetmap.org/way/1336832992
way,1336833001,apartments,651.0,51.166799,71.435021,229.6,,manual,https://www.openstreetmap.org/way/1336833001
way,241248675,apartments,643.0,51.15691,71.494462,228.2,,manual,https://www.openstreetmap.org/way/241248675
way,1424117413,school,3236.0,51.123949,71.414345,227.6,,manual,https://www.openstreetmap.org/way/1424117413
way,1161364962,apartments,638.0,51.1137,71.462603,227.4,,manual,https://www.openstreetmap.org/way/1161364962
way,1161364963,apartments,638.0,51.113198,71.462592,227.4,,manual,https://www.openstreetmap.org/way/1161364963
way,1161364961,apartments,638.0,51.113933,71.463258,227.4,,manual,https://www.openstreetmap.org/way/1161364961
way,1161364964,apartments,638.0,51.113508,71.461841,227.4,,manual,https://www.openstreetmap.org/way/1161364964
way,1227982583,apartments,638.0,51.11394,71.461918,227.4,,manual,https://www.openstreetmap.org/way/1227982583
way,24805463,apartments,638.0,51.194245,71.404117,227.2,,manual,https://www.openstreetmap.org/way/24805463
way,1534637206,apartments,636.0,51.080159,71.381815,226.9,,manual,https://www.openstreetmap.org/way/1534637206
way,30013966,apartments,635.0,51.191997,71.404502,226.8,,manual,https://www.openstreetmap.org/way/30013966
way,30637495,apartments,632.0,51.177425,71.414714,226.3,,manual,https://www.openstreetmap.org/way/30637495
way,1431546750,apartments,631.0,51.169245,71.372044,226.2,,manual,https://www.openstreetmap.org/way/1431546750
way,1383011542,pavilion,5673.0,51.154512,71.463291,226.0,,manual,https://www.openstreetmap.org/way/1383011542
way,926696508,school,3175.0,51.118077,71.647349,225.4,,manual,https://www.openstreetmap.org/way/926696508
way,727378007,hangar,3152.0,51.225552,71.404451,224.6,,manual,https://www.openstreetmap.org/way/727378007
way,1042817544,apartments,622.0,51.124824,71.423798,224.4,,manual,https://www.openstreetmap.org/way/1042817544
way,1100947076,school,3128.0,51.116535,71.525563,223.7,,manual,https://www.openstreetmap.org/way/1100947076
way,506032009,apartments,616.0,51.113766,71.42004,223.4,,manual,https://www.openstreetmap.org/way/506032009
way,320818402,apartments,616.0,51.204293,71.361877,223.3,,manual,https://www.openstreetmap.org/way/320818402
way,1109634898,school,3106.0,51.13578,71.370302,222.9,,manual,https://www.openstreetmap.org/way/1109634898
way,30637473,apartments,613.0,51.180025,71.419081,222.9,,manual,https://www.openstreetmap.org/way/30637473
way,940718773,apartments,613.0,51.094241,71.423147,222.9,,manual,https://www.openstreetmap.org/way/940718773
way,1103224514,school,3103.0,51.150405,71.518418,222.8,,manual,https://www.openstreetmap.org/way/1103224514
way,1534637207,apartments,612.0,51.080326,71.382651,222.7,,manual,https://www.openstreetmap.org/way/1534637207
way,1076838421,apartments,612.0,51.125574,71.410169,222.6,,manual,https://www.openstreetmap.org/way/1076838421
way,1530017604,apartments,607.0,51.189786,71.419187,221.8,,manual,https://www.openstreetmap.org/way/1530017604
way,30637470,apartments,606.0,51.180775,71.418863,221.5,,manual,https://www.openstreetmap.org/way/30637470
way,719646558,apartments,603.0,51.200192,71.391582,221.1,,manual,https://www.openstreetmap.org/way/719646558
way,1041590727,apartments,603.0,51.137911,71.412082,220.9,,manual,https://www.openstreetmap.org/way/1041590727
way,1041590728,apartments,602.0,51.137538,71.411995,220.9,,manual,https://www.openstreetmap.org/way/1041590728
way,1041590729,apartments,602.0,51.137449,71.41265,220.9,,manual,https://www.openstreetmap.org/way/1041590729
way,1546911826,apartments,602.0,51.059716,71.434624,220.8,,manual,https://www.openstreetmap.org/way/1546911826
way,1546911824,apartments,602.0,51.059981,71.432766,220.8,,manual,https://www.openstreetmap.org/way/1546911824
way,506032008,apartments,598.0,51.113839,71.419522,220.1,,manual,https://www.openstreetmap.org/way/506032008
way,506032010,apartments,596.0,51.114172,71.419957,219.8,,manual,https://www.openstreetmap.org/way/506032010
way,240147726,apartments,594.0,51.156734,71.491993,219.4,,manual,https://www.openstreetmap.org/way/240147726
way,30012454,apartments,594.0,51.172037,71.416917,219.3,,manual,https://www.openstreetmap.org/way/30012454
way,30637477,apartments,593.0,51.179812,71.419163,219.2,,manual,https://www.openstreetmap.org/way/30637477
way,167300586,apartments,586.0,51.151625,71.501911,217.9,,manual,https://www.openstreetmap.org/way/167300586
way,243067369,apartments,586.0,51.125114,71.410943,217.9,,manual,https://www.openstreetmap.org/way/243067369
way,243067370,apartments,586.0,51.124699,71.411279,217.9,,manual,https://www.openstreetmap.org/way/243067370
way,1454611373,construction,7558.0,51.135855,71.406768,217.3,,manual,https://www.openstreetmap.org/way/1454611373
way,164954408,apartments,582.0,51.205397,71.362975,217.1,,manual,https://www.openstreetmap.org/way/164954408
way,240147725,apartments,578.0,51.156448,71.492352,216.4,,manual,https://www.openstreetmap.org/way/240147725
way,1100946329,apartments,577.0,51.132921,71.433351,216.1,,manual,https://www.openstreetmap.org/way/1100946329
way,241206141,apartments,576.0,51.167683,71.41129,216.0,,manual,https://www.openstreetmap.org/way/241206141
way,854901352,hangar,2910.0,51.193042,71.468956,215.8,,manual,https://www.openstreetmap.org/way/854901352
way,915683057,apartments,573.0,51.112091,71.415804,215.5,,manual,https://www.openstreetmap.org/way/915683057
way,1093128718,apartments,573.0,51.159482,71.374964,215.5,,manual,https://www.openstreetmap.org/way/1093128718
way,240147723,apartments,573.0,51.156084,71.492009,215.4,,manual,https://www.openstreetmap.org/way/240147723
way,1512939118,apartments,562.0,51.172556,71.402954,213.4,,manual,https://www.openstreetmap.org/way/1512939118
way,167298123,apartments,560.0,51.154237,71.503905,213.0,,manual,https://www.openstreetmap.org/way/167298123
way,1503619969,apartments,556.0,51.125239,71.485687,212.2,,manual,https://www.openstreetmap.org/way/1503619969
way,30659058,apartments,551.0,51.20024,71.389992,211.3,,manual,https://www.openstreetmap.org/way/30659058
way,1100946330,apartments,549.0,51.133264,71.431278,210.9,,manual,https://www.openstreetmap.org/way/1100946330
way,1214266420,apartments,545.0,51.097153,71.386193,210.1,,manual,https://www.openstreetmap.org/way/1214266420
way,1214266419,apartments,545.0,51.099105,71.38689,210.1,,manual,https://www.openstreetmap.org/way/1214266419
way,1076838420,apartments,545.0,51.125403,71.409643,210.1,,manual,https://www.openstreetmap.org/way/1076838420
way,1478765470,apartments,544.0,51.105063,71.351487,209.9,,manual,https://www.openstreetmap.org/way/1478765470
way,1478765468,apartments,544.0,51.104831,71.35252,209.8,,manual,https://www.openstreetmap.org/way/1478765468
way,1431684606,apartments,540.0,51.13232,71.433288,209.1,,manual,https://www.openstreetmap.org/way/1431684606
way,1100946331,apartments,540.0,51.132664,71.430978,209.1,,manual,https://www.openstreetmap.org/way/1100946331
way,734485545,apartments,537.0,51.085291,71.430718,208.6,,manual,https://www.openstreetmap.org/way/734485545
way,1038182715,apartments,533.0,51.14345,71.376631,207.8,,manual,https://www.openstreetmap.org/way/1038182715
way,1038182716,apartments,533.0,51.143478,71.377701,207.8,,manual,https://www.openstreetmap.org/way/1038182716
way,30014109,apartments,531.0,51.189793,71.407539,207.5,,manual,https://www.openstreetmap.org/way/30014109
way,1076775776,construction,6871.0,51.074914,71.392838,207.2,,manual,https://www.openstreetmap.org/way/1076775776
way,1104766577,yes,42751.0,51.167225,71.527893,206.8,,manual,https://www.openstreetmap.org/way/1104766577
way,24805437,school,2662.0,51.195834,71.398741,206.4,,manual,https://www.openstreetmap.org/way/24805437
way,1077477600,apartments,523.0,51.099703,71.427677,205.8,,manual,https://www.openstreetmap.org/way/1077477600
way,1459345545,no,42308.0,51.07399,71.383103,205.7,,manual,https://www.openstreetmap.org/way/1459345545
way,1077477599,apartments,521.0,51.099211,71.427476,205.4,,manual,https://www.openstreetmap.org/way/1077477599
way,734485544,apartments,520.0,51.084716,71.430499,205.3,,manual,https://www.openstreetmap.org/way/734485544
way,259505141,commercial,4638.0,51.204647,71.487566,204.3,,manual,https://www.openstreetmap.org/way/259505141
way,1530050669,office,1658.0,51.122996,71.434227,203.6,,manual,https://www.openstreetmap.org/way/1530050669
way,1103224518,apartments,511.0,51.132524,71.431761,203.5,,manual,https://www.openstreetmap.org/way/1103224518
way,1431684605,apartments,511.0,51.132415,71.432524,203.5,,manual,https://www.openstreetmap.org/way/1431684605
way,1478770897,school,2587.0,51.108461,71.386538,203.5,,manual,https://www.openstreetmap.org/way/1478770897
relation,8661612,commercial,4570.0,51.164688,71.442071,202.8,,manual,https://www.openstreetmap.org/relation/8661612
way,1547293577,construction,6503.0,51.129265,71.308874,201.6,,manual,https://www.openstreetmap.org/way/1547293577
way,1424189367,apartments,501.0,51.12905,71.383311,201.4,,manual,https://www.openstreetmap.org/way/1424189367
way,1424189368,apartments,501.0,51.128708,71.383768,201.4,,manual,https://www.openstreetmap.org/way/1424189368
way,30013962,apartments,501.0,51.192251,71.403628,201.4,,manual,https://www.openstreetmap.org/way/30013962
way,30659060,apartments,499.0,51.199719,71.391547,201.1,,manual,https://www.openstreetmap.org/way/30659060
way,318833586,yes,40316.0,51.208006,71.443,200.8,,manual,https://www.openstreetmap.org/way/318833586
way,167301068,school,2515.0,51.151891,71.50353,200.6,,manual,https://www.openstreetmap.org/way/167301068
way,1424085299,apartments,497.0,51.116201,71.509754,200.6,,manual,https://www.openstreetmap.org/way/1424085299
way,30659037,apartments,495.0,51.199176,71.391873,200.2,,manual,https://www.openstreetmap.org/way/30659037
way,1100947267,apartments,494.0,51.111062,71.501309,200.0,,manual,https://www.openstreetmap.org/way/1100947267
way,1424084601,apartments,493.0,51.115498,71.499237,199.8,,manual,https://www.openstreetmap.org/way/1424084601
way,1424084595,apartments,492.0,51.119302,71.500757,199.7,,manual,https://www.openstreetmap.org/way/1424084595
way,1424101222,construction,6366.0,51.113935,71.496011,199.5,,manual,https://www.openstreetmap.org/way/1424101222
way,1149340635,apartments,491.0,51.098933,71.433109,199.4,,manual,https://www.openstreetmap.org/way/1149340635
way,30659059,apartments,488.0,51.199959,71.390789,198.7,,manual,https://www.openstreetmap.org/way/30659059
way,1089059406,apartments,486.0,51.15709,71.47486,198.4,,manual,https://www.openstreetmap.org/way/1089059406
way,1430223189,apartments,481.0,51.115313,71.467511,197.3,,manual,https://www.openstreetmap.org/way/1430223189
way,1424091428,apartments,470.0,51.159549,71.397215,195.0,,manual,https://www.openstreetmap.org/way/1424091428
way,923613795,apartments,464.0,51.170357,71.399355,193.9,,manual,https://www.openstreetmap.org/way/923613795
way,30659023,apartments,460.0,51.196495,71.398095,193.1,,manual,https://www.openstreetmap.org/way/30659023
way,158630912,apartments,455.0,51.160357,71.426014,192.0,,manual,https://www.openstreetmap.org/way/158630912
way,236541579,hangar,2285.0,51.03778,71.475841,191.2,,manual,https://www.openstreetmap.org/way/236541579
way,1148721830,pavilion,4058.0,51.126906,71.395994,191.1,,manual,https://www.openstreetmap.org/way/1148721830
way,236541576,hangar,2268.0,51.037526,71.476249,190.5,,manual,https://www.openstreetmap.org/way/236541576
way,1103224579,apartments,446.0,51.083784,71.42364,190.2,,manual,https://www.openstreetmap.org/way/1103224579
way,30637454,apartments,446.0,51.18028,71.416543,190.2,,manual,https://www.openstreetmap.org/way/30637454
way,915699468,apartments,444.0,51.099571,71.426856,189.5,,manual,https://www.openstreetmap.org/way/915699468
way,1475406193,construction,5676.0,51.110575,71.424591,188.3,,manual,https://www.openstreetmap.org/way/1475406193
way,1103224581,apartments,435.0,51.084908,71.42404,187.8,,manual,https://www.openstreetmap.org/way/1103224581
way,1103224580,apartments,432.0,51.084369,71.423846,187.0,,manual,https://www.openstreetmap.org/way/1103224580
way,236541581,hangar,2176.0,51.038038,71.475416,186.6,,manual,https://www.openstreetmap.org/way/236541581
way,1458288973,construction,5571.0,51.116076,71.504011,186.6,,manual,https://www.openstreetmap.org/way/1458288973
way,30637475,apartments,426.0,51.180359,71.419458,185.8,,manual,https://www.openstreetmap.org/way/30637475
way,1547354177,construction,5412.0,51.03487,71.460394,183.9,,manual,https://www.openstreetmap.org/way/1547354177
way,1076838601,office,1350.0,51.11672,71.404209,183.7,,manual,https://www.openstreetmap.org/way/1076838601
way,1479984367,office,1344.0,51.090197,71.471341,183.3,,manual,https://www.openstreetmap.org/way/1479984367
way,30659012,apartments,414.0,51.194254,71.400171,183.2,,manual,https://www.openstreetmap.org/way/30659012
way,1089447288,office,1333.0,51.133142,71.432372,182.5,,manual,https://www.openstreetmap.org/way/1089447288
way,1076775777,construction,5316.0,51.074972,71.394678,182.3,,manual,https://www.openstreetmap.org/way/1076775777
way,258536533,yes,32809.0,51.187409,71.480923,181.1,,manual,https://www.openstreetmap.org/way/258536533
way,241206140,apartments,402.0,51.168495,71.414827,180.5,,manual,https://www.openstreetmap.org/way/241206140
way,241206144,apartments,402.0,51.168102,71.411085,180.4,,manual,https://www.openstreetmap.org/way/241206144
way,1467797218,construction,5196.0,51.131836,71.373829,180.2,,manual,https://www.openstreetmap.org/way/1467797218
way,318833650,yes,32467.0,51.207363,71.438407,180.2,,manual,https://www.openstreetmap.org/way/318833650
way,1475410930,construction,5183.0,51.104178,71.386765,180.0,,manual,https://www.openstreetmap.org/way/1475410930
way,1475409329,construction,5151.0,51.109492,71.385204,179.4,,manual,https://www.openstreetmap.org/way/1475409329
way,30637468,apartments,397.0,51.181176,71.418489,179.4,,manual,https://www.openstreetmap.org/way/30637468
way,30658958,apartments,395.0,51.191899,71.414375,179.0,,manual,https://www.openstreetmap.org/way/30658958
way,30637515,apartments,392.0,51.179052,71.412333,178.1,,manual,https://www.openstreetmap.org/way/30637515
way,1089868527,apartments,391.0,51.097582,71.426854,178.0,,manual,https://www.openstreetmap.org/way/1089868527
way,1116705505,residential,258.0,51.139226,71.436218,176.7,,manual,https://www.openstreetmap.org/way/1116705505
way,39020547,apartments,383.0,51.196876,71.389331,176.2,,manual,https://www.openstreetmap.org/way/39020547
way,167298125,apartments,383.0,51.153709,71.5039,176.1,,manual,https://www.openstreetmap.org/way/167298125
way,506032634,public,1937.0,51.109871,71.427932,176.0,,manual,https://www.openstreetmap.org/way/506032634
way,1424107148,construction,4942.0,51.100104,71.439061,175.7,,manual,https://www.openstreetmap.org/way/1424107148
way,30659036,apartments,381.0,51.199462,71.39236,175.7,,manual,https://www.openstreetmap.org/way/30659036
way,1475407673,office,1229.0,51.107767,71.3918,175.3,,manual,https://www.openstreetmap.org/way/1475407673
way,30637467,apartments,379.0,51.181261,71.419201,175.2,,manual,https://www.openstreetmap.org/way/30637467
way,1477798382,construction,4910.0,51.099249,71.380153,175.2,,manual,https://www.openstreetmap.org/way/1477798382
way,30637474,apartments,379.0,51.180262,71.418577,175.2,,manual,https://www.openstreetmap.org/way/30637474
way,258628267,yes,30660.0,51.18949,71.509953,175.1,,manual,https://www.openstreetmap.org/way/258628267
way,1076764147,residential,253.0,51.087614,71.432704,175.0,,manual,https://www.openstreetmap.org/way/1076764147
way,1088449008,commercial,3405.0,51.165153,71.431254,175.0,,manual,https://www.openstreetmap.org/way/1088449008
way,39020546,apartments,376.0,51.197015,71.388637,174.5,,manual,https://www.openstreetmap.org/way/39020546
way,428784866,commercial,3377.0,51.155351,71.409957,174.3,,manual,https://www.openstreetmap.org/way/428784866
way,1117038176,industrial,30334.0,51.138626,71.576649,174.2,,manual,https://www.openstreetmap.org/way/1117038176
way,167298126,apartments,371.0,51.153915,71.504368,173.4,,manual,https://www.openstreetmap.org/way/167298126
way,1546902181,construction,4788.0,51.081041,71.397687,173.0,,manual,https://www.openstreetmap.org/way/1546902181
way,1100946263,school,1863.0,51.167038,71.433244,172.6,,manual,https://www.openstreetmap.org/way/1100946263
way,1087935165,apartments,364.0,51.171358,71.404203,171.8,,manual,https://www.openstreetmap.org/way/1087935165
way,1087935162,apartments,364.0,51.171687,71.405165,171.8,,manual,https://www.openstreetmap.org/way/1087935162
way,1087935161,apartments,364.0,51.171466,71.405227,171.8,,manual,https://www.openstreetmap.org/way/1087935161
way,1087935164,apartments,364.0,51.171581,71.404143,171.8,,manual,https://www.openstreetmap.org/way/1087935164
way,1077944425,office,1180.0,51.114564,71.401217,171.8,,manual,https://www.openstreetmap.org/way/1077944425
way,1373679753,construction,4708.0,51.073029,71.424229,171.5,,manual,https://www.openstreetmap.org/way/1373679753
way,30659057,apartments,362.0,51.198466,71.387752,171.2,,manual,https://www.openstreetmap.org/way/30659057
way,1424101925,construction,4683.0,51.11767,71.494147,171.1,,manual,https://www.openstreetmap.org/way/1424101925
way,1546810618,construction,4645.0,51.085997,71.381757,170.4,,manual,https://www.openstreetmap.org/way/1546810618
relation,18901938,yes,28503.0,51.072907,71.409672,168.8,,manual,https://www.openstreetmap.org/relation/18901938
way,563003073,office,1137.0,51.14865,71.485983,168.6,,manual,https://www.openstreetmap.org/way/563003073
way,1103224582,apartments,351.0,51.085477,71.424155,168.5,,manual,https://www.openstreetmap.org/way/1103224582
way,1036800109,apartments,349.0,51.162669,71.536438,168.1,,manual,https://www.openstreetmap.org/way/1036800109
way,1424200263,construction,4487.0,51.120526,71.361075,167.5,,manual,https://www.openstreetmap.org/way/1424200263
way,1424200246,construction,4476.0,51.120866,71.392806,167.3,,manual,https://www.openstreetmap.org/way/1424200246
way,243053678,residential,226.0,51.13933,71.437068,165.5,,manual,https://www.openstreetmap.org/way/243053678
way,1479491294,construction,4373.0,51.12302,71.366323,165.3,,manual,https://www.openstreetmap.org/way/1479491294
relation,21180974,construction,4346.0,51.060934,71.389737,164.8,,manual,https://www.openstreetmap.org/relation/21180974
way,1547179260,construction,4335.0,51.148849,71.345176,164.6,,manual,https://www.openstreetmap.org/way/1547179260
way,1424200251,construction,4325.0,51.129878,71.3721,164.4,,manual,https://www.openstreetmap.org/way/1424200251
way,1096315275,school,1685.0,51.132828,71.390385,164.2,,manual,https://www.openstreetmap.org/way/1096315275
way,30659055,apartments,332.0,51.199104,71.388278,164.0,,manual,https://www.openstreetmap.org/way/30659055
way,1190550040,construction,4304.0,51.11088,71.520789,164.0,,manual,https://www.openstreetmap.org/way/1190550040
way,1459987178,yes,26860.0,51.132579,71.601751,163.9,,manual,https://www.openstreetmap.org/way/1459987178
way,1089701431,apartments,330.0,51.111719,71.415752,163.5,,manual,https://www.openstreetmap.org/way/1089701431
way,1424200265,construction,4266.0,51.127261,71.356866,163.3,,manual,https://www.openstreetmap.org/way/1424200265
way,1477798380,construction,4216.0,51.100805,71.380919,162.3,,manual,https://www.openstreetmap.org/way/1477798380
way,241226115,apartments,325.0,51.161367,71.445246,162.2,,manual,https://www.openstreetmap.org/way/241226115
way,1547024753,construction,4178.0,51.122458,71.357054,161.6,,manual,https://www.openstreetmap.org/way/1547024753
way,1475410928,construction,4107.0,51.10897,71.390753,160.2,,manual,https://www.openstreetmap.org/way/1475410928
way,30659018,apartments,311.0,51.194256,71.399592,158.6,,manual,https://www.openstreetmap.org/way/30659018
way,241248714,apartments,310.0,51.154492,71.493719,158.5,,manual,https://www.openstreetmap.org/way/241248714
way,1425752334,construction,4016.0,51.136927,71.394786,158.4,,manual,https://www.openstreetmap.org/way/1425752334
way,506033329,school,1561.0,51.099516,71.433757,158.1,,manual,https://www.openstreetmap.org/way/506033329
way,111923890,office,996.0,51.153055,71.43925,157.8,,manual,https://www.openstreetmap.org/way/111923890
way,486561787,commercial,2766.0,51.1222,71.429183,157.8,,manual,https://www.openstreetmap.org/way/486561787
way,1475410929,construction,3981.0,51.110762,71.392006,157.7,,manual,https://www.openstreetmap.org/way/1475410929
way,1546904913,construction,3971.0,51.080494,71.488053,157.5,,manual,https://www.openstreetmap.org/way/1546904913
way,243053599,residential,204.0,51.139409,71.437594,157.1,,manual,https://www.openstreetmap.org/way/243053599
way,566005453,residential,204.0,51.184159,71.367729,156.9,,manual,https://www.openstreetmap.org/way/566005453
way,1475409325,construction,3920.0,51.113046,71.388063,156.5,,manual,https://www.openstreetmap.org/way/1475409325
way,30014191,apartments,301.0,51.188477,71.409708,156.1,,manual,https://www.openstreetmap.org/way/30014191
way,919012385,office,973.0,51.131525,71.391341,156.0,,manual,https://www.openstreetmap.org/way/919012385
way,1547179239,construction,3890.0,51.1323,71.358696,155.9,,manual,https://www.openstreetmap.org/way/1547179239
way,1478765473,construction,3876.0,51.104182,71.359911,155.6,,manual,https://www.openstreetmap.org/way/1478765473
way,1479491293,construction,3862.0,51.12383,71.359555,155.4,,manual,https://www.openstreetmap.org/way/1479491293
way,240921065,office,964.0,51.146698,71.411188,155.3,,manual,https://www.openstreetmap.org/way/240921065
way,243053765,residential,199.0,51.139686,71.436944,155.2,,manual,https://www.openstreetmap.org/way/243053765
way,1424200259,construction,3826.0,51.121853,71.358746,154.6,,manual,https://www.openstreetmap.org/way/1424200259
way,243054043,residential,197.0,51.139112,71.435426,154.5,,manual,https://www.openstreetmap.org/way/243054043
way,30659062,apartments,294.0,51.200563,71.38932,154.3,,manual,https://www.openstreetmap.org/way/30659062
way,30637541,apartments,293.0,51.172435,71.421103,154.1,,manual,https://www.openstreetmap.org/way/30637541
way,1430333633,construction,3791.0,51.115328,71.462288,153.9,,manual,https://www.openstreetmap.org/way/1430333633
way,1116705504,residential,195.0,51.13994,71.438588,153.8,,manual,https://www.openstreetmap.org/way/1116705504
way,923286962,government,1168.0,51.170455,71.408327,153.8,,manual,https://www.openstreetmap.org/way/923286962
way,1116705503,residential,195.0,51.139829,71.439323,153.8,,manual,https://www.openstreetmap.org/way/1116705503
way,243053892,residential,195.0,51.139843,71.437956,153.8,,manual,https://www.openstreetmap.org/way/243053892
way,1546900037,construction,3771.0,51.063097,71.392058,153.5,,manual,https://www.openstreetmap.org/way/1546900037
way,30659016,apartments,291.0,51.193981,71.400529,153.5,,manual,https://www.openstreetmap.org/way/30659016
way,243053846,residential,195.0,51.139772,71.437471,153.5,,manual,https://www.openstreetmap.org/way/243053846
way,243053910,residential,195.0,51.139605,71.436376,153.4,,manual,https://www.openstreetmap.org/way/243053910
way,1124566847,yes,23382.0,51.210149,71.422239,152.9,,manual,https://www.openstreetmap.org/way/1124566847
way,1475405552,construction,3740.0,51.11483,71.464387,152.9,,manual,https://www.openstreetmap.org/way/1475405552
way,30637549,apartments,286.0,51.172788,71.412795,152.3,,manual,https://www.openstreetmap.org/way/30637549
way,737833555,hangar,1450.0,51.236093,71.367122,152.3,,manual,https://www.openstreetmap.org/way/737833555
way,243053666,residential,191.0,51.139526,71.435816,152.0,,manual,https://www.openstreetmap.org/way/243053666
way,1547179250,construction,3682.0,51.143422,71.363262,151.7,,manual,https://www.openstreetmap.org/way/1547179250
way,30659022,apartments,283.0,51.194534,71.398704,151.4,,manual,https://www.openstreetmap.org/way/30659022
way,30637543,apartments,283.0,51.172518,71.421785,151.3,,manual,https://www.openstreetmap.org/way/30637543
way,30658983,apartments,283.0,51.189794,71.417627,151.3,,manual,https://www.openstreetmap.org/way/30658983
way,1425752349,construction,3653.0,51.135808,71.388005,151.1,,manual,https://www.openstreetmap.org/way/1425752349
way,1179897350,industrial,22785.0,51.131737,71.606797,150.9,,manual,https://www.openstreetmap.org/way/1179897350
way,242016637,residential,187.0,51.196332,71.43882,150.5,,manual,https://www.openstreetmap.org/way/242016637
way,1431546731,construction,3609.0,51.080238,71.438674,150.2,,manual,https://www.openstreetmap.org/way/1431546731
way,230361895,commercial,2503.0,51.131092,71.418525,150.1,,manual,https://www.openstreetmap.org/way/230361895
way,243053617,residential,186.0,51.139497,71.43808,150.1,,manual,https://www.openstreetmap.org/way/243053617
way,158630918,apartments,277.0,51.16078,71.425666,149.9,,manual,https://www.openstreetmap.org/way/158630918
way,1475405553,construction,3579.0,51.116319,71.462304,149.6,,manual,https://www.openstreetmap.org/way/1475405553
way,1479592251,construction,3575.0,51.147531,71.35862,149.5,,manual,https://www.openstreetmap.org/way/1479592251
way,1424101223,construction,3570.0,51.114962,71.495302,149.4,,manual,https://www.openstreetmap.org/way/1424101223
way,241090081,school,1393.0,51.17773,71.391662,149.3,,manual,https://www.openstreetmap.org/way/241090081
way,1096315276,school,1391.0,51.132584,71.389975,149.2,,manual,https://www.openstreetmap.org/way/1096315276
way,1431748350,construction,3555.0,51.165171,71.389857,149.1,,manual,https://www.openstreetmap.org/way/1431748350
way,1424659296,construction,3549.0,51.130129,71.460811,148.9,,manual,https://www.openstreetmap.org/way/1424659296
way,1214266399,industrial,22032.0,51.157639,71.541287,148.4,,manual,https://www.openstreetmap.org/way/1214266399
way,566005454,residential,182.0,51.184505,71.365114,148.4,,manual,https://www.openstreetmap.org/way/566005454
way,30659020,apartments,271.0,51.194401,71.399124,148.2,,manual,https://www.openstreetmap.org/way/30659020
way,1430345319,construction,3510.0,51.118074,71.491263,148.1,,manual,https://www.openstreetmap.org/way/1430345319
way,1217234030,yes,21692.0,51.229161,71.359524,147.3,,manual,https://www.openstreetmap.org/way/1217234030
way,1484250141,train_station,2406.0,51.106054,71.408995,147.2,,manual,https://www.openstreetmap.org/way/1484250141
way,240938595,apartments,263.0,51.163012,71.420588,145.9,,manual,https://www.openstreetmap.org/way/240938595
way,1088181986,office,848.0,51.16849,71.414315,145.6,,manual,https://www.openstreetmap.org/way/1088181986
way,1392843748,commercial,2356.0,51.112268,71.403658,145.6,,manual,https://www.openstreetmap.org/way/1392843748
way,1337015103,yes,21105.0,51.035822,71.460435,145.3,,manual,https://www.openstreetmap.org/way/1337015103
way,217676871,yes,20933.0,51.151668,71.451224,144.7,,manual,https://www.openstreetmap.org/way/217676871
way,566005463,residential,173.0,51.185816,71.367508,144.5,,manual,https://www.openstreetmap.org/way/566005463
way,1431546749,construction,3333.0,51.169036,71.369726,144.3,,manual,https://www.openstreetmap.org/way/1431546749
way,1477798381,construction,3328.0,51.101342,71.380306,144.2,,manual,https://www.openstreetmap.org/way/1477798381
way,1430229097,construction,3314.0,51.114045,71.474346,143.9,,manual,https://www.openstreetmap.org/way/1430229097
way,727378022,hangar,1280.0,51.203715,71.438268,143.1,,manual,https://www.openstreetmap.org/way/727378022
way,1424102500,construction,3249.0,51.115776,71.522005,142.5,,manual,https://www.openstreetmap.org/way/1424102500
way,1431748355,construction,3240.0,51.164753,71.394778,142.3,,manual,https://www.openstreetmap.org/way/1431748355
way,216575959,industrial,19973.0,51.197697,71.436542,141.3,,manual,https://www.openstreetmap.org/way/216575959
way,1546810616,construction,3184.0,51.086628,71.38021,141.1,,manual,https://www.openstreetmap.org/way/1546810616
way,1089701447,university,791.0,51.089789,71.399724,140.6,,manual,https://www.openstreetmap.org/way/1089701447
way,1089701448,university,791.0,51.089914,71.398824,140.6,,manual,https://www.openstreetmap.org/way/1089701448
way,1089701449,university,791.0,51.090047,71.397939,140.6,,manual,https://www.openstreetmap.org/way/1089701449
way,1089701450,university,790.0,51.090176,71.397037,140.6,,manual,https://www.openstreetmap.org/way/1089701450
way,258536494,yes,19746.0,51.186427,71.487201,140.5,,manual,https://www.openstreetmap.org/way/258536494
way,30659049,apartments,243.0,51.199081,71.389205,140.3,,manual,https://www.openstreetmap.org/way/30659049
way,1431630904,construction,3140.0,51.102235,71.502748,140.1,,manual,https://www.openstreetmap.org/way/1431630904
way,240873345,yes,19559.0,51.120774,71.472046,139.9,,manual,https://www.openstreetmap.org/way/240873345
way,262348687,retail,4880.0,51.201701,71.485433,139.7,,manual,https://www.openstreetmap.org/way/262348687
way,257962278,residential,160.0,51.178079,71.365128,139.3,,manual,https://www.openstreetmap.org/way/257962278
way,647598338,residential,160.0,51.178132,71.364913,139.3,,manual,https://www.openstreetmap.org/way/647598338
way,1430345314,construction,3096.0,51.119981,71.495579,139.1,,manual,https://www.openstreetmap.org/way/1430345314
way,1546902184,construction,3073.0,51.08062,71.43773,138.6,,manual,https://www.openstreetmap.org/way/1546902184
way,1424200260,construction,3062.0,51.121852,71.360554,138.3,,manual,https://www.openstreetmap.org/way/1424200260
way,1424115296,construction,3050.0,51.1257,71.419169,138.1,,manual,https://www.openstreetmap.org/way/1424115296
way,419217661,yes,18921.0,51.057857,71.38851,137.6,,manual,https://www.openstreetmap.org/way/419217661
way,1475412153,construction,3015.0,51.099594,71.446819,137.3,,manual,https://www.openstreetmap.org/way/1475412153
way,1424107146,construction,3001.0,51.098066,71.44506,137.0,,manual,https://www.openstreetmap.org/way/1424107146
way,261127135,apartments,231.0,51.183555,71.423124,136.8,,manual,https://www.openstreetmap.org/way/261127135
way,1546810617,construction,2964.0,51.086108,71.381018,136.1,,manual,https://www.openstreetmap.org/way/1546810617
way,236522907,school,1157.0,51.190739,71.402053,136.1,,manual,https://www.openstreetmap.org/way/236522907
way,30658979,apartments,227.0,51.190418,71.419855,135.6,,manual,https://www.openstreetmap.org/way/30658979
way,1424107151,construction,2937.0,51.100504,71.446117,135.5,,manual,https://www.openstreetmap.org/way/1424107151
way,1505049426,construction,2900.0,51.122507,71.360599,134.6,,manual,https://www.openstreetmap.org/way/1505049426
way,1076838435,office,725.0,51.127011,71.398666,134.6,,manual,https://www.openstreetmap.org/way/1076838435
way,1547172046,construction,2900.0,51.119741,71.374393,134.6,,manual,https://www.openstreetmap.org/way/1547172046
way,1546911817,construction,2889.0,51.054438,71.42847,134.4,,manual,https://www.openstreetmap.org/way/1546911817
way,1381418251,construction,2889.0,51.11882,71.472349,134.4,,manual,https://www.openstreetmap.org/way/1381418251
way,1546918594,construction,2877.0,51.090896,71.491025,134.1,,manual,https://www.openstreetmap.org/way/1546918594
way,314995458,school,1123.0,51.122295,71.403818,134.1,,manual,https://www.openstreetmap.org/way/314995458
way,1425752347,construction,2873.0,51.137947,71.387906,134.0,,manual,https://www.openstreetmap.org/way/1425752347
way,1425752342,construction,2873.0,51.13681,71.387331,134.0,,manual,https://www.openstreetmap.org/way/1425752342
way,166500591,yes,17952.0,51.027984,71.463088,134.0,,manual,https://www.openstreetmap.org/way/166500591
way,258536530,yes,17949.0,51.189971,71.476777,134.0,,manual,https://www.openstreetmap.org/way/258536530
way,1424200267,construction,2818.0,51.12442,71.357709,132.7,,manual,https://www.openstreetmap.org/way/1424200267
way,1424200268,construction,2809.0,51.123785,71.356715,132.5,,manual,https://www.openstreetmap.org/way/1424200268
way,258536522,yes,17548.0,51.186052,71.480744,132.5,,manual,https://www.openstreetmap.org/way/258536522
way,1479984347,construction,2807.0,51.0802,71.431866,132.5,,manual,https://www.openstreetmap.org/way/1479984347
way,258904680,hangar,1087.0,51.211546,71.33996,131.9,,manual,https://www.openstreetmap.org/way/258904680
way,258536438,yes,17351.0,51.19342,71.468323,131.7,,manual,https://www.openstreetmap.org/way/258536438
way,1431630878,construction,2775.0,51.155221,71.369353,131.7,,manual,https://www.openstreetmap.org/way/1431630878
way,499634286,residential,143.0,51.110541,71.650079,131.6,,manual,https://www.openstreetmap.org/way/499634286
way,1546902182,construction,2770.0,51.08152,71.420432,131.6,,manual,https://www.openstreetmap.org/way/1546902182
way,1424200262,construction,2764.0,51.121851,71.363271,131.4,,manual,https://www.openstreetmap.org/way/1424200262
way,1390487910,retail,4309.0,51.115633,71.492226,131.3,,manual,https://www.openstreetmap.org/way/1390487910
way,1547172047,construction,2730.0,51.120077,71.371715,130.6,,manual,https://www.openstreetmap.org/way/1547172047
way,1547172044,construction,2730.0,51.119419,71.376866,130.6,,manual,https://www.openstreetmap.org/way/1547172044
way,1551511752,construction,2719.0,51.10526,71.44988,130.4,,manual,https://www.openstreetmap.org/way/1551511752
way,1337015104,yes,16821.0,51.038448,71.4657,129.7,,manual,https://www.openstreetmap.org/way/1337015104
way,1547293576,construction,2673.0,51.129258,71.304657,129.3,,manual,https://www.openstreetmap.org/way/1547293576
way,1381418247,yes,16582.0,51.118184,71.469039,128.8,,manual,https://www.openstreetmap.org/way/1381418247
way,1547179243,construction,2653.0,51.137198,71.361999,128.8,,manual,https://www.openstreetmap.org/way/1547179243
way,1479984348,construction,2650.0,51.079831,71.433344,128.7,,manual,https://www.openstreetmap.org/way/1479984348
way,915690898,retail,4124.0,51.11844,71.416192,128.4,,manual,https://www.openstreetmap.org/way/915690898
way,30637425,government,814.0,51.18335,71.416003,128.4,,manual,https://www.openstreetmap.org/way/30637425
way,693674915,commercial,1826.0,51.091359,71.426585,128.2,,manual,https://www.openstreetmap.org/way/693674915
way,1546900034,construction,2622.0,51.060687,71.391185,128.0,,manual,https://www.openstreetmap.org/way/1546900034
way,243301736,office,653.0,51.13609,71.431448,127.8,,manual,https://www.openstreetmap.org/way/243301736
way,1287990495,construction,2608.0,51.125833,71.421153,127.7,,manual,https://www.openstreetmap.org/way/1287990495
way,1479585654,construction,2595.0,51.126896,71.368629,127.4,,manual,https://www.openstreetmap.org/way/1479585654
way,258536513,yes,16184.0,51.192598,71.478545,127.2,,manual,https://www.openstreetmap.org/way/258536513
way,566005459,residential,133.0,51.18252,71.373762,127.1,,manual,https://www.openstreetmap.org/way/566005459
way,166500593,airport_terminal,15665.0,51.026984,71.460616,125.2,,manual,https://www.openstreetmap.org/way/166500593
way,1479592245,construction,2455.0,51.130863,71.362322,123.9,,manual,https://www.openstreetmap.org/way/1479592245
way,921923801,yes,15332.0,51.169391,71.499816,123.8,,manual,https://www.openstreetmap.org/way/921923801
way,158630887,apartments,189.0,51.160953,71.425177,123.8,,manual,https://www.openstreetmap.org/way/158630887
way,917348941,government,755.0,51.127421,71.476064,123.6,,manual,https://www.openstreetmap.org/way/917348941
way,30659019,apartments,188.0,51.194463,71.399483,123.5,,manual,https://www.openstreetmap.org/way/30659019
way,1479585655,construction,2442.0,51.127255,71.370264,123.5,,manual,https://www.openstreetmap.org/way/1479585655
way,1337015105,construction,2435.0,51.037244,71.46316,123.4,,manual,https://www.openstreetmap.org/way/1337015105
way,486561790,commercial,1681.0,51.12119,71.428602,123.0,,manual,https://www.openstreetmap.org/way/486561790
way,1424189334,construction,2417.0,51.121237,71.382309,122.9,,manual,https://www.openstreetmap.org/way/1424189334
way,1443454473,construction,2403.0,51.08162,71.493894,122.6,,manual,https://www.openstreetmap.org/way/1443454473
way,1431634816,construction,2393.0,51.073426,71.395295,122.3,,manual,https://www.openstreetmap.org/way/1431634816
way,1546900033,construction,2393.0,51.060698,71.390632,122.3,,manual,https://www.openstreetmap.org/way/1546900033
way,701741523,hangar,926.0,51.046455,71.445069,121.7,,manual,https://www.openstreetmap.org/way/701741523
way,425276280,office,592.0,51.115244,71.414627,121.6,,manual,https://www.openstreetmap.org/way/425276280
way,566005466,residential,122.0,51.183829,71.36642,121.4,,manual,https://www.openstreetmap.org/way/566005466
way,1433402651,construction,2351.0,51.142433,71.384332,121.2,,manual,https://www.openstreetmap.org/way/1433402651
way,566005460,residential,121.0,51.183664,71.370071,121.0,,manual,https://www.openstreetmap.org/way/566005460
way,1479984362,construction,2341.0,51.067834,71.424872,120.9,,manual,https://www.openstreetmap.org/way/1479984362
way,965416856,residential,120.0,51.081598,71.395724,120.7,,manual,https://www.openstreetmap.org/way/965416856
way,915690899,construction,2328.0,51.118883,71.416366,120.6,,manual,https://www.openstreetmap.org/way/915690899
way,506219808,yes,14484.0,51.173699,71.526236,120.3,,manual,https://www.openstreetmap.org/way/506219808
way,1373679757,construction,2316.0,51.073902,71.425605,120.3,,manual,https://www.openstreetmap.org/way/1373679757
way,1424200264,construction,2313.0,51.119516,71.360672,120.2,,manual,https://www.openstreetmap.org/way/1424200264
way,1547019953,construction,2312.0,51.113995,71.55222,120.2,,manual,https://www.openstreetmap.org/way/1547019953
way,1547019956,construction,2312.0,51.113741,71.553794,120.2,,manual,https://www.openstreetmap.org/way/1547019956
way,1103224585,construction,2312.0,51.086363,71.422467,120.2,,manual,https://www.openstreetmap.org/way/1103224585
way,243299288,industrial,14206.0,51.21568,71.350165,119.2,,manual,https://www.openstreetmap.org/way/243299288
way,1105250606,construction,2251.0,51.174915,71.367075,118.6,,manual,https://www.openstreetmap.org/way/1105250606
way,566005464,residential,116.0,51.184564,71.366575,118.5,,manual,https://www.openstreetmap.org/way/566005464
way,727378020,hangar,877.0,51.224665,71.391945,118.4,,manual,https://www.openstreetmap.org/way/727378020
way,1105250607,construction,2241.0,51.174433,71.365781,118.4,,manual,https://www.openstreetmap.org/way/1105250607
way,258536377,yes,13999.0,51.188583,71.489993,118.3,,manual,https://www.openstreetmap.org/way/258536377
way,1424200261,construction,2239.0,51.122027,71.361496,118.3,,manual,https://www.openstreetmap.org/way/1424200261
way,51405918,yes,13993.0,51.16898,71.467291,118.3,,manual,https://www.openstreetmap.org/way/51405918
way,1431748344,construction,2212.0,51.154658,71.363417,117.6,,manual,https://www.openstreetmap.org/way/1431748344
way,1547019970,construction,2204.0,51.130205,71.543501,117.4,,manual,https://www.openstreetmap.org/way/1547019970
way,1547172049,construction,2188.0,51.120934,71.373616,116.9,,manual,https://www.openstreetmap.org/way/1547172049
way,917478479,civic,13657.0,51.13546,71.410659,116.9,,manual,https://www.openstreetmap.org/way/917478479
way,701741520,hangar,851.0,51.046035,71.444415,116.7,,manual,https://www.openstreetmap.org/way/701741520
way,1424189335,construction,2152.0,51.120612,71.382138,116.0,,manual,https://www.openstreetmap.org/way/1424189335
way,701741517,hangar,840.0,51.045629,71.443759,116.0,,manual,https://www.openstreetmap.org/way/701741517
way,1546902183,construction,2148.0,51.080764,71.436136,115.9,,manual,https://www.openstreetmap.org/way/1546902183
way,1458289099,construction,2147.0,51.116974,71.509828,115.8,,manual,https://www.openstreetmap.org/way/1458289099
way,1096313739,construction,2147.0,51.119423,71.39674,115.8,,manual,https://www.openstreetmap.org/way/1096313739
way,1100946233,construction,2147.0,51.100166,71.434383,115.8,,manual,https://www.openstreetmap.org/way/1100946233
way,701741519,hangar,838.0,51.045895,71.444184,115.8,,manual,https://www.openstreetmap.org/way/701741519
way,1531630233,construction,2144.0,51.122526,71.257223,115.8,,manual,https://www.openstreetmap.org/way/1531630233
way,701741518,hangar,835.0,51.04576,71.443967,115.6,,manual,https://www.openstreetmap.org/way/701741518
way,241130687,construction,2133.0,51.176325,71.406841,115.5,,manual,https://www.openstreetmap.org/way/241130687
way,1113747485,construction,2130.0,51.113725,71.465616,115.4,,manual,https://www.openstreetmap.org/way/1113747485
way,1459987177,yes,13306.0,51.133184,71.598449,115.4,,manual,https://www.openstreetmap.org/way/1459987177
way,1551295028,construction,2129.0,51.137619,71.37494,115.3,,manual,https://www.openstreetmap.org/way/1551295028
relation,8466825,yes,13271.0,51.128426,71.435346,115.2,,manual,https://www.openstreetmap.org/relation/8466825
way,1431748346,construction,2123.0,51.154943,71.364478,115.2,,manual,https://www.openstreetmap.org/way/1431748346
way,1424107150,construction,2119.0,51.100648,71.444707,115.1,,manual,https://www.openstreetmap.org/way/1424107150
way,1425752337,construction,2117.0,51.135436,71.394634,115.0,,manual,https://www.openstreetmap.org/way/1425752337
way,454602482,industrial,13207.0,51.189331,71.317058,114.9,,manual,https://www.openstreetmap.org/way/454602482
way,921923775,yes,13152.0,51.157599,71.532507,114.7,,manual,https://www.openstreetmap.org/way/921923775
way,240316532,construction,2100.0,51.169827,71.449598,114.6,,manual,https://www.openstreetmap.org/way/240316532
way,701741521,hangar,818.0,51.046178,71.444643,114.4,,manual,https://www.openstreetmap.org/way/701741521
way,701741522,hangar,812.0,51.046319,71.444864,114.0,,manual,https://www.openstreetmap.org/way/701741522
way,258628222,yes,12989.0,51.190447,71.505729,114.0,,manual,https://www.openstreetmap.org/way/258628222
way,1424189347,construction,2072.0,51.119222,71.379317,113.8,,manual,https://www.openstreetmap.org/way/1424189347
way,1424189352,construction,2072.0,51.120846,71.379903,113.8,,manual,https://www.openstreetmap.org/way/1424189352
way,1424189344,construction,2071.0,51.118935,71.381573,113.8,,manual,https://www.openstreetmap.org/way/1424189344
way,566005462,residential,107.0,51.185642,71.367579,113.7,,manual,https://www.openstreetmap.org/way/566005462
way,1460537088,civic,12777.0,51.122748,71.441967,113.0,,manual,https://www.openstreetmap.org/way/1460537088
way,1430333629,construction,2038.0,51.135294,71.47181,112.9,,manual,https://www.openstreetmap.org/way/1430333629
way,257962277,residential,105.0,51.178086,71.366205,112.8,,manual,https://www.openstreetmap.org/way/257962277
way,701741516,hangar,796.0,51.045506,71.443539,112.8,,manual,https://www.openstreetmap.org/way/701741516
way,1424200266,construction,2034.0,51.127248,71.357706,112.8,,manual,https://www.openstreetmap.org/way/1424200266
way,1431748351,construction,2034.0,51.165271,71.388624,112.8,,manual,https://www.openstreetmap.org/way/1431748351
way,577081148,yes,12685.0,51.159458,71.403233,112.6,,manual,https://www.openstreetmap.org/way/577081148
way,1431748341,construction,2025.0,51.160843,71.371227,112.5,,manual,https://www.openstreetmap.org/way/1431748341
way,216575957,yes,12640.0,51.192167,71.44087,112.4,,manual,https://www.openstreetmap.org/way/216575957
way,1431748348,construction,2020.0,51.170001,71.377491,112.4,,manual,https://www.openstreetmap.org/way/1431748348
way,1431748347,construction,2020.0,51.169404,71.37732,112.4,,manual,https://www.openstreetmap.org/way/1431748347
way,1425752346,construction,2018.0,51.134085,71.388479,112.3,,manual,https://www.openstreetmap.org/way/1425752346
way,1301973767,construction,2018.0,51.132041,71.417466,112.3,,manual,https://www.openstreetmap.org/way/1301973767
way,1551508781,construction,2016.0,51.100547,71.442032,112.2,,manual,https://www.openstreetmap.org/way/1551508781
way,1113747480,construction,2007.0,51.112347,71.465067,112.0,,manual,https://www.openstreetmap.org/way/1113747480
way,313689004,university,501.0,51.186696,71.412075,112.0,,manual,https://www.openstreetmap.org/way/313689004
way,1547179247,construction,2000.0,51.142299,71.360363,111.8,,manual,https://www.openstreetmap.org/way/1547179247
way,963855443,yes,12487.0,51.114744,71.442118,111.7,,manual,https://www.openstreetmap.org/way/963855443
way,1478769299,construction,1996.0,51.098492,71.380432,111.7,,manual,https://www.openstreetmap.org/way/1478769299
way,1425748336,construction,1984.0,51.134605,71.400262,111.4,,manual,https://www.openstreetmap.org/way/1425748336
way,1424189343,construction,1957.0,51.119588,71.381808,110.6,,manual,https://www.openstreetmap.org/way/1424189343
way,1424189348,construction,1957.0,51.119878,71.379529,110.6,,manual,https://www.openstreetmap.org/way/1424189348
way,1424189351,construction,1957.0,51.121572,71.380167,110.6,,manual,https://www.openstreetmap.org/way/1424189351
way,727378016,hangar,764.0,51.228536,71.399452,110.6,,manual,https://www.openstreetmap.org/way/727378016
way,216575995,industrial,12219.0,51.20092,71.443439,110.5,,manual,https://www.openstreetmap.org/way/216575995
way,1505049427,construction,1952.0,51.127154,71.358763,110.5,,manual,https://www.openstreetmap.org/way/1505049427
way,1547179254,construction,1944.0,51.145851,71.364824,110.2,,manual,https://www.openstreetmap.org/way/1547179254
way,1479491290,construction,1941.0,51.123377,71.360289,110.1,,manual,https://www.openstreetmap.org/way/1479491290
way,1425748345,construction,1937.0,51.137707,71.392528,110.0,,manual,https://www.openstreetmap.org/way/1425748345
way,1431546747,construction,1925.0,51.168185,71.37372,109.7,,manual,https://www.openstreetmap.org/way/1431546747
way,1094119005,office,481.0,51.176703,71.427392,109.7,,manual,https://www.openstreetmap.org/way/1094119005
way,1479488240,construction,1919.0,51.099536,71.391342,109.5,,manual,https://www.openstreetmap.org/way/1479488240
way,258628268,yes,11986.0,51.186356,71.515146,109.5,,manual,https://www.openstreetmap.org/way/258628268
way,727378019,hangar,747.0,51.224735,71.394653,109.3,,manual,https://www.openstreetmap.org/way/727378019
way,1179763048,residential,99.0,51.111026,71.647165,109.3,,manual,https://www.openstreetmap.org/way/1179763048
way,1430229098,construction,1910.0,51.114529,71.478637,109.2,,manual,https://www.openstreetmap.org/way/1430229098
way,1430229099,construction,1910.0,51.114296,71.480488,109.2,,manual,https://www.openstreetmap.org/way/1430229099
way,243183928,kindergarten,2951.0,51.145121,71.402392,108.6,,manual,https://www.openstreetmap.org/way/243183928
way,917251135,retail,2934.0,51.126869,71.399492,108.3,,manual,https://www.openstreetmap.org/way/917251135
way,1103224584,construction,1872.0,51.08766,71.422992,108.2,,manual,https://www.openstreetmap.org/way/1103224584
way,426105079,yes,11686.0,51.165809,71.538714,108.1,,manual,https://www.openstreetmap.org/way/426105079
way,1373679760,construction,1862.0,51.074117,71.424541,107.9,,manual,https://www.openstreetmap.org/way/1373679760
way,1337323101,retail,2893.0,51.165192,71.429629,107.6,,manual,https://www.openstreetmap.org/way/1337323101
way,1479491289,construction,1850.0,51.123985,71.361305,107.5,,manual,https://www.openstreetmap.org/way/1479491289
way,1479984374,construction,1841.0,51.143594,71.372544,107.3,,manual,https://www.openstreetmap.org/way/1479984374
way,1546911808,construction,1839.0,51.063449,71.422254,107.2,,manual,https://www.openstreetmap.org/way/1546911808
way,1431630877,construction,1835.0,51.155203,71.370388,107.1,,manual,https://www.openstreetmap.org/way/1431630877
way,1471583022,construction,1829.0,51.102809,71.443577,106.9,,manual,https://www.openstreetmap.org/way/1471583022
way,1471583023,construction,1829.0,51.101888,71.443305,106.9,,manual,https://www.openstreetmap.org/way/1471583023
way,1471583024,construction,1829.0,51.103354,71.444473,106.9,,manual,https://www.openstreetmap.org/way/1471583024
way,1430317357,construction,1828.0,51.125247,71.411861,106.9,,manual,https://www.openstreetmap.org/way/1430317357
way,1424659302,construction,1826.0,51.129564,71.463825,106.8,,manual,https://www.openstreetmap.org/way/1424659302
way,1546911807,construction,1817.0,51.062711,71.422978,106.6,,manual,https://www.openstreetmap.org/way/1546911807
way,1117038178,yes,11309.0,51.136268,71.570506,106.3,,manual,https://www.openstreetmap.org/way/1117038178
way,1522475773,yes,11229.0,51.164436,71.523669,106.0,,manual,https://www.openstreetmap.org/way/1522475773
way,1546918598,construction,1795.0,51.09886,71.508637,105.9,,manual,https://www.openstreetmap.org/way/1546918598
way,1425748344,construction,1794.0,51.137931,71.390859,105.9,,manual,https://www.openstreetmap.org/way/1425748344
way,30637433,apartments,138.0,51.18399,71.419294,105.9,,manual,https://www.openstreetmap.org/way/30637433
way,1430333631,construction,1787.0,51.114358,71.46026,105.7,,manual,https://www.openstreetmap.org/way/1430333631
way,1547024756,construction,1783.0,51.12092,71.362323,105.6,,manual,https://www.openstreetmap.org/way/1547024756
way,1547024203,construction,1782.0,51.109149,71.366911,105.5,,manual,https://www.openstreetmap.org/way/1547024203
way,1096313737,construction,1772.0,51.119407,71.395487,105.2,,manual,https://www.openstreetmap.org/way/1096313737
way,1551508780,construction,1760.0,51.100727,71.442964,104.9,,manual,https://www.openstreetmap.org/way/1551508780
way,1546297154,construction,1746.0,51.149046,71.439757,104.5,,manual,https://www.openstreetmap.org/way/1546297154
way,1431630906,construction,1733.0,51.092243,71.491829,104.1,,manual,https://www.openstreetmap.org/way/1431630906
way,1424189371,construction,1726.0,51.127475,71.390508,103.9,,manual,https://www.openstreetmap.org/way/1424189371
way,1431546729,construction,1722.0,51.106326,71.357076,103.7,,manual,https://www.openstreetmap.org/way/1431546729
way,1420121774,construction,1720.0,51.077347,71.431009,103.7,,manual,https://www.openstreetmap.org/way/1420121774
way,1424101221,construction,1718.0,51.140126,71.443968,103.6,,manual,https://www.openstreetmap.org/way/1424101221
way,1547354175,construction,1716.0,51.036332,71.463014,103.6,,manual,https://www.openstreetmap.org/way/1547354175
way,1431634821,construction,1702.0,51.074418,71.390728,103.1,,manual,https://www.openstreetmap.org/way/1431634821
way,1431546730,construction,1685.0,51.080277,71.43979,102.6,,manual,https://www.openstreetmap.org/way/1431546730
way,559386251,kindergarten,2632.0,51.137051,71.474608,102.6,,manual,https://www.openstreetmap.org/way/559386251
way,424894906,kindergarten,2627.0,51.10136,71.455768,102.5,,manual,https://www.openstreetmap.org/way/424894906
way,1424200247,construction,1676.0,51.120208,71.391823,102.4,,manual,https://www.openstreetmap.org/way/1424200247
way,1479984370,construction,1667.0,51.146054,71.368796,102.1,,manual,https://www.openstreetmap.org/way/1479984370
way,30014172,college,844.0,51.189422,71.40818,101.7,,manual,https://www.openstreetmap.org/way/30014172
way,242016636,yes,10339.0,51.168177,71.486583,101.7,,manual,https://www.openstreetmap.org/way/242016636
way,1424189372,construction,1650.0,51.127272,71.392151,101.6,,manual,https://www.openstreetmap.org/way/1424189372
way,1547179237,construction,1640.0,51.131327,71.357749,101.2,,manual,https://www.openstreetmap.org/way/1547179237
way,622666438,construction,1639.0,51.159371,71.454406,101.2,,manual,https://www.openstreetmap.org/way/622666438
way,1479984372,construction,1633.0,51.143967,71.369915,101.0,,manual,https://www.openstreetmap.org/way/1479984372
way,230414671,kindergarten,2547.0,51.116184,71.421142,100.9,,manual,https://www.openstreetmap.org/way/230414671
way,1425752340,construction,1627.0,51.132891,71.384141,100.8,,manual,https://www.openstreetmap.org/way/1425752340
way,1547019955,construction,1625.0,51.113145,71.553572,100.8,,manual,https://www.openstreetmap.org/way/1547019955
way,1547019951,construction,1625.0,51.11322,71.551931,100.8,,manual,https://www.openstreetmap.org/way/1547019951
way,1546904914,construction,1619.0,51.079941,71.488641,100.6,,manual,https://www.openstreetmap.org/way/1546904914
way,1546904915,construction,1619.0,51.07999,71.489561,100.6,,manual,https://www.openstreetmap.org/way/1546904915
way,1105250664,yes,10076.0,51.147243,71.351531,100.4,,manual,https://www.openstreetmap.org/way/1105250664
way,1081420769,yes,10022.0,51.069779,71.386955,100.1,,manual,https://www.openstreetmap.org/way/1081420769
way,426105040,yes,9990.0,51.158269,71.531063,99.9,,manual,https://www.openstreetmap.org/way/426105040
way,1547019952,construction,1596.0,51.113623,71.552252,99.9,,manual,https://www.openstreetmap.org/way/1547019952
way,1102228687,pavilion,1103.0,51.128935,71.256454,99.6,,manual,https://www.openstreetmap.org/way/1102228687
way,1109634494,yes,9922.0,51.178099,71.511979,99.6,,manual,https://www.openstreetmap.org/way/1109634494
way,1179971326,yes,9907.0,51.162265,71.537638,99.5,,manual,https://www.openstreetmap.org/way/1179971326
way,1425752341,construction,1579.0,51.133,71.385395,99.3,,manual,https://www.openstreetmap.org/way/1425752341
way,921923777,yes,9859.0,51.158633,71.526779,99.3,,manual,https://www.openstreetmap.org/way/921923777
way,30014327,university,394.0,51.187231,71.412455,99.3,,manual,https://www.openstreetmap.org/way/30014327
way,1547354176,construction,1575.0,51.03506,71.459006,99.2,,manual,https://www.openstreetmap.org/way/1547354176
way,1425748347,construction,1558.0,51.137134,71.392076,98.7,,manual,https://www.openstreetmap.org/way/1425748347
way,1379381270,construction,1556.0,51.080258,71.391281,98.6,,manual,https://www.openstreetmap.org/way/1379381270
way,241130720,kindergarten,2427.0,51.173086,71.382711,98.5,,manual,https://www.openstreetmap.org/way/241130720
way,1547024202,construction,1543.0,51.1082,71.366611,98.2,,manual,https://www.openstreetmap.org/way/1547024202
way,1431748342,construction,1540.0,51.161934,71.370746,98.1,,manual,https://www.openstreetmap.org/way/1431748342
way,243183903,kindergarten,2397.0,51.143448,71.39363,97.9,,manual,https://www.openstreetmap.org/way/243183903
way,1548133820,construction,1529.0,51.102442,71.388884,97.8,,manual,https://www.openstreetmap.org/way/1548133820
way,242364773,yes,9542.0,51.153329,71.419303,97.7,,manual,https://www.openstreetmap.org/way/242364773
way,1547182239,construction,1525.0,51.152902,71.346751,97.6,,manual,https://www.openstreetmap.org/way/1547182239
way,1547182240,construction,1525.0,51.152555,71.348758,97.6,,manual,https://www.openstreetmap.org/way/1547182240
way,1547182242,construction,1524.0,51.15295,71.349034,97.6,,manual,https://www.openstreetmap.org/way/1547182242
way,1547182241,construction,1524.0,51.153297,71.347041,97.6,,manual,https://www.openstreetmap.org/way/1547182241
way,243067471,kindergarten,2368.0,51.172255,71.369115,97.3,,manual,https://www.openstreetmap.org/way/243067471
way,1431630907,construction,1515.0,51.092367,71.492513,97.3,,manual,https://www.openstreetmap.org/way/1431630907
way,917348874,yes,9405.0,51.123757,71.488118,97.0,,manual,https://www.openstreetmap.org/way/917348874
way,1113747467,construction,1499.0,51.111164,71.464635,96.8,,manual,https://www.openstreetmap.org/way/1113747467
way,516844854,yes,9328.0,51.165345,71.537512,96.6,,manual,https://www.openstreetmap.org/way/516844854
way,1443454474,construction,1479.0,51.081469,71.495186,96.2,,manual,https://www.openstreetmap.org/way/1443454474
way,166500585,yes,9236.0,51.032137,71.470011,96.1,,manual,https://www.openstreetmap.org/way/166500585
way,506219755,yes,9209.0,51.177984,71.50209,96.0,,manual,https://www.openstreetmap.org/way/506219755
way,1547024204,construction,1472.0,51.107552,71.367057,95.9,,manual,https://www.openstreetmap.org/way/1547024204
way,1534637209,construction,1471.0,51.080764,71.38153,95.9,,manual,https://www.openstreetmap.org/way/1534637209
way,1547024206,construction,1470.0,51.109063,71.367457,95.9,,manual,https://www.openstreetmap.org/way/1547024206
way,1076779828,yes,9187.0,51.035696,71.416009,95.8,,manual,https://www.openstreetmap.org/way/1076779828
way,1424115297,construction,1468.0,51.124948,71.420871,95.8,,manual,https://www.openstreetmap.org/way/1424115297
way,1547024755,construction,1466.0,51.120951,71.358837,95.7,,manual,https://www.openstreetmap.org/way/1547024755
way,241490659,retail,2277.0,51.148411,71.485412,95.4,,manual,https://www.openstreetmap.org/way/241490659
way,1546902180,construction,1455.0,51.075081,71.395504,95.4,,manual,https://www.openstreetmap.org/way/1546902180
way,1113747464,construction,1446.0,51.110285,71.464302,95.1,,manual,https://www.openstreetmap.org/way/1113747464
way,258628245,yes,9022.0,51.166503,71.52699,95.0,,manual,https://www.openstreetmap.org/way/258628245
way,1478769298,construction,1441.0,51.098106,71.381424,94.9,,manual,https://www.openstreetmap.org/way/1478769298
way,1104766560,yes,8980.0,51.16711,71.541121,94.8,,manual,https://www.openstreetmap.org/way/1104766560
way,1547172045,construction,1426.0,51.119514,71.377731,94.4,,manual,https://www.openstreetmap.org/way/1547172045
way,1547172048,construction,1426.0,51.120172,71.37258,94.4,,manual,https://www.openstreetmap.org/way/1547172048
way,1424107153,construction,1424.0,51.101279,71.448022,94.3,,manual,https://www.openstreetmap.org/way/1424107153
way,1100946234,construction,1421.0,51.10064,71.434591,94.2,,manual,https://www.openstreetmap.org/way/1100946234
way,1546810619,construction,1413.0,51.079267,71.38218,94.0,,manual,https://www.openstreetmap.org/way/1546810619
way,1133793019,yes,8811.0,51.116179,71.39266,93.9,,manual,https://www.openstreetmap.org/way/1133793019
way,361553955,commercial,979.0,51.180186,71.391352,93.9,,manual,https://www.openstreetmap.org/way/361553955
way,426105073,yes,8807.0,51.160639,71.525577,93.8,,manual,https://www.openstreetmap.org/way/426105073
way,1479984360,construction,1409.0,51.068481,71.424825,93.8,,manual,https://www.openstreetmap.org/way/1479984360
way,320842134,yes,8769.0,51.202543,71.491589,93.6,,manual,https://www.openstreetmap.org/way/320842134
way,166500594,yes,8745.0,51.032969,71.471704,93.5,,manual,https://www.openstreetmap.org/way/166500594
way,1425752335,construction,1396.0,51.1361,71.395054,93.4,,manual,https://www.openstreetmap.org/way/1425752335
way,1546810620,construction,1396.0,51.079235,71.383588,93.4,,manual,https://www.openstreetmap.org/way/1546810620
relation,7472688,yes,8656.0,51.096242,71.42989,93.0,,manual,https://www.openstreetmap.org/relation/7472688
way,727378012,hangar,539.0,51.221491,71.40828,92.9,,manual,https://www.openstreetmap.org/way/727378012
way,455503380,construction,1377.0,51.120317,71.421434,92.8,,manual,https://www.openstreetmap.org/way/455503380
way,1116691123,kindergarten,2146.0,51.115514,71.243191,92.6,,manual,https://www.openstreetmap.org/way/1116691123
way,1430333632,construction,1372.0,51.114994,71.461283,92.6,,manual,https://www.openstreetmap.org/way/1430333632
way,1431546728,construction,1370.0,51.10603,71.356426,92.5,,manual,https://www.openstreetmap.org/way/1431546728
way,1425752343,construction,1369.0,51.136785,71.388361,92.5,,manual,https://www.openstreetmap.org/way/1425752343
way,1478765476,construction,1369.0,51.106646,71.359568,92.5,,manual,https://www.openstreetmap.org/way/1478765476
relation,8466826,yes,8535.0,51.129772,71.427623,92.4,,manual,https://www.openstreetmap.org/relation/8466826
way,1546911816,construction,1362.0,51.054791,71.427181,92.3,,manual,https://www.openstreetmap.org/way/1546911816
way,1546911809,construction,1358.0,51.063401,71.424045,92.1,,manual,https://www.openstreetmap.org/way/1546911809
way,258536492,yes,8471.0,51.186777,71.465425,92.0,,manual,https://www.openstreetmap.org/way/258536492
way,1546911810,construction,1355.0,51.063937,71.423001,92.0,,manual,https://www.openstreetmap.org/way/1546911810
way,241226090,commercial,940.0,51.161085,71.443873,92.0,,manual,https://www.openstreetmap.org/way/241226090
way,1546297156,construction,1352.0,51.150641,71.438022,91.9,,manual,https://www.openstreetmap.org/way/1546297156
relation,12452601,yes,8435.0,51.107994,71.540039,91.8,,manual,https://www.openstreetmap.org/relation/12452601
way,1101643260,yes,8412.0,51.021923,71.450971,91.7,,manual,https://www.openstreetmap.org/way/1101643260
way,1424102139,construction,1326.0,51.117254,71.503926,91.0,,manual,https://www.openstreetmap.org/way/1424102139
way,727378009,yes,8162.0,51.222064,71.403853,90.3,,manual,https://www.openstreetmap.org/way/727378009
way,917669393,yes,8139.0,51.141583,71.500049,90.2,,manual,https://www.openstreetmap.org/way/917669393
way,854897184,hangar,506.0,51.245675,71.373111,90.0,,manual,https://www.openstreetmap.org/way/854897184
way,1425752359,kindergarten,2021.0,51.13508,71.376738,89.9,,manual,https://www.openstreetmap.org/way/1425752359
way,1479984368,construction,1291.0,51.091752,71.486159,89.8,,manual,https://www.openstreetmap.org/way/1479984368
way,1148721828,construction,1283.0,51.126579,71.400379,89.6,,manual,https://www.openstreetmap.org/way/1148721828
way,1546900035,yes,8014.0,51.058215,71.386429,89.5,,manual,https://www.openstreetmap.org/way/1546900035
way,236542837,warehouse,1282.0,51.036187,71.475425,89.5,,manual,https://www.openstreetmap.org/way/236542837
way,1547184707,construction,1275.0,51.156398,71.352249,89.3,,manual,https://www.openstreetmap.org/way/1547184707
relation,14522601,yes,7954.0,51.100487,71.386948,89.2,,manual,https://www.openstreetmap.org/relation/14522601
relation,8456647,yes,7949.0,51.160709,71.607663,89.2,,manual,https://www.openstreetmap.org/relation/8456647
way,426105061,yes,7918.0,51.167189,71.53606,89.0,,manual,https://www.openstreetmap.org/way/426105061
relation,14522578,yes,7909.0,51.149686,71.367654,88.9,,manual,https://www.openstreetmap.org/relation/14522578
way,548267285,hangar,494.0,51.192308,71.41697,88.9,,manual,https://www.openstreetmap.org/way/548267285
way,167091298,kindergarten,1968.0,51.157289,71.486082,88.7,,manual,https://www.openstreetmap.org/way/167091298
way,258628271,yes,7845.0,51.191392,71.519229,88.6,,manual,https://www.openstreetmap.org/way/258628271
way,919012396,yes,7814.0,51.10335,71.383043,88.4,,manual,https://www.openstreetmap.org/way/919012396
way,1546297155,construction,1247.0,51.149183,71.440578,88.3,,manual,https://www.openstreetmap.org/way/1546297155
way,1103224621,residential,64.0,51.082979,71.39241,88.2,,manual,https://www.openstreetmap.org/way/1103224621
way,1547006473,construction,1231.0,51.155934,71.579141,87.7,,manual,https://www.openstreetmap.org/way/1547006473
way,1512939119,construction,1226.0,51.172649,71.401908,87.5,,manual,https://www.openstreetmap.org/way/1512939119
way,398755682,yes,7624.0,51.081932,71.37797,87.3,,manual,https://www.openstreetmap.org/way/398755682
way,506220821,yes,7605.0,51.018525,71.450057,87.2,,manual,https://www.openstreetmap.org/way/506220821
way,1522477992,yes,7583.0,51.170809,71.53999,87.1,,manual,https://www.openstreetmap.org/way/1522477992
way,259181857,industrial,7570.0,51.217034,71.52088,87.0,,manual,https://www.openstreetmap.org/way/259181857
way,1547964122,kindergarten,1891.0,51.041042,71.426568,87.0,,manual,https://www.openstreetmap.org/way/1547964122
way,1546810621,construction,1209.0,51.079591,71.382744,86.9,,manual,https://www.openstreetmap.org/way/1546810621
way,965416870,residential,62.0,51.080086,71.396623,86.9,,manual,https://www.openstreetmap.org/way/965416870
way,258163690,yes,7517.0,51.031266,71.468602,86.7,,manual,https://www.openstreetmap.org/way/258163690
way,259505132,commercial,835.0,51.204024,71.485841,86.7,,manual,https://www.openstreetmap.org/way/259505132
way,241248659,kindergarten,1875.0,51.155178,71.492131,86.6,,manual,https://www.openstreetmap.org/way/241248659
way,917348929,yes,7465.0,51.120515,71.479974,86.4,,manual,https://www.openstreetmap.org/way/917348929
way,1431634813,construction,1184.0,51.079199,71.397691,86.0,,manual,https://www.openstreetmap.org/way/1431634813
way,1100778520,construction,1183.0,51.138262,71.481891,86.0,,manual,https://www.openstreetmap.org/way/1100778520
way,258140982,yes,7325.0,51.16586,71.484625,85.6,,manual,https://www.openstreetmap.org/way/258140982
way,289011352,yes,7298.0,51.130403,71.423095,85.4,,manual,https://www.openstreetmap.org/way/289011352
way,216575987,industrial,7272.0,51.200069,71.4456,85.3,,manual,https://www.openstreetmap.org/way/216575987
way,425721187,yes,7263.0,51.087167,71.394821,85.2,,manual,https://www.openstreetmap.org/way/425721187
way,111923888,office,291.0,51.152794,71.439419,85.2,,manual,https://www.openstreetmap.org/way/111923888
way,240909218,yes,7255.0,51.133776,71.421381,85.2,,manual,https://www.openstreetmap.org/way/240909218
way,1505049423,construction,1158.0,51.084297,71.410717,85.1,,manual,https://www.openstreetmap.org/way/1505049423
way,1431543342,construction,1151.0,51.088776,71.42324,84.8,,manual,https://www.openstreetmap.org/way/1431543342
way,1443454478,construction,1135.0,51.106956,71.425643,84.2,,manual,https://www.openstreetmap.org/way/1443454478
way,1431634814,construction,1134.0,51.079296,71.396841,84.2,,manual,https://www.openstreetmap.org/way/1431634814
way,1109634495,yes,7054.0,51.180835,71.511475,84.0,,manual,https://www.openstreetmap.org/way/1109634495
relation,14518368,yes,7043.0,51.10438,71.436587,83.9,,manual,https://www.openstreetmap.org/relation/14518368
way,1109634496,yes,7022.0,51.180208,71.507699,83.8,,manual,https://www.openstreetmap.org/way/1109634496
way,1475405551,construction,1120.0,51.102131,71.501593,83.7,,manual,https://www.openstreetmap.org/way/1475405551
way,240363756,office,279.0,51.168099,71.457829,83.5,,manual,https://www.openstreetmap.org/way/240363756
way,227450474,commercial,773.0,51.147289,71.460135,83.4,,manual,https://www.openstreetmap.org/way/227450474
way,1089701465,yes,6954.0,51.128649,71.419078,83.4,,manual,https://www.openstreetmap.org/way/1089701465
way,320843311,yes,6868.0,51.170887,71.494196,82.9,,manual,https://www.openstreetmap.org/way/320843311
way,243053976,residential,57.0,51.139409,71.439332,82.9,,manual,https://www.openstreetmap.org/way/243053976
way,1547172050,construction,1093.0,51.120689,71.372743,82.7,,manual,https://www.openstreetmap.org/way/1547172050
way,1546911823,construction,1091.0,51.059746,71.437189,82.6,,manual,https://www.openstreetmap.org/way/1546911823
way,914979607,yes,6810.0,51.074565,71.428363,82.5,,manual,https://www.openstreetmap.org/way/914979607
way,1546911830,construction,1078.0,51.065309,71.419728,82.1,,manual,https://www.openstreetmap.org/way/1546911830
way,258513356,yes,6724.0,51.184614,71.477532,82.0,,manual,https://www.openstreetmap.org/way/258513356
way,1547293589,construction,1070.0,51.126747,71.291206,81.8,,manual,https://www.openstreetmap.org/way/1547293589
way,1547293588,construction,1070.0,51.126537,71.290629,81.8,,manual,https://www.openstreetmap.org/way/1547293588
way,1547293587,construction,1070.0,51.126394,71.290219,81.8,,manual,https://www.openstreetmap.org/way/1547293587
way,1089701457,commercial,743.0,51.112491,71.401603,81.8,,manual,https://www.openstreetmap.org/way/1089701457
way,965420916,residential,55.0,51.084186,71.395601,81.7,,manual,https://www.openstreetmap.org/way/965420916
way,965420917,residential,55.0,51.084465,71.393804,81.7,,manual,https://www.openstreetmap.org/way/965420917
way,1124566839,yes,6624.0,51.210786,71.428506,81.4,,manual,https://www.openstreetmap.org/way/1124566839
way,242016701,yes,6617.0,51.204191,71.445471,81.3,,manual,https://www.openstreetmap.org/way/242016701
way,506219730,yes,6598.0,51.17803,71.508362,81.2,,manual,https://www.openstreetmap.org/way/506219730
way,240564858,kindergarten,1649.0,51.150578,71.471428,81.2,,manual,https://www.openstreetmap.org/way/240564858
way,917348932,yes,6590.0,51.11659,71.476406,81.2,,manual,https://www.openstreetmap.org/way/917348932
way,259330176,industrial,6560.0,51.219648,71.50524,81.0,,manual,https://www.openstreetmap.org/way/259330176
way,1547024201,construction,1047.0,51.107368,71.366254,80.9,,manual,https://www.openstreetmap.org/way/1547024201
way,1431634800,construction,1044.0,51.087313,71.48042,80.8,,manual,https://www.openstreetmap.org/way/1431634800
way,258536452,yes,6517.0,51.187948,71.480443,80.7,,manual,https://www.openstreetmap.org/way/258536452
way,1425752353,construction,1038.0,51.138141,71.396467,80.6,,manual,https://www.openstreetmap.org/way/1425752353
way,1547024198,construction,1038.0,51.106833,71.367696,80.5,,manual,https://www.openstreetmap.org/way/1547024198
way,1430229100,construction,1037.0,51.114571,71.47967,80.5,,manual,https://www.openstreetmap.org/way/1430229100
way,1546918593,construction,1034.0,51.091712,71.492209,80.4,,manual,https://www.openstreetmap.org/way/1546918593
way,506230974,yes,6455.0,51.039471,71.484058,80.3,,manual,https://www.openstreetmap.org/way/506230974
way,1431748345,construction,1031.0,51.154347,71.364107,80.3,,manual,https://www.openstreetmap.org/way/1431748345
way,925184235,yes,6437.0,51.169351,71.53444,80.2,,manual,https://www.openstreetmap.org/way/925184235
way,1424659297,construction,1030.0,51.130652,71.462136,80.2,,manual,https://www.openstreetmap.org/way/1424659297
way,1475406191,construction,1030.0,51.11497,71.45728,80.2,,manual,https://www.openstreetmap.org/way/1475406191
way,1547024205,construction,1029.0,51.108221,71.367257,80.2,,manual,https://www.openstreetmap.org/way/1547024205
way,425276265,kindergarten,1598.0,51.110618,71.428524,79.9,,manual,https://www.openstreetmap.org/way/425276265
way,424894967,yes,6362.0,51.08882,71.395477,79.8,,manual,https://www.openstreetmap.org/way/424894967
way,508009147,industrial,6340.0,51.165597,71.383972,79.6,,manual,https://www.openstreetmap.org/way/508009147
way,1089447322,yes,6310.0,51.116817,71.481427,79.4,,manual,https://www.openstreetmap.org/way/1089447322
way,1135598215,yes,6296.0,51.137693,71.412061,79.3,,manual,https://www.openstreetmap.org/way/1135598215
way,611977099,commercial,699.0,51.229432,71.372093,79.3,,manual,https://www.openstreetmap.org/way/611977099
way,1478765474,construction,1005.0,51.10376,71.358111,79.3,,manual,https://www.openstreetmap.org/way/1478765474
way,1424102501,construction,1005.0,51.11493,71.52055,79.2,,manual,https://www.openstreetmap.org/way/1424102501
way,1551295029,construction,1004.0,51.137313,71.3768,79.2,,manual,https://www.openstreetmap.org/way/1551295029
way,258143095,yes,6230.0,51.169709,71.473549,78.9,,manual,https://www.openstreetmap.org/way/258143095
way,259047041,industrial,6223.0,51.185427,71.303792,78.9,,manual,https://www.openstreetmap.org/way/259047041
way,1548133837,construction,996.0,51.09684,71.383541,78.9,,manual,https://www.openstreetmap.org/way/1548133837
way,916214383,yes,6209.0,51.099096,71.393026,78.8,,manual,https://www.openstreetmap.org/way/916214383
way,1108108818,yes,6154.0,51.118652,71.462485,78.4,,manual,https://www.openstreetmap.org/way/1108108818
way,737833556,hangar,385.0,51.235409,71.368468,78.4,,manual,https://www.openstreetmap.org/way/737833556
way,1424107149,construction,980.0,51.100129,71.44012,78.3,,manual,https://www.openstreetmap.org/way/1424107149
way,1431634825,construction,976.0,51.126164,71.402633,78.1,,manual,https://www.openstreetmap.org/way/1431634825
way,1424102503,construction,975.0,51.114767,71.521652,78.1,,manual,https://www.openstreetmap.org/way/1424102503
way,582840364,yes,6054.0,51.205416,71.486484,77.8,,manual,https://www.openstreetmap.org/way/582840364
way,1424207706,construction,966.0,51.128726,71.50075,77.7,,manual,https://www.openstreetmap.org/way/1424207706
way,1531630230,retail,1498.0,51.117499,71.24625,77.4,,manual,https://www.openstreetmap.org/way/1531630230
way,1546911829,construction,959.0,51.065059,71.419313,77.4,,manual,https://www.openstreetmap.org/way/1546911829
way,917681838,yes,5973.0,51.138328,71.531741,77.3,,manual,https://www.openstreetmap.org/way/917681838
way,1431748352,construction,955.0,51.165946,71.38936,77.2,,manual,https://www.openstreetmap.org/way/1431748352
way,1425752336,construction,952.0,51.135851,71.395708,77.1,,manual,https://www.openstreetmap.org/way/1425752336
way,1110667989,yes,5936.0,51.118303,71.46444,77.0,,manual,https://www.openstreetmap.org/way/1110667989
way,258804044,hangar,370.0,51.262058,71.368336,76.9,,manual,https://www.openstreetmap.org/way/258804044
way,1104766571,yes,5897.0,51.173572,71.519608,76.8,,manual,https://www.openstreetmap.org/way/1104766571
way,1102541590,yes,5896.0,51.217219,71.511597,76.8,,manual,https://www.openstreetmap.org/way/1102541590
way,1424200252,construction,943.0,51.129729,71.37311,76.8,,manual,https://www.openstreetmap.org/way/1424200252
relation,8453882,retail,1472.0,51.159665,71.428436,76.7,,manual,https://www.openstreetmap.org/relation/8453882
way,1475406192,construction,941.0,51.115052,71.458469,76.7,,manual,https://www.openstreetmap.org/way/1475406192
way,1424107152,construction,936.0,51.100682,71.447183,76.5,,manual,https://www.openstreetmap.org/way/1424107152
way,925184206,yes,5832.0,51.190947,71.491022,76.4,,manual,https://www.openstreetmap.org/way/925184206
way,261094649,yes,5823.0,51.183783,71.444214,76.3,,manual,https://www.openstreetmap.org/way/261094649
way,240605387,yes,5770.0,51.161445,71.497845,76.0,,manual,https://www.openstreetmap.org/way/240605387
way,583447170,industrial,5769.0,51.164347,71.518028,76.0,,manual,https://www.openstreetmap.org/way/583447170
way,1089059342,commercial,640.0,51.128778,71.46569,75.9,,manual,https://www.openstreetmap.org/way/1089059342
way,1124566811,yes,5753.0,51.213456,71.445827,75.8,,manual,https://www.openstreetmap.org/way/1124566811
way,1547012505,construction,920.0,51.13731,71.552085,75.8,,manual,https://www.openstreetmap.org/way/1547012505
relation,14654647,yes,5744.0,51.124826,71.478285,75.8,,manual,https://www.openstreetmap.org/relation/14654647
way,216575990,industrial,5742.0,51.191646,71.446384,75.8,,manual,https://www.openstreetmap.org/way/216575990
way,1112642069,yes,5714.0,51.119765,71.637829,75.6,,manual,https://www.openstreetmap.org/way/1112642069
way,1178252952,industrial,5694.0,51.171253,71.545683,75.5,,manual,https://www.openstreetmap.org/way/1178252952
way,1116691149,retail,1415.0,51.120358,71.242339,75.2,,manual,https://www.openstreetmap.org/way/1116691149
way,854897182,hangar,353.0,51.246349,71.374803,75.1,,manual,https://www.openstreetmap.org/way/854897182
way,1179971318,yes,5631.0,51.165007,71.536511,75.0,,manual,https://www.openstreetmap.org/way/1179971318
way,916214396,yes,5574.0,51.143523,71.379902,74.7,,manual,https://www.openstreetmap.org/way/916214396
way,1076677300,yes,5552.0,51.11287,71.504236,74.5,,manual,https://www.openstreetmap.org/way/1076677300
way,1461292519,construction,888.0,51.113274,71.419311,74.5,,manual,https://www.openstreetmap.org/way/1461292519
way,506220818,yes,5544.0,51.015707,71.446299,74.5,,manual,https://www.openstreetmap.org/way/506220818
way,918112860,yes,5535.0,51.14896,71.370559,74.4,,manual,https://www.openstreetmap.org/way/918112860
way,258513208,yes,5521.0,51.181296,71.477222,74.3,,manual,https://www.openstreetmap.org/way/258513208
way,428784907,yes,5503.0,51.151142,71.419161,74.2,,manual,https://www.openstreetmap.org/way/428784907
way,1124566840,industrial,5488.0,51.209094,71.425931,74.1,,manual,https://www.openstreetmap.org/way/1124566840
way,1547019954,construction,871.0,51.113048,71.554608,73.8,,manual,https://www.openstreetmap.org/way/1547019954
way,1547019950,construction,871.0,51.113126,71.552965,73.8,,manual,https://www.openstreetmap.org/way/1547019950
way,1475409323,construction,869.0,51.110799,71.389113,73.7,,manual,https://www.openstreetmap.org/way/1475409323
way,1475409321,construction,869.0,51.112488,71.389345,73.7,,manual,https://www.openstreetmap.org/way/1475409321
way,1475409322,construction,869.0,51.111739,71.38924,73.7,,manual,https://www.openstreetmap.org/way/1475409322
way,1475409320,construction,869.0,51.113173,71.389463,73.7,,manual,https://www.openstreetmap.org/way/1475409320
way,1100946574,yes,5414.0,51.140226,71.458743,73.6,,manual,https://www.openstreetmap.org/way/1100946574
way,1479491285,construction,866.0,51.116958,71.35735,73.6,,manual,https://www.openstreetmap.org/way/1479491285
way,1104676422,yes,5400.0,51.205094,71.447577,73.5,,manual,https://www.openstreetmap.org/way/1104676422
way,258536537,yes,5398.0,51.181983,71.468405,73.5,,manual,https://www.openstreetmap.org/way/258536537
way,258120800,yes,5383.0,51.176115,71.457242,73.4,,manual,https://www.openstreetmap.org/way/258120800
way,30659003,public,336.0,51.187391,71.417883,73.3,,manual,https://www.openstreetmap.org/way/30659003
way,258536531,yes,5340.0,51.185923,71.466123,73.1,,manual,https://www.openstreetmap.org/way/258536531
way,1373017401,yes,5331.0,51.125859,71.473213,73.0,,manual,https://www.openstreetmap.org/way/1373017401
way,854897194,yes,5318.0,51.206795,71.489091,72.9,,manual,https://www.openstreetmap.org/way/854897194
way,243299264,industrial,5316.0,51.211754,71.34899,72.9,,manual,https://www.openstreetmap.org/way/243299264
way,1355004722,yes,5313.0,51.181206,71.379,72.9,,manual,https://www.openstreetmap.org/way/1355004722
way,313689961,warehouse,848.0,51.186583,71.411692,72.8,,manual,https://www.openstreetmap.org/way/313689961
way,216575969,industrial,5260.0,51.199522,71.432708,72.5,,manual,https://www.openstreetmap.org/way/216575969
way,1546911827,construction,840.0,51.064253,71.418274,72.5,,manual,https://www.openstreetmap.org/way/1546911827
way,1431543345,construction,840.0,51.089304,71.422492,72.5,,manual,https://www.openstreetmap.org/way/1431543345
way,240592112,yes,5229.0,51.152207,71.487916,72.3,,manual,https://www.openstreetmap.org/way/240592112
way,424923382,yes,5224.0,51.116353,71.442874,72.3,,manual,https://www.openstreetmap.org/way/424923382
way,1103224759,yes,5224.0,51.076109,71.494732,72.3,,manual,https://www.openstreetmap.org/way/1103224759
way,1546911831,construction,836.0,51.065566,71.420116,72.3,,manual,https://www.openstreetmap.org/way/1546911831
way,1103224758,yes,5224.0,51.077032,71.494099,72.3,,manual,https://www.openstreetmap.org/way/1103224758
way,258943916,industrial,5220.0,51.215213,71.352144,72.3,,manual,https://www.openstreetmap.org/way/258943916
way,1547024200,construction,835.0,51.107004,71.366619,72.2,,manual,https://www.openstreetmap.org/way/1547024200
way,626404462,construction,832.0,51.145503,71.477677,72.1,,manual,https://www.openstreetmap.org/way/626404462
way,240110499,school,325.0,51.175447,71.454053,72.1,,manual,https://www.openstreetmap.org/way/240110499
way,258904675,industrial,5143.0,51.210592,71.345286,71.7,,manual,https://www.openstreetmap.org/way/258904675
way,1424189341,construction,822.0,51.118763,71.383308,71.7,,manual,https://www.openstreetmap.org/way/1424189341
way,1424189346,construction,822.0,51.119068,71.380827,71.7,,manual,https://www.openstreetmap.org/way/1424189346
way,1424189339,construction,822.0,51.120339,71.383805,71.7,,manual,https://www.openstreetmap.org/way/1424189339
way,1424189342,construction,821.0,51.119242,71.382873,71.7,,manual,https://www.openstreetmap.org/way/1424189342
way,1424189340,construction,821.0,51.11956,71.383569,71.7,,manual,https://www.openstreetmap.org/way/1424189340
way,1424189349,construction,821.0,51.120691,71.381425,71.7,,manual,https://www.openstreetmap.org/way/1424189349
way,1424189350,construction,821.0,51.121468,71.381633,71.6,,manual,https://www.openstreetmap.org/way/1424189350
way,159001852,commercial,570.0,51.14849,71.459194,71.6,,manual,https://www.openstreetmap.org/way/159001852
way,1424189345,construction,821.0,51.119886,71.381084,71.6,,manual,https://www.openstreetmap.org/way/1424189345
way,1424189338,construction,821.0,51.120841,71.383409,71.6,,manual,https://www.openstreetmap.org/way/1424189338
way,1424189337,construction,821.0,51.121218,71.384096,71.6,,manual,https://www.openstreetmap.org/way/1424189337
way,242012207,yes,5107.0,51.186107,71.462198,71.5,,manual,https://www.openstreetmap.org/way/242012207
way,108292460,yes,5064.0,51.12583,71.407941,71.2,,manual,https://www.openstreetmap.org/way/108292460
way,258120731,yes,5044.0,51.177145,71.457444,71.0,,manual,https://www.openstreetmap.org/way/258120731
way,1431634812,construction,807.0,51.076703,71.4334,71.0,,manual,https://www.openstreetmap.org/way/1431634812
relation,14522600,yes,5037.0,51.100809,71.38423,71.0,,manual,https://www.openstreetmap.org/relation/14522600
way,1107059974,yes,5032.0,51.200698,71.345598,70.9,,manual,https://www.openstreetmap.org/way/1107059974
way,258536493,yes,4980.0,51.188268,71.487571,70.6,,manual,https://www.openstreetmap.org/way/258536493
way,1546911828,construction,795.0,51.064568,71.418541,70.5,,manual,https://www.openstreetmap.org/way/1546911828
way,344639743,yes,4970.0,51.144859,71.545406,70.5,,manual,https://www.openstreetmap.org/way/344639743
way,1547293580,construction,795.0,51.1265,71.297663,70.5,,manual,https://www.openstreetmap.org/way/1547293580
way,258147796,retail,1237.0,51.160158,71.472991,70.3,,manual,https://www.openstreetmap.org/way/258147796
way,1100946231,yes,4927.0,51.098165,71.456244,70.2,,manual,https://www.openstreetmap.org/way/1100946231
way,1103224541,yes,4927.0,51.098543,71.457996,70.2,,manual,https://www.openstreetmap.org/way/1103224541
way,1103224540,yes,4927.0,51.098947,71.45687,70.2,,manual,https://www.openstreetmap.org/way/1103224540
way,915749365,yes,4920.0,51.03944,71.422227,70.1,,manual,https://www.openstreetmap.org/way/915749365
way,1103224760,yes,4900.0,51.075444,71.492267,70.0,,manual,https://www.openstreetmap.org/way/1103224760
way,1478765477,construction,783.0,51.106449,71.359186,70.0,,manual,https://www.openstreetmap.org/way/1478765477
way,320842135,yes,4886.0,51.201539,71.48984,69.9,,manual,https://www.openstreetmap.org/way/320842135
way,1100946968,yes,4870.0,51.146279,71.532061,69.8,,manual,https://www.openstreetmap.org/way/1100946968
way,166320810,yes,4863.0,51.186394,71.344873,69.7,,manual,https://www.openstreetmap.org/way/166320810
way,328702924,warehouse,775.0,51.141624,71.5339,69.6,,manual,https://www.openstreetmap.org/way/328702924
way,258904668,hangar,302.0,51.209565,71.346175,69.6,,manual,https://www.openstreetmap.org/way/258904668
way,258904687,hangar,302.0,51.209666,71.346,69.6,,manual,https://www.openstreetmap.org/way/258904687
way,258904689,hangar,302.0,51.209779,71.345845,69.6,,manual,https://www.openstreetmap.org/way/258904689
way,258163691,yes,4829.0,51.032354,71.464175,69.5,,manual,https://www.openstreetmap.org/way/258163691
way,258163699,yes,4817.0,51.030462,71.467598,69.4,,manual,https://www.openstreetmap.org/way/258163699
way,1431546732,construction,768.0,51.167167,71.374548,69.3,,manual,https://www.openstreetmap.org/way/1431546732
way,1101423563,yes,4796.0,51.121206,71.521755,69.3,,manual,https://www.openstreetmap.org/way/1101423563
way,926610984,commercial,533.0,51.206339,71.490542,69.2,,manual,https://www.openstreetmap.org/way/926610984
way,1089447319,yes,4755.0,51.117619,71.477379,69.0,,manual,https://www.openstreetmap.org/way/1089447319
way,1546911822,construction,761.0,51.060554,71.437483,69.0,,manual,https://www.openstreetmap.org/way/1546911822
way,1546911821,construction,760.0,51.061173,71.437706,68.9,,manual,https://www.openstreetmap.org/way/1546911821
relation,3251321,yes,4751.0,51.161241,71.407328,68.9,,manual,https://www.openstreetmap.org/relation/3251321
way,243780955,yes,4745.0,51.177807,71.460081,68.9,,manual,https://www.openstreetmap.org/way/243780955
way,258522334,yes,4731.0,51.177298,71.484796,68.8,,manual,https://www.openstreetmap.org/way/258522334
way,258505933,yes,4722.0,51.178288,71.483236,68.7,,manual,https://www.openstreetmap.org/way/258505933
way,1113747486,construction,756.0,51.113021,71.465407,68.7,,manual,https://www.openstreetmap.org/way/1113747486
way,1102541530,yes,4721.0,51.193001,71.499501,68.7,,manual,https://www.openstreetmap.org/way/1102541530
way,1103224659,yes,4720.0,51.077229,71.392296,68.7,,manual,https://www.openstreetmap.org/way/1103224659
way,1077659089,yes,4710.0,51.045963,71.490353,68.6,,manual,https://www.openstreetmap.org/way/1077659089
way,242016721,yes,4697.0,51.205161,71.444995,68.5,,manual,https://www.openstreetmap.org/way/242016721
way,243139480,yes,4694.0,51.077253,71.422356,68.5,,manual,https://www.openstreetmap.org/way/243139480
way,258536447,yes,4688.0,51.186703,71.47266,68.5,,manual,https://www.openstreetmap.org/way/258536447
way,506515005,yes,4664.0,51.163781,71.538068,68.3,,manual,https://www.openstreetmap.org/way/506515005
way,258536517,yes,4662.0,51.185589,71.480221,68.3,,manual,https://www.openstreetmap.org/way/258536517
relation,14550063,yes,4660.0,51.145208,71.374907,68.3,,manual,https://www.openstreetmap.org/relation/14550063
way,1424189330,construction,745.0,51.118732,71.386155,68.2,,manual,https://www.openstreetmap.org/way/1424189330
way,919012384,yes,4650.0,51.09494,71.391634,68.2,,manual,https://www.openstreetmap.org/way/919012384
way,1089447334,yes,4637.0,51.111996,71.512648,68.1,,manual,https://www.openstreetmap.org/way/1089447334
way,1546904919,construction,740.0,51.072659,71.480781,68.0,,manual,https://www.openstreetmap.org/way/1546904919
relation,14468769,yes,4620.0,51.197397,71.394966,68.0,,manual,https://www.openstreetmap.org/relation/14468769
way,925184237,yes,4617.0,51.17097,71.532519,67.9,,manual,https://www.openstreetmap.org/way/925184237
way,51405917,yes,4614.0,51.167101,71.46555,67.9,,manual,https://www.openstreetmap.org/way/51405917
way,1425748340,construction,736.0,51.133669,71.40146,67.8,,manual,https://www.openstreetmap.org/way/1425748340
way,1425748338,construction,736.0,51.134284,71.403389,67.8,,manual,https://www.openstreetmap.org/way/1425748338
way,1425748339,construction,736.0,51.134148,71.404953,67.8,,manual,https://www.openstreetmap.org/way/1425748339
way,1425748337,construction,736.0,51.134112,71.402437,67.8,,manual,https://www.openstreetmap.org/way/1425748337
way,921923800,yes,4598.0,51.168826,71.503021,67.8,,manual,https://www.openstreetmap.org/way/921923800
way,854897183,hangar,287.0,51.246383,71.372979,67.8,,manual,https://www.openstreetmap.org/way/854897183
way,1431543341,construction,735.0,51.089233,71.423711,67.8,,manual,https://www.openstreetmap.org/way/1431543341
way,1424189331,construction,731.0,51.118261,71.386203,67.6,,manual,https://www.openstreetmap.org/way/1424189331
way,1424189319,construction,731.0,51.123796,71.385724,67.6,,manual,https://www.openstreetmap.org/way/1424189319
way,1424189333,construction,731.0,51.12035,71.387523,67.6,,manual,https://www.openstreetmap.org/way/1424189333
way,1424189329,construction,731.0,51.119254,71.386268,67.6,,manual,https://www.openstreetmap.org/way/1424189329
way,1424189328,construction,731.0,51.119832,71.38639,67.6,,manual,https://www.openstreetmap.org/way/1424189328
way,1424189323,construction,731.0,51.122556,71.386367,67.6,,manual,https://www.openstreetmap.org/way/1424189323
way,1424189327,construction,731.0,51.120392,71.386576,67.6,,manual,https://www.openstreetmap.org/way/1424189327
way,1424189321,construction,731.0,51.122869,71.385555,67.6,,manual,https://www.openstreetmap.org/way/1424189321
way,1424189332,construction,731.0,51.121002,71.387663,67.6,,manual,https://www.openstreetmap.org/way/1424189332
way,1424189326,construction,731.0,51.120975,71.386773,67.6,,manual,https://www.openstreetmap.org/way/1424189326
way,1424189325,construction,731.0,51.121658,71.387581,67.6,,manual,https://www.openstreetmap.org/way/1424189325
way,1424189324,construction,731.0,51.121658,71.386436,67.6,,manual,https://www.openstreetmap.org/way/1424189324
way,1478765482,construction,731.0,51.105941,71.359669,67.6,,manual,https://www.openstreetmap.org/way/1478765482
way,1424189320,construction,731.0,51.123424,71.386423,67.6,,manual,https://www.openstreetmap.org/way/1424189320
way,1424189322,construction,731.0,51.122265,71.387179,67.6,,manual,https://www.openstreetmap.org/way/1424189322
way,1424189318,construction,731.0,51.124392,71.38594,67.6,,manual,https://www.openstreetmap.org/way/1424189318
way,1103224542,yes,4564.0,51.097742,71.457538,67.6,,manual,https://www.openstreetmap.org/way/1103224542
relation,14560756,yes,4539.0,51.139292,71.410748,67.4,,manual,https://www.openstreetmap.org/relation/14560756
way,1431543344,construction,725.0,51.088806,71.42235,67.3,,manual,https://www.openstreetmap.org/way/1431543344
way,1475409327,construction,725.0,51.112092,71.38649,67.3,,manual,https://www.openstreetmap.org/way/1475409327
way,166500586,yes,4525.0,51.027761,71.458109,67.3,,manual,https://www.openstreetmap.org/way/166500586
way,1425752354,construction,723.0,51.137644,71.396357,67.2,,manual,https://www.openstreetmap.org/way/1425752354
relation,3468477,yes,4504.0,51.131615,71.432104,67.1,,manual,https://www.openstreetmap.org/relation/3468477
way,916214379,yes,4500.0,51.096764,71.39195,67.1,,manual,https://www.openstreetmap.org/way/916214379
way,925087312,yes,4499.0,51.212868,71.343202,67.1,,manual,https://www.openstreetmap.org/way/925087312
way,1102541340,yes,4474.0,51.170765,71.543424,66.9,,manual,https://www.openstreetmap.org/way/1102541340
way,259330158,industrial,4471.0,51.192563,71.528355,66.9,,manual,https://www.openstreetmap.org/way/259330158
way,917348861,yes,4458.0,51.128445,71.486769,66.8,,manual,https://www.openstreetmap.org/way/917348861
way,1546911818,construction,713.0,51.053885,71.429698,66.7,,manual,https://www.openstreetmap.org/way/1546911818
way,1546911819,construction,712.0,51.053441,71.429066,66.7,,manual,https://www.openstreetmap.org/way/1546911819
way,1546292239,yes,4406.0,51.102113,71.449485,66.4,,manual,https://www.openstreetmap.org/way/1546292239
way,1107060007,yes,4396.0,51.203811,71.329098,66.3,,manual,https://www.openstreetmap.org/way/1107060007
way,1530008286,construction,702.0,51.124126,71.508171,66.2,,manual,https://www.openstreetmap.org/way/1530008286
way,1424093205,construction,700.0,51.141361,71.461393,66.2,,manual,https://www.openstreetmap.org/way/1424093205
way,1431546748,construction,696.0,51.168412,71.374549,66.0,,manual,https://www.openstreetmap.org/way/1431546748
way,258522437,yes,4351.0,51.177883,71.485511,66.0,,manual,https://www.openstreetmap.org/way/258522437
way,1113747491,yes,4338.0,51.113991,71.471904,65.9,,manual,https://www.openstreetmap.org/way/1113747491
way,259181837,industrial,4334.0,51.216372,71.518637,65.8,,manual,https://www.openstreetmap.org/way/259181837
way,419217652,yes,4325.0,51.076785,71.395065,65.8,,manual,https://www.openstreetmap.org/way/419217652
way,1109634646,yes,4322.0,51.12415,71.563393,65.7,,manual,https://www.openstreetmap.org/way/1109634646
way,1104051499,yes,4321.0,51.234201,71.371048,65.7,,manual,https://www.openstreetmap.org/way/1104051499
way,918531943,yes,4320.0,51.139538,71.469491,65.7,,manual,https://www.openstreetmap.org/way/918531943
way,1547019966,construction,689.0,51.131707,71.552447,65.6,,manual,https://www.openstreetmap.org/way/1547019966
way,1547019965,construction,689.0,51.131205,71.552218,65.6,,manual,https://www.openstreetmap.org/way/1547019965
way,1547019967,construction,689.0,51.131587,71.553251,65.6,,manual,https://www.openstreetmap.org/way/1547019967
way,419217648,yes,4300.0,51.078236,71.395657,65.6,,manual,https://www.openstreetmap.org/way/419217648
way,242012221,yes,4300.0,51.179694,71.468248,65.6,,manual,https://www.openstreetmap.org/way/242012221
way,1546297157,construction,688.0,51.149976,71.438646,65.6,,manual,https://www.openstreetmap.org/way/1546297157
way,258113682,yes,4267.0,51.178624,71.461548,65.3,,manual,https://www.openstreetmap.org/way/258113682
way,1478765481,construction,680.0,51.105734,71.358885,65.2,,manual,https://www.openstreetmap.org/way/1478765481
way,1102541521,yes,4251.0,51.196751,71.491873,65.2,,manual,https://www.openstreetmap.org/way/1102541521
way,1430229103,yes,4250.0,51.121216,71.45037,65.2,,manual,https://www.openstreetmap.org/way/1430229103
way,1475409326,construction,680.0,51.112432,71.386954,65.2,,manual,https://www.openstreetmap.org/way/1475409326
way,1431543340,construction,679.0,51.088218,71.423319,65.1,,manual,https://www.openstreetmap.org/way/1431543340
way,1088182018,office,169.0,51.169293,71.41161,65.1,,manual,https://www.openstreetmap.org/way/1088182018
way,1551295019,yes,4222.0,51.139588,71.371912,65.0,,manual,https://www.openstreetmap.org/way/1551295019
way,1424093202,construction,671.0,51.140269,71.46152,64.8,,manual,https://www.openstreetmap.org/way/1424093202
way,1478765480,construction,668.0,51.105973,71.358984,64.6,,manual,https://www.openstreetmap.org/way/1478765480
way,258628232,yes,4178.0,51.189558,71.506598,64.6,,manual,https://www.openstreetmap.org/way/258628232
way,1479984363,construction,668.0,51.068498,71.425927,64.6,,manual,https://www.openstreetmap.org/way/1479984363
way,842263427,yes,4173.0,51.205505,71.453155,64.6,,manual,https://www.openstreetmap.org/way/842263427
way,919012392,yes,4165.0,51.122812,71.379699,64.5,,manual,https://www.openstreetmap.org/way/919012392
way,1104135926,yes,4144.0,51.198757,71.435555,64.4,,manual,https://www.openstreetmap.org/way/1104135926
way,917251138,yes,4142.0,51.122401,71.401117,64.4,,manual,https://www.openstreetmap.org/way/917251138
way,548267283,college,336.0,51.192191,71.417409,64.2,,manual,https://www.openstreetmap.org/way/548267283
way,258505915,yes,4109.0,51.176674,71.482974,64.1,,manual,https://www.openstreetmap.org/way/258505915
way,424894616,yes,4106.0,51.118896,71.410119,64.1,,manual,https://www.openstreetmap.org/way/424894616
way,1103224698,yes,4103.0,51.084457,71.468807,64.1,,manual,https://www.openstreetmap.org/way/1103224698
way,1103224699,yes,4103.0,51.083493,71.468498,64.1,,manual,https://www.openstreetmap.org/way/1103224699
way,1103224697,yes,4102.0,51.084578,71.466988,64.0,,manual,https://www.openstreetmap.org/way/1103224697
way,1104676485,yes,4101.0,51.1969,71.447641,64.0,,manual,https://www.openstreetmap.org/way/1104676485
way,506220819,yes,4099.0,51.017065,71.448433,64.0,,manual,https://www.openstreetmap.org/way/506220819
way,1424093203,construction,653.0,51.141078,71.460878,63.9,,manual,https://www.openstreetmap.org/way/1424093203
way,1431630875,construction,651.0,51.152831,71.37165,63.8,,manual,https://www.openstreetmap.org/way/1431630875
way,1425752351,construction,650.0,51.138441,71.394425,63.8,,manual,https://www.openstreetmap.org/way/1425752351
way,1425752352,construction,650.0,51.138296,71.39528,63.8,,manual,https://www.openstreetmap.org/way/1425752352
way,1425752350,construction,650.0,51.138559,71.393649,63.8,,manual,https://www.openstreetmap.org/way/1425752350
way,1060016173,yes,4058.0,51.115234,71.485672,63.7,,manual,https://www.openstreetmap.org/way/1060016173
way,965416972,residential,34.0,51.08225,71.397463,63.7,,manual,https://www.openstreetmap.org/way/965416972
relation,3466338,yes,4052.0,51.131362,71.416508,63.7,,manual,https://www.openstreetmap.org/relation/3466338
way,241248775,yes,4049.0,51.173968,71.462544,63.6,,manual,https://www.openstreetmap.org/way/241248775
way,240592146,retail,1012.0,51.148167,71.484476,63.6,,manual,https://www.openstreetmap.org/way/240592146
way,1457417609,yes,4038.0,51.105207,71.395763,63.5,,manual,https://www.openstreetmap.org/way/1457417609
relation,18593393,yes,4036.0,51.116464,71.51649,63.5,,manual,https://www.openstreetmap.org/relation/18593393
way,1089447325,yes,4030.0,51.11231,71.491343,63.5,,manual,https://www.openstreetmap.org/way/1089447325
way,1089447326,yes,4030.0,51.112039,71.49384,63.5,,manual,https://www.openstreetmap.org/way/1089447326
way,1113747481,construction,644.0,51.113194,71.466112,63.5,,manual,https://www.openstreetmap.org/way/1113747481
way,1102541577,yes,4014.0,51.218604,71.50438,63.4,,manual,https://www.openstreetmap.org/way/1102541577
relation,8451658,yes,4004.0,51.159657,71.47952,63.3,,manual,https://www.openstreetmap.org/relation/8451658
way,1479984355,construction,640.0,51.076844,71.434061,63.3,,manual,https://www.openstreetmap.org/way/1479984355
way,258628246,yes,4002.0,51.184829,71.514515,63.3,,manual,https://www.openstreetmap.org/way/258628246
way,925184223,yes,4000.0,51.16784,71.532685,63.2,,manual,https://www.openstreetmap.org/way/925184223
way,258110036,yes,3994.0,51.171526,71.461596,63.2,,manual,https://www.openstreetmap.org/way/258110036
way,1425752355,construction,636.0,51.137788,71.395428,63.1,,manual,https://www.openstreetmap.org/way/1425752355
way,1103224679,yes,3974.0,51.073931,71.433153,63.0,,manual,https://www.openstreetmap.org/way/1103224679
way,1431630894,construction,636.0,51.10676,71.499256,63.0,,manual,https://www.openstreetmap.org/way/1431630894
way,1431630897,construction,636.0,51.107188,71.496581,63.0,,manual,https://www.openstreetmap.org/way/1431630897
way,1431630892,construction,636.0,51.106725,71.497099,63.0,,manual,https://www.openstreetmap.org/way/1431630892
way,1431630899,construction,636.0,51.107443,71.497412,63.0,,manual,https://www.openstreetmap.org/way/1431630899
way,1431630882,construction,636.0,51.105908,71.497495,63.0,,manual,https://www.openstreetmap.org/way/1431630882
way,1431630890,construction,636.0,51.106297,71.499779,63.0,,manual,https://www.openstreetmap.org/way/1431630890
way,1431630889,construction,636.0,51.106294,71.499079,63.0,,manual,https://www.openstreetmap.org/way/1431630889
way,1431630888,construction,636.0,51.106303,71.498383,63.0,,manual,https://www.openstreetmap.org/way/1431630888
way,1431630893,construction,636.0,51.10666,71.499938,63.0,,manual,https://www.openstreetmap.org/way/1431630893
way,1431630895,construction,636.0,51.106869,71.498589,63.0,,manual,https://www.openstreetmap.org/way/1431630895
way,1431630896,construction,636.0,51.10708,71.497276,63.0,,manual,https://www.openstreetmap.org/way/1431630896
way,1431630902,construction,636.0,51.107141,71.499397,63.0,,manual,https://www.openstreetmap.org/way/1431630902
way,1431630901,construction,636.0,51.107235,71.498747,63.0,,manual,https://www.openstreetmap.org/way/1431630901
way,1431630898,construction,636.0,51.107563,71.496781,63.0,,manual,https://www.openstreetmap.org/way/1431630898
way,1431630885,construction,636.0,51.106053,71.496146,63.0,,manual,https://www.openstreetmap.org/way/1431630885
way,1431630891,construction,636.0,51.106446,71.496286,63.0,,manual,https://www.openstreetmap.org/way/1431630891
way,1431630884,construction,635.0,51.105663,71.495973,63.0,,manual,https://www.openstreetmap.org/way/1431630884
way,1431630879,construction,635.0,51.105912,71.499672,63.0,,manual,https://www.openstreetmap.org/way/1431630879
way,1431630880,construction,635.0,51.105912,71.498905,63.0,,manual,https://www.openstreetmap.org/way/1431630880
way,1431630883,construction,635.0,51.105859,71.496787,63.0,,manual,https://www.openstreetmap.org/way/1431630883
way,1431630881,construction,635.0,51.105922,71.498211,63.0,,manual,https://www.openstreetmap.org/way/1431630881
way,1431630886,construction,635.0,51.106238,71.496935,63.0,,manual,https://www.openstreetmap.org/way/1431630886
way,1431630887,construction,635.0,51.10627,71.497655,63.0,,manual,https://www.openstreetmap.org/way/1431630887
way,1431630903,construction,635.0,51.107036,71.500064,63.0,,manual,https://www.openstreetmap.org/way/1431630903
way,1431630900,construction,635.0,51.107346,71.498052,63.0,,manual,https://www.openstreetmap.org/way/1431630900
way,1179897351,industrial,3958.0,51.135234,71.589568,62.9,,manual,https://www.openstreetmap.org/way/1179897351
way,1431543343,construction,633.0,51.088331,71.42227,62.9,,manual,https://www.openstreetmap.org/way/1431543343
way,240592115,yes,3956.0,51.151003,71.486166,62.9,,manual,https://www.openstreetmap.org/way/240592115
way,241492299,yes,3945.0,51.207669,71.400944,62.8,,manual,https://www.openstreetmap.org/way/241492299
way,1425748346,construction,631.0,51.137458,71.39071,62.8,,manual,https://www.openstreetmap.org/way/1425748346
way,1077499662,yes,3939.0,51.102767,71.492101,62.8,,manual,https://www.openstreetmap.org/way/1077499662
way,917237003,yes,3932.0,51.109074,71.472957,62.7,,manual,https://www.openstreetmap.org/way/917237003
way,258108762,yes,3931.0,51.168904,71.458419,62.7,,manual,https://www.openstreetmap.org/way/258108762
way,258517250,yes,3926.0,51.180531,71.480126,62.7,,manual,https://www.openstreetmap.org/way/258517250
way,1431630876,construction,627.0,51.153002,71.372341,62.6,,manual,https://www.openstreetmap.org/way/1431630876
way,1547012506,construction,626.0,51.136866,71.553201,62.5,,manual,https://www.openstreetmap.org/way/1547012506
way,922029050,yes,3900.0,51.175243,71.489621,62.5,,manual,https://www.openstreetmap.org/way/922029050
way,216575962,industrial,3898.0,51.192622,71.439328,62.4,,manual,https://www.openstreetmap.org/way/216575962
way,425276223,yes,3884.0,51.141026,71.438299,62.3,,manual,https://www.openstreetmap.org/way/425276223
way,258614608,yes,3878.0,51.118931,71.635587,62.3,,manual,https://www.openstreetmap.org/way/258614608
way,1117038167,yes,3863.0,51.123995,71.564377,62.2,,manual,https://www.openstreetmap.org/way/1117038167
way,915749363,yes,3862.0,51.0425,71.428833,62.1,,manual,https://www.openstreetmap.org/way/915749363
way,166197368,yes,3857.0,51.123123,71.463456,62.1,,manual,https://www.openstreetmap.org/way/166197368
way,428784864,yes,3853.0,51.150203,71.42345,62.1,,manual,https://www.openstreetmap.org/way/428784864
relation,14518380,yes,3843.0,51.076177,71.430958,62.0,,manual,https://www.openstreetmap.org/relation/14518380
way,1547179238,construction,614.0,51.131638,71.35704,62.0,,manual,https://www.openstreetmap.org/way/1547179238
way,240921097,yes,3834.0,51.148947,71.395658,61.9,,manual,https://www.openstreetmap.org/way/240921097
way,1479984364,construction,612.0,51.068782,71.426397,61.8,,manual,https://www.openstreetmap.org/way/1479984364
way,1479984359,construction,611.0,51.068103,71.424318,61.8,,manual,https://www.openstreetmap.org/way/1479984359
way,506032001,office,153.0,51.113334,71.422124,61.8,,manual,https://www.openstreetmap.org/way/506032001
way,1088789202,yes,3819.0,51.159932,71.441136,61.8,,manual,https://www.openstreetmap.org/way/1088789202
way,258513289,yes,3811.0,51.17972,71.478869,61.7,,manual,https://www.openstreetmap.org/way/258513289
way,506219750,yes,3795.0,51.182277,71.506769,61.6,,manual,https://www.openstreetmap.org/way/506219750
relation,7219033,yes,3792.0,51.136605,71.427672,61.6,,manual,https://www.openstreetmap.org/relation/7219033
way,1424093204,construction,605.0,51.141849,71.460972,61.5,,manual,https://www.openstreetmap.org/way/1424093204
way,924307105,yes,3782.0,51.206947,71.365704,61.5,,manual,https://www.openstreetmap.org/way/924307105
way,923613809,yes,3782.0,51.172047,71.397497,61.5,,manual,https://www.openstreetmap.org/way/923613809
way,1117315496,construction,605.0,51.201318,71.465352,61.5,,manual,https://www.openstreetmap.org/way/1117315496
way,922029051,yes,3777.0,51.17565,71.489954,61.5,,manual,https://www.openstreetmap.org/way/922029051
way,243299188,industrial,3759.0,51.215788,71.345009,61.3,,manual,https://www.openstreetmap.org/way/243299188
relation,14468767,yes,3757.0,51.20089,71.387315,61.3,,manual,https://www.openstreetmap.org/relation/14468767
way,164827341,yes,3746.0,51.200998,71.365106,61.2,,manual,https://www.openstreetmap.org/way/164827341
way,1103224762,yes,3745.0,51.077256,71.491029,61.2,,manual,https://www.openstreetmap.org/way/1103224762
way,916114025,yes,3741.0,51.095879,71.438357,61.2,,manual,https://www.openstreetmap.org/way/916114025
relation,15648882,yes,3731.0,51.142935,71.456341,61.1,,manual,https://www.openstreetmap.org/relation/15648882
way,1103224575,yes,3730.0,51.081579,71.439324,61.1,,manual,https://www.openstreetmap.org/way/1103224575
way,915770478,yes,3725.0,51.117901,71.459781,61.0,,manual,https://www.openstreetmap.org/way/915770478
relation,14472390,yes,3715.0,51.192793,71.39901,60.9,,manual,https://www.openstreetmap.org/relation/14472390
way,581178627,yes,3714.0,51.193035,71.330334,60.9,,manual,https://www.openstreetmap.org/way/581178627
way,1424659301,construction,594.0,51.129304,71.46312,60.9,,manual,https://www.openstreetmap.org/way/1424659301
way,1424659298,construction,593.0,51.13007,71.461884,60.9,,manual,https://www.openstreetmap.org/way/1424659298
way,1424659303,construction,593.0,51.13018,71.462681,60.9,,manual,https://www.openstreetmap.org/way/1424659303
way,1424659300,construction,593.0,51.129458,71.462455,60.9,,manual,https://www.openstreetmap.org/way/1424659300
way,1424659299,construction,593.0,51.129621,71.461826,60.9,,manual,https://www.openstreetmap.org/way/1424659299
way,1424102502,construction,592.0,51.114671,71.520992,60.9,,manual,https://www.openstreetmap.org/way/1424102502
way,1478765479,construction,592.0,51.106228,71.359004,60.8,,manual,https://www.openstreetmap.org/way/1478765479
way,240605385,yes,3700.0,51.16094,71.495889,60.8,,manual,https://www.openstreetmap.org/way/240605385
way,258163700,yes,3661.0,51.033873,71.47404,60.5,,manual,https://www.openstreetmap.org/way/258163700
way,924307118,yes,3647.0,51.203114,71.346721,60.4,,manual,https://www.openstreetmap.org/way/924307118
way,425328877,yes,3646.0,51.175944,71.390148,60.4,,manual,https://www.openstreetmap.org/way/425328877
way,917669391,yes,3638.0,51.140331,71.499988,60.3,,manual,https://www.openstreetmap.org/way/917669391
way,1424189375,construction,582.0,51.128211,71.390789,60.3,,manual,https://www.openstreetmap.org/way/1424189375
way,1424189373,construction,582.0,51.127991,71.392287,60.3,,manual,https://www.openstreetmap.org/way/1424189373
way,1424189374,construction,582.0,51.128096,71.39153,60.3,,manual,https://www.openstreetmap.org/way/1424189374
way,1060016174,yes,3628.0,51.114889,71.486355,60.2,,manual,https://www.openstreetmap.org/way/1060016174
way,241465077,retail,906.0,51.13744,71.490441,60.2,,manual,https://www.openstreetmap.org/way/241465077
way,1431748349,construction,577.0,51.16437,71.388527,60.1,,manual,https://www.openstreetmap.org/way/1431748349
relation,8662292,yes,3600.0,51.16171,71.434081,60.0,,manual,https://www.openstreetmap.org/relation/8662292
way,428784997,yes,3583.0,51.156798,71.415374,59.9,,manual,https://www.openstreetmap.org/way/428784997
way,258628239,yes,3583.0,51.180835,71.528345,59.9,,manual,https://www.openstreetmap.org/way/258628239
way,260261045,commercial,397.0,51.144129,71.462248,59.8,,manual,https://www.openstreetmap.org/way/260261045
way,1104676291,yes,3576.0,51.190265,71.437043,59.8,,manual,https://www.openstreetmap.org/way/1104676291
way,925184246,yes,3575.0,51.162013,71.523407,59.8,,manual,https://www.openstreetmap.org/way/925184246
way,258110033,yes,3574.0,51.170913,71.461384,59.8,,manual,https://www.openstreetmap.org/way/258110033
way,258120799,yes,3571.0,51.174833,71.457922,59.8,,manual,https://www.openstreetmap.org/way/258120799
way,1124566841,yes,3570.0,51.209417,71.429045,59.8,,manual,https://www.openstreetmap.org/way/1124566841
relation,15394714,yes,3555.0,51.080718,71.434886,59.6,,manual,https://www.openstreetmap.org/relation/15394714
way,1117058425,yes,3553.0,51.137074,71.554738,59.6,,manual,https://www.openstreetmap.org/way/1117058425
way,240931392,yes,3544.0,51.16246,71.490721,59.5,,manual,https://www.openstreetmap.org/way/240931392
way,919012412,yes,3540.0,51.13201,71.371518,59.5,,manual,https://www.openstreetmap.org/way/919012412
way,1103224757,yes,3538.0,51.077902,71.493471,59.5,,manual,https://www.openstreetmap.org/way/1103224757
way,1287990497,construction,566.0,51.126234,71.420355,59.5,,manual,https://www.openstreetmap.org/way/1287990497
way,1287990496,construction,566.0,51.125747,71.420052,59.5,,manual,https://www.openstreetmap.org/way/1287990496
way,1547293591,construction,565.0,51.126518,71.292209,59.4,,manual,https://www.openstreetmap.org/way/1547293591
way,167091300,retail,880.0,51.155267,71.486442,59.3,,manual,https://www.openstreetmap.org/way/167091300
way,1105250689,yes,3521.0,51.041049,71.438692,59.3,,manual,https://www.openstreetmap.org/way/1105250689
way,854897195,yes,3519.0,51.205856,71.48935,59.3,,manual,https://www.openstreetmap.org/way/854897195
way,918589053,yes,3516.0,51.115357,71.543608,59.3,,manual,https://www.openstreetmap.org/way/918589053
way,1087935126,yes,3514.0,51.168253,71.405639,59.3,,manual,https://www.openstreetmap.org/way/1087935126
way,917790755,yes,3511.0,51.106667,71.540623,59.3,,manual,https://www.openstreetmap.org/way/917790755
way,259043626,industrial,3491.0,51.201405,71.347332,59.1,,manual,https://www.openstreetmap.org/way/259043626
way,398755683,yes,3490.0,51.083155,71.378037,59.1,,manual,https://www.openstreetmap.org/way/398755683
way,1479491287,construction,558.0,51.116201,71.356843,59.1,,manual,https://www.openstreetmap.org/way/1479491287
way,258228664,garages,3481.0,51.040984,71.433622,59.0,,manual,https://www.openstreetmap.org/way/258228664
way,1104399722,yes,3478.0,51.156663,71.370695,59.0,,manual,https://www.openstreetmap.org/way/1104399722
way,258517258,yes,3463.0,51.180303,71.481655,58.8,,manual,https://www.openstreetmap.org/way/258517258
way,1535204887,yes,3463.0,51.082278,71.468989,58.8,,manual,https://www.openstreetmap.org/way/1535204887
way,737833557,hangar,216.0,51.235368,71.367831,58.8,,manual,https://www.openstreetmap.org/way/737833557
way,1087935138,yes,3463.0,51.163105,71.40151,58.8,,manual,https://www.openstreetmap.org/way/1087935138
way,1547012501,yes,3460.0,51.13837,71.545768,58.8,,manual,https://www.openstreetmap.org/way/1547012501
way,240391753,yes,3457.0,51.163491,71.430036,58.8,,manual,https://www.openstreetmap.org/way/240391753
way,1430321982,construction,551.0,51.149893,71.439144,58.7,,manual,https://www.openstreetmap.org/way/1430321982
way,914979616,yes,3440.0,51.086484,71.430123,58.6,,manual,https://www.openstreetmap.org/way/914979616
way,216575983,industrial,3437.0,51.201137,71.445938,58.6,,manual,https://www.openstreetmap.org/way/216575983
way,1190550009,yes,3436.0,51.107843,71.511307,58.6,,manual,https://www.openstreetmap.org/way/1190550009
way,1430321984,construction,550.0,51.15035,71.437307,58.6,,manual,https://www.openstreetmap.org/way/1430321984
way,1430321981,construction,549.0,51.149495,71.439194,58.6,,manual,https://www.openstreetmap.org/way/1430321981
way,1430321983,construction,549.0,51.150056,71.438148,58.6,,manual,https://www.openstreetmap.org/way/1430321983
way,1425752348,construction,549.0,51.137827,71.388828,58.6,,manual,https://www.openstreetmap.org/way/1425752348
relation,14522599,yes,3402.0,51.115911,71.391961,58.3,,manual,https://www.openstreetmap.org/relation/14522599
way,1547179241,construction,544.0,51.132371,71.357007,58.3,,manual,https://www.openstreetmap.org/way/1547179241
way,1547179240,construction,544.0,51.132848,71.357064,58.3,,manual,https://www.openstreetmap.org/way/1547179240
relation,3246278,yes,3373.0,51.161069,71.498439,58.1,,manual,https://www.openstreetmap.org/relation/3246278
way,1077656420,yes,3372.0,51.117353,71.462387,58.1,,manual,https://www.openstreetmap.org/way/1077656420
way,577028047,yes,3365.0,51.146719,71.390816,58.0,,manual,https://www.openstreetmap.org/way/577028047
way,1087935125,yes,3364.0,51.168263,71.405175,58.0,,manual,https://www.openstreetmap.org/way/1087935125
way,1547024210,construction,536.0,51.108277,71.367846,57.9,,manual,https://www.openstreetmap.org/way/1547024210
way,1547024209,construction,536.0,51.107945,71.367787,57.9,,manual,https://www.openstreetmap.org/way/1547024209
way,1547024214,construction,536.0,51.108108,71.368436,57.9,,manual,https://www.openstreetmap.org/way/1547024214
way,1547024208,construction,536.0,51.107606,71.367677,57.9,,manual,https://www.openstreetmap.org/way/1547024208
way,1547024211,construction,536.0,51.107189,71.368153,57.9,,manual,https://www.openstreetmap.org/way/1547024211
way,1547024207,construction,536.0,51.107276,71.367548,57.9,,manual,https://www.openstreetmap.org/way/1547024207
way,1547024212,construction,536.0,51.107499,71.368264,57.9,,manual,https://www.openstreetmap.org/way/1547024212
way,1547024213,construction,536.0,51.107812,71.368373,57.9,,manual,https://www.openstreetmap.org/way/1547024213
way,1547179249,construction,535.0,51.143846,71.362234,57.8,,manual,https://www.openstreetmap.org/way/1547179249
way,333552867,yes,3331.0,51.171312,71.433899,57.7,,manual,https://www.openstreetmap.org/way/333552867
way,323835822,hospital,208.0,51.184679,71.410128,57.7,,manual,https://www.openstreetmap.org/way/323835822
way,1104676431,yes,3323.0,51.202802,71.453896,57.6,,manual,https://www.openstreetmap.org/way/1104676431
way,917708144,yes,3321.0,51.118126,71.525624,57.6,,manual,https://www.openstreetmap.org/way/917708144
way,917251164,retail,829.0,51.111532,71.408168,57.6,,manual,https://www.openstreetmap.org/way/917251164
way,51340052,yes,3311.0,51.174596,71.455573,57.5,,manual,https://www.openstreetmap.org/way/51340052
way,1100946423,yes,3306.0,51.123024,71.494583,57.5,,manual,https://www.openstreetmap.org/way/1100946423
way,570350983,yes,3274.0,51.247981,71.375065,57.2,,manual,https://www.openstreetmap.org/way/570350983
way,1104082199,yes,3272.0,51.217006,71.402793,57.2,,manual,https://www.openstreetmap.org/way/1104082199
way,1479984357,construction,522.0,51.067757,71.423921,57.1,,manual,https://www.openstreetmap.org/way/1479984357
way,1113747478,construction,519.0,51.112576,71.465928,57.0,,manual,https://www.openstreetmap.org/way/1113747478
relation,3464850,yes,3243.0,51.158026,71.484994,56.9,,manual,https://www.openstreetmap.org/relation/3464850
way,1420179232,yes,3239.0,51.081957,71.448995,56.9,,manual,https://www.openstreetmap.org/way/1420179232
way,967549122,yes,3227.0,51.147916,71.356716,56.8,,manual,https://www.openstreetmap.org/way/967549122
way,1089447323,yes,3221.0,51.113169,71.487562,56.8,,manual,https://www.openstreetmap.org/way/1089447323
way,258141016,yes,3196.0,51.164599,71.482751,56.5,,manual,https://www.openstreetmap.org/way/258141016
way,1103224761,yes,3195.0,51.076336,71.491501,56.5,,manual,https://www.openstreetmap.org/way/1103224761
way,611772028,yes,3193.0,51.126866,71.374638,56.5,,manual,https://www.openstreetmap.org/way/611772028
way,1547012502,yes,3177.0,51.138399,71.547201,56.4,,manual,https://www.openstreetmap.org/way/1547012502
way,365729110,yes,3172.0,51.161162,71.539509,56.3,,manual,https://www.openstreetmap.org/way/365729110
way,1089059407,yes,3168.0,51.156832,71.468565,56.3,,manual,https://www.openstreetmap.org/way/1089059407
way,1179971349,yes,3168.0,51.163135,71.520394,56.3,,manual,https://www.openstreetmap.org/way/1179971349
way,1089447327,yes,3167.0,51.111791,71.495103,56.3,,manual,https://www.openstreetmap.org/way/1089447327
way,258118162,yes,3166.0,51.18114,71.451308,56.3,,manual,https://www.openstreetmap.org/way/258118162
way,1102541160,yes,3163.0,51.149831,71.572585,56.2,,manual,https://www.openstreetmap.org/way/1102541160
way,1101642572,yes,3158.0,51.040729,71.421483,56.2,,manual,https://www.openstreetmap.org/way/1101642572
way,1113747462,construction,505.0,51.109953,71.464871,56.2,,manual,https://www.openstreetmap.org/way/1113747462
way,240949311,yes,3157.0,51.161088,71.404856,56.2,,manual,https://www.openstreetmap.org/way/240949311
way,570351024,yes,3154.0,51.222421,71.407548,56.2,,manual,https://www.openstreetmap.org/way/570351024
way,1424102140,construction,505.0,51.117677,71.504168,56.2,,manual,https://www.openstreetmap.org/way/1424102140
way,1113747465,construction,504.0,51.111266,71.46544,56.1,,manual,https://www.openstreetmap.org/way/1113747465
way,1479984361,construction,501.0,51.069024,71.425824,56.0,,manual,https://www.openstreetmap.org/way/1479984361
way,258145102,yes,3130.0,51.15651,71.495669,55.9,,manual,https://www.openstreetmap.org/way/258145102
way,578401691,yes,3128.0,51.100945,71.432972,55.9,,manual,https://www.openstreetmap.org/way/578401691
way,727377995,yes,3127.0,51.205526,71.482793,55.9,,manual,https://www.openstreetmap.org/way/727377995
way,1479491286,construction,500.0,51.11662,71.356915,55.9,,manual,https://www.openstreetmap.org/way/1479491286
way,1124566830,guardhouse,781.0,51.208488,71.431744,55.9,,manual,https://www.openstreetmap.org/way/1124566830
way,921993921,yes,3121.0,51.184989,71.458936,55.9,,manual,https://www.openstreetmap.org/way/921993921
way,1104400499,yes,3120.0,51.213821,71.341339,55.9,,manual,https://www.openstreetmap.org/way/1104400499
way,258163635,yes,3099.0,51.026069,71.457056,55.7,,manual,https://www.openstreetmap.org/way/258163635
way,916214388,yes,3098.0,51.097898,71.438401,55.7,,manual,https://www.openstreetmap.org/way/916214388
way,258505865,yes,3093.0,51.178501,71.493922,55.6,,manual,https://www.openstreetmap.org/way/258505865
way,506230957,yes,3090.0,51.032907,71.46705,55.6,,manual,https://www.openstreetmap.org/way/506230957
way,419217662,yes,3087.0,51.059781,71.385713,55.6,,manual,https://www.openstreetmap.org/way/419217662
way,1100946488,yes,3087.0,51.120697,71.512067,55.6,,manual,https://www.openstreetmap.org/way/1100946488
way,241464834,yes,3082.0,51.151333,71.519079,55.5,,manual,https://www.openstreetmap.org/way/241464834
way,1077893855,yes,3077.0,51.188479,71.318262,55.5,,manual,https://www.openstreetmap.org/way/1077893855
way,536291512,garages,3072.0,51.145025,71.45553,55.4,,manual,https://www.openstreetmap.org/way/536291512
way,243299193,industrial,3069.0,51.212605,71.350592,55.4,,manual,https://www.openstreetmap.org/way/243299193
way,1096313736,construction,491.0,51.119633,71.396201,55.4,,manual,https://www.openstreetmap.org/way/1096313736
way,501428048,yes,3063.0,51.10908,71.439359,55.3,,manual,https://www.openstreetmap.org/way/501428048
way,1100947260,yes,3063.0,51.123793,71.530119,55.3,,manual,https://www.openstreetmap.org/way/1100947260
way,916114026,yes,3061.0,51.096871,71.438768,55.3,,manual,https://www.openstreetmap.org/way/916114026
way,257237400,garage,3048.0,51.176648,71.379147,55.2,,manual,https://www.openstreetmap.org/way/257237400
way,1088181997,yes,3042.0,51.162671,71.411814,55.2,,manual,https://www.openstreetmap.org/way/1088181997
way,919012391,yes,3039.0,51.123411,71.374595,55.1,,manual,https://www.openstreetmap.org/way/919012391
way,1113747476,construction,486.0,51.11184,71.465574,55.1,,manual,https://www.openstreetmap.org/way/1113747476
way,506032002,office,121.0,51.114143,71.422423,55.0,,manual,https://www.openstreetmap.org/way/506032002
way,258120805,yes,3029.0,51.176009,71.459058,55.0,,manual,https://www.openstreetmap.org/way/258120805
way,918112838,yes,3027.0,51.15648,71.373529,55.0,,manual,https://www.openstreetmap.org/way/918112838
way,921993922,yes,3023.0,51.185473,71.460416,55.0,,manual,https://www.openstreetmap.org/way/921993922
way,919012393,yes,3022.0,51.120148,71.378881,55.0,,manual,https://www.openstreetmap.org/way/919012393
way,916153705,yes,3019.0,51.13029,71.369707,54.9,,manual,https://www.openstreetmap.org/way/916153705
way,1077659373,yes,3018.0,51.046595,71.487741,54.9,,manual,https://www.openstreetmap.org/way/1077659373
way,1104766575,yes,3015.0,51.169001,71.519098,54.9,,manual,https://www.openstreetmap.org/way/1104766575
way,1113747565,yes,3010.0,51.112618,71.490326,54.9,,manual,https://www.openstreetmap.org/way/1113747565
way,258505871,yes,3009.0,51.178365,71.494436,54.9,,manual,https://www.openstreetmap.org/way/258505871
way,419217651,yes,3008.0,51.061368,71.386385,54.8,,manual,https://www.openstreetmap.org/way/419217651
way,915441132,yes,3004.0,51.103154,71.430595,54.8,,manual,https://www.openstreetmap.org/way/915441132
way,967549121,yes,2998.0,51.146489,71.357367,54.8,,manual,https://www.openstreetmap.org/way/967549121
way,240376645,yes,2991.0,51.169139,71.429913,54.7,,manual,https://www.openstreetmap.org/way/240376645
way,258536523,yes,2988.0,51.193757,71.475733,54.7,,manual,https://www.openstreetmap.org/way/258536523
way,1546918597,construction,478.0,51.098874,71.50791,54.7,,manual,https://www.openstreetmap.org/way/1546918597
way,1113747483,construction,478.0,51.11403,71.466475,54.7,,manual,https://www.openstreetmap.org/way/1113747483
way,259505129,retail,746.0,51.201763,71.481913,54.6,,manual,https://www.openstreetmap.org/way/259505129
way,570352947,yes,2968.0,51.195916,71.477841,54.5,,manual,https://www.openstreetmap.org/way/570352947
way,1475405547,construction,475.0,51.097518,71.496182,54.5,,manual,https://www.openstreetmap.org/way/1475405547
way,916214402,yes,2965.0,51.144473,71.39148,54.5,,manual,https://www.openstreetmap.org/way/916214402
way,258120806,yes,2965.0,51.175531,71.458598,54.5,,manual,https://www.openstreetmap.org/way/258120806
way,1547005998,yes,2965.0,51.159072,71.563769,54.4,,manual,https://www.openstreetmap.org/way/1547005998
way,257237397,garage,2962.0,51.174767,71.377352,54.4,,manual,https://www.openstreetmap.org/way/257237397
way,465212850,train_station,329.0,51.113668,71.69739,54.4,,manual,https://www.openstreetmap.org/way/465212850
way,1113747566,yes,2961.0,51.11136,71.48748,54.4,,manual,https://www.openstreetmap.org/way/1113747566
way,242613835,yes,2960.0,51.131217,71.456605,54.4,,manual,https://www.openstreetmap.org/way/242613835
way,243299275,yes,2955.0,51.197318,71.345834,54.4,,manual,https://www.openstreetmap.org/way/243299275
way,1479984358,construction,472.0,51.067418,71.424254,54.3,,manual,https://www.openstreetmap.org/way/1479984358
way,1546904925,construction,472.0,51.072995,71.472612,54.3,,manual,https://www.openstreetmap.org/way/1546904925
way,424894963,yes,2947.0,51.085575,71.398256,54.3,,manual,https://www.openstreetmap.org/way/424894963
way,240931439,yes,2945.0,51.163439,71.492982,54.3,,manual,https://www.openstreetmap.org/way/240931439
way,1100946079,yes,2944.0,51.087663,71.479877,54.3,,manual,https://www.openstreetmap.org/way/1100946079
way,1100946490,yes,2939.0,51.122608,71.509208,54.2,,manual,https://www.openstreetmap.org/way/1100946490
relation,6334708,yes,2935.0,51.167171,71.404501,54.2,,manual,https://www.openstreetmap.org/relation/6334708
way,506032077,yes,2934.0,51.112063,71.405127,54.2,,manual,https://www.openstreetmap.org/way/506032077
way,1117058399,yes,2927.0,51.142828,71.557545,54.1,,manual,https://www.openstreetmap.org/way/1117058399
way,1064067914,yes,2918.0,51.113259,71.394488,54.0,,manual,https://www.openstreetmap.org/way/1064067914
way,1064067918,yes,2917.0,51.111511,71.394743,54.0,,manual,https://www.openstreetmap.org/way/1064067918
way,1064067913,yes,2917.0,51.113486,71.392968,54.0,,manual,https://www.openstreetmap.org/way/1064067913
way,1064067917,yes,2917.0,51.11175,71.393187,54.0,,manual,https://www.openstreetmap.org/way/1064067917
way,1064067915,yes,2916.0,51.113747,71.391484,54.0,,manual,https://www.openstreetmap.org/way/1064067915
way,506040325,yes,2905.0,51.100462,71.431876,53.9,,manual,https://www.openstreetmap.org/way/506040325
way,258536506,yes,2898.0,51.188475,71.479365,53.8,,manual,https://www.openstreetmap.org/way/258536506
way,506230994,yes,2898.0,51.022518,71.452619,53.8,,manual,https://www.openstreetmap.org/way/506230994
way,1546904924,construction,463.0,51.072714,71.472739,53.8,,manual,https://www.openstreetmap.org/way/1546904924
way,260264276,commercial,322.0,51.144159,71.465941,53.8,,manual,https://www.openstreetmap.org/way/260264276
way,1064067919,yes,2895.0,51.111254,71.396304,53.8,,manual,https://www.openstreetmap.org/way/1064067919
way,30637416,yes,2894.0,51.183995,71.413669,53.8,,manual,https://www.openstreetmap.org/way/30637416
way,258120786,yes,2892.0,51.175539,71.460634,53.8,,manual,https://www.openstreetmap.org/way/258120786
way,258242258,warehouse,462.0,51.044243,71.432692,53.8,,manual,https://www.openstreetmap.org/way/258242258
way,1076788039,yes,2887.0,51.098082,71.433964,53.7,,manual,https://www.openstreetmap.org/way/1076788039
way,243299258,industrial,2887.0,51.219554,71.339897,53.7,,manual,https://www.openstreetmap.org/way/243299258
way,166500595,yes,2882.0,51.02891,71.464992,53.7,,manual,https://www.openstreetmap.org/way/166500595
way,258505941,yes,2878.0,51.17653,71.477069,53.6,,manual,https://www.openstreetmap.org/way/258505941
way,918592054,yes,2876.0,51.129312,71.555915,53.6,,manual,https://www.openstreetmap.org/way/918592054
way,425317642,yes,2875.0,51.059492,71.420227,53.6,,manual,https://www.openstreetmap.org/way/425317642
way,425317651,yes,2871.0,51.058339,71.422213,53.6,,manual,https://www.openstreetmap.org/way/425317651
way,506219723,yes,2871.0,51.181225,71.515404,53.6,,manual,https://www.openstreetmap.org/way/506219723
way,921993992,yes,2870.0,51.178002,71.469169,53.6,,manual,https://www.openstreetmap.org/way/921993992
way,1113747493,yes,2862.0,51.113486,71.521131,53.5,,manual,https://www.openstreetmap.org/way/1113747493
way,1104399931,yes,2860.0,51.155247,71.351749,53.5,,manual,https://www.openstreetmap.org/way/1104399931
way,522035157,yes,2857.0,51.095886,71.395923,53.5,,manual,https://www.openstreetmap.org/way/522035157
way,1090577505,yes,2850.0,51.126273,71.375507,53.4,,manual,https://www.openstreetmap.org/way/1090577505
way,1117058421,yes,2846.0,51.137022,71.550263,53.3,,manual,https://www.openstreetmap.org/way/1117058421
way,1301848545,yes,2846.0,51.100889,71.393648,53.3,,manual,https://www.openstreetmap.org/way/1301848545
way,506220817,yes,2845.0,51.016513,71.447443,53.3,,manual,https://www.openstreetmap.org/way/506220817
way,166500588,yes,2839.0,51.033602,71.471279,53.3,,manual,https://www.openstreetmap.org/way/166500588
way,241130634,yes,2835.0,51.174378,71.387455,53.2,,manual,https://www.openstreetmap.org/way/241130634
way,258113678,yes,2835.0,51.177409,71.461641,53.2,,manual,https://www.openstreetmap.org/way/258113678
way,933230470,yes,2823.0,51.183383,71.471973,53.1,,manual,https://www.openstreetmap.org/way/933230470
relation,14340935,yes,2820.0,51.078139,71.489884,53.1,,manual,https://www.openstreetmap.org/relation/14340935
relation,14340936,yes,2806.0,51.079049,71.490221,53.0,,manual,https://www.openstreetmap.org/relation/14340936
way,514821488,apartments,35.0,51.178417,71.424207,53.0,,manual,https://www.openstreetmap.org/way/514821488
way,1475405548,construction,448.0,51.097098,71.496287,52.9,,manual,https://www.openstreetmap.org/way/1475405548
way,578443242,yes,2795.0,51.09432,71.429607,52.9,,manual,https://www.openstreetmap.org/way/578443242
way,1113747482,construction,445.0,51.113227,71.465816,52.8,,manual,https://www.openstreetmap.org/way/1113747482
way,257237392,garage,2783.0,51.174885,71.377118,52.8,,manual,https://www.openstreetmap.org/way/257237392
way,258536463,yes,2781.0,51.184031,71.498788,52.7,,manual,https://www.openstreetmap.org/way/258536463
way,257237401,garage,2781.0,51.17501,71.376891,52.7,,manual,https://www.openstreetmap.org/way/257237401
way,1103224569,yes,2781.0,51.095766,71.413723,52.7,,manual,https://www.openstreetmap.org/way/1103224569
way,1076778779,yes,2780.0,51.050315,71.435542,52.7,,manual,https://www.openstreetmap.org/way/1076778779
way,240376641,yes,2773.0,51.175189,71.433547,52.7,,manual,https://www.openstreetmap.org/way/240376641
way,1081420753,yes,2770.0,51.061044,71.387603,52.6,,manual,https://www.openstreetmap.org/way/1081420753
way,615758920,yes,2769.0,51.181729,71.510241,52.6,,manual,https://www.openstreetmap.org/way/615758920
way,917237008,yes,2767.0,51.105475,71.434952,52.6,,manual,https://www.openstreetmap.org/way/917237008
way,243299245,industrial,2754.0,51.216947,71.346754,52.5,,manual,https://www.openstreetmap.org/way/243299245
way,258628243,yes,2750.0,51.178125,71.506962,52.4,,manual,https://www.openstreetmap.org/way/258628243
way,1104766569,yes,2749.0,51.173437,71.51676,52.4,,manual,https://www.openstreetmap.org/way/1104766569
way,51340077,yes,2749.0,51.175074,71.455776,52.4,,manual,https://www.openstreetmap.org/way/51340077
way,258536445,yes,2747.0,51.188145,71.486117,52.4,,manual,https://www.openstreetmap.org/way/258536445
way,236957732,yes,2743.0,51.157029,71.512122,52.4,,manual,https://www.openstreetmap.org/way/236957732
way,262346113,yes,2740.0,51.185817,71.469239,52.3,,manual,https://www.openstreetmap.org/way/262346113
way,1060016175,yes,2739.0,51.114443,71.489827,52.3,,manual,https://www.openstreetmap.org/way/1060016175
way,258505870,yes,2739.0,51.178171,71.486176,52.3,,manual,https://www.openstreetmap.org/way/258505870
way,1104766568,yes,2737.0,51.173986,71.498592,52.3,,manual,https://www.openstreetmap.org/way/1104766568
way,258140974,yes,2732.0,51.164461,71.483859,52.3,,manual,https://www.openstreetmap.org/way/258140974
way,258786543,yes,2729.0,51.10169,71.48921,52.2,,manual,https://www.openstreetmap.org/way/258786543
relation,14509990,yes,2727.0,51.073725,71.392586,52.2,,manual,https://www.openstreetmap.org/relation/14509990
way,915441141,yes,2725.0,51.105843,71.426843,52.2,,manual,https://www.openstreetmap.org/way/915441141
way,257237390,garage,2725.0,51.173274,71.374823,52.2,,manual,https://www.openstreetmap.org/way/257237390
relation,14518381,yes,2725.0,51.086999,71.425288,52.2,,manual,https://www.openstreetmap.org/relation/14518381
way,917364220,yes,2714.0,51.125105,71.480138,52.1,,manual,https://www.openstreetmap.org/way/917364220
way,320769136,yes,2712.0,51.195313,71.346412,52.1,,manual,https://www.openstreetmap.org/way/320769136
way,258536443,yes,2711.0,51.190136,71.494546,52.1,,manual,https://www.openstreetmap.org/way/258536443
way,1539330342,yes,2707.0,51.170702,71.521676,52.0,,manual,https://www.openstreetmap.org/way/1539330342
way,1539330341,yes,2707.0,51.170392,71.522521,52.0,,manual,https://www.openstreetmap.org/way/1539330341
way,1539330340,yes,2706.0,51.170071,71.523333,52.0,,manual,https://www.openstreetmap.org/way/1539330340
way,916153726,yes,2701.0,51.141267,71.363304,52.0,,manual,https://www.openstreetmap.org/way/916153726
relation,14522591,yes,2700.0,51.136248,71.362074,52.0,,manual,https://www.openstreetmap.org/relation/14522591
way,1064067916,yes,2698.0,51.112961,71.39604,51.9,,manual,https://www.openstreetmap.org/way/1064067916
way,1105503875,yes,2698.0,51.184351,71.431579,51.9,,manual,https://www.openstreetmap.org/way/1105503875
way,257237415,garage,2696.0,51.173403,71.374566,51.9,,manual,https://www.openstreetmap.org/way/257237415
way,398755681,yes,2692.0,51.082743,71.37802,51.9,,manual,https://www.openstreetmap.org/way/398755681
way,916153736,yes,2687.0,51.140302,71.362982,51.8,,manual,https://www.openstreetmap.org/way/916153736
way,924307114,yes,2673.0,51.201422,71.34203,51.7,,manual,https://www.openstreetmap.org/way/924307114
way,1106016820,yes,2673.0,51.26215,71.397758,51.7,,manual,https://www.openstreetmap.org/way/1106016820
way,243067407,sports_centre,2655.0,51.170204,71.406917,51.5,,manual,https://www.openstreetmap.org/way/243067407
way,917478480,yes,2646.0,51.146728,71.425365,51.4,,manual,https://www.openstreetmap.org/way/917478480
relation,14340932,yes,2645.0,51.078943,71.493263,51.4,,manual,https://www.openstreetmap.org/relation/14340932
way,1100946489,yes,2638.0,51.121942,71.50932,51.4,,manual,https://www.openstreetmap.org/way/1100946489
way,425317645,yes,2637.0,51.057586,71.423397,51.4,,manual,https://www.openstreetmap.org/way/425317645
relation,14186057,yes,2631.0,51.111891,71.398092,51.3,,manual,https://www.openstreetmap.org/relation/14186057
relation,12446164,yes,2631.0,51.112763,71.398376,51.3,,manual,https://www.openstreetmap.org/relation/12446164
way,1546904916,construction,421.0,51.08099,71.493421,51.3,,manual,https://www.openstreetmap.org/way/1546904916
way,258143024,yes,2621.0,51.165085,71.469987,51.2,,manual,https://www.openstreetmap.org/way/258143024
way,258113668,yes,2613.0,51.179573,71.457135,51.1,,manual,https://www.openstreetmap.org/way/258113668
way,918597320,yes,2605.0,51.163644,71.405562,51.0,,manual,https://www.openstreetmap.org/way/918597320
way,1547006009,yes,2602.0,51.16116,71.571234,51.0,,manual,https://www.openstreetmap.org/way/1547006009
way,925087313,yes,2601.0,51.211723,71.346304,51.0,,manual,https://www.openstreetmap.org/way/925087313
way,237347726,yes,2601.0,51.143288,71.409994,51.0,,manual,https://www.openstreetmap.org/way/237347726
way,1105503884,yes,2599.0,51.181568,71.43244,51.0,,manual,https://www.openstreetmap.org/way/1105503884
way,583447188,yes,2596.0,51.178819,71.495059,51.0,,manual,https://www.openstreetmap.org/way/583447188
relation,14501995,yes,2594.0,51.143129,71.470537,50.9,,manual,https://www.openstreetmap.org/relation/14501995
way,916153722,yes,2587.0,51.142378,71.363749,50.9,,manual,https://www.openstreetmap.org/way/916153722
way,258120739,yes,2587.0,51.174429,71.45991,50.9,,manual,https://www.openstreetmap.org/way/258120739
way,727447025,yes,2586.0,51.024204,71.393378,50.8,,manual,https://www.openstreetmap.org/way/727447025
way,258113649,yes,2579.0,51.176522,71.459675,50.8,,manual,https://www.openstreetmap.org/way/258113649
way,1104766570,yes,2575.0,51.173654,71.517999,50.7,,manual,https://www.openstreetmap.org/way/1104766570
way,1124566824,yes,2574.0,51.210545,71.442753,50.7,,manual,https://www.openstreetmap.org/way/1124566824
way,30014344,kindergarten,643.0,51.18699,71.413924,50.7,,manual,https://www.openstreetmap.org/way/30014344
way,1076839418,yes,2570.0,51.118744,71.406354,50.7,,manual,https://www.openstreetmap.org/way/1076839418
way,1190550020,yes,2563.0,51.109052,71.512691,50.6,,manual,https://www.openstreetmap.org/way/1190550020
way,259043617,yes,2562.0,51.207678,71.318451,50.6,,manual,https://www.openstreetmap.org/way/259043617
way,954800642,yes,2547.0,51.12318,71.287799,50.5,,manual,https://www.openstreetmap.org/way/954800642
way,344639742,yes,2546.0,51.144946,71.5441,50.5,,manual,https://www.openstreetmap.org/way/344639742
way,425291279,yes,2544.0,51.117951,71.478035,50.4,,manual,https://www.openstreetmap.org/way/425291279
way,258108740,yes,2541.0,51.16837,71.460032,50.4,,manual,https://www.openstreetmap.org/way/258108740
way,665402171,yes,2541.0,51.227368,71.398551,50.4,,manual,https://www.openstreetmap.org/way/665402171
way,51488507,yes,2535.0,51.204519,71.39767,50.3,,manual,https://www.openstreetmap.org/way/51488507
way,570350997,yes,2534.0,51.227241,71.397996,50.3,,manual,https://www.openstreetmap.org/way/570350997
way,1547970505,construction,404.0,51.041469,71.432553,50.3,,manual,https://www.openstreetmap.org/way/1547970505
way,235846754,yes,2519.0,51.119408,71.410569,50.2,,manual,https://www.openstreetmap.org/way/235846754
way,921923762,yes,2516.0,51.156552,71.516611,50.2,,manual,https://www.openstreetmap.org/way/921923762
way,1106016758,yes,2514.0,51.221293,71.327851,50.1,,manual,https://www.openstreetmap.org/way/1106016758
way,1478765478,construction,402.0,51.106216,71.36023,50.1,,manual,https://www.openstreetmap.org/way/1478765478
way,259330168,industrial,2511.0,51.218954,71.50394,50.1,,manual,https://www.openstreetmap.org/way/259330168
way,243299249,industrial,2510.0,51.213544,71.353299,50.1,,manual,https://www.openstreetmap.org/way/243299249
way,1479592250,yes,2510.0,51.144939,71.365017,50.1,,manual,https://www.openstreetmap.org/way/1479592250
way,1096313738,construction,400.0,51.119007,71.395946,50.0,,manual,https://www.openstreetmap.org/way/1096313738
way,918592053,yes,2496.0,51.129529,71.554733,50.0,,manual,https://www.openstreetmap.org/way/918592053
way,1089447336,yes,2496.0,51.113448,71.518005,50.0,,manual,https://www.openstreetmap.org/way/1089447336
way,315005316,yes,2489.0,51.187711,71.368324,49.9,,manual,https://www.openstreetmap.org/way/315005316
way,737833562,hangar,155.0,51.23683,71.367618,49.9,,manual,https://www.openstreetmap.org/way/737833562
way,1087935153,yes,2488.0,51.169261,71.402299,49.9,,manual,https://www.openstreetmap.org/way/1087935153
way,424913917,yes,2483.0,51.154053,71.471024,49.8,,manual,https://www.openstreetmap.org/way/424913917
way,241248720,yes,2482.0,51.175903,71.462425,49.8,,manual,https://www.openstreetmap.org/way/241248720
way,1479585647,yes,2482.0,51.125288,71.373649,49.8,,manual,https://www.openstreetmap.org/way/1479585647
way,564536141,yes,2478.0,51.146765,71.536216,49.8,,manual,https://www.openstreetmap.org/way/564536141
way,737833567,yes,2463.0,51.212125,71.343056,49.6,,manual,https://www.openstreetmap.org/way/737833567
way,1486130524,yes,2463.0,51.13691,71.556265,49.6,,manual,https://www.openstreetmap.org/way/1486130524
way,376786558,commercial,273.0,51.171844,71.423494,49.6,,manual,https://www.openstreetmap.org/way/376786558
way,240304392,yes,2457.0,51.17244,71.451093,49.6,,manual,https://www.openstreetmap.org/way/240304392
way,258505881,yes,2457.0,51.18167,71.494114,49.6,,manual,https://www.openstreetmap.org/way/258505881
way,1531630222,commercial,272.0,51.129174,71.256568,49.5,,manual,https://www.openstreetmap.org/way/1531630222
way,926610983,commercial,272.0,51.210335,71.484733,49.5,,manual,https://www.openstreetmap.org/way/926610983
way,425721190,yes,2444.0,51.093839,71.398784,49.4,,manual,https://www.openstreetmap.org/way/425721190
way,258120733,yes,2444.0,51.173305,71.464208,49.4,,manual,https://www.openstreetmap.org/way/258120733
way,1086005682,yes,2444.0,51.202115,71.328129,49.4,,manual,https://www.openstreetmap.org/way/1086005682
way,1102541592,yes,2438.0,51.215148,71.505373,49.4,,manual,https://www.openstreetmap.org/way/1102541592
way,1459345546,church,1083.0,51.074924,71.383966,49.4,,manual,https://www.openstreetmap.org/way/1459345546
way,839482398,yes,2437.0,51.239784,71.37815,49.4,,manual,https://www.openstreetmap.org/way/839482398
way,1076674341,yes,2428.0,51.124567,71.493743,49.3,,manual,https://www.openstreetmap.org/way/1076674341
way,1106016784,yes,2428.0,51.222325,71.325634,49.3,,manual,https://www.openstreetmap.org/way/1106016784
way,243299266,industrial,2427.0,51.216186,71.344373,49.3,,manual,https://www.openstreetmap.org/way/243299266
way,917348934,yes,2426.0,51.115699,71.480332,49.3,,manual,https://www.openstreetmap.org/way/917348934
way,1459987173,yes,2422.0,51.130738,71.600358,49.2,,manual,https://www.openstreetmap.org/way/1459987173
way,1117058404,yes,2421.0,51.142032,71.556117,49.2,,manual,https://www.openstreetmap.org/way/1117058404
way,1163649765,yes,2420.0,51.217785,71.391995,49.2,,manual,https://www.openstreetmap.org/way/1163649765
way,258113672,yes,2412.0,51.175082,71.464786,49.1,,manual,https://www.openstreetmap.org/way/258113672
way,1546904922,construction,385.0,51.072398,71.472805,49.0,,manual,https://www.openstreetmap.org/way/1546904922
way,1546904923,construction,385.0,51.07247,71.472263,49.0,,manual,https://www.openstreetmap.org/way/1546904923
way,1109634648,yes,2395.0,51.123312,71.565626,48.9,,manual,https://www.openstreetmap.org/way/1109634648
way,1096313753,yes,2393.0,51.10567,71.401962,48.9,,manual,https://www.openstreetmap.org/way/1096313753
way,240921075,yes,2388.0,51.146931,71.406063,48.9,,manual,https://www.openstreetmap.org/way/240921075
way,243299217,yes,2375.0,51.206227,71.366902,48.7,,manual,https://www.openstreetmap.org/way/243299217
way,242364770,yes,2374.0,51.153575,71.417981,48.7,,manual,https://www.openstreetmap.org/way/242364770
way,578369831,yes,2373.0,51.153957,71.343838,48.7,,manual,https://www.openstreetmap.org/way/578369831
way,570350999,yes,2371.0,51.227543,71.394719,48.7,,manual,https://www.openstreetmap.org/way/570350999
way,577099474,yes,2370.0,51.169368,71.383211,48.7,,manual,https://www.openstreetmap.org/way/577099474
way,1096313750,yes,2370.0,51.105877,71.399459,48.7,,manual,https://www.openstreetmap.org/way/1096313750
way,1546904921,yes,2369.0,51.072829,71.482921,48.7,,manual,https://www.openstreetmap.org/way/1546904921
way,243299212,yes,2367.0,51.174363,71.344705,48.7,,manual,https://www.openstreetmap.org/way/243299212
relation,14522577,yes,2362.0,51.149346,71.367402,48.6,,manual,https://www.openstreetmap.org/relation/14522577
way,1100946922,yes,2361.0,51.142182,71.456883,48.6,,manual,https://www.openstreetmap.org/way/1100946922
way,1179971389,yes,2358.0,51.160358,71.521269,48.6,,manual,https://www.openstreetmap.org/way/1179971389
way,258118126,yes,2357.0,51.181488,71.447321,48.5,,manual,https://www.openstreetmap.org/way/258118126
way,240706685,yes,2355.0,51.144437,71.501027,48.5,,manual,https://www.openstreetmap.org/way/240706685
way,1104023052,yes,2351.0,51.150222,71.562201,48.5,,manual,https://www.openstreetmap.org/way/1104023052
way,1100946332,yes,2347.0,51.12394,71.433646,48.4,,manual,https://www.openstreetmap.org/way/1100946332
way,918231290,yes,2346.0,51.149119,71.429301,48.4,,manual,https://www.openstreetmap.org/way/918231290
way,1090577512,yes,2335.0,51.11828,71.395671,48.3,,manual,https://www.openstreetmap.org/way/1090577512
way,258513242,yes,2335.0,51.181949,71.477927,48.3,,manual,https://www.openstreetmap.org/way/258513242
way,243067475,yes,2335.0,51.123999,71.506921,48.3,,manual,https://www.openstreetmap.org/way/243067475
way,261127132,yes,2333.0,51.185242,71.423056,48.3,,manual,https://www.openstreetmap.org/way/261127132
way,1190550002,yes,2333.0,51.104276,71.511081,48.3,,manual,https://www.openstreetmap.org/way/1190550002
way,1102541329,industrial,2326.0,51.173284,71.537229,48.2,,manual,https://www.openstreetmap.org/way/1102541329
way,240921066,yes,2325.0,51.14981,71.38891,48.2,,manual,https://www.openstreetmap.org/way/240921066
way,1104676290,yes,2323.0,51.19068,71.43575,48.2,,manual,https://www.openstreetmap.org/way/1104676290
way,258163683,yes,2318.0,51.023081,71.454326,48.1,,manual,https://www.openstreetmap.org/way/258163683
way,1190549624,yes,2314.0,51.106734,71.526898,48.1,,manual,https://www.openstreetmap.org/way/1190549624
way,258242298,yes,2313.0,51.042724,71.43614,48.1,,manual,https://www.openstreetmap.org/way/258242298
way,583447174,yes,2310.0,51.18014,71.498283,48.1,,manual,https://www.openstreetmap.org/way/583447174
way,1513408231,yes,2310.0,51.107433,71.534573,48.1,,manual,https://www.openstreetmap.org/way/1513408231
way,506230973,yes,2310.0,51.039977,71.485334,48.1,,manual,https://www.openstreetmap.org/way/506230973
relation,14677356,yes,2309.0,51.205428,71.488662,48.1,,manual,https://www.openstreetmap.org/relation/14677356
way,1117037630,yes,2308.0,51.127952,71.587564,48.0,,manual,https://www.openstreetmap.org/way/1117037630
way,1104766567,yes,2307.0,51.173187,71.500196,48.0,,manual,https://www.openstreetmap.org/way/1104766567
way,398742635,yes,2302.0,51.143665,71.375001,48.0,,manual,https://www.openstreetmap.org/way/398742635
way,257237393,garage,2298.0,51.173325,71.375331,47.9,,manual,https://www.openstreetmap.org/way/257237393
way,258628270,yes,2298.0,51.188192,71.515466,47.9,,manual,https://www.openstreetmap.org/way/258628270
way,727416443,yes,2294.0,51.241026,71.359524,47.9,,manual,https://www.openstreetmap.org/way/727416443
way,1085003042,yes,2292.0,51.106686,71.528627,47.9,,manual,https://www.openstreetmap.org/way/1085003042
way,258143074,yes,2282.0,51.172141,71.478512,47.8,,manual,https://www.openstreetmap.org/way/258143074
way,1190550006,yes,2277.0,51.106424,71.51191,47.7,,manual,https://www.openstreetmap.org/way/1190550006
way,1104766606,yes,2275.0,51.18182,71.469362,47.7,,manual,https://www.openstreetmap.org/way/1104766606
way,917348909,yes,2275.0,51.129725,71.506175,47.7,,manual,https://www.openstreetmap.org/way/917348909
way,258108739,yes,2273.0,51.168555,71.459442,47.7,,manual,https://www.openstreetmap.org/way/258108739
way,258628234,yes,2272.0,51.167605,71.524657,47.7,,manual,https://www.openstreetmap.org/way/258628234
way,595431289,yes,2270.0,51.204243,71.486277,47.6,,manual,https://www.openstreetmap.org/way/595431289
way,1478765475,construction,363.0,51.106752,71.358405,47.6,,manual,https://www.openstreetmap.org/way/1478765475
way,240860214,yes,2268.0,51.136943,71.471464,47.6,,manual,https://www.openstreetmap.org/way/240860214
way,1117038179,yes,2267.0,51.135763,71.571539,47.6,,manual,https://www.openstreetmap.org/way/1117038179
way,1431634823,yes,2265.0,51.075418,71.389809,47.6,,manual,https://www.openstreetmap.org/way/1431634823
way,355399628,industrial,2265.0,51.184318,71.392532,47.6,,manual,https://www.openstreetmap.org/way/355399628
way,608123345,yes,2264.0,51.108731,71.423096,47.6,,manual,https://www.openstreetmap.org/way/608123345
way,1102541245,yes,2261.0,51.144465,71.582238,47.6,,manual,https://www.openstreetmap.org/way/1102541245
way,425317632,yes,2260.0,51.062189,71.42019,47.5,,manual,https://www.openstreetmap.org/way/425317632
way,424980096,yes,2260.0,51.12874,71.48897,47.5,,manual,https://www.openstreetmap.org/way/424980096
way,424980097,yes,2260.0,51.128971,71.492611,47.5,,manual,https://www.openstreetmap.org/way/424980097
way,1102351677,yes,2259.0,51.144382,71.460533,47.5,,manual,https://www.openstreetmap.org/way/1102351677
relation,14505805,yes,2255.0,51.120414,71.50939,47.5,,manual,https://www.openstreetmap.org/relation/14505805
relation,21180973,yes,2248.0,51.061052,71.388663,47.4,,manual,https://www.openstreetmap.org/relation/21180973
way,919012388,yes,2244.0,51.125805,71.378884,47.4,,manual,https://www.openstreetmap.org/way/919012388
way,258628229,yes,2244.0,51.178957,71.517333,47.4,,manual,https://www.openstreetmap.org/way/258628229
way,1117038212,yes,2242.0,51.131326,71.597266,47.4,,manual,https://www.openstreetmap.org/way/1117038212
way,1431634818,yes,2237.0,51.073183,71.394259,47.3,,manual,https://www.openstreetmap.org/way/1431634818
way,954800651,yes,2229.0,51.122469,71.287182,47.2,,manual,https://www.openstreetmap.org/way/954800651
way,258118138,yes,2224.0,51.182957,71.44687,47.2,,manual,https://www.openstreetmap.org/way/258118138
way,240938583,yes,2224.0,51.158393,71.406319,47.2,,manual,https://www.openstreetmap.org/way/240938583
way,258163634,yes,2223.0,51.029646,71.466292,47.1,,manual,https://www.openstreetmap.org/way/258163634
way,216575992,industrial,2222.0,51.194087,71.440501,47.1,,manual,https://www.openstreetmap.org/way/216575992
way,1532998992,yes,2217.0,51.124032,71.290257,47.1,,manual,https://www.openstreetmap.org/way/1532998992
way,917237009,yes,2215.0,51.104507,71.434386,47.1,,manual,https://www.openstreetmap.org/way/917237009
way,1190549623,yes,2214.0,51.10714,71.527972,47.1,,manual,https://www.openstreetmap.org/way/1190549623
way,258113720,yes,2211.0,51.179299,71.458276,47.0,,manual,https://www.openstreetmap.org/way/258113720
way,1107059944,yes,2206.0,51.207978,71.346352,47.0,,manual,https://www.openstreetmap.org/way/1107059944
way,256948786,yes,2205.0,51.201151,71.480491,47.0,,manual,https://www.openstreetmap.org/way/256948786
way,1102541297,yes,2201.0,51.167952,71.539908,46.9,,manual,https://www.openstreetmap.org/way/1102541297
way,243067444,yes,2198.0,51.123895,71.406092,46.9,,manual,https://www.openstreetmap.org/way/243067444
way,1113747477,construction,352.0,51.111873,71.465275,46.9,,manual,https://www.openstreetmap.org/way/1113747477
way,261094641,yes,2194.0,51.183603,71.441071,46.8,,manual,https://www.openstreetmap.org/way/261094641
way,51488513,yes,2193.0,51.204962,71.402185,46.8,,manual,https://www.openstreetmap.org/way/51488513
way,1420179229,yes,2193.0,51.080177,71.447781,46.8,,manual,https://www.openstreetmap.org/way/1420179229
way,1106784403,yes,2185.0,51.112142,71.64886,46.7,,manual,https://www.openstreetmap.org/way/1106784403
way,1190550004,yes,2183.0,51.105525,71.511555,46.7,,manual,https://www.openstreetmap.org/way/1190550004
way,1547030311,kindergarten,545.0,51.122066,71.377775,46.7,,manual,https://www.openstreetmap.org/way/1547030311
way,1479984351,yes,2178.0,51.078286,71.433686,46.7,,manual,https://www.openstreetmap.org/way/1479984351
way,1117136711,yes,2175.0,51.141868,71.54188,46.6,,manual,https://www.openstreetmap.org/way/1117136711
way,1190550005,yes,2169.0,51.105629,71.510449,46.6,,manual,https://www.openstreetmap.org/way/1190550005
way,1546292222,yes,2169.0,51.09931,71.442474,46.6,,manual,https://www.openstreetmap.org/way/1546292222
way,258536527,yes,2168.0,51.193612,71.482316,46.6,,manual,https://www.openstreetmap.org/way/258536527
way,258113666,yes,2166.0,51.173306,71.465736,46.5,,manual,https://www.openstreetmap.org/way/258113666
way,1532995300,yes,2163.0,51.150976,71.350117,46.5,,manual,https://www.openstreetmap.org/way/1532995300
way,243299216,yes,2163.0,51.175416,71.345959,46.5,,manual,https://www.openstreetmap.org/way/243299216
relation,12460481,yes,2162.0,51.127177,71.55066,46.5,,manual,https://www.openstreetmap.org/relation/12460481
relation,8466683,yes,2157.0,51.166179,71.474375,46.4,,manual,https://www.openstreetmap.org/relation/8466683
way,923286963,yes,2156.0,51.170439,71.408807,46.4,,manual,https://www.openstreetmap.org/way/923286963
way,333373413,yes,2153.0,51.127414,71.587425,46.4,,manual,https://www.openstreetmap.org/way/333373413
way,405820575,yes,2149.0,51.126344,71.499877,46.4,,manual,https://www.openstreetmap.org/way/405820575
way,1433402646,yes,2138.0,51.141548,71.383502,46.2,,manual,https://www.openstreetmap.org/way/1433402646
relation,14486342,yes,2138.0,51.160929,71.401302,46.2,,manual,https://www.openstreetmap.org/relation/14486342
relation,12460482,yes,2137.0,51.126876,71.553495,46.2,,manual,https://www.openstreetmap.org/relation/12460482
relation,14486341,yes,2137.0,51.161803,71.409063,46.2,,manual,https://www.openstreetmap.org/relation/14486341
way,1062344472,yes,2136.0,51.090693,71.456151,46.2,,manual,https://www.openstreetmap.org/way/1062344472
way,242962124,yes,2134.0,51.179456,71.414074,46.2,,manual,https://www.openstreetmap.org/way/242962124
way,258228668,garages,2133.0,51.040487,71.433655,46.2,,manual,https://www.openstreetmap.org/way/258228668
way,1100946085,yes,2132.0,51.087953,71.481894,46.2,,manual,https://www.openstreetmap.org/way/1100946085
way,935619863,industrial,2131.0,51.191833,71.506058,46.2,,manual,https://www.openstreetmap.org/way/935619863
way,935619864,industrial,2131.0,51.191345,71.507031,46.2,,manual,https://www.openstreetmap.org/way/935619864
way,935619865,industrial,2131.0,51.191917,71.507688,46.2,,manual,https://www.openstreetmap.org/way/935619865
way,737833574,yes,2129.0,51.215197,71.328519,46.1,,manual,https://www.openstreetmap.org/way/737833574
way,916153751,yes,2128.0,51.14423,71.360255,46.1,,manual,https://www.openstreetmap.org/way/916153751
way,1104399552,yes,2127.0,51.154042,71.359955,46.1,,manual,https://www.openstreetmap.org/way/1104399552
way,258228666,garages,2126.0,51.040241,71.433669,46.1,,manual,https://www.openstreetmap.org/way/258228666
way,1102229067,yes,2125.0,51.131727,71.289454,46.1,,manual,https://www.openstreetmap.org/way/1102229067
way,916153750,yes,2122.0,51.144026,71.36166,46.1,,manual,https://www.openstreetmap.org/way/916153750
way,1190550003,yes,2119.0,51.104386,71.510018,46.0,,manual,https://www.openstreetmap.org/way/1190550003
way,1190550007,yes,2119.0,51.106536,71.510811,46.0,,manual,https://www.openstreetmap.org/way/1190550007
way,914979618,yes,2117.0,51.087523,71.430478,46.0,,manual,https://www.openstreetmap.org/way/914979618
way,1117058407,yes,2117.0,51.140256,71.554414,46.0,,manual,https://www.openstreetmap.org/way/1117058407
way,1104676523,yes,2110.0,51.191233,71.464946,45.9,,manual,https://www.openstreetmap.org/way/1104676523
way,1102541315,yes,2108.0,51.169133,71.539286,45.9,,manual,https://www.openstreetmap.org/way/1102541315
way,241592446,yes,2107.0,51.191714,71.418393,45.9,,manual,https://www.openstreetmap.org/way/241592446
way,323847172,yes,2106.0,51.178422,71.421733,45.9,,manual,https://www.openstreetmap.org/way/323847172
way,1102541582,yes,2101.0,51.219368,71.504814,45.8,,manual,https://www.openstreetmap.org/way/1102541582
way,1087935320,yes,2101.0,51.173894,71.389368,45.8,,manual,https://www.openstreetmap.org/way/1087935320
way,1431634822,yes,2099.0,51.075052,71.390375,45.8,,manual,https://www.openstreetmap.org/way/1431634822
way,1100946583,yes,2098.0,51.143758,71.48037,45.8,,manual,https://www.openstreetmap.org/way/1100946583
way,917251149,yes,2094.0,51.115398,71.388121,45.8,,manual,https://www.openstreetmap.org/way/917251149
way,242012129,yes,2089.0,51.181024,71.463407,45.7,,manual,https://www.openstreetmap.org/way/242012129
way,1546292240,yes,2087.0,51.101987,71.450887,45.7,,manual,https://www.openstreetmap.org/way/1546292240
way,258110016,yes,2081.0,51.170618,71.462467,45.6,,manual,https://www.openstreetmap.org/way/258110016
way,1076771758,yes,2080.0,51.074558,71.440199,45.6,,manual,https://www.openstreetmap.org/way/1076771758
way,918112813,yes,2077.0,51.139828,71.413003,45.6,,manual,https://www.openstreetmap.org/way/918112813
way,241492321,yes,2076.0,51.12376,71.517983,45.6,,manual,https://www.openstreetmap.org/way/241492321
relation,14518383,yes,2073.0,51.0992,71.430709,45.5,,manual,https://www.openstreetmap.org/relation/14518383
way,1547012492,yes,2068.0,51.139083,71.543009,45.5,,manual,https://www.openstreetmap.org/way/1547012492
way,241072070,yes,2065.0,51.171799,71.405736,45.4,,manual,https://www.openstreetmap.org/way/241072070
way,1089447357,yes,2065.0,51.126498,71.494689,45.4,,manual,https://www.openstreetmap.org/way/1089447357
way,405820547,yes,2065.0,51.126989,71.496435,45.4,,manual,https://www.openstreetmap.org/way/405820547
way,583447178,yes,2063.0,51.181179,71.495563,45.4,,manual,https://www.openstreetmap.org/way/583447178
way,1076775775,yes,2061.0,51.07592,71.396581,45.4,,manual,https://www.openstreetmap.org/way/1076775775
way,1147303690,construction,329.0,51.101219,71.426044,45.3,,manual,https://www.openstreetmap.org/way/1147303690
way,1104766572,yes,2052.0,51.17008,71.51583,45.3,,manual,https://www.openstreetmap.org/way/1104766572
way,1060016170,yes,2050.0,51.110268,71.506846,45.3,,manual,https://www.openstreetmap.org/way/1060016170
way,727447026,yes,2044.0,51.02463,71.395531,45.2,,manual,https://www.openstreetmap.org/way/727447026
way,914979615,yes,2043.0,51.086241,71.431931,45.2,,manual,https://www.openstreetmap.org/way/914979615
way,1104676288,yes,2043.0,51.19083,71.437528,45.2,,manual,https://www.openstreetmap.org/way/1104676288
way,1076771757,yes,2036.0,51.074961,71.434872,45.1,,manual,https://www.openstreetmap.org/way/1076771757
way,258110017,yes,2035.0,51.172191,71.462764,45.1,,manual,https://www.openstreetmap.org/way/258110017
way,570351018,yes,2034.0,51.220483,71.391383,45.1,,manual,https://www.openstreetmap.org/way/570351018
way,583447187,yes,2031.0,51.179212,71.495361,45.1,,manual,https://www.openstreetmap.org/way/583447187
way,1190550019,yes,2030.0,51.108841,71.513274,45.1,,manual,https://www.openstreetmap.org/way/1190550019
way,1087935322,yes,2029.0,51.175491,71.391958,45.0,,manual,https://www.openstreetmap.org/way/1087935322
way,258147815,yes,2027.0,51.173264,71.470032,45.0,,manual,https://www.openstreetmap.org/way/258147815
way,854897201,retail,505.0,51.198144,71.464775,45.0,,manual,https://www.openstreetmap.org/way/854897201
way,243053739,college,165.0,51.141797,71.421695,45.0,,manual,https://www.openstreetmap.org/way/243053739
way,258536456,yes,2019.0,51.184922,71.462815,44.9,,manual,https://www.openstreetmap.org/way/258536456
way,1096313755,yes,2017.0,51.106227,71.402106,44.9,,manual,https://www.openstreetmap.org/way/1096313755
way,258786536,house,2014.0,51.103252,71.471734,44.9,,manual,https://www.openstreetmap.org/way/258786536
way,1037291034,yes,2013.0,51.078353,71.383271,44.9,,manual,https://www.openstreetmap.org/way/1037291034
way,243147181,retail,503.0,51.174093,71.43754,44.9,,manual,https://www.openstreetmap.org/way/243147181
relation,14518372,yes,2011.0,51.100058,71.457746,44.8,,manual,https://www.openstreetmap.org/relation/14518372
way,240502685,yes,2010.0,51.144899,71.44644,44.8,,manual,https://www.openstreetmap.org/way/240502685
way,419217650,yes,2008.0,51.088213,71.421331,44.8,,manual,https://www.openstreetmap.org/way/419217650
way,258943944,industrial,2002.0,51.214537,71.350509,44.7,,manual,https://www.openstreetmap.org/way/258943944
way,916153749,yes,2002.0,51.14322,71.360756,44.7,,manual,https://www.openstreetmap.org/way/916153749
way,437350266,yes,1999.0,51.150129,71.405048,44.7,,manual,https://www.openstreetmap.org/way/437350266
way,258228667,garages,1999.0,51.040725,71.433635,44.7,,manual,https://www.openstreetmap.org/way/258228667
way,1096308427,yes,1995.0,51.085669,71.44834,44.7,,manual,https://www.openstreetmap.org/way/1096308427
way,242012164,yes,1995.0,51.182077,71.465684,44.7,,manual,https://www.openstreetmap.org/way/242012164
way,1547192307,yes,1994.0,51.139676,71.332813,44.7,,manual,https://www.openstreetmap.org/way/1547192307
way,1105250601,yes,1994.0,51.169784,71.369696,44.7,,manual,https://www.openstreetmap.org/way/1105250601
way,727416419,yes,1991.0,51.2442,71.372161,44.6,,manual,https://www.openstreetmap.org/way/727416419
way,242346779,yes,1990.0,51.156699,71.487949,44.6,,manual,https://www.openstreetmap.org/way/242346779
way,727416420,yes,1990.0,51.244366,71.373147,44.6,,manual,https://www.openstreetmap.org/way/727416420
way,1104676425,yes,1984.0,51.204052,71.453099,44.5,,manual,https://www.openstreetmap.org/way/1104676425
way,545192466,garage,1982.0,51.154336,71.568058,44.5,,manual,https://www.openstreetmap.org/way/545192466
way,258628233,yes,1981.0,51.156893,71.55885,44.5,,manual,https://www.openstreetmap.org/way/258628233
way,426120432,yes,1979.0,51.168303,71.393101,44.5,,manual,https://www.openstreetmap.org/way/426120432
way,1513408219,yes,1976.0,51.114085,71.539116,44.5,,manual,https://www.openstreetmap.org/way/1513408219
way,921923766,yes,1976.0,51.156231,71.510729,44.5,,manual,https://www.openstreetmap.org/way/921923766
way,1100946340,yes,1975.0,51.156805,71.502339,44.4,,manual,https://www.openstreetmap.org/way/1100946340
way,258143092,yes,1975.0,51.164658,71.47166,44.4,,manual,https://www.openstreetmap.org/way/258143092
way,1076781726,yes,1970.0,51.140565,71.470705,44.4,,manual,https://www.openstreetmap.org/way/1076781726
relation,8710570,yes,1970.0,51.148205,71.470189,44.4,,manual,https://www.openstreetmap.org/relation/8710570
way,925184213,yes,1965.0,51.195508,71.516857,44.3,,manual,https://www.openstreetmap.org/way/925184213
way,243299231,yes,1962.0,51.189615,71.343694,44.3,,manual,https://www.openstreetmap.org/way/243299231
way,1104676300,yes,1959.0,51.187148,71.453836,44.3,,manual,https://www.openstreetmap.org/way/1104676300
way,257237384,garage,1954.0,51.174399,71.377198,44.2,,manual,https://www.openstreetmap.org/way/257237384
way,1109634871,yes,1951.0,51.124589,71.369726,44.2,,manual,https://www.openstreetmap.org/way/1109634871
way,258110009,yes,1950.0,51.171844,71.461155,44.2,,manual,https://www.openstreetmap.org/way/258110009
way,1087935170,yes,1945.0,51.174535,71.397875,44.1,,manual,https://www.openstreetmap.org/way/1087935170
way,1056906843,yes,1945.0,51.161502,71.564647,44.1,,manual,https://www.openstreetmap.org/way/1056906843
relation,12433425,yes,1941.0,51.111957,71.43735,44.1,,manual,https://www.openstreetmap.org/relation/12433425
way,1086005551,yes,1941.0,51.191795,71.334508,44.1,,manual,https://www.openstreetmap.org/way/1086005551
way,1105503942,garage,1936.0,51.175987,71.381174,44.0,,manual,https://www.openstreetmap.org/way/1105503942
way,241234199,yes,1935.0,51.175439,71.422535,44.0,,manual,https://www.openstreetmap.org/way/241234199
way,241226040,yes,1934.0,51.169217,71.436415,44.0,,manual,https://www.openstreetmap.org/way/241226040
way,1124567227,yes,1934.0,51.246564,71.364729,44.0,,manual,https://www.openstreetmap.org/way/1124567227
way,1179971322,yes,1925.0,51.163922,71.536894,43.9,,manual,https://www.openstreetmap.org/way/1179971322
way,1117038211,yes,1923.0,51.13145,71.596243,43.8,,manual,https://www.openstreetmap.org/way/1117038211
way,1104676524,yes,1922.0,51.190304,71.466462,43.8,,manual,https://www.openstreetmap.org/way/1104676524
way,426105049,yes,1921.0,51.158951,71.534081,43.8,,manual,https://www.openstreetmap.org/way/426105049
way,242373782,yes,1921.0,51.157972,71.485716,43.8,,manual,https://www.openstreetmap.org/way/242373782
way,915412682,yes,1920.0,51.143084,71.418972,43.8,,manual,https://www.openstreetmap.org/way/915412682
way,914979621,yes,1919.0,51.077079,71.425801,43.8,,manual,https://www.openstreetmap.org/way/914979621
way,258110008,yes,1918.0,51.171188,71.462768,43.8,,manual,https://www.openstreetmap.org/way/258110008
way,428784996,yes,1918.0,51.152094,71.419032,43.8,,manual,https://www.openstreetmap.org/way/428784996
way,916105066,yes,1917.0,51.113885,71.498228,43.8,,manual,https://www.openstreetmap.org/way/916105066
way,167091810,yes,1917.0,51.160276,71.487762,43.8,,manual,https://www.openstreetmap.org/way/167091810
relation,8660746,yes,1916.0,51.157768,71.430018,43.8,,manual,https://www.openstreetmap.org/relation/8660746
way,243067467,yes,1915.0,51.127035,71.505704,43.8,,manual,https://www.openstreetmap.org/way/243067467
way,1056906840,yes,1912.0,51.160883,71.565371,43.7,,manual,https://www.openstreetmap.org/way/1056906840
way,257237387,garage,1909.0,51.176136,71.380936,43.7,,manual,https://www.openstreetmap.org/way/257237387
way,1109634650,yes,1895.0,51.129101,71.548153,43.5,,manual,https://www.openstreetmap.org/way/1109634650
way,426120419,yes,1893.0,51.170242,71.409814,43.5,,manual,https://www.openstreetmap.org/way/426120419
way,334994306,yes,1891.0,51.1231,71.410407,43.5,,manual,https://www.openstreetmap.org/way/334994306
relation,15514520,yes,1890.0,51.1277,71.489687,43.5,,manual,https://www.openstreetmap.org/relation/15514520
way,1214276613,house,1890.0,51.086317,71.512752,43.5,,manual,https://www.openstreetmap.org/way/1214276613
way,242016660,yes,1889.0,51.20487,71.443972,43.5,,manual,https://www.openstreetmap.org/way/242016660
way,1179971331,yes,1884.0,51.163604,71.5399,43.4,,manual,https://www.openstreetmap.org/way/1179971331
way,1443091362,yes,1884.0,51.080226,71.444565,43.4,,manual,https://www.openstreetmap.org/way/1443091362
way,1117136709,yes,1877.0,51.143336,71.538596,43.3,,manual,https://www.openstreetmap.org/way/1117136709
way,1113747463,construction,300.0,51.109995,71.464575,43.3,,manual,https://www.openstreetmap.org/way/1113747463
way,1530014510,industrial,1873.0,51.193355,71.396031,43.3,,manual,https://www.openstreetmap.org/way/1530014510
way,258120756,yes,1871.0,51.175077,71.459786,43.3,,manual,https://www.openstreetmap.org/way/258120756
way,1113747466,construction,299.0,51.111454,71.465123,43.2,,manual,https://www.openstreetmap.org/way/1113747466
way,240931366,yes,1868.0,51.163873,71.491837,43.2,,manual,https://www.openstreetmap.org/way/240931366
way,426105078,yes,1868.0,51.161819,71.525159,43.2,,manual,https://www.openstreetmap.org/way/426105078
way,583675000,yes,1867.0,51.174354,71.464317,43.2,,manual,https://www.openstreetmap.org/way/583675000
way,1100947363,yes,1864.0,51.141695,71.518138,43.2,,manual,https://www.openstreetmap.org/way/1100947363
way,241584488,yes,1863.0,51.190557,71.335235,43.2,,manual,https://www.openstreetmap.org/way/241584488
relation,8451608,yes,1862.0,51.152685,71.493661,43.1,,manual,https://www.openstreetmap.org/relation/8451608
way,506040323,yes,1861.0,51.100431,71.427444,43.1,,manual,https://www.openstreetmap.org/way/506040323
way,258113647,yes,1860.0,51.17358,71.463241,43.1,,manual,https://www.openstreetmap.org/way/258113647
way,1056906842,yes,1856.0,51.161502,71.565368,43.1,,manual,https://www.openstreetmap.org/way/1056906842
way,918597318,yes,1854.0,51.163117,71.404222,43.1,,manual,https://www.openstreetmap.org/way/918597318
way,1109634587,yes,1853.0,51.201419,71.49443,43.0,,manual,https://www.openstreetmap.org/way/1109634587
way,241206155,retail,463.0,51.166916,71.411785,43.0,,manual,https://www.openstreetmap.org/way/241206155
way,1113747479,construction,296.0,51.112749,71.465616,43.0,,manual,https://www.openstreetmap.org/way/1113747479
way,241248645,yes,1844.0,51.174418,71.46349,42.9,,manual,https://www.openstreetmap.org/way/241248645
way,411091261,yes,1843.0,51.143574,71.412044,42.9,,manual,https://www.openstreetmap.org/way/411091261
way,1105503940,garage,1843.0,51.175863,71.381425,42.9,,manual,https://www.openstreetmap.org/way/1105503940
way,1475405549,construction,295.0,51.097616,71.496793,42.9,,manual,https://www.openstreetmap.org/way/1475405549
way,258120809,yes,1842.0,51.174283,71.461367,42.9,,manual,https://www.openstreetmap.org/way/258120809
way,243299277,yes,1841.0,51.20234,71.359704,42.9,,manual,https://www.openstreetmap.org/way/243299277
way,243183887,yes,1839.0,51.146467,71.378805,42.9,,manual,https://www.openstreetmap.org/way/243183887
way,243059463,yes,1837.0,51.134905,71.456297,42.9,,manual,https://www.openstreetmap.org/way/243059463
way,925184222,yes,1836.0,51.174857,71.533784,42.9,,manual,https://www.openstreetmap.org/way/925184222
way,241584555,yes,1833.0,51.203171,71.362966,42.8,,manual,https://www.openstreetmap.org/way/241584555
relation,8466681,yes,1833.0,51.151996,71.467304,42.8,,manual,https://www.openstreetmap.org/relation/8466681
way,242016716,yes,1832.0,51.188344,71.447522,42.8,,manual,https://www.openstreetmap.org/way/242016716
way,242012154,yes,1831.0,51.183265,71.451921,42.8,,manual,https://www.openstreetmap.org/way/242012154
way,241492298,yes,1830.0,51.20884,71.400051,42.8,,manual,https://www.openstreetmap.org/way/241492298
way,922352553,yes,1828.0,51.180293,71.494669,42.8,,manual,https://www.openstreetmap.org/way/922352553
way,258108761,yes,1828.0,51.169081,71.459789,42.8,,manual,https://www.openstreetmap.org/way/258108761
way,243301700,yes,1827.0,51.153297,71.407634,42.7,,manual,https://www.openstreetmap.org/way/243301700
way,1089059386,yes,1827.0,51.155353,71.47424,42.7,,manual,https://www.openstreetmap.org/way/1089059386
way,258228665,garages,1826.0,51.040043,71.433279,42.7,,manual,https://www.openstreetmap.org/way/258228665
way,1076775771,yes,1825.0,51.077997,71.397312,42.7,,manual,https://www.openstreetmap.org/way/1076775771
way,1104051494,yes,1823.0,51.230227,71.388685,42.7,,manual,https://www.openstreetmap.org/way/1104051494
way,1056906841,yes,1822.0,51.160891,71.564636,42.7,,manual,https://www.openstreetmap.org/way/1056906841
way,1113747484,construction,292.0,51.114126,71.466174,42.7,,manual,https://www.openstreetmap.org/way/1113747484
way,1104676295,yes,1822.0,51.188884,71.446849,42.7,,manual,https://www.openstreetmap.org/way/1104676295
way,243780950,yes,1820.0,51.222509,71.402573,42.7,,manual,https://www.openstreetmap.org/way/243780950
way,258628260,yes,1815.0,51.17701,71.49606,42.6,,manual,https://www.openstreetmap.org/way/258628260
way,1077903091,yes,1814.0,51.186409,71.34602,42.6,,manual,https://www.openstreetmap.org/way/1077903091
way,923618876,yes,1810.0,51.169745,71.393645,42.5,,manual,https://www.openstreetmap.org/way/923618876
way,1547024199,construction,289.0,51.106897,71.367231,42.5,,manual,https://www.openstreetmap.org/way/1547024199
way,260540449,yes,1808.0,51.196463,71.453306,42.5,,manual,https://www.openstreetmap.org/way/260540449
way,112366525,yes,1808.0,51.15511,71.476296,42.5,,manual,https://www.openstreetmap.org/way/112366525
way,1102541628,yes,1804.0,51.221706,71.524846,42.5,,manual,https://www.openstreetmap.org/way/1102541628
way,1475405550,construction,289.0,51.09724,71.496898,42.5,,manual,https://www.openstreetmap.org/way/1475405550
way,242012132,industrial,1803.0,51.188301,71.454037,42.5,,manual,https://www.openstreetmap.org/way/242012132
way,916153709,yes,1802.0,51.127915,71.363364,42.4,,manual,https://www.openstreetmap.org/way/916153709
way,1531635582,yes,1802.0,51.116028,71.527345,42.4,,manual,https://www.openstreetmap.org/way/1531635582
way,1513408222,yes,1801.0,51.112687,71.539285,42.4,,manual,https://www.openstreetmap.org/way/1513408222
way,243301713,yes,1800.0,51.148775,71.378677,42.4,,manual,https://www.openstreetmap.org/way/243301713
way,243067367,yes,1800.0,51.164643,71.487731,42.4,,manual,https://www.openstreetmap.org/way/243067367
way,914979614,yes,1800.0,51.088678,71.426175,42.4,,manual,https://www.openstreetmap.org/way/914979614
way,1456888958,yes,1798.0,51.105103,71.400079,42.4,,manual,https://www.openstreetmap.org/way/1456888958
way,916234778,yes,1797.0,51.15364,71.410466,42.4,,manual,https://www.openstreetmap.org/way/916234778
way,425390954,yes,1797.0,51.205649,71.366893,42.4,,manual,https://www.openstreetmap.org/way/425390954
way,1124566892,yes,1795.0,51.213593,71.406725,42.4,,manual,https://www.openstreetmap.org/way/1124566892
way,580428422,yes,1795.0,51.192979,71.414635,42.4,,manual,https://www.openstreetmap.org/way/580428422
way,1077499568,yes,1793.0,51.090584,71.474473,42.3,,manual,https://www.openstreetmap.org/way/1077499568
way,1076784522,yes,1791.0,51.120608,71.476992,42.3,,manual,https://www.openstreetmap.org/way/1076784522
way,921923778,yes,1790.0,51.154061,71.539545,42.3,,manual,https://www.openstreetmap.org/way/921923778
way,243299282,yes,1789.0,51.174736,71.344159,42.3,,manual,https://www.openstreetmap.org/way/243299282
way,258163708,yes,1789.0,51.038366,71.473654,42.3,,manual,https://www.openstreetmap.org/way/258163708
way,258120734,yes,1787.0,51.174874,71.458853,42.3,,manual,https://www.openstreetmap.org/way/258120734
way,1179968385,yes,1786.0,51.168285,71.531773,42.3,,manual,https://www.openstreetmap.org/way/1179968385
way,506220814,yes,1786.0,51.024994,71.455531,42.3,,manual,https://www.openstreetmap.org/way/506220814
way,1178252953,industrial,1785.0,51.171004,71.544701,42.3,,manual,https://www.openstreetmap.org/way/1178252953
way,919029745,yes,1784.0,51.149865,71.493646,42.2,,manual,https://www.openstreetmap.org/way/919029745
way,51340074,yes,1784.0,51.17332,71.456826,42.2,,manual,https://www.openstreetmap.org/way/51340074
way,1101423569,yes,1784.0,51.119698,71.516015,42.2,,manual,https://www.openstreetmap.org/way/1101423569
way,1533012121,yes,1784.0,51.200934,71.348859,42.2,,manual,https://www.openstreetmap.org/way/1533012121
way,1124566901,yes,1784.0,51.215574,71.400343,42.2,,manual,https://www.openstreetmap.org/way/1124566901
way,1104676424,yes,1782.0,51.205054,71.446978,42.2,,manual,https://www.openstreetmap.org/way/1104676424
way,258120781,yes,1779.0,51.174804,71.460581,42.2,,manual,https://www.openstreetmap.org/way/258120781
way,1431546743,yes,1778.0,51.165853,71.369789,42.2,,manual,https://www.openstreetmap.org/way/1431546743
way,1279112736,yes,1778.0,51.10397,71.400569,42.2,,manual,https://www.openstreetmap.org/way/1279112736
way,236533693,yes,1778.0,51.188853,71.402855,42.2,,manual,https://www.openstreetmap.org/way/236533693
way,506219729,yes,1776.0,51.179932,71.511182,42.1,,manual,https://www.openstreetmap.org/way/506219729
way,1104051385,yes,1773.0,51.218031,71.381686,42.1,,manual,https://www.openstreetmap.org/way/1104051385
way,1087740008,yes,1768.0,51.180755,71.398398,42.0,,manual,https://www.openstreetmap.org/way/1087740008
way,915422910,yes,1764.0,51.132687,71.461959,42.0,,manual,https://www.openstreetmap.org/way/915422910
way,30637413,yes,1763.0,51.184733,71.411843,42.0,,manual,https://www.openstreetmap.org/way/30637413
way,1010940964,house,1762.0,51.093434,71.468846,42.0,,manual,https://www.openstreetmap.org/way/1010940964
way,241226039,yes,1762.0,51.168929,71.434365,42.0,,manual,https://www.openstreetmap.org/way/241226039
way,1103224511,yes,1762.0,51.147641,71.549837,42.0,,manual,https://www.openstreetmap.org/way/1103224511
way,578800978,yes,1760.0,51.093802,71.451573,42.0,,manual,https://www.openstreetmap.org/way/578800978
way,578800975,yes,1760.0,51.096433,71.452511,41.9,,manual,https://www.openstreetmap.org/way/578800975
way,578800981,yes,1757.0,51.092522,71.454006,41.9,,manual,https://www.openstreetmap.org/way/578800981
way,578800977,yes,1757.0,51.094688,71.451911,41.9,,manual,https://www.openstreetmap.org/way/578800977
way,578800973,yes,1757.0,51.098188,71.453187,41.9,,manual,https://www.openstreetmap.org/way/578800973
way,578800980,yes,1757.0,51.092734,71.452661,41.9,,manual,https://www.openstreetmap.org/way/578800980
way,578800979,yes,1756.0,51.092946,71.451256,41.9,,manual,https://www.openstreetmap.org/way/578800979
way,578800968,yes,1756.0,51.100836,71.45411,41.9,,manual,https://www.openstreetmap.org/way/578800968
way,918112839,yes,1754.0,51.157779,71.373761,41.9,,manual,https://www.openstreetmap.org/way/918112839
way,578800967,yes,1754.0,51.101729,71.454421,41.9,,manual,https://www.openstreetmap.org/way/578800967
way,578800969,yes,1754.0,51.099957,71.453794,41.9,,manual,https://www.openstreetmap.org/way/578800969
way,1104082198,yes,1753.0,51.215884,71.404139,41.9,,manual,https://www.openstreetmap.org/way/1104082198
way,240592113,yes,1752.0,51.151683,71.486351,41.9,,manual,https://www.openstreetmap.org/way/240592113
way,424980220,yes,1752.0,51.12728,71.487661,41.9,,manual,https://www.openstreetmap.org/way/424980220
way,1124566866,yes,1750.0,51.211573,71.406761,41.8,,manual,https://www.openstreetmap.org/way/1124566866
way,583447183,yes,1749.0,51.179319,71.492774,41.8,,manual,https://www.openstreetmap.org/way/583447183
way,258120768,yes,1749.0,51.174145,71.456177,41.8,,manual,https://www.openstreetmap.org/way/258120768
way,1089447363,yes,1748.0,51.123418,71.48593,41.8,,manual,https://www.openstreetmap.org/way/1089447363
way,578800972,yes,1748.0,51.099081,71.453488,41.8,,manual,https://www.openstreetmap.org/way/578800972
way,578800974,yes,1747.0,51.097319,71.452855,41.8,,manual,https://www.openstreetmap.org/way/578800974
way,1102541426,yes,1746.0,51.187168,71.528813,41.8,,manual,https://www.openstreetmap.org/way/1102541426
way,1109634611,yes,1746.0,51.184875,71.506684,41.8,,manual,https://www.openstreetmap.org/way/1109634611
way,926528761,retail,436.0,51.188589,71.44695,41.8,,manual,https://www.openstreetmap.org/way/926528761
way,925184231,yes,1745.0,51.168836,71.538531,41.8,,manual,https://www.openstreetmap.org/way/925184231
way,578800976,yes,1744.0,51.095564,71.452174,41.8,,manual,https://www.openstreetmap.org/way/578800976
way,1104400506,yes,1743.0,51.207664,71.336386,41.8,,manual,https://www.openstreetmap.org/way/1104400506
way,258786535,house,1741.0,51.104201,71.470576,41.7,,manual,https://www.openstreetmap.org/way/258786535
way,642072846,yes,1740.0,51.180355,71.387434,41.7,,manual,https://www.openstreetmap.org/way/642072846
way,240376671,yes,1738.0,51.171162,71.432088,41.7,,manual,https://www.openstreetmap.org/way/240376671
way,917669331,yes,1737.0,51.132486,71.51166,41.7,,manual,https://www.openstreetmap.org/way/917669331
way,1076775770,yes,1737.0,51.078125,71.396348,41.7,,manual,https://www.openstreetmap.org/way/1076775770
way,243299251,yes,1736.0,51.180821,71.332848,41.7,,manual,https://www.openstreetmap.org/way/243299251
way,1107059973,yes,1735.0,51.19944,71.347527,41.7,,manual,https://www.openstreetmap.org/way/1107059973
way,258163702,yes,1733.0,51.034929,71.475584,41.6,,manual,https://www.openstreetmap.org/way/258163702
way,257237406,garage,1733.0,51.173153,71.375993,41.6,,manual,https://www.openstreetmap.org/way/257237406
way,1104766564,yes,1732.0,51.175245,71.491109,41.6,,manual,https://www.openstreetmap.org/way/1104766564
relation,14518371,yes,1731.0,51.099124,71.458746,41.6,,manual,https://www.openstreetmap.org/relation/14518371
way,240592141,garage,1730.0,51.153775,71.472163,41.6,,manual,https://www.openstreetmap.org/way/240592141
way,1100946121,yes,1730.0,51.093826,71.45648,41.6,,manual,https://www.openstreetmap.org/way/1100946121
way,258536427,yes,1730.0,51.184334,71.469955,41.6,,manual,https://www.openstreetmap.org/way/258536427
way,1104766580,yes,1730.0,51.168537,71.532813,41.6,,manual,https://www.openstreetmap.org/way/1104766580
way,425328866,yes,1730.0,51.174824,71.389395,41.6,,manual,https://www.openstreetmap.org/way/425328866
way,1087935321,yes,1730.0,51.175264,71.387519,41.6,,manual,https://www.openstreetmap.org/way/1087935321
way,240564827,yes,1729.0,51.150846,71.472006,41.6,,manual,https://www.openstreetmap.org/way/240564827
way,1117038056,yes,1726.0,51.118812,71.599963,41.5,,manual,https://www.openstreetmap.org/way/1117038056
way,925184227,yes,1724.0,51.162051,71.539887,41.5,,manual,https://www.openstreetmap.org/way/925184227
way,1100946289,yes,1723.0,51.170025,71.419012,41.5,,manual,https://www.openstreetmap.org/way/1100946289
way,1076768824,yes,1722.0,51.083134,71.444375,41.5,,manual,https://www.openstreetmap.org/way/1076768824
way,1179893197,yes,1713.0,51.163926,71.536863,41.4,,manual,https://www.openstreetmap.org/way/1179893197
way,1077514436,yes,1712.0,51.126893,71.48502,41.4,,manual,https://www.openstreetmap.org/way/1077514436
way,918112806,yes,1712.0,51.142451,71.389035,41.4,,manual,https://www.openstreetmap.org/way/918112806
way,1076775773,yes,1712.0,51.076952,71.396937,41.4,,manual,https://www.openstreetmap.org/way/1076775773
way,1104400485,yes,1711.0,51.210715,71.351906,41.4,,manual,https://www.openstreetmap.org/way/1104400485
way,261094660,yes,1709.0,51.18413,71.441343,41.3,,manual,https://www.openstreetmap.org/way/261094660
way,1077512551,yes,1709.0,51.127573,71.495909,41.3,,manual,https://www.openstreetmap.org/way/1077512551
way,701741524,yes,1706.0,51.043455,71.445595,41.3,,manual,https://www.openstreetmap.org/way/701741524
way,320763766,yes,1706.0,51.180356,71.386061,41.3,,manual,https://www.openstreetmap.org/way/320763766
way,1442526664,yes,1705.0,51.032839,71.410157,41.3,,manual,https://www.openstreetmap.org/way/1442526664
way,1096309126,yes,1705.0,51.082775,71.405224,41.3,,manual,https://www.openstreetmap.org/way/1096309126
way,243301701,yes,1705.0,51.146201,71.446394,41.3,,manual,https://www.openstreetmap.org/way/243301701
way,506201766,yes,1703.0,51.164301,71.412602,41.3,,manual,https://www.openstreetmap.org/way/506201766
way,578369835,yes,1703.0,51.154701,71.36191,41.3,,manual,https://www.openstreetmap.org/way/578369835
way,258628250,yes,1702.0,51.16304,71.53683,41.3,,manual,https://www.openstreetmap.org/way/258628250
way,242016671,yes,1702.0,51.189707,71.44081,41.2,,manual,https://www.openstreetmap.org/way/242016671
way,1096313751,yes,1697.0,51.106594,71.400646,41.2,,manual,https://www.openstreetmap.org/way/1096313751
way,923618875,yes,1697.0,51.169937,71.392458,41.2,,manual,https://www.openstreetmap.org/way/923618875
way,243286638,yes,1697.0,51.199009,71.426576,41.2,,manual,https://www.openstreetmap.org/way/243286638
way,1100946122,yes,1697.0,51.093981,71.456926,41.2,,manual,https://www.openstreetmap.org/way/1100946122
way,1479984373,construction,271.0,51.144029,71.369425,41.2,,manual,https://www.openstreetmap.org/way/1479984373
way,230409020,yes,1692.0,51.118272,71.436564,41.1,,manual,https://www.openstreetmap.org/way/230409020
relation,14518373,yes,1692.0,51.100244,71.456724,41.1,,manual,https://www.openstreetmap.org/relation/14518373
way,917478477,yes,1691.0,51.170675,71.438406,41.1,,manual,https://www.openstreetmap.org/way/917478477
way,1077512550,yes,1691.0,51.128018,71.495605,41.1,,manual,https://www.openstreetmap.org/way/1077512550
way,258147814,yes,1691.0,51.172822,71.471168,41.1,,manual,https://www.openstreetmap.org/way/258147814
way,918597315,yes,1690.0,51.164485,71.387259,41.1,,manual,https://www.openstreetmap.org/way/918597315
way,425477608,yes,1688.0,51.077112,71.393518,41.1,,manual,https://www.openstreetmap.org/way/425477608
way,235846745,yes,1688.0,51.119867,71.410727,41.1,,manual,https://www.openstreetmap.org/way/235846745
way,1104676419,yes,1688.0,51.202475,71.439604,41.1,,manual,https://www.openstreetmap.org/way/1104676419
way,1117038221,yes,1687.0,51.130012,71.587775,41.1,,manual,https://www.openstreetmap.org/way/1117038221
way,258113685,yes,1687.0,51.178975,71.455534,41.1,,manual,https://www.openstreetmap.org/way/258113685
way,241492296,yes,1687.0,51.123346,71.519742,41.1,,manual,https://www.openstreetmap.org/way/241492296
way,258129099,yes,1683.0,51.167772,71.455503,41.0,,manual,https://www.openstreetmap.org/way/258129099
way,1076764138,yes,1682.0,51.088041,71.425874,41.0,,manual,https://www.openstreetmap.org/way/1076764138
way,258536489,yes,1681.0,51.187144,71.490001,41.0,,manual,https://www.openstreetmap.org/way/258536489
way,1100946935,yes,1681.0,51.148721,71.5354,41.0,,manual,https://www.openstreetmap.org/way/1100946935
way,258882871,industrial,1680.0,51.215523,71.343195,41.0,,manual,https://www.openstreetmap.org/way/258882871
way,583675007,yes,1677.0,51.179472,71.457747,41.0,,manual,https://www.openstreetmap.org/way/583675007
way,1101642576,yes,1677.0,51.042267,71.427065,41.0,,manual,https://www.openstreetmap.org/way/1101642576
way,581178605,yes,1677.0,51.217365,71.342503,40.9,,manual,https://www.openstreetmap.org/way/581178605
way,1081420771,yes,1676.0,51.06808,71.386435,40.9,,manual,https://www.openstreetmap.org/way/1081420771
way,917348921,yes,1676.0,51.126313,71.510438,40.9,,manual,https://www.openstreetmap.org/way/917348921
way,1103224512,yes,1675.0,51.148222,71.549274,40.9,,manual,https://www.openstreetmap.org/way/1103224512
way,258120766,yes,1673.0,51.173381,71.460018,40.9,,manual,https://www.openstreetmap.org/way/258120766
way,842263431,yes,1671.0,51.199048,71.465246,40.9,,manual,https://www.openstreetmap.org/way/842263431
way,1077924857,yes,1669.0,51.150753,71.364309,40.9,,manual,https://www.openstreetmap.org/way/1077924857
way,240938571,yes,1666.0,51.160401,71.403114,40.8,,manual,https://www.openstreetmap.org/way/240938571
way,1394168488,yes,1661.0,51.135565,71.379889,40.8,,manual,https://www.openstreetmap.org/way/1394168488
way,1057097403,yes,1661.0,51.167826,71.550784,40.8,,manual,https://www.openstreetmap.org/way/1057097403
relation,14340934,yes,1661.0,51.079751,71.491645,40.8,,manual,https://www.openstreetmap.org/relation/14340934
way,425317760,yes,1658.0,51.060979,71.419249,40.7,,manual,https://www.openstreetmap.org/way/425317760
way,1547019957,yes,1657.0,51.128627,71.553045,40.7,,manual,https://www.openstreetmap.org/way/1547019957
way,1102541351,yes,1656.0,51.17417,71.531572,40.7,,manual,https://www.openstreetmap.org/way/1102541351
way,1547012493,yes,1654.0,51.13951,71.543219,40.7,,manual,https://www.openstreetmap.org/way/1547012493
way,241090177,yes,1652.0,51.178518,71.388461,40.6,,manual,https://www.openstreetmap.org/way/241090177
way,1077912801,yes,1652.0,51.129856,71.370579,40.6,,manual,https://www.openstreetmap.org/way/1077912801
way,333373412,yes,1651.0,51.127538,71.589476,40.6,,manual,https://www.openstreetmap.org/way/333373412
way,258522293,yes,1650.0,51.176403,71.487948,40.6,,manual,https://www.openstreetmap.org/way/258522293
way,216575994,industrial,1648.0,51.193582,71.443878,40.6,,manual,https://www.openstreetmap.org/way/216575994
way,1101642575,yes,1647.0,51.046829,71.432567,40.6,,manual,https://www.openstreetmap.org/way/1101642575
way,167158838,yes,1646.0,51.145829,71.528337,40.6,,manual,https://www.openstreetmap.org/way/167158838
way,240909205,yes,1645.0,51.141121,71.409361,40.6,,manual,https://www.openstreetmap.org/way/240909205
way,257237385,garage,1644.0,51.173095,71.376375,40.5,,manual,https://www.openstreetmap.org/way/257237385
relation,11524850,yes,1644.0,51.159472,71.442819,40.5,,manual,https://www.openstreetmap.org/relation/11524850
way,1179763185,yes,1643.0,51.109575,71.652426,40.5,,manual,https://www.openstreetmap.org/way/1179763185
way,1077927355,yes,1640.0,51.145679,71.348809,40.5,,manual,https://www.openstreetmap.org/way/1077927355
way,918112832,yes,1640.0,51.143978,71.370607,40.5,,manual,https://www.openstreetmap.org/way/918112832
way,1076674340,yes,1639.0,51.124868,71.492962,40.5,,manual,https://www.openstreetmap.org/way/1076674340
way,1081420752,yes,1637.0,51.0616,71.387189,40.5,,manual,https://www.openstreetmap.org/way/1081420752
way,258163641,yes,1637.0,51.03371,71.46703,40.5,,manual,https://www.openstreetmap.org/way/258163641
way,258786540,yes,1637.0,51.100554,71.472001,40.5,,manual,https://www.openstreetmap.org/way/258786540
way,258158786,yes,1636.0,51.161443,71.474936,40.5,,manual,https://www.openstreetmap.org/way/258158786
way,1101423560,yes,1635.0,51.122923,71.518957,40.4,,manual,https://www.openstreetmap.org/way/1101423560
way,583108560,yes,1633.0,51.060483,71.418456,40.4,,manual,https://www.openstreetmap.org/way/583108560
way,425317520,yes,1630.0,51.145609,71.464504,40.4,,manual,https://www.openstreetmap.org/way/425317520
way,240909219,yes,1628.0,51.14008,71.408774,40.3,,manual,https://www.openstreetmap.org/way/240909219
way,216575985,industrial,1626.0,51.198478,71.443774,40.3,,manual,https://www.openstreetmap.org/way/216575985
way,258108751,yes,1624.0,51.1699,71.459579,40.3,,manual,https://www.openstreetmap.org/way/258108751
way,320770713,yes,1624.0,51.189787,71.319444,40.3,,manual,https://www.openstreetmap.org/way/320770713
way,583447182,yes,1624.0,51.179506,71.492874,40.3,,manual,https://www.openstreetmap.org/way/583447182
way,424923391,yes,1623.0,51.116699,71.480091,40.3,,manual,https://www.openstreetmap.org/way/424923391
way,1124567261,yes,1623.0,51.227702,71.395659,40.3,,manual,https://www.openstreetmap.org/way/1124567261
way,428784908,yes,1621.0,51.159438,71.420569,40.3,,manual,https://www.openstreetmap.org/way/428784908
way,1102541073,yes,1619.0,51.138826,71.544802,40.2,,manual,https://www.openstreetmap.org/way/1102541073
way,1112642066,yes,1618.0,51.118761,71.641606,40.2,,manual,https://www.openstreetmap.org/way/1112642066
way,1103224631,yes,1615.0,51.081345,71.383587,40.2,,manual,https://www.openstreetmap.org/way/1103224631
way,1076838449,yes,1614.0,51.118123,71.394923,40.2,,manual,https://www.openstreetmap.org/way/1076838449
way,258120761,yes,1613.0,51.173812,71.458947,40.2,,manual,https://www.openstreetmap.org/way/258120761
way,216575989,industrial,1612.0,51.193934,71.445516,40.2,,manual,https://www.openstreetmap.org/way/216575989
way,577028041,yes,1611.0,51.143414,71.398937,40.1,,manual,https://www.openstreetmap.org/way/577028041
way,51340054,yes,1611.0,51.176398,71.454597,40.1,,manual,https://www.openstreetmap.org/way/51340054
way,1087935118,yes,1610.0,51.165696,71.401746,40.1,,manual,https://www.openstreetmap.org/way/1087935118
way,51340068,yes,1609.0,51.174723,71.452564,40.1,,manual,https://www.openstreetmap.org/way/51340068
way,1076775774,yes,1609.0,51.076046,71.395618,40.1,,manual,https://www.openstreetmap.org/way/1076775774
way,258245970,yes,1606.0,51.044114,71.430582,40.1,,manual,https://www.openstreetmap.org/way/258245970
way,329143578,yes,1606.0,51.124258,71.611563,40.1,,manual,https://www.openstreetmap.org/way/329143578
way,1533042983,yes,1605.0,51.152963,71.530324,40.1,,manual,https://www.openstreetmap.org/way/1533042983
way,1087739896,yes,1603.0,51.177498,71.397081,40.0,,manual,https://www.openstreetmap.org/way/1087739896
relation,14522596,yes,1602.0,51.125224,71.393129,40.0,,manual,https://www.openstreetmap.org/relation/14522596
way,1117058408,yes,1602.0,51.139515,71.554675,40.0,,manual,https://www.openstreetmap.org/way/1117058408
way,243183884,yes,1601.0,51.147061,71.381208,40.0,,manual,https://www.openstreetmap.org/way/243183884
way,1102541305,yes,1601.0,51.168283,71.533458,40.0,,manual,https://www.openstreetmap.org/way/1102541305
way,921993984,yes,1600.0,51.185824,71.449998,40.0,,manual,https://www.openstreetmap.org/way/921993984
way,1105503824,yes,1599.0,51.167481,71.470972,40.0,,manual,https://www.openstreetmap.org/way/1105503824
way,242012141,yes,1598.0,51.183793,71.45819,40.0,,manual,https://www.openstreetmap.org/way/242012141
way,1076771756,yes,1594.0,51.074605,71.427786,39.9,,manual,https://www.openstreetmap.org/way/1076771756
way,1102228925,yes,1590.0,51.134013,71.312124,39.9,,manual,https://www.openstreetmap.org/way/1102228925
way,582840377,yes,1589.0,51.187407,71.44502,39.9,,manual,https://www.openstreetmap.org/way/582840377
way,261094639,yes,1588.0,51.18424,71.437348,39.8,,manual,https://www.openstreetmap.org/way/261094639
way,425328873,yes,1587.0,51.177373,71.385776,39.8,,manual,https://www.openstreetmap.org/way/425328873
way,240909207,yes,1586.0,51.114824,71.416713,39.8,,manual,https://www.openstreetmap.org/way/240909207
way,111920810,office,63.0,51.152538,71.439829,39.8,,manual,https://www.openstreetmap.org/way/111920810
way,242346783,retail,396.0,51.155589,71.487054,39.8,,manual,https://www.openstreetmap.org/way/242346783
way,1100946119,yes,1583.0,51.099702,71.476294,39.8,,manual,https://www.openstreetmap.org/way/1100946119
way,243299168,industrial,1581.0,51.220669,71.336622,39.8,,manual,https://www.openstreetmap.org/way/243299168
way,258120808,yes,1579.0,51.175437,71.456193,39.7,,manual,https://www.openstreetmap.org/way/258120808
way,915441142,yes,1578.0,51.106306,71.426981,39.7,,manual,https://www.openstreetmap.org/way/915441142
way,1090577514,yes,1578.0,51.117986,71.389696,39.7,,manual,https://www.openstreetmap.org/way/1090577514
way,1113750716,yes,1577.0,51.113791,71.499221,39.7,,manual,https://www.openstreetmap.org/way/1113750716
way,559669586,yes,1576.0,51.172741,71.422348,39.7,,manual,https://www.openstreetmap.org/way/559669586
way,921993993,yes,1575.0,51.17748,71.470321,39.7,,manual,https://www.openstreetmap.org/way/921993993
way,595057423,yes,1574.0,51.210191,71.436059,39.7,,manual,https://www.openstreetmap.org/way/595057423
way,258943947,industrial,1574.0,51.217117,71.350832,39.7,,manual,https://www.openstreetmap.org/way/258943947
way,1076838447,yes,1570.0,51.117527,71.39272,39.6,,manual,https://www.openstreetmap.org/way/1076838447
way,1253929252,yes,1569.0,51.09731,71.392731,39.6,,manual,https://www.openstreetmap.org/way/1253929252
way,1057097470,yes,1568.0,51.17538,71.546936,39.6,,manual,https://www.openstreetmap.org/way/1057097470
way,1117315406,yes,1565.0,51.197519,71.458708,39.6,,manual,https://www.openstreetmap.org/way/1117315406
way,1100946286,yes,1565.0,51.168484,71.446063,39.6,,manual,https://www.openstreetmap.org/way/1100946286
way,559712940,yes,1563.0,51.170246,71.41127,39.5,,manual,https://www.openstreetmap.org/way/559712940
way,1102541380,yes,1562.0,51.179926,71.529974,39.5,,manual,https://www.openstreetmap.org/way/1102541380
way,1100946663,yes,1561.0,51.124961,71.533669,39.5,,manual,https://www.openstreetmap.org/way/1100946663
way,258120758,yes,1560.0,51.174875,71.461908,39.5,,manual,https://www.openstreetmap.org/way/258120758
way,608667781,yes,1559.0,51.180276,71.454634,39.5,,manual,https://www.openstreetmap.org/way/608667781
way,1100947259,yes,1559.0,51.127324,71.534703,39.5,,manual,https://www.openstreetmap.org/way/1100947259
way,1112642055,yes,1558.0,51.117771,71.639931,39.5,,manual,https://www.openstreetmap.org/way/1112642055
way,1547005978,yes,1558.0,51.156904,71.553537,39.5,,manual,https://www.openstreetmap.org/way/1547005978
way,1104400507,yes,1558.0,51.208181,71.337027,39.5,,manual,https://www.openstreetmap.org/way/1104400507
way,501324179,yes,1552.0,51.140452,71.393353,39.4,,manual,https://www.openstreetmap.org/way/501324179
way,1124566953,yes,1549.0,51.224268,71.407867,39.4,,manual,https://www.openstreetmap.org/way/1124566953
way,1100947364,yes,1549.0,51.140834,71.520429,39.4,,manual,https://www.openstreetmap.org/way/1100947364
way,261094659,yes,1547.0,51.183542,71.44326,39.3,,manual,https://www.openstreetmap.org/way/261094659
way,1109634493,yes,1546.0,51.177197,71.506946,39.3,,manual,https://www.openstreetmap.org/way/1109634493
way,916153708,yes,1545.0,51.127497,71.365081,39.3,,manual,https://www.openstreetmap.org/way/916153708
way,1104676405,yes,1543.0,51.201371,71.436097,39.3,,manual,https://www.openstreetmap.org/way/1104676405
way,570352946,yes,1540.0,51.197669,71.478984,39.2,,manual,https://www.openstreetmap.org/way/570352946
way,1057097469,yes,1539.0,51.175675,71.546794,39.2,,manual,https://www.openstreetmap.org/way/1057097469
way,842263433,yes,1538.0,51.199402,71.466041,39.2,,manual,https://www.openstreetmap.org/way/842263433
way,1106016757,yes,1537.0,51.22082,71.327573,39.2,,manual,https://www.openstreetmap.org/way/1106016757
way,1087935119,yes,1536.0,51.166459,71.401684,39.2,,manual,https://www.openstreetmap.org/way/1087935119
way,1102541486,yes,1535.0,51.196929,71.480388,39.2,,manual,https://www.openstreetmap.org/way/1102541486
relation,8466556,yes,1533.0,51.146881,71.474911,39.2,,manual,https://www.openstreetmap.org/relation/8466556
way,243299230,industrial,1533.0,51.219962,71.335843,39.2,,manual,https://www.openstreetmap.org/way/243299230
way,918112833,yes,1533.0,51.146766,71.368645,39.2,,manual,https://www.openstreetmap.org/way/918112833
way,525846223,yes,1531.0,51.196839,71.476628,39.1,,manual,https://www.openstreetmap.org/way/525846223
way,1104676511,yes,1531.0,51.194087,71.464911,39.1,,manual,https://www.openstreetmap.org/way/1104676511
way,578369849,yes,1531.0,51.148436,71.362876,39.1,,manual,https://www.openstreetmap.org/way/578369849
way,1431634819,yes,1523.0,51.073313,71.393039,39.0,,manual,https://www.openstreetmap.org/way/1431634819
way,243068973,yes,1523.0,51.154151,71.440625,39.0,,manual,https://www.openstreetmap.org/way/243068973
way,842263430,yes,1522.0,51.198892,71.464837,39.0,,manual,https://www.openstreetmap.org/way/842263430
way,1100947361,yes,1522.0,51.142912,71.514985,39.0,,manual,https://www.openstreetmap.org/way/1100947361
way,583447189,yes,1520.0,51.179187,71.494012,39.0,,manual,https://www.openstreetmap.org/way/583447189
way,924307088,yes,1516.0,51.203114,71.358769,38.9,,manual,https://www.openstreetmap.org/way/924307088
way,1086421931,yes,1514.0,51.222745,71.325939,38.9,,manual,https://www.openstreetmap.org/way/1086421931
way,916153706,yes,1512.0,51.12801,71.365144,38.9,,manual,https://www.openstreetmap.org/way/916153706
way,1110018203,yes,1512.0,51.234951,71.363292,38.9,,manual,https://www.openstreetmap.org/way/1110018203
way,240502694,yes,1512.0,51.145575,71.449623,38.9,,manual,https://www.openstreetmap.org/way/240502694
way,240502690,yes,1511.0,51.145205,71.449002,38.9,,manual,https://www.openstreetmap.org/way/240502690
way,240502696,yes,1511.0,51.144892,71.447828,38.9,,manual,https://www.openstreetmap.org/way/240502696
way,1113154712,yes,1510.0,51.224708,71.563274,38.9,,manual,https://www.openstreetmap.org/way/1113154712
way,240502692,yes,1510.0,51.145357,71.447139,38.9,,manual,https://www.openstreetmap.org/way/240502692
way,240502693,yes,1510.0,51.145669,71.448301,38.9,,manual,https://www.openstreetmap.org/way/240502693
way,374729302,yes,1510.0,51.161636,71.408367,38.9,,manual,https://www.openstreetmap.org/way/374729302
way,727416417,yes,1509.0,51.244953,71.371802,38.8,,manual,https://www.openstreetmap.org/way/727416417
way,258882863,industrial,1509.0,51.215012,71.34405,38.8,,manual,https://www.openstreetmap.org/way/258882863
way,1102228934,yes,1509.0,51.133017,71.31046,38.8,,manual,https://www.openstreetmap.org/way/1102228934
way,1104676341,yes,1508.0,51.188049,71.493084,38.8,,manual,https://www.openstreetmap.org/way/1104676341
way,570351003,yes,1508.0,51.224673,71.400814,38.8,,manual,https://www.openstreetmap.org/way/570351003
way,355399813,industrial,1507.0,51.183036,71.395503,38.8,,manual,https://www.openstreetmap.org/way/355399813
way,243299219,industrial,1506.0,51.212924,71.352532,38.8,,manual,https://www.openstreetmap.org/way/243299219
way,240706680,yes,1506.0,51.145936,71.49766,38.8,,manual,https://www.openstreetmap.org/way/240706680
way,1081420765,yes,1505.0,51.07238,71.391364,38.8,,manual,https://www.openstreetmap.org/way/1081420765
way,562963842,yes,1503.0,51.13249,71.501983,38.8,,manual,https://www.openstreetmap.org/way/562963842
way,258567842,yes,1503.0,51.249769,71.371251,38.8,,manual,https://www.openstreetmap.org/way/258567842
way,842263432,yes,1503.0,51.199227,71.465666,38.8,,manual,https://www.openstreetmap.org/way/842263432
way,259505137,industrial,1502.0,51.207835,71.487291,38.8,,manual,https://www.openstreetmap.org/way/259505137
way,570350982,yes,1502.0,51.247525,71.375134,38.8,,manual,https://www.openstreetmap.org/way/570350982
way,258120797,yes,1499.0,51.171709,71.465924,38.7,,manual,https://www.openstreetmap.org/way/258120797
way,240376697,yes,1499.0,51.171956,71.433649,38.7,,manual,https://www.openstreetmap.org/way/240376697
way,261094640,yes,1499.0,51.182942,71.434997,38.7,,manual,https://www.openstreetmap.org/way/261094640
way,1104051493,yes,1499.0,51.230886,71.386283,38.7,,manual,https://www.openstreetmap.org/way/1104051493
way,1513408226,yes,1498.0,51.111664,71.539739,38.7,,manual,https://www.openstreetmap.org/way/1513408226
way,842263435,yes,1497.0,51.199732,71.466874,38.7,,manual,https://www.openstreetmap.org/way/842263435
way,242016657,yes,1497.0,51.167492,71.487188,38.7,,manual,https://www.openstreetmap.org/way/242016657
way,1107060060,yes,1496.0,51.209905,71.360771,38.7,,manual,https://www.openstreetmap.org/way/1107060060
way,258505856,yes,1495.0,51.180887,71.493473,38.7,,manual,https://www.openstreetmap.org/way/258505856
way,1103224656,yes,1493.0,51.080225,71.389831,38.6,,manual,https://www.openstreetmap.org/way/1103224656
relation,15766352,yes,1492.0,51.171265,71.367574,38.6,,manual,https://www.openstreetmap.org/relation/15766352
way,259181863,industrial,1491.0,51.215684,71.524854,38.6,,manual,https://www.openstreetmap.org/way/259181863
way,258628225,yes,1490.0,51.158871,71.520544,38.6,,manual,https://www.openstreetmap.org/way/258628225
way,242012185,yes,1490.0,51.187664,71.474072,38.6,,manual,https://www.openstreetmap.org/way/242012185
way,925184245,yes,1490.0,51.167679,71.521322,38.6,,manual,https://www.openstreetmap.org/way/925184245
way,257237405,garage,1489.0,51.175145,71.37673,38.6,,manual,https://www.openstreetmap.org/way/257237405
way,424894659,yes,1488.0,51.169318,71.438,38.6,,manual,https://www.openstreetmap.org/way/424894659
way,258113676,yes,1486.0,51.175829,71.464438,38.6,,manual,https://www.openstreetmap.org/way/258113676
way,243286636,yes,1483.0,51.198282,71.4248,38.5,,manual,https://www.openstreetmap.org/way/243286636
relation,8466551,yes,1483.0,51.1465,71.471503,38.5,,manual,https://www.openstreetmap.org/relation/8466551
way,1424658344,yes,1483.0,51.128474,71.402403,38.5,,manual,https://www.openstreetmap.org/way/1424658344
way,1101642558,yes,1482.0,51.062005,71.404045,38.5,,manual,https://www.openstreetmap.org/way/1101642558
way,258113701,yes,1482.0,51.178812,71.456132,38.5,,manual,https://www.openstreetmap.org/way/258113701
way,918112804,yes,1482.0,51.152884,71.408749,38.5,,manual,https://www.openstreetmap.org/way/918112804
way,258110024,yes,1482.0,51.170098,71.460703,38.5,,manual,https://www.openstreetmap.org/way/258110024
way,580351255,yes,1479.0,51.184778,71.441417,38.5,,manual,https://www.openstreetmap.org/way/580351255
way,701741537,yes,1479.0,51.048359,71.438645,38.5,,manual,https://www.openstreetmap.org/way/701741537
relation,14518370,yes,1478.0,51.099975,71.456004,38.4,,manual,https://www.openstreetmap.org/relation/14518370
way,1107060032,yes,1477.0,51.219451,71.348318,38.4,,manual,https://www.openstreetmap.org/way/1107060032
way,1279112737,yes,1476.0,51.104657,71.400628,38.4,,manual,https://www.openstreetmap.org/way/1279112737
way,842263434,yes,1474.0,51.199579,71.466461,38.4,,manual,https://www.openstreetmap.org/way/842263434
way,918531947,yes,1473.0,51.140411,71.459997,38.4,,manual,https://www.openstreetmap.org/way/918531947
way,258143050,yes,1472.0,51.172986,71.475716,38.4,,manual,https://www.openstreetmap.org/way/258143050
way,1077499594,yes,1472.0,51.10103,71.49622,38.4,,manual,https://www.openstreetmap.org/way/1077499594
way,258120753,yes,1472.0,51.174148,71.457397,38.4,,manual,https://www.openstreetmap.org/way/258120753
way,577028045,yes,1470.0,51.144173,71.398832,38.3,,manual,https://www.openstreetmap.org/way/577028045
way,1105250667,yes,1468.0,51.145159,71.349729,38.3,,manual,https://www.openstreetmap.org/way/1105250667
way,258145108,yes,1468.0,51.153748,71.494285,38.3,,manual,https://www.openstreetmap.org/way/258145108
way,1179763101,yes,1467.0,51.119512,71.638639,38.3,,manual,https://www.openstreetmap.org/way/1179763101
way,258110015,yes,1467.0,51.16969,71.461806,38.3,,manual,https://www.openstreetmap.org/way/258110015
way,258536420,yes,1466.0,51.186128,71.488816,38.3,,manual,https://www.openstreetmap.org/way/258536420
way,257237389,garage,1466.0,51.17678,71.378993,38.3,,manual,https://www.openstreetmap.org/way/257237389
way,1109634560,yes,1466.0,51.196161,71.477729,38.3,,manual,https://www.openstreetmap.org/way/1109634560
way,917669377,yes,1465.0,51.143579,71.513447,38.3,,manual,https://www.openstreetmap.org/way/917669377
way,1102359935,yes,1464.0,51.158511,71.484577,38.3,,manual,https://www.openstreetmap.org/way/1102359935
relation,14550062,yes,1463.0,51.147279,71.393352,38.3,,manual,https://www.openstreetmap.org/relation/14550062
way,440235895,yes,1461.0,51.157494,71.454308,38.2,,manual,https://www.openstreetmap.org/way/440235895
way,918531952,yes,1460.0,51.147375,71.44767,38.2,,manual,https://www.openstreetmap.org/way/918531952
way,1105250665,yes,1460.0,51.145267,71.353713,38.2,,manual,https://www.openstreetmap.org/way/1105250665
way,241592525,yes,1460.0,51.196854,71.399563,38.2,,manual,https://www.openstreetmap.org/way/241592525
way,918231291,yes,1459.0,51.144979,71.435834,38.2,,manual,https://www.openstreetmap.org/way/918231291
way,258120803,yes,1457.0,51.176247,71.456347,38.2,,manual,https://www.openstreetmap.org/way/258120803
way,1076768825,yes,1457.0,51.086206,71.449426,38.2,,manual,https://www.openstreetmap.org/way/1076768825
way,1292595021,yes,1456.0,51.118973,71.257342,38.2,,manual,https://www.openstreetmap.org/way/1292595021
way,1104766630,yes,1454.0,51.176076,71.478017,38.1,,manual,https://www.openstreetmap.org/way/1104766630
way,918112830,yes,1452.0,51.152814,71.398715,38.1,,manual,https://www.openstreetmap.org/way/918112830
way,257237395,garage,1452.0,51.173411,71.375917,38.1,,manual,https://www.openstreetmap.org/way/257237395
way,1104676394,yes,1449.0,51.199239,71.443625,38.1,,manual,https://www.openstreetmap.org/way/1104676394
way,1076775772,yes,1448.0,51.077088,71.395994,38.1,,manual,https://www.openstreetmap.org/way/1076775772
way,1109634481,yes,1447.0,51.197332,71.461565,38.0,,manual,https://www.openstreetmap.org/way/1109634481
way,1190550008,yes,1446.0,51.107726,71.5124,38.0,,manual,https://www.openstreetmap.org/way/1190550008
way,570351000,yes,1446.0,51.227277,71.395895,38.0,,manual,https://www.openstreetmap.org/way/570351000
way,1105250600,yes,1445.0,51.169958,71.368322,38.0,,manual,https://www.openstreetmap.org/way/1105250600
way,917348865,yes,1444.0,51.128468,71.4929,38.0,,manual,https://www.openstreetmap.org/way/917348865
way,800126408,yes,1444.0,51.145054,71.394774,38.0,,manual,https://www.openstreetmap.org/way/800126408
way,577099468,yes,1443.0,51.166851,71.378507,38.0,,manual,https://www.openstreetmap.org/way/577099468
way,51488512,yes,1442.0,51.205413,71.401676,38.0,,manual,https://www.openstreetmap.org/way/51488512
way,1353681581,yes,1440.0,51.116485,71.514767,38.0,,manual,https://www.openstreetmap.org/way/1353681581
way,1037291033,yes,1439.0,51.07858,71.382499,37.9,,manual,https://www.openstreetmap.org/way/1037291033
way,1431634824,yes,1438.0,51.097759,71.392933,37.9,,manual,https://www.openstreetmap.org/way/1431634824
way,506220820,yes,1438.0,51.019554,71.449994,37.9,,manual,https://www.openstreetmap.org/way/506220820
way,258143068,yes,1438.0,51.172194,71.477147,37.9,,manual,https://www.openstreetmap.org/way/258143068
way,922029052,yes,1437.0,51.175028,71.491747,37.9,,manual,https://www.openstreetmap.org/way/922029052
way,1105503938,yes,1436.0,51.17568,71.382053,37.9,,manual,https://www.openstreetmap.org/way/1105503938
way,506201808,retail,359.0,51.17321,71.438942,37.9,,manual,https://www.openstreetmap.org/way/506201808
way,242016676,yes,1433.0,51.188706,71.448225,37.9,,manual,https://www.openstreetmap.org/way/242016676
way,258904665,industrial,1433.0,51.210814,71.351231,37.9,,manual,https://www.openstreetmap.org/way/258904665
way,1106016783,yes,1431.0,51.221911,71.32538,37.8,,manual,https://www.openstreetmap.org/way/1106016783
way,1100947261,yes,1430.0,51.123147,71.528981,37.8,,manual,https://www.openstreetmap.org/way/1100947261
way,1548133825,yes,1428.0,51.09761,71.395652,37.8,,manual,https://www.openstreetmap.org/way/1548133825
way,737833569,yes,1427.0,51.216524,71.338683,37.8,,manual,https://www.openstreetmap.org/way/737833569
way,1096313731,yes,1427.0,51.118978,71.391413,37.8,,manual,https://www.openstreetmap.org/way/1096313731
way,1104766579,yes,1427.0,51.167105,71.532084,37.8,,manual,https://www.openstreetmap.org/way/1104766579
way,241660494,kindergarten,357.0,51.137963,71.421006,37.8,,manual,https://www.openstreetmap.org/way/241660494
way,258536428,yes,1426.0,51.186926,71.490717,37.8,,manual,https://www.openstreetmap.org/way/258536428
way,1100946484,yes,1426.0,51.127893,71.486532,37.8,,manual,https://www.openstreetmap.org/way/1100946484
relation,14512423,yes,1425.0,51.0979,71.416733,37.8,,manual,https://www.openstreetmap.org/relation/14512423
way,578369830,yes,1425.0,51.153753,71.342899,37.7,,manual,https://www.openstreetmap.org/way/578369830
way,258943917,industrial,1424.0,51.21643,71.348409,37.7,,manual,https://www.openstreetmap.org/way/258943917
way,1077499663,yes,1422.0,51.089295,71.483507,37.7,,manual,https://www.openstreetmap.org/way/1077499663
way,258120773,yes,1422.0,51.172378,71.466028,37.7,,manual,https://www.openstreetmap.org/way/258120773
way,426105080,yes,1422.0,51.16836,71.536613,37.7,,manual,https://www.openstreetmap.org/way/426105080
way,1106016776,yes,1421.0,51.219552,71.324948,37.7,,manual,https://www.openstreetmap.org/way/1106016776
way,258228663,garages,1420.0,51.040602,71.432289,37.7,,manual,https://www.openstreetmap.org/way/258228663
way,258163656,yes,1420.0,51.031496,71.464288,37.7,,manual,https://www.openstreetmap.org/way/258163656
way,258513342,yes,1420.0,51.179694,71.482405,37.7,,manual,https://www.openstreetmap.org/way/258513342
way,919079929,yes,1418.0,51.142733,71.468669,37.7,,manual,https://www.openstreetmap.org/way/919079929
way,916234782,yes,1415.0,51.153347,71.41011,37.6,,manual,https://www.openstreetmap.org/way/916234782
way,915749360,yes,1415.0,51.04301,71.427606,37.6,,manual,https://www.openstreetmap.org/way/915749360
way,560039510,yes,1415.0,51.14666,71.410517,37.6,,manual,https://www.openstreetmap.org/way/560039510
way,241594901,yes,1415.0,51.18319,71.438615,37.6,,manual,https://www.openstreetmap.org/way/241594901
way,1077924882,yes,1415.0,51.146468,71.354196,37.6,,manual,https://www.openstreetmap.org/way/1077924882
way,426120374,industrial,1413.0,51.172761,71.400332,37.6,,manual,https://www.openstreetmap.org/way/426120374
way,216575958,industrial,1412.0,51.198865,71.431202,37.6,,manual,https://www.openstreetmap.org/way/216575958
way,259181856,industrial,1412.0,51.21751,71.520628,37.6,,manual,https://www.openstreetmap.org/way/259181856
way,258614624,yes,1410.0,51.117317,71.641027,37.6,,manual,https://www.openstreetmap.org/way/258614624
way,112368507,yes,1407.0,51.153707,71.484936,37.5,,manual,https://www.openstreetmap.org/way/112368507
way,112366527,yes,1404.0,51.154118,71.478288,37.5,,manual,https://www.openstreetmap.org/way/112366527
way,1513408225,yes,1403.0,51.111919,71.538287,37.5,,manual,https://www.openstreetmap.org/way/1513408225
way,260815069,yes,1402.0,51.182121,71.356278,37.4,,manual,https://www.openstreetmap.org/way/260815069
way,918589071,yes,1402.0,51.121768,71.53067,37.4,,manual,https://www.openstreetmap.org/way/918589071
way,570351015,yes,1402.0,51.222695,71.385408,37.4,,manual,https://www.openstreetmap.org/way/570351015
way,241584522,yes,1400.0,51.190966,71.333333,37.4,,manual,https://www.openstreetmap.org/way/241584522
way,583447173,yes,1400.0,51.183169,71.500738,37.4,,manual,https://www.openstreetmap.org/way/583447173
way,261094656,yes,1398.0,51.183999,71.44303,37.4,,manual,https://www.openstreetmap.org/way/261094656
way,1100947362,yes,1398.0,51.142264,71.516651,37.4,,manual,https://www.openstreetmap.org/way/1100947362
way,258147798,yes,1397.0,51.160554,71.480172,37.4,,manual,https://www.openstreetmap.org/way/258147798
way,1124567271,yes,1396.0,51.228399,71.396703,37.4,,manual,https://www.openstreetmap.org/way/1124567271
way,1104400508,yes,1395.0,51.207405,71.336998,37.3,,manual,https://www.openstreetmap.org/way/1104400508
way,1101023646,yes,1394.0,51.129781,71.495887,37.3,,manual,https://www.openstreetmap.org/way/1101023646
way,1107060006,yes,1393.0,51.203954,71.328525,37.3,,manual,https://www.openstreetmap.org/way/1107060006
way,51340079,yes,1391.0,51.177758,71.455634,37.3,,manual,https://www.openstreetmap.org/way/51340079
relation,8710571,yes,1390.0,51.151231,71.468034,37.3,,manual,https://www.openstreetmap.org/relation/8710571
way,258882869,industrial,1390.0,51.215251,71.342221,37.3,,manual,https://www.openstreetmap.org/way/258882869
way,1117058405,yes,1390.0,51.142276,71.556696,37.3,,manual,https://www.openstreetmap.org/way/1117058405
way,1479491288,yes,1389.0,51.120371,71.359015,37.3,,manual,https://www.openstreetmap.org/way/1479491288
way,1124566842,yes,1389.0,51.209724,71.426283,37.3,,manual,https://www.openstreetmap.org/way/1124566842
way,506219747,yes,1389.0,51.181023,71.504713,37.3,,manual,https://www.openstreetmap.org/way/506219747
way,258904674,industrial,1389.0,51.21486,71.342871,37.3,,manual,https://www.openstreetmap.org/way/258904674
way,1101642559,yes,1389.0,51.061518,71.404816,37.3,,manual,https://www.openstreetmap.org/way/1101642559
way,240909209,yes,1388.0,51.139611,71.408487,37.3,,manual,https://www.openstreetmap.org/way/240909209
way,243299221,yes,1387.0,51.174125,71.344999,37.2,,manual,https://www.openstreetmap.org/way/243299221
way,240706698,yes,1386.0,51.158057,71.498781,37.2,,manual,https://www.openstreetmap.org/way/240706698
way,919012395,yes,1386.0,51.101223,71.392832,37.2,,manual,https://www.openstreetmap.org/way/919012395
way,258242358,yes,1385.0,51.045459,71.42359,37.2,,manual,https://www.openstreetmap.org/way/258242358
way,1105503818,yes,1385.0,51.166116,71.465963,37.2,,manual,https://www.openstreetmap.org/way/1105503818
way,258140966,yes,1384.0,51.162285,71.489242,37.2,,manual,https://www.openstreetmap.org/way/258140966
way,1105503882,yes,1383.0,51.180508,71.430781,37.2,,manual,https://www.openstreetmap.org/way/1105503882
way,1104766601,yes,1382.0,51.181254,71.467129,37.2,,manual,https://www.openstreetmap.org/way/1104766601
